 y; x1; x2; x3; x4; x5; x6; x7; x8; x9; x10
-17,32806962877845; 0,50535530410707; 0,15662319539114833; 0,28256604727357626; 0,545040805824101; 0,9886328601278365; 0,09102824376896024; 0,9301599953323603; 0,3572767274454236; 0,11908363783732057; 0,3957458189688623
-17,698140684418966; 0,4919665530323982; 0,5841354480944574; 0,41050177020952106; 0,4395775650627911; 0,5063679493032396; 0,35459229396656156; 0,5279979892075062; 0,7174883633852005; 0,2349339216016233; 0,32398246182128787
-17,657338744023118; 0,5079461224377155; 0,3708901107311249; 0,27646165527403355; 0,5702766766771674; 0,3330051493830979; 0,6180811417289078; 0,9103480903431773; 0,5848714760504663; 0,2449488453567028; 0,4541385592892766
-17,699591533971027; 0,970079914201051; 0,7370762107893825; 0,14504144247621298; 0,26320649683475494; 0,008629163261502981; 0,21689252415671945; 0,0974970068782568; 0,3431597067974508; 0,9742479394190013; 0,9875235622748733
-17,691944971155397; 0,28145221155136824; 0,8312580832280219; 0,43600501399487257; 0,8754690350033343; 0,7625375213101506; 0,49178855028003454; 0,8860797383822501; 0,9617552771233022; 0,5983256390318274; 0,7940792958252132
-17,51275009399666; 0,5984744322486222; 0,764082929585129; 0,021563435439020395; 0,5370854851789773; 0,7364590018987656; 0,662179718259722; 0,5209656390361488; 0,9966417197138071; 0,02657245798036456; 0,5435482785105705
-17,68476001099893; 0,9922931776382029; 0,12326162913814187; 0,451915820594877; 0,8433670536614954; 0,12229156494140625; 0,4383597858250141; 0,5213564597070217; 0,3956359219737351; 0,056360690388828516; 0,738792463671416
-17,675781540468275; 0,5214874125085771; 0,6397203132510185; 0,757591282017529; 0,43903996888548136; 0,956899113021791; 0,44572018599137664; 0,24857021123170853; 0,4099521925672889; 0,15215240605175495; 0,5036765797995031
-17,67121211348553; 0,6762455524876714; 0,3127866485156119; 0,929484118707478; 0,9202128904871643; 0,7099390858784318; 0,4497588500380516; 0,04284553835168481; 0,4707727152854204; 0,22632052283734083; 0,31861009960994124
-17,700430076465537; 0,8972917576320469; 0,7190057230181992; 0,0018674936145544052; 0,8253707285039127; 0,5661681173369288; 0,6867069494910538; 0,48632531240582466; 0,9542835461907089; 0,9045124906115234; 0,15910827228799462
-17,405683429658534; 0,6709135351702571; 0,001121015753597021; 0,5873186402022839; 0,396927185356617; 0,7816733275540173; 0,510333389043808; 0,7563534616492689; 0,29922345047816634; 0,34529912658035755; 0,948359590023756
-17,24988216574019; 0,1901620547287166; 0,6990939313545823; 0,7806141646578908; 0,036424103658646345; 0,2893154318444431; 0,2788707707077265; 0,200755731202662; 0,6332731395959854; 0,423275716137141; 0,04592036781832576
-17,693306266506575; 0,11085905320942402; 0,3112610401585698; 0,9888898958452046; 0,9906233078800142; 0,9218170526437461; 0,820413613691926; 0,06628928892314434; 0,15525498148053885; 0,17906088521704078; 0,7937631057575345
-17,30239592490268; 0,10040225787088275; 0,787324137520045; 0,32707946514710784; 0,22113913903012872; 0,742608267813921; 0,03009709296748042; 0,5559362480416894; 0,3224124959670007; 0,18911886308342218; 0,5857086419127882
-17,608440334843706; 0,5784302749671042; 0,5410562860779464; 0,9151635919697583; 0,9635004019364715; 0,7638321188278496; 0,36240494018420577; 0,9665470765903592; 0,24493007035925984; 0,6627980484627187; 0,7560481959953904
-17,694908176002716; 0,29054461419582367; 0,908515099901706; 0,16372299659997225; 0,5399461803026497; 0,7854856299236417; 0,509190188255161; 0,8977804761379957; 0,6285057980567217; 0,7661956972442567; 0,5835125176236033
-17,694190038356773; 0,8376504722982645; 0,3441038238815963; 0,7144926367327571; 0,1700480836443603; 0,49504124838858843; 0,6242196736857295; 0,4306535953655839; 0,02718806080520153; 0,6319557703100145; 0,34399966849014163
-17,48665106847222; 0,8016450200229883; 0,3954164972528815; 0,9792681499384344; 0,12741416739299893; 0,16189845697954297; 0,6128357839770615; 0,9244637433439493; 0,23581858538091183; 0,5195269910618663; 0,0581878493539989
-17,683208948310874; 0,6867994545027614; 0,40476776380091906; 0,12445375742390752; 0,23114513605833054; 0,017444982659071684; 0,5843700151890516; 0,4146683500148356; 0,19844779651612043; 0,5515985107049346; 0,8236778690479696
-17,631605918065443; 0,5197653626091778; 0,8607101417146623; 0,9891569796018302; 0,7919821036048234; 0,20681339502334595; 0,32127336552366614; 0,3909300402738154; 0,3326758248731494; 0,9244778268039227; 0,28498237067833543
-17,263212305040618; 0,7028999482281506; 0,7155582490377128; 0,061002406757324934; 0,8840820482000709; 0,853907355107367; 0,10517314681783319; 0,9815121223218739; 0,5076792323961854; 0,5863056597299874; 0,9123484254814684
-17,69886171386472; 0,1878130566328764; 0,04286292055621743; 0,36602378776296973; 0,7890028022229671; 0,3608015892095864; 0,6246022586710751; 0,36900534201413393; 0,4612093260511756; 0,750161909032613; 0,4420131812803447
-17,264441274930363; 0,5884580267593265; 0,43285560328513384; 0,9831995819695294; 0,7106769746169448; 0,045157105196267366; 0,10030008666217327; 0,4601676557213068; 0,7130304276943207; 0,7778720054775476; 0,7065076194703579
-17,63270951309918; 0,6734767290763557; 0,3254700698889792; 0,5013124174438417; 0,8462766637094319; 0,19876917824149132; 0,9433365962468088; 0,75411122944206; 0,21069182269275188; 0,07178121712058783; 0,08626004075631499
-17,683035851270013; 0,7373937307856977; 0,9660831913352013; 0,9029352567158639; 0,3460447764955461; 0,7907528816722333; 0,7092632614076138; 0,3925034939311445; 0,5550735769793391; 0,19904867513105273; 0,08384132152423263
-17,34444262897402; 0,657931481488049; 0,92714655213058; 0,476277285721153; 0,8467678432352841; 0,00351834949105978; 0,1536671668291092; 0,20653505297377706; 0,7649607351049781; 0,9634760278277099; 0,3973438888788223
-17,661096969159857; 0,6697037923149765; 0,7948985495604575; 0,06236466905102134; 0,661290074698627; 0,5613445448689163; 0,7156947166658938; 0,005771199706941843; 0,9793729647062719; 0,8362507242709398; 0,8673815736547112
-17,335072573484613; 0,06011128565296531; 0,20945049496367574; 0,2763729873113334; 0,9910753392614424; 0,9116309876553714; 0,15769171621650457; 0,42507205344736576; 0,16326299030333757; 0,7711261450313032; 0,121864746324718
-17,524438421682923; 0,9968050508759916; 0,5400924710556865; 0,04109591757878661; 0,5039929477497935; 0,04024986317381263; 0,6156073813326657; 0,738848646171391; 0,07020042510703206; 0,45832334691658616; 0,16410690546035767
-17,261177429471417; 0,7452581287361681; 0,4173713787458837; 0,7312328615225852; 0,5244984114542603; 0,4438394666649401; 0,8638558103702962; 0,9634008877910674; 0,36510596331208944; 0,8392040166072547; 0,14940880332142115
-17,339128330376052; 0,8589709345251322; 0,2338725021108985; 0,3631474622525275; 0,528039378579706; 0,43787577701732516; 0,7014033757150173; 0,3370110094547272; 0,7391022946685553; 0,03753199055790901; 0,7597928177565336
-17,596288692182938; 0,6541629252023995; 0,7037259065546095; 0,37881925236433744; 0,6795430337078869; 0,6966957985423505; 0,23826092993840575; 0,5618473161011934; 0,5877688471227884; 0,9432814321480691; 0,21907469350844622
-17,696005906834408; 0,1177999242208898; 0,28566328762099147; 0,4311389643698931; 0,9878518469631672; 0,6348100062459707; 0,8836423261091113; 0,4531804760918021; 0,5932146734558046; 0,13939040806144476; 0,4486250667832792
-17,633911320409055; 0,1041019563563168; 0,41552339354529977; 0,1918391571380198; 0,5420243348926306; 0,6333862240426242; 0,20703619252890348; 0,89929492585361; 0,49113359954208136; 0,9486431395635009; 0,7714079227298498
-17,324983704679482; 0,8903296734206378; 0,2873438708484173; 0,4111822531558573; 0,4795187241397798; 0,9863606700673699; 0,8078554556705058; 0,7464581253007054; 0,7823612643405795; 0,14537590043619275; 0,5883974698372185
-17,6972370839408; 0,5888573420234025; 0,09726025769487023; 0,5257800775580108; 0,09808593429625034; 0,4574208748526871; 0,366056380327791; 0,09096660325303674; 0,9371742722578347; 0,33613568637520075; 0,6435219859704375
-17,318985190509366; 0,9965411922894418; 0,2674031965434551; 0,4594989060424268; 0,2482439698651433; 0,16825130209326744; 0,7922299602068961; 0,70247498806566; 0,9192621167749166; 0,33536976715549827; 0,8868771982379258
-17,178810665719713; 0,9802718851715326; 0,7146364105865359; 0,21073951153084636; 0,5209337659180164; 0,902398678008467; 0,7641480597667396; 0,4373127380385995; 0,20948532223701477; 0,8069584644399583; 0,9593772846274078
-17,699106613216003; 0,024570137728005648; 0,20504630310460925; 0,35990330623462796; 0,39642507722601295; 0,19808418303728104; 0,9111874368973076; 0,6321692666970193; 0,1475441693328321; 0,7334962696768343; 0,307916303165257
-17,27046501696236; 0,2570178918540478; 0,30718652391806245; 0,775998747907579; 0,07990796258673072; 0,04205664712935686; 0,3515944518148899; 0,6349102831445634; 0,0645462516695261; 0,22904482949525118; 0,44206161983311176
-17,563831023610717; 0,6000562496483326; 0,7222951240837574; 0,5862080357037485; 0,6895701843313873; 0,7622625469230115; 0,22502401610836387; 0,13390960730612278; 0,6838818239048123; 0,44122880743816495; 0,566094548907131
-17,698454399947483; 0,5527717070654035; 0,7094741277396679; 0,40427287109196186; 0,6711061303503811; 0,20415374543517828; 0,5061579262837768; 0,08233222598209977; 0,8280810206197202; 0,9874682235531509; 0,8818806172348559
-17,6135366770763; 0,4124436229467392; 0,3227983103133738; 0,9784614308737218; 0,05134571669623256; 0,7901851935312152; 0,5621542423032224; 0,590254686307162; 0,7417835658416152; 0,23327016783878207; 0,9966206420212984
-17,43412991073051; 0,7423542989417911; 0,1846678159199655; 0,6593194990418851; 0,2587704472243786; 0,6667208718135953; 0,7184223094955087; 0,34202653309330344; 0,8836728930473328; 0,22481595212593675; 0,8582601603120565
-17,696393024439825; 0,9589548902586102; 0,8339736815541983; 0,5035617435351014; 0,9246116913855076; 0,9072591294534504; 0,7791543300263584; 0,04769068770110607; 0,47706298250705004; 0,513803519308567; 0,9406717992387712
-17,69344022326206; 0,33976397709921; 0,1709579611197114; 0,9278706824406981; 0,38340180879458785; 0,8884516218677163; 0,8386781681329012; 0,4918131111189723; 0,16553727723658085; 0,2733290530741215; 0,058218313846737146
-17,37783802644681; 0,28491230215877295; 0,40055235754698515; 0,8977688122540712; 0,8132235100492835; 0,09396902611479163; 0,16598136397078633; 0,4356569852679968; 0,7668578843586147; 0,6870330031961203; 0,41921171685680747
-17,462294784094354; 0,2391749774105847; 0,49723407765850425; 0,856078673619777; 0,22745486814528704; 0,826100763399154; 0,971791360527277; 0,1123489853926003; 0,9562224159017205; 0,9846178684383631; 0,2481431607156992
-17,212116994588797; 0,20884352084249258; 0,5895847473293543; 0,07896068459376693; 0,10068062460049987; 0,6018869481049478; 0,4536407575942576; 0,8421423127874732; 0,9994582897052169; 0,8120687459595501; 0,7065410520881414
-17,69463596716686; 0,8405766179785132; 0,7892533894628286; 0,09709469741210341; 0,32299896562471986; 0,023146250750869513; 0,6693527549505234; 0,4173189769499004; 0,7257835827767849; 0,8518026298843324; 0,6433992693200707
-17,44661351879902; 0,3982829502783716; 0,7284080483950675; 0,11409204406663775; 0,0861625699326396; 0,8624363364651799; 0,6302009606733918; 0,08500841306522489; 0,4596796385012567; 0,9295875779353082; 0,919541266746819
-17,337953812531396; 0,9035201421938837; 0,9940956700593233; 0,8486130428500473; 0,04286513803526759; 0,5234254482202232; 0,5741326780989766; 0,7433310663327575; 0,4916682238690555; 0,007582474034279585; 0,25227659894153476
-17,695040337731914; 0,6629762127995491; 0,23157691536471248; 0,7357284324243665; 0,3308623661287129; 0,23091513523831964; 0,2727850954979658; 0,23588430974632502; 0,9500275026075542; 0,1404053238220513; 0,8095001303590834
-17,38480640304476; 0,8950600405223668; 0,7471996787935495; 0,06551205925643444; 0,019019982777535915; 0,9577936423011124; 0,03256661584600806; 0,19737478718161583; 0,7670376230962574; 0,7485548770055175; 0,0156895793043077
-17,697007143980652; 0,0613250806927681; 0,18091402715072036; 0,6018405579961836; 0,7457331838086247; 0,16329927928745747; 0,516562586184591; 0,5583010879345238; 0,4494173163548112; 0,20844471221789718; 0,3578915912657976
-17,697659639244744; 0,6995507050305605; 0,6566277993842959; 0,4711259324103594; 0,8317380310036242; 0,7848861697129905; 0,6544778412207961; 0,01210084930062294; 0,687554981559515; 0,0398135487921536; 0,9517125422134995
-17,70058879700194; 0,22323176497593522; 0,5833946922793984; 0,090571747161448; 0,9924801313318312; 0,9164798343554139; 0,7043250072747469; 0,8736213482916355; 0,7255496424622834; 0,6302983341738582; 0,3787004523910582
-17,689951357000897; 0,5725877513177693; 0,7754728896543384; 0,7479957886971533; 0,2944437628611922; 0,43818626506254077; 0,6148276147432625; 0,7791286115534604; 0,5353793636895716; 0,6248993603512645; 0,16244954010471702
-17,400948559272248; 0,2823808114044368; 0,7080160756595433; 0,8821028769016266; 0,47859142860397696; 0,38685081200674176; 0,8268454656936228; 0,7222178839147091; 0,8926496161147952; 0,760117644444108; 0,44016019720584154
-17,696713025983566; 0,8272164510563016; 0,07803915766999125; 0,40857243724167347; 0,4160435404628515; 0,6020107734948397; 0,35876991832628846; 0,94642826449126; 0,5861543659120798; 0,9038714915513992; 0,495698023121804
-17,68985602738471; 0,7692691087722778; 0,13946542190387845; 0,8981554904021323; 0,6670489739626646; 0,09788520308211446; 0,6062705218791962; 0,07210568152368069; 0,6475367597304285; 0,7720257667824626; 0,9842014727182686
-17,660977327809704; 0,2660471238195896; 0,7758454559370875; 0,09461343474686146; 0,27965477388352156; 0,8721483508124948; 0,9629881265573204; 0,16726897656917572; 0,8363800649531186; 0,12606106512248516; 0,894899751059711
-17,69688924774167; 0,3688958389684558; 0,3760506478138268; 0,42676872247830033; 0,28246829099953175; 0,4127300512045622; 0,18160019535571337; 0,277057861443609; 0,4420194225385785; 0,3662975514307618; 0,5964631922543049
-17,691652115580485; 0,7086924691684544; 0,5197480814531446; 0,9563315426930785; 0,8868977334350348; 0,188504328019917; 0,7698632841929793; 0,6270281164906919; 0,12462386954575777; 0,12534742336720228; 0,2948743961751461
-17,694699599317328; 0,797590606380254; 0,9106472753919661; 0,49814839800819755; 0,8214977169409394; 0,4100248203612864; 0,5051156021654606; 0,7957970146089792; 0,45774502819404006; 0,652795544359833; 0,36580165661871433
-17,676376598841525; 0,3625234770588577; 0,37051757937297225; 0,07938565220683813; 0,3824500855989754; 0,31148231169208884; 0,7539650821126997; 0,2543963436037302; 0,37923695519566536; 0,7675334834493697; 0,10732048843055964
-17,582590277346878; 0,3590672826394439; 0,5910743093118072; 0,72890007449314; 0,41763286711648107; 0,4362434088252485; 0,48739189142361283; 0,06104181241244078; 0,16616904130205512; 0,1564044812694192; 0,473243722692132
-17,451066233564976; 0,4568995046429336; 0,05628466093912721; 0,464420429430902; 0,22873740829527378; 0,954509271774441; 0,7466799393296242; 0,9202913176268339; 0,6450068005360663; 0,5181549550034106; 0,03654126916080713
-17,69539598608875; 0,13808024674654007; 0,49721004674211144; 0,8287784578278661; 0,04115781560540199; 0,8825036794878542; 0,8392055789008737; 0,33556889556348324; 0,08059746865183115; 0,6674921792000532; 0,7977810157462955
-17,68385871642252; 0,6485762083902955; 0,636333579197526; 0,06068532355129719; 0,0962836341932416; 0,9647321295924485; 0,3887630635872483; 0,14791441289708018; 0,050930696073919535; 0,2450003339909017; 0,44822522532194853
-17,693035243062656; 0,7321029296144843; 0,974544957280159; 0,021539423149079084; 0,5024965889751911; 0,38642846047878265; 0,2716438234783709; 0,3664064290933311; 0,7543595270253718; 0,7704214826226234; 0,8251799787394702
-17,676109027131982; 0,9129625353962183; 0,7661595493555069; 0,8230552789755166; 0,9662513630464673; 0,6325751687400043; 0,4855508375912905; 0,1902429242618382; 0,14855730487033725; 0,020570666063576937; 0,06407774519175291
-17,567504959059132; 0,7438841052353382; 0,6552719050087035; 0,5084579102694988; 0,6614845017902553; 0,4315989362075925; 0,21741406014189124; 0,8992283153347671; 0,9651951068080962; 0,4484046306461096; 0,02545099798589945
-17,674215902436366; 0,4974036943167448; 0,18840988306328654; 0,08978476841002703; 0,057646787259727716; 0,873236917424947; 0,2004479793831706; 0,7667353488504887; 0,7697235126979649; 0,4750963458791375; 0,808593918569386
-17,204701974503603; 0,3005096837878227; 0,9240466556511819; 0,42100966162979603; 0,6410953416489065; 0,5989173254929483; 0,03052382357418537; 0,34019215032458305; 0,01859630411490798; 0,037948126904666424; 0,5493817464448512
-17,67843932532543; 0,429604756180197; 0,49207540042698383; 0,7590211955830455; 0,4219429134391248; 0,8353573041968048; 0,42437594989314675; 0,8394054593518376; 0,5945377526804805; 0,5126826865598559; 0,9447135045193136
-17,50030461339578; 0,24125009356066585; 0,2264160425402224; 0,2649280736222863; 0,4679390168748796; 0,3697253465652466; 0,8317270111292601; 0,01738028647378087; 0,1419585202820599; 0,28145051607862115; 0,9849903238937259
-17,18289155474969; 0,3808861752040684; 0,9977994048967957; 0,8726071207784116; 0,3805955396965146; 0,05685262614861131; 0,5591146848164499; 0,2850073599256575; 0,36378100980073214; 0,2379582109861076; 0,6378248087130487
-17,55192367208696; 0,35435680160298944; 0,0030564796179533005; 0,4215490692295134; 0,5416096998378634; 0,41392116667702794; 0,1680535883642733; 0,08519822405651212; 0,6626558806747198; 0,45483166398480535; 0,44958446035161614
-17,696800842541396; 0,10488530388101935; 0,6769403191283345; 0,6519478573463857; 0,4160417555831373; 0,7445017476566136; 0,2988460548222065; 0,8535412233322859; 0,7376119364053011; 0,7425125413574278; 0,9793578358367085
-17,380107516642404; 0,17399082845076919; 0,19270590227097273; 0,14157729968428612; 0,39950210275128484; 0,12102076131850481; 0,5285993465222418; 0,3202653285115957; 0,09707420319318771; 0,8686245735734701; 0,7903169170022011
-17,692599534321698; 0,4896943778730929; 0,6660809391178191; 0,521571303717792; 0,8716015983372927; 0,27353869238868356; 0,809387484099716; 0,40055811358615756; 0,6962374704889953; 0,7549564172513783; 0,6805848684161901
-17,699834486053806; 0,6222948078066111; 0,7884466648101807; 0,1870658458210528; 0,3431972675025463; 0,7374997036531568; 0,7863714639097452; 0,9843657924793661; 0,44764626352116466; 0,6628462034277618; 0,11457728268578649
-17,379507065858405; 0,11534754419699311; 0,6610548249445856; 0,5153513192199171; 0,22458396619185805; 0,12321055121719837; 0,3821227690204978; 0,5753868371248245; 0,34894618252292275; 0,07525841193273664; 0,8906364352442324
-17,673811192354854; 0,07350209867581725; 0,9343784409575164; 0,8645049687474966; 0,2355895354412496; 0,6533290222287178; 0,8256958858110011; 0,5584851643070579; 0,8093863008543849; 0,42287698946893215; 0,7207894446328282
-17,680864601446075; 0,9419777453877032; 0,6279363264329731; 0,7566531021147966; 0,33553794072940946; 0,5614449679851532; 0,1743496903218329; 0,2981547829695046; 0,21596479276195168; 0,4315002132207155; 0,32657519401982427
-17,699605336133992; 0,5073624616488814; 0,9898796668276191; 0,1431317077949643; 0,6437141550704837; 0,19021272845566273; 0,5406113718636334; 0,5507173528894782; 0,4779927795752883; 0,7698179981671274; 0,39012194564566016
-17,213743739307237; 0,19155213562771678; 0,6489759045653045; 0,9539224221371114; 0,43045008881017566; 0,07118783332407475; 0,6831209193915129; 0,9749643839895725; 0,09606267279013991; 0,7562786675989628; 0,40144880674779415
-17,66651883259049; 0,14137305784970522; 0,505908296443522; 0,6087447176687419; 0,8382122600451112; 0,48136395309120417; 0,8848832664079964; 0,8044997593387961; 0,7020499450154603; 0,11507155979052186; 0,7597727966494858
-17,5794306704478; 0,5730352653190494; 0,9264028486795723; 0,3526813667267561; 0,6046573244966567; 0,6092968392185867; 0,20164598850533366; 0,13423668360337615; 0,9328564153984189; 0,6386260655708611; 0,40909601375460625
-17,649721766912858; 0,6308841155841947; 0,20191989745944738; 0,46269105887040496; 0,7942711217328906; 0,4043124569579959; 0,8658190229907632; 0,23601132538169622; 0,3654559492133558; 0,2003670851700008; 0,8652986888773739
-17,691056863020027; 0,7243268829770386; 0,5659386767074466; 0,9718874166719615; 0,01583249168470502; 0,8372648274526; 0,3006424456834793; 0,8448433084413409; 0,6911001238040626; 0,8172957194037735; 0,16817446472123265
-17,370560946962307; 0,8070513214915991; 0,125461102463305; 0,13454497186467052; 0,39023703150451183; 0,481315431650728; 0,6649259058758616; 0,01842470420524478; 0,32253217743709683; 0,572287464980036; 0,9862535749562085
-17,614292755948064; 0,26432654075324535; 0,6020940779708326; 0,01283320551738143; 0,15229161456227303; 0,2010655291378498; 0,7437204266898334; 0,957732810638845; 0,21767472382634878; 0,8008633544668555; 0,3136775130406022
-17,672589133313465; 0,7897305064834654; 0,19273750204592943; 0,8427691091783345; 0,9318953142501414; 0,4807918043807149; 0,9501834353432059; 0,8440192411653697; 0,7008939697407186; 0,378740225918591; 0,4141398030333221
-17,700158373599383; 0,24770080391317606; 0,8890027082525194; 0,1693733441643417; 0,40864436561241746; 0,11351491790264845; 0,32677528355270624; 0,5951219578273594; 0,08637492917478085; 0,44125493755564094; 0,12259550904855132
-17,697128360258674; 0,2856696769595146; 0,7288902080617845; 0,47665234794840217; 0,46168611431494355; 0,20110572315752506; 0,3046614555642009; 0,09652227303013206; 0,9024600917473435; 0,038135753478854895; 0,7142763044685125
-17,69353741960122; 0,014198994729667902; 0,8457305850461125; 0,7941814102232456; 0,6701018619351089; 0,7397839496843517; 0,4192011603154242; 0,8570494595915079; 0,18073663488030434; 0,5012334464117885; 0,4250184427946806
-17,690974577039107; 0,5466461549513042; 0,510514747351408; 0,5206510494463146; 0,5997685370966792; 0,6073679965920746; 0,5665075676515698; 0,3734333198517561; 0,5846490133553743; 0,9274888350628316; 0,28448194172233343
-17,69689281173017; 0,8604177264496684; 0,08325949357822537; 0,5309095061384141; 0,3187726344913244; 0,6819151230156422; 0,22514548478648067; 0,9530568239279091; 0,48149602115154266; 0,351949424482882; 0,47866362193599343
-17,692629156215162; 0,3324603736400604; 0,2056972198188305; 0,6444880277849734; 0,5774575984105468; 0,15041632764041424; 0,342964428011328; 0,1061248523183167; 0,167382987216115; 0,004059703089296818; 0,20250250259414315
-17,596766671239656; 0,4933726629242301; 0,5960429385304451; 0,787979518994689; 0,2588737867772579; 0,31748955277726054; 0,48369112657383084; 0,4819227843545377; 0,07860414311289787; 0,4522930649109185; 0,5646503991447389
-17,543421176057162; 0,06652352074161172; 0,9990578321740031; 0,7807721151039004; 0,19516053656116128; 0,11191077530384064; 0,9433865528553724; 0,19849422061815858; 0,702955100685358; 0,6211715042591095; 0,3760482440702617
-17,21184869449208; 0,8398681376129389; 0,7580093154683709; 0,45889329072088003; 0,1911580371670425; 0,917916074860841; 0,30623506708070636; 0,9199963305145502; 0,6522696753963828; 0,6617900868877769; 0,7976936297491193
-17,67159726283408; 0,005685052368789911; 0,4955084649845958; 0,5580221768468618; 0,9325653351843357; 0,29673831863328815; 0,975480729714036; 0,6383934644982219; 0,6603338369168341; 0,35293468413874507; 0,4141666046343744
-17,668177348397723; 0,6510960743762553; 0,32145382231101394; 0,780966374091804; 0,6021042773500085; 0,2988460250198841; 0,2839118563570082; 0,8970310152508318; 0,38687715167179704; 0,1510621360503137; 0,1120184906758368
-17,657538308160927; 0,9040073095820844; 0,8373288325965405; 0,5649582664482296; 0,8927321913652122; 0,4151527611538768; 0,39219467947259545; 0,9864701856859028; 0,2829811768606305; 0,097590790130198; 0,2938389810733497
-17,671960276347185; 0,9901988701894879; 0,2477677152492106; 0,9804279669187963; 0,4688633638434112; 0,41028509801253676; 0,23274174518883228; 0,17150600953027606; 0,4093705303966999; 0,2632432426325977; 0,8705972982570529
-17,67455146970525; 0,7955170441418886; 0,775054688565433; 0,6057718708179891; 0,747536666225642; 0,29688143637031317; 0,7665910148061812; 0,7530120550654829; 0,5442011058330536; 0,7666019564494491; 0,9774364233016968
-17,680879417567898; 0,06727450806647539; 0,11122772470116615; 0,8468319410458207; 0,9138287440873682; 0,24282614653930068; 0,9095928091555834; 0,49742023181170225; 0,07707583950832486; 0,38365999795496464; 0,32526533026248217
-17,419113573801177; 0,6042338605038822; 0,3132080747745931; 0,5608333274722099; 0,9729644991457462; 0,10484204720705748; 0,22228307416662574; 0,126036889385432; 0,4710070611909032; 0,830168844666332; 0,8173816823400557
-17,617911877947343; 0,9370603687129915; 0,038309854455292225; 0,9458061624318361; 0,8607415393926203; 0,1711020185612142; 0,33634884795174; 0,6488070390187204; 0,7153998576104641; 0,9612494679167867; 0,4615036668255925
-17,21350469156028; 0,06598026305437088; 0,5228775283321738; 0,8128237505443394; 0,5575451659969985; 0,7491177497431636; 0,8795646512880921; 0,6014798590913415; 0,8013948877342045; 0,26200607512146235; 0,983165786601603
-17,263952425047272; 0,7174566094763577; 0,22935083182528615; 0,9368587331846356; 0,5746871554292738; 0,49120922526344657; 0,9507707166485488; 0,7001179340295494; 0,8313991874456406; 0,33962820796296; 0,5386958406306803
-17,69715222284845; 0,9251575516536832; 0,5546840941533446; 0,33264869498088956; 0,8856574269011617; 0,7117935544811189; 0,7676221751607955; 0,8242824668996036; 0,8828250602819026; 0,5844658254645765; 0,2806180967018008
-17,699339359740147; 0,708116632886231; 0,3172397995367646; 0,22527905367314816; 0,7899985290132463; 0,2772773215547204; 0,6373938615433872; 0,773372195661068; 0,8959010723046958; 0,49251624289900064; 0,7384122065268457
-17,69671819688052; 0,6412374037317932; 0,5603783465921879; 0,3668213300406933; 0,6472405339591205; 0,25561259407550097; 0,4085616758093238; 0,45470043225213885; 0,36545655550435185; 0,38774143997579813; 0,6952644842676818
-17,17313729834113; 0,9889620989561081; 0,8318985048681498; 0,683109266217798; 0,9710798072628677; 0,38226061360910535; 0,05916429962962866; 0,6312231943011284; 0,6145015736110508; 0,13886178564280272; 0,0299829775467515
-17,488473673976443; 0,09611565759405494; 0,9843045170418918; 0,7330065513961017; 0,8549449127167463; 0,10472650732845068; 0,22703895205631852; 0,7020521364174783; 0,5157515523023903; 0,8925622822716832; 0,15402700565755367
-17,697472241523844; 0,34441279666498303; 0,6200684341602027; 0,5483458475209773; 0,847061752807349; 0,8576370161026716; 0,6376085709780455; 0,1794522888958454; 0,23619076050817966; 0,5882609053514898; 0,9036632617935538
-17,696099147444833; 0,31105319084599614; 0,7681764177978039; 0,5636255196295679; 0,7676841751672328; 0,5081425025127828; 0,499545082449913; 0,6266652550548315; 0,32228149753063917; 0,4872990273870528; 0,07148918183520436
-17,699173549184138; 0,8554002344608307; 0,5056458096951246; 0,004948983900249004; 0,482793687377125; 0,49000737303867936; 0,42610961850732565; 0,3115737223997712; 0,9650511839427054; 0,009601834695786238; 0,7638108860701323
-17,49461922127408; 0,5908652259968221; 0,047207328490912914; 0,6480793477967381; 0,17985769640654325; 0,684649343136698; 0,050027260556817055; 0,9257565517909825; 0,608294194098562; 0,1097002006135881; 0,3909133397974074
-17,169697969184746; 0,4843509108759463; 0,1613329742103815; 0,6233147401362658; 0,4232801655307412; 0,8963012802414596; 0,642728743609041; 0,7167323604226112; 0,23091410007327795; 0,49287495017051697; 0,5848571574315429
-17,58969585657972; 0,9864303502254188; 0,18438744079321623; 0,22417321940883994; 0,39087966922670603; 0,6788235851563513; 0,13432674761861563; 0,001805621199309826; 0,878941563423723; 0,46625837963074446; 0,3042432307265699
-17,695502966485346; 0,9943257947452366; 0,05466251913458109; 0,6234812741167843; 0,7703747907653451; 0,3523251679725945; 0,6439145607873797; 0,8475278234109282; 0,6523086684755981; 0,4482750091701746; 0,4204182419925928
-17,21411796376747; 0,060938057489693165; 0,2722782292403281; 0,15284346463158727; 0,2883740272372961; 0,545383726246655; 0,43351185927167535; 0,30088032595813274; 0,5703210160136223; 0,9170514829456806; 0,31864022463560104
-17,335594771009813; 0,18400790262967348; 0,7225776221603155; 0,3041129382327199; 0,5613667536526918; 0,47452112613245845; 0,09045770764350891; 0,537826532498002; 0,6714397924952209; 0,013838364277034998; 0,3322769380174577
-17,502809411538948; 0,666992009151727; 0,10644448921084404; 0,3111579017713666; 0,6040413971059024; 0,8110483447089791; 0,16763454349711537; 0,14098193123936653; 0,6742535624653101; 0,39099714206531644; 0,11840501287952065
-17,695415235617826; 0,507401944603771; 0,949222516734153; 0,33061925368383527; 0,20653309440240264; 0,6106482674367726; 0,43493967968970537; 0,12502156803384423; 0,9365641116164625; 0,9066320722922683; 0,27844980312511325
-17,225012584972102; 0,42646234948188066; 0,5909369392320514; 0,7155469474382699; 0,6972830677405; 0,7331873779185116; 0,06827700790017843; 0,8407992133870721; 0,4262850438244641; 0,2768836538307369; 0,5099811786785722
-17,5747918014024; 0,6304207178764045; 0,7696115942671895; 0,5524056334979832; 0,4925046213902533; 0,7686872533522546; 0,16499814949929714; 0,9538096841424704; 0,17827120004221797; 0,6734983799979091; 0,4222921300679445
-17,636458002542305; 0,9936151979491115; 0,795791698154062; 0,20779893128201365; 0,5124200857244432; 0,5698974835686386; 0,5716532813385129; 0,20603546081110835; 0,8507730830460787; 0,4373536338098347; 0,2635741508565843
-17,161407543695926; 0,5114312605001032; 0,22468240093439817; 0,8981496705673635; 0,4173668557778001; 0,5062857260927558; 0,6222174339927733; 0,07495604222640395; 0,7350049968808889; 0,8883582912385464; 0,19462496833875775
-17,658161524724783; 0,6327921929769218; 0,34151383489370346; 0,9303183290176094; 0,28449920006096363; 0,10993230482563376; 0,1286316253244877; 0,5229448163881898; 0,41553346207365394; 0,3253923268057406; 0,011574335861951113
-17,334007754190612; 0,4838915946893394; 0,07367499219253659; 0,15207484224811196; 0,5660287206992507; 0,9099140125326812; 0,0945793385617435; 0,2990440842695534; 0,9055706923827529; 0,5613426803611219; 0,14806024869903922
-17,473103774820014; 0,09541910840198398; 0,3949404628947377; 0,29582629492506385; 0,3299243077635765; 0,15423640655353665; 0,5795734766870737; 0,016984712332487106; 0,99433858320117; 0,22063919762149453; 0,3561621122062206
-17,694074538232613; 0,5873031299561262; 0,06062805512920022; 0,9116716044954956; 0,8514868025667965; 0,5156868086196482; 0,6295713782310486; 0,32715823967009783; 0,3258399413898587; 0,967491767834872; 0,045952810905873775
-17,623409411380784; 0,36118067521601915; 0,3746080510318279; 0,7715300861746073; 0,8275120304897428; 0,23826406430453062; 0,32013605954125524; 0,5129956440068781; 0,9347189478576183; 0,14258171850815415; 0,843632576521486
-17,69889301141269; 0,7880887864157557; 0,4170922916382551; 0,3105704798363149; 0,351622580550611; 0,5760052944533527; 0,8030827878974378; 0,555491532664746; 0,7931816191412508; 0,9410850927233696; 0,5416882927529514
-17,176961012906492; 0,6297680446878076; 0,01580589124932885; 0,640037314966321; 0,28205362893640995; 0,17080816254019737; 0,43844460463151336; 0,0993489408865571; 0,9604839556850493; 0,05482271732762456; 0,5647665155120194
-17,49899933439066; 0,9956273236311972; 0,0969631471671164; 0,314303423743695; 0,3968654670752585; 0,5663070408627391; 0,11027157166972756; 0,9850821089930832; 0,3744156854227185; 0,017692907713353634; 0,8065262897871435
-17,243385553877854; 0,2554156547412276; 0,822502639144659; 0,918418763205409; 0,8803963614627719; 0,711083312984556; 0,09929638681933284; 0,09999373694881797; 0,953791297506541; 0,06120022805407643; 0,2984056705608964
-17,17636035219563; 0,6119597214274108; 0,2089759255759418; 0,4258911986835301; 0,013895874377340078; 0,8313474720343947; 0,10527457157149911; 0,30477546947076917; 0,2209040024317801; 0,45928472047671676; 0,956328684464097
-17,52962363293491; 0,5807344471104443; 0,7701201154850423; 0,17642723256722093; 0,3404494640417397; 0,6068436219356954; 0,4148133276030421; 0,08512450847774744; 0,49252599012106657; 0,21026071952655911; 0,8423958197236061
-17,46547593174285; 0,5935026723891497; 0,34866284346207976; 0,93784468062222; 0,11073936009779572; 0,9533000369556248; 0,6392039475031197; 0,903421213850379; 0,1937495544552803; 0,6209747102111578; 0,16836887458339334
-17,164500566532464; 0,9742699330672622; 0,018011361826211214; 0,3542151586152613; 0,6271194508299232; 0,09125818684697151; 0,9414594350382686; 0,7670158366672695; 0,19954691408202052; 0,7545392322354019; 0,16459076711907983
-17,639004035645065; 0,21615624940022826; 0,6594512243755162; 0,1393891042098403; 0,11434364225715399; 0,6082209921441972; 0,7348362784832716; 0,9018923952244222; 0,8414546754211187; 0,9299777252599597; 0,6390235377475619
-17,36362913423533; 0,3393074427731335; 0,8035944146104157; 0,7302892161533237; 0,6256036283448339; 0,0687484573572874; 0,12022211123257875; 0,019387437496334314; 0,5945550645701587; 0,25992076052352786; 0,4195484505034983
-17,691574583477315; 0,8582844692282379; 0,8970899032428861; 0,96648542676121; 0,6266564438119531; 0,7498308755457401; 0,40605434495955706; 0,8028151374310255; 0,03261979715898633; 0,06984034599736333; 0,931750854011625
-17,695148435831186; 0,0339735122397542; 0,8047939734533429; 0,8419614192098379; 0,0002474016509950161; 0,6088657146319747; 0,3904287163168192; 0,8896012320183218; 0,3890528231859207; 0,054041314870119095; 0,9640351459383965
-17,693254551388073; 0,9460942684672773; 0,33871365105733275; 0,9686011797748506; 0,3500483129173517; 0,19963127141818404; 0,7962567661888897; 0,5532037019729614; 0,20161116821691394; 0,8444085200317204; 0,6614123317413032
-17,69489349413464; 0,8267693757079542; 0,026348365005105734; 0,5247434959746897; 0,7370658884756267; 0,34275355702266097; 0,6516334866173565; 0,5511743808165193; 0,6967033855617046; 0,06573665468022227; 0,24106125254184008
-17,563708393053894; 0,49978353176265955; 0,0819126470014453; 0,6422778856940567; 0,16338762501254678; 0,8449900122359395; 0,05342361517250538; 0,7951823575422168; 0,48777617141604424; 0,18265180196613073; 0,29430934926494956
-17,19153236012509; 0,03156284661963582; 0,5134301721118391; 0,7487084604799747; 0,29621958918869495; 0,900024700909853; 0,8920454909093678; 0,007072873879224062; 0,8851527194492519; 0,2673592772334814; 0,287588429171592
-17,695149451278365; 0,20733724255114794; 0,11071675410494208; 0,8346818899735808; 0,4049367415718734; 0,95027492986992; 0,3155359965749085; 0,9116452038288116; 0,752346402965486; 0,10827844822779298; 0,49080255068838596
-17,316013398791267; 0,5996896494179964; 0,58646957622841; 0,3021117220632732; 0,09870923310518265; 0,665612265933305; 0,16481968807056546; 0,8676529289223254; 0,935482828412205; 0,40671848272904754; 0,8103921916335821
-17,647244639481627; 0,8955926885828376; 0,8335665580816567; 0,28700490528717637; 0,16228685528039932; 0,8768435125239193; 0,06684054061770439; 0,5659084427170455; 0,8952229740098119; 0,7655539703555405; 0,19000601256266236
-17,187581975060183; 0,3557426780462265; 0,8285299171693623; 0,8016721294261515; 0,8645083522424102; 0,03532676491886377; 0,03654129011556506; 0,08760833647102118; 0,28604107489809394; 0,09382176585495472; 0,7760305483825505
-17,18816086852881; 0,727642391808331; 0,2348442650400102; 0,005975218489766121; 0,5318355248309672; 0,0185585948638618; 0,8049798347055912; 0,9495523599907756; 0,28299818048253655; 0,30749923968687654; 0,10047267470508814
-17,208144956766038; 0,2660055314190686; 0,5946411550976336; 0,07873249845579267; 0,7885193713009357; 0,29597689397633076; 0,0021453266963362694; 0,16407766519114375; 0,006973152980208397; 0,38789922278374434; 0,028827756643295288
-17,696959393969866; 0,16697863023728132; 0,42873001005500555; 0,396204617805779; 0,40645850263535976; 0,7285862509161234; 0,8705820203758776; 0,8394847656600177; 0,8230049945414066; 0,2995003345422447; 0,37859966745600104
-17,640625832532777; 0,9584854124113917; 0,6449385886080563; 0,5388827961869538; 0,7163615566678345; 0,7200543652288616; 0,7878306033089757; 0,8817735151387751; 0,2995698428712785; 0,3717432292178273; 0,9222403317689896
-17,580730087018747; 0,8235956579446793; 0,10718469461426139; 0,06962292920798063; 0,2582493065856397; 0,16384931234642863; 0,6942835417576134; 0,21335682412609458; 0,5669863601215184; 0,16149388207122684; 0,48916193237528205
-17,696189303788138; 0,7462458596564829; 0,12371776532381773; 0,5396361197344959; 0,2308275164104998; 0,7942079091444612; 0,5430840225890279; 0,17274876218289137; 0,6667648856528103; 0,9103969568386674; 0,3742770319804549
-17,69358762307849; 0,719081224873662; 0,6028259699232876; 0,05458094412460923; 0,8399409702979028; 0,7604702138341963; 0,8070825338363647; 0,04105000477284193; 0,9320268863812089; 0,3668951243162155; 0,46058890456333756
-17,652196065790196; 0,42757498333230615; 0,28240837901830673; 0,44986435724422336; 0,30767464032396674; 0,5550773572176695; 0,5940904580056667; 0,7242232677526772; 0,9137350344099104; 0,6673073624260724; 0,5023072152398527
-17,191267760164305; 0,054394819773733616; 0,6950026024132967; 0,7463204562664032; 0,5274349902756512; 0,9260155237279832; 0,006086047273129225; 0,7835361668840051; 0,3825523699633777; 0,9634690950624645; 0,5060294005088508
-17,69907685798317; 0,9058369863778353; 0,9433843214064837; 0,15901808394119143; 0,9443773296661675; 0,19361234735697508; 0,8006881149485707; 0,3107102392241359; 0,6684538368135691; 0,11955611826851964; 0,114418875426054
-17,569549905495187; 0,025334686040878296; 0,3218624396249652; 0,5817774888128042; 0,8617778555490077; 0,22524687554687262; 0,27807301795110106; 0,6595806451514363; 0,6200188687071204; 0,9076562486588955; 0,8127761832438409
-17,38320439717485; 0,669998676981777; 0,9692016774788499; 0,9377320851199329; 0,689719945192337; 0,19854278396815062; 0,14877117658033967; 0,6806448441930115; 0,5798417124897242; 0,23274295590817928; 0,7030243310146034
-17,655079301293757; 0,9079674961976707; 0,9731015954166651; 0,4152389522641897; 0,07795541174709797; 0,49459985038265586; 0,4372287136502564; 0,4235447156243026; 0,8485565651208162; 0,3395906239748001; 0,288509467151016
-17,24165186765666; 0,30799589632079005; 0,30817639734596014; 0,3883705157786608; 0,9538161274977028; 0,48804484121501446; 0,09106639726087451; 0,0868748715147376; 0,5345441889949143; 0,4407109431922436; 0,9025996262207627
-17,656178636424904; 0,10405116993933916; 0,17324289679527283; 0,8051420049741864; 0,6847383729182184; 0,6725736972875893; 0,2997007113881409; 0,42501975409686565; 0,6071616122499108; 0,35084179043769836; 0,8654893389903009
-17,538505471263836; 0,7559105018153787; 0,17403141409158707; 0,9517578752711415; 0,6670265537686646; 0,43878564005717635; 0,21109041897580028; 0,9661766281351447; 0,3053198652341962; 0,6118902019225061; 0,9800504725426435
-17,67712964328554; 0,7116952165961266; 0,6976306517608464; 0,03603410720825195; 0,8386330623179674; 0,9295868924818933; 0,8750381148420274; 0,1474391813389957; 0,46529475785791874; 0,3144951770082116; 0,6388090355321765
-17,6752936863641; 0,4509374350309372; 0,9121577013283968; 0,6847434407100081; 0,2961226562038064; 0,73972301883623; 0,3026707670651376; 0,7187792276963592; 0,5253779906779528; 0,783340965397656; 0,3546090251766145
-17,21459010737023; 0,9263283144682646; 0,5752499680966139; 0,07444594334810972; 0,46068572299554944; 0,5270801475271583; 0,03718906920403242; 0,42948198737576604; 0,39033282548189163; 0,5633932631462812; 0,6927440264262259
-17,683646695232415; 0,28167820209637284; 0,3013457623310387; 0,03530623856931925; 0,02031132997944951; 0,6758997137658298; 0,7763430629856884; 0,5051735052838922; 0,1133039710111916; 0,5568591277115047; 0,7319316393695772
-17,664986147167028; 0,6386393578723073; 0,709044442512095; 0,287101271096617; 0,04926445987075567; 0,25536023918539286; 0,9141895631328225; 0,3438392668031156; 0,6941369553096592; 0,04336131177842617; 0,6373194931074977
-17,63992519005134; 0,8343722759746015; 0,9516684454865754; 0,20970380399376154; 0,6793183838017285; 0,7001862083561718; 0,27027429174631834; 0,034715862944722176; 0,6090888995677233; 0,826660230755806; 0,07326178485527635
-17,70031164385985; 0,012448696419596672; 0,9460942195728421; 0,1300438684411347; 0,2259076777845621; 0,27033381070941687; 0,18635181058198214; 0,35540589271113276; 0,7932246653363109; 0,16406757617369294; 0,6336899171583354
-17,698452264546226; 0,14960987260565162; 0,41890387376770377; 0,26460132328793406; 0,17943835770711303; 0,426920497789979; 0,9284767801873386; 0,2847435395233333; 0,09856282360851765; 0,12894644914194942; 0,28859486570581794
-17,225896102874312; 0,156067521777004; 0,8955585118383169; 0,8140648333355784; 0,5745839802548289; 0,08276792289689183; 0,9144287700764835; 0,05845611449331045; 0,13942140340805054; 0,7077164021320641; 0,6214770879596472
-17,699022288614383; 0,15430012252181768; 0,5483744484372437; 0,37370446929708123; 0,03172587789595127; 0,1837584525346756; 0,6946180402301252; 0,7176960441283882; 0,2741082306019962; 0,24222419783473015; 0,11360513279214501
-17,521374698016775; 0,48686894262209535; 0,3914617309346795; 0,281799484975636; 0,9855209519155324; 0,605532594025135; 0,2824771818704903; 0,12516723899170756; 0,5201795184984803; 0,24580565420910716; 0,9573335712775588
-17,700946596595887; 0,5107564898207784; 0,3315034406259656; 0,013947825413197279; 0,4078764282166958; 0,9270064397715032; 0,32208478078246117; 0,7533009918406606; 0,9852527696639299; 0,5717301485128701; 0,38263155054301023
-17,461268396372304; 0,3887566667981446; 0,3231264157220721; 0,15161172673106194; 0,9014541511423886; 0,6581325731240213; 0,21923124697059393; 0,6225098241120577; 0,3351154630072415; 0,1552831968292594; 0,8841037042438984
-17,694814218719493; 0,6059435526840389; 0,6204500230960548; 0,7350214221514761; 0,9836267456412315; 0,5990727641619742; 0,661029081325978; 0,2737565445713699; 0,7964675412513316; 0,7048207614570856; 0,8346530962735415
-17,604802361638725; 0,20744519168511033; 0,8330082315951586; 0,1013661571778357; 0,5714340242557228; 0,4950103750452399; 0,6643952960148454; 0,16957805957645178; 0,960919092874974; 0,3007896807976067; 0,28286965750157833
-17,698705855888637; 0,16355034662410617; 0,16983549669384956; 0,38806377723813057; 0,48049426218494773; 0,6269317581318319; 0,3449053498916328; 0,9829015699215233; 0,5528667629696429; 0,8493427941575646; 0,8617637678980827
-17,217661866532453; 0,8651833827607334; 0,07940952247008681; 0,7252803514711559; 0,5015979572199285; 0,7243622792884707; 0,05461540259420872; 0,9198940843343735; 0,18397685140371323; 0,9092185646295547; 0,24556727474555373
-17,318139606514382; 0,147816002368927; 0,7654223889112473; 0,24485090048983693; 0,9194221715442836; 0,4580044411122799; 0,134235720615834; 0,4095869385637343; 0,47104552341625094; 0,945697566960007; 0,23292967723682523
-17,350386377516813; 0,5283660059794784; 0,2992608272470534; 0,4623473691754043; 0,2771092467010021; 0,8431111527606845; 0,4696112028323114; 0,9291417100466788; 0,18314898014068604; 0,28267523273825645; 0,9505950314924121
-17,692239878687797; 0,9934598221443594; 0,7748044184409082; 0,39300610357895494; 0,2791400938294828; 0,13408852275460958; 0,1588201755657792; 0,6789984344504774; 0,27540325792506337; 0,9743161494843662; 0,574900412466377
-17,669046380279752; 0,6620798413641751; 0,9106651013717055; 0,46706125093623996; 0,5045270002447069; 0,8497832305729389; 0,2324399510398507; 0,7791539374738932; 0,0152890938334167; 0,5069382875226438; 0,6955462293699384
-17,693933388321383; 0,7539824908599257; 0,5478879134170711; 0,22109573800116777; 0,9446550165303051; 0,09298828104510903; 0,5356109021231532; 0,4908245801925659; 0,16965902177616954; 0,2984072482213378; 0,16504736011847854
-17,678274988921586; 0,3901190049946308; 0,24946892680600286; 0,31836973084136844; 0,4949878160841763; 0,9191067707724869; 0,23756826156750321; 0,40785130532458425; 0,6648246292024851; 0,07962131313979626; 0,6336342338472605
-17,568242087026167; 0,5506808897480369; 0,6581791322678328; 0,6734548956155777; 0,6271631265990436; 0,8997022877447307; 0,7387127578258514; 0,17861842550337315; 0,886280853766948; 0,5775783364661038; 0,7993694092147052
-17,191252203436587; 0,1856561852619052; 0,843604598660022; 0,6415542853064835; 0,45119010703638196; 0,39599026506766677; 0,00014358153566718102; 0,262696519959718; 0,21954655088484287; 0,6250546551309526; 0,9180692601948977
-17,628334505827723; 0,6588047402910888; 0,19368939846754074; 0,552935004234314; 0,3238270985893905; 0,7528313398361206; 0,3621752462349832; 0,7223847447894514; 0,8506075106561184; 0,8320954605005682; 0,20876398775726557
-17,692902384808246; 0,988064156845212; 0,18233855394646525; 0,8553326036781073; 0,3839666647836566; 0,06992850638926029; 0,32767278468236327; 0,19106753915548325; 0,05664623202756047; 0,15986072970554233; 0,4127084668725729
-17,20537972738094; 0,08732613921165466; 0,10607323562726378; 0,34193684812635183; 0,02107585733756423; 0,7929141581989825; 0,9221298689953983; 0,9527212334796786; 0,869103024713695; 0,9679061332717538; 0,6178951263427734
-17,691379804936908; 0,2552977055311203; 0,4467452275566757; 0,7527620610781014; 0,17368255648761988; 0,703912599477917; 0,15958276530727744; 0,25040368642657995; 0,8686190354637802; 0,9674583119340241; 0,05417938390746713
-17,696595640504977; 0,6247955355793238; 0,6839427854865789; 0,011112265288829803; 0,9781382610090077; 0,9426821391098201; 0,9126331922598183; 0,15914670517668128; 0,9071945562027395; 0,5192419704981148; 0,4925211574882269
-17,630921939323613; 0,7220933646894991; 0,7494197823107243; 0,322478071320802; 0,5142517588101327; 0,8867152454331517; 0,576579422224313; 0,680794972460717; 0,11468040198087692; 0,002214497420936823; 0,2807875978760421
-17,567072267155798; 0,6753170769661665; 0,42953328508883715; 0,8941289111971855; 0,6830930449068546; 0,05952527513727546; 0,8015075586736202; 0,015820239670574665; 0,32410855079069734; 0,704125355463475; 0,015936184208840132
-17,696759507682163; 0,39902494521811604; 0,9470676057972014; 0,29278542567044497; 0,9234459288418293; 0,726209282875061; 0,8276332397945225; 0,023858238011598587; 0,8602310232818127; 0,13671499025076628; 0,05909560713917017
-17,6753520554484; 0,8338545490987599; 0,7875678176060319; 0,08096755156293511; 0,11542639369145036; 0,4471800150349736; 0,29502318520098925; 0,5533901611343026; 0,9568356717936695; 0,3328507146798074; 0,1672367020510137
-17,54328235732049; 0,9392491285689175; 0,6156296683475375; 0,3982910541817546; 0,811504349578172; 0,6704927100799978; 0,9738996680825949; 0,18080968968570232; 0,08281526621431112; 0,5834803218021989; 0,9007225879468024
-17,655212666574634; 0,5191578143276274; 0,040377157274633646; 0,413346987683326; 0,12901648553088307; 0,5954300346784294; 0,1396697424352169; 0,7624038569629192; 0,8553578588180244; 0,20185035187751055; 0,10715288389474154
-17,687609347590467; 0,7493748175911605; 0,6325206495821476; 0,9439548584632576; 0,5950995273888111; 0,6199032668955624; 0,3453144491650164; 0,5634218412451446; 0,7957377601414919; 0,8547022244893014; 0,7187491510994732
-17,190608601165906; 0,7695244424976408; 0,6441780412569642; 0,06859481986612082; 0,3465402158908546; 0,3793885144405067; 0,5108101931400597; 0,9113934766501188; 0,027005355805158615; 0,604308994486928; 0,2321974504739046
-17,68018377367302; 0,35901262098923326; 0,07367550302296877; 0,09226600639522076; 0,6485701519995928; 0,7460250300355256; 0,30847739335149527; 0,6775114396587014; 0,3089296263642609; 0,16968953888863325; 0,6561657190322876
-17,440826492331052; 0,5027352850884199; 0,4932088810019195; 0,8229831783100963; 0,6560275931842625; 0,7394310622476041; 0,8286122973076999; 0,49288988625630736; 0,32652181666344404; 0,7067748126573861; 0,6235425653867424
-17,680055707895725; 0,5654388116672635; 0,46012750593945384; 0,7202915633097291; 0,14348592841997743; 0,6881015188992023; 0,5765892118215561; 0,013049166649580002; 0,9877981315366924; 0,46513147465884686; 0,24241407262161374
-17,69180001456031; 0,5171926324255764; 0,48358715837821364; 0,6050816429778934; 0,821939452085644; 0,3841788675636053; 0,47847487265244126; 0,8329977784305811; 0,32493150094524026; 0,9903537658974528; 0,4288363424129784
-17,6661745279864; 0,25936221797019243; 0,3935892074368894; 0,6489068865776062; 0,5440220586024225; 0,8952791178599; 0,5727019212208688; 0,7608986063860357; 0,3752530957572162; 0,052088810596615076; 0,4804929122328758
-17,192167505269644; 0,9193269140087068; 0,05512952897697687; 0,6850626831874251; 0,8505448410287499; 0,9837445742450655; 0,07378510013222694; 0,7462515207007527; 0,554455220233649; 0,7580780629068613; 0,7982185292057693
-17,21025321924465; 0,12512958934530616; 0,16706156311556697; 0,3853704910725355; 0,43589678360149264; 0,0470650726929307; 0,014056529849767685; 0,3652180787175894; 0,5166510543785989; 0,9161349195055664; 0,12694430211558938
-17,31266888613854; 0,542471603024751; 0,0935577005147934; 0,7584826312959194; 0,10083639342337847; 0,4107144451700151; 0,8963166153989732; 0,4749171291477978; 0,8889380870386958; 0,6811491204425693; 0,8883678838610649
-17,313864324399955; 0,2323452802374959; 0,32449226174503565; 0,012960426975041628; 0,5044212029315531; 0,4233470521867275; 0,6906098397448659; 0,22626076638698578; 0,7098777238279581; 0,8572198352776468; 0,20758337574079633
-17,46612061133806; 0,42331042839214206; 0,050204386468976736; 0,257675314322114; 0,33493472868576646; 0,788807712495327; 0,08359724516049027; 0,9237521616742015; 0,2934720702469349; 0,9691045340150595; 0,8490255400538445
-17,693333853585266; 0,9227708061225712; 0,6316541749984026; 0,8750329823233187; 0,9595960988663137; 0,8008155347779393; 0,7969255619682372; 0,23722603358328342; 0,5317369024269283; 0,3328970349393785; 0,5095094800926745
-17,68778835056278; 0,4140152423642576; 0,12430833978578448; 0,5569051722995937; 0,4597393833100796; 0,9803833193145692; 0,4452599538490176; 0,4603732624091208; 0,5400938452221453; 0,6392478463239968; 0,2177721718326211
-17,696005883652777; 0,6050462601706386; 0,05288510303944349; 0,5131179317831993; 0,2909336695447564; 0,9505632910877466; 0,689776215236634; 0,9336433592252433; 0,44504631543532014; 0,2633119155652821; 0,353529772721231
-17,262491738136667; 0,6814722684212029; 0,6677038241177797; 0,6670189830474555; 0,962739200796932; 0,9948829030618072; 0,13127977401018143; 0,5193303329870105; 0,7631537965498865; 0,7216784590855241; 0,2683203141205013
-17,699872257326128; 0,3436473496258259; 0,39826855156570673; 0,1341523276641965; 0,8836702895350754; 0,4978347420692444; 0,7349912910722196; 0,12730752490460873; 0,012544169556349516; 0,9233967810869217; 0,07290269248187542
-17,17670903617269; 0,5445748744532466; 0,22334939008578658; 0,7867036554962397; 0,5842585703358054; 0,32878994196653366; 0,02812476782128215; 0,8983942661434412; 0,9949873802252114; 0,9611114612780511; 0,41351784905418754
-17,67913573875108; 0,3924637879244983; 0,13078343402594328; 0,5543484990485013; 0,02655083080753684; 0,6488197483122349; 0,37384273717179894; 0,616612849291414; 0,9813361433334649; 0,582627983763814; 0,41478202072903514
-17,664444052819785; 0,14083301136270165; 0,10075702518224716; 0,7055314504541457; 0,6508450359106064; 0,9329777788370848; 0,6872531296685338; 0,9669048576615751; 0,7477460689842701; 0,9292872780933976; 0,23942307336255908
-17,67844904291074; 0,9516569790430367; 0,1812169160693884; 0,9234784292057157; 0,5270520527847111; 0,5436307243071496; 0,5218843705952168; 0,13280408130958676; 0,7573753101751208; 0,06263213325291872; 0,271241229493171
-17,699205866168338; 0,6240703901275992; 0,2702953405678272; 0,06703932071104646; 0,8324133297428489; 0,3232515938580036; 0,5302360230125487; 0,859974964056164; 0,7517533842474222; 0,590009877923876; 0,9872886156663299
-17,20805692851038; 0,109173234552145; 0,29907946614548564; 0,5479117492213845; 0,5249785189516842; 0,043646661564707756; 0,7722961218096316; 0,3434309046715498; 0,968237305060029; 0,6208754940889776; 0,9482174292206764
-17,6930887398778; 0,9879446234554052; 0,9726565205492079; 0,9196926611475646; 0,9210527390241623; 0,34403007104992867; 0,6320667890831828; 0,8007829673588276; 0,4632447762414813; 0,7367118271067739; 0,392680446151644
-17,69713564316563; 0,6628076112829149; 0,3997912839986384; 0,07665273547172546; 0,2614330491051078; 0,5178911024704576; 0,1549420142546296; 0,7842771601863205; 0,8797323890030384; 0,7522750608623028; 0,7088595554232597
-17,216248682863863; 0,30982642946764827; 0,1174994669854641; 0,4653410674072802; 0,4876051130704582; 0,7072305982001126; 0,035818823147565126; 0,4834684641100466; 0,6033330066129565; 0,2778407856822014; 0,0828960151411593
-17,699953519441987; 0,2893921360373497; 0,4418152808211744; 0,2028620964847505; 0,8843520535156131; 0,016670575831085443; 0,6349212401546538; 0,8985684420913458; 0,13870828971266747; 0,010871473234146833; 0,9420018191449344
-17,680638089989912; 0,32098217820748687; 0,3888968229293823; 0,13598224287852645; 0,9145250408910215; 0,9028634652495384; 0,9425498978234828; 0,6797153013758361; 0,7168899122625589; 0,2506156242452562; 0,9037723788060248
-17,693650005010834; 0,2751414952799678; 0,7564962618052959; 0,7587989927269518; 0,7854643035680056; 0,9497514315880835; 0,49582931445911527; 0,7201790031976998; 0,8149943053722382; 0,2036524279974401; 0,24456402519717813
-17,262991334221173; 0,41660917829722166; 0,6306555005721748; 0,5076687200926244; 0,38460808526724577; 0,24901682324707508; 0,0464637060649693; 0,24500857153907418; 0,942948835901916; 0,1975365113466978; 0,06656296970322728
-17,646583598564586; 0,9073317032307386; 0,19226084742695093; 0,5471298308111727; 0,8064474682323635; 0,06623961264267564; 0,8796692900359631; 0,9089653897099197; 0,7350544482469559; 0,022514569107443094; 0,45918448315933347
-17,671142615509893; 0,0781023409217596; 0,789797805249691; 0,8240379835478961; 0,8107676017098129; 0,15835459623485804; 0,38454121444374323; 0,06957040028646588; 0,6729192552156746; 0,7919991430826485; 0,1367368409410119
-17,700457067425685; 0,282354595605284; 0,777321535628289; 0,0598460896871984; 0,14070711424574256; 0,18124539218842983; 0,11694737523794174; 0,5104297534562647; 0,5495137926191092; 0,5746542094275355; 0,048463079147040844
-17,633234474516982; 0,8209990514442325; 0,21910450560972095; 0,3054585289210081; 0,009920686483383179; 0,7182660182006657; 0,21353903645649552; 0,9238138571381569; 0,7457696511410177; 0,046847112476825714; 0,4326990828849375
-17,630505680961804; 0,4772297483868897; 0,5751606007106602; 0,40759615786373615; 0,17270771879702806; 0,042698057834059; 0,4545933520421386; 0,8646232411265373; 0,26727824192494154; 0,2380176093429327; 0,2858554874546826
-17,577867823983695; 0,16625836212188005; 0,05083273723721504; 0,27102749422192574; 0,3904163232073188; 0,21648947848007083; 0,12698163744062185; 0,45996666373685; 0,5208221608772874; 0,9238756806589663; 0,7651108000427485
-17,665228525325283; 0,7047160677611828; 0,5852423533797264; 0,38006232958287; 0,3195413202047348; 0,65037343185395; 0,6255170893855393; 0,6222382318228483; 0,6408999199047685; 0,9599617617204785; 0,3567559299990535
-17,626764357259887; 0,6125786225311458; 0,6634038100019097; 0,36156864603981376; 0,6444166675209999; 0,7134402920491993; 0,7259461148642004; 0,6069476176053286; 0,9846582990139723; 0,4181986777111888; 0,42986437678337097
-17,56926234401187; 0,9518611212261021; 0,6067037875764072; 0,5380870047956705; 0,7276154025457799; 0,12963653123006225; 0,24170179944485426; 0,7076121736317873; 0,1561197699047625; 0,4703340898267925; 0,26906100381165743
-17,69165179405415; 0,7531852764077485; 0,36332802195101976; 0,1041083731688559; 0,33787351194769144; 0,06995263136923313; 0,3287886567413807; 0,47028732066974044; 0,8466211478225887; 0,5403692447580397; 0,5215390580706298
-17,69390575589206; 0,8448038785718381; 0,8771687243133783; 0,7807716876268387; 0,36842836206778884; 0,6813595877029002; 0,24406859232112765; 0,9858892760239542; 0,1619720491580665; 0,9199168453924358; 0,05803496949374676
-17,270924462476977; 0,9168608319014311; 0,4817103184759617; 0,4273077095858753; 0,7202658378519118; 0,9126635850407183; 0,10138040035963058; 0,33033392392098904; 0,9645548774860799; 0,23856698023155332; 0,522840354591608
-17,690176905765142; 0,34189430996775627; 0,7830968438647687; 0,3752043549902737; 0,13467415003105998; 0,2795002651400864; 0,2761742165312171; 0,30299659725278616; 0,7463841326534748; 0,5705849910154939; 0,30733031779527664
-17,17120219459092; 0,5449561118148267; 0,6778643876314163; 0,6888508605770767; 0,590997142251581; 0,05323762958869338; 0,8981302543543279; 0,5702278395183384; 0,35473019164055586; 0,319282541051507; 0,914160174317658
-17,697162569418996; 0,6567916395142674; 0,5586331347003579; 0,2306342599913478; 0,8862330238334835; 0,314593518152833; 0,7918401379138231; 0,6527006723918021; 0,27054004650563; 0,3644002373330295; 0,15157947456464171
-17,468563485084147; 0,2300996370613575; 0,4300260981544852; 0,47612730506807566; 0,192072709556669; 0,20975264441221952; 0,9179418510757387; 0,5377567461691797; 0,8965931180864573; 0,25917795579880476; 0,3490278711542487
-17,25223809352226; 0,50881905015558; 0,36757107730954885; 0,8405404719524086; 0,2577794836834073; 0,8028726652264595; 0,35592323867604136; 0,8818721012212336; 0,3051811382174492; 0,795614724047482; 0,4972799918614328
-17,528604302562197; 0,5528723620809615; 0,7545554642565548; 0,38048660615459085; 0,45248526614159346; 0,7178148715756834; 0,13326211273670197; 0,49867026321589947; 0,7388596651144326; 0,1249410635791719; 0,8381777401082218
-17,599927089057005; 0,9329613181762397; 0,48487163288518786; 0,5087273861281574; 0,7634096532128751; 0,5998334717005491; 0,8777866908349097; 0,7362239225767553; 0,035752716939896345; 0,891489683650434; 0,6908716782927513
-17,15412005026577; 0,77171311667189; 0,9536169464699924; 0,8298057494685054; 0,5092570981942117; 0,19359126454219222; 0,7683288427069783; 0,37610151804983616; 0,08598686242476106; 0,36852455837652087; 0,07122991653159261
-17,444063397587566; 0,1985859228298068; 0,23918240889906883; 0,8693703468888998; 0,1747491331771016; 0,6674095038324594; 0,306435483507812; 0,9069150881841779; 0,15439148945733905; 0,34335701866075397; 0,5517098009586334
-17,396739276441803; 0,2229216257110238; 0,1840170011855662; 0,2829193491488695; 0,13645150465890765; 0,5641946201212704; 0,38430104218423367; 0,25427174428477883; 0,06754273409023881; 0,9715166832320392; 0,5931100239977241
-17,231653789491006; 0,412606708239764; 0,16577171022072434; 0,4731232584454119; 0,37342805648222566; 0,19890650361776352; 0,5983840608969331; 0,08355789259076118; 0,5536788096651435; 0,8845804114826024; 0,024136117193847895
-17,495339605060348; 0,19571532355621457; 0,3198699336498976; 0,17591182375326753; 0,2697120178490877; 0,6435955977067351; 0,885035574901849; 0,5410946691408753; 0,5637728059664369; 0,12626112904399633; 0,3052384005859494
-17,692503268706304; 0,9275480196811259; 0,9042165712453425; 0,32294494984671474; 0,23514970112591982; 0,3104536347091198; 0,4876113850623369; 0,2945446241647005; 0,8782531367614865; 0,3796544885262847; 0,7381174960173666
-17,689737877193185; 0,8001273260451853; 0,5190114020369947; 0,4230849910527468; 0,4786609108559787; 0,12155986577272415; 0,46038815239444375; 0,39015105459839106; 0,3338019815273583; 0,7456180416047573; 0,08366265706717968
-17,686103749853753; 0,4430291950702667; 0,5183850983157754; 0,23626470193266869; 0,4961053831502795; 0,3659247197210789; 0,4967702408321202; 0,6095415279269218; 0,8922463017515838; 0,8164615510031581; 0,7993050240911543
-17,684757783994588; 0,02761772647500038; 0,6944986386224627; 0,4882010011933744; 0,2904541571624577; 0,7593839494511485; 0,14852396491914988; 0,557544011157006; 0,11649868590757251; 0,9126876713708043; 0,8866902100853622
-17,526329486276957; 0,709722547326237; 0,2469074409455061; 0,9703316045925021; 0,9160632858984172; 0,8633747706189752; 0,28218122152611613; 0,5494475592859089; 0,49666175385937095; 0,5772586702369153; 0,19678277662023902
-17,299548368703345; 0,9795474112033844; 0,6776772341690958; 0,030675028916448355; 0,21611804515123367; 0,8144863145425916; 0,620049559045583; 0,29382644640281796; 0,8783257617615163; 0,1288529196754098; 0,38888673298060894
-17,185262985898383; 0,9084879863075912; 0,7804586286656559; 0,01559912459924817; 0,06552999839186668; 0,4235935276374221; 0,793176933657378; 0,2282305583357811; 0,12146316794678569; 0,9668125174939632; 0,31273295963183045
-17,522236666956097; 0,002837738487869501; 0,8703772290609777; 0,1273826309479773; 0,04141578217968345; 0,766208806540817; 0,5740952412597835; 0,32234496576711535; 0,5313762873411179; 0,49922311771661043; 0,3248581374064088
-17,68609084503496; 0,16136477049440145; 0,889578711707145; 0,9602295099757612; 0,9096270049922168; 0,7240971275605261; 0,5065354136750102; 0,9718614495359361; 0,9826821349561214; 0,6949804918840528; 0,3274837606586516
-17,696402198598122; 0,9568201671354473; 0,5249534244649112; 0,4005118296481669; 0,6030340064316988; 0,9946766346693039; 0,3851806675083935; 0,2297069006599486; 0,6378329368308187; 0,26970991399139166; 0,9948978265747428
-17,179871268872272; 0,7095889081247151; 0,37161842128261924; 0,2797029190696776; 0,20563742378726602; 0,7401329879648983; 0,9375462811440229; 0,3902685041539371; 0,4468731018714607; 0,022226484958082438; 0,9261499969288707
-17,54667591863746; 0,7920166556723416; 0,5462002386339009; 0,04283907264471054; 0,15075158886611462; 0,8799455245025456; 0,9559516753070056; 0,26164756901562214; 0,8468104619532824; 0,1002807761542499; 0,1477914140559733
-17,683823164057475; 0,734755284152925; 0,13226802740246058; 0,3438725881278515; 0,8128498611040413; 0,6643907800316811; 0,4121180674992502; 0,4446636359207332; 0,08900935435667634; 0,06945757940411568; 0,49079639418050647
-17,57227325189184; 0,6499848952516913; 0,9823187054134905; 0,833350888453424; 0,5547089753672481; 0,010482070967555046; 0,1877069086767733; 0,34331668075174093; 0,8247983241453767; 0,653837385121733; 0,9816131521947682
-17,68065256030823; 0,6882711602374911; 0,3016145573928952; 0,89806172484532; 0,2851272360421717; 0,42443300038576126; 0,5802673762664199; 0,29016691632568836; 0,9483598885126412; 0,6369730490259826; 0,3294018260203302
-17,6959359653082; 0,3597854496911168; 0,5728717525489628; 0,7099925731308758; 0,48907702788710594; 0,9632017696276307; 0,34896263387054205; 0,9868908277712762; 0,12688412237912416; 0,4555005566217005; 0,5031797084957361
-17,67496125577207; 0,3580876858904958; 0,6288143726997077; 0,03787731099873781; 0,04474767483770847; 0,05386629328131676; 0,38489584904164076; 0,9736230210401118; 0,3410538509488106; 0,04556960379704833; 0,176795260515064
-17,69517778367144; 0,1860843221656978; 0,014408902265131474; 0,358804517891258; 0,39068720443174243; 0,32555687613785267; 0,8204984241165221; 0,36228205263614655; 0,09525994444265962; 0,9659997439011931; 0,27171263098716736
-17,665756166229073; 0,9247268410399556; 0,8845631731674075; 0,2910592770203948; 0,4709798377007246; 0,2626475007273257; 0,21048778528347611; 0,4096506736241281; 0,5027858815155923; 0,14748171484097838; 0,020421382505446672
-17,600167433861532; 0,6038232403807342; 0,685733126476407; 0,5020566140301526; 0,34284450951963663; 0,42254693293944; 0,6397777837701142; 0,08096998557448387; 0,40355488890782; 0,41855520382523537; 0,5463648168370128
-17,49007799925504; 0,29767411667853594; 0,31877016788348556; 0,03363515296950936; 0,4676796989515424; 0,5960202608257532; 0,12047225749120116; 0,9575326121412218; 0,3007048359140754; 0,4456413541920483; 0,8371378113515675
-17,413797559286277; 0,14559955662116408; 0,7452420885674655; 0,3805233519524336; 0,764820936601609; 0,8418213692493737; 0,16329840617254376; 0,024799933657050133; 0,6190764983184636; 0,27329463232308626; 0,008192059583961964
-17,43330556512228; 0,8076668917201459; 0,5570315569639206; 0,49425327870994806; 0,7290795664303005; 0,43256185110658407; 0,17409724462777376; 0,41118548810482025; 0,9602120933122933; 0,4691879847086966; 0,8484526420943439
-17,568828668582782; 0,6703417696990073; 0,8615728351287544; 0,25659822346642613; 0,22053903946653008; 0,3114673146046698; 0,07124319160357118; 0,8127561220899224; 0,2501918044872582; 0,9240525127388537; 0,10041670827195048
-17,632062061000074; 0,30753291118890047; 0,41451938077807426; 0,9479781715199351; 0,30033722845837474; 0,8128280555829406; 0,33209995133802295; 0,8231412395834923; 0,535953055601567; 0,9478205018676817; 0,5149719677865505
-17,6498772783207; 0,6070391852408648; 0,6981719438917935; 0,3872862202115357; 0,2862227978184819; 0,8977564419619739; 0,5514757600612938; 0,7803737754002213; 0,6280616773292422; 0,8692780374549329; 0,2435643277131021
-17,69435547949689; 0,8045188360847533; 0,16374149126932025; 0,7499733092263341; 0,318624263163656; 0,23287503700703382; 0,26849054684862494; 0,031400480307638645; 0,8228054265491664; 0,021463577635586262; 0,6171968369744718
-17,664392126061045; 0,8502597357146442; 0,06937538180500269; 0,8802024670876563; 0,481134878937155; 0,9646847839467227; 0,9516040869057178; 0,7074153670109808; 0,5709663005545735; 0,7856881716288626; 0,844559702090919
-17,573545112786416; 0,64140400942415; 0,3754051080904901; 0,7422914025373757; 0,8116336497478187; 0,9478236748836935; 0,2751301806420088; 0,8109421040862799; 0,22413214575499296; 0,9356410736218095; 0,8697816585190594
-17,538165258187643; 0,8672724310308695; 0,8889614110812545; 0,24086263915523887; 0,6976874996908009; 0,2535992581397295; 0,20998657122254372; 0,2557426211424172; 0,18218137556686997; 0,18888972466811538; 0,03836885141208768
-17,67474860836348; 0,5424930606968701; 0,7498304517939687; 0,34318075282499194; 0,795921771787107; 0,2781853387132287; 0,37403126526623964; 0,8596896794624627; 0,10609781229868531; 0,8939832476899028; 0,7475273534655571
-17,502979342567194; 0,77652004128322; 0,5800582868978381; 0,5628449823707342; 0,7520232666283846; 0,3436887920834124; 0,21285647759214044; 0,07643642043694854; 0,9617909314110875; 0,4987305859103799; 0,6487059127539396
-17,34803733942874; 0,2448009424842894; 0,46344625297933817; 0,4351703585125506; 0,2730351444333792; 0,1292747538536787; 0,4595718956552446; 0,12910192320123315; 0,2834070925600827; 0,6573292342945933; 0,9126910124905407
-17,231240062879287; 0,6815755176357925; 0,5513418419286609; 0,06707601947709918; 0,7837922996841371; 0,73223547777161; 0,07066245935857296; 0,3606865890324116; 0,6285791844129562; 0,5233503510244191; 0,1257797577418387
-17,47471909120095; 0,8250060994178057; 0,15105436695739627; 0,4386248476803303; 0,7854472231119871; 0,5298318141140044; 0,9786495598964393; 0,778352303430438; 0,5919999610632658; 0,03820743318647146; 0,7101431405171752
-17,6953551993222; 0,3851886400952935; 0,6194276139140129; 0,6594485323876143; 0,25962774036452174; 0,9906323244795203; 0,9549408480525017; 0,8181363511830568; 0,1417101207189262; 0,0325310411863029; 0,2712329411879182
-17,60992159866085; 0,12242009537294507; 0,011338213924318552; 0,5840069195255637; 0,675698253326118; 0,02110788505524397; 0,24523489642888308; 0,6251447000540793; 0,8514255750924349; 0,8992303181439638; 0,8955334601923823
-17,69824295256302; 0,05661662761121988; 0,4369933092966676; 0,08689559297636151; 0,9995892881415784; 0,008015793282538652; 0,6018561264500022; 0,4789538695476949; 0,6719663492403924; 0,769374096300453; 0,7737516821362078
-17,58608252049738; 0,3469772241078317; 0,8581824949942529; 0,7019986817613244; 0,8143455195240676; 0,07650820724666119; 0,28018335718661547; 0,2712854016572237; 0,32630457216873765; 0,9410506058484316; 0,4023499693721533
-17,1868529323911; 0,7072456935420632; 0,6367628453299403; 0,09309983719140291; 0,4529368947260082; 0,712262125685811; 0,011694314889609814; 0,7488932316191494; 0,31949896877631545; 0,31591797061264515; 0,632322437595576
-17,252294834009458; 0,6438099592924118; 0,6265718010254204; 0,9407915002666414; 0,6846688464283943; 0,5561826643534005; 0,09199783904477954; 0,3540998320095241; 0,7806067685596645; 0,27661183336749673; 0,22069042269140482
-17,617616120365717; 0,32024145405739546; 0,22469218168407679; 0,9953614375554025; 0,2469671298749745; 0,7091250531375408; 0,6502178031951189; 0,8469976857304573; 0,18744271714240313; 0,8214251701720059; 0,8138893651776016
-17,236747935517943; 0,6807945561595261; 0,37715422734618187; 0,9572285767644644; 0,9851472326554358; 0,09366960125043988; 0,12136593461036682; 0,5507128136232495; 0,89646270358935; 0,15476991515606642; 0,7135538998991251
-17,696242185292846; 0,8989052646793425; 0,9641515403054655; 0,1623593159019947; 0,7711396059021354; 0,8373208148404956; 0,7070145499892533; 0,12424725200980902; 0,5628124619834125; 0,5744111444801092; 0,8146838014945388
-17,638001370338337; 0,7284693554975092; 0,5333642512559891; 0,4948592078872025; 0,8416858846321702; 0,542545651551336; 0,3389918217435479; 0,31591364927589893; 0,26358913956210017; 0,9144672681577504; 0,9906769203953445
-17,67947754642167; 0,31377478735521436; 0,7778553599491715; 0,973421392031014; 0,9248020080849528; 0,1268823971040547; 0,9166701245121658; 0,5150037133134902; 0,5659606638364494; 0,42004606034606695; 0,8387788063846529
-17,668065373297303; 0,9338476923294365; 0,4104998935945332; 0,2644019718281925; 0,2723888289183378; 0,18704854138195515; 0,9453566526062787; 0,806024213321507; 0,3174218609929085; 0,4289856497198343; 0,5354593629017472
-17,569820168425384; 0,9839527104049921; 0,7445502863265574; 0,26444211602211; 0,33345552859827876; 0,5506775374524295; 0,8976511699147522; 0,20889805629849434; 0,5396070606075227; 0,8046896639280021; 0,28892010310664773
-17,371988773636893; 0,682946250308305; 0,22607464669272304; 0,9611409921199083; 0,04029388912022114; 0,035175397992134094; 0,1909474264830351; 0,6787149445153773; 0,1387528907507658; 0,12715156562626362; 0,1177174630574882
-17,589730622399472; 0,6887942631728947; 0,7251238594762981; 0,9430908341892064; 0,9789626025594771; 0,9230701755732298; 0,35118227638304234; 0,852509617805481; 0,7926611504517496; 0,3306664302945137; 0,2090997714549303
-17,64494596259981; 0,11723581934347749; 0,5459937662817538; 0,9157938687130809; 0,888665980193764; 0,8952415967360139; 0,37366120237857103; 0,2422573477961123; 0,1310471473261714; 0,6928503783419728; 0,6796692032366991
-17,527473629180342; 0,7167664277367294; 0,9561123629100621; 0,6952305012382567; 0,9188164435327053; 0,6758970487862825; 0,2776418989524245; 0,13891090545803308; 0,45899747498333454; 0,8969832896254957; 0,24695823434740305
-17,68073832747205; 0,37786814849823713; 0,07650940306484699; 0,9502800325863063; 0,03409106004983187; 0,7148838099092245; 0,08498432813212276; 0,7937312694266438; 0,07754910504445434; 0,6932679461315274; 0,6635941667482257
-17,68167794351738; 0,9231560965999961; 0,17323209764435887; 0,3020513909868896; 0,9351281090639532; 0,6169030969031155; 0,4643090395256877; 0,6354989381507039; 0,41183008858934045; 0,6233517359942198; 0,05649047018960118
-17,690593207578203; 0,178030030336231; 0,1578517435118556; 0,16086776601150632; 0,5883967904374003; 0,12705992488190532; 0,3096893751062453; 0,07127866521477699; 0,548370277043432; 0,6056838245131075; 0,9153555138036609
-17,674822438215493; 0,008052953984588385; 0,5003830040805042; 0,4189174878410995; 0,14374355785548687; 0,3464150996878743; 0,06718055671080947; 0,5468706418760121; 0,8025178024545312; 0,8777632019482553; 0,39829847030341625
-17,695687335541017; 0,07336434768512845; 0,31858495995402336; 0,10066651925444603; 0,7928873640485108; 0,5993103007785976; 0,7480596625246108; 0,5519101796671748; 0,5780082521960139; 0,4115679250098765; 0,8156927144154906
-17,200469171542295; 0,07702738558873534; 0,2650637673214078; 0,8050098880194128; 0,5917330989614129; 0,267949185334146; 0,867581978905946; 0,7243310413323343; 0,9445770112797618; 0,46623714827001095; 0,40430439868941903
-17,59982389937938; 0,6920223194174469; 0,2462815591134131; 0,5759302233345807; 0,9624922405928373; 0,016618859954178333; 0,3453259039670229; 0,29411958111450076; 0,5735780471004546; 0,6232262938283384; 0,9910361524671316
-17,63735507733419; 0,9284988068975508; 0,8098234022036195; 0,05486912140622735; 0,33877974934875965; 0,16695193108171225; 0,379258057102561; 0,1892856559716165; 0,7046446399763227; 0,46085196547210217; 0,6729565747082233
-17,699255848462858; 0,20936809293925762; 0,6129272822290659; 0,2288136277347803; 0,6259847455658019; 0,3595092366449535; 0,5246854708530009; 0,13027482433244586; 0,5233044265769422; 0,6231253133155406; 0,5921489838510752
-17,68794969021837; 0,4790762672200799; 0,27085937559604645; 0,9471957613714039; 0,8607184044085443; 0,5090920641086996; 0,49871662398800254; 0,3384793349541724; 0,2918400806374848; 0,34041244722902775; 0,4669506917707622
-17,469114286161393; 0,0855998545885086; 0,9370987094007432; 0,5764870434068143; 0,7055263328365982; 0,9329474945552647; 0,17739516776055098; 0,10532942786812782; 0,2725917282514274; 0,0252070352435112; 0,3957702829502523
-17,68482985778794; 0,7851450373418629; 0,7837659306824207; 0,32009698869660497; 0,7375491205602884; 0,5586338494904339; 0,3763926662504673; 0,7440019976347685; 0,5107029885984957; 0,09820428444072604; 0,6363887521438301
-17,68640566048143; 0,6709655970335007; 0,7593099093064666; 0,7698431285098195; 0,21072873240336776; 0,736461843829602; 0,43425407260656357; 0,038485296070575714; 0,6836636988446116; 0,32979778572916985; 0,3798954547382891
-17,700532263251667; 0,7192906881682575; 0,19922097073867917; 0,04030488105490804; 0,42514889826998115; 0,8054107939824462; 0,9852199810557067; 0,49112752825021744; 0,6436095419339836; 0,06419679801911116; 0,33636605693027377
-17,187078321184106; 0,9933209465816617; 0,28106298903003335; 0,1851991624571383; 0,595404009334743; 0,2062180256471038; 0,9299467094242573; 0,5378110813908279; 0,4456735369749367; 0,07077953033149242; 0,4785339585505426
-17,69478923155563; 0,6140132481232285; 0,323221939150244; 0,709428324829787; 0,777154004201293; 0,1444354341365397; 0,5137117099948227; 0,869189796037972; 0,522186572663486; 0,4276946955360472; 0,9786686734296381
-17,663005600907105; 0,23843029281124473; 0,7830380606465042; 0,3114671027287841; 0,896988348569721; 0,5898419916629791; 0,9633568930439651; 0,3592827352695167; 0,7131244540214539; 0,87129668565467; 0,8667641882784665
-17,67570131605693; 0,2818834902718663; 0,5193315376527607; 0,192129943985492; 0,8091572462581098; 0,7935919803567231; 0,8457413865253329; 0,5724356514401734; 0,4810886960476637; 0,9660215242765844; 0,230657406616956
-17,68055488576956; 0,9390908116474748; 0,8065348230302334; 0,31573712220415473; 0,03675124468281865; 0,7293932870961726; 0,739286276511848; 0,29802160477265716; 0,0012578279711306095; 0,4637531186453998; 0,7720752265304327
-17,683019300347688; 0,8158946740441024; 0,25942762568593025; 0,9387539820745587; 0,0029626484028995037; 0,13656942546367645; 0,18496564542874694; 0,3050577430985868; 0,3732313667424023; 0,7983309188857675; 0,17435014247894287
-17,16715239610853; 0,6256602555513382; 0,6216182708740234; 0,6566193648613989; 0,5789645831100643; 0,4367134189233184; 0,8843114832416177; 0,5457283868454397; 0,6543125123716891; 0,6713251704350114; 0,34637992223724723
-17,184363321075; 0,46066226018592715; 0,8591573867015541; 0,6831828211434186; 0,5806458410806954; 0,5581567357294261; 0,8502917885780334; 0,3720975494943559; 0,886663855984807; 0,46258287969976664; 0,7957005240023136
-17,690839072156912; 0,6050453428179026; 0,6020746291615069; 0,7022358956746757; 0,8753894045948982; 0,3448237353004515; 0,8103268202394247; 0,3161674407310784; 0,49189417250454426; 0,08670730516314507; 0,3305790857411921
-17,53368240194429; 0,5245540486648679; 0,61145592154935; 0,10018987953662872; 0,2927423589862883; 0,5198288885876536; 0,35652028303593397; 0,4475282388739288; 0,6911295088939369; 0,6637452538125217; 0,8305303468368948
-17,67808333719856; 0,18104375852271914; 0,9434098801575601; 0,0007927929982542992; 0,22094549564644694; 0,8171328571625054; 0,2314092512242496; 0,6453726477921009; 0,8903369405306876; 0,3070803382433951; 0,5991306500509381
-17,455552012013243; 0,521135482005775; 0,06235177908092737; 0,6535012759268284; 0,23324076365679502; 0,9649134920910001; 0,29305039905011654; 0,6966481180861592; 0,14504407905042171; 0,9624973149038851; 0,5890573165379465
-17,440527500223173; 0,6002507722005248; 0,6933097490109503; 0,46520691877231; 0,5136778964661062; 0,2954912935383618; 0,12289718957617879; 0,8390998742543161; 0,3433814262971282; 0,21743182139471173; 0,5974851408973336
-17,699940480781045; 0,216465235222131; 0,3677749359048903; 0,14089324325323105; 0,10378690389916301; 0,49900593096390367; 0,07045174203813076; 0,7268526954576373; 0,1803597859106958; 0,6515185874886811; 0,9906492945738137
-17,6937897090503; 0,8732812572270632; 0,5647819079458714; 0,47200461756438017; 0,36675786320120096; 0,9733226923272014; 0,7729861261323094; 0,08885138062760234; 0,3305873298086226; 0,9385830978862941; 0,14910445548593998
-17,44121624272906; 0,7763995612040162; 0,5967608671635389; 0,369611126370728; 0,14605028787627816; 0,9513958422467113; 0,2557111131027341; 0,9098686263896525; 0,8198001384735107; 0,33878096798434854; 0,6464182026684284
-17,472557541132115; 0,1450914111919701; 0,030157281551510096; 0,5129029299132526; 0,9804777908138931; 0,9786857422441244; 0,2497260421514511; 0,8147880677133799; 0,18688507052138448; 0,5539538390003145; 0,762456969358027
-17,152415359064864; 0,7353785615414381; 0,18209447711706161; 0,8670877735130489; 0,6113771433010697; 0,1810192484408617; 0,9296046560630202; 0,9829601631499827; 0,4925308218225837; 0,917680274695158; 0,8232133989222348
-17,621868913709374; 0,19841225259006023; 0,9997456674464047; 0,4853819808922708; 0,3680044896900654; 0,20990984374657273; 0,6933366195298731; 0,7646241812035441; 0,1921267881989479; 0,8806974124163389; 0,6459867949597538
-17,69695112353493; 0,5843739695847034; 0,8641858384944499; 0,5901118381880224; 0,7853899169713259; 0,5646606795489788; 0,5896363710053265; 0,5525877759791911; 0,2432980863377452; 0,7613626378588378; 0,7787073571234941
-17,17764150524847; 0,9734270973131061; 0,501070003490895; 0,02884608879685402; 0,0463083628565073; 0,40087982127442956; 0,8385614934377372; 0,7635184819810092; 0,12343257013708353; 0,4732265812344849; 0,9403968746773899
-17,19195799217061; 0,6141206668689847; 0,2863288037478924; 0,10643198946490884; 0,020864265505224466; 0,13033964252099395; 0,06248671282082796; 0,9262969717383385; 0,324879199732095; 0,6141794882714748; 0,41888003097847104
-17,685730931199526; 0,5336033720523119; 0,5038469880819321; 0,7905677226372063; 0,48892076779156923; 0,1414031689055264; 0,2666142489761114; 0,6048355153761804; 0,6583209820091724; 0,10929186176508665; 0,34519175393506885
-17,197331701777905; 0,4634810504503548; 0,8886553677730262; 0,17631015926599503; 0,5281311324797571; 0,7670231093652546; 0,814104407094419; 0,9111152570694685; 0,9483345379121602; 0,9161374513059855; 0,4506264328956604
-17,60972157455203; 0,428566160146147; 0,6869086478836834; 0,4817624338902533; 0,9201957136392593; 0,20273702824488282; 0,33471235493198037; 0,5366983553394675; 0,9258261104114354; 0,9158381321467459; 0,7591573284007609
-17,689761438791; 0,38325780536979437; 0,5952209224924445; 0,8190592424944043; 0,8238142970949411; 0,34382248064503074; 0,7648945744149387; 0,48895500134676695; 0,522506735753268; 0,9793970622122288; 0,7231570426374674
-17,606792682868594; 0,6413221447728574; 0,22048312705010176; 0,05414481973275542; 0,6984300957992673; 0,4791475781239569; 0,8076845272444189; 0,12713870918378234; 0,9378160168416798; 0,7573134712874889; 0,17859840858727694
-17,699296004693498; 0,4266660613939166; 0,22594924550503492; 0,01340490859001875; 0,915010062046349; 0,282230616081506; 0,8102159444242716; 0,7206393424421549; 0,638985286001116; 0,913063648622483; 0,45786558790132403
-17,648204129305423; 0,07282674312591553; 0,07969639543443918; 0,03744398709386587; 0,7814622772857547; 0,9870225586928427; 0,868009403347969; 0,4703397951088846; 0,8692923034541309; 0,3071537665091455; 0,2463156203739345
-17,21299152729322; 0,030729735270142555; 0,5908324224874377; 0,8307248209603131; 0,62398323090747; 0,46366973454132676; 0,9032527864910662; 0,3792797508649528; 0,08294569374993443; 0,9809013232588768; 0,7520221681334078
-17,539492414637106; 0,3864210876636207; 0,6580120911821723; 0,6903954618610442; 0,335681427270174; 0,33181854616850615; 0,4038865314796567; 0,22082645492628217; 0,08187796641141176; 0,8153086174279451; 0,6222844682633877
-17,698909962015005; 0,9026984716765583; 0,3671131646260619; 0,30013120034709573; 0,6375110801309347; 0,9902930590324104; 0,47648585634306073; 0,6207233858294785; 0,6386852101422846; 0,250549609772861; 0,9360645487904549
-17,3061637815343; 0,3016347689554095; 0,9138138736598194; 0,5373047613538802; 0,4087673998437822; 0,6019908636808395; 0,06155678443610668; 0,8781936215236783; 0,6872163829393685; 0,8285811310634017; 0,791908772662282
-17,67806620163373; 0,626494178082794; 0,3946152552962303; 0,3712110724300146; 0,25744139961898327; 0,9307914520613849; 0,6525866440497339; 0,7691675941459835; 0,7191901109181345; 0,08279277430847287; 0,7997860107570887
-17,220792953964036; 0,28329057851806283; 0,08778903493657708; 0,5490874606184661; 0,7153588724322617; 0,824598544742912; 0,05861828289926052; 0,021199410781264305; 0,7418090524151921; 0,6599856158718467; 0,6647073552012444
-17,698844723560192; 0,7683115708641708; 0,25108203990384936; 0,30941281327977777; 0,7185208718292415; 0,9474728959612548; 0,5232024621218443; 0,40349846333265305; 0,34114872571080923; 0,7887771567329764; 0,7884707674384117
-17,669401618934515; 0,9523850134573877; 0,03246509050950408; 0,6655982020311058; 0,6699001700617373; 0,145360026974231; 0,31643706234171987; 0,8742633331567049; 0,5017090234905481; 0,08724039513617754; 0,33669956587255
-17,63825178983282; 0,9554754900746047; 0,9606801168993115; 0,2854098896495998; 0,5681474255397916; 0,7093751388601959; 0,2263916153460741; 0,9563512220047414; 0,95801539439708; 0,5527332182973623; 0,07221869798377156
-17,363742865964415; 0,4871842050924897; 0,5467426683753729; 0,9711678666062653; 0,048617351334542036; 0,6899944464676082; 0,5038388669490814; 0,5420907977968454; 0,0872681513428688; 0,7366019627079368; 0,877352221403271
-17,695784126229153; 0,3489757156930864; 0,9650224018841982; 0,7664886428974569; 0,9597006617113948; 0,12435285886749625; 0,7065258920192719; 0,7037760140374303; 0,2130742920562625; 0,5170408999547362; 0,7804837948642671
-17,691138986849918; 0,15367894992232323; 0,4444300006143749; 0,07296781614422798; 0,7285745018161833; 0,1300142058171332; 0,38132980605587363; 0,013501457870006561; 0,6544954064302146; 0,758841609582305; 0,33567379089072347
-17,691135382106015; 0,9437366859056056; 0,24530683178454638; 0,9056732812896371; 0,7760236361064017; 0,952457885723561; 0,684205393306911; 0,5953128393739462; 0,08061570348218083; 0,2660507629625499; 0,6657905140891671
-17,242739220988952; 0,007270857226103544; 0,05338002648204565; 0,5901225507259369; 0,7098810207098722; 0,31455017626285553; 0,06230055447667837; 0,04214047780260444; 0,41029682848602533; 0,03929351083934307; 0,570491025224328
-17,530038479143325; 0,8290147799998522; 0,9595909779891372; 0,5264615383930504; 0,28752708062529564; 0,3092039139010012; 0,5205609207041562; 0,19636946311220527; 0,6316352784633636; 0,8125457912683487; 0,3086992595344782
-17,6961546194674; 0,3378423065878451; 0,37972216587513685; 0,6640084781683981; 0,8157289675436914; 0,3816750240512192; 0,6662075333297253; 0,8812228697352111; 0,6753058671019971; 0,4032763419672847; 0,6596994418650866
-17,328723852144357; 0,9676744844764471; 0,3640207424759865; 0,8259418131783605; 0,42057442711666226; 0,3133267117664218; 0,5563633581623435; 0,8560881931334734; 0,904784990940243; 0,02795347012579441; 0,8986080596223474
-17,696322398927254; 0,47448760736733675; 0,3792467815801501; 0,3501341831870377; 0,9002993959002197; 0,3694446124136448; 0,5541902701370418; 0,773699298966676; 0,9432080150581896; 0,19245468266308308; 0,27593586733564734
-17,69854708719081; 0,038085462525486946; 0,2819337472319603; 0,3625942077487707; 0,03111505089327693; 0,9433403387665749; 0,8712066486477852; 0,08527354151010513; 0,6704541225917637; 0,6752672023139894; 0,285339976195246
-17,61716222874517; 0,9982213131152093; 0,2601327421143651; 0,11092157242819667; 0,20342049421742558; 0,5675102677196264; 0,07487529003992677; 0,1430904590524733; 0,5466388016939163; 0,34658175613731146; 0,07395680760964751
-17,678145706696558; 0,23039300786331296; 0,20383368991315365; 0,6314104693010449; 0,7715459358878434; 0,1556334625929594; 0,37964902305975556; 0,8788351351395249; 0,01898292824625969; 0,6184309893287718; 0,4840210578404367
-17,68891233770621; 0,25242377631366253; 0,6450668000616133; 0,6897831433452666; 0,5514896777458489; 0,23350691562518477; 0,5256594894453883; 0,6020477497950196; 0,3931335750967264; 0,40136487036943436; 0,4289920786395669
-17,586569731406183; 0,03810088103637099; 0,3089035898447037; 0,843670389149338; 0,16284240316599607; 0,15495973220095038; 0,7934644287452102; 0,7914088503457606; 0,38991303322836757; 0,12306546838954091; 0,8380341832526028
-17,67523549918337; 0,8212580373510718; 0,23334516258910298; 0,17804313078522682; 0,694407245144248; 0,5488154315389693; 0,3244250798597932; 0,8709301594644785; 0,2921098773367703; 0,24447272205725312; 0,006015865132212639
-17,697183575709552; 0,4577717869542539; 0,012517192400991917; 0,5748963938094676; 0,7538811205886304; 0,18943285336717963; 0,5682138944976032; 0,3825334501452744; 0,32792647974565625; 0,5901840552687645; 0,7069582478143275
-17,69487157933432; 0,7252250202000141; 0,4861695417203009; 0,3444464672356844; 0,20315802469849586; 0,8109070416539907; 0,12075655395165086; 0,1712519065476954; 0,057143686804920435; 0,4904909087345004; 0,1723409374244511
-17,54033433944466; 0,7462587580084801; 0,7113799666985869; 0,29700719472020864; 0,584095889236778; 0,4879001318477094; 0,17701645009219646; 0,14501911541447043; 0,540044023655355; 0,8117160587571561; 0,3972089486196637
-17,683701180379597; 0,7446659910492599; 0,2185547025874257; 0,6109873955138028; 0,512606234755367; 0,18073778226971626; 0,5058905477635562; 0,3179715252481401; 0,012738303281366825; 0,04163024760782719; 0,609076140448451
-17,566871455057367; 0,9932956299744546; 0,916347096208483; 0,6378187439404428; 0,3518529492430389; 0,8754233615472913; 0,6484407829120755; 0,26998112443834543; 0,5255641676485538; 0,7279603802599013; 0,11432863818481565
-17,700045029259655; 0,6998632000759244; 0,4316636468283832; 0,03260592557489872; 0,1875943737104535; 0,8249263679608703; 0,6908669443801045; 0,4987745792604983; 0,499302682466805; 0,8735816730186343; 0,5433036931790411
-17,475667279774335; 0,5322043714113533; 0,3921930594369769; 0,634296603500843; 0,5304485941305757; 0,9798004003241658; 0,6601251140236855; 0,004606000147759914; 0,8630332364700735; 0,5311197033151984; 0,7573356828652322
-17,695747924507913; 0,6815824834629893; 0,057779180351644754; 0,20187863567844033; 0,9552596304565668; 0,7313911551609635; 0,8799236426129937; 0,6255830428563058; 0,039780042599886656; 0,32350082229822874; 0,6525630350224674
-17,65936677879878; 0,21129460912197828; 0,2713724463246763; 0,5659861690364778; 0,2686804221011698; 0,782840708270669; 0,2881100829690695; 0,9818011443130672; 0,9978256304748356; 0,46651203045621514; 0,20021675387397408
-17,68829264728515; 0,4486270947381854; 0,00724740419536829; 0,11332082003355026; 0,14169879537075758; 0,6207460276782513; 0,2866145665757358; 0,2535944660194218; 0,3408390460535884; 0,507062800694257; 0,209827424492687
-17,6906817838586; 0,16323310555890203; 0,46491105761379004; 0,5070279948413372; 0,06232270551845431; 0,4197037606500089; 0,24768814351409674; 0,8591319150291383; 0,4634287445805967; 0,5686203725636005; 0,9235566859133542
-17,695224186214233; 0,7159571405500174; 0,8540968378074467; 0,7616110583767295; 0,37004192313179374; 0,6826167847029865; 0,2667668340727687; 0,2509553674608469; 0,775535823777318; 0,5925123649649322; 0,5168557991273701
-17,699059971692694; 0,19228508230298758; 0,7308800048194826; 0,35271875001490116; 0,3528031841851771; 0,6497768955305219; 0,7919344552792609; 0,8116296571679413; 0,12204505829140544; 0,02458677301183343; 0,17735394043847919
-17,323061984720624; 0,8355887248180807; 0,22645249124616385; 0,3921439331024885; 0,4437815719284117; 0,928869063500315; 0,07665831688791513; 0,4213800663128495; 0,7761635589413345; 0,469249642919749; 0,5795120294205844
-17,681262850554386; 0,013932712376117706; 0,31367875123396516; 0,17536645801737905; 0,43674528738483787; 0,8909597261808813; 0,8687066729180515; 0,8282865881919861; 0,8068776866421103; 0,5182974906638265; 0,27522965520620346
-17,608450031860162; 0,7784346472471952; 0,4578214595094323; 0,5323302340693772; 0,3955883551388979; 0,5978891490958631; 0,45159567380324006; 0,8016614504158497; 0,5079640578478575; 0,38279306422919035; 0,8045907872729003
-17,201871131437656; 0,8036325383000076; 0,004083130042999983; 0,5846919775940478; 0,5785526391118765; 0,5560440476983786; 0,8230365947820246; 0,20714199356734753; 0,2553048743866384; 0,036909465212374926; 0,30742018297314644
-17,69958646674708; 0,2566618020646274; 0,8641827604733407; 0,2652470516040921; 0,5789280044846237; 0,4407799057662487; 0,45432691834867; 0,05876629753038287; 0,2424265593290329; 0,9746640776284039; 0,9801315176300704
-17,425179371605335; 0,6865402502007782; 0,9252298176288605; 0,03545053955167532; 0,7362999184988439; 0,10462253168225288; 0,16316859889775515; 0,730709021911025; 0,9611047897487879; 0,6593397078104317; 0,6693602027371526
-17,54357244243707; 0,42740712873637676; 0,7986550950445235; 0,21729015419259667; 0,2658116244710982; 0,4890514309518039; 0,07970733428373933; 0,1305549736134708; 0,018031578976660967; 0,920086374040693; 0,7631516116671264
-17,595869491772955; 0,5120701803825796; 0,4174537621438503; 0,839230599347502; 0,9789615962654352; 0,7536817947402596; 0,35272098053246737; 0,19720803713425994; 0,1294408910907805; 0,42106275260448456; 0,4331769272685051
-17,653015391158213; 0,7364135016687214; 0,5188233479857445; 0,7226660246960819; 0,9525228478014469; 0,3830333352088928; 0,4142592386342585; 0,8386176428757608; 0,8751851380802691; 0,9447575439698994; 0,988273789640516
-17,689354727307236; 0,33912927145138383; 0,8371091615408659; 0,9831630070693791; 0,9818319492042065; 0,14159474801272154; 0,5841448963619769; 0,9212048077024519; 0,8517028740607202; 0,013726656790822744; 0,7651405427604914
-17,61024045106287; 0,5346589148975909; 0,10884735453873873; 0,023337654303759336; 0,7728532124310732; 0,711754459887743; 0,27448789961636066; 0,5345004410482943; 0,5026637902483344; 0,6087026414461434; 0,9814715734682977
-17,544657057924315; 0,8578899763524532; 0,18096718471497297; 0,1717687570489943; 0,8614903339184821; 0,9504605918191373; 0,2631587376818061; 0,6251312652602792; 0,16016953391954303; 0,3134296559728682; 0,8755636396817863
-17,69148959779647; 0,019938272424042225; 0,17095118155702949; 0,6137805078178644; 0,3525627409107983; 0,5427087363786995; 0,7333185849711299; 0,13580196583643556; 0,45602944027632475; 0,5312566859647632; 0,8982771495357156
-17,403293412601137; 0,8451604344882071; 0,37364300806075335; 0,8346793493255973; 0,6092676855623722; 0,632429061923176; 0,7799887065775692; 0,4956810548901558; 0,13667154917493463; 0,7049991898238659; 0,10062548378482461
-17,68485257908576; 0,25338969146832824; 0,5220895814709365; 0,8989571314305067; 0,9192818999290466; 0,35188802517950535; 0,8878067350015044; 0,08588892221450806; 0,3106986694037914; 0,745230688713491; 0,4031357215717435
-17,200174002881056; 0,5847824891097844; 0,5806895694695413; 0,06805172143504024; 0,9085783995687962; 0,8727149064652622; 0,04108604183420539; 0,2659284467808902; 0,41173615772277117; 0,9040651861578226; 0,7859048126265407
-17,695652641854295; 0,07785040279850364; 0,27952940110117197; 0,1527301473543048; 0,40282248985022306; 0,017982734367251396; 0,2295379382558167; 0,8384288745000958; 0,29636593582108617; 0,6082375841215253; 0,7134718815796077
-17,41527809315198; 0,4803976248949766; 0,7715081288479269; 0,9596918052993715; 0,4499624506570399; 0,8276126054115593; 0,10501445457339287; 0,6100863344036043; 0,41798555199056864; 0,2954775122925639; 0,2563006249256432
-17,287472005245064; 0,6627685930579901; 0,7891684286296368; 0,6390718496404588; 0,019402715377509594; 0,9538949262350798; 0,032237410079687834; 0,4769760980270803; 0,7608726159669459; 0,6453358489088714; 0,6595156756229699
-17,69781975600604; 0,04186974558979273; 0,5491951676085591; 0,5526612554676831; 0,584264846984297; 0,1303550684824586; 0,429285844322294; 0,22412613313645124; 0,24598670611158013; 0,9098176476545632; 0,6607418293133378
-17,632180109675645; 0,5775378923863173; 0,41492484230548143; 0,7970944414846599; 0,34254820505157113; 0,03553035482764244; 0,654596553184092; 0,09835840575397015; 0,77601163322106; 0,04050763929262757; 0,19497265806421638
-17,69695770922325; 0,3498434810899198; 0,8523331130854785; 0,14539405470713973; 0,34958262648433447; 0,4782620561309159; 0,20736940577626228; 0,8342947806231678; 0,487229700665921; 0,48772682854905725; 0,9727068077772856
-17,697324820565107; 0,556119978427887; 0,16768844425678253; 0,5459818383678794; 0,41266375314444304; 0,03736765496432781; 0,3054282017983496; 0,9371991469524801; 0,6470395703800023; 0,1672898535616696; 0,8769260887056589
-17,186209624931752; 0,4232782479375601; 0,9157119248993695; 0,35976339085027575; 0,29940083948895335; 0,9959922255948186; 0,45644793659448624; 0,8865942135453224; 0,5135318953543901; 0,7167687215842307; 0,04760933667421341
-17,69460699443465; 0,3171189911663532; 0,39431613264605403; 0,13655082415789366; 0,6807982889004052; 0,5426700036041439; 0,381853757891804; 0,8916889391839504; 0,049727071076631546; 0,8940697317011654; 0,5473567019216716
-17,667942686094147; 0,2709362404420972; 0,6228584512136877; 0,45874869683757424; 0,01787481689825654; 0,6287250737659633; 0,6394638456404209; 0,3256465047597885; 0,8041479662060738; 0,8014485286548734; 0,9437913163565099
-17,65845742779706; 0,3083507204428315; 0,40291231824085116; 0,9620136069133878; 0,8974464172497392; 0,16437192354351282; 0,40398992830887437; 0,6479434119537473; 0,7231194018386304; 0,19030787935480475; 0,0350633580237627
-17,599007586396258; 0,3146341582760215; 0,10567379742860794; 0,9195382636971772; 0,17219337029382586; 0,13465165253728628; 0,32233427511528134; 0,5581016419455409; 0,018239819444715977; 0,8868920975364745; 0,5703175975941122
-17,630742043494728; 0,8762622969225049; 0,7433581813238561; 0,027777330949902534; 0,5903398562222719; 0,8897888883948326; 0,22497810935601592; 0,8601441993378103; 0,3109671496786177; 0,8959329528734088; 0,11098580295220017
-17,641179816685007; 0,3217248972505331; 0,7540971343405545; 0,9786620554514229; 0,6648965422064066; 0,11078178277239203; 0,726100473664701; 0,05901980260387063; 0,06819838844239712; 0,923271406441927; 0,3507960136048496
-17,688995134645207; 0,5365248038433492; 0,1994475736282766; 0,009700757451355457; 0,20950732752680779; 0,44231021450832486; 0,2091242028400302; 0,9172453260980546; 0,8026257660239935; 0,3949468941427767; 0,09621610399335623
-17,508204540907343; 0,4674203749746084; 0,4915259825065732; 0,7523435708135366; 0,8354284558445215; 0,8931241980753839; 0,24028066219761968; 0,19388514291495085; 0,06349674286320806; 0,915357974357903; 0,8113787295296788
-17,694412513103508; 0,9240977899171412; 0,9662880282849073; 0,732249803841114; 0,752321086358279; 0,6290517472662032; 0,6343166055157781; 0,7412358745932579; 0,7410151013173163; 0,31298286048695445; 0,89987817639485
-17,678969640782206; 0,3368534152396023; 0,4530118899419904; 0,8686882816255093; 0,7948809592053294; 0,48735752468928695; 0,793915125541389; 0,02843402326107025; 0,15075228083878756; 0,2558594918809831; 0,4830550062470138
-17,665096908506854; 0,27851843275129795; 0,8627440645359457; 0,6135682077147067; 0,6776530649513006; 0,5499528730288148; 0,7166116684675217; 0,738656307104975; 0,7705810354091227; 0,019488953053951263; 0,17677997844293714
-17,197071352357806; 0,33012449089437723; 0,7159304660744965; 0,35748640447854996; 0,49018361046910286; 0,19525755615904927; 0,7498388118110597; 0,7690155399031937; 0,36071927566081285; 0,5557733462192118; 0,6049108416773379
-17,449352825417105; 0,6862583123147488; 0,20171562023460865; 0,5159960682503879; 0,7733819242566824; 0,12289510853588581; 0,1911541996523738; 0,46182725159451365; 0,313445704523474; 0,9982074368745089; 0,7107632416300476
-17,675689783080806; 0,06285067647695541; 0,6846711938269436; 0,02065708627924323; 0,08226747903972864; 0,7007665331475437; 0,16156525071710348; 0,3832626733928919; 0,053316292352974415; 0,5786229744553566; 0,3674280378036201
-17,219545082482586; 0,8187418072484434; 0,9221816887147725; 0,49097561137750745; 0,36528375186026096; 0,2715158383361995; 0,035430015064775944; 0,9444501562975347; 0,7105025299824774; 0,8800418353639543; 0,399736347142607
-17,45870995570472; 0,6747204535640776; 0,011784618720412254; 0,6899985866621137; 0,49512165877968073; 0,00321973767131567; 0,12692640302702785; 0,5489882179535925; 0,93918985594064; 0,4109593494795263; 0,7242183685302734
-17,62262052738063; 0,40570258582010865; 0,8859802545048296; 0,18446618784219027; 0,6477822405286133; 0,1345419017598033; 0,7380394679494202; 0,35265806782990694; 0,33953623846173286; 0,9942341870628297; 0,7635386739857495
-17,69426618209418; 0,6491710441187024; 0,683919167611748; 0,37624146742746234; 0,09554053889587522; 0,2459325292147696; 0,23231905233114958; 0,8169018290936947; 0,3872947315685451; 0,9618549454025924; 0,02983582904562354
-17,690420986844373; 0,834022244438529; 0,6057711821049452; 0,5477533275261521; 0,566756138112396; 0,3380165039561689; 0,32058291835710406; 0,07067083334550261; 0,2083568824455142; 0,13364590285345912; 0,9853214020840824
-17,206231291561163; 0,3295626873150468; 0,8380417232401669; 0,25721478881314397; 0,303788669873029; 0,9101212560199201; 0,44466871302574873; 0,9654978141188622; 0,575375537853688; 0,5862448001280427; 0,2828075746074319
-17,621619113241238; 0,9063419373705983; 0,14449610654264688; 0,07329919096082449; 0,4189962116070092; 0,6979796458035707; 0,4766999431885779; 0,4537269868887961; 0,022376304492354393; 0,7560145510360599; 0,9521220265887678
-17,50294112995881; 0,735532945021987; 0,4161297222599387; 0,9835022264160216; 0,9780006185173988; 0,09738640859723091; 0,2848167070187628; 0,5216145291924477; 0,5551764699630439; 0,8911534720100462; 0,8758127265609801
-17,69081067993718; 0,12990268552675843; 0,6824254221282899; 0,3689380791038275; 0,07848634151741862; 0,24253438273444772; 0,04256654158234596; 0,7561379028484225; 0,4116022172383964; 0,8832768620923162; 0,7733852718956769
-17,695544849897317; 0,5907324962317944; 0,034698227886110544; 0,10002897959202528; 0,22596345795318484; 0,49734184378758073; 0,47037240117788315; 0,7335991109721363; 0,2774110557511449; 0,7147345403209329; 0,6138193104416132
-17,64192246502331; 0,30483239237219095; 0,16846965812146664; 0,35581061569973826; 0,8658956154249609; 0,8488892782479525; 0,9600138757377863; 0,11330384202301502; 0,6035647415556014; 0,7733556693419814; 0,1644078311510384
-17,695881934462626; 0,24159662472084165; 0,7464796365238726; 0,6871946244500577; 0,18920539878308773; 0,7752607017755508; 0,7003721627406776; 0,260580244474113; 0,05288848280906677; 0,4390078214928508; 0,6191241685301065
-17,25551683271074; 0,46182764507830143; 0,1645683920942247; 0,2995220157317817; 0,144134184345603; 0,5030863271094859; 0,6365355257876217; 0,5183946401812136; 0,5606955992989242; 0,3615537113510072; 0,3776883357204497
-17,60285947987976; 0,282164772041142; 0,5450652656145394; 0,630505028180778; 0,2512118564918637; 0,841698742005974; 0,09029926033690572; 0,944003073964268; 0,7910581268370152; 0,8141520381905138; 0,16152721224352717
-17,599531532077947; 0,5357811003923416; 0,32907684054225683; 0,9053435148671269; 0,0028951787389814854; 0,8115537571720779; 0,4074928709305823; 0,671555541921407; 0,27861964516341686; 0,5262335054576397; 0,3929882156662643
-17,36457156540638; 0,5898669282905757; 0,2984385252930224; 0,44933495530858636; 0,7507262388244271; 0,3577244230546057; 0,1453650975599885; 0,4162926571443677; 0,8428249047137797; 0,07047718251124024; 0,509786041919142
-17,381519725053266; 0,47202190943062305; 0,7075799345038831; 0,9422915396280587; 0,4747167285531759; 0,7029829947277904; 0,10090507939457893; 0,2223264155909419; 0,47028180956840515; 0,496473778039217; 0,7543947715312243
-17,179802770079643; 0,6707138051278889; 0,9397092438302934; 0,2814745497889817; 0,5344215701334178; 0,736263130325824; 0,7962954980321229; 0,9661206966266036; 0,006752267945557833; 0,3800696604885161; 0,48293220344930887
-17,20534477144582; 0,06988705741241574; 0,772110978141427; 0,7659299802035093; 0,7082154485397041; 0,5211594947613776; 0,034360482823103666; 0,32577625708654523; 0,5436765351332724; 0,35253091156482697; 0,04851287975907326
-17,374465826393397; 0,4335274240002036; 0,5867998288013041; 0,21136877173557878; 0,3812447520904243; 0,8238664134405553; 0,5023442921228707; 0,32930762879550457; 0,9939431580714881; 0,41907351417467; 0,15444691246375442
-17,695022808922516; 0,12094049109145999; 0,4749833978712559; 0,31955363834276795; 0,22471874952316284; 0,5367198311723769; 0,208431881852448; 0,09212049096822739; 0,09098647348582745; 0,6770369973964989; 0,2762314393185079
-17,648192702086064; 0,9734988817945123; 0,71924321167171; 0,5237228618934751; 0,47094601253047585; 0,22338890796527267; 0,5126802907325327; 0,5649823010899127; 0,5917586567811668; 0,18328573647886515; 0,33471718803048134
-17,64411441892523; 0,8160324250347912; 0,6721229325048625; 0,8595058042556047; 0,0365244816057384; 0,8957672058604658; 0,7873821323737502; 0,31478449422866106; 0,5832638223655522; 0,9633439555764198; 0,68863072572276
-17,696687492269156; 0,29921084735542536; 0,3745671738870442; 0,27258566254749894; 0,6433405405841768; 0,1250748373568058; 0,38950546085834503; 0,3989008516073227; 0,29780760081484914; 0,29300546692684293; 0,614873677957803
-17,69100137249041; 0,035350960213690996; 0,6773473876528442; 0,9550273846834898; 0,16869276575744152; 0,27089288737624884; 0,8661610134877264; 0,8035423774272203; 0,6107926340773702; 0,06803434295579791; 0,16109022172167897
-17,195709398006226; 0,2588434759527445; 0,22014785232022405; 0,49174723122268915; 0,7371402936987579; 0,8874393850564957; 0,029063297901302576; 0,3900658683851361; 0,46759441681206226; 0,9290092596784234; 0,43615775648504496
-17,488558334878913; 0,84010313404724; 0,013020623475313187; 0,44774288358166814; 0,3608330814167857; 0,0542340106330812; 0,6428267979063094; 0,17479183431714773; 0,551588574424386; 0,5779562774114311; 0,7075509517453611
-17,409186312102044; 0,3790614656172693; 0,2942176586948335; 0,4926004153676331; 0,8550627399235964; 0,9208932886831462; 0,18704639142379165; 0,5356993838213384; 0,4690748485736549; 0,4372682445682585; 0,32035782700404525
-17,609136217430695; 0,779155483469367; 0,08157134102657437; 0,9864339702762663; 0,7226940030232072; 0,7923697172664106; 0,8154798415489495; 0,10913396580144763; 0,6936573600396514; 0,7487036595121026; 0,45668490836396813
-17,697740821010367; 0,930236286483705; 0,7603610088117421; 0,1433680411428213; 0,10179130919277668; 0,9194994871504605; 0,06297255121171474; 0,6648469879291952; 0,7759739584289491; 0,060663916170597076; 0,9091556333005428
-17,694810736652695; 0,8474192451685667; 0,18537268647924066; 0,11176881147548556; 0,02873155102133751; 0,36444339621812105; 0,8403282095678151; 0,17753621516749263; 0,9858811353333294; 0,7514344644732773; 0,9202340291813016
-17,61778894132289; 0,3722145245410502; 0,7124667735770345; 0,5277224164456129; 0,8102441937662661; 0,8541604238562286; 0,30319606279954314; 0,04786536376923323; 0,639833280351013; 0,17141136527061462; 0,5851894528605044
-17,697410861627308; 0,6239195112138987; 0,3608271824195981; 0,47835826920345426; 0,5999712194316089; 0,8085317360237241; 0,41939343977719545; 0,7363151675090194; 0,5956033417023718; 0,5388115788809955; 0,03811542131006718
-17,69103353479228; 0,3000394576229155; 0,12223199661821127; 0,9145733835175633; 0,9241254604421556; 0,8573843305930495; 0,5653137913905084; 0,439961816649884; 0,029888436198234558; 0,19428463326767087; 0,3883661152794957
-17,69173141087681; 0,09771621599793434; 0,1589742423966527; 0,9912220132537186; 0,7544885892421007; 0,7747068000026047; 0,4768794486299157; 0,5112732192501426; 0,45075804041698575; 0,1760631506331265; 0,9412613660097122
-17,661625868456735; 0,3941837134771049; 0,19460535794496536; 0,5573917590081692; 0,7931111990474164; 0,9024509489536285; 0,3522207085043192; 0,3606385523453355; 0,861160690896213; 0,014053874649107456; 0,0025399988517165184
-17,554719909435683; 0,7901857499964535; 0,7441330403089523; 0,45474635111168027; 0,27856157813221216; 0,7516009588725865; 0,5090815383009613; 0,6447934634052217; 0,6097701634280384; 0,10808136407285929; 0,006658890284597874
-17,212224301196542; 0,17945398250594735; 0,49450243590399623; 0,24117907881736755; 0,6231414577923715; 0,21605125023052096; 0,9596369559876621; 0,150541462469846; 0,5320961563847959; 0,7740161148831248; 0,39476478146389127
-17,662260748897356; 0,05069237621501088; 0,24365228740498424; 0,8390986179001629; 0,7878275676630437; 0,08568055834621191; 0,8341237902641296; 0,47948612459003925; 0,7897272985428572; 0,6518826354295015; 0,23016746109351516
-17,60622135191063; 0,7384005766361952; 0,16871973499655724; 0,5127932038158178; 0,8593053198419511; 0,3474261984229088; 0,9837776850908995; 0,29486627504229546; 0,29272654419764876; 0,5809988165274262; 0,6583931185305119
-17,655897455686855; 0,005860830191522837; 0,7957837423309684; 0,7413213904947042; 0,46137867914512753; 0,46629024343565106; 0,4968736725859344; 0,9788953019306064; 0,41545614693313837; 0,9175660125911236; 0,054050381761044264
-17,678199385890917; 0,18939454667270184; 0,5048168762587011; 0,27639357978478074; 0,9779795226640999; 0,166871914640069; 0,4636527979746461; 0,24189953925088048; 0,1298978067934513; 0,7964444640092552; 0,19607605133205652
-17,695557736353845; 0,40059610456228256; 0,2547567100264132; 0,579218449536711; 0,21298133861273527; 0,22947252774611115; 0,7796502285636961; 0,43044699961319566; 0,4653673730790615; 0,7222094442695379; 0,7745522237382829
-17,20365729573004; 0,15494542615488172; 0,2633486515842378; 0,9359733434394002; 0,37968947272747755; 0,07393295131623745; 0,02386314095929265; 0,21545001631602645; 0,7980533191002905; 0,7067910428158939; 0,42618090054020286
-17,680271308492937; 0,40595888160169125; 0,764696457888931; 0,9571907259523869; 0,2818144685588777; 0,28354351222515106; 0,5727937445044518; 0,20536490296944976; 0,3560861786827445; 0,6257774434052408; 0,15217940043658018
-17,687089425032642; 0,5219658236019313; 0,6136888726614416; 0,6700047515332699; 0,14517223602160811; 0,36582454666495323; 0,07914045546203852; 0,5789293390698731; 0,8804331016726792; 0,5342071135528386; 0,5386862200684845
-17,690922651078886; 0,720073735807091; 0,4743891512043774; 0,9974328619427979; 0,2997344536706805; 0,26524440571665764; 0,7145001920871437; 0,9645306509919465; 0,3824895857833326; 0,1055282587185502; 0,906126023735851
-17,22142520532981; 0,2906649112701416; 0,488396811299026; 0,47343896655365825; 0,13129062904044986; 0,14000189490616322; 0,38683207612484694; 0,5020937826484442; 0,26097209844738245; 0,8508732612244785; 0,5074414620175958
-17,68565678812671; 0,28163904463872313; 0,45077528804540634; 0,23572500562295318; 0,5057877502404153; 0,008200682699680328; 0,2546238601207733; 0,7471058503724635; 0,8947842405177653; 0,1729338187724352; 0,07982570072636008
-17,629707056127092; 0,7192564131692052; 0,8513765367679298; 0,8694082563742995; 0,6922771660611033; 0,004519763868302107; 0,2777828285470605; 0,08421928063035011; 0,42705830140039325; 0,1780296410433948; 0,5472823637537658
-17,457609115857174; 0,8860436137765646; 0,07803948875516653; 0,6448297621682286; 0,9912709728814662; 0,5015284181572497; 0,25568099645897746; 0,47607263270765543; 0,6075334162451327; 0,22690905863419175; 0,8475895207375288
-17,6720068665681; 0,37319247564300895; 0,9993555513210595; 0,44529143813997507; 0,4570794408209622; 0,40550633473321795; 0,2122339024208486; 0,7025512359105051; 0,8747737458907068; 0,7625952372327447; 0,3253829260356724
-17,6908617979831; 0,19861225970089436; 0,3911024983972311; 0,4283242109231651; 0,36533740209415555; 0,6783460364677012; 0,20095520373433828; 0,42067752266302705; 0,001355800312012434; 0,9245925382710993; 0,31286805029958487
-17,21063168891287; 0,7124537006020546; 0,43813021667301655; 0,04740692628547549; 0,6107929702848196; 0,18942343769595027; 0,039175369776785374; 0,06589770084246993; 0,4163449015468359; 0,6651147361844778; 0,6030206196010113
-17,61492443480889; 0,4930900684557855; 0,7218367075547576; 0,20970922149717808; 0,32396980421617627; 0,9542100573889911; 0,11799909174442291; 0,33917782781645656; 0,4743553791195154; 0,7071113190613687; 0,011803539004176855
-17,650204582833613; 0,9647319545038044; 0,9580260547809303; 0,40677621914073825; 0,2792471800930798; 0,4563685324974358; 0,5389564419165254; 0,9502477888017893; 0,3141984296962619; 0,503421459812671; 0,7548481239937246
-17,27525159296409; 0,16048350743949413; 0,012319659814238548; 0,5100536206737161; 0,6809620917774737; 0,17711693653836846; 0,08306923694908619; 0,000924533698707819; 0,1996762971393764; 0,6350667770020664; 0,593118601012975
-17,69528288860982; 0,452000574208796; 0,6858779415488243; 0,5658356919884682; 0,7025169632397592; 0,45247766515240073; 0,4445958840660751; 0,2092701899819076; 0,27757107373327017; 0,5999779161065817; 0,38271841313689947
-17,382132770480354; 0,7502819090150297; 0,9414408495649695; 0,6639746208675206; 0,023550976999104023; 0,3341652140952647; 0,71596470894292; 0,8091790052130818; 0,9507287167944014; 0,9733509169891477; 0,020210430957376957
-17,687537406216137; 0,973152722697705; 0,11350786034017801; 0,5371516919694841; 0,9134719744324684; 0,07934397738426924; 0,4956966396421194; 0,8821896775625646; 0,7628289498388767; 0,661929068621248; 0,9728419464081526
-17,56112336266532; 0,6326548755168915; 0,14514958392828703; 0,1724107339978218; 0,7106402642093599; 0,7237788215279579; 0,8483794033527374; 0,9291001316159964; 0,24141383916139603; 0,7850970420986414; 0,4153657150454819
-17,68722871200579; 0,29153357446193695; 0,11465793661773205; 0,205006399191916; 0,9596808850765228; 0,6905425200238824; 0,4905713861808181; 0,5718733905814588; 0,044914070051163435; 0,5004266574978828; 0,3005384672433138
-17,67462918675998; 0,9274497800506651; 0,1134490305557847; 0,2656174642033875; 0,5564819243736565; 0,03645366383716464; 0,2612612801603973; 0,9870442263782024; 0,867956570815295; 0,49587685242295265; 0,17734475899487734
-17,696716880809113; 0,6492140083573759; 0,9198497030884027; 0,10233355266973376; 0,019294789526611567; 0,21067024394869804; 0,017779208719730377; 0,5446953377686441; 0,03917984338477254; 0,3019753838889301; 0,12798536429181695
-17,215135415142743; 0,13492386089637876; 0,08300542831420898; 0,16941971564665437; 0,0920652849599719; 0,40084119560196996; 0,5528819765895605; 0,3700578520074487; 0,7658658344298601; 0,30521013122051954; 0,55483905877918
-17,18704938094238; 0,19506429228931665; 0,5395278315991163; 0,83743761992082; 0,08934066630899906; 0,357951114885509; 0,13749427301809192; 0,9059174247086048; 0,03867419110611081; 0,27910760696977377; 0,9508682074956596
-17,555276206037515; 0,26786588272079825; 0,46929565304890275; 0,6340199955739081; 0,19328266475349665; 0,8902030005119741; 0,52230652468279; 0,3679637787863612; 0,7242240807972848; 0,47466686833649874; 0,3206713325344026
-17,603632351079458; 0,6057718410156667; 0,08995591010898352; 0,44054559897631407; 0,6215756363235414; 0,60500632179901; 0,7149497210048139; 0,9815710377879441; 0,5998781118541956; 0,05631461087614298; 0,5601184102706611
-17,67697663632002; 0,20501456316560507; 0,12931033363565803; 0,4813311477191746; 0,920273769646883; 0,002606394235044718; 0,9476524707861245; 0,3016937575303018; 0,12307183025404811; 0,2851130859926343; 0,43966103764250875
-17,20432284953775; 0,8840256948024035; 0,9444880625233054; 0,31951608369126916; 0,298253558576107; 0,8265979364514351; 0,4264816320501268; 0,389088427182287; 0,9867650186643004; 0,9391274754889309; 0,95103446720168
-17,267956595647433; 0,2937128343619406; 0,3231674022972584; 0,9616778632625937; 0,6990923197008669; 0,4925421914085746; 0,9606453008018434; 0,5294129443354905; 0,5343253682367504; 0,3122025365009904; 0,8608226939104497
-17,2038839537929; 0,4012535559013486; 0,6399738863110542; 0,5316337714903057; 0,6345002078451216; 0,004279553424566984; 0,03670446015894413; 0,28530197124928236; 0,6188025576993823; 0,3633557911962271; 0,4959440021775663
-17,66650099691789; 0,47895260713994503; 0,6714570890180767; 0,8146779146045446; 0,12027108296751976; 0,5032340926118195; 0,05610179761424661; 0,6667099636979401; 0,8926737387664616; 0,9797716592438519; 0,06680411752313375
-17,207194962304815; 0,8416999122127891; 0,00012663844972848892; 0,4070506184361875; 0,661974239628762; 0,6962435599416494; 0,9416820458136499; 0,22724249074235559; 0,16573634836822748; 0,44211259949952364; 0,06941872928291559
-17,570600469586633; 0,3094120710156858; 0,033384551759809256; 0,042760057374835014; 0,1929580974392593; 0,8270754935219884; 0,5213892920874059; 0,11142166005447507; 0,0014988030306994915; 0,03935212595388293; 0,2500983136706054
-17,694577423344207; 0,4244349068030715; 0,48867130232974887; 0,8801022339612246; 0,5730124148540199; 0,7515449747443199; 0,4402199937030673; 0,8843390089459717; 0,9620599336922169; 0,11629818193614483; 0,9984441278502345
-17,69593421586685; 0,2398775345645845; 0,5307850101962686; 0,7135273194871843; 0,5951249315403402; 0,8813860765658319; 0,41795025765895844; 0,5640189275145531; 0,8502991646528244; 0,1752737364731729; 0,6912060836330056
-17,44598000533844; 0,23935533687472343; 0,5546472324058414; 0,3322823364287615; 0,44841594574972987; 0,486859240103513; 0,10491582145914435; 0,8036079704761505; 0,8955492996610701; 0,5624951045028865; 0,29680727142840624
-17,694473342461677; 0,2978741549886763; 0,7351546511054039; 0,8117792243137956; 0,35060614440590143; 0,11767447646707296; 0,23356638243421912; 0,450333496555686; 0,12602485856041312; 0,7575289811939001; 0,6378253069706261
-17,6992296822822; 0,5948527483269572; 0,6303785648196936; 0,04097494622692466; 0,9256162154488266; 0,2160544153302908; 0,5836090194061399; 0,4544487507082522; 0,1938360407948494; 0,484886116348207; 0,8275874727405608
-17,672293752365004; 0,06369969109073281; 0,8513330477289855; 0,6811320674605668; 0,6078162952326238; 0,9932889938354492; 0,6302152946591377; 0,976789825130254; 0,6837196378037333; 0,06835447903722525; 0,11896139942109585
-17,691751442122545; 0,5775255411863327; 0,4931285730563104; 0,5732555240392685; 0,1796884536743164; 0,4735249108634889; 0,9177650869823992; 0,4974419684149325; 0,3162672892212868; 0,9340499835088849; 0,5689758569933474
-17,69498655393222; 0,17809279216453433; 0,7954625952988863; 0,79120061872527; 0,10058680595830083; 0,5553129967302084; 0,37166197458282113; 0,9570031235925853; 0,9270513383671641; 0,14164584875106812; 0,32801642222329974
-17,53735331581916; 0,33696835627779365; 0,13867855025455356; 0,06948604620993137; 0,5184199875220656; 0,807763506192714; 0,9339418062008917; 0,6882819212041795; 0,554095484316349; 0,05524228839203715; 0,34009605599567294
-17,699684808692183; 0,49990730825811625; 0,2342770416289568; 0,09056485118344426; 0,7721471451222897; 0,4551547719165683; 0,5085374191403389; 0,9316005492582917; 0,4382857056334615; 0,1748922155238688; 0,8203891068696976
-17,69945866681876; 0,8418255359865725; 0,2410714034922421; 0,23659650282934308; 0,7744862707331777; 0,12150694942101836; 0,585915713571012; 0,1461507617495954; 0,7737828576937318; 0,0015968726947903633; 0,37653494393453
-17,428530956760397; 0,08370947418734431; 0,3988245064392686; 0,1369041921570897; 0,4020471223630011; 0,10993545176461339; 0,6932103517465293; 0,9453391623683274; 0,9436784773133695; 0,7866067541763186; 0,7889398192055523
-17,47219386922954; 0,2146487534046173; 0,38080204278230667; 0,31410748045891523; 0,15342421224340796; 0,5385554111562669; 0,03838004590943456; 0,07582088466733694; 0,008882397785782814; 0,48737648921087384; 0,9324729884974658
-17,694813256503295; 0,7282750704325736; 0,5387573130428791; 0,8157222219742835; 0,5404452201910317; 0,6950751687400043; 0,39921657321974635; 0,18736016564071178; 0,44145710626617074; 0,2590423016808927; 0,7379250666126609
-17,33893415818472; 0,14515610318630934; 0,31216194247826934; 0,5380065822973847; 0,44497852912172675; 0,07120055053383112; 0,0744678070768714; 0,2990762791596353; 0,42474812595173717; 0,6869806977920234; 0,24926493922248483
-17,385453856358232; 0,9396294294856489; 0,4995315526612103; 0,24903137749060988; 0,49932786589488387; 0,8265937468968332; 0,6500456468202174; 0,6122387023642659; 0,4846737585030496; 0,4478775910101831; 0,6173978922888637
-17,69579805411507; 0,8732916684821248; 0,24514034111052752; 0,048881057649850845; 0,9851181441918015; 0,6392956515774131; 0,5643321927636862; 0,5241200323216617; 0,999919313006103; 0,10838565556332469; 0,2892947909422219
-17,34758655394954; 0,660514937248081; 0,5135046537034214; 0,3804426654241979; 0,3225376270711422; 0,2797461347654462; 0,4279883583076298; 0,15708797192201018; 0,9565538731403649; 0,3451451607979834; 0,6915651238523424
-17,697889065045118; 0,18733822414651513; 0,8723612986505032; 0,36322360066697; 0,7475516791455448; 0,22657695272937417; 0,4867491931654513; 0,7543471637181938; 0,5092701260000467; 0,7458672509528697; 0,11730964248999953
-17,611297717072564; 0,21912391018122435; 0,2736515998840332; 0,4451767085120082; 0,18225905019789934; 0,8252784265205264; 0,8915566233918071; 0,178914203774184; 0,27424453664571047; 0,7464913977310061; 0,6967046214267612
-17,697458355917384; 0,9580223099328578; 0,08025574777275324; 0,4825063101015985; 0,06803085282444954; 0,8838119739666581; 0,6665584845468402; 0,9851913056336343; 0,7494974415749311; 0,3142684265039861; 0,9061738303862512
-17,628306001568678; 0,6890124343335629; 0,9666827218607068; 0,2223829422146082; 0,024326805025339127; 0,6836303602904081; 0,6149755213409662; 0,8300203965045512; 0,003213833086192608; 0,7357947025448084; 0,3500739489682019
-17,303179719187252; 0,4274345589801669; 0,9758854252286255; 0,6779764466919005; 0,02797739813104272; 0,03328304970636964; 0,4266201462596655; 0,7480487357825041; 0,956365660764277; 0,830433925613761; 0,06118140555918217
-17,674414777826126; 0,6931010917760432; 0,9058625441975892; 0,5374324112199247; 0,7922789994627237; 0,011257814709097147; 0,8165432843379676; 0,9409209829755127; 0,6765295816585422; 0,6271086991764605; 0,2140558692626655
-17,42156425732041; 0,7784679769538343; 0,8868804592639208; 0,07765946164727211; 0,2757159653119743; 0,8017257093451917; 0,4776729978621006; 0,3842330100014806; 0,5574656170792878; 0,673872200306505; 0,5695630125701427
-17,688529225985686; 0,10487121436744928; 0,14392541628330946; 0,6210120585747063; 0,4721539309248328; 0,6460502492263913; 0,2578595797531307; 0,0335994865745306; 0,532795921433717; 0,19475239282473922; 0,41864233976230025
-17,630251390648457; 0,6786560681648552; 0,0624059303663671; 0,8969518067315221; 0,936020010150969; 0,6263168198056519; 0,37794367829337716; 0,4428603397682309; 0,4056542203761637; 0,46081869630143046; 0,07438230141997337
-17,695342806028687; 0,5957392412237823; 0,22401533275842667; 0,5532721285708249; 0,7941978834569454; 0,2567132022231817; 0,6936355452053249; 0,1458350569009781; 0,4184761396609247; 0,5851788590662181; 0,7059294618666172
-17,361637864697485; 0,23044256586581469; 0,35831800382584333; 0,7415108298882842; 0,7156689604744315; 0,49715143581852317; 0,9439379405230284; 0,8180595985613763; 0,843630310613662; 0,5092879184521735; 0,3644769014790654
-17,677899907150394; 0,9346467480063438; 0,9749193070456386; 0,49597897846251726; 0,31744753662496805; 0,5930979060940444; 0,8023159927688539; 0,4411981524899602; 0,004543561954051256; 0,23773574316874146; 0,8357676197774708
-17,695029185911416; 0,2148616360500455; 0,473716136533767; 0,6434797267429531; 0,8391717015765607; 0,9083864474669099; 0,7312632580287755; 0,7783475806936622; 0,5565835065208375; 0,024990260135382414; 0,11632314696907997
-17,52878433494862; 0,8320976784452796; 0,7230491996742785; 0,5674376161769032; 0,7166640809737146; 0,25132889999076724; 0,21577756060287356; 0,7276741922833025; 0,7160954307764769; 0,30572846764698625; 0,5632683779112995
-17,444075572197644; 0,4272281024605036; 0,29330968763679266; 0,14443531539291143; 0,1526023424230516; 0,7393271434120834; 0,2659379718825221; 0,6746763223782182; 0,05304543813690543; 0,5783771052956581; 0,456824722699821
-17,66380589827292; 0,3941466361284256; 0,7921461630612612; 0,8550981404259801; 0,23551848204806447; 0,43610575422644615; 0,9582296968437731; 0,07812238112092018; 0,474081008695066; 0,19801086327061057; 0,6998854614794254
-17,61471278739632; 0,36953048035502434; 0,8034171238541603; 0,4729066463187337; 0,5912142670713365; 0,01646537333726883; 0,6749108266085386; 0,3414839571341872; 0,062025540973991156; 0,6990105602890253; 0,1603123531676829
-17,342879700025684; 0,1469284500926733; 0,1730074197985232; 0,04786702245473862; 0,4605134706944227; 0,7242211564444005; 0,7691576383076608; 0,7528344485908747; 0,5806639310903847; 0,09466319484636188; 0,8797941943630576
-17,273897114695387; 0,9320683293044567; 0,28412304166704416; 0,5567563334479928; 0,7461685221642256; 0,690124015789479; 0,10913809901103377; 0,6618615966290236; 0,19044342869892716; 0,8680640296079218; 0,27579836593940854
-17,643731894064768; 0,5672289677895606; 0,6522003971040249; 0,700557422824204; 0,1312328102067113; 0,1240943274460733; 0,054559544660151005; 0,009628881700336933; 0,8780003464780748; 0,8518127305433154; 0,4169462672434747
-17,65842254592541; 0,8134670695289969; 0,07894354220479727; 0,2980595491826534; 0,7522080619819462; 0,9160341648384929; 0,3248823741450906; 0,4464731775224209; 0,2116776849143207; 0,8356138844974339; 0,8599763228558004
-17,62206720330551; 0,8085656394250691; 0,48604410514235497; 0,9973301896825433; 0,10090900585055351; 0,153679508715868; 0,1922926101833582; 0,27484188275411725; 0,9661899777129292; 0,4248986402526498; 0,5533597548492253
-17,416303450383413; 0,16454918216913939; 0,11228644894436002; 0,25548373721539974; 0,5425555841065943; 0,3672990086488426; 0,7036660802550614; 0,8054282176308334; 0,3831794220022857; 0,027546427212655544; 0,6569671952165663
-17,67712473195546; 0,8830055803991854; 0,2535652848891914; 0,1749787568114698; 0,9851087415590882; 0,4785352083854377; 0,46620783349499106; 0,002542216796427965; 0,48967053461819887; 0,05052174814045429; 0,6920165433548391
-17,698497357882736; 0,5212344215251505; 0,12870950577780604; 0,35773836215958; 0,831140904687345; 0,17432110384106636; 0,5827947854995728; 0,4207582427188754; 0,5770465508103371; 0,7353721130639315; 0,7232365184463561
-17,595070096492346; 0,391393075697124; 0,23545863293111324; 0,54477858543396; 0,011289980728179216; 0,9554206850007176; 0,9412830010987818; 0,8100409936159849; 0,8225597939454019; 0,5814763237722218; 0,8555007870309055
-17,63715586590537; 0,8891678894869983; 0,6650678762234747; 0,8900844715535641; 0,1596479183062911; 0,8108591008931398; 0,4157032002694905; 0,42645068746060133; 0,6887855068780482; 0,8598361792974174; 0,919691814109683
-17,690658875137885; 0,8498954558745027; 0,7819656287319958; 0,8978177458047867; 0,5377542930655181; 0,7716314122080803; 0,4811144405975938; 0,14724496798589826; 0,9995037782937288; 0,4679160974919796; 0,3683706587180495
-17,688928573783187; 0,9592627133242786; 0,9438334102742374; 0,7993291253224015; 0,9943806841038167; 0,6038221204653382; 0,5762632731348276; 0,3447886426001787; 0,8577405540272593; 0,881039316765964; 0,36464148946106434
-17,689581689039056; 0,1441893265582621; 0,34798538126051426; 0,9041564790531993; 0,4475672277621925; 0,10806270688772202; 0,9366259081289172; 0,7481263251975179; 0,3236411060206592; 0,030710427556186914; 0,8612219975329936
-17,21036422696938; 0,29219857323914766; 0,7839587121270597; 0,16632328741252422; 0,2446721368469298; 0,0995643837377429; 0,36201560869812965; 0,843737949617207; 0,9955999189987779; 0,05949237896129489; 0,22979104658588767
-17,67024370022811; 0,08466083463281393; 0,09141908911988139; 0,8111297059804201; 0,41168106254190207; 0,11743656359612942; 0,19420753978192806; 0,8066095011308789; 0,723036827519536; 0,14454365521669388; 0,6585192708298564
-17,681007695095012; 0,5328070889227092; 0,9669224717654288; 0,8326771357096732; 0,8494225949980319; 0,3786807097494602; 0,8401802959851921; 0,3168141548521817; 0,08686464466154575; 0,9956708862446249; 0,5972812422551215
-17,424695411095954; 0,11189379496499896; 0,9277148619294167; 0,1915639005601406; 0,5749174668453634; 0,6491402010433376; 0,7443424765951931; 0,8604042804799974; 0,12805059598758817; 0,9622412454336882; 0,12834527203813195
-17,41779654802353; 0,9061906901188195; 0,973638501483947; 0,6474770200438797; 0,3594024693593383; 0,3520097811706364; 0,6264200126752257; 0,052233314141631126; 0,37271712766960263; 0,9307663617655635; 0,6491283006034791
-17,555498819979615; 0,32340306090191007; 0,37381976330652833; 0,5216921279206872; 0,2861533439718187; 0,307944820728153; 0,5218812227249146; 0,42607012623921037; 0,18682156270369887; 0,7896418427117169; 0,6210064003244042
-17,453941383366022; 0,39218982635065913; 0,8370841993018985; 0,20003321766853333; 0,4949940452352166; 0,18716533482074738; 0,6293493858538568; 0,22540756035596132; 0,9753762278705835; 0,5260782125405967; 0,8112456924282014
-17,336339119697914; 0,3358280938118696; 0,24286463437601924; 0,8127715052105486; 0,443304140586406; 0,8894672431051731; 0,7491170819848776; 0,8821014687418938; 0,4461363237351179; 0,1904873582534492; 0,7444436801597476
-17,311053621251922; 0,8286044131964445; 0,03559416485950351; 0,15157865826040506; 0,029740567319095135; 0,16389265935868025; 0,7678691181354225; 0,5499536697752774; 0,38336965534836054; 0,9244872299022973; 0,695135893765837
-17,424666864784538; 0,4487837189808488; 0,2094388077966869; 0,5001876349560916; 0,5762173403054476; 0,9800356328487396; 0,13240480283275247; 0,7630088035948575; 0,27545723924413323; 0,6266750893555582; 0,6708468324504793
-17,665257914199007; 0,8040023054927588; 0,6635706992819905; 0,39951812801882625; 0,15729893697425723; 0,4843799299560487; 0,166744330432266; 0,47739486303180456; 0,46310952538624406; 0,0327931079082191; 0,36162491608411074
-17,189906027855745; 0,5705303600989282; 0,5869154827669263; 0,7111240183003247; 0,44437915179878473; 0,5667149340733886; 0,02923975046724081; 0,818077927455306; 0,7163092950358987; 0,5256674992851913; 0,38683919608592987
-17,25191468723035; 0,8736531711183488; 0,40696084033697844; 0,49808255257084966; 0,14062096318230033; 0,7554614404216409; 0,867075439542532; 0,69389987597242; 0,43507265392690897; 0,5066694035194814; 0,5992874442599714
-17,69237088460525; 0,19536652695387602; 0,3567557339556515; 0,4510564971715212; 0,7379735163412988; 0,5764994649216533; 0,4178556324914098; 0,8542853039689362; 0,222952616866678; 0,0019248723983764648; 0,682029309682548
-17,557511832628073; 0,9059233171865344; 0,2704165712930262; 0,7051585749723017; 0,8152043367736042; 0,3879626956768334; 0,9642228758893907; 0,4135959451086819; 0,19459356600418687; 0,8681878796778619; 0,5727810761891305
-17,153193535594458; 0,9385707667097449; 0,2742044059559703; 0,5815015365369618; 0,03855436109006405; 0,7821423006244004; 0,11633729794993997; 0,38739818148314953; 0,6195173389278352; 0,5211716508492827; 0,854550457559526
-17,294740433167497; 0,8627886460162699; 0,5258439681492746; 0,37166626565158367; 0,6042299531400204; 0,7340660225600004; 0,8191510192118585; 0,6359340464696288; 0,30880520585924387; 0,6680026343092322; 0,8982527167536318
-17,68808658459005; 0,13452099496498704; 0,014142563566565514; 0,7222557696513832; 0,7595544443465769; 0,6210693623870611; 0,41923843463882804; 0,9888975662179291; 0,68088857550174; 0,7614105348475277; 0,1909798150882125
-17,164843493908922; 0,5598578094504774; 0,32986707566305995; 0,7829208071343601; 0,8474885825999081; 0,753983891569078; 0,02312462218105793; 0,655735463835299; 0,8369701760821044; 0,2465181825682521; 0,3802617099136114
-17,697039123353218; 0,20677930489182472; 0,9923809911124408; 0,11890581296756864; 0,7193807065486908; 0,9663348440080881; 0,4239429170265794; 0,9630365655757487; 0,023412614595144987; 0,9947226233780384; 0,681125090457499
-17,70022038841627; 0,08176286239176989; 0,8870358746498823; 0,17724543390795588; 0,448855375405401; 0,07874198025092483; 0,31729428516700864; 0,5080607268027961; 0,6942062238231301; 0,9050564230419695; 0,40083819907158613
-17,6345101895458; 0,4049297207966447; 0,4293577098287642; 0,019698186311870813; 0,5339937289245427; 0,6484066266566515; 0,6023111077956855; 0,7887680125422776; 0,8702464429661632; 0,5808098851703107; 0,5310185258276761
-17,699034566864434; 0,16862017195671797; 0,713798581622541; 0,36072504706680775; 0,3634930709376931; 0,13991699926555157; 0,2852669577114284; 0,8361965594813228; 0,8911305987276137; 0,29520391998812556; 0,2223633793182671
-17,492451548721945; 0,41210280172526836; 0,5220925468020141; 0,36405451549217105; 0,01152465958148241; 0,5882093911059201; 0,17704779375344515; 0,897463015280664; 0,4866671091876924; 0,2971720886416733; 0,9726206893101335
-17,611043596851456; 0,11644937936216593; 0,8131892336532474; 0,024096061009913683; 0,0726321917027235; 0,45001860288903117; 0,7928977045230567; 0,5812008515931666; 0,2799809346906841; 0,586222245823592; 0,5282216579653323
-17,413340643450926; 0,36928869830444455; 0,49463958479464054; 0,48817054042592645; 0,21406117221340537; 0,14435194246470928; 0,36997711565345526; 0,9024005453102291; 0,7037407304160297; 0,19391983654350042; 0,8455460080876946
-17,550119455826692; 0,13394180592149496; 0,8330910950899124; 0,7505229893140495; 0,7090186984278262; 0,7761033223941922; 0,2216677637770772; 0,9159711957909167; 0,31112056225538254; 0,9885350512340665; 0,24147288966923952
-17,464737528919372; 0,24258435936644673; 0,36370846815407276; 0,14605654682964087; 0,5637359502725303; 0,494954370893538; 0,9875509450212121; 0,778211128897965; 0,8183880788274109; 0,020564657170325518; 0,4763540392741561
-17,46213669942832; 0,4728217679075897; 0,6497961981222034; 0,749263315461576; 0,33353422163054347; 0,4824228445068002; 0,08566787512972951; 0,836427862290293; 0,5702157351188362; 0,9199319342151284; 0,5494725708849728
-17,63529295136273; 0,35269785253331065; 0,026049021631479263; 0,9082532245665789; 0,20343135064467788; 0,2347263772971928; 0,38994008814916015; 0,5660247160121799; 0,01946681085973978; 0,5051574292592704; 0,4826866309158504
-17,6972417179636; 0,8638893286697567; 0,024197129532694817; 0,03742864681407809; 0,9696385399438441; 0,106212901417166; 0,5734041845425963; 0,24053030600771308; 0,07948753330856562; 0,5383746214210987; 0,3093340271152556
-17,68337629742436; 0,9067732463590801; 0,21864661294966936; 0,15795878693461418; 0,8888247394934297; 0,09385424479842186; 0,9015252655372024; 0,687859894707799; 0,011887284461408854; 0,17390431789681315; 0,5980575974099338
-17,459864626975154; 0,5847348873503506; 0,8075743848457932; 0,768567141611129; 0,562410632148385; 0,5709824510850012; 0,7040838212706149; 0,4677109378390014; 0,16104616690427065; 0,8980095493607223; 0,6530343773774803
-17,700513916051182; 0,05476962449029088; 0,9544407548382878; 0,05833068955689669; 0,7620989503338933; 0,8992639156058431; 0,6364753907546401; 0,8533097328618169; 0,8720033774152398; 0,5316982041113079; 0,670518602244556
-17,69689840984922; 0,8929186193272471; 0,9034120230935514; 0,5186376865021884; 0,08658456429839134; 0,2555908877402544; 0,5934151522815228; 0,21881068916991353; 0,4895505392923951; 0,3054726794362068; 0,5368562545627356
-17,696651178019053; 0,6859550578519702; 0,29035669285804033; 0,617602760437876; 0,42890225909650326; 0,082744593732059; 0,9729193923994899; 0,7499205698259175; 0,7126631168648601; 0,8388681374490261; 0,6536815599538386
-17,249437537606052; 0,8110334221273661; 0,9390910491347313; 0,14845723332837224; 0,23890883196145296; 0,05299454787746072; 0,747559274546802; 0,5706423688679934; 0,903321064542979; 0,38359417393803596; 0,8621734417974949
-17,690379768338413; 0,8884031809866428; 0,018274314235895872; 0,9949948415160179; 0,5989936143159866; 0,03334406716749072; 0,37618641555309296; 0,13037844421342015; 0,0165028334595263; 0,26985396770760417; 0,29029309283941984
-17,467760574522842; 0,40931493742391467; 0,6289922469295561; 0,30393647821620107; 0,513648294378072; 0,6735883499495685; 0,12865814752876759; 0,10603518411517143; 0,4200537991710007; 0,2680535698309541; 0,09671010123565793
-17,39177797432647; 0,16477578599005938; 0,018097688909620047; 0,7217711764387786; 0,6870300979353487; 0,9390853820368648; 0,8934249975718558; 0,4494953667744994; 0,8319020867347717; 0,103231449611485; 0,26371800201013684
-17,406399390210222; 0,630706402938813; 0,7876431439071894; 0,725531430914998; 0,887874798849225; 0,929638811852783; 0,2005797647871077; 0,4094835380092263; 0,8290895270183682; 0,8738016062416136; 0,1426224010065198
-17,653895436346176; 0,8277696538716555; 0,9933274812065065; 0,664513532537967; 0,6000123475678265; 0,056012589018791914; 0,6449291831813753; 0,8875939007848501; 0,6628381172195077; 0,06634119711816311; 0,3914433168247342
-17,34009438594781; 0,30447355285286903; 0,6039359886199236; 0,337064519058913; 0,6239916612394154; 0,3646644945256412; 0,10503566637635231; 0,0090823988430202; 0,4522863058373332; 0,9811437642201781; 0,9891537851653993
-17,259922924451153; 0,40324983140453696; 0,361353219486773; 0,7805419312790036; 0,9478961392305791; 0,3052069405093789; 0,12051483988761902; 0,3340474343858659; 0,925894879270345; 0,6999083263799548; 0,48934261640533805
-17,44732115620587; 0,038003625348210335; 0,8748843814246356; 0,017677470110356808; 0,3355130748823285; 0,5365560189820826; 0,5815225061960518; 0,6464450336061418; 0,8187169139273465; 0,5213872729800642; 0,8965312098152936
-17,69706128481435; 0,6677220086567104; 0,7515619392506778; 0,5361438109539449; 0,45972474943846464; 0,6256391182541847; 0,32560705905780196; 0,8684538346715271; 0,18055300787091255; 0,7574979858472943; 0,2731126444414258
-17,626297668101262; 0,05123034631833434; 0,9024740373715758; 0,4858956136740744; 0,4266334711574018; 0,5418760199099779; 0,16158282244578004; 0,2827597623690963; 0,602688408922404; 0,8266655197367072; 0,06568695930764079
-17,695031658106014; 0,3100739624351263; 0,6081555229611695; 0,29319677501916885; 0,861975081730634; 0,6074669170193374; 0,5021563041955233; 0,7351390440016985; 0,199810525868088; 0,7449561399407685; 0,3333205049857497
-17,69512427468865; 0,4760532630607486; 0,4873039172962308; 0,4084336427040398; 0,6244686171412468; 0,0724488920532167; 0,5670235529541969; 0,5055652549490333; 0,9633826976642013; 0,516771930269897; 0,3401624597609043
-17,56539041917336; 0,6966414353810251; 0,2733861724846065; 0,5985237001441419; 0,4131568190641701; 0,38342133024707437; 0,7594825443811715; 0,6123247407376766; 0,8139741378836334; 0,5514166164211929; 0,1424660892225802
-17,335081383847893; 0,6979407342150807; 0,4053876483812928; 0,6492266431450844; 0,27699096594005823; 0,5796513822861016; 0,7856197669170797; 0,9518337664194405; 0,9464166914112866; 0,2807004973292351; 0,4882144210860133
-17,338345359494802; 0,8359040655195713; 0,39817968755960464; 0,9855340719223022; 0,3667923645116389; 0,39979525469243526; 0,48242134787142277; 0,8443578295409679; 0,7088789800181985; 0,08341360278427601; 0,5667864819988608
-17,582142855328456; 0,4666160927154124; 0,042218738701194525; 0,7952515739016235; 0,6152768232859671; 0,28942004358395934; 0,21244280645623803; 0,31755289854481816; 0,8516132850199938; 0,16628754138946533; 0,03868043376132846
-17,214749885838266; 0,002092772163450718; 0,7574874106794596; 0,39574396749958396; 0,35242046881467104; 0,07348119840025902; 0,5282935909926891; 0,6005836785770953; 0,0109649826772511; 0,426285766530782; 0,10773097164928913
-17,276940717013204; 0,48675582790747285; 0,04656412126496434; 0,43035908322781324; 0,8361752778291702; 0,2937370231375098; 0,11153468303382397; 0,07699583610519767; 0,7216003770008683; 0,37736098235473037; 0,06708106864243746
-17,685975796765888; 0,6752261947840452; 0,7593492665328085; 0,46726866671815515; 0,02756670955568552; 0,46620021061971784; 0,5680978307500482; 0,06704814918339252; 0,3855345519259572; 0,8221402438357472; 0,20749668823555112
-17,69418959491069; 0,4570212047547102; 0,521960040088743; 0,9131966214627028; 0,16062865080311894; 0,6555807213298976; 0,852864648681134; 0,03232081886380911; 0,8365933676250279; 0,815963561180979; 0,6306785787455738
-17,64971890533912; 0,5952445864677429; 0,09411408100277185; 0,870444655418396; 0,8694588360376656; 0,2889849883504212; 0,9361845897510648; 0,6083053103648126; 0,8847807105630636; 0,4871843233704567; 0,8668313790112734
-17,477211668243033; 0,5318805105052888; 0,4243787578307092; 0,813560142647475; 0,2831885567866266; 0,5430522141978145; 0,7787759071215987; 0,23905740724876523; 0,5532437730580568; 0,1788108740001917; 0,017304641660302877
-17,23825518808788; 0,6839772583916783; 0,1608356675133109; 0,19370728638023138; 0,2697998792864382; 0,1347518446855247; 0,4342538923956454; 0,9076797622255981; 0,13017296511679888; 0,981215862557292; 0,8054873845539987
-17,595248463391464; 0,792836650274694; 0,4453526558354497; 0,05855147400870919; 0,39054360426962376; 0,0732495253905654; 0,45569562539458275; 0,5757996561005712; 0,14637630293145776; 0,20485388906672597; 0,012963025365024805
-17,672928784929006; 0,672854311298579; 0,3068246520124376; 0,9381850678473711; 0,4947745008394122; 0,8211123775690794; 0,9918990856967866; 0,41593382647261024; 0,35041383979842067; 0,15887937182560563; 0,7348323464393616
-17,683100180217913; 0,010820073541253805; 0,9932939726859331; 0,7036532037891448; 0,9048542804084718; 0,7992859701626003; 0,46656128903850913; 0,8402805584482849; 0,07919621746987104; 0,1598884561099112; 0,8557418021373451
-17,402855472403175; 0,9071665895171463; 0,8007773486897349; 0,5930759371258318; 0,7607162878848612; 0,7930358941666782; 0,9775167880579829; 0,9472196740098298; 0,7640635804273188; 0,16513360291719437; 0,14118491439148784
-17,683319667621543; 0,1900222422555089; 0,24780022352933884; 0,14311546785756946; 0,1407523462548852; 0,24545793887227774; 0,4935211059637368; 0,25954753905534744; 0,14787540258839726; 0,6568589955568314; 0,4277999699115753
-17,453892594883516; 0,6350562954321504; 0,37097304221242666; 0,7851978340186179; 0,5299861594103277; 0,7358688251115382; 0,13551960047334433; 0,9985720831900835; 0,06450886419042945; 0,6381971375085413; 0,03986568795517087
-17,623545954690044; 0,9029288082383573; 0,9201874104328454; 0,3097544629126787; 0,8781379200518131; 0,20512993820011616; 0,33308719750493765; 0,48307089041918516; 0,9678690088912845; 0,8447409849613905; 0,6480676527135074
-17,69701759971762; 0,5435763015411794; 0,3095568520948291; 0,5671373014338315; 0,04400789225474; 0,74362697545439; 0,03185951616615057; 0,9010971789248288; 0,8010053904727101; 0,5065776570700109; 0,7116791675798595
-17,697778513239275; 0,13467678520828485; 0,6066830563358963; 0,38500381307676435; 0,3137981309555471; 0,6394044468179345; 0,26851038448512554; 0,35470500588417053; 0,636598109267652; 0,5019457945600152; 0,178391779307276
-17,692501790652223; 0,0967976851388812; 0,4839177574031055; 0,030423485208302736; 0,4520979346707463; 0,33794401306658983; 0,23948920564725995; 0,4585653645917773; 0,885918446816504; 0,6873807958327234; 0,9204407893121243
-17,213500227076892; 0,7295953785069287; 0,018964503426104784; 0,42108366591855884; 0,5687581649981439; 0,11636729259043932; 0,8090582685545087; 0,7686221585609019; 0,5157823204062879; 0,783047872595489; 0,9565076692961156
-17,664599860179905; 0,07277972158044577; 0,769634086638689; 0,6389136943034828; 0,731289932038635; 0,6445883540436625; 0,32860349118709564; 0,5332908565178514; 0,6100589749403298; 0,14611705485731363; 0,5430957865901291
-17,622300908580154; 0,18688245303928852; 0,8304512952454388; 0,8068628292530775; 0,026701433584094048; 0,5846527768298984; 0,5137103791348636; 0,22181768529117107; 0,5684931124560535; 0,35753970174118876; 0,8036696435883641
-17,700615347349714; 0,7397008799016476; 0,4145465097390115; 0,05163932265713811; 0,17179980361834168; 0,49500327836722136; 0,913853787817061; 0,1480443412438035; 0,8417523764073849; 0,42273286590352654; 0,0864585661329329
-17,198691339839254; 0,01194990798830986; 0,23789058346301317; 0,5652994127012789; 0,5923175923526287; 0,9292990160174668; 0,8872486124746501; 0,7814334644936025; 0,30531481420621276; 0,5908924997784197; 0,37640465144068
-17,695772112094964; 0,7843041489832103; 0,808646216057241; 0,4889773530885577; 0,9863368277437985; 0,45510848332196474; 0,6282940749078989; 0,6879703477025032; 0,28891704278066754; 0,1988263474777341; 0,17634886503219604
-17,183502915137023; 0,41754736518487334; 0,5677091958932579; 0,5662724729627371; 0,5832295240834355; 0,8630629535764456; 0,900405100081116; 0,810581112280488; 0,1799384974874556; 0,4931103065609932; 0,62419707281515
-17,52839214753741; 0,2554377280175686; 0,9228801103308797; 0,4421608536504209; 0,7039494845084846; 0,843235501088202; 0,20523991156369448; 0,8081117062829435; 0,7952630249783397; 0,9303697166033089; 0,5589109715074301
-17,696187378252972; 0,2597049484029412; 0,23167991545051336; 0,6924722199328244; 0,5982744824141264; 0,23350317729637027; 0,48132258746773005; 0,8908321661874652; 0,22597898915410042; 0,21087309531867504; 0,9399516037665308
-17,695484255427104; 0,47157039400190115; 0,5606126990169287; 0,39330332493409514; 0,5649782004766166; 0,18393559381365776; 0,5107109607197344; 0,6063887877389789; 0,09508571680635214; 0,5191098600625992; 0,9085147310979664
-17,694377451673525; 0,5685460842214525; 0,2039087233133614; 0,5757283023558557; 0,8472049762494862; 0,15816807840019464; 0,5235221059992909; 0,010070323012769222; 0,7885311953723431; 0,04988662013784051; 0,6530920481309295
-17,47777595018048; 0,23242409899830818; 0,1017456497065723; 0,2387044974602759; 0,07554739667102695; 0,15928836911916733; 0,32307071750983596; 0,7017970918677747; 0,09673768607899547; 0,03881725110113621; 0,9910594262182713
-17,385187556742917; 0,03176158852875233; 0,05683235777541995; 0,4706836142577231; 0,20735187223181129; 0,18763514095917344; 0,3532040463760495; 0,8373706699348986; 0,2960935393348336; 0,23597109224647284; 0,22902332618832588
-17,344307133499882; 0,01418156223371625; 0,17984253028407693; 0,3392002428881824; 0,4000656269490719; 0,43350892700254917; 0,06556559819728136; 0,9119950346648693; 0,8544081961736083; 0,404205818194896; 0,19001613557338715
-17,696723050883012; 0,11713739577680826; 0,08095208369195461; 0,6375544527545571; 0,705743761267513; 0,297187440097332; 0,5714013269171119; 0,5283601926639676; 0,43745933938771486; 0,5069863018579781; 0,16012461762875319
-17,26080424184129; 0,7295589135028422; 0,24638259457424283; 0,94045633636415; 0,21706746518611908; 0,6844185455702245; 0,031196883879601955; 0,9774285713210702; 0,25313052348792553; 0,36929730186238885; 0,7371188369579613
-17,200998346630076; 0,5064248298294842; 0,6564074396155775; 0,6471003536134958; 0,5262179034762084; 0,186718606390059; 0,8309182883240283; 0,19548514345660806; 0,02028251113370061; 0,30431230226531625; 0,12598352180793881
-17,37380776029212; 0,28760291263461113; 0,7733943895436823; 0,6958791925571859; 0,5659269923344254; 0,8546483851969242; 0,9667722913436592; 0,4252371760085225; 0,9729570588096976; 0,4519975003786385; 0,4641173090785742
-17,434700714306704; 0,969694048166275; 0,6171732796356082; 0,37243478978052735; 0,6691989889368415; 0,740472661331296; 0,8500756854191422; 0,2197002205066383; 0,09275159472599626; 0,8363980893045664; 0,9798354730010033
-17,633736105132826; 0,19168806122615933; 0,8272026428021491; 0,9551046537235379; 0,7378817559219897; 0,11946847569197416; 0,8161932248622179; 0,15774942142888904; 0,7328058201819658; 0,05606773728504777; 0,30750638293102384
-17,62357135903526; 0,4599668080918491; 0,02502156188711524; 0,8526026168838143; 0,31884459452703595; 0,1532368352636695; 0,12458070274442434; 0,8907715636305511; 0,29438209906220436; 0,7253236398100853; 0,5131122721359134
-17,69460584835353; 0,16866248892620206; 0,5229348144493997; 0,2920687352307141; 0,07563771400600672; 0,322403805796057; 0,1849551168270409; 0,30415161279961467; 0,7247119206003845; 0,6343866758979857; 0,27111049415543675
-17,67877015907614; 0,9301004484295845; 0,38993074093014; 0,974561873357743; 0,529778397642076; 0,6921856622211635; 0,2776557570323348; 0,3454388310201466; 0,14059657510370016; 0,04404180310666561; 0,9302121247164905
-17,699910381636627; 0,758037575520575; 0,06730447569862008; 0,16338526224717498; 0,832046911586076; 0,37785265734419227; 0,6510317935608327; 0,07083136774599552; 0,811645669862628; 0,4701060736551881; 0,5592693751677871
-17,682526691665522; 0,5508611537516117; 0,0130492621101439; 0,7354782209731638; 0,3152146805077791; 0,956857678014785; 0,3107150951400399; 0,6927907955832779; 0,4314416404813528; 0,24282817030325532; 0,16222214978188276
-17,211542064762682; 0,30224524484947324; 0,7088634828105569; 0,7725413693115115; 0,8415679251775146; 0,3948338069021702; 0,06445391569286585; 0,9980738228186965; 0,6810190188698471; 0,3325129523873329; 0,2730329283513129
-17,199425854815374; 0,7058993536047637; 0,6325623029842973; 0,03839954175055027; 0,4052203940227628; 0,4906645817682147; 0,6308227032423019; 0,05249013239517808; 0,5561593668535352; 0,07783537451177835; 0,37150798738002777
-17,693377843251017; 0,17950807651504874; 0,6277925651520491; 0,8516670274548233; 0,36605561012402177; 0,81695452099666; 0,7874715272337198; 0,1472301995381713; 0,8374998499639332; 0,09753936668857932; 0,42878383630886674
-17,67190886463664; 0,811774994712323; 0,16522878501564264; 0,940769980661571; 0,7319522299803793; 0,965302505530417; 0,743705096654594; 0,9868002384901047; 0,3106710650026798; 0,2815648289397359; 0,9237417536787689
-17,700730617861208; 0,9039556570351124; 0,9099660250358284; 0,01571174804121256; 0,23422647546976805; 0,5632202103734016; 0,8942326498217881; 0,8036424601450562; 0,26912555703893304; 0,6747267292812467; 0,16656024334952235
-17,390309418596022; 0,22681748773902655; 0,3313981657847762; 0,18443812942132354; 0,09830810828134418; 0,6529914033599198; 0,2774776089936495; 0,8245953675359488; 0,6239655567333102; 0,4176675174385309; 0,42108036391437054
-17,354828224144697; 0,48708937829360366; 0,011055206879973412; 0,043477827683091164; 0,24902126751840115; 0,800295087043196; 0,42014609556645155; 0,4190868306905031; 0,6715576429851353; 0,4056783406995237; 0,4717457741498947
-17,70012272425974; 0,3500675312243402; 0,6683726394549012; 0,0946411993354559; 0,261756079737097; 0,917990090791136; 0,5727973035536706; 0,34932573046535254; 0,03780844621360302; 0,908154871314764; 0,42814451456069946
-17,592443401473712; 0,36932760616764426; 0,22176103247329593; 0,21101060509681702; 0,5475578084588051; 0,6936699938960373; 0,6402383730746806; 0,7017521439120173; 0,3578853099606931; 0,28814421873539686; 0,8748806095682085
-17,686436115558376; 0,3629138548858464; 0,9576692557893693; 0,6374977338127792; 0,740998872090131; 0,8685221248306334; 0,39737349934875965; 0,3744420362636447; 0,4514949466101825; 0,08639384061098099; 0,6258619981817901
-17,694153867018734; 0,14478940004482865; 0,9970516734756529; 0,025809072889387608; 0,3952592806890607; 0,7803540974855423; 0,8116570943966508; 0,07393358368426561; 0,04456941271200776; 0,8985921028070152; 0,43103054352104664
-17,631744249352202; 0,08862817846238613; 0,35793494107201695; 0,9221611749380827; 0,26466205483302474; 0,8411308825016022; 0,5053129619918764; 0,981403031386435; 0,7445461079478264; 0,7907638493925333; 0,6673316699452698
-17,630032917270867; 0,7233405387960374; 0,8214635923504829; 0,38444171799346805; 0,47405128506943583; 0,6500819311477244; 0,18420853605493903; 0,10685903020203114; 0,7217426113784313; 0,2517137690447271; 0,17734297085553408
-17,609714376633942; 0,9339400930330157; 0,4676385745406151; 0,7051938585937023; 0,664868745021522; 0,9450332345440984; 0,2495037168264389; 0,7167550097219646; 0,7341519170440733; 0,14875963749364018; 0,8857470098882914
-17,69957930540753; 0,7457988630048931; 0,5591955911368132; 0,0013464544899761677; 0,8828035704791546; 0,2331010578200221; 0,5613800399005413; 0,30763340927660465; 0,32991583133116364; 0,041260691825300455; 0,19061779649928212
-17,700835078485152; 0,4640239221043885; 0,5377327455207705; 0,010961088351905346; 0,31567054335027933; 0,4533377722837031; 0,7332953764125705; 0,795945833902806; 0,8960782499052584; 0,9960765494033694; 0,5537538528442383
-17,63197647789191; 0,36736398842185736; 0,5691298739984632; 0,5966771952807903; 0,00937604671344161; 0,007454586680978537; 0,010470449924468994; 0,3936525103636086; 0,3288342715241015; 0,0697457236237824; 0,3889149483293295
-17,576251429636812; 0,20446137385442853; 0,07621449790894985; 0,8331222645938396; 0,787665109615773; 0,2572958907112479; 0,2656534658744931; 0,674540706910193; 0,2763254651799798; 0,9686043062247336; 0,7356241783127189
-17,69702609896356; 0,3935460150241852; 0,787334171589464; 0,5532519104890525; 0,746818243060261; 0,12688880786299706; 0,6116115157492459; 0,12463261280208826; 0,8549135867506266; 0,14492714637890458; 0,17613712884485722
-17,65255127762483; 0,05350104020908475; 0,044936537742614746; 0,8784788157790899; 0,46469786716625094; 0,9147371081635356; 0,9026001538150012; 0,10124067775905132; 0,8607520149089396; 0,3410310545004904; 0,21218334138393402
-17,69741159223853; 0,4714358211494982; 0,4534366186708212; 0,29732976434752345; 0,9642523694783449; 0,05745511408895254; 0,8480030144564807; 0,47955987183377147; 0,27270638197660446; 0,8819283260963857; 0,5525131691247225
-17,626588771339854; 0,8342317915521562; 0,06705323979258537; 0,7511890335008502; 0,7509043021127582; 0,5831429273821414; 0,8362608635798097; 0,47489451011642814; 0,38938173511996865; 0,6909674326889217; 0,8046955442987382
-17,690722246714984; 0,1367328423075378; 0,2053542211651802; 0,6141204014420509; 0,3429534896276891; 0,4474502680823207; 0,8417261028662324; 0,9905144618824124; 0,9578584199771285; 0,9039011332206428; 0,9178151325322688
-17,54553791882597; 0,5188027643598616; 0,7541235592216253; 0,09075397765263915; 0,3280980261042714; 0,3289930266328156; 0,8922245912253857; 0,18215919937938452; 0,5513672246597707; 0,11946331011131406; 0,7382011385634542
-17,45935915116845; 0,6156609230674803; 0,13372317887842655; 0,582870727404952; 0,9896724419668317; 0,7465924061834812; 0,25221405597403646; 0,42840209510177374; 0,2879406251013279; 0,9467170890420675; 0,22962799109518528
-17,694505077635437; 0,03227778850123286; 0,9526332942768931; 0,8787995059974492; 0,6113167372532189; 0,5584373604506254; 0,5081136701628566; 0,6710709175094962; 0,8040438233874738; 0,9257982606068254; 0,9488989012315869
-17,614974318038627; 0,010684764012694359; 0,37715999968349934; 0,5176156461238861; 0,18184527289122343; 0,7977109458297491; 0,7568628992885351; 0,33777663577347994; 0,07805265439674258; 0,4138369895517826; 0,6518222657032311
-17,25658939644355; 0,20720896730199456; 0,988904697354883; 0,11323983827605844; 0,33202183712273836; 0,24096836987882853; 0,5312272938899696; 0,4442843389697373; 0,8710421142168343; 0,3833465096540749; 0,06921234959736466
-17,19174052671291; 0,5172827765345573; 0,7432809364981949; 0,7926184698008001; 0,3975223987363279; 0,5212233574129641; 0,027052736841142178; 0,5190013190731406; 0,7554588145576417; 0,2026364477351308; 0,32126335008069873
-17,403182154311718; 0,24078626930713654; 0,8195912418887019; 0,10975637100636959; 0,7344174319878221; 0,6323264273814857; 0,9599438095465302; 0,18577828723937273; 0,5160039379261434; 0,14624550146982074; 0,1515049682930112
-17,185974963548542; 0,442433696705848; 0,2019831519573927; 0,5805677454918623; 0,9774698535911739; 0,5654050665907562; 0,04209094727411866; 0,6181905334815383; 0,7497198907658458; 0,8638768522068858; 0,8910996266640723
-17,6936125419519; 0,46554345823824406; 0,6414637872949243; 0,25660561909899116; 0,3609074018895626; 0,2716241660527885; 0,3414332647807896; 0,5630107815377414; 0,9348398386500776; 0,8852242291904986; 0,9599168784916401
-17,287388823152902; 0,4328042007982731; 0,053480816539376974; 0,1222664276137948; 0,00796692818403244; 0,061616893857717514; 0,5181510681286454; 0,9893031301908195; 0,687210327014327; 0,5700030052103102; 0,22079369379207492
-17,645605202625955; 0,8239727411419153; 0,08163375593721867; 0,8456784393638372; 0,8109090155921876; 0,389904516749084; 0,34605477284640074; 0,4523440464399755; 0,003732562530785799; 0,8965380769222975; 0,022111508529633284
-17,66766283595259; 0,06638491805642843; 0,7045623394660652; 0,2969344090670347; 0,004575840663164854; 0,8979753023013473; 0,6305867386981845; 0,9457258796319366; 0,6772478707134724; 0,26863197702914476; 0,579896479845047
-17,638165122525592; 0,7499921703711152; 0,07758284127339721; 0,49585976637899876; 0,2908333051018417; 0,05923858843743801; 0,9952196856029332; 0,01804935745894909; 0,9352055322378874; 0,6954651358537376; 0,47550645703449845
-17,692856654494435; 0,5462716454640031; 0,15665085753425956; 0,7927892790175974; 0,39339171070605516; 0,17795342626050115; 0,8408829905092716; 0,7392119425348938; 0,4523010579869151; 0,17486114334315062; 0,8581021870486438
-17,69704521718872; 0,5047902562655509; 0,6399604007601738; 0,5771472686901689; 0,17190139181911945; 0,38304715510457754; 0,3841003207489848; 0,058171923737972975; 0,17996728420257568; 0,21098104817792773; 0,9634951548650861
-17,216724125883974; 0,8543792525306344; 0,40097750816494226; 0,2785724485293031; 0,5500453496351838; 0,5767078250646591; 0,7807988910935819; 0,020518353208899498; 0,966073464602232; 0,4864336857572198; 0,6632845653221011
-17,167618010438215; 0,6564278593286872; 0,8537815124727786; 0,562566892709583; 0,31707538990303874; 0,6481096632778645; 0,954297783318907; 0,27700081979855895; 0,28564439294859767; 0,7230550865642726; 0,16851931670680642
-17,62971984485616; 0,13262905133888125; 0,5887375553138554; 0,9955959599465132; 0,9544539814814925; 0,29606903390958905; 0,38035827316343784; 0,3965830863453448; 0,16151617793366313; 0,23024934343993664; 0,6384549825452268
-17,69392452672269; 0,958514450583607; 0,0787337995134294; 0,635128010995686; 0,5566774811595678; 0,45117608085274696; 0,35014469968155026; 0,27669195737689734; 0,8538834201171994; 0,6693947054445744; 0,9143892964348197
-17,28128165725559; 0,02895068610087037; 0,11425168253481388; 0,36618858110159636; 0,11229571234434843; 0,31988925067707896; 0,6912121032364666; 0,10014926455914974; 0,9948844630271196; 0,5517472852952778; 0,6555317230522633
-17,6899686528122; 0,6464818608947098; 0,868291022721678; 0,6620399351231754; 0,5346918655559421; 0,8258527158759534; 0,30541735934093595; 0,23708455124869943; 0,7239248268306255; 0,1995974387973547; 0,014399885199964046
-17,296268320109817; 0,7001335285604; 0,5754573652520776; 0,4031771211884916; 0,0987666193395853; 0,4590466474182904; 0,43229889729991555; 0,7368693435564637; 0,8889697110280395; 0,7144278530031443; 0,5054921945556998
-17,695614164636122; 0,15482747089117765; 0,3453398123383522; 0,792678012046963; 0,4581450717523694; 0,26936293859034777; 0,3632820383645594; 0,9445873205550015; 0,7592243668623269; 0,1310244845226407; 0,49118439899757504
-17,624206924980648; 0,06177095277234912; 0,15849752724170685; 0,3710636021569371; 0,8158259079791605; 0,36821086471900344; 0,9266467662528157; 0,25918273627758026; 0,3599339625798166; 0,1080437758937478; 0,1972506856545806
-17,69487330190286; 0,7492208550684154; 0,7797849252820015; 0,6030981517396867; 0,3202362065203488; 0,5329498131759465; 0,6881402698345482; 0,058312122244387865; 0,5297738229855895; 0,45779952267184854; 0,5441239052452147
-17,624360173571727; 0,9125391938723624; 0,5837425226345658; 0,45090128295123577; 0,6418671594001353; 0,6781738474965096; 0,7218588553369045; 0,7246914701536298; 0,5889386627823114; 0,8612445062026381; 0,2255196194164455
-17,409656494032383; 0,6705140462145209; 0,09632356790825725; 0,06620390014722943; 0,9554334403946996; 0,4135060580447316; 0,20466034673154354; 0,6952218324877322; 0,9938058387488127; 0,2901554498821497; 0,35457261791452765
-17,20640815252898; 0,23108269134536386; 0,5804104600101709; 0,8852610257454216; 0,5751772047951818; 0,9123215386644006; 0,8247045041061938; 0,19880982767790556; 0,336913731880486; 0,8126320205628872; 0,9905725973658264
-17,23223372016406; 0,9060550262220204; 0,3074733135290444; 0,851997506339103; 0,5921195903792977; 0,9096551230177283; 0,07425214862450957; 0,17262536799535155; 0,07288609864190221; 0,008390378672629595; 0,0025615468621253967
-17,44384635628135; 0,6459214235655963; 0,9488954837433994; 0,8714960436336696; 0,8769361828453839; 0,6152585800737143; 0,21992188459262252; 0,20583665650337934; 0,13583586597815156; 0,7007809123024344; 0,9221649975515902
-17,415994530487893; 0,3307463531382382; 0,2749524894170463; 0,7754003251902759; 0,6989356810227036; 0,7190597280859947; 0,8960158275440335; 0,14928724337369204; 0,994457014836371; 0,8944335491396487; 0,0436910823918879
-17,376298453925134; 0,5625297189690173; 0,7936864574439824; 0,8836731808260083; 0,5735363769344985; 0,054105895571410656; 0,7462862012907863; 0,6178499604575336; 0,5890732039697468; 0,3311307104304433; 0,5584378158673644
-17,695352279003007; 0,2941011576913297; 0,6894284030422568; 0,7580882972106338; 0,8905319953337312; 0,9730855510570109; 0,727186911739409; 0,9099219623021781; 0,7660004612989724; 0,8635157477110624; 0,12704430287703872
-17,672186746294418; 0,30155862774699926; 0,30058584408834577; 0,9205699325539172; 0,8942453898489475; 0,24836406903341413; 0,9150324952788651; 0,3238722472451627; 0,8619733559899032; 0,27310673892498016; 0,32150141475722194
-17,19852141412042; 0,2965244189836085; 0,7676518745720387; 0,8239709925837815; 0,9327752129174769; 0,9221406015567482; 0,06196680851280689; 0,6348348525352776; 0,12175020994618535; 0,46919914335012436; 0,6184639716520905
-17,695206473950254; 0,09415257070213556; 0,3724815249443054; 0,8034659558907151; 0,807649698574096; 0,019581849686801434; 0,5518990601412952; 0,2494431217201054; 0,8820475400425494; 0,997413098346442; 0,225917583797127
-17,67543492612791; 0,8589625698514283; 0,329451619181782; 0,1014974731951952; 0,5521683245897293; 0,4434622563421726; 0,5769692645408213; 0,3374575059860945; 0,04823399009183049; 0,28288803761824965; 0,476096797734499
-17,503879401066236; 0,1958561409264803; 0,9618968437425792; 0,8966473652981222; 0,589103645645082; 0,7256703926250339; 0,7227072054520249; 0,03633128758519888; 0,8968434608541429; 0,44337455928325653; 0,8265239228494465
-17,69651533699639; 0,7019907338544726; 0,9149236725643277; 0,6141475094482303; 0,9622774519957602; 0,9089031531475484; 0,7548306784592569; 0,6072423290461302; 0,827855764888227; 0,3349624774418771; 0,4431705540046096
-17,694833643378306; 0,2963998578488827; 0,9159006052650511; 0,746641902718693; 0,32710127579048276; 0,12088952027261257; 0,21510804677382112; 0,5935216280631721; 0,13963653380051255; 0,6608180981129408; 0,08238082844763994
-17,700655724361688; 0,041933514177799225; 0,8129150765016675; 0,13764015957713127; 0,5070724138058722; 0,4204984800890088; 0,3834525882266462; 0,6396497450768948; 0,34787147026509047; 0,11182518675923347; 0,19219856709241867
-17,195515049567227; 0,5742044826038182; 0,7306919270195067; 0,6334933284670115; 0,054047711193561554; 0,40146501176059246; 0,6563220829702914; 0,43013846408575773; 0,8277581399306655; 0,5282884798943996; 0,04489696864038706
-17,196641202418313; 0,5334301167167723; 0,39132185699418187; 0,05163170723244548; 0,9541233000345528; 0,043738290667533875; 0,012878644745796919; 0,6998459184542298; 0,3044865163974464; 0,832745976280421; 0,7114226832054555
-17,60298054895229; 0,29730563471093774; 0,5921292272396386; 0,20557237975299358; 0,4905987582169473; 0,8159330389462411; 0,9119145530276; 0,8741018688306212; 0,11173940496519208; 0,7941225268878043; 0,7327160476706922
-17,689729068764745; 0,3036866211332381; 0,528543381486088; 0,06829651910811663; 0,19510056311264634; 0,5613229437731206; 0,48822394106537104; 0,6963195907883346; 0,07402481883764267; 0,041913305409252644; 0,5866663064807653
-17,685440005510227; 0,2062799190171063; 0,737885382026434; 0,3794605163857341; 0,5389619735069573; 0,7905799364671111; 0,2753038960509002; 0,01766914827749133; 0,27914023492485285; 0,5872492277994752; 0,008729465305805206
-17,659849448284362; 0,16079726768657565; 0,763018534053117; 0,9824245781637728; 0,1000952166505158; 0,37840459775179625; 0,045258420053869486; 0,9434543023817241; 0,087011753115803; 0,5585342571139336; 0,20562089467421174
-17,250653512409688; 0,9575366321951151; 0,8182052969932556; 0,7467169663868845; 0,5867033512331545; 0,4183584847487509; 0,07876665471121669; 0,9229430020786822; 0,9217314515262842; 0,30122736981138587; 0,031647404190152884
-17,21820675834308; 0,790721021592617; 0,5838654232211411; 0,1919681034050882; 0,9091214905492961; 0,27716471813619137; 0,07608332857489586; 0,02288461709395051; 0,04716276004910469; 0,9106526705436409; 0,16815080679953098
-17,69313748509381; 0,9381507462821901; 0,41595531813800335; 0,531093418598175; 0,9491173755377531; 0,3412375310435891; 0,8664024383760989; 0,968677035998553; 0,8081599776633084; 0,2638431740924716; 0,9788956106640399
-17,7002657736968; 0,8357445187866688; 0,028666849713772535; 0,10950712487101555; 0,12727523501962423; 0,4335310170426965; 0,8620749972760677; 0,5181377227418125; 0,04823619360104203; 0,7385111316107213; 0,9002584451809525
-17,319050143885587; 0,2737093884497881; 0,5122898304834962; 0,27505425503477454; 0,10915270261466503; 0,8228207300417125; 0,47754443483427167; 0,4512556213885546; 0,885124187450856; 0,07730665476992726; 0,41460462706163526
-17,3888819056578; 0,19956934871152043; 0,414636243134737; 0,169393727555871; 0,3640733784995973; 0,8493851665407419; 0,6205544206313789; 0,3685447792522609; 0,6167754814960063; 0,8113689795136452; 0,7077473434619606
-17,209727432841902; 0,17756998306140304; 0,5891139535233378; 0,9609440914355218; 0,2094221576116979; 0,6938880109228194; 0,6485204393975437; 0,3262473321519792; 0,509006604552269; 0,14990511303767562; 0,6663176626898348
-17,432297118736987; 0,8747055972926319; 0,1850079749710858; 0,036745473742485046; 0,23666129540652037; 0,5289134839549661; 0,30283327866345644; 0,021731019485741854; 0,5907368455082178; 0,148739960975945; 0,34841067902743816
-17,696446347018547; 0,8611679165624082; 0,6218488081358373; 0,14858592441305518; 0,9585528033785522; 0,5211075143888593; 0,5687995823100209; 0,9772907444275916; 0,070794643368572; 0,6784265032038093; 0,8576240697875619
-17,611171842682186; 0,36295045679435134; 0,7024406800046563; 0,45469428412616253; 0,7708755470812321; 0,7897601681761444; 0,8825119528919458; 0,6368683995679021; 0,6546778595075011; 0,0071678776293993; 0,5110996714793146
-17,363476521095997; 0,4307603291235864; 0,05469435919076204; 0,6267422651872039; 0,5974195059388876; 0,7678632098250091; 0,7852781848050654; 0,9695764798671007; 0,8837524452246726; 0,7013186728581786; 0,2718114391900599
-17,67426649997095; 0,05362390959635377; 0,012763216625899076; 0,9912788243964314; 0,07333557493984699; 0,800733707845211; 0,9218982015736401; 0,20135843101888895; 0,0688219671137631; 0,22794143529608846; 0,8576950537972152
-17,69759179512552; 0,5371173992753029; 0,41586117865517735; 0,5085857436060905; 0,8429967830888927; 0,3592306822538376; 0,6181737249717116; 0,5351930018514395; 0,16978245694190264; 0,766507375985384; 0,3708949703723192
-17,696869361386373; 0,7702348767779768; 0,34428082639351487; 0,3224958358332515; 0,6034660143777728; 0,18359811045229435; 0,37943611154332757; 0,2898863861337304; 0,206230740994215; 0,10033887811005116; 0,42268823413178325
-17,217213636410605; 0,5354228657670319; 0,8828091342002153; 0,5285589210689068; 0,25736827682703733; 0,2586953588761389; 0,36678645806387067; 0,6534715322777629; 0,9409888559021056; 0,4865545160137117; 0,04941026167944074
-17,246894819536905; 0,8957471665926278; 0,19269804004579782; 0,2319636265747249; 0,030507394578307867; 0,6187358093447983; 0,042494934517890215; 0,2462641722522676; 0,2619638191536069; 0,9648785768076777; 0,982336132787168
-17,558618507188424; 0,6105761374346912; 0,3745312122628093; 0,7315066205337644; 0,5707685351371765; 0,47667537489905953; 0,18572359159588814; 0,7048390544950962; 0,7813819339498878; 0,5366670754738152; 0,9774939776398242
-17,539089494639583; 0,8040042575448751; 0,2558178068138659; 0,8147662477567792; 0,7613375796936452; 0,5885143117047846; 0,23941340344026685; 0,2832116321660578; 0,6980818267911673; 0,3835478709079325; 0,06063499953597784
-17,694201171758362; 0,26263883151113987; 0,3573684790171683; 0,723218075465411; 0,600394643843174; 0,21992820175364614; 0,5256288051605225; 0,10049672005698085; 0,10446863202378154; 0,29329179506748915; 0,6894655940122902
-17,69744255925231; 0,471850594971329; 0,5633850414305925; 0,4475566167384386; 0,7702076528221369; 0,8959483029320836; 0,6411550245247781; 0,3077980000525713; 0,9135957611724734; 0,9152759970165789; 0,35642183013260365
-17,56689582083452; 0,2896997625939548; 0,6577363829128444; 0,24805236561223865; 0,5923883803188801; 0,572524094954133; 0,18787103798240423; 0,04793896060436964; 0,677188893314451; 0,7201379621401429; 0,2938202847726643
-17,698039288613778; 0,4160410505719483; 0,14673098269850016; 0,2893705451861024; 0,7486193091608584; 0,8480126573704183; 0,48597066290676594; 0,5862765572965145; 0,020488871727138758; 0,4007321856915951; 0,3684121798723936
-17,640684154353096; 0,47513036290183663; 0,5448927073739469; 0,36789323994889855; 0,5106151485815644; 0,9193258127197623; 0,5660419068299234; 0,7379256188869476; 0,5118098380044103; 0,6837884723208845; 0,4953371877782047
-17,160541228978474; 0,5247125676833093; 0,1649644784629345; 0,8902884055860341; 0,9355154023505747; 0,9597798069007695; 0,025762422010302544; 0,6693546418100595; 0,6693246229551733; 0,9988004411570728; 0,23047956358641386
-17,695141709992647; 0,2802239037118852; 0,16930610965937376; 0,37316455924883485; 0,3752881963737309; 0,7501242547295988; 0,3432716908864677; 0,20590968383476138; 0,7628575246781111; 0,26523784594610333; 0,064188317861408
-17,393390153420867; 0,592380999121815; 0,0017293146811425686; 0,4683231138624251; 0,07333333138376474; 0,71865588799119; 0,23698229249566793; 0,41859977412968874; 0,3402177272364497; 0,18043022835627198; 0,2696669134311378
-17,196927376703588; 0,39781054854393005; 0,9660519110038877; 0,3621154078282416; 0,3695249198935926; 0,5539755737408996; 0,013622790109366179; 0,7609301027841866; 0,3348649484105408; 0,32741399435326457; 0,7111097839660943
-17,643298703018246; 0,08940063416957855; 0,56030128384009; 0,33734191162511706; 0,7340184738859534; 0,7290809275582433; 0,29309072997421026; 0,9872609358280897; 0,01453443244099617; 0,5661439741961658; 0,8962130397558212
-17,678358395498346; 0,9444785388186574; 0,21308535942807794; 0,8202119641937315; 0,27242592023685575; 0,9923772048205137; 0,682752039283514; 0,7046114117838442; 0,11256232485175133; 0,5007948270067573; 0,41270708199590445
-17,221316234332324; 0,836785348597914; 0,29856940312311053; 0,4289011862128973; 0,2398286140523851; 0,3427160121500492; 0,38570933090522885; 0,4287272677756846; 0,48415773641318083; 0,8012548531405628; 0,25354785239323974
-17,6927132713747; 0,1436007134616375; 0,8195860921405256; 0,8973382473923266; 0,8760248441249132; 0,8656835975125432; 0,5555539550259709; 0,8338894722983241; 0,17803406715393066; 0,10835706209763885; 0,3263015439733863
-17,640339232170128; 0,28840192547068; 0,9720408897846937; 0,03841583710163832; 0,09653205145150423; 0,9536997601389885; 0,6910452819429338; 0,0798147227615118; 0,7496702489443123; 0,40334391687065363; 0,5855131736025214
-17,52063695456612; 0,9572424227371812; 0,09800601098686457; 0,4467202755622566; 0,7794780675321817; 0,3658835315145552; 0,9470535791479051; 0,38932028505951166; 0,9776569320820272; 0,952097840141505; 0,5644470872357488
-17,5545559406784; 0,6252675279974937; 0,3998660100623965; 0,43968450417742133; 0,11440416984260082; 0,19225014559924603; 0,7268538800999522; 0,6986535899341106; 0,8885691920295358; 0,41291151102632284; 0,29005547566339374
-17,694897775779474; 0,18479963019490242; 0,028155600652098656; 0,7919977647252381; 0,5326135433278978; 0,8729800977744162; 0,4424553606659174; 0,7211922626011074; 0,9818162806332111; 0,9721256415359676; 0,6827360643073916
-17,696308475019997; 0,09249800909310579; 0,1863132114522159; 0,24879307253286242; 0,6863554823212326; 0,8436535368673503; 0,4070154628716409; 0,8125415053218603; 0,8449617605656385; 0,7607532856054604; 0,22792581608518958
-17,67686231091708; 0,9975094674155116; 0,36327084666118026; 0,6060982905328274; 0,41512336442247033; 0,4462632220238447; 0,8317407164722681; 0,01994562242180109; 0,2623621025122702; 0,76525510661304; 0,437821289524436
-17,397652903062603; 0,6780159077607095; 0,7496256954036653; 0,26142286881804466; 0,6067387000657618; 0,6460839966312051; 0,12803796445950866; 0,030551218427717686; 0,016883629839867353; 0,5612019230611622; 0,5925497505813837
-17,211051237053304; 0,0013142037205398083; 0,5915792523883283; 0,3063463023863733; 0,3221684033051133; 0,8851857976987958; 0,9691095007583499; 0,8237349088303745; 0,30080498894676566; 0,4528560400940478; 0,217879437841475
-17,695309905519252; 0,9048746433109045; 0,6546504693105817; 0,6504615363664925; 0,6555361049249768; 0,43101980770006776; 0,44036891870200634; 0,9515184704214334; 0,8627849724143744; 0,03856981731951237; 0,6008422779850662
-17,698517265080795; 0,8699822747148573; 0,9746338864788413; 0,04728870512917638; 0,0730164204724133; 0,4537008940242231; 0,5059919441118836; 0,330596046987921; 0,8053253125399351; 0,5926924995146692; 0,32212980557233095
-17,536266112683478; 0,03136598691344261; 0,5343623319640756; 0,7915631104260683; 0,13264256343245506; 0,07824761560186744; 0,7610927955247462; 0,09245172329246998; 0,5673622973263264; 0,7662953082472086; 0,6927771857008338
-17,674362333810684; 0,9410339863970876; 0,5801317463628948; 0,056096571031957865; 0,4442441323772073; 0,7392880758270621; 0,20443731360137463; 0,8443098179996014; 0,4062075116671622; 0,8352620867080986; 0,3125948868691921
-17,53495552589268; 0,6772237382829189; 0,13508022343739867; 0,41767156729474664; 0,03986388444900513; 0,32209335220977664; 0,8304284680634737; 0,8565123728476465; 0,4607968316413462; 0,515021666418761; 0,8770127724856138
-17,69531578724488; 0,09801181638613343; 0,8520155334845185; 0,602180234156549; 0,39480054564774036; 0,7805011188611388; 0,9429013170301914; 0,1574502275325358; 0,7559706335887313; 0,4439664767123759; 0,562012025155127
-17,591242193439218; 0,8269101292826235; 0,15857139835134149; 0,39935224736109376; 0,9081584317609668; 0,7209949661046267; 0,3162599322386086; 0,9097202653065324; 0,9064911692403257; 0,7841645511798561; 0,16753183724358678
-17,667801674376683; 0,8499868898652494; 0,30639685969799757; 0,4997531767003238; 0,3118017381057143; 0,3231800077483058; 0,6141320876777172; 0,6105754249729216; 0,26432034419849515; 0,8124107546173036; 0,9257125691510737
-17,682907889057944; 0,015665595419704914; 0,0830774586647749; 0,045256372541189194; 0,2368833771906793; 0,17967266542837024; 0,11342939920723438; 0,7203230676241219; 0,6552779660560191; 0,44852160895243287; 0,1334105608984828
-17,683729912891017; 0,6347241839393973; 0,02452806057408452; 0,9025084185414016; 0,987183500546962; 0,7061863727867603; 0,536971848923713; 0,22497800178825855; 0,021156308706849813; 0,9583985903300345; 0,7966974596492946
-17,698945209522524; 0,20240502059459686; 0,39092519925907254; 0,3616154729388654; 0,21053007384762168; 0,504011879209429; 0,4708284856751561; 0,7010484426282346; 0,6754323658533394; 0,10242919437587261; 0,13745554443448782
-17,700243405309898; 0,18363253865391016; 0,7894879067316651; 0,0882955682463944; 0,7158427806571126; 0,5514936712570488; 0,5982886669225991; 0,35253219958394766; 0,9024330205284059; 0,11841440293937922; 0,7977629373781383
-17,695779525428822; 0,42097646929323673; 0,6397181483916938; 0,24331460753455758; 0,13633213471621275; 0,37710550520569086; 0,9034172282554209; 0,5920856380835176; 0,5007112142629921; 0,6852453607134521; 0,4772973619401455
-17,699458079852672; 0,4796007196418941; 0,5624514054507017; 0,2527644271031022; 0,7274472811259329; 0,9701236705295742; 0,5675402274355292; 0,4738392666913569; 0,05030799377709627; 0,14697856456041336; 0,905002286657691
-17,56745968027599; 0,9484101384878159; 0,9716837294399738; 0,868647011462599; 0,2878589262254536; 0,8901187526062131; 0,09757733251899481; 0,22928509814664721; 0,9774350905790925; 0,9351525316014886; 0,1320383041165769
-17,690573698445835; 0,5379965370520949; 0,7296980917453766; 0,391437997110188; 0,18229556223377585; 0,4664396666921675; 0,6504038628190756; 0,4112114296294749; 0,06625539250671864; 0,13313536951318383; 0,5108224521391094
-17,50347190631949; 0,7655004733242095; 0,3878430053591728; 0,9084650673903525; 0,2535469876602292; 0,24152539763599634; 0,07367272349074483; 0,4471671413630247; 0,44223390286788344; 0,9126836615614593; 0,10234816698357463
-17,468488495364543; 0,6432048068381846; 0,3933460311964154; 0,6319007868878543; 0,13129994366317987; 0,7981908647343516; 0,23255721479654312; 0,7273434326052666; 0,49054752942174673; 0,005298897158354521; 0,48577737296000123
-17,424433524880648; 0,37165222596377134; 0,5284317694604397; 0,3628343981690705; 0,9966630828566849; 0,522329353261739; 0,22318398393690586; 0,43826007656753063; 0,6474517551250756; 0,6023801169358194; 0,717130552046001
-17,61742666242706; 0,2857290003448725; 0,0934432172216475; 0,12601265404373407; 0,2236272762529552; 0,3641072418540716; 0,08101443946361542; 0,15285764215514064; 0,8896921291016042; 0,055024640168994665; 0,940235024318099
-17,685066195270498; 0,8587275436148047; 0,1798447323963046; 0,567881837952882; 0,9698826987296343; 0,560106965713203; 0,9510852470993996; 0,4030157420784235; 0,8088957811705768; 0,35050428519025445; 0,4705210248939693
-17,665591427970064; 0,4963097986765206; 0,18001308059319854; 0,6370191555470228; 0,4774404549971223; 0,45502411760389805; 0,9389530918560922; 0,8087944560684264; 0,47192023089155555; 0,9318109978921711; 0,9025128441862762
-17,178594168580243; 0,2523560640402138; 0,27463158685714006; 0,9380137855187058; 0,30545600736513734; 0,8651499389670789; 0,9103360390290618; 0,0802021068520844; 0,787322455085814; 0,7744489880278707; 0,44427778013050556
-17,698619246568672; 0,14210551138967276; 0,5155934323556721; 0,340396523475647; 0,7755488669499755; 0,9216608530841768; 0,5276448028162122; 0,943622830323875; 0,3963885521516204; 0,0052125160582363605; 0,10367419710382819
-17,695824210189784; 0,37599099380895495; 0,7825201195664704; 0,39244115725159645; 0,17810008954256773; 0,2934589390642941; 0,10855292342603207; 0,7746866471134126; 0,3316855891607702; 0,11919226683676243; 0,3358866418711841
-17,39285427563442; 0,10956319281831384; 0,008744326420128345; 0,026010720059275627; 0,7136449981480837; 0,782858207821846; 0,1375329215079546; 0,37801456172019243; 0,366386448033154; 0,8673656601458788; 0,33757426450029016
-17,196148567245483; 0,10397310834378004; 0,10673854732885957; 0,5964905107393861; 0,5818856349214911; 0,37604681868106127; 0,8873309753835201; 0,9035489284433424; 0,750854613725096; 0,5192500059492886; 0,15475356206297874
-17,226772881305497; 0,7133779604919255; 0,7137391958385706; 0,368139891885221; 0,5899199335835874; 0,8684569606557488; 0,8322071866132319; 0,475761110894382; 0,7834233185276389; 0,554849995765835; 0,030120258685201406
-17,68403591860863; 0,14275837456807494; 0,6242621662095189; 0,2702634036540985; 0,9277735026553273; 0,5935634789057076; 0,46080157067626715; 0,3095427583903074; 0,7178674400784075; 0,742335261311382; 0,45129414182156324
-17,687768593655044; 0,8028154047206044; 0,29512221505865455; 0,7189907315187156; 0,545625738799572; 0,4246692690066993; 0,30495790718123317; 0,534885291941464; 0,45211260206997395; 0,6557531282305717; 0,3936829259619117
-17,69704181724579; 0,6101061957888305; 0,008708343841135502; 0,3702141074463725; 0,4729312169365585; 0,6036037188023329; 0,30381727032363415; 0,1278831041418016; 0,782939447555691; 0,4899930232204497; 0,02519891643896699
-17,534170669364944; 0,7523671574890614; 0,490386787801981; 0,5017629908397794; 0,11670753685757518; 0,017341837286949158; 0,21148295002058148; 0,16449837945401669; 0,20205610571429133; 0,70054971287027; 0,5962902447208762
-17,643099716713436; 0,34354422241449356; 0,6684592482633889; 0,6277351612225175; 0,04467164445668459; 0,786191260907799; 0,3862372161820531; 0,34537586104124784; 0,18646613042801619; 0,970901065506041; 0,5996779836714268
-17,67260314643162; 0,5841312780976295; 0,3557055448181927; 0,7728765378706157; 0,49264000589028; 0,6534674186259508; 0,5049904412589967; 0,614819454960525; 0,06183107849210501; 0,8958686166442931; 0,3662747689522803
-17,69750273512419; 0,9001117460429668; 0,28268160857260227; 0,06433796044439077; 0,4285829230211675; 0,9007576089352369; 0,2575729377567768; 0,5733195319771767; 0,2588173192925751; 0,39295777259394526; 0,6554827615618706
-17,556435107536505; 0,11035124398767948; 0,3159486330114305; 0,9524256335571408; 0,2242861818522215; 0,8530830456875265; 0,6047800811938941; 0,9734936528839171; 0,5888371923938394; 0,3171212081797421; 0,35938057443127036
-17,68277580470732; 0,07597327139228582; 0,4567285473458469; 0,3212467529810965; 0,052973838057368994; 0,5337852723896503; 0,6135907997377217; 0,15337923169136047; 0,3366772192530334; 0,9300731937400997; 0,8182600229047239
-17,215176354642967; 0,9136846261098981; 0,2414822606369853; 0,09708350105211139; 0,009043257217854261; 0,8262510998174548; 0,3814575057476759; 0,6640751706436276; 0,17800978617742658; 0,8374684108421206; 0,5587871470488608
-17,698234649171724; 0,13678632164373994; 0,6183854611590505; 0,41597574297338724; 0,503890692256391; 0,5023154290392995; 0,41456324979662895; 0,9171746266074479; 0,6116634858772159; 0,6320278393104672; 0,7970199463889003
-17,305285609482628; 0,47194385388866067; 0,2954804948531091; 0,5554498890414834; 0,03224276378750801; 0,9770068963989615; 0,578953311778605; 0,580811221152544; 0,5842214580625296; 0,5253527411259711; 0,629572631791234
-17,69539157521552; 0,7102943635545671; 0,3632701402530074; 0,21404676046222448; 0,7948668897151947; 0,814410176128149; 0,4649717374704778; 0,1232704664580524; 0,21860606456175447; 0,05775821441784501; 0,23021690687164664
-17,696570768747325; 0,3132721153087914; 0,8234584997408092; 0,5847206194885075; 0,8355735009536147; 0,06570120761170983; 0,6985560958273709; 0,6462768116034567; 0,18808679934591055; 0,6843835469335318; 0,7241986687295139
-17,522440867539725; 0,554876851849258; 0,552967862226069; 0,7406211751513183; 0,17880852660164237; 0,7553864852525294; 0,2166072274558246; 0,25132462894544005; 0,3736018273048103; 0,590301011223346; 0,23566086124628782
-17,693071797678456; 0,7950472417287529; 0,7173662553541362; 0,8065891633741558; 0,3188458289951086; 0,8560751904733479; 0,27580286376178265; 0,4249270046129823; 0,7654379466548562; 0,14749142294749618; 0,7300666091032326
-17,668044109736893; 0,5864333766512573; 0,782774802763015; 0,888481245841831; 0,4576456951908767; 0,8804720886982977; 0,21774028427898884; 0,28416593559086323; 0,49421940837055445; 0,6709803156554699; 0,45019296230748296
-17,48821390718393; 0,7616421515122056; 0,579681423958391; 0,08129737293347716; 0,5965799586847425; 0,5527583947405219; 0,1572317206300795; 0,2611212288029492; 0,06451452383771539; 0,5667000124230981; 0,7296981909312308
-17,698401586971332; 0,2428466654382646; 0,06126928282901645; 0,022262688260525465; 0,8267992516048253; 0,7087741871364415; 0,7503619389608502; 0,36020361073315144; 0,7769937440752983; 0,884561640676111; 0,6205187262967229
-17,697456085538086; 0,4430555501021445; 0,9978733900934458; 0,5331564024090767; 0,767325306776911; 0,8345914506353438; 0,5605839020572603; 0,875248973723501; 0,37382979691028595; 0,7059184396639466; 0,1630870308727026
-17,212487790962392; 0,28995410120114684; 0,5594292799942195; 0,5121595966629684; 0,6656392081640661; 0,20191870676353574; 0,041776558849960566; 0,43713895743712783; 0,9989318195730448; 0,2937506577000022; 0,8123241695575416
-17,208403122135916; 0,8887458220124245; 0,8241284205578268; 0,007477893028408289; 0,42434859322384; 0,6568379956297576; 0,6698422003537416; 0,9777896325103939; 0,5290257097221911; 0,10772057622671127; 0,4050059234723449
-17,661295994737866; 0,12051286827772856; 0,9085348709486425; 0,4300877540372312; 0,4809351968578994; 0,6656147348694503; 0,9349876139312983; 0,31700974283739924; 0,8681004354730248; 0,3438807516358793; 0,42845258628949523
-17,700271150887133; 0,001993190497159958; 0,0004546232521533966; 0,11140342522412539; 0,03397267730906606; 0,11384468991309404; 0,9513818793930113; 0,7823531702160835; 0,32455910090357065; 0,41185641242191195; 0,9585763239301741
-17,205361872415526; 0,4952121847309172; 0,6181659307330847; 0,5483803721144795; 0,32337673753499985; 0,11156622180715203; 0,510436805896461; 0,10326708341017365; 0,05944870924577117; 0,4336409494280815; 0,7014432586729527
-17,660904653361516; 0,8287472533993423; 0,10500027472153306; 0,42643576115369797; 0,31955677922815084; 0,762847020290792; 0,823644042480737; 0,9137824391946197; 0,7921299869194627; 0,2793855406343937; 0,2810027087107301
-17,272831215887294; 0,7643490880727768; 0,2572102821432054; 0,16125622810795903; 0,06554117519408464; 0,6905145524069667; 0,2064701677300036; 0,36447751987725496; 0,4680189578793943; 0,9217442269437015; 0,027675028890371323
-17,694229610483593; 0,15730367600917816; 0,8705353010445833; 0,5549845956265926; 0,1406845129095018; 0,1451532975770533; 0,12793227657675743; 0,20710992068052292; 0,054907284677028656; 0,42731258599087596; 0,3041729312390089
-17,677682580326284; 0,31628909800201654; 0,17456308659166098; 0,38781337020918727; 0,8596477340906858; 0,30834739189594984; 0,8853605552576482; 0,7357587479054928; 0,9331729030236602; 0,874722836073488; 0,040837258100509644
-17,49536969278586; 0,3837318755686283; 0,6848044991493225; 0,12396690109744668; 0,7113656555302441; 0,21345149353146553; 0,8865695809945464; 0,12079393165186048; 0,2885133852250874; 0,3492261040955782; 0,04310699552297592
-17,344310438686414; 0,46616009855642915; 0,8680533282458782; 0,6923568616621196; 0,9494500062428415; 0,21767413802444935; 0,17351626977324486; 0,43143346114084125; 0,8976120837032795; 0,09565045638009906; 0,41053323028609157
-17,602442755834343; 0,5818665805272758; 0,24476190796121955; 0,7589542008936405; 0,43108676047995687; 0,32119205268099904; 0,15748756099492311; 0,7347957557067275; 0,060278001707047224; 0,5660905027762055; 0,19061862444505095
-17,283945219522675; 0,31322620064020157; 0,17660395661368966; 0,8999214074574411; 0,7106962269172072; 0,5949423061683774; 0,1041914289817214; 0,9564891494810581; 0,7562374635599554; 0,16069307224825025; 0,3189619742333889
-17,690773646459267; 0,27594913076609373; 0,25002713687717915; 0,4428940461948514; 0,10258830804377794; 0,47394696855917573; 0,2114432635717094; 0,28987573040649295; 0,28375687217339873; 0,5843546497635543; 0,6666894271038473
-17,521010986262198; 0,2935303947888315; 0,13172597391530871; 0,46615995140746236; 0,7361695929430425; 0,8136372193694115; 0,2121166167780757; 0,9484856957569718; 0,883923580404371; 0,4013248961418867; 0,23288630042225122
-17,638956056568517; 0,7127681388519704; 0,07076081587001681; 0,613233074080199; 0,3352725305594504; 0,36087369127199054; 0,6427857717499137; 0,8738847794011235; 0,1593227875418961; 0,39588158251717687; 0,6787162865512073
-17,69077431577711; 0,7708129272796214; 0,6523414519615471; 0,0037773586809635162; 0,6848932262510061; 0,9596513896249235; 0,6749242041260004; 0,06983126234263182; 0,09374263137578964; 0,7433032239787281; 0,17855565482750535
-17,210173204486562; 0,2459497614763677; 0,8310842206701636; 0,13884971756488085; 0,6295644370839; 0,17123236088082194; 0,9402514859102666; 0,5605009724386036; 0,4638014887459576; 0,9491106737405062; 0,631053012330085
-17,247992030708932; 0,7869869796559215; 0,39027927815914154; 0,34158896608278155; 0,5732324500568211; 0,8922495772130787; 0,7971866112202406; 0,036582055035978556; 0,37669794587418437; 0,8361506625078619; 0,7193776862695813
-17,684798838645236; 0,35593807557597756; 0,2514270171523094; 0,9694144064560533; 0,03474478190764785; 0,6419835835695267; 0,03326119063422084; 0,6732669733464718; 0,5541241737082601; 0,8775042905472219; 0,9658269588835537
-17,65284297620694; 0,514241733122617; 0,8380833021365106; 0,08619555411860347; 0,886116523295641; 0,29323749989271164; 0,9732998022809625; 0,41358857369050384; 0,3060960588045418; 0,5329158315435052; 0,13097107410430908
-17,699745538795728; 0,3107824712060392; 0,886757327709347; 0,01145329000428319; 0,10111804958432913; 0,17914715548977256; 0,8518218584358692; 0,6771670752204955; 0,637905151117593; 0,4176651709713042; 0,21624009124934673
-17,24851736526101; 0,30433360347524285; 0,5016554864123464; 0,5443763118237257; 0,3788015488535166; 0,4196575847454369; 0,5315380813553929; 0,8860419504344463; 0,2913851961493492; 0,3340939274057746; 0,29106886498630047
-17,659665408530987; 0,2071330239996314; 0,7493714401498437; 0,8254831018857658; 0,5094176307320595; 0,5086073786951602; 0,5414950824342668; 0,8063110276125371; 0,02059233793988824; 0,1559738921932876; 0,3373542125336826
-17,672916180961884; 0,7953184032812715; 0,889244710560888; 0,6689120442606509; 0,10184406721964478; 0,12272553518414497; 0,8176913596689701; 0,5845136865973473; 0,11581493075937033; 0,32816618867218494; 0,14798841625452042
-17,687833592478164; 0,6416495321318507; 0,53772131819278; 0,783010630402714; 0,9733508387580514; 0,2693746034055948; 0,5478737633675337; 0,8689360152930021; 0,29248321568593383; 0,6333593335002661; 0,14170198515057564
-17,374965353998807; 0,4366328842006624; 0,1410550638101995; 0,5984142147935927; 0,5342013482004404; 0,8679390461184084; 0,10769857559353113; 0,06182147562503815; 0,549960670992732; 0,8502434589900076; 0,3267092313617468
-17,697153032817738; 0,7524569565430284; 0,11501752957701683; 0,5321796336211264; 0,7595092658884823; 0,03957614628598094; 0,5998077061958611; 0,9637780981138349; 0,3045465727336705; 0,2914484911598265; 0,7073583016172051
-17,69558734621308; 0,5732727334834635; 0,41336311819031835; 0,7503094179555774; 0,868764721788466; 0,35993140982463956; 0,6420349138788879; 0,7776389676146209; 0,13860613573342562; 0,3616989920847118; 0,10425167996436357
-17,459890007951582; 0,2782270545139909; 0,719545932020992; 0,14945078641176224; 0,7404579818248749; 0,20758542930707335; 0,17683736514300108; 0,09551193099468946; 0,8126420015469193; 0,7762182396836579; 0,7627336527220905
-17,56196314795476; 0,25171005772426724; 0,8576687588356435; 0,678615974728018; 0,4812905304133892; 0,7307924232445657; 0,8815898401662707; 0,5088478485122323; 0,3378065465949476; 0,26879063062369823; 0,8516649869270623
-17,48342135128275; 0,2736172406002879; 0,7621929286979139; 0,9896966093219817; 0,07053209561854601; 0,03957881731912494; 0,19382192892953753; 0,1712601906619966; 0,29530881252139807; 0,30881927674636245; 0,5539752636104822
-17,21598751703688; 0,10634184628725052; 0,6093256622552872; 0,6404831404797733; 0,6434012190438807; 0,46727214474231005; 0,03997908579185605; 0,1143051516264677; 0,09161404008045793; 0,5948496656492352; 0,44556722743436694
-17,64983550718468; 0,46691842330619693; 0,7514799274504185; 0,09562057070434093; 0,9338574502617121; 0,653921898920089; 0,3795250323601067; 0,6725041251629591; 0,7855906104668975; 0,3300868533551693; 0,44492951361462474
-17,29269439919894; 0,58590392395854; 0,74783228430897; 0,9304652977734804; 0,6587906233035028; 0,8213711674325168; 0,8885914823040366; 0,6054042954929173; 0,026449641678482294; 0,9978423370048404; 0,7886867458000779
-17,694299774154477; 0,5524520082399249; 0,6318211508914828; 0,7906090202741325; 0,22482517920434475; 0,8747657001949847; 0,5279746907763183; 0,4003747063688934; 0,18207874055951834; 0,45749085396528244; 0,7195126423612237
-17,69853366545862; 0,15810498036444187; 0,8891132129356265; 0,4060063287615776; 0,31320343911647797; 0,7078867247328162; 0,6943887011148036; 0,33953356090933084; 0,4615989252924919; 0,01130853034555912; 0,6568290241993964
-17,578158683462423; 0,6351771354675293; 0,5599723407067358; 0,6463659377768636; 0,13392809452489018; 0,3414093335159123; 0,04550392460078001; 0,43501515313982964; 0,017975554801523685; 0,40353530598804355; 0,3632192905060947
-17,403002771895835; 0,8519473350606859; 0,058743289206176996; 0,10119546251371503; 0,605904184281826; 0,5345140090212226; 0,7850900962948799; 0,9362053866498172; 0,5684168864972889; 0,7156722634099424; 0,6388164930976927
-17,31661730553803; 0,08464318932965398; 0,6035213209688663; 0,624304270837456; 0,4663241505622864; 0,2302010809071362; 0,6329794712364674; 0,6832368513569236; 0,8159011537209153; 0,6008891370147467; 0,4283178304322064
-17,654007754995746; 0,5284025794826448; 0,6272488231770694; 0,6550511815585196; 0,9831118104048073; 0,33748964313417673; 0,424968124832958; 0,25070837372913957; 0,8228907049633563; 0,6580193904228508; 0,5632341494783759
-17,516973166812658; 0,6378379045054317; 0,21405572257936; 0,0005455515347421169; 0,06599305989220738; 0,9708000854589045; 0,6788164470344782; 0,6991831189952791; 0,5173395723104477; 0,31215789867565036; 0,8355178833007812
-17,17697622568744; 0,5394142009317875; 0,5529784145765007; 0,5577202970162034; 0,4993241271004081; 0,29910685727372766; 0,7426394242793322; 0,025093186181038618; 0,8944170423783362; 0,2327668503858149; 0,4068860481493175
-17,567871196718098; 0,03968913201242685; 0,16769435070455074; 0,6451741429045796; 0,5014359392225742; 0,7606922420673072; 0,5943991402164102; 0,42570672649890184; 0,11348233371973038; 0,2276387671008706; 0,9646965195424855
-17,29862185045989; 0,25910831708461046; 0,2119241920299828; 0,21994062280282378; 0,4890661807730794; 0,597216019872576; 0,6713736047968268; 0,8901952146552503; 0,022240474354475737; 0,5190740721300244; 0,8415562189184129
-17,67811024035348; 0,16707689175382257; 0,6389797329902649; 0,21747184125706553; 0,3763591661117971; 0,40214248234406114; 0,3908111285418272; 0,1995562599040568; 0,60351528134197; 0,4141825824044645; 0,43206171225756407
-17,694111776466194; 0,9296530955471098; 0,5320753646083176; 0,8654800718650222; 0,4354939446784556; 0,43150801584124565; 0,34282357478514314; 0,04636914748698473; 0,5003479053266346; 0,3351457784883678; 0,09783390630036592
-17,66541971845705; 0,894070265814662; 0,822852632496506; 0,9012401094660163; 0,6361806825734675; 0,28747839108109474; 0,6606127507984638; 0,9479749361053109; 0,7063002451322973; 0,23718731896951795; 0,48323683766648173
-17,17383110928921; 0,9783987775444984; 0,8052082690410316; 0,19170436030253768; 0,8796446626074612; 0,8507982683368027; 0,024300229735672474; 0,6711108526214957; 0,7841128227300942; 0,4944192199036479; 0,7391537874937057
-17,21188101809698; 0,47432916238904; 0,42657338082790375; 0,5014231372624636; 0,958588938228786; 0,8751422730274498; 0,07627837965264916; 0,4710009037517011; 0,7367717130109668; 0,09242782322689891; 0,2025910341180861
-17,69419801457745; 0,8387008095160127; 0,511436234228313; 0,874345829244703; 0,022945163305848837; 0,479764211922884; 0,5711181596852839; 0,8928488329984248; 0,11489169765263796; 0,9133695350028574; 0,8660853742621839
-17,694731157984894; 0,7095155133865774; 0,8976581273600459; 0,5968747311271727; 0,9773513525724411; 0,34879544330760837; 0,8570347777567804; 0,1448752973228693; 0,2610588055104017; 0,311794669367373; 0,6302140336483717
-17,255339214370103; 0,1941391951404512; 0,8417879058979452; 0,08733272785320878; 0,10409476142376661; 0,7007783958688378; 0,6190382367931306; 0,32592027308419347; 0,4037663578055799; 0,8908378551714122; 0,6892259907908738
-17,695003509838937; 0,6216926937922835; 0,06713855732232332; 0,6062208516523242; 0,6389512764289975; 0,0237556011416018; 0,4087730241008103; 0,47198666632175446; 0,2853269651532173; 0,9120142352767289; 0,6653495072387159
-17,466310793236875; 0,4518197444267571; 0,3835583380423486; 0,27125321701169014; 0,30443086847662926; 0,42893620440736413; 0,5354561591520905; 0,29465395538136363; 0,4952131947502494; 0,39467824529856443; 0,43828056333586574
-17,695115505397958; 0,2887849002145231; 0,016401204280555248; 0,17581205908209085; 0,7730327090248466; 0,8841861691325903; 0,4416257217526436; 0,3011215776205063; 0,6361234351061285; 0,5644897525198758; 0,5766473896801472
-17,688834621482517; 0,42224205611273646; 0,03234798600897193; 0,5408032448031008; 0,8780745221301913; 0,29706517700105906; 0,4798176749609411; 0,37932464526966214; 0,7913568206131458; 0,8945414386689663; 0,2056218353100121
-17,695065085014775; 0,5561330090276897; 0,9621907975524664; 0,08943759091198444; 0,24757187580689788; 0,2718687611632049; 0,13956632604822516; 0,11884218268096447; 0,1553294388577342; 0,6692172200419009; 0,36302205733954906
-17,643988155877818; 0,13075945805758238; 0,10491965804249048; 0,2427805820479989; 0,10532845417037606; 0,9412857801653445; 0,042003937531262636; 0,008252069354057312; 0,6805338650010526; 0,6178230307996273; 0,5773416315205395
-17,6904678219395; 0,4619464399293065; 0,3901059692725539; 0,6878192536532879; 0,2749770749360323; 0,13174113957211375; 0,6720111798495054; 0,7281913990154862; 0,8564639249816537; 0,2084264219738543; 0,8744664276018739
-17,582476206211233; 0,19666447350755334; 0,8751396713778377; 0,061592573300004005; 0,2204467123374343; 0,8088982701301575; 0,4044452253729105; 0,2982411510311067; 0,050410058815032244; 0,36347598442807794; 0,4664382138289511
-17,642763215304747; 0,9685106445103884; 0,7745050769299269; 0,9899125825613737; 0,7842295803129673; 0,7373675294220448; 0,3354461803101003; 0,9935120148584247; 0,17748813005164266; 0,694419015198946; 0,10487634362652898
-17,229542641175257; 0,32682372815907; 0,005666062701493502; 0,6079549072310328; 0,28419405734166503; 0,30734877241775393; 0,831557328812778; 0,35047246189787984; 0,08886065008118749; 0,16567824082449079; 0,9760313970036805
-17,312317663756822; 0,39638087758794427; 0,5575878852978349; 0,9206487466581166; 0,9802007460966706; 0,34190860483795404; 0,16364009026437998; 0,749183552339673; 0,21802648017182946; 0,358138223644346; 0,3155635274015367
-17,698421774089507; 0,7387223895639181; 0,05794916395097971; 0,13582983100786805; 0,207766305655241; 0,4345469265244901; 0,8096677670255303; 0,7519456390291452; 0,45547914365306497; 0,9082897622138262; 0,08263479871675372
-17,69949691458014; 0,16197406128048897; 0,556458864826709; 0,2904073726385832; 0,38366882875561714; 0,952421837951988; 0,8642531950026751; 0,3396766157820821; 0,9554644459858537; 0,5327617996372283; 0,6637017568573356
-17,399720961984226; 0,33881282014772296; 0,4084476297721267; 0,9765275432728231; 0,0708468402735889; 0,6497266129590571; 0,3051172220148146; 0,3529350929893553; 0,3137977891601622; 0,3353446312248707; 0,9771426972001791
-17,19784495052975; 0,43469659658148885; 0,5920282183215022; 0,04639323242008686; 0,7509267874993384; 0,927432032302022; 0,012811549007892609; 0,042069981805980206; 0,18449684651568532; 0,6392720607109368; 0,6139894556254148
-17,680131888424086; 0,7460965681821108; 0,2840408915653825; 0,8130364278331399; 0,2448553927242756; 0,5055373390205204; 0,4964713854715228; 0,7140585510060191; 0,9944608104415238; 0,16017835354432464; 0,5717514464631677
-17,377234558632534; 0,2542122397571802; 0,0977652189321816; 0,23318970343098044; 0,3549830075353384; 0,7323010638356209; 0,6034937370568514; 0,20297073619440198; 0,4105622726492584; 0,07690924219787121; 0,4888663641177118
-17,65635788100109; 0,8801335175521672; 0,3599927453324199; 0,8032056619413197; 0,5086031663231552; 0,8806265713647008; 0,9947427534498274; 0,7698375466279685; 0,8503752877004445; 0,7357114548794925; 0,47079010866582394
-17,654831484295336; 0,1108778053894639; 0,3284818925894797; 0,33178643556311727; 0,0025264034047722816; 0,0554110798984766; 0,8819935293868184; 0,7955837906338274; 0,9050731565803289; 0,5769917173311114; 0,12626736517995596
-17,201004775295754; 0,6889663031324744; 0,7553309029899538; 0,9922485300339758; 0,275849049910903; 0,9670024099759758; 0,8597142631188035; 0,23454970913007855; 0,5448509119451046; 0,09240814112126827; 0,4767589163966477
-17,700708639314623; 0,11317642452195287; 0,29724761191755533; 0,10396572574973106; 0,02526695979759097; 0,8254627627320588; 0,3617814383469522; 0,6720280223526061; 0,08565293997526169; 0,29631265066564083; 0,9818915389478207
-17,65392835505; 0,02956044813618064; 0,4757726965472102; 0,9167331922799349; 0,9690405917353928; 0,4580041840672493; 0,42190114175900817; 0,9962504263967276; 0,621636014431715; 0,08420561021193862; 0,4584187618456781
-17,699396386459785; 0,8470655754208565; 0,35235920595005155; 0,23879443015903234; 0,6237463243305683; 0,5516209187917411; 0,4621076760813594; 0,27857705764472485; 0,717692737467587; 0,5137154371477664; 0,5639641410671175
-17,587722688716898; 0,3137988052330911; 0,2001500348560512; 0,6561956945806742; 0,786832713522017; 0,19218341633677483; 0,9163560383021832; 0,6861759261228144; 0,033451844938099384; 0,6814177092164755; 0,9678698275238276
-17,294855831783323; 0,06355109857395291; 0,6024319347925484; 0,74334885366261; 0,47959075681865215; 0,30325082316994667; 0,06667083408683538; 0,8061756365932524; 0,5283699654974043; 0,7710788347758353; 0,37244062405079603
-17,693395761857612; 0,6125153438188136; 0,0043282341212034225; 0,9372825352475047; 0,4456000686623156; 0,5053151240572333; 0,361908258870244; 0,2452695849351585; 0,8592990348115563; 0,7202654895372689; 0,8301018443889916
-17,69336701714043; 0,6440308168530464; 0,6486197770573199; 0,020626643672585487; 0,8650070982985198; 0,50516386795789; 0,4694940014742315; 0,25783243030309677; 0,09354654792696238; 0,02307580504566431; 0,9773671505972743
-17,413849034912758; 0,6994414711371064; 0,1920702406205237; 0,46427109092473984; 0,15794990491122007; 0,9311991771683097; 0,5126158762723207; 0,15439761942252517; 0,4591033114120364; 0,514159832149744; 0,8385334685444832
-17,610670563213237; 0,7731689754873514; 0,5604425412602723; 0,9465032569132745; 0,45865952176973224; 0,761801048181951; 0,5174379921518266; 0,031104763504117727; 0,15263141365721822; 0,8080193344503641; 0,9886752748861909
-17,620389621137925; 0,2871252656914294; 0,9763743174262345; 0,8979893992654979; 0,8412743182852864; 0,592925391625613; 0,9454417410306633; 0,011885062325745821; 0,23208407824859023; 0,8899324834346771; 0,32680342998355627
-17,676817946612406; 0,030359714291989803; 0,44623228115960956; 0,017424226738512516; 0,11660752911120653; 0,21504635829478502; 0,6508169313892722; 0,05110425502061844; 0,8748075612820685; 0,5101706548593938; 0,9803725015372038
-17,699188976094902; 0,37136515509337187; 0,10835610842332244; 0,29753693100064993; 0,4782167412340641; 0,6675980743020773; 0,3453117669560015; 0,3059226148761809; 0,3414469640702009; 0,7566071730107069; 0,6657279352657497
-17,196197384484318; 0,3846807163208723; 0,49034599168226123; 0,20874214684590697; 0,9646694776602089; 0,27447534957900643; 0,003916728310286999; 0,7100267061032355; 0,9053197437897325; 0,5068458286114037; 0,5223696697503328
-17,682370467233174; 0,072551014367491; 0,9293381320312619; 0,41215312061831355; 0,23942615510895848; 0,730453078635037; 0,11874827090650797; 0,3806845494545996; 0,019898835103958845; 0,2827659174799919; 0,3960298225283623
-17,677189200495654; 0,6309318831190467; 0,3979675257578492; 0,2152063325047493; 0,26047117030248046; 0,7682906459085643; 0,6630059322342277; 0,12593420781195164; 0,07533019501715899; 0,6397633999586105; 0,8596044862642884
-17,679220730832824; 0,08277313131839037; 0,25625738874077797; 0,8692048140801489; 0,47849245090037584; 0,9147138558328152; 0,47871504351496696; 0,5168681996874511; 0,05272037023678422; 0,7014988944865763; 0,6270719263702631
-17,498433312495152; 0,683873079251498; 0,3562132087536156; 0,2609669156372547; 0,8618005309253931; 0,881884625647217; 0,2358557153493166; 0,04410050390288234; 0,12626152345910668; 0,8473976799286902; 0,9293279619887471
-17,159152913814246; 0,7173632821068168; 0,008367593865841627; 0,6367891496047378; 0,05172450980171561; 0,574012674856931; 0,702886522281915; 0,205502993427217; 0,8391041848808527; 0,8390175839886069; 0,902107635512948
-17,699871274984893; 0,04787977458909154; 0,6538962260819972; 0,2497178204357624; 0,3644183431752026; 0,3701675496995449; 0,835412829183042; 0,529012983199209; 0,5547580821439624; 0,796462643891573; 0,9489085478708148
-17,355949442320146; 0,11819679709151387; 0,7067396095953882; 0,3483051140792668; 0,9656362757086754; 0,9700784683227539; 0,16968585876747966; 0,15390208829194307; 0,31149893440306187; 0,05532324640080333; 0,6316567352041602
-17,236607068641053; 0,7138762096874416; 0,046466606203466654; 0,2846640874631703; 0,2944875443354249; 0,9752767942845821; 0,8576494087465107; 0,43388869566842914; 0,22044147178530693; 0,6114902757108212; 0,1948785469867289
-17,190962495908053; 0,7681844672188163; 0,5442868028767407; 0,2581611555069685; 0,43608225090429187; 0,5863040112890303; 0,6815831051208079; 0,3528735237196088; 0,17262398591265082; 0,4778950954787433; 0,2058598631992936
-17,690518089433223; 0,7550274087116122; 0,3962990059517324; 0,641808342654258; 0,033337281085550785; 0,5098316743969917; 0,4721077447757125; 0,6921403203159571; 0,9985385909676552; 0,37166351824998856; 0,7736359657719731
-17,69566239778196; 0,9641351415775716; 0,03617511782795191; 0,49089334020391107; 0,8203964964486659; 0,6594644342549145; 0,71339544467628; 0,5754725802689791; 0,42432050593197346; 0,312582531478256; 0,9363039159215987
-17,595918289847706; 0,9248032192699611; 0,5130515107885003; 0,9743090011179447; 0,6067959950305521; 0,5341869797557592; 0,693092598579824; 0,1645151562988758; 0,02630670415237546; 0,5513554490171373; 0,2878358089365065
-17,69253187053777; 0,5552954534068704; 0,4109960407949984; 0,784076398704201; 0,9921833453699946; 0,3040606826543808; 0,6151489596813917; 0,6097869663499296; 0,610215884167701; 0,4034029911272228; 0,1573284063488245
-17,230776356853234; 0,39029704220592976; 0,2740009156987071; 0,04475800972431898; 0,0870903073810041; 0,12732953717932105; 0,2567331315949559; 0,8807856393978; 0,668421184644103; 0,3094774051569402; 0,7659074938856065
-17,699029988843197; 0,9883859944529831; 0,7320793299004436; 0,2328215236775577; 0,4170387852936983; 0,6323929759673774; 0,3401237321086228; 0,741784009616822; 0,80557976430282; 0,2943015727214515; 0,5558224911801517
-17,68699233925674; 0,1183204217813909; 0,014160331338644028; 0,9523728271014988; 0,18491165060549974; 0,37759233033284545; 0,38326820358633995; 0,8981970669701695; 0,47190092504024506; 0,33753476152196527; 0,8557460592128336
-17,461995208017292; 0,7440133509226143; 0,7082033609040082; 0,6498355595394969; 0,923342153429985; 0,9348307712934911; 0,23938215849921107; 0,2757183285430074; 0,6686726659536362; 0,8030840312130749; 0,6936624366790056
-17,668514454446267; 0,36383495246991515; 0,5307371509261429; 0,9897526241838932; 0,8211780283600092; 0,6764994859695435; 0,846116335131228; 0,15005391323938966; 0,19360178476199508; 0,8941236631944776; 0,8939570765942335
-17,523373289657385; 0,5495282537303865; 0,7596908225677907; 0,05124494154006243; 0,23055754229426384; 0,8451266707852483; 0,7615314461290836; 0,2345032375305891; 0,1624408420175314; 0,12505692383274436; 0,49370918748900294
-17,696035367486388; 0,004623576067388058; 0,5232853274792433; 0,7190002673305571; 0,8588442015461624; 0,635236116591841; 0,5914749442599714; 0,6776087856851518; 0,6178893856704235; 0,7941205189563334; 0,04624802665784955
-17,524015537539018; 0,099942019674927; 0,9090004055760801; 0,47150080651044846; 0,7679299814626575; 0,4485450070351362; 0,2194225462153554; 0,8846102855168283; 0,6246231109835207; 0,4496378465555608; 0,16779124038293958
-17,66959427993609; 0,40337765449658036; 0,7593986773863435; 0,4196499530225992; 0,886680016759783; 0,6048514796420932; 0,4055281728506088; 0,48748503578826785; 0,4592068293131888; 0,32472000177949667; 0,6937883216887712
-17,163840711904967; 0,5741012776270509; 0,5735886441543698; 0,7790424474515021; 0,590916593093425; 0,7755070892162621; 0,878219582606107; 0,3656476028263569; 0,9687955933623016; 0,009542117826640606; 0,45766795752570033
-17,216454413877695; 0,9397162082605064; 0,12346522463485599; 0,592587670776993; 0,6853611040860415; 0,841641672886908; 0,0722596007399261; 0,10692709498107433; 0,16613455303013325; 0,32096569426357746; 0,7360309679061174
-17,27368605452493; 0,352585535030812; 0,31070650462061167; 0,2922771912999451; 0,5754715516231954; 0,8127201329916716; 0,7975040846504271; 0,07141878455877304; 0,06953707430511713; 0,6993697974830866; 0,21275719441473484
-17,500595677797982; 0,3766276999376714; 0,09636257588863373; 0,8962332219816744; 0,4125964413397014; 0,36185374623164535; 0,11704034078866243; 0,5207862653769553; 0,07433840725570917; 0,36512793973088264; 0,9530158080160618
-17,698421537925572; 0,8994621434248984; 0,7923196591436863; 0,3673631316050887; 0,41807419527322054; 0,5803206358104944; 0,9552520434372127; 0,9632286243140697; 0,6660785223357379; 0,2569144000299275; 0,9367558993399143
-17,667756431229066; 0,6608145828358829; 0,136177244130522; 0,29422503849491477; 0,8668813556432724; 0,17613293742761016; 0,9182928903028369; 0,20005203317850828; 0,6919231647625566; 0,14747999096289277; 0,40001877397298813
-17,433336078996636; 0,8758472492918372; 0,3737082998268306; 0,4481659489683807; 0,15839978866279125; 0,45636775763705373; 0,44037339789792895; 0,8541668108664453; 0,5837727840989828; 0,2708427794277668; 0,8399603576399386
-17,576643735133754; 0,3448830656707287; 0,3600603495724499; 0,7150493497028947; 0,3623389401473105; 0,34203453408554196; 0,4249590062536299; 0,6906823921017349; 0,986980464309454; 0,8421083176508546; 0,9200780726969242
-17,217506839718677; 0,8713886551558971; 0,4572831024415791; 0,0028264326974749565; 0,7321458808146417; 0,9986345525830984; 0,059754766058176756; 0,7807774841785431; 0,07453016610816121; 0,8492061519064009; 0,7185472468845546
-17,699386604543253; 0,4749763701111078; 0,7870108671486378; 0,2361076301895082; 0,12139398604631424; 0,6537334113381803; 0,6347206882201135; 0,07362477900460362; 0,5630173096433282; 0,9318881938233972; 0,6439146990887821
-17,646800959879908; 0,49710549134761095; 0,8780021141283214; 0,5623745084740222; 0,591918527148664; 0,9837813279591501; 0,24658942129462957; 0,05790004599839449; 0,6532431044615805; 0,5798056265339255; 0,6588947079144418
-17,659856039043238; 0,2018118198029697; 0,25938087701797485; 0,6515547456219792; 0,39534994028508663; 0,09917458891868591; 0,4227507943287492; 0,6616856893524528; 0,3774913954548538; 0,39369992772117257; 0,7636241321451962
-17,69683130762721; 0,2902472638525069; 0,18995933840051293; 0,09530175477266312; 0,2373787686228752; 0,10361179849132895; 0,13855492696166039; 0,08876365702599287; 0,049573712050914764; 0,1462771026417613; 0,7666690363548696
-17,699174172418747; 0,10782067943364382; 0,5674997926689684; 0,15172697324305773; 0,7542233886197209; 0,04423515498638153; 0,6559709482826293; 0,23440174525603652; 0,35241692746058106; 0,7775811892934144; 0,05313389701768756
-17,695832809603505; 0,24872372532263398; 0,853655940387398; 0,37990223011001945; 0,7400128799490631; 0,8803266808390617; 0,44860560866072774; 0,10088955471292138; 0,18083781097084284; 0,15101016918197274; 0,9188633924350142
-17,187300322978086; 0,4228737400844693; 0,09923230716958642; 0,48236617585644126; 0,26739509124308825; 0,13650873163715005; 0,007700467016547918; 0,5969439572654665; 0,48939122073352337; 0,8082625879906118; 0,04134310130029917
-17,228316075944754; 0,10100997239351273; 0,13028230424970388; 0,7355496911332011; 0,11635744338855147; 0,8574959421530366; 0,16546674212440848; 0,9420653944835067; 0,62689229240641; 0,36256004637107253; 0,5878414427861571
-17,696457412372485; 0,24773558136075735; 0,4933592611923814; 0,6509528211317956; 0,8383579384535551; 0,7045346978120506; 0,6772406869567931; 0,17473963601514697; 0,05870665982365608; 0,34805485140532255; 0,036126431077718735
-17,699046401296687; 0,970970512367785; 0,8029829636216164; 0,26942330598831177; 0,6897779391147196; 0,7666068547405303; 0,5421571526676416; 0,0384752219542861; 0,07467494998127222; 0,8334546918049455; 0,03207849897444248
-17,542721689824308; 0,7976518012583256; 0,1952690533362329; 0,06183422449976206; 0,7032335540279746; 0,934235886670649; 0,21178210526704788; 0,6044792970642447; 0,08931202674284577; 0,659707099199295; 0,14270173897966743
-17,700922021947854; 0,27504682820290327; 0,7244093185290694; 0,022094883490353823; 0,37712745927274227; 0,42260657902807; 0,2634211643598974; 0,029649144504219294; 0,23927829321473837; 0,187313137575984; 0,06319459527730942
-17,695766875574645; 0,686361713334918; 0,5995975369587541; 0,16105644078925252; 0,32910874113440514; 0,319403940346092; 0,19166300492361188; 0,8051979755982757; 0,5974916256964207; 0,9175416631624103; 0,3666735626757145
-17,66619275692003; 0,5960739781148732; 0,6598614058457315; 0,390000076033175; 0,7975237811915576; 0,5880007455125451; 0,35859287483617663; 0,502381669357419; 0,0978316105902195; 0,7133704205043614; 0,5336487963795662
-17,203406557669485; 0,9094145107083023; 0,6697747316211462; 0,9029730530455709; 0,5292358407750726; 0,08297451352700591; 0,05286813946440816; 0,6401461907662451; 0,773374002892524; 0,24498320976272225; 0,45834174985066056
-17,48470053181312; 0,8277142653241754; 0,7839359967038035; 0,3095932174474001; 0,5814587231725454; 0,4313383218832314; 0,1549199866130948; 0,39319523610174656; 0,13625966710969806; 0,17193031683564186; 0,302656885702163
-17,69502188179903; 0,41599750611931086; 0,27728721778839827; 0,4640865554101765; 0,9236002084799111; 0,437792019918561; 0,8323902441188693; 0,8198109483346343; 0,7081820862367749; 0,3658938012085855; 0,20658844150602818
-17,652881956450578; 0,11376815475523472; 0,9487927751615644; 0,9685305263847113; 0,8355586798861623; 0,21236840076744556; 0,8974778433330357; 0,6197093497030437; 0,45235244603827596; 0,6659641126170754; 0,2795046051032841
-17,65442284813483; 0,9480081778019667; 0,9162808549590409; 0,6459542498923838; 0,5549715156666934; 0,9750096602365375; 0,5952822407707572; 0,8377930433489382; 0,8030715896748006; 0,8944280599243939; 0,3728577741421759
-17,700135733209354; 0,2686532186344266; 0,22218597726896405; 0,08134620264172554; 0,8387505956925452; 0,6274716248735785; 0,5625057788565755; 0,11538587464019656; 0,0350744086317718; 0,6528901509009302; 0,20591907342895865
-17,203054612611577; 0,4023725953884423; 0,7312307464890182; 0,014949984848499298; 0,5549105815589428; 0,9041883312165737; 0,8241719417273998; 0,3073118356987834; 0,705721942242235; 0,5816198848187923; 0,6263713357038796
-17,68087507185533; 0,6915753874927759; 0,331293314229697; 0,9092648690566421; 0,5236115138977766; 0,4346392313018441; 0,27626124024391174; 0,5080584431998432; 0,3749633808620274; 0,08130364026874304; 0,6077204737812281
-17,227164929025093; 0,5993755483068526; 0,17167896358296275; 0,7390255620703101; 0,7310962458141148; 0,6530426256358624; 0,07941279094666243; 0,18121787067502737; 0,8643143912777305; 0,081276411190629; 0,6367469411343336
-17,58108715457555; 0,6843791860155761; 0,4300835058093071; 0,0606808690354228; 0,6401857798919082; 0,5905734314583242; 0,21107041463255882; 0,49429056514054537; 0,7711248728446662; 0,17673050006851554; 0,37076584342867136
-17,699487394457986; 0,4367646942846477; 0,9087704960256815; 0,2066882993094623; 0,24262986425310373; 0,18649809202179313; 0,9323396510444582; 0,5861413576640189; 0,30525604309514165; 0,577883122023195; 0,07666923105716705
-17,67267597264277; 0,9323803228326142; 0,5464728185907006; 0,5943755866028368; 0,5561098023317754; 0,8879497917369008; 0,266478783916682; 0,6063866121694446; 0,9871366643346846; 0,6051323944702744; 0,3809407134540379
-17,696731653613828; 0,1092869620770216; 0,253874309360981; 0,5835930141620338; 0,8712928453460336; 0,08561328938230872; 0,730370928067714; 0,11682305671274662; 0,6648004939779639; 0,908635581843555; 0,6236135759390891
-17,58718390515454; 0,7655854620970786; 0,9142793463543057; 0,8794438275508583; 0,33663636120036244; 0,49507562164217234; 0,8968564234673977; 0,11565858265385032; 0,14419317850843072; 0,6951457420364022; 0,5908881672658026
-17,205394289445636; 0,32990160398185253; 0,24303089920431376; 0,1495527820661664; 0,570965220220387; 0,39395697554573417; 0,8799770092591643; 0,5580342165194452; 0,28911209059879184; 0,9864108311012387; 0,17751482594758272
-17,40844217433563; 0,4740315843373537; 0,16780461790040135; 0,9921117615886033; 0,36254306230694056; 0,9577578878961504; 0,4635492372326553; 0,3251809887588024; 0,4459619028493762; 0,9784445576369762; 0,8308557886630297
-17,17717848182496; 0,4935760870575905; 0,34446261264383793; 0,47571812802925706; 0,22853441815823317; 0,6112252911552787; 0,6910277251154184; 0,5522055788896978; 0,7469087825156748; 0,9103956227190793; 0,3824873105622828
-17,585638113997682; 0,027624795213341713; 0,0722146350890398; 0,5250190133228898; 0,6961764660663903; 0,15197424357756972; 0,817020180169493; 0,4174775960855186; 0,11093350686132908; 0,01899493718519807; 0,5801448128186166
-17,475952613033567; 0,006613863166421652; 0,17531466716900468; 0,8088215715251863; 0,47183680115267634; 0,950693488586694; 0,8350547160953283; 0,4218920785933733; 0,27634607907384634; 0,6878712023608387; 0,32837557792663574
-17,655509151853956; 0,19338877964764833; 0,5132412174716592; 0,939772647805512; 0,14922826224938035; 0,09726620186120272; 0,5163383581675589; 0,8219099813140929; 0,41976239113137126; 0,2547621661797166; 0,7027225773781538
-17,69895476541472; 0,14673934457823634; 0,8837963747791946; 0,3838952900841832; 0,9892347091808915; 0,36187336780130863; 0,7376584764569998; 0,9119525775313377; 0,9048770344816148; 0,6546895988285542; 0,6375720696523786
-17,693644044114876; 0,905485148075968; 0,1898171789944172; 0,35355747817084193; 0,2765434025786817; 0,8063980252481997; 0,25669971806928515; 0,06072278507053852; 0,07900347607210279; 0,35854768520221114; 0,6331032481975853
-17,69924841412937; 0,9450902487151325; 0,1621605083346367; 0,23585303500294685; 0,02402089210227132; 0,49151878571137786; 0,307298113591969; 0,4574570683762431; 0,26501028006896377; 0,6200208975933492; 0,5339665529318154
-17,692616786934362; 0,1338469162583351; 0,866694113239646; 0,5612972313538194; 0,5873159598559141; 0,6657824572175741; 0,5463472837582231; 0,5470830178819597; 0,7877031173557043; 0,8993105916306376; 0,5267315441742539
-17,251008368685195; 0,39924453757703304; 0,5982367056421936; 0,718516833614558; 0,5550784328952432; 0,3122963299974799; 0,9030532888136804; 0,8327162647619843; 0,5879163430072367; 0,29928768053650856; 0,8677240395918489
-17,378266904742325; 0,4281157851219177; 0,9686484164558351; 0,2897297008894384; 0,5488733756355941; 0,15344960987567902; 0,10623162798583508; 0,04985915496945381; 0,5913570448756218; 0,9473536731675267; 0,4056246061809361
-17,30847626535739; 0,4669544454663992; 0,9687570119276643; 0,14624809939414263; 0,978109295014292; 0,8724177284166217; 0,14453361695632339; 0,5226793140172958; 0,3302728896960616; 0,24057376477867365; 0,09594271099194884
-17,583930744452697; 0,9366502184420824; 0,8610058608464897; 0,31836908124387264; 0,20688965823501348; 0,601242178119719; 0,07032603165134788; 0,2763990154489875; 0,7752447128295898; 0,024712386075407267; 0,07565725315362215
-17,664740733854973; 0,27108552819117904; 0,191014448646456; 0,6651565060019493; 0,29602335998788476; 0,1294830273836851; 0,1341033698990941; 0,7073972029611468; 0,7487127878703177; 0,690994227770716; 0,21483310917392373
-17,512373478616592; 0,23533788742497563; 0,8724272125400603; 0,28857284132391214; 0,5176987778395414; 0,25648079439997673; 0,14266654755920172; 0,5729331821203232; 0,15952131245285273; 0,17857707059010863; 0,14996212488040328
-17,689662829292466; 0,9139559427276254; 0,44788460340350866; 0,8998329313471913; 0,8684998196549714; 0,9948237966746092; 0,7879566922783852; 0,954264473170042; 0,6073358193971217; 0,009335273876786232; 0,467237860430032
-17,45531034901749; 0,84031334053725; 0,6242186557501554; 0,5153245707042515; 0,07354936981573701; 0,2025246755219996; 0,7957182195968926; 0,16706514172255993; 0,6003157184459269; 0,4365477589890361; 0,021913656499236822
-17,694722397377692; 0,032897854689508677; 0,8886351897381246; 0,5043867295607924; 0,39243805641308427; 0,19814921915531158; 0,23461718671023846; 0,27933801524341106; 0,5809172540903091; 0,4128570253960788; 0,16803142009302974
-17,694988835211973; 0,46981044206768274; 0,3520953026600182; 0,7091010673902929; 0,7434563306160271; 0,9248037715442479; 0,6270734509453177; 0,16270321561023593; 0,06215191213414073; 0,11622307822108269; 0,5148520893417299
-17,689089529490577; 0,6099016168154776; 0,8517719432711601; 0,7560341567732394; 0,16178203839808702; 0,6283150836825371; 0,09247104125097394; 0,5512639079242945; 0,9391111773438752; 0,6048144544474781; 0,9276567976921797
-17,330075027967663; 0,6136496434919536; 0,1267967913299799; 0,07188483839854598; 0,1580206397920847; 0,45735020469874144; 0,9800751297734678; 0,8200786537490785; 0,34521458530798554; 0,5454155229963362; 0,25458004232496023
-17,642584700073876; 0,08565770508721471; 0,6983720320276916; 0,2312306291423738; 0,10350512061268091; 0,38923587650060654; 0,5841343123465776; 0,1269206590950489; 0,7523893089964986; 0,5226943753659725; 0,3672158014960587
-17,69089325902101; 0,563599175773561; 0,7084826128557324; 0,289250120986253; 0,10369867691770196; 0,7904542530886829; 0,5259857540950179; 0,6869674809277058; 0,9215612481348217; 0,9728754814714193; 0,27372945938259363
-17,69741491704643; 0,0010929587297141552; 0,6937930192798376; 0,2340258313342929; 0,8914676806889474; 0,8449032488279045; 0,5424787225201726; 0,9752583797089756; 0,640852396376431; 0,12652577413246036; 0,33539502415806055
-17,693947740295982; 0,9749895017594099; 0,16597980819642544; 0,08130064001306891; 0,6334841498173773; 0,616240173112601; 0,35259984247386456; 0,8084238599985838; 0,05166240595281124; 0,6180605054832995; 0,855020574759692
-17,446489343593868; 0,6975669353269041; 0,45141728641465306; 0,14175894018262625; 0,9155540675856173; 0,7700839485041797; 0,2184696076437831; 0,25127803441137075; 0,6477772360667586; 0,2531990595161915; 0,10780736617743969
-17,686065254595885; 0,7699316120706499; 0,7660292726941407; 0,03608002653345466; 0,845453901682049; 0,798933076672256; 0,8535133078694344; 0,2187056359834969; 0,5718127219006419; 0,40663549583405256; 0,3029023087583482
-17,678882600915724; 0,5745363202877343; 0,07217610906809568; 0,6947788475081325; 0,6417237035930157; 0,5628357576206326; 0,3232151549309492; 0,0392549941316247; 0,9361779959872365; 0,8109110714867711; 0,4232397237792611
-17,191043978460176; 0,011093196924775839; 0,6532071912661195; 0,8405720312148333; 0,4426753204315901; 0,7899382757022977; 0,663379892706871; 0,009801359847187996; 0,9194729500450194; 0,9197138524614275; 0,8459004224278033
-17,67805563708439; 0,7876432286575437; 0,21725280163809657; 0,30654476722702384; 0,9383905036374927; 0,1860709716565907; 0,9645762834697962; 0,45962752122431993; 0,3372163511812687; 0,41814857348799706; 0,9361261129379272
-17,174732308827636; 0,7894739075563848; 0,01558970520272851; 0,21686810906976461; 0,9621800244785845; 0,9175433106720448; 0,021635035052895546; 0,08702518371865153; 0,41839534835889935; 0,6319475504569709; 0,9178552329540253
-17,549568659777375; 0,7805413994938135; 0,44860461819916964; 0,9064873084425926; 0,7759644645266235; 0,5518017327412963; 0,25142303109169006; 0,8307726024650037; 0,24696615105494857; 0,6480626640841365; 0,054755222517997026
-17,633953447273946; 0,7110951035283506; 0,2564489869400859; 0,8697089240886271; 0,9455166151747108; 0,09086140943691134; 0,38551052613183856; 0,5822967058047652; 0,04893456446006894; 0,05977537762373686; 0,9163100109435618
-17,6899877853056; 0,9558248333632946; 0,8115739850327373; 0,6656737048178911; 0,8549497509375215; 0,6577666476368904; 0,4920198358595371; 0,6084908805787563; 0,686706181615591; 0,11405773740261793; 0,7853173296898603
-17,273147585214602; 0,3830647557042539; 0,5777107430621982; 0,09482385916635394; 0,5181038603186607; 0,38704761350527406; 0,8419677829369903; 0,9917753566987813; 0,4197192066349089; 0,6475082081742585; 0,1693868124857545
-17,237784509703946; 0,9434991329908371; 0,0575445806607604; 0,6955222226679325; 0,4995786086656153; 0,7756887781433761; 0,06276291515678167; 0,8055419512093067; 0,5766373346559703; 0,78135178796947; 0,3177727828733623
-17,696254821314845; 0,12849560985341668; 0,2776616755872965; 0,733197083696723; 0,15238245157524943; 0,18498581321910024; 0,8086119526997209; 0,8903957195580006; 0,8185341712087393; 0,1521192155778408; 0,87789865443483
-17,19413078618286; 0,5190968746319413; 0,05575775075703859; 0,6342237079516053; 0,6770691913552582; 0,20868429262191057; 0,043146643321961164; 0,2967419973574579; 0,2692497377283871; 0,0761370132677257; 0,2710591643117368
-17,28985517658141; 0,703710668720305; 0,6154088969342411; 0,3855112842284143; 0,02981123048812151; 0,5041502201929688; 0,27437629643827677; 0,6390610248781741; 0,662499176338315; 0,3418219690211117; 0,9888462536036968
-17,237435878796987; 0,5735754440538585; 0,9666715427301824; 0,6778075168840587; 0,47383529506623745; 0,26996040530502796; 0,05238032806664705; 0,5244013434275985; 0,579251931514591; 0,19509244849905372; 0,48319949954748154
-17,69650606063878; 0,02207137644290924; 0,8706520702689886; 0,3830377175472677; 0,5581546612083912; 0,7253601970151067; 0,4999124757014215; 0,4216997688636184; 0,989413829986006; 0,802469611633569; 0,37557475501671433
-17,172097342003394; 0,6845411485992372; 0,012038033921271563; 0,7302553886547685; 0,9640613817609847; 0,6566244219429791; 0,050013605039566755; 0,14926754450425506; 0,7098650895059109; 0,845753557048738; 0,7213107203133404
-17,675052106247193; 0,1764247315004468; 0,333316785749048; 0,5913892197422683; 0,0694972425699234; 0,4287461726926267; 0,5961802392266691; 0,14456648426130414; 0,379386980086565; 0,12444169307127595; 0,48833680199459195
-17,209962432616773; 0,29027651948854327; 0,8389827474020422; 0,07252520602196455; 0,44852774776518345; 0,268887881655246; 0,685273046605289; 0,20504679856821895; 0,8242077822797; 0,22437280137091875; 0,905001959297806
