 y; x1; x2; x3; x4; x5; x6; x7; x8; x9; x10
-0,15898182836373653; 0,9881126414984465; 0,007796606980264187; 0,19569635298103094; 0,16121222265064716; 0,450978244189173; 0,5227203546091914; 0,4923850176855922; 0,4996860735118389; 0,5900014471262693; 0,6048119338229299
-0,191327741144989; 0,5129387644119561; 0,6559073789976537; 0,3849437884055078; 0,37404646864160895; 0,6399079281836748; 0,2873092624358833; 0,4621857823804021; 0,14771274710074067; 0,05527072213590145; 0,1807585940696299
-0,26929783909351823; 0,842201167717576; 0,4684792384505272; 0,28200291004031897; 0,343375600874424; 0,32248208159580827; 0,33762562135234475; 0,5825281282886863; 0,9692157688550651; 0,8547223042696714; 0,9709052690304816
-0,0872943202239783; 0,4130545384250581; 0,3969291877001524; 0,7747433423064649; 0,3425706420093775; 0,8125139568001032; 0,3599356687627733; 0,217665147036314; 0,958574986550957; 0,1362904729321599; 0,3527385927736759
-0,10256730763209694; 0,6649931999854743; 0,4642511401325464; 0,29472348280251026; 0,4748795563355088; 0,20735155558213592; 0,5400261105969548; 0,3415092686191201; 0,6393975224345922; 0,19053922360762954; 0,2646260028705001
-0,1704148549556712; 0,4877311084419489; 0,6361302519217134; 0,665930618532002; 0,11449607461690903; 0,7447265577502549; 0,837456907145679; 0,6799078416079283; 0,8116967985406518; 0,26492547057569027; 0,5385744711384177
-0,09223572138047505; 0,330902935937047; 0,7540964721702039; 0,07107952050864697; 0,6073362766765058; 0,4974513533525169; 0,8605503449216485; 0,36664828285574913; 0,08181121898815036; 0,6751652150414884; 0,09800381166860461
-0,3781034287658647; 0,6297832960262895; 0,22636940144002438; 0,16089041903614998; 0,5261402945034206; 0,9265385693870485; 0,31108223274350166; 0,9016187135130167; 0,9116848548874259; 0,5321081406436861; 0,8725998671725392
-0,22041911048368804; 0,7306000762619078; 0,45229198643937707; 0,2317062970250845; 0,938885245937854; 0,056517546996474266; 0,21784765738993883; 0,5193274351768196; 0,6398135931231081; 0,0760025130584836; 0,012826245743781328
-0,17360061696416926; 0,0725034773349762; 0,9029356259852648; 0,3274355079047382; 0,07995915086939931; 0,4772584685124457; 0,6661748690530658; 0,43402349250391126; 0,7311744876205921; 0,6756337624974549; 0,33191828010603786
-0,13614374255040138; 0,8560481616295874; 0,07715124590322375; 0,052806030958890915; 0,610006736125797; 0,40721315145492554; 0,47884117206558585; 0,32288155471906066; 0,5209998083300889; 0,08288329094648361; 0,7689921194687486
-0,1925831864328189; 0,8302018055692315; 0,31491454876959324; 0,9832363901659846; 0,852043111808598; 0,3080300781875849; 0,9338235198520124; 0,7456157975830138; 0,6216526096686721; 0,035407937597483397; 0,6210800046101213
-0,27952520072885195; 0,14768010657280684; 0,6223162356764078; 0,07907510222867131; 0,4469649661332369; 0,14107314962893724; 0,22945550130680203; 0,86433917703107; 0,7984518688172102; 0,012715860735625029; 0,8317648088559508
-0,2468674618019849; 0,13654682552441955; 0,8354313462041318; 0,8645612322725356; 0,48564246762543917; 0,9843175713904202; 0,8462023879401386; 0,6079915803857148; 0,49838270293548703; 0,3928847978822887; 0,7193639860488474
-0,18448662531379154; 0,03730536485090852; 0,7803868823684752; 0,013179914094507694; 0,978178096935153; 0,579272975679487; 0,4064108827151358; 0,5848699538037181; 0,13060725526884198; 0,9266262245364487; 0,8138554701581597
-0,015855921726286054; 0,5856218882836401; 0,8049253295175731; 0,595404296182096; 0,5567987263202667; 0,250625713262707; 0,9497805102728307; 0,03467341233044863; 0,8332867966964841; 0,8613075809553266; 0,03530687000602484
-0,28952696377458975; 0,01259222300723195; 0,2672252897173166; 0,4258658713661134; 0,17084353137761354; 0,8817753489129245; 0,8860597908496857; 0,6359510025940835; 0,42016357835382223; 0,41811626497656107; 0,18403672147542238
-0,07609604166003676; 0,8804556424729526; 0,954217342659831; 0,8251855741254985; 0,08538642758503556; 0,8481547953560948; 0,066836669575423; 0,22238732455298305; 0,9489017748273909; 0,1814924138598144; 0,8718736381269991
-0,0986885219086199; 0,5804438893683255; 0,2462117336690426; 0,6392627223394811; 0,8952742302790284; 0,8057894054800272; 0,7991776713170111; 0,35693703358992934; 0,23329320130869746; 0,7101071192882955; 0,8101777983829379
-0,038572600502497195; 0,5803367043845356; 0,3985863123089075; 0,619583445135504; 0,43146525928750634; 0,4859399292618036; 0,32913473527878523; 0,13873124727979302; 0,9070403501391411; 0,6265281438827515; 0,8907390115782619
-0,26836787506240145; 0,8460838426835835; 0,6816758722998202; 0,18492368888109922; 0,9386284691281617; 0,934891349170357; 0,3244848372414708; 0,7718067583627999; 0,4796096063219011; 0,24031647620722651; 0,8976615802384913
-0,2374312687831895; 0,535905510187149; 0,8056374974548817; 0,8462946955114603; 0,33140308782458305; 0,3288898579776287; 0,41068864706903696; 0,524626518599689; 0,3938135355710983; 0,6294904821552336; 0,8685871395282447
-0,21946916695172033; 0,2133180582895875; 0,8285173028707504; 0,2808055020868778; 0,2672514710575342; 0,5750919063575566; 0,5413671247661114; 0,8547430438920856; 0,793326111510396; 0,5692984983325005; 0,6340626734308898
-0,10606236852350104; 0,9818992372602224; 0,5406303592026234; 0,9686522758565843; 0,8553177397698164; 0,7978820651769638; 0,4398480858653784; 0,295301322825253; 0,13218741212040186; 0,8893344849348068; 0,36572037963196635
-0,0981200155887594; 0,818281417246908; 0,2869000332430005; 0,9376191697083414; 0,3240533582866192; 0,3346107704564929; 0,5556438365019858; 0,25216288957744837; 0,7335607288405299; 0,6526961894705892; 0,8641287833452225
-0,2514957283871467; 0,9391703745350242; 0,11864425195381045; 0,0021984409540891647; 0,37739308923482895; 0,979185929056257; 0,12427927274256945; 0,6186100030317903; 0,0973630459047854; 0,7404224453493953; 0,14802275132387877
-0,08470564763076073; 0,32036570739001036; 0,1790754902176559; 0,9457820006646216; 0,9431764306500554; 0,7260116436518729; 0,17089388752356172; 0,18558094697073102; 0,49882300291210413; 0,09470451949164271; 0,8077762350440025
-0,05034576616172035; 0,944017481058836; 0,09806220140308142; 0,9598546209745109; 0,41232227999716997; 0,7520750360563397; 0,04891112493351102; 0,19244302157312632; 0,21618209267035127; 0,7881700564175844; 0,9331643325276673
-0,13282267794824856; 0,7504867743700743; 0,2907677860930562; 0,6809990522451699; 0,36954624205827713; 0,3771907342597842; 0,3314781133085489; 0,33273346070200205; 0,8734060050919652; 0,7601220812648535; 0,2899569934234023
-0,08485838545328825; 0,4339688033796847; 0,05330363754183054; 0,45960467029362917; 0,9216931466944516; 0,2574151982553303; 0,4026241647079587; 0,33882073406130075; 0,11199232656508684; 0,4475586647167802; 0,5251758326776326
-0,11219375242142443; 0,2181578790768981; 0,4610824855044484; 0,6164938667789102; 0,5851035043597221; 0,41944523621350527; 0,3137343181297183; 0,34713554568588734; 0,5291258478537202; 0,9194910218939185; 0,2413183432072401
-0,06481910889227531; 0,541709179058671; 0,6667124000377953; 0,37159395031630993; 0,35421259235590696; 0,728493191767484; 0,4896742790006101; 0,1410730150528252; 0,0778551734983921; 0,3628468122333288; 0,98154959641397
-0,3876855320983186; 0,2088446798734367; 0,3337598517537117; 0,08558449521660805; 0,8508167639374733; 0,35534712625667453; 0,516103582456708; 0,8370373263023794; 0,4653742494992912; 0,9276732285507023; 0,5778815653175116
-0,3547371457735885; 0,01780447456985712; 0,3942757803015411; 0,3411737526766956; 0,27310790261253715; 0,21378669375553727; 0,16119852708652616; 0,7761312006041408; 0,8183325552381575; 0,19890947779640555; 0,22584270080551505
-0,13225455812234596; 0,48200671933591366; 0,35464702919125557; 0,20539404544979334; 0,5445117917843163; 0,8399995742365718; 0,8667801525443792; 0,29789666552096605; 0,9315781742334366; 0,4112126575782895; 0,621966416016221
-0,1703711608864101; 0,7676649647764862; 0,9591880938969553; 0,7083190325647593; 0,8895967812277377; 0,04430216597393155; 0,5841641626320779; 0,5112705626524985; 0,5222728177905083; 0,20819897344335914; 0,9972868338227272
-0,11923289412524936; 0,4111037296243012; 0,4405871923081577; 0,13254922395572066; 0,6823025555349886; 0,21405041683465242; 0,08483690395951271; 0,25773300928995013; 0,7096988284029067; 0,883371027186513; 0,2841886584647
-0,29412441504320125; 0,8710812325589359; 0,11338127590715885; 0,8523049266077578; 0,5899724122136831; 0,6943236202932894; 0,5971945845521986; 0,7800438539125025; 0,07458680728450418; 0,3570237238891423; 0,808185110334307
-0,02285075129090268; 0,5574372354894876; 0,36145234340801835; 0,1595603972673416; 0,8090168293565512; 0,8756067990325391; 0,9905092781409621; 0,07128394301980734; 0,0035110246390104294; 0,8720232076011598; 0,698784152045846
-0,35755791019359745; 0,36089465813711286; 0,4276797058992088; 0,33284661499783397; 0,9818920651450753; 0,7295399331487715; 0,2046970441006124; 0,7922414899803698; 0,8541002203710377; 0,47581188660115004; 0,4553454080596566
-0,09966246047230738; 0,23726515704765916; 0,8302751705050468; 0,8524764222092927; 0,1345335068181157; 0,9545315522700548; 0,278016718570143; 0,2587044257670641; 0,9009271007962525; 0,9515756443142891; 0,8330971342511475
-0,06290310305002435; 0,27072608610615134; 0,7317825267091393; 0,6068947147578001; 0,3797547244466841; 0,3368963794782758; 0,3620528089813888; 0,17625657841563225; 0,9420933616347611; 0,3126494185999036; 0,4665613742545247
-0,021749163201842815; 0,6388865737244487; 0,22663129679858685; 0,1416883929632604; 0,8369362079538405; 0,02166969981044531; 0,10753363138064742; 0,07149045169353485; 0,8058766201138496; 0,6701139844954014; 0,5458574565127492
-0,361702676497899; 0,9418588243424892; 0,31445718463510275; 0,6190689229406416; 0,9927454143762589; 0,8882273053750396; 0,6897090394049883; 0,9600828615948558; 0,1864598924294114; 0,8584960368461907; 0,9230408086441457
-0,056424142373326124; 0,15108946664258838; 0,8370385975576937; 0,2472693370655179; 0,6902799410745502; 0,9735076483339071; 0,4360661869868636; 0,22217916464433074; 0,21939421631395817; 0,49698282591998577; 0,006399492267519236
-0,35476439093019924; 0,2407274399884045; 0,32865742733702064; 0,9749194155447185; 0,8828252074308693; 0,8637339733541012; 0,6185514703392982; 0,7660337286069989; 0,12632928043603897; 0,06300860270857811; 0,27026851242408156
-0,045414580940296455; 0,33768085669726133; 0,8098286311142147; 0,8351520337164402; 0,07304218364879489; 0,8398676896467805; 0,619013340678066; 0,18057831330224872; 0,6686841216869652; 0,43935832427814603; 0,3258273941464722
-0,31828641811887765; 0,6861080639064312; 0,44668020447716117; 0,803989430423826; 0,8311696355231106; 0,36650517117232084; 0,8834167723543942; 0,7369484230875969; 0,3311087149195373; 0,5764785227365792; 0,2997641135007143
-0,0341291670446703; 0,7103790994733572; 0,9844224280677736; 0,8061826853081584; 0,4131005178205669; 0,02846679650247097; 0,8845794452354312; 0,13372449250891805; 0,30153658566996455; 0,031239809468388557; 0,4788175350986421
-0,40292489111039453; 0,5251701180823147; 0,27542679430916905; 0,7310822079889476; 0,37143899220973253; 0,3282624948769808; 0,0045424895361065865; 0,9818705716170371; 0,0650476785376668; 0,04940279806032777; 0,2512513231486082
-0,11889982469463624; 0,39393863594159484; 0,26146332500502467; 0,3833063468337059; 0,697997055016458; 0,11950427433475852; 0,1536425519734621; 0,28122977120801806; 0,5425776359625161; 0,16591963451355696; 0,6418672697618604
-0,2342337942614814; 0,08779499586671591; 0,6829586434178054; 0,28864223789423704; 0,40168249886482954; 0,7369742430746555; 0,6304423944093287; 0,790096293669194; 0,03522632271051407; 0,9042990375310183; 0,3867379422299564
-0,39086733215494035; 0,7171592116355896; 0,6016163686290383; 0,4854633007198572; 0,08253302751109004; 0,12214949447661638; 0,6015421147458255; 0,8727184818126261; 0,7980308779515326; 0,979426325764507; 0,5914073563180864
-0,14325072497373154; 0,10283623868599534; 0,5372544811107218; 0,6813630950637162; 0,04456634074449539; 0,5447410750202835; 0,30535888113081455; 0,5623890534043312; 0,7550016520544887; 0,9147476023063064; 0,9801263841800392
-0,1772608336560866; 0,6896701026707888; 0,30652893986552954; 0,7613791171461344; 0,45394971081987023; 0,7059797598049045; 0,2430614847689867; 0,6941010863520205; 0,4575217613019049; 0,09473331738263369; 0,9246437740512192
-0,33086124577487214; 0,851292391307652; 0,6779962456785142; 0,7119164019823074; 0,9377557183615863; 0,3524110624566674; 0,4952671630308032; 0,7852253061719239; 0,7439525569789112; 0,34873892553150654; 0,41061615757644176
-0,3504421537266068; 0,5186009625904262; 0,6561023080721498; 0,7870496599934995; 0,31991464318707585; 0,804574878886342; 0,849770687520504; 0,9430886693298817; 0,5570933860726655; 0,5257615796290338; 0,03925828402861953
-0,2644749858059458; 0,53496237937361; 0,9157349662855268; 0,6828268431127071; 0,761844961438328; 0,8152254866436124; 0,33793881069868803; 0,5796829424798489; 0,08503327192738652; 0,3193780779838562; 0,12227255757898092
-0,25958392384108175; 0,727543986402452; 0,5404091128148139; 0,8037915755994618; 0,7264054953120649; 0,006254491861909628; 0,2872705305926502; 0,6833417536690831; 0,7290281378664076; 0,46022483613342047; 0,4110687389038503
-0,25763363418437324; 0,7377959955483675; 0,04009759984910488; 0,9578680112026632; 0,2610210687853396; 0,996481551323086; 0,9179487726651132; 0,6611295882612467; 0,4689282481558621; 0,30260390089824796; 0,3244630382396281
-0,2088193982273546; 0,020382968708872795; 0,13057046430185437; 0,8377185272984207; 0,0181343425065279; 0,7446898343041539; 0,9648439292795956; 0,5224974462762475; 0,636220799293369; 0,008489964064210653; 0,9600133080966771
-0,08870798332326203; 0,38555639097467065; 0,23380483081564307; 0,35828325105831027; 0,7104578511789441; 0,2860337309539318; 0,6527853687293828; 0,24864800181239843; 0,5563976867124438; 0,045914669055491686; 0,28937184251844883
-0,02044692451183838; 0,30710262479260564; 0,25100586377084255; 0,2578296815045178; 0,6672701197676361; 0,08899607881903648; 0,3500121892429888; 0,07743062684312463; 0,1622981745749712; 0,49027748266234994; 0,9634208767674863
-0,06493611695875251; 0,4609746946953237; 0,235247690230608; 0,34096043882891536; 0,7150034792721272; 0,8278448260389268; 0,1549622961319983; 0,22479246137663722; 0,8666341137140989; 0,38896592846140265; 0,10005129594355822
-0,14123118209837632; 0,4982326119206846; 0,4982069777324796; 0,5265443897806108; 0,4730352936312556; 0,40202577877789736; 0,2958622728474438; 0,563654478173703; 0,1849145358428359; 0,06555951619520783; 0,7181648463010788
-0,07764988432560183; 0,48084092419594526; 0,8815466230735183; 0,7036150582134724; 0,8074551937170327; 0,46565866004675627; 0,9970931401476264; 0,2938701119273901; 0,183508753310889; 0,9498942964710295; 0,025122868828475475
-0,3144279102647878; 0,5833154045976698; 0,40716661559417844; 0,9714227081276476; 0,5514347739517689; 0,718973936047405; 0,18811358651146293; 0,6885072663426399; 0,4143338901922107; 0,6512775393202901; 0,8410887350328267
-0,11668418898828599; 0,4674504795111716; 0,5706507475115359; 0,8951093447394669; 0,744454596657306; 0,6199039476923645; 0,7375726457685232; 0,46546707348898053; 0,42668132996186614; 0,3894828800112009; 0,3248429764062166
-0,05146464328043579; 0,386671946849674; 0,8461047415621579; 0,07358605368062854; 0,02606851700693369; 0,5142074767500162; 0,5337430154904723; 0,18596790311858058; 0,28996623773127794; 0,8195213531143963; 0,26541427662596107
-0,04498973317314313; 0,6920162178575993; 0,13425821671262383; 0,574529149569571; 0,25270380824804306; 0,8079305063001812; 0,09627486392855644; 0,16109692817553878; 0,8782759015448391; 0,5436442191712558; 0,7245470178313553
-0,10342211225264254; 0,4870296190492809; 0,16275242902338505; 0,7511707744561136; 0,6528291078284383; 0,7047380208969116; 0,7992903739213943; 0,4087795349769294; 0,19367867708206177; 0,7879126379266381; 0,9660369586199522
-0,06061329654062224; 0,693741524592042; 0,15214614337310195; 0,29320123232901096; 0,8020341550000012; 0,7066886895336211; 0,042017958126962185; 0,2192249931395054; 0,3982330774888396; 0,6114162178710103; 0,608427369967103
-0,025342056329070006; 0,3519192114472389; 0,6670847991481423; 0,10105580370873213; 0,5493264184333384; 0,4231532025150955; 0,962914515286684; 0,09729788592085242; 0,5663819438777864; 0,38858939381316304; 0,5958177810534835
-0,3609820534519734; 0,7702478524297476; 0,6521383416838944; 0,06637848680838943; 0,7099907896481454; 0,026997491717338562; 0,20861505484208465; 0,8282754910178483; 0,43293605744838715; 0,13292274344712496; 0,1570663135498762
-0,2873403490834773; 0,6963039562106133; 0,4822359411045909; 0,37749754963442683; 0,8903646608814597; 0,34308972023427486; 0,6983484993688762; 0,8104239078238606; 0,35761393373832107; 0,6620007390156388; 0,1739431512542069
-0,44955890999639403; 0,36339073767885566; 0,38289048289880157; 0,05115525098517537; 0,11623119423165917; 0,47175863943994045; 0,20080998400226235; 0,979191882070154; 0,9292689994908869; 0,7385980156250298; 0,8019756195135415
-0,06462556809220632; 0,3319034455344081; 0,6105884709395468; 0,5247154240496457; 0,22490460705012083; 0,8181538684293628; 0,19494810653850436; 0,15874836221337318; 0,540448997169733; 0,809268421959132; 0,7432706006802619
-0,0973673991900915; 0,5392537135630846; 0,8433600971475244; 0,4760148301720619; 0,9444581479765475; 0,12272027926519513; 0,9843251463025808; 0,38825597520917654; 0,8205506037920713; 0,5973439109511673; 0,5306062204763293
-0,056649253695681405; 0,7539858715608716; 0,43142027175053954; 0,6694374149665236; 0,5152201023884118; 0,4168440578505397; 0,5365801868028939; 0,12726593855768442; 0,5368375857360661; 0,31773065961897373; 0,19882110878825188
-0,05563002722900459; 0,714674199000001; 0,3081528367474675; 0,6564589166082442; 0,7087510102428496; 0,6428059744648635; 0,9489511363208294; 0,21749952575191855; 0,024539492093026638; 0,8335035825148225; 0,33494465379044414
-0,2628964750376864; 0,07499806629493833; 0,3359128311276436; 0,5142474411986768; 0,12817372428253293; 0,6714094639755785; 0,04945025686174631; 0,6381861488334835; 0,9883239935152233; 0,36595836468040943; 0,0874038627371192
-0,3177828814013407; 0,7068610014393926; 0,37288987822830677; 0,470345756970346; 0,4329496519640088; 0,48655669670552015; 0,5575222154147923; 0,7004304742440581; 0,4495342690497637; 0,4698372920975089; 0,2247803658246994
-0,338555195577296; 0,9385795081034303; 0,15588499791920185; 0,39405796863138676; 0,018277093768119812; 0,7532929736189544; 0,6522641722112894; 0,7720409715548158; 0,6839194069616497; 0,819511185400188; 0,6290046842768788
-0,08794034608097993; 0,2796235182322562; 0,26259320229291916; 0,7835913128219545; 0,3577579860575497; 0,7136059035547078; 0,24380243383347988; 0,23617634968832135; 0,8406307231634855; 0,08740164618939161; 0,4060989338904619
-0,06426276843736227; 0,919450031593442; 0,6269678953103721; 0,28351652761921287; 0,6190453032031655; 0,48592374101281166; 0,8593278722837567; 0,21418265020474792; 0,40617688931524754; 0,1883163433521986; 0,04979937570169568
-0,05807161991286649; 0,6234767432324588; 0,1306493915617466; 0,7271030228585005; 0,29434808529913425; 0,2066547959111631; 0,5187600306235254; 0,14521082350984216; 0,7373939570970833; 0,7013824228197336; 0,3594891303218901
-0,16792543000795862; 0,10986794717609882; 0,5614345199428499; 0,32240862492471933; 0,20800295937806368; 0,16973808128386736; 0,4568895511329174; 0,42429491598159075; 0,64498898293823; 0,06435298873111606; 0,8202395713888109
-0,28420176744807635; 0,28231907123699784; 0,011396430432796478; 0,8485027169808745; 0,8165256092324853; 0,6629838305525482; 0,9883624520152807; 0,6195379039272666; 0,4449231382459402; 0,07537111360579729; 0,7697088024578989
-0,02098979768032121; 0,5452652354724705; 0,7848826018162072; 0,5263889278285205; 0,11823198990896344; 0,1324531640857458; 0,5985354236327112; 0,07837993325665593; 0,16388018801808357; 0,2925535151734948; 0,1190190240740776
-0,4294428129358232; 0,5598388370126486; 0,028421114664524794; 0,41996733332052827; 0,7035460015758872; 0,7168160672299564; 0,5202200287021697; 0,9688557642512023; 0,5656149471178651; 0,17967280419543386; 0,7543990882113576
-0,2400182599715411; 0,057048775255680084; 0,9981436324305832; 0,17149956710636616; 0,9117421908304095; 0,19865671498700976; 0,9967474527657032; 0,9373646285384893; 0,21966028306633234; 0,8256813450716436; 0,4820274808444083
-0,20863924950716337; 0,1748233730904758; 0,786620105151087; 0,8984328461810946; 0,6832659873180091; 0,542075359262526; 0,7415767852216959; 0,6435460704378784; 0,3692519669421017; 0,9979292685166001; 0,9858849258162081
-0,21474917520033435; 0,6366129308007658; 0,775310495402664; 0,9781629382632673; 0,06743203569203615; 0,4778637574054301; 0,4091987665742636; 0,8320884825661778; 0,8614339139312506; 0,047730245627462864; 0,43596343556419015
-0,07435996791285042; 0,6457826560363173; 0,30581338703632355; 0,5150251984596252; 0,21710034366697073; 0,011418122798204422; 0,011467368341982365; 0,2733368519693613; 0,9290889222174883; 0,5477101015858352; 0,9514745497144759
-0,2019085305574858; 0,49168474739417434; 0,33984872698783875; 0,4369268426671624; 0,013991859275847673; 0,5299064838327467; 0,821991722099483; 0,4356725635007024; 0,7948464374057949; 0,45301145873963833; 0,8176559596322477
-0,18001710747389052; 0,9963692212477326; 0,9259170233272016; 0,35643142834305763; 0,01961791655048728; 0,4143979656510055; 0,7562257866375148; 0,38959001982584596; 0,29641413781791925; 0,5578726441599429; 0,5559671921655536
-0,18297046795669472; 0,051551160868257284; 0,28891138546168804; 0,2607938162982464; 0,32588633708655834; 0,7984324782155454; 0,2096672528423369; 0,42638913821429014; 0,33289271406829357; 0,6609427542425692; 0,9796526520512998
-0,12939513924377766; 0,6564273471012712; 0,24222762323915958; 0,044411951676011086; 0,6410490311682224; 0,3129835892468691; 0,4814368193037808; 0,5165016558021307; 0,9962197551503778; 0,3249545907601714; 0,8242760803550482
-0,1796583162695108; 0,612975109834224; 0,13010633923113346; 0,9507847735658288; 0,24863548204302788; 0,9880446437746286; 0,6635127197951078; 0,4354118122719228; 0,39555596048012376; 0,10643137712031603; 0,4231428694911301
-0,4066247706266883; 0,7295272219926119; 0,7764181001111865; 0,14719334011897445; 0,8191392472945154; 0,4747248818166554; 0,6451699007302523; 0,9468091642484069; 0,7284062006510794; 0,9969068779610097; 0,08253769250586629
-0,2777373550441242; 0,9650752092711627; 0,5416608117520809; 0,8695415463298559; 0,7583385463804007; 0,3046081196516752; 0,5812361384741962; 0,599364785477519; 0,28248193580657244; 0,82153524691239; 0,09548796201124787
-0,015887702637167465; 0,9970007771626115; 0,19637882197275758; 0,37629649648442864; 0,9629371790215373; 0,8206760231405497; 0,8056652508676052; 0,036861748434603214; 0,9000589121133089; 0,5450198943726718; 0,271838272921741
-0,18912422648478003; 0,20171545399352908; 0,5289883017539978; 0,24692619172856212; 0,7649977700784802; 0,9244373734109104; 0,20772195886820555; 0,7456184905022383; 0,7944999458268285; 0,09563548723235726; 0,27796520199626684
-0,1180084285609928; 0,9985902146436274; 0,09338095830753446; 0,8235054621472955; 0,8170619141310453; 0,20202588569372892; 0,10542791150510311; 0,25971853034570813; 0,765887419693172; 0,2874406175687909; 0,7189696533605456
-0,2199941753535421; 0,11170531576499343; 0,31764682242646813; 0,7052353136241436; 0,49765739031136036; 0,6558556170202792; 0,48838361352682114; 0,6055233618244529; 0,8394330097362399; 0,2526706224307418; 0,03238233085721731
-0,004602033259924559; 0,560299045406282; 0,4446376208215952; 0,28675157809630036; 0,06960401264950633; 0,87646189564839; 0,05579658877104521; 0,012761254329234362; 0,6192139582708478; 0,502705130726099; 0,792137392796576
-0,09274179488665707; 0,9150167657062411; 0,3259303905069828; 0,3498399048112333; 0,874532466288656; 0,7560863452963531; 0,07141875522211194; 0,20012117316946387; 0,9060048894025385; 0,31312829395756125; 0,0031738015823066235
-0,35513732879261317; 0,9150362992659211; 0,45003136387094855; 0,41963309654965997; 0,08254256611689925; 0,005977840628474951; 0,8491294756531715; 0,8538590269163251; 0,7607075129635632; 0,9886747822165489; 0,12795048533007503
-0,10930663194382076; 0,30938562797382474; 0,3806615797802806; 0,3204730171710253; 0,46884951228275895; 0,6593227973207831; 0,31273096799850464; 0,33660786133259535; 0,1027409634552896; 0,9741262425668538; 0,8178461445495486
-0,06619188682099; 0,8439114103093743; 0,667702903971076; 0,31943056732416153; 0,44654189236462116; 0,993997645098716; 0,1283071911893785; 0,25738441897556186; 0,7140497476793826; 0,9921807050704956; 0,09829042945057154
-0,020661904710927537; 0,2738629053346813; 0,6818782165646553; 0,6836170251481235; 0,9805209608748555; 0,3888143659569323; 0,6924718823283911; 0,07355525903403759; 0,9508066838607192; 0,8534634364768863; 0,269841100089252
-0,2548088741628083; 0,9505284992046654; 0,2501064809039235; 0,4957271767780185; 0,5953311589546502; 0,7685577739030123; 0,6968157584778965; 0,9493886991403997; 0,33672609040513635; 0,5728860585950315; 0,20824518613517284
-0,2489181778931623; 0,6248270580545068; 0,3300575236789882; 0,508925701957196; 0,7900022305548191; 0,9400561656802893; 0,3175450125709176; 0,579664499964565; 0,6984756616875529; 0,49436493404209614; 0,4835565900430083
-0,27530599888287144; 0,782131580170244; 0,0052235908806324005; 0,04409138858318329; 0,1337899137288332; 0,1456979513168335; 0,5898968679830432; 0,8148672948591411; 0,9474374377168715; 0,7077917261049151; 0,2242298861965537
-0,3820213886684863; 0,19069560477510095; 0,5972713734954596; 0,6380886952392757; 0,6375634837895632; 0,09850208647549152; 0,7159687988460064; 0,8565061800181866; 0,7599954036995769; 0,38055948773398995; 0,6055755382403731
-0,01147348162498076; 0,36877797171473503; 0,8951039384119213; 0,9045365769416094; 0,29628640273585916; 0,3298842632211745; 0,6127851237542927; 0,02891120407730341; 0,5247895228676498; 0,28408428747206926; 0,18705597054213285
-0,20808456058458163; 0,11515525262802839; 0,373927706386894; 0,8574056313373148; 0,8851244444958866; 0,15873441472649574; 0,7315375753678381; 0,5915397866629064; 0,7879915027879179; 0,967432577162981; 0,48528987634927034
-0,015578562942677085; 0,5763657842762768; 0,5832479246892035; 0,18002919713035226; 0,5474628936499357; 0,4842236847616732; 0,5769421239383519; 0,05903338501229882; 0,7137998505495489; 0,4889560374431312; 0,4894272913224995
-0,13334125969125957; 0,5810590418986976; 0,9946873462758958; 0,8842052752152085; 0,7770825489424169; 0,32007266115397215; 0,6916507482528687; 0,53229109197855; 0,21907202852889895; 0,9197943639010191; 0,857036579400301
-0,31553096765394006; 0,4467477290891111; 0,8869349490851164; 0,7071858355775476; 0,3534651272930205; 0,8470709091052413; 0,29339625407010317; 0,6835657772608101; 0,06535561522468925; 0,021171662490814924; 0,6874730479903519
-0,055943715305666844; 0,941562601365149; 0,22000916814431548; 0,3805573065765202; 0,24247094755992293; 0,622092756908387; 0,19758641812950373; 0,19666917994618416; 0,5956309619359672; 0,052411781158298254; 0,5911479759961367
-0,15169708341927438; 0,38553146133199334; 0,1313701099716127; 0,47775481222197413; 0,28096834337338805; 0,7037422694265842; 0,6226643868722022; 0,5790861831046641; 0,7487247474491596; 0,2844700664281845; 0,8805333110503852
-0,07996722416089878; 0,5150204570963979; 0,37033600779250264; 0,5584043366834521; 0,22706703376024961; 0,4792807912454009; 0,3434101934544742; 0,27235441468656063; 0,46557382913306355; 0,6107871416024864; 0,5291889272630215
-0,2727137364534667; 0,044594228733330965; 0,013811384327709675; 0,48419176414608955; 0,23310286970809102; 0,3969919574446976; 0,18076172238215804; 0,7919790190644562; 0,5791710778139532; 0,9788332465104759; 0,9022891661152244
-0,14114388231126127; 0,8336222325451672; 0,3942712596617639; 0,22119575086981058; 0,23914135992527008; 0,667561050504446; 0,7213179459795356; 0,5135184759274125; 0,48926485050469637; 0,9847758137620986; 0,02391137881204486
-0,1965293519716843; 0,1712223389185965; 0,32951698126271367; 0,47770843049511313; 0,5189288514666259; 0,02879307884722948; 0,5401137704029679; 0,6596905295737088; 0,9075055727735162; 0,09817009419202805; 0,7104953164234757
-0,3908780177359189; 0,08772922679781914; 0,4261053544469178; 0,46984639670699835; 0,8325514914467931; 0,40838398318737745; 0,6746618379838765; 0,919498008210212; 0,18070210935547948; 0,09835198055952787; 0,002344464883208275
-0,21217315889618618; 0,7966697551310062; 0,9628874850459397; 0,5152093786746264; 0,31097433157265186; 0,06771379103884101; 0,09559325966984034; 0,7348871380090714; 0,07053017942234874; 0,6811554525047541; 0,4399559376761317
-0,24887720633014604; 0,7566517610102892; 0,6288745412603021; 0,06084330519661307; 0,4720898815430701; 0,15343685960397124; 0,4085382497869432; 0,9920711214654148; 0,3262026668526232; 0,2881660866551101; 0,5552392988465726
-0,09360632885624766; 0,6917813238687813; 0,9491873304359615; 0,5678423712961376; 0,24842050904408097; 0,29029672173783183; 0,3367719859816134; 0,21865811478346586; 0,7909190775826573; 0,02713401010259986; 0,8931516264565289
-0,009932409923417372; 0,11509857326745987; 0,10315026110038161; 0,5587086183950305; 0,28033784264698625; 0,8900711410678923; 0,7210698258131742; 0,03939669579267502; 0,4275445491075516; 0,32434110483154655; 0,1666450104676187
-0,023843651155493577; 0,5593107948079705; 0,495459150057286; 0,4254682078026235; 0,05803759442642331; 0,9687125836499035; 0,22923591965809464; 0,053029333241283894; 0,8747612219303846; 0,7674008514732122; 0,5282625388354063
-0,08703013237025015; 0,06879837764427066; 0,3007565392181277; 0,17144319647923112; 0,3009763788431883; 0,7277565044350922; 0,015695763286203146; 0,20039557619020343; 0,09434992214664817; 0,8149688690900803; 0,9399085603654385
-0,1584400185346255; 0,6697651636786759; 0,5350381047464907; 0,3432824481278658; 0,2837745910510421; 0,3047020100057125; 0,02240931848064065; 0,34714660746976733; 0,22857812279835343; 0,45054577849805355; 0,5738052735105157
-0,05369391470183614; 0,2474755453877151; 0,1445408775471151; 0,8795830477029085; 0,33309156773611903; 0,748072077985853; 0,6198279969394207; 0,11653132503852248; 0,3868158864788711; 0,8125600847415626; 0,15322176786139607
-0,16911822635563675; 0,6159503562375903; 0,7971835792995989; 0,009157364722341299; 0,9096597405150533; 0,015536028426140547; 0,43083564983680844; 0,6749382349662483; 0,7487096912227571; 0,4291017553769052; 0,35673537850379944
-0,14508840929687783; 0,6931966440752149; 0,33098656218498945; 0,957604430615902; 0,21731253108009696; 0,17336675943806767; 0,6449430570937693; 0,48983565904200077; 0,2681876253336668; 0,4022364569827914; 0,07994144503027201
-0,09489441574524082; 0,2800926184281707; 0,23787052230909467; 0,6133405426517129; 0,19360134983435273; 0,8435018658638; 0,7645234377123415; 0,250490287784487; 0,05563262430950999; 0,642828700132668; 0,8483353038318455
-0,04759707010812695; 0,5986466025933623; 0,4691284582950175; 0,3708614273928106; 0,8882496752776206; 0,4902356630191207; 0,7628987007774413; 0,10680154385045171; 0,8529013595543802; 0,648534563370049; 0,0556738362647593
-0,12094068121848033; 0,6814399603754282; 0,7839417452923954; 0,36232420057058334; 0,3382149003446102; 0,43390526296570897; 0,1438045408576727; 0,4511226648464799; 0,5589389041997492; 0,260195966809988; 0,8948466116562486
-0,024764382120901263; 0,4445514539256692; 0,2894074935466051; 0,909027399495244; 0,6590243242681026; 0,6582762962207198; 0,341992637142539; 0,05581700149923563; 0,03690022509545088; 0,5239978777244687; 0,7157546943053603
-0,18375324093025136; 0,9062617556191981; 0,4480262463912368; 0,8202213509939611; 0,7312591499648988; 0,3357663149945438; 0,661890828050673; 0,6591245369054377; 0,5539472936652601; 0,49596691643819213; 0,3546300008893013
-0,055827109457085196; 0,06706574186682701; 0,9022438223473728; 0,14570764964446425; 0,21422745054587722; 0,4940172517672181; 0,3211691430769861; 0,12495507625862956; 0,5791182317771018; 0,33457623701542616; 0,7780370698310435
-0,3564220878851173; 0,192711244802922; 0,6726853791624308; 0,8114976310171187; 0,38380025140941143; 0,9950106833130121; 0,981806474737823; 0,7799728629179299; 0,6302291760221124; 0,5896045123226941; 0,8192676366306841
-0,20884486466720253; 0,46038274513557553; 0,3750300365500152; 0,4588620620779693; 0,47242975514382124; 0,8150090212002397; 0,7439773734658957; 0,4573875484056771; 0,5208691554144025; 0,4665989773347974; 0,38858948228880763
-0,2357345651547747; 0,6735767559148371; 0,5837817443534732; 0,4836483411490917; 0,8039580313488841; 0,11074858019128442; 0,11296742502599955; 0,893651494756341; 0,6634260071441531; 0,396100303158164; 0,13960518641397357
-0,025780732770259766; 0,9586821254342794; 0,9371736012399197; 0,7362893968820572; 0,4661934548057616; 0,8834294844418764; 0,35019671311601996; 0,05564784351736307; 0,7282724557444453; 0,10747303906828165; 0,4438551510684192
-0,00994993977593391; 0,5316294208168983; 0,698492921423167; 0,6972877294756472; 0,7529089879244566; 0,5586789143271744; 0,7483005044050515; 0,02438722364604473; 0,1975213666446507; 0,5647012679837644; 0,6709322351962328
-0,22531621683587802; 0,3667914988473058; 0,909537373110652; 0,9777312106452882; 0,2521441876888275; 0,17734754271805286; 0,49373268615454435; 0,8751618079841137; 0,7678015055134892; 0,8662116401828825; 0,5348878940567374
-0,12421337017361411; 0,23641568655148149; 0,5533319814130664; 0,3199003953486681; 0,670852541923523; 0,7294985987246037; 0,06058887718245387; 0,4760787431150675; 0,20655573392286897; 0,5537972329184413; 0,5834275134839118
-0,0891160776193535; 0,9321140726096928; 0,867140612564981; 0,49084156192839146; 0,20993452658876777; 0,13303872290998697; 0,1001327307894826; 0,35572940902784467; 0,6105949771590531; 0,7834247825667262; 0,7627669731155038
-0,16472004261997916; 0,06321853632107377; 0,9496712530963123; 0,30898904567584395; 0,6607920383103192; 0,7532720365561545; 0,8707294669002295; 0,36838401202112436; 0,7337267743423581; 0,7853550598956645; 0,3377717067487538
-0,16251097172190612; 0,47769613610580564; 0,42841444769874215; 0,8016890068538487; 0,35332869039848447; 0,4464702354744077; 0,4780817716382444; 0,42436442617326975; 0,6715246653184295; 0,5251898639835417; 0,88279226468876
-0,10701532811633836; 0,5821110671386123; 0,46626806491985917; 0,4043139023706317; 0,4455446829088032; 0,8102741176262498; 0,3219997310079634; 0,2399525991640985; 0,2180497939698398; 0,5390103082172573; 0,6803694162517786
-0,11050372108801389; 0,9934781049378216; 0,3467153669334948; 0,20680664293467999; 0,9983382518403232; 0,6454383009113371; 0,9298032186925411; 0,3182050916366279; 0,21194942062720656; 0,2872583316639066; 0,605336382985115
-0,3321080706061076; 0,3960071806795895; 0,2560994904488325; 0,2777313138358295; 0,3997240546159446; 0,0254577798768878; 0,23370876722037792; 0,7165670194663107; 0,44686959171667695; 0,3396388469263911; 0,8087831428274512
-0,16796382749566616; 0,9929467756301165; 0,735483034979552; 0,49966767616569996; 0,824248880147934; 0,6380045958794653; 0,35170890809968114; 0,45718228118494153; 0,6605357662774622; 0,6578777967952192; 0,7488934807479382
-0,43773013040055775; 0,5221499986946583; 0,9146309979259968; 0,08932333765551448; 0,07305094553157687; 0,7938725589774549; 0,04615450277924538; 0,9485420621931553; 0,47781698079779744; 0,4126121150329709; 0,8935112934559584
-0,24970863335938753; 0,5438532438129187; 0,379724929574877; 0,056395398918539286; 0,011238640174269676; 0,277940581087023; 0,5465077203698456; 0,9827768262475729; 0,9891603724099696; 0,5137959704734385; 0,21355968108400702
-0,1340327197671997; 0,4624931011348963; 0,2793636959977448; 0,5224780980497599; 0,9287955383770168; 0,7086918940767646; 0,8184299287386239; 0,36022592801600695; 0,6148841134272516; 0,30642366083338857; 0,7304320633411407
-0,328205786898911; 0,3439024421386421; 0,5543437381274998; 0,30235962430015206; 0,1016974481754005; 0,0546047268435359; 0,7893213164061308; 0,7403057441115379; 0,8752590692602098; 0,22524200612679124; 0,45419156178832054
-0,0021385590007390954; 0,9265543045476079; 0,5413530576042831; 0,9761208635754883; 0,6360186473466456; 0,8548200642690063; 0,8811105350032449; 0,0074196443893015385; 0,20299799414351583; 0,2605745820328593; 0,13246773416176438
-0,3268178085328218; 0,07512203510850668; 0,6100399466231465; 0,46613032184541225; 0,11684793559834361; 0,8380852928385139; 0,08972912514582276; 0,7653972944244742; 0,5730126504786313; 0,13872179575264454; 0,962056293617934
-0,10408137449732151; 0,7399742435663939; 0,6616703239269555; 0,5701526594348252; 0,1740998588502407; 0,9010016862303019; 0,3425914286635816; 0,4152666227892041; 0,7814090331085026; 0,43499621748924255; 0,5958843934349716
-0,21211345351866914; 0,5179250021465123; 0,11875322042033076; 0,6826382749713957; 0,4121765894815326; 0,35154024232178926; 0,4465603921562433; 0,8407473918050528; 0,6163423554971814; 0,1906595123000443; 0,7974177249707282
-0,1413776672235872; 0,7649316522292793; 0,10213691648095846; 0,32367945183068514; 0,514235251583159; 0,8334605023264885; 0,8843970340676606; 0,3292913590557873; 0,9417006308212876; 0,781766208820045; 0,07950036646798253
-0,16957672540095076; 0,13921442488208413; 0,28730228543281555; 0,5578573066741228; 0,29404182359576225; 0,4596226504072547; 0,34445136319845915; 0,6717096930369735; 0,821582019329071; 0,9116529827006161; 0,8742526965215802
-0,14132922878128737; 0,8610281334258616; 0,5934556284919381; 0,4367596348747611; 0,787430567201227; 0,46460395865142345; 0,5205796933732927; 0,5636313837021589; 0,9447533772327006; 0,02185596153140068; 0,6477597020566463
-0,3192087990580064; 0,39628817653283477; 0,30994624085724354; 0,5384231228381395; 0,6938388547860086; 0,29764745524153113; 0,7811311357654631; 0,9955946439877152; 0,7086231829598546; 0,42381492629647255; 0,4147832803428173
-0,06925881297562053; 0,43615674832835793; 0,6000027540139854; 0,04845033911988139; 0,1239992561750114; 0,30844821874052286; 0,09384821401908994; 0,17862750589847565; 0,7567498465068638; 0,2383184819482267; 0,09108643094077706
-0,06689653457847715; 0,9309102650731802; 0,9888336495496333; 0,8263823967427015; 0,3077014428563416; 0,12863410636782646; 0,9865010054782033; 0,2534896186552942; 0,1345104305073619; 0,4511923403479159; 0,828361848834902
-0,034171085055768734; 0,6879697586409748; 0,9106084457598627; 0,5639516953378916; 0,22592008765786886; 0,4990930035710335; 0,4796387767419219; 0,073800269048661; 0,5179358888417482; 0,8728227885439992; 0,9075338682159781
-0,18386882052924491; 0,871559223625809; 0,875559673178941; 0,7051345859654248; 0,9863748354837298; 0,8427174813114107; 0,07500795973464847; 0,7324695717543364; 0,37343827122822404; 0,42079720878973603; 0,8974884846247733
-0,21792874069614945; 0,2807855778373778; 0,835432278458029; 0,4537888071499765; 0,6189041673205793; 0,8333769221790135; 0,9637809656560421; 0,8701092153787613; 0,7727436274290085; 0,8168241959065199; 0,9582339194603264
-0,2119220295312217; 0,8126044794917107; 0,5066471486352384; 0,5458540790714324; 0,0350877377204597; 0,9330536518245935; 0,9510288992896676; 0,5667550354264677; 0,2663243394345045; 0,30539220897480845; 0,031570139806717634
-0,01833389213695643; 0,18739284574985504; 0,02087791683152318; 0,22731641866266727; 0,5793767222203314; 0,48658432671800256; 0,7266429834999144; 0,04590115183964372; 0,061848029494285583; 0,9606588170863688; 0,3917639018036425
-0,11174160675771129; 0,43720238748937845; 0,7956989770755172; 0,3247770657762885; 0,38384589180350304; 0,43098357366397977; 0,2024869229644537; 0,2703083250671625; 0,22957353433594108; 0,952581643126905; 0,44137881323695183
-0,31882390176024133; 0,6385485627688468; 0,6992946206592023; 0,640009818598628; 0,13362756371498108; 0,24621554231271148; 0,6692023035138845; 0,7106654876843095; 0,23837382765486836; 0,23772433726117015; 0,06290224799886346
-0,26023521443889475; 0,8294048272073269; 0,8508574832230806; 0,22239682357758284; 0,9797770096920431; 0,6882995632477105; 0,9059498435817659; 0,6589645054191351; 0,7747924816794693; 0,8331931596621871; 0,31452315440401435
-0,04913330412990317; 0,4657615446485579; 0,46487870113924146; 0,7649975926615298; 0,7170627638697624; 0,1251678722910583; 0,2704953751526773; 0,19366348395124078; 0,05214420799165964; 0,45375126972794533; 0,7844371413812041
-0,01704657895653797; 0,4047410120256245; 0,6312032504938543; 0,6127228694967926; 0,8232308081351221; 0,3611787650734186; 0,2880759444087744; 0,05903068697080016; 0,15435442747548223; 0,7955522676929832; 0,4742381889373064
-0,051765587194972436; 0,5723510459065437; 0,6643591946922243; 0,16691377572715282; 0,433551209513098; 0,8127430779859424; 0,8774516195990145; 0,11337007069960237; 0,6086116223596036; 0,20355579163879156; 0,8164613763801754
-0,2416460180747924; 0,8853254518471658; 0,09119107853621244; 0,7628527954220772; 0,06010269979014993; 0,7832605987787247; 0,11495650187134743; 0,5513802054338157; 0,5791358728893101; 0,2586255478672683; 0,18938015075400472
-0,2927643950750906; 0,530960098374635; 0,011102688033133745; 0,9191861744038761; 0,009288102854043245; 0,9272506004199386; 0,32436658116057515; 0,7757059680297971; 0,7513419613242149; 0,18170913215726614; 0,1916952501051128
-0,13204306660399; 0,3269231398589909; 0,17202954133972526; 0,1266168667934835; 0,5248014973476529; 0,3625951297581196; 0,12747380789369345; 0,30493359453976154; 0,012276938650757074; 0,7791372477076948; 0,965258623007685
-0,1470674251078582; 0,22171545773744583; 0,11876831343397498; 0,45395238418132067; 0,35352800600230694; 0,4400882460176945; 0,32082477444782853; 0,5863646497018635; 0,7919043353758752; 0,9680679920129478; 0,6571066668257117
-0,11330631963128818; 0,8773360229097307; 0,9835328748449683; 0,5863085365854204; 0,9977205721661448; 0,8413698188960552; 0,4156878921203315; 0,24465893674641848; 0,5802695415914059; 0,38290830375626683; 0,36521866358816624
-0,1817163459397021; 0,42701120767742395; 0,6111952411010861; 0,7972957263700664; 0,3986310241743922; 0,5602982011623681; 0,661778174340725; 0,7224972061812878; 0,7287016315385699; 0,2834293944761157; 0,7002643994055688
-0,010221303780221342; 0,6493040835484862; 0,4879536568187177; 0,2655517985112965; 0,8322821101173759; 0,7035836521536112; 0,6128460303880274; 0,02778902044519782; 0,31588814593851566; 0,08183515537530184; 0,5713918269611895
-0,08510237130953498; 0,491317639593035; 0,8667789362370968; 0,31902166409417987; 0,9674457972869277; 0,741561914794147; 0,28145600063726306; 0,26011179899796844; 0,8775550718419254; 0,8963448344729841; 0,751460739877075
-0,21196162699824372; 0,2119210297241807; 0,9244957156479359; 0,7435564268380404; 0,5112712788395584; 0,7155789886601269; 0,02020172495394945; 0,46374184964224696; 0,8814657055772841; 0,8432000731118023; 0,5515013849362731
-0,01715510068079706; 0,26991700707003474; 0,5997123816050589; 0,5663358708843589; 0,3932800996117294; 0,9141710032708943; 0,2663454171270132; 0,056737877894192934; 0,10628748964518309; 0,7812997782602906; 0,95564408833161
-0,06147835942615698; 0,7886083838529885; 0,4926868029870093; 0,6793335918337107; 0,4381658937782049; 0,660034850705415; 0,8218394140712917; 0,22296517807990313; 0,08221908938139677; 0,48741081822663546; 0,558026593644172
-0,1228009842490629; 0,09230947541072965; 0,3774682702496648; 0,1661524996161461; 0,4519027932547033; 0,4134064447134733; 0,023681332357227802; 0,4146924940869212; 0,40521501563489437; 0,6548039219342172; 0,8672112030908465
-0,19661948699617118; 0,9932400453835726; 0,47315670223906636; 0,8436469011940062; 0,01671826560050249; 0,8595684203319252; 0,6335856840014458; 0,738891274202615; 0,521339466329664; 0,2369848289526999; 0,046659973450005054
-0,16322721080844602; 0,5332155455835164; 0,7256089197471738; 0,8643060545437038; 0,3494534962810576; 0,8436279459856451; 0,38478029053658247; 0,6496149809099734; 0,3145993500947952; 0,2749703614972532; 0,1374795101583004
-0,34601411078268157; 0,9253729707561433; 0,9447415764443576; 0,5837728469632566; 0,22347263293340802; 0,9917639037594199; 0,850345051381737; 0,8627847190946341; 0,2870301119983196; 0,5807356829755008; 0,800655787345022
-0,057957013385832916; 0,9204593086615205; 0,4578743386082351; 0,7263143695890903; 0,7942210612818599; 0,22568449983373284; 0,965750708244741; 0,19910365110263228; 0,4116783491335809; 0,386764676310122; 0,31086947210133076
-0,0613624921959474; 0,7470048982650042; 0,7858213502913713; 0,6964069628156722; 0,3284682887606323; 0,21476820530369878; 0,636493865866214; 0,17933718394488096; 0,7925384901463985; 0,1467737634666264; 0,052059728652238846
-0,3611181460738104; 0,4083575149998069; 0,7376531399786472; 0,055893737357109785; 0,6162927518598735; 0,6465880209580064; 0,6871784967370331; 0,8504888927564025; 0,4304078724235296; 0,9899446410126984; 0,015868712682276964
-0,24197332414980643; 0,06927852611988783; 0,02798907971009612; 0,5773094114847481; 0,9119910858571529; 0,0969546320848167; 0,30461895279586315; 0,5413091126829386; 0,6336683304980397; 0,16510787792503834; 0,7270690482109785
-0,27956303597247323; 0,6620818781666458; 0,791370049584657; 0,7687025875784457; 0,467909412458539; 0,1854752516373992; 0,36055212328210473; 0,8340919855982065; 0,8953435551375151; 0,06948133837431669; 0,142932562623173
-0,040808210852619126; 0,7874565003439784; 0,5158490077592432; 0,84621686860919; 0,26745979208499193; 0,22431189753115177; 0,7847084552049637; 0,11644442519173026; 0,6007002489641309; 0,7695280322805047; 0,10148128774017096
-0,007471889378562246; 0,49695530347526073; 0,8660229197703302; 0,8990299585275352; 0,16984672704711556; 0,5910041094757617; 0,8430783730000257; 0,026303912978619337; 0,9596402198076248; 0,012896460480988026; 0,289203233551234
-0,45277714824755616; 0,5770560861565173; 0,189137180801481; 0,3563534840941429; 0,34759287908673286; 0,01774576073512435; 0,4367841654457152; 0,9830170967616141; 0,4887156984768808; 0,1841784897260368; 0,7837268500588834
-0,26447720006739145; 0,0423517101444304; 0,5803773733787239; 0,5360427163541317; 0,3275049072690308; 0,897584973834455; 0,9285835712216794; 0,7073952835053205; 0,3625041553750634; 0,9712861850857735; 0,6619882890954614
-0,14823122184293688; 0,6396457422524691; 0,5891502518206835; 0,3712882259860635; 0,217185590416193; 0,41769243590533733; 0,4075583592057228; 0,3226008377969265; 0,6845160597003996; 0,667809259146452; 0,43189283832907677
-0,021166596935042536; 0,5714106047526002; 0,8739236905239522; 0,8444188414141536; 0,2008420373313129; 0,618063785135746; 0,5395520715974271; 0,05137730250135064; 0,4267115634866059; 0,21969297342002392; 0,69620346929878
-0,3012534919904214; 0,5260020717978477; 0,054179597180336714; 0,8528884053230286; 0,7268443228676915; 0,48802602384239435; 0,5175766684114933; 0,9079044447280467; 0,7562004388310015; 0,7746560149826109; 0,7362045915797353
-0,16036685668946046; 0,21861885394901037; 0,2724999082274735; 0,9919373788870871; 0,994637438096106; 0,4488352411426604; 0,13713659904897213; 0,6392917246557772; 0,3458841824904084; 0,11632275255396962; 0,8953683190047741
-0,17817914441265012; 0,009826302994042635; 0,019092621747404337; 0,1352078109048307; 0,4419602225534618; 0,42741357209160924; 0,45164766255766153; 0,7112352536059916; 0,8909358438104391; 0,8693016842007637; 0,3356394530273974
-0,14124912524328329; 0,49533117143437266; 0,2202831692993641; 0,6956334677524865; 0,5173936812207103; 0,5410681650973856; 0,5632045567035675; 0,5406315880827606; 0,5635120659135282; 0,0072617800906300545; 0,8767175008542836
-0,18595871461481397; 0,35958812525495887; 0,8684120704419911; 0,0003439830616116524; 0,3963176258839667; 0,33969555143266916; 0,04292898066341877; 0,7422962579876184; 0,449900820851326; 0,5916032735258341; 0,4620591946877539
-0,07297807694287912; 0,9406251260079443; 0,9000981450080872; 0,9196440079249442; 0,8126427824608982; 0,27399087185040116; 0,7788160503841937; 0,26504154643043876; 0,845971280708909; 0,7380615407600999; 0,4755504010245204
-0,07422844096971543; 0,9607498827390373; 0,6313704722560942; 0,5651844521053135; 0,018935661762952805; 0,42921844869852066; 0,7738680224865675; 0,16090687457472086; 0,9202732155099511; 0,550852601416409; 0,6700554923154414
-0,021754175056526028; 0,04520414723083377; 0,3452603477053344; 0,943947880063206; 0,1125218803063035; 0,5165095506235957; 0,792235981207341; 0,0591973839327693; 0,3881151876412332; 0,15984796918928623; 0,6142651028931141
-0,12605495309113382; 0,6843106360174716; 0,06995605584233999; 0,402995974291116; 0,9693447826430202; 0,1290623378008604; 0,45960492035374045; 0,27839598758146167; 0,537043996155262; 0,9719926891848445; 0,7815680378116667
-0,13466779354863542; 0,6625368189997971; 0,9845335460267961; 0,6312323715537786; 0,8060956387780607; 0,5295927925035357; 0,16079059103503823; 0,2943906909786165; 0,4000296895392239; 0,48344081034883857; 0,12153921416029334
-0,014617564503824471; 0,7397965756244957; 0,6012514578178525; 0,9548901151865721; 0,012039337307214737; 0,643169931601733; 0,3804458905942738; 0,03154904255643487; 0,6395432376302779; 0,19061038503423333; 0,4682362428866327
-0,29914782929273304; 0,8889432097785175; 0,5375365046784282; 0,9004325647838414; 0,3886297345161438; 0,0576301459223032; 0,3515194137580693; 0,6657995022833347; 0,13058920996263623; 0,16183267487213016; 0,5987769095227122
-0,3980716021481908; 0,7409204174764454; 0,9366843956522644; 0,6603562841191888; 0,4808786939829588; 0,6279786145314574; 0,10475667333230376; 0,8593372823670506; 0,4634928065352142; 0,8065763232298195; 0,3693913402967155
-0,22269926498554324; 0,4077705475501716; 0,14158233487978578; 0,2035667016170919; 0,9067864613607526; 0,6094009894877672; 0,3008689316920936; 0,6225412436760962; 0,43673937674611807; 0,9999751355499029; 0,6187050282023847
-0,05368482445599165; 0,9675820646807551; 0,9075540080666542; 0,8918608976528049; 0,3795393561013043; 0,052190646063536406; 0,30822668969631195; 0,17242249427363276; 0,02658547554165125; 0,908452186267823; 0,5997462077066302
-0,11700849210216836; 0,6702192653901875; 0,872493399772793; 0,703941791318357; 0,4213573783636093; 0,3577582659199834; 0,34812740003690124; 0,2540361094288528; 0,854795060120523; 0,19512379728257656; 0,6221913620829582
-0,16497812079154536; 0,6030131774023175; 0,8672200129367411; 0,4504048675298691; 0,8275954513810575; 0,6931465999223292; 0,4949455629102886; 0,379787873942405; 0,34961228258907795; 0,47123373206704855; 0,6280885725282133
-0,12328232795697605; 0,05622928449884057; 0,3407515096478164; 0,2257063058204949; 0,7957016648724675; 0,9244219516403973; 0,37884598691016436; 0,4029321619309485; 0,20732682943344116; 0,9305488825775683; 0,4302287707105279
-0,2682365500047354; 0,23501318413764238; 0,5719815003685653; 0,7495777816511691; 0,790936587844044; 0,7254355070181191; 0,2506603137589991; 0,8669517561793327; 0,7542936587706208; 0,7832999229431152; 0,8262775978073478
-0,10335446685211398; 0,54408148676157; 0,50498355505988; 0,4803879479877651; 0,6209314875304699; 0,32453245716169477; 0,9031806299462914; 0,2881140988320112; 0,48799444269388914; 0,5408902792260051; 0,8548118020407856
-0,23485393960340456; 0,6116020092740655; 0,5343146878294647; 0,7373561454005539; 0,7577371574006975; 0,8276642034761608; 0,1137743080034852; 0,7333911126479506; 0,6372457225807011; 0,49399050418287516; 0,381972789298743
-0,1950792772516842; 0,14880429161712527; 0,5655059679411352; 0,36802635760977864; 0,4703294364735484; 0,620424376334995; 0,15761989820748568; 0,7511511305347085; 0,5214382191188633; 0,7288972646929324; 0,36374211171641946
-0,09930246781564302; 0,7745460150763392; 0,6430037799291313; 0,8414104478433728; 0,4816277101635933; 0,9714121967554092; 0,5132505628280342; 0,380956603679806; 0,2667301814071834; 0,8112707990221679; 0,4354097261093557
-0,21244843468464622; 0,23968496080487967; 0,22842995543032885; 0,5621700631454587; 0,3489101743325591; 0,7269545318558812; 0,32664555311203003; 0,5573300807736814; 0,2787768472917378; 0,1903440160676837; 0,6087441854178905
-0,26647035428541777; 0,4878759947605431; 0,8292772150598466; 0,21104751899838448; 0,0965981800109148; 0,3068700758740306; 0,7748326417058706; 0,7851168042980134; 0,022678690031170845; 0,20013136137276888; 0,1798310438171029
-0,1457967657448576; 0,05282946862280369; 0,4808041797950864; 0,5888038007542491; 0,9475980601273477; 0,8123293570242822; 0,10902942111715674; 0,3237093943171203; 0,06001389632001519; 0,4034432484768331; 0,21535397367551923
-0,08538885605703961; 0,5651047988794744; 0,4668050133623183; 0,31878118263557553; 0,42198840947821736; 0,663128312677145; 0,8572683096863329; 0,34089645789936185; 0,005393692757934332; 0,7467637499794364; 0,790386795066297
-0,11020514105577882; 0,7287400867789984; 0,6884223157539964; 0,31912430142983794; 0,1751572908833623; 0,8836734001524746; 0,6947110556066036; 0,43995157163590193; 0,8954804888926446; 0,7714113462716341; 0,6894135479815304
-0,055951275322150766; 0,7733822041191161; 0,8143663345836103; 0,7994984588585794; 0,592982454225421; 0,6917332545854151; 0,6955873072147369; 0,1263534897007048; 0,8553865575231612; 0,7520196922123432; 0,8891639863140881
-0,33337447967958683; 0,02544171316549182; 0,037592293694615364; 0,9184432751499116; 0,0404809876345098; 0,0900128916837275; 0,8879470052197576; 0,939777210354805; 0,11557268025353551; 0,3261630008928478; 0,1981521905399859
-0,2425103931189243; 0,4164503924548626; 0,7811279320158064; 0,43151118978857994; 0,5507684606127441; 0,019953444134444; 0,01129172882065177; 0,8179066139273345; 0,6470263572409749; 0,4891591751947999; 0,3706254637800157
-0,05306201835729519; 0,6166950701735914; 0,14798218291252851; 0,5825798651203513; 0,7575323022902012; 0,6269701570272446; 0,5825182544067502; 0,12144935829564929; 0,7004201295785606; 0,10757443169131875; 0,4400766985490918
-0,14348513817442185; 0,8297430500388145; 0,0751407090574503; 0,27383737871423364; 0,4430260471999645; 0,96031349664554; 0,01666716067120433; 0,5720093380659819; 0,699597739148885; 0,9934889292344451; 0,8489289963617921
-0,04452260643407677; 0,2010236238129437; 0,2799074072390795; 0,07415235275402665; 0,31500001065433025; 0,8166898316703737; 0,8423669855110347; 0,09621404623612761; 0,3396829320117831; 0,07055506855249405; 0,9323907238431275
-0,009619055524055667; 0,9877549018710852; 0,001875950489193201; 0,42268696054816246; 0,04161589499562979; 0,10694513097405434; 0,8018217622302473; 0,03135833330452442; 0,22324752109125257; 0,141963308211416; 0,7830859706737101
-0,05041968745308321; 0,9707637811079621; 0,9544478040188551; 0,42261435836553574; 0,4016275475732982; 0,5018393825739622; 0,7535416032187641; 0,18195946281775832; 0,7506628693081439; 0,5167565299198031; 0,02325085923075676
-0,06630382136712606; 0,5538203967735171; 0,08983036456629634; 0,7592629850842059; 0,3440326238051057; 0,9258159711025655; 0,015261658933013678; 0,22640661103650928; 0,9532216563820839; 0,04612993076443672; 0,28473493782803416
-0,20028449515755573; 0,8701612474396825; 0,10032880865037441; 0,4152240357361734; 0,0034156744368374348; 0,7843819814734161; 0,6609192509204149; 0,6349800727330148; 0,3608991978690028; 0,996143079828471; 0,7773494250141084
-0,39494887377682314; 0,07889144029468298; 0,3400386841967702; 0,6922278851270676; 0,4571814681403339; 0,9430510979145765; 0,7515495284460485; 0,8692893874831498; 0,8924925373867154; 0,2924999836832285; 0,6525698485784233
-0,11363903774400476; 0,21061118366196752; 0,013780906330794096; 0,2621760442852974; 0,5714238686487079; 0,9498564437963068; 0,7880506040528417; 0,39766805479303; 0,6952637718059123; 0,05172341410070658; 0,15962722711265087
-0,3268677526284557; 0,13109260657802224; 0,46618447778746486; 0,5917610670439899; 0,3349837800487876; 0,05593907227739692; 0,7739440905861557; 0,7348513905890286; 0,8885732074268162; 0,4867398808710277; 0,6989293619990349
-0,3319768360984093; 0,9666107348166406; 0,8452200745232403; 0,45192115660756826; 0,6631101523526013; 0,7527430690824986; 0,10436084913089871; 0,8795754280872643; 0,2733928603120148; 0,10633504204452038; 0,7267170790582895
-0,16453519485634638; 0,020652804523706436; 0,6621307525783777; 0,45817955676466227; 0,6196470120921731; 0,8423682153224945; 0,4558712230063975; 0,3588403705507517; 0,8030403759330511; 0,18849638709798455; 0,858737900853157
-0,23044462313709488; 0,3985270196571946; 0,045210253447294235; 0,18965710792690516; 0,3585726716555655; 0,0758280330337584; 0,5599165223538876; 0,8298893347382545; 0,831561281811446; 0,5524138095788658; 0,7168737133033574
-0,17837209732630507; 0,99503766419366; 0,13719832710921764; 0,96974759362638; 0,4026266881264746; 0,3078314964659512; 0,5875071915797889; 0,3938318924047053; 0,5874725021421909; 0,6593018928542733; 0,038912235759198666
-0,33943134570348726; 0,9903027121908963; 0,3070497647859156; 0,6510010692290962; 0,12037958949804306; 0,7514521670527756; 0,3510136832483113; 0,7485174327157438; 0,1613112105987966; 0,06822459539398551; 0,6574964267201722
-0,1383556859360558; 0,8796915914863348; 0,580141631886363; 0,23848153371363878; 0,09382946603000164; 0,39041211223229766; 0,8419193457812071; 0,5149012198671699; 0,6965003781951964; 0,25462173856794834; 0,8360071596689522
-0,30504936372608377; 0,8176983590237796; 0,05102116381749511; 0,22668713238090277; 0,7831351789645851; 0,7351810713298619; 0,7988764182664454; 0,7134937411174178; 0,635383112821728; 0,7191625568084419; 0,4223054824396968
-0,42794336367568614; 0,9024342419579625; 0,031024979427456856; 0,40536968410015106; 0,9214721997268498; 0,13808805588632822; 0,6802262379787862; 0,9795936224982142; 0,23518587555736303; 0,8219460253603756; 0,40442262357100844
-0,10820161507555422; 0,6628301325254142; 0,23899802612140775; 0,7138649956323206; 0,5702537200413644; 0,2514814683236182; 0,042130800895392895; 0,2652507955208421; 0,20027296850457788; 0,47991371853277087; 0,2226066431030631
-0,06769652946368478; 0,25263649923726916; 0,35261464631184936; 0,9891407527029514; 0,13238843251019716; 0,024031418841332197; 0,47948341630399227; 0,2699002795852721; 0,26695228554308414; 0,4575660489499569; 0,9589133039116859
-0,15936156507340404; 0,44380690017715096; 0,5150347715243697; 0,9334209621883929; 0,7504425761289895; 0,35831651417538524; 0,07675640750676394; 0,3454826935194433; 0,43867703760042787; 0,9978853603824973; 0,8692061845213175
-0,052001677909839686; 0,040282384026795626; 0,07032525958493352; 0,27905815187841654; 0,7318040672689676; 0,8085886319167912; 0,8568614516407251; 0,1219732379540801; 0,09567466750741005; 0,16752940556034446; 0,1663267589174211
-0,1696686274968575; 0,9741977886296809; 0,06993017438799143; 0,13523468980565667; 0,6703625870868564; 0,47701185615733266; 0,36451386008411646; 0,5428154226392508; 0,7740908064879477; 0,34059908939525485; 0,5527975396253169
-0,09012040447401899; 0,6593079939484596; 0,22252384247258306; 0,8871779148466885; 0,30925569869577885; 0,6418083617463708; 0,15497162099927664; 0,20357854198664427; 0,12963248183950782; 0,9131784536875784; 0,6872365227900445
-0,11361105264147203; 0,4683172474615276; 0,1692016078159213; 0,9484678460285068; 0,1607502792030573; 0,26445625722408295; 0,9299609623849392; 0,4143828428350389; 0,45454661222174764; 0,6720112930051982; 0,7974852630868554
-0,19901303919833987; 0,00020302645862102509; 0,6117074601352215; 0,4611767013557255; 0,516350669786334; 0,9344699704088271; 0,707434892654419; 0,7479186793789268; 0,2766968095675111; 0,38544960506260395; 0,021243179216980934
-0,26513622744715565; 0,03048649476841092; 0,9224153095856309; 0,9065218404866755; 0,42746398597955704; 0,01757749356329441; 0,9489265256561339; 0,5785896582528949; 0,5442250836640596; 0,4433139259926975; 0,8976996284909546
-0,21745580449338855; 0,5123772965744138; 0,6086264355108142; 0,011737934779375792; 0,6072195824235678; 0,2569490917958319; 0,67743807611987; 0,6461505396291614; 0,6714930473826826; 0,812626647297293; 0,09781418740749359
-0,10478246637867247; 0,9274381813593209; 0,4400800014846027; 0,8880201568827033; 0,6634945902042091; 0,13101401925086975; 0,10038396203890443; 0,3159400839358568; 0,17975399689748883; 0,370769664645195; 0,8156254226341844
-0,1700856282826185; 0,542701946105808; 0,5282459524460137; 0,5617531887255609; 0,22330853156745434; 0,7779080364853144; 0,594763461034745; 0,4338129269890487; 0,010557102039456367; 0,8893828419968486; 0,41112741362303495
-0,39313508636082595; 0,46004308946430683; 0,9066862850449979; 0,4995897002518177; 0,9156152019277215; 0,7106329281814396; 0,7236496577970684; 0,9338621185161173; 0,17041376186534762; 0,9991568443365395; 0,30830185068771243
-0,2038115374781329; 0,17256470723077655; 0,024484241381287575; 0,7374219140037894; 0,5857953252270818; 0,8125729910098016; 0,9518053620122373; 0,45157281309366226; 0,3211940173059702; 0,6428198665380478; 0,10828970419242978
-0,2791075157264872; 0,7293408703990281; 0,14930283464491367; 0,9915079604834318; 0,12611207691952586; 0,16550423577427864; 0,7857987298630178; 0,6841869158670306; 0,7813281617127359; 0,06787532428279519; 0,5353335128165781
-0,16755579786628869; 0,06753210909664631; 0,9427276905626059; 0,886997542809695; 0,2153902375139296; 0,4080095994286239; 0,17847444908693433; 0,3670811797492206; 0,4588473164476454; 0,5253878333605826; 0,1812402061186731
-0,3371206826121862; 0,7315754359588027; 0,4681181707419455; 0,059948860201984644; 0,055388000793755054; 0,943893360439688; 0,1993759018369019; 0,9840752533636987; 0,6089383563958108; 0,4856211724691093; 0,11081066960468888
-0,06368464867811989; 0,5193468919023871; 0,0176216303370893; 0,9588628937490284; 0,09568378329277039; 0,01076069287955761; 0,06491960166022182; 0,14301674207672477; 0,7883836883120239; 0,7604102403856814; 0,1494433437474072
-0,1369419028145147; 0,9020106648094952; 0,6971290414221585; 0,13172203116118908; 0,03726652031764388; 0,7481958116404712; 0,7092434652149677; 0,31461309315636754; 0,04382731206715107; 0,9817778845317662; 0,7817673911340535
-0,14490202677035946; 0,7908696155063808; 0,014242730103433132; 0,3397327847778797; 0,5678278254345059; 0,9106542463414371; 0,7535396250896156; 0,3217612188309431; 0,16472415160387754; 0,7771012941375375; 0,21924603637307882
-0,16387132807819396; 0,6106015034019947; 0,9255161457695067; 0,6669113445095718; 0,5926335169933736; 0,538871631026268; 0,0645494619384408; 0,43699015490710735; 0,3122147098183632; 0,3667319342494011; 0,4951836708933115
-0,18640268298873156; 0,8913620631210506; 0,7522828998044133; 0,5512126316316426; 0,8139543947763741; 0,716423621866852; 0,8534519518725574; 0,707573579158634; 0,6204170025885105; 0,0798610020428896; 0,06474508950486779
-0,2666343357710261; 0,7238740446045995; 0,7292364337481558; 0,12669114442542195; 0,6578142098151147; 0,4320039302110672; 0,6760679380968213; 0,9826576411724091; 0,40010081697255373; 0,716067289467901; 0,5516231507062912
-0,20419868485381779; 0,04938301909714937; 0,014797118492424488; 0,20634538028389215; 0,00668850215151906; 0,18678111862391233; 0,38142029847949743; 0,7996116057038307; 0,4922734801657498; 0,837477202527225; 0,5647343839518726
-0,1951156203724137; 0,7761603789404035; 0,5857072887010872; 0,3959049819968641; 0,4052497697994113; 0,19842032250016928; 0,1265305313281715; 0,5847203922457993; 0,004107779357582331; 0,43673651898279786; 0,42913539009168744
-0,3670950417003365; 0,4750539301894605; 0,06372723961248994; 0,06314968597143888; 0,6398183130659163; 0,20247709890827537; 0,6307933875359595; 0,8966521532274783; 0,11980122746899724; 0,5027060196734965; 0,9914803192950785
-0,26554508641261365; 0,3090788247063756; 0,045544333290308714; 0,0025696507655084133; 0,44218412367627025; 0,7570486641488969; 0,5485861250199378; 0,8072424614802003; 0,15880042035132647; 0,5244605145417154; 0,5395683660171926
-0,12307590521546169; 0,49991281097754836; 0,4313241671770811; 0,9450214859098196; 0,4510325016453862; 0,8726897882297635; 0,9145869468338788; 0,4851826545782387; 0,7203678777441382; 0,13796480651944876; 0,853471262846142
-0,18252972054478142; 0,003467066213488579; 0,9076329017989337; 0,2810028865933418; 0,45357904583215714; 0,4271587384864688; 0,31720600463449955; 0,41240235418081284; 0,9457063195295632; 0,30004300037398934; 0,747145124245435
-0,048932760740781435; 0,30756828747689724; 0,44874364929273725; 0,265358152333647; 0,8556366940028965; 0,45025547221302986; 0,02829336142167449; 0,1952990833669901; 0,6971768969669938; 0,8705998086370528; 0,16323766391724348
-0,22322293158519163; 0,8751317267306149; 0,5133466962724924; 0,6313251848332584; 0,7802337892353535; 0,38282707845792174; 0,7080040755681694; 0,8818822130560875; 0,8023124593310058; 0,662681583315134; 0,890061488840729
-0,3498563926896163; 0,10795055516064167; 0,9565754518844187; 0,44046947127208114; 0,29168900568038225; 0,2702370313927531; 0,6296155829913914; 0,7668968946672976; 0,9330943012610078; 0,8508051824755967; 0,0423566484823823
-0,21785074034909235; 0,3322265553288162; 0,2573600294999778; 0,9158574598841369; 0,36722941836342216; 0,42712793219834566; 0,24681668542325497; 0,472882479429245; 0,20211097039282322; 0,6143527277745306; 0,844413919840008
-0,2782150697539739; 0,8387275291606784; 0,03344438038766384; 0,647066327277571; 0,12543462729081511; 0,250209242105484; 0,21301663434132934; 0,6353538776747882; 0,3814630783163011; 0,29766198713332415; 0,22216702019795775
-0,12593734045928565; 0,6856425586156547; 0,9531167093664408; 0,13488684967160225; 0,8950163624249399; 0,4733647736720741; 0,43942337995395064; 0,4234978165477514; 0,4617979805916548; 0,4898073482327163; 0,9921518135815859
-0,16275161515920025; 0,7596981646493077; 0,4680950432084501; 0,17164942622184753; 0,22788121504709125; 0,1428626226261258; 0,9766527418978512; 0,35123538691550493; 0,8177344822324812; 0,38032014295458794; 0,706484489608556
-0,14403051576950743; 0,723703779745847; 0,8129116808995605; 0,33416728815063834; 0,0052075195126235485; 0,6121921874582767; 0,6033233255147934; 0,5628199288621545; 0,22985232574865222; 0,3835755558684468; 0,38839847361668944
-0,1617565286393713; 0,3357127998024225; 0,825929753948003; 0,13183068297803402; 0,1969413971528411; 0,9236602927558124; 0,7474434007890522; 0,38289655512198806; 0,027494790498167276; 0,26259435061365366; 0,2481504832394421
-0,1619412384880044; 0,44087098306044936; 0,22139418497681618; 0,691605054307729; 0,7219257266260684; 0,18272126745432615; 0,485988627653569; 0,6465882561169565; 0,6154801514931023; 0,519039950799197; 0,7129672379232943
-0,1986918548323748; 0,14414388732984662; 0,22144277533516288; 0,25976504059508443; 0,8605731097050011; 0,7981127398088574; 0,46313806250691414; 0,7925368449650705; 0,3833440197631717; 0,1517617255449295; 0,812564997933805
-0,07389629271241742; 0,02633790159597993; 0,4502435112372041; 0,6080454788170755; 0,40743023063987494; 0,6235357583500445; 0,9562410865910351; 0,16130244033411145; 0,17094675032421947; 0,7057498223148286; 0,13011567434296012
-0,09597600426804252; 0,3148640990257263; 0,38377623399719596; 0,7165234093554318; 0,9235235066153109; 0,41810948960483074; 0,9449990703724325; 0,21439562644809484; 0,7276664306409657; 0,6002573021687567; 0,19640014227479696
-0,07451550400942802; 0,06463522650301456; 0,9100958448834717; 0,13353018462657928; 0,1654806579463184; 0,39406636031344533; 0,42287772288545966; 0,21269003441557288; 0,9781192443333566; 0,5768509469926357; 0,9462262922897935
-0,3822602469216245; 0,32514488277956843; 0,6005615540780127; 0,43705738615244627; 0,2651842809282243; 0,9605450415983796; 0,6211818912997842; 0,9001231542788446; 0,7391627430915833; 0,47713365498930216; 0,7916214470751584
-0,21081509064198584; 0,36952108331024647; 0,17569256527349353; 0,488236288074404; 0,5431767445988953; 0,07209773827344179; 0,9373059133067727; 0,4803404686972499; 0,6096272580325603; 0,15691248886287212; 0,36162979109212756
-0,10399468066687263; 0,6019945568405092; 0,5130192516371608; 0,9427642049267888; 0,19582073111087084; 0,29590139677748084; 0,3805199433118105; 0,33963194815441966; 0,43601501220837235; 0,1429719547741115; 0,046221316792070866
-0,2475235244054712; 0,7971992860548198; 0,34133016504347324; 0,7398795718327165; 0,12242488656193018; 0,4692476987838745; 0,14579336438328028; 0,8602561103180051; 0,47726683551445603; 0,025425497442483902; 0,7142045241780579
-0,16661811510702135; 0,6525115226395428; 0,6734902001917362; 0,7254627207294106; 0,7450482198037207; 0,31139177456498146; 0,6793318493291736; 0,6650348659604788; 0,8094297717325389; 0,23261089390143752; 0,8204014734365046
-0,329041029786328; 0,5219938815571368; 0,987274678889662; 0,6423865538090467; 0,3483868706971407; 0,8403453384526074; 0,8587402971461415; 0,8909483714960515; 0,7620037598535419; 0,07460786448791623; 0,48285916866734624
-0,15485342986441236; 0,21213112166151404; 0,38048631278797984; 0,7446772418916225; 0,12850937573239207; 0,4028522511944175; 0,22832567477598786; 0,6137840892188251; 0,5708963628858328; 0,9998089266009629; 0,34886946389451623
-0,011341616146588913; 0,7630031276494265; 0,3898723851889372; 0,029469190165400505; 0,14043265581130981; 0,2525517554022372; 0,340192383620888; 0,04528078669682145; 0,6990372305735946; 0,7966400650329888; 0,16722608311101794
-0,06804294598425903; 0,6123542245477438; 0,5622839271090925; 0,7563160881400108; 0,5688799563795328; 0,08247251668944955; 0,08342418633401394; 0,22893403377383947; 0,7318036765791476; 0,2885754816234112; 0,5282059973105788
-0,338009896611372; 0,39892576914280653; 0,40104359202086926; 0,1822849828749895; 0,4287331779487431; 0,9598545301705599; 0,7713136402890086; 0,7322685606777668; 0,8651720266789198; 0,8780705835670233; 0,5141983558423817
-0,24634774215945124; 0,5873570563271642; 0,5836662757210433; 0,23763809353113174; 0,6676013041287661; 0,8340670187026262; 0,09416897594928741; 0,5412840382196009; 0,12392714852467179; 0,8812013189308345; 0,14020638726651669
-0,17660191706448614; 0,14372228644788265; 0,9615022041834891; 0,6470864210277796; 0,6396838771179318; 0,8189283045940101; 0,05980236874893308; 0,5657197362743318; 0,1258022957481444; 0,8520853803493083; 0,6745872106403112
-0,07559222337830461; 0,646422999445349; 0,1266134032048285; 0,9086922127753496; 0,7882388071157038; 0,6956976880319417; 0,8749741702340543; 0,2181828385218978; 0,6862321514636278; 0,8290572576224804; 0,9711279827170074
-0,42152276078864587; 0,09772505331784487; 0,8170288102701306; 0,9293932225555182; 0,7966027362272143; 0,9639437883161008; 0,37543065985664725; 0,9133030124939978; 0,32366584008559585; 0,5504332180134952; 0,04978741239756346
-0,028187678284902134; 0,5787310134619474; 0,09932043962180614; 0,862405622843653; 0,15410371869802475; 0,5596424788236618; 0,9955399930477142; 0,09030789043754339; 0,6696161720901728; 0,001280441414564848; 0,13292169570922852
-0,12212595376688888; 0,7760438448749483; 0,19745746161788702; 0,676050903275609; 0,7160333697684109; 0,15256191091611981; 0,4385856268927455; 0,3167508915066719; 0,5360033153556287; 0,8595829750411212; 0,5788205987773836
-0,0378800678201068; 0,4431088576093316; 0,2713339915499091; 0,9561076899990439; 0,04943643230944872; 0,005579862743616104; 0,9561803052201867; 0,10616437904536724; 0,15755475033074617; 0,27003005892038345; 0,9433836699463427
-0,06006723797362886; 0,5251202145591378; 0,010485693346709013; 0,2589439139701426; 0,7482046741060913; 0,2897102674469352; 0,18938735267147422; 0,13691941043362021; 0,8078797268681228; 0,8417821736074984; 0,2321384367533028
-0,0626978087221647; 0,44186999229714274; 0,21163144847378135; 0,09459976851940155; 0,2829479891806841; 0,7961639682762325; 0,5877368692308664; 0,19680594420060515; 0,003914658911526203; 0,2525613596662879; 0,474738041870296
-0,26937737578959753; 0,2662897789850831; 0,25108317099511623; 0,24799423292279243; 0,022389925085008144; 0,11330293072387576; 0,41731016198173165; 0,6917408248409629; 0,43245102325454354; 0,476561950519681; 0,7043856554664671
-0,038132935442075785; 0,6687141619622707; 0,4282582029700279; 0,9157356419600546; 0,7965997089631855; 0,903309506829828; 0,598650180734694; 0,11960780993103981; 0,7323645511642098; 0,6486144899390638; 0,21389703452587128
-0,15315771065105757; 0,8604375175200403; 0,5256506064906716; 0,49089532159268856; 0,2732818331569433; 0,7082769800908864; 0,7285196566954255; 0,6114927371963859; 0,46860131435096264; 0,31055753445252776; 0,9634593650698662
-0,3007604480499058; 0,23694739490747452; 0,970959591679275; 0,6984370374120772; 0,43203907972201705; 0,08946997299790382; 0,4082000064663589; 0,7355913664214313; 0,009955520741641521; 0,1612796587869525; 0,7460500933229923
-0,4118735084752149; 0,4991839653812349; 0,11976004811003804; 0,47842125315219164; 0,17504488117992878; 0,027457137126475573; 0,36016938276588917; 0,9081521504558623; 0,7228437624871731; 0,5205987384542823; 0,4763451856561005
-0,10198986107255537; 0,45614904863759875; 0,6811301554553211; 0,019934005104005337; 0,9455103273503482; 0,7147165234200656; 0,9245419139042497; 0,23160442151129246; 0,6851344089955091; 0,6477512833662331; 0,24554831022396684
-0,12065895944635288; 0,34212175477296114; 0,8702171240001917; 0,8830858962610364; 0,24257013481110334; 0,7583789341151714; 0,15790415182709694; 0,2666988675482571; 0,7000388475134969; 0,34380979742854834; 0,07183866295963526
-0,13099659659722265; 0,39186408976092935; 0,4826319278217852; 0,24048771616071463; 0,05811852542683482; 0,8867156682536006; 0,9659314816817641; 0,3114671600051224; 0,27558645606040955; 0,35177306458353996; 0,5890999594703317
-0,05015823733741828; 0,22900858893990517; 0,10791948810219765; 0,18354386650025845; 0,7610661317594349; 0,9774337350390851; 0,8921279413625598; 0,1857488607056439; 0,2730113253928721; 0,46546837873756886; 0,50494798226282
-0,24563770509634808; 0,7789470311254263; 0,6343937101773918; 0,5703629935160279; 0,1945575806312263; 0,7489728918299079; 0,12997708190232515; 0,6629064655862749; 0,9220450948923826; 0,7131760441698134; 0,6510012894868851
-0,17596357414328598; 0,6873139697127044; 0,10303069930523634; 0,22445353446528316; 0,8674531588330865; 0,9361005178652704; 0,9535779631696641; 0,38946855859830976; 0,21374762617051601; 0,9788391962647438; 0,8902961374260485
-0,09559251308240073; 0,12569319503381848; 0,8367068218067288; 0,5168660446070135; 0,2055603237822652; 0,4944859128445387; 0,23329442460089922; 0,20819995552301407; 0,9915290335193276; 0,2170118629001081; 0,7722521079704165
-0,12441947603968377; 0,5823087049648166; 0,8099969890899956; 0,5318289007991552; 0,8682231903076172; 0,8560018786229193; 0,796301192138344; 0,42912167496979237; 0,6771300625987351; 0,3758154627867043; 0,4721542955376208
-0,16911582453675786; 0,7652452071197331; 0,6796190720051527; 0,40058586467057467; 0,902450923807919; 0,11709885904565454; 0,42748384876176715; 0,42869583051651716; 0,7005576211959124; 0,49571543000638485; 0,4345659459941089
-0,231335806805307; 0,9765826887451112; 0,9557524025440216; 0,701823903247714; 0,13162623066455126; 0,8157665631733835; 0,2711649825796485; 0,6405955296941102; 0,06619809381663799; 0,4408370745368302; 0,4224804202094674
-0,19748204979839315; 0,24228595616295934; 0,7409019581973553; 0,0947662265971303; 0,28659788984805346; 0,2687249588780105; 0,6543413563631475; 0,6641759262420237; 0,06723277736455202; 0,05331218335777521; 0,737393687479198
-0,23825597127511244; 0,1763332448899746; 0,5542737864889205; 0,6858287630602717; 0,2360337465070188; 0,18804156547412276; 0,6033489876426756; 0,6487029977142811; 0,9982463233172894; 0,829745112452656; 0,9006274621933699
-0,09402225153792369; 0,791038281749934; 0,3595416499301791; 0,8496428378857672; 0,26069518318399787; 0,5121468682773411; 0,5361748128198087; 0,2520080516114831; 0,8935802672058344; 0,5304549960419536; 0,09795198636129498
-0,11420068909273723; 0,26954011525958776; 0,6767860557883978; 0,45462906220927835; 0,9648275757208467; 0,7152442750521004; 0,08286664262413979; 0,4559813467785716; 0,45607879338786006; 0,07130354130640626; 0,6959555773064494
-0,019491467407164245; 0,11988005507737398; 0,4049520958214998; 0,4508157642558217; 0,5646038241684437; 0,04700058698654175; 0,23468822054564953; 0,04299229523167014; 0,8294277987442911; 0,5968103944323957; 0,005672827363014221
-0,02585412507514824; 0,02412634016945958; 0,472864780575037; 0,6430403566919267; 0,22755395667627454; 0,3286782382056117; 0,2516036597080529; 0,09359764726832509; 0,16510623833164573; 0,3597475071437657; 0,33102824399247766
-0,18382451221048715; 0,948977748863399; 0,9825001736171544; 0,3918334264308214; 0,7635053577832878; 0,6887674238532782; 0,38686563074588776; 0,499193272087723; 0,0836114608682692; 0,23978133127093315; 0,07140752580016851
-0,2056317461044377; 0,20558080775663257; 0,11551209492608905; 0,19785905303433537; 0,12046224437654018; 0,1749527072533965; 0,6261804904788733; 0,6437775618396699; 0,05607491219416261; 0,4312885510735214; 0,6446224539540708
-0,0007145159246402962; 0,46000400790944695; 0,6724604042246938; 0,5197575245983899; 0,059827450197190046; 0,4234246900305152; 0,9500533621758223; 0,0016157981008291245; 0,5366352908313274; 0,7822064193896949; 0,5580654148943722
-0,2427603587565036; 0,7573104137554765; 0,3095778822898865; 0,4500106703490019; 0,08806450199335814; 0,18625471740961075; 0,38809973979368806; 0,5613485197536647; 0,7631091773509979; 0,6238531563431025; 0,16138113383203745
-0,10528144607934396; 0,009855518117547035; 0,09853344550356269; 0,12911638570949435; 0,546017057262361; 0,6535487119108438; 0,45804510498419404; 0,22722508199512959; 0,5563007718883455; 0,3682983899489045; 0,22218375792726874
-0,1061001717735539; 0,3468214641325176; 0,6081993416883051; 0,5099969217553735; 0,6957019590772688; 0,6272978438064456; 0,6785535751841962; 0,3418804323300719; 0,15946465358138084; 0,24187394604086876; 0,23487864155322313
-0,1508811912567325; 0,25425460655242205; 0,9848388158716261; 0,6016975366510451; 0,6838440815918148; 0,3489181539043784; 0,3415469918400049; 0,540891186799854; 0,6502275615930557; 0,4197233244776726; 0,2570150475949049
-0,021900257714304084; 0,45817240653559566; 0,47536092018708587; 0,5189213147386909; 0,6012005140073597; 0,7335632462054491; 0,2834261259995401; 0,04744895454496145; 0,8403485668823123; 0,22824287693947554; 0,024268044624477625
-0,13786042820932073; 0,1556680714711547; 0,9747929121367633; 0,7018007193692029; 0,028747182805091143; 0,9357601832598448; 0,46340212225914; 0,5478605143725872; 0,3283438910730183; 0,8352976068854332; 0,6840974609367549
-0,30921723434815884; 0,14979458507150412; 0,006642459891736507; 0,3926251367665827; 0,7581155910156667; 0,13345606811344624; 0,7209112793207169; 0,7689123856835067; 0,5993709187023342; 0,9189968900755048; 0,246968736872077
-0,33238754599944303; 0,25427335873246193; 0,3575593684799969; 0,6648026197217405; 0,36820436595007777; 0,8696785252541304; 0,8015131046995521; 0,8875774922780693; 0,6565063488669693; 0,423657963052392; 0,868568348698318
-0,09571423398123735; 0,9979467685334384; 0,8130095670931041; 0,10288021946325898; 0,08972038002684712; 0,1336928647942841; 0,9723364631645381; 0,3155606617219746; 0,9756967541761696; 0,08791871229186654; 0,7172328713349998
-0,3352088894742845; 0,640308550093323; 0,37876100977882743; 0,472021603025496; 0,16625495674088597; 0,8263514810241759; 0,0017809993587434292; 0,7897093938663602; 0,6153653999790549; 0,06501110317185521; 0,7058724444359541
-0,09815830995207878; 0,17651171935722232; 0,9601987488567829; 0,7571642533876002; 0,8282273835502565; 0,5254415362142026; 0,05632127495482564; 0,3865158297121525; 0,5145293166860938; 0,11752827698364854; 0,2879971396178007
-0,08517145128716115; 0,742726962082088; 0,985634789802134; 0,313507616519928; 0,781509808730334; 0,42291184002533555; 0,019643643870949745; 0,2668055295944214; 0,020182110369205475; 0,46681010257452726; 0,28254727460443974
-0,17872441990242882; 0,40537732746452093; 0,21291267918422818; 0,2758716647513211; 0,6525837620720267; 0,9645853969268501; 0,792043459136039; 0,44071152759715915; 0,6711877887137234; 0,1455040625296533; 0,9601599755696952
-0,1129712644943607; 0,08690905570983887; 0,16951075987890363; 0,9395950827747583; 0,4238853184506297; 0,528188806027174; 0,5200862833298743; 0,24796527111902833; 0,31036384915933013; 0,45097278989851475; 0,8322454323060811
-0,08115164043162336; 0,24477630062028766; 0,8172646118327975; 0,2077811099588871; 0,5656947074458003; 0,8879067786037922; 0,9389949114993215; 0,2999338684603572; 0,3435251503251493; 0,8591233384795487; 0,1433449094183743
-0,04187300742074234; 0,16722114710137248; 0,96482251631096; 0,3192189852707088; 0,905160500202328; 0,7077494827099144; 0,7150504658930004; 0,14270076248794794; 0,030671441461890936; 0,7918561059050262; 0,06251888582482934
-0,28919385659822444; 0,45950051909312606; 0,6368356645107269; 0,8179593929089606; 0,7836280129849911; 0,7025542533956468; 0,1760165775194764; 0,8276194608770311; 0,771742113865912; 0,6364582646638155; 0,9564054002985358
-0,0911519324767864; 0,815895467530936; 0,5749193141236901; 0,2752832481637597; 0,016400138847529888; 0,12883514957502484; 0,8609463833272457; 0,36395231960341334; 0,8083196901716292; 0,20834676595404744; 0,8711084169335663
-0,2229287845104569; 0,8632312915287912; 0,3866618927568197; 0,9008035254664719; 0,2498134346678853; 0,031140913255512714; 0,5261928858235478; 0,7203959035687149; 0,09799690218642354; 0,8510932764038444; 0,9840430035255849
-0,08934743083175026; 0,11538758687674999; 0,7175029050558805; 0,39994339225813746; 0,8039956339634955; 0,5010758866555989; 0,2696028253994882; 0,21705240570008755; 0,431057957932353; 0,8582798396237195; 0,7279455591924489
-0,12755582834322202; 0,03321098117157817; 0,6639771885238588; 0,6974219009280205; 0,8618315383791924; 0,8171774912625551; 0,6678441762924194; 0,28298351215198636; 0,5738067962229252; 0,8429060759954154; 0,7601810917258263
-0,3109267971659997; 0,027132286224514246; 0,7408660622313619; 0,18545447615906596; 0,20768013456836343; 0,63449901714921; 0,3325033439323306; 0,7032707035541534; 0,8337701065465808; 0,015405570156872272; 0,632060234900564
-0,005580557701162489; 0,3451446373946965; 0,011125598102807999; 0,5520493611693382; 0,34694480104371905; 0,8563294745981693; 0,06320469221100211; 0,02227209322154522; 0,837131469976157; 0,8053389671258628; 0,6838979017920792
-0,12042134519823168; 0,21394221996888518; 0,5696806157939136; 0,04653749102726579; 0,23335047671571374; 0,1650269404053688; 0,060441270004957914; 0,29627048457041383; 0,5874503701925278; 0,2701831813901663; 0,5086315809749067
-0,10778798165750632; 0,0445935414172709; 0,5181896057911217; 0,579568715300411; 0,7311291969381273; 0,8857768629677594; 0,1532252379693091; 0,28094286611303687; 0,6538433628156781; 0,33787215827032924; 0,7442824016325176
-0,062363592137407005; 0,6504288031719625; 0,0759150916710496; 0,6987416809424758; 0,28042491618543863; 0,9609043397940695; 0,6197504387237132; 0,16040953574702144; 0,13175701443105936; 0,23341494658961892; 0,6032737116329372
-0,1770585603703659; 0,21102932607755065; 0,7571556717157364; 0,9472874561324716; 0,9091930161230266; 0,9370777988806367; 0,5349872065708041; 0,4413800220936537; 0,617866178508848; 0,32666756259277463; 0,488837618380785
-0,018956736436918326; 0,9976691924966872; 0,009339629206806421; 0,3221165295690298; 0,05368521437048912; 0,7925341804511845; 0,9101960211992264; 0,044006228912621737; 0,9550945037044585; 0,13911938201636076; 0,8739044824615121
-0,11484400208692931; 0,7934485892765224; 0,21857063192874193; 0,9970556246116757; 0,8759036143310368; 0,8145472984761; 0,2776135657913983; 0,25154662784188986; 0,47129285940900445; 0,6000763839110732; 0,3210955453105271
-0,11033152321576299; 0,22211090940982103; 0,4532397841103375; 0,09833849314600229; 0,8178375703282654; 0,04026776133105159; 0,2585355006158352; 0,24924099585041404; 0,0029321424663066864; 0,48468090826645494; 0,26974313519895077
-0,16248839040184632; 0,033666971139609814; 0,035498113837093115; 0,8310001310892403; 0,9982499997131526; 0,022840031422674656; 0,7432959857396781; 0,5337939132004976; 0,11231867875903845; 0,8714929204434156; 0,14653995633125305
-0,20035627277866383; 0,5982407960109413; 0,5142957931384444; 0,5507091861218214; 0,7046578084118664; 0,12330841971561313; 0,8550066691823304; 0,5487655811011791; 0,10611469112336636; 0,547638613730669; 0,3543739547021687
-0,16462712171906507; 0,03377365367487073; 0,25168356159701943; 0,35978309344500303; 0,7704066103324294; 0,9008893468417227; 0,8333713412284851; 0,3601375129073858; 0,32799559738487005; 0,6906380853615701; 0,8570806151255965
-0,22347426305657872; 0,036338213831186295; 0,904096819460392; 0,22705698013305664; 0,6788835884071887; 0,8059758404269814; 0,747253137640655; 0,5276301382109523; 0,4440018655732274; 0,11287459963932633; 0,9905462712049484
-0,014636144107939649; 0,924591010902077; 0,8042474989779294; 0,9843151113018394; 0,6472234097309411; 0,7796952985227108; 0,07418332854285836; 0,03325230861082673; 0,18509109085425735; 0,2228508717380464; 0,7788550741970539
-0,3548184716971249; 0,8407011325471103; 0,9079275275580585; 0,7117858799174428; 0,4095016662031412; 0,494025188498199; 0,9690483054146171; 0,9488138523884118; 0,19627446634694934; 0,5566425384022295; 0,9201991022564471
-0,01324963316953459; 0,19570365455001593; 0,9714980632998049; 0,4677023380063474; 0,047047149389982224; 0,9491883250884712; 0,66730533586815; 0,029233327135443687; 0,31798504618927836; 0,32653606589883566; 0,36089487187564373
-0,006152921579368103; 0,5212297718971968; 0,9369601076468825; 0,013044045306742191; 0,26043866854161024; 0,7372960709035397; 0,7171637127175927; 0,01436270959675312; 0,12886521453037858; 0,40427017444744706; 0,06942047411575913
-0,05604020450705112; 0,4734354754909873; 0,7010593744926155; 0,1506953821517527; 0,10634718649089336; 0,9780727070756257; 0,5484682321548462; 0,20515676541253924; 0,8902399628423154; 0,05714578181505203; 0,7552228341810405
-0,2468146237295572; 0,863101496361196; 0,034760501235723495; 0,060917993541806936; 0,48818931030109525; 0,0027024727314710617; 0,22236335603520274; 0,9576874761842191; 0,27999707497656345; 0,8097438062541187; 0,5685027777217329
-0,23503595718864248; 0,23441125452518463; 0,08441841835156083; 0,5027962122112513; 0,3546678451821208; 0,46052220184355974; 0,5082822367548943; 0,7210451387800276; 0,7471207357011735; 0,9246781473048031; 0,5961013874039054
-0,05410266349710794; 0,5755590568296611; 0,21823441935703158; 0,4006429691798985; 0,1857783319428563; 0,012722699902951717; 0,7732924926094711; 0,15541289234533906; 0,438621218316257; 0,4897216376848519; 0,039662016555666924
-0,014687618173668458; 0,39303473476320505; 0,3680479973554611; 0,8194242268800735; 0,877001749817282; 0,4216332254000008; 0,9626989606767893; 0,03520251391455531; 0,9415232972241938; 0,1059694061987102; 0,4638221641071141
-0,06544410157225358; 0,4020724375732243; 0,665896728169173; 0,7118132002651691; 0,16210470534861088; 0,2432796685025096; 0,33590130461379886; 0,16270912857726216; 0,9902539472095668; 0,9935378767549992; 0,27381758112460375
-0,08978181819607413; 0,3315091491676867; 0,640285128261894; 0,6228174539282918; 0,12373071303591132; 0,6467181779444218; 0,29015978006646037; 0,32263670209795237; 0,16715532168745995; 0,9572523185051978; 0,5057214861735702
-0,2586068605512983; 0,06621756544336677; 0,4365519117563963; 0,9128125621937215; 0,8724801670759916; 0,3250687806867063; 0,19718449655920267; 0,6675061602145433; 0,6379869841039181; 0,3013164233416319; 0,6671386039815843
-0,11774181285795168; 0,050658928230404854; 0,21662901202216744; 0,38903410686179996; 0,5214168471284211; 0,21437178878113627; 0,6522322609089315; 0,47010172391310334; 0,12845570966601372; 0,12383005069568753; 0,4907935527153313
-0,3185114902112025; 0,7575934627093375; 0,9488725578412414; 0,4619615823030472; 0,18195592192932963; 0,3828202341683209; 0,8522905074059963; 0,7066666427999735; 0,2489175428636372; 0,350854383315891; 0,9998498689383268
-0,23266478097920837; 0,040000167675316334; 0,9845075192861259; 0,16287760017439723; 0,4033686686307192; 0,5274115814827383; 0,24926468497142196; 0,5156816858798265; 0,9820092716254294; 0,3723790948279202; 0,12356545776128769
-0,2712171711205303; 0,5293514379300177; 0,3538655983284116; 0,6439261678606272; 0,7052432554773986; 0,1837348542176187; 0,7619437826797366; 0,6423895647749305; 0,27942152274772525; 0,12544817244634032; 0,5873766927979887
-0,28867007919454807; 0,6844400959089398; 0,6635785303078592; 0,38597819628193974; 0,029186788015067577; 0,07766266912221909; 0,722302180249244; 0,630896142218262; 0,37676652101799846; 0,4925403934903443; 0,5014172624796629
-0,10385803829741602; 0,19986997917294502; 0,8029369893483818; 0,04434191342443228; 0,4274852382950485; 0,04024937702342868; 0,6772065940313041; 0,4069665754213929; 0,47339116455987096; 0,11075119348242879; 0,3556402581743896
-0,050458896979335734; 0,27165794279426336; 0,7384882061742246; 0,43798783887177706; 0,4530846895650029; 0,42417517490684986; 0,74139020498842; 0,19773935712873936; 0,6685633035376668; 0,4516200958751142; 0,5714450678788126
-0,16867938002218827; 0,34864048566669226; 0,7707107192836702; 0,36215740954503417; 0,6209313492290676; 0,7653396939858794; 0,42356335604563355; 0,5155963655561209; 0,7183463019318879; 0,1202959488146007; 0,02958684228360653
-0,2635177461964758; 0,4604929341003299; 0,9365895893424749; 0,6756055634468794; 0,203098117839545; 0,3147667832672596; 0,6140667828731239; 0,5748865259811282; 0,31616426864638925; 0,644085316453129; 0,6369506646879017
-0,12647398312538294; 0,43338902574032545; 0,745889506302774; 0,052998419385403395; 0,8391698962077498; 0,1736050839535892; 0,028366167098283768; 0,5048047550953925; 0,7854864536784589; 0,43671164894476533; 0,44376662420108914
-0,14128067279653217; 0,15193399228155613; 0,25994257628917694; 0,3082249308936298; 0,9154875129461288; 0,8969243480823934; 0,9797227634117007; 0,5467720734886825; 0,5419226256199181; 0,537242220249027; 0,03965699067339301
-0,31278261669043156; 0,2913678726181388; 0,10538870003074408; 0,8363081142306328; 0,9205970168113708; 0,09919436182826757; 0,8333313344046474; 0,7503371122293174; 0,2921202746219933; 0,4608505801297724; 0,03243801603093743
-0,10377935544905541; 0,4710267321206629; 0,4431610810570419; 0,8408683030866086; 0,6902564386837184; 0,3763624778948724; 0,5382431601174176; 0,27902434952557087; 0,3238201248459518; 0,9697588155977428; 0,13766452856361866
-0,12721867417504143; 0,08001591358333826; 0,4097095998004079; 0,5024557472206652; 0,30294386949390173; 0,5248912880197167; 0,9768579676747322; 0,4870647694915533; 0,3663394246250391; 0,12840926321223378; 0,2510670768097043
-0,20926168488329916; 0,7431301330216229; 0,6277818395756185; 0,47993794782087207; 0,08012808067724109; 0,26893196115270257; 0,33593970350921154; 0,7733555659651756; 0,7901551998220384; 0,2922816751524806; 0,11184802884235978
-0,16879764400292366; 0,04790126485750079; 0,9768338231369853; 0,1517388285137713; 0,17141789384186268; 0,24111855635419488; 0,28753733821213245; 0,6737145581282675; 0,5897413729690015; 0,39505502581596375; 0,7987031564116478
-0,41073600007854805; 0,6409018994309008; 0,9761467585340142; 0,5553772398270667; 0,9856549203395844; 0,7825959557667375; 0,0875702821649611; 0,9384586098603904; 0,5742541942745447; 0,6092609595507383; 0,8313238089904189
-0,2989272190151745; 0,8222591825760901; 0,3219173024408519; 0,05071530770510435; 0,32975807320326567; 0,4790830481797457; 0,377806983422488; 0,6950761172920465; 0,736885673366487; 0,9303613412193954; 0,1950385980308056
-0,14956851384511022; 0,01651056995615363; 0,6146044484339654; 0,07319022947922349; 0,32602865248918533; 0,5305766500532627; 0,6838552043773234; 0,34609228977933526; 0,7456307830289006; 0,6555754630826414; 0,507677991874516
-0,13166085536250188; 0,08183283358812332; 0,6519384984858334; 0,6224071984179318; 0,6519015547819436; 0,14617569372057915; 0,6622914071194828; 0,5246893633157015; 0,21933398488909006; 0,26219593454152346; 0,7072403626516461
-0,10809021623748973; 0,6372058666311204; 0,6567167537286878; 0,06870221486315131; 0,7886036979034543; 0,5849909489043057; 0,7820641901344061; 0,4208705718629062; 0,6794106257148087; 0,21109706396237016; 0,33403036184608936
-0,19826985271534608; 0,8115868926979601; 0,04779630759730935; 0,4139980268664658; 0,145160177256912; 0,7901503667235374; 0,14678915636613965; 0,5739328162744641; 0,9964277241379023; 0,05849718302488327; 0,7074467958882451
-0,2328846099238804; 0,3011505678296089; 0,11432755179703236; 0,8677003928460181; 0,6974464654922485; 0,24509056005626917; 0,028614060953259468; 0,8292128155007958; 0,2224265239201486; 0,9591066790744662; 0,4072921322658658
-0,06802762185305117; 0,5301700201816857; 0,22058436693623662; 0,5521681350655854; 0,7781389504671097; 0,5352318277582526; 0,43837940134108067; 0,16835794039070606; 0,2993206805549562; 0,8890041587874293; 0,36764798825606704
-0,42146981102135694; 0,7262698551639915; 0,9619073420763016; 0,7297604633495212; 0,07832799013704062; 0,7956390422768891; 0,7534305844455957; 0,9672914547845721; 0,5380818489938974; 0,23296486493200064; 0,9886529785580933
-0,03647439312727313; 0,03127333987504244; 0,48854214092716575; 0,3524674205109477; 0,3944142507389188; 0,3779489528387785; 0,5817527207545936; 0,07871870324015617; 0,7023992436006665; 0,8491536425426602; 0,12718033604323864
-0,19557905217336052; 0,014876138418912888; 0,2004478764720261; 0,9801404285244644; 0,6764673087745905; 0,8514252193272114; 0,4315507784485817; 0,7808235757984221; 0,053514400497078896; 0,4224137249402702; 0,8203563964925706
-0,03365672798655394; 0,20872578769922256; 0,6278717503882945; 0,8383088475093246; 0,07176228798925877; 0,37133875815197825; 0,11893877107650042; 0,07276258943602443; 0,9689744003117085; 0,15511424094438553; 0,6812215908430517
-0,0708102095536073; 0,7202043691650033; 0,20499966526404023; 0,7492266045883298; 0,20480275573208928; 0,4646358289755881; 0,5809248285368085; 0,2506689219735563; 0,10445164609700441; 0,9974110214971006; 0,816969589330256
-0,39312112787535974; 0,8111043646931648; 0,24352103238925338; 0,4489412601105869; 0,5210788054391742; 0,4351081643253565; 0,920266532804817; 0,9644301705993712; 0,345501434057951; 0,1859456840902567; 0,44483213732019067
-0,3210978691518065; 0,6328116115182638; 0,4297293643467128; 0,5681359814479947; 0,8975065173581243; 0,7340644681826234; 0,751465754583478; 0,8590466184541583; 0,1611191164702177; 0,8047373136505485; 0,06190773705020547
-0,0900492880929368; 0,5251166350208223; 0,3371743615716696; 0,5140948770567775; 0,273434950504452; 0,7001715321093798; 0,42885790579020977; 0,19839531648904085; 0,5357568529434502; 0,7883574026636779; 0,9070657817646861
-0,20466104856627768; 0,5423183566890657; 0,22122727753594518; 0,4976714891381562; 0,23690786305814981; 0,11061078822240233; 0,21518680592998862; 0,4454019367694855; 0,3759838626720011; 0,9780809376388788; 0,49287782050669193
-0,017350280003617075; 0,13891882821917534; 0,25146595062687993; 0,652292457409203; 0,6920630033127964; 0,07568900380283594; 0,3235501479357481; 0,06422237027436495; 0,9721889565698802; 0,907326920889318; 0,10187923209741712
-0,21110334261874228; 0,5506567033007741; 0,499598884023726; 0,6401682696305215; 0,11825270019471645; 0,1765727293677628; 0,4930283739231527; 0,8004911965690553; 0,991727246902883; 0,3109036749228835; 0,5380045925267041
-0,2904429403430509; 0,13697758642956614; 0,8152421056292951; 0,14356299815699458; 0,4745628866367042; 0,861280033364892; 0,566977665759623; 0,6899128230288625; 0,1869572950527072; 0,08330390742048621; 0,6849768520332873
-0,22614372619858442; 0,9317405531182885; 0,14015321200713515; 0,6718927160836756; 0,8399213748052716; 0,047809756360948086; 0,14969653077423573; 0,5107301473617554; 0,4920506300404668; 0,6063329698517919; 0,16308746300637722
-0,19641990721048774; 0,3230594149790704; 0,5927011263556778; 0,7881518644280732; 0,882350827101618; 0,07634827215224504; 0,3688346156850457; 0,7063664849847555; 0,3483069553039968; 0,08821782283484936; 0,0876366188749671
-0,22142759383370453; 0,003242196049541235; 0,05412176577374339; 0,6893522134050727; 0,8619586350396276; 0,49618809949606657; 0,6421224544756114; 0,8729226542636752; 0,2884680489078164; 0,02695061918348074; 0,6959489164873958
-0,3755062447588765; 0,823740981053561; 0,32785319816321135; 0,39401036873459816; 0,6040291232056916; 0,30109538696706295; 0,43614586256444454; 0,8909934088587761; 0,4456590577028692; 0,6068310760892928; 0,8110575508326292
-0,23407946694805637; 0,920827241614461; 0,1751772309653461; 0,49048511451110244; 0,7237669252790511; 0,5368480528704822; 0,39857466286048293; 0,5940539012663066; 0,4060723213478923; 0,5960814584977925; 0,7200977825559676
-0,26217839464988624; 0,7425555298104882; 0,48414983972907066; 0,14227352803573012; 0,37083346862345934; 0,1308007431216538; 0,826365512330085; 0,5894939182326198; 0,74473896343261; 0,4935535960830748; 0,7886734646745026
-0,3240449063569572; 0,08702978864312172; 0,5696443156339228; 0,13289946969598532; 0,8675275067798793; 0,9603202994912863; 0,7680368414148688; 0,7931667044758797; 0,649233618285507; 0,9365660073235631; 0,8519264380447567
-0,2523642828885934; 0,4667796054854989; 0,44202596321702003; 0,5322615155018866; 0,9296805607154965; 0,4294875003397465; 0,3438580115325749; 0,7638580990023911; 0,8251746064051986; 0,16043353406712413; 0,28449505800381303
-0,09218533296283261; 0,9154077111743391; 0,7984072836115956; 0,45969180250540376; 0,5969089227728546; 0,7030516285449266; 0,36395190842449665; 0,3531455867923796; 0,7320423787459731; 0,8183300513774157; 0,8233819222077727
-0,17252982160035737; 0,7039682939648628; 0,2142770574428141; 0,09041505958884954; 0,5476847616955638; 0,5085059660486877; 0,3904490089043975; 0,3727155509404838; 0,484245918225497; 0,5727573214098811; 0,3249351275153458
-0,06332318889714122; 0,37115107476711273; 0,5991376051679254; 0,0452893516048789; 0,18366712285205722; 0,43078655702993274; 0,9963526069186628; 0,2066982863470912; 0,24048462882637978; 0,07737581664696336; 0,4182361108250916
-0,10137399280951738; 0,06225975975394249; 0,694978890940547; 0,8338371943682432; 0,19794133678078651; 0,7494251998141408; 0,3741376744583249; 0,218802351038903; 0,4091096571646631; 0,01830729842185974; 0,3824495291337371
-0,13565107182126235; 0,2645638696849346; 0,941319914534688; 0,5444853226654232; 0,6683634649962187; 0,22891316516324878; 0,10153742553666234; 0,5354551151394844; 0,928196975030005; 0,029331681318581104; 0,9230599766597152
-0,013328493917921907; 0,9725724239833653; 0,9060493055731058; 0,9466971168294549; 0,4524346352554858; 0,3712392938323319; 0,1808633361943066; 0,03418147936463356; 0,9257173840887845; 0,99486850714311; 0,7260515908710659
-0,30201290251320767; 0,6949175545014441; 0,5143368588760495; 0,004296672530472279; 0,3033465286716819; 0,7973701464943588; 0,07788759702816606; 0,8694733059965074; 0,827168548014015; 0,11217982741072774; 0,5483348104171455
-0,20949041793333228; 0,9914718302898109; 0,14554105373099446; 0,5307382587343454; 0,967477725353092; 0,5107565121725202; 0,7181922201998532; 0,7607745914719999; 0,31268236553296447; 0,8351561767049134; 0,7223487072624266
-0,19554654031163668; 0,4141673962585628; 0,3930362635292113; 0,8388348259031773; 0,19315111730247736; 0,4290568740107119; 0,972389011643827; 0,7515062727034092; 0,38823457853868604; 0,727348844986409; 0,1902626771479845
-0,31870074635252543; 0,8973811399191618; 0,609793106559664; 0,7316262419335544; 0,13705869391560555; 0,06528979865834117; 0,33935257885605097; 0,7018183493055403; 0,1331713143736124; 0,5222032070159912; 0,17438130779191852
-0,44767201669244405; 0,8012572112493217; 0,32241462310776114; 0,6805969798006117; 0,6273153503425419; 0,582860782276839; 0,5380427641794086; 0,9809589297510684; 0,903378676623106; 0,7567690187133849; 0,6259030462242663
-0,026747760221730116; 0,35202095098793507; 0,6337514910846949; 0,743913734331727; 0,778435215819627; 0,42846053279936314; 0,13893331494182348; 0,08539183577522635; 0,931136230006814; 0,9935151552781463; 0,3300380352884531
-0,06376420389759907; 0,6318272752687335; 0,7244448964484036; 0,997902397532016; 0,2511910521425307; 0,10496342927217484; 0,044911909848451614; 0,25394390244036913; 0,43762560188770294; 0,6100173299200833; 0,4233747753314674
-0,04400554786532355; 0,24827861040830612; 0,05634888494387269; 0,7590049607679248; 0,7383130975067616; 0,97932232869789; 0,5770602044649422; 0,13071040390059352; 0,5485094948671758; 0,8142455131746829; 0,5711650103330612
-0,32740279853346016; 0,012513362802565098; 0,8377917059697211; 0,5798110240139067; 0,7246601190418005; 0,10375739587470889; 0,007069934159517288; 0,9011346725746989; 0,269690815359354; 0,1293980865739286; 0,35636398335918784
-0,22297335446304145; 0,2341715875081718; 0,17295812536031008; 0,04924255236983299; 0,5134880836121738; 0,17366930935531855; 0,21469792816787958; 0,8867036704905331; 0,9968859641812742; 0,49796360405161977; 0,9825085867196321
-0,09762572389771389; 0,8807433638721704; 0,5017533586360514; 0,16779801901429892; 0,9914851123467088; 0,873635817784816; 0,7871176237240434; 0,27154665580019355; 0,2171710366383195; 0,8635832844302058; 0,06661469489336014
-0,20044736048363365; 0,4581840489991009; 0,5275204577483237; 0,7656444711610675; 0,72353480104357; 0,5634339964017272; 0,29016576427966356; 0,5222543752752244; 0,9429236552678049; 0,5372472968883812; 0,5025148750282824
-0,25163540513421173; 0,5925774122588336; 0,4910293738357723; 0,7371106748469174; 0,10237872926518321; 0,0847340002655983; 0,785500593483448; 0,9327875580638647; 0,3701150715351105; 0,7601206204853952; 0,7478841068223119
-0,2268592095571541; 0,036547744646668434; 0,6587004135362804; 0,8137507545761764; 0,7679564887657762; 0,08435549912974238; 0,71942422632128; 0,9058074965141714; 0,8912058444693685; 0,2030356666073203; 0,9158095065504313
-0,11716591988888436; 0,08372041955590248; 0,7504215519875288; 0,13736811326816678; 0,35861457558348775; 0,2279778067022562; 0,14980696002021432; 0,3142144335433841; 0,48348170006647706; 0,6533585176803172; 0,3009872301481664
-0,09854778883349465; 0,6189712397754192; 0,8096706382930279; 0,49097630055621266; 0,3570106206461787; 0,38319423561915755; 0,5986006311140954; 0,3771907864138484; 0,0780613711103797; 0,7203898876905441; 0,8046897980384529
-0,09725931402611811; 0,8243690691888332; 0,11957644484937191; 0,9875865993089974; 0,19984465464949608; 0,6853426238521934; 0,32974274549633265; 0,23088035406544805; 0,2556069204583764; 0,47973220981657505; 0,4982290752232075
-0,13035295566918162; 0,5769234211184084; 0,6611450603231788; 0,6850468083284795; 0,5603400496765971; 0,5932066831737757; 0,22009944962337613; 0,43560697231441736; 0,4511288204230368; 0,03101910836994648; 0,9875988261774182
-0,42289298767614164; 0,5532632381655276; 0,09046678058803082; 0,5885511958040297; 0,9420220507308841; 0,4075466343201697; 0,22083170991390944; 0,9598951218649745; 0,27727467846125364; 0,5378305725753307; 0,9500540355220437
-0,019053892775966454; 0,8549123778939247; 0,27521859435364604; 0,7039470938034356; 0,947932462207973; 0,9540359266102314; 0,0913524217903614; 0,05199597729369998; 0,6399898175150156; 0,5442326627671719; 0,5460683451965451
-0,20678764300518349; 0,9810911547392607; 0,9143795468844473; 0,9647881863638759; 0,14430379960685968; 0,5984716210514307; 0,8294185516424477; 0,7554152789525688; 0,4257805566303432; 0,3731345101259649; 0,17411081911996007
-0,10052361240940741; 0,9806594015099108; 0,4092135801911354; 0,10461118444800377; 0,6400679303333163; 0,2333240290172398; 0,26081891637295485; 0,39950222708284855; 0,12124264612793922; 0,9870076393708587; 0,5907144476659596
-0,35923181399617404; 0,8673977055586874; 0,5596546065062284; 0,08671676460653543; 0,2858034889213741; 0,9751423462294042; 0,3533611623570323; 0,8292125514708459; 0,8052002699114382; 0,1250563869252801; 0,8340973276644945
-0,16829387392656675; 0,22703339718282223; 0,9694122397340834; 0,767661577090621; 0,17121652653440833; 0,9058264251798391; 0,27087455056607723; 0,6716745984740555; 0,15011894004419446; 0,8813591175712645; 0,39543404756113887
-0,027345696433001488; 0,3480600914917886; 0,061227602418512106; 0,909815764054656; 0,33296970650553703; 0,8675507022999227; 0,7039444367401302; 0,06258390424773097; 0,6621745298616588; 0,7875951724126935; 0,8131890282966197
-0,2649747154987473; 0,9216124038212001; 0,37807932682335377; 0,3430725154466927; 0,9354318538680673; 0,45058904914185405; 0,36637786822393537; 0,5864246264100075; 0,7303678058087826; 0,02911373134702444; 0,05161004886031151
-0,15072409342608722; 0,39120144257321954; 0,08103579562157393; 0,5534586813300848; 0,20167584996670485; 0,4725062372162938; 0,6042805621400476; 0,42708711232990026; 0,3396800300106406; 0,6194350337609649; 0,5787186049856246
-0,1514935619880551; 0,32848079642280936; 0,6570912813767791; 0,6756948037073016; 0,059691044967621565; 0,8797009140253067; 0,941420553252101; 0,5553237944841385; 0,7424650532193482; 0,995203317143023; 0,036327960435301065
-0,08405931195937588; 0,7938964255154133; 0,8926661321893334; 0,21379951108247042; 0,3507090103812516; 0,45518794283270836; 0,7497020661830902; 0,32899867556989193; 0,30246764700859785; 0,0008417596109211445; 0,8624794250354171
-0,0662464529682434; 0,26322736497968435; 0,48091637156903744; 0,7646487285383046; 0,26588395703583956; 0,06966390926390886; 0,5037761931307614; 0,26104318583384156; 0,5029943874105811; 0,23182617453858256; 0,001049029640853405
-0,3350062553048352; 0,8731581433676183; 0,49624082958325744; 0,5117797395214438; 0,650828022044152; 0,2642853930592537; 0,4396836645901203; 0,9293509055860341; 0,6851326101459563; 0,677367698866874; 0,6454796688631177
-0,2654575474665088; 0,031047668308019638; 0,5617923019453883; 0,11287506949156523; 0,28787074284628034; 0,8524613883346319; 0,8442103071138263; 0,9327391837723553; 0,15865387301892042; 0,1442391681484878; 0,049056936986744404
-0,11872010099534441; 0,8649616483598948; 0,09919919865205884; 0,3558125072158873; 0,1253306050784886; 0,5540258679538965; 0,7400366361252964; 0,32301177363842726; 0,8730024104006588; 0,9633202343247831; 0,8226587735116482
-0,4214017714492889; 0,0265940073877573; 0,18829671759158373; 0,1504291300661862; 0,22693487256765366; 0,29415850853547454; 0,8569015627726912; 0,9096370567567647; 0,06261637760326266; 0,20569240301847458; 0,007645185571163893
-0,051303519993225626; 0,02693124720826745; 0,16720030643045902; 0,35980798676609993; 0,9532395163550973; 0,8299698065966368; 0,5739736249670386; 0,173065397888422; 0,8927542557939887; 0,9681071010418236; 0,10810044268146157
-0,346023926335099; 0,27591956313699484; 0,9991181115619838; 0,6548669394105673; 0,8699140097014606; 0,5510719264857471; 0,2645529224537313; 0,8064182074740529; 0,5193158299662173; 0,5686394586227834; 0,11831195605918765
-0,3682463874710013; 0,35202671913430095; 0,31998502602800727; 0,32671372359618545; 0,0007330020889639854; 0,6597505751997232; 0,6768379607237875; 0,8896017982624471; 0,3838115716353059; 0,8805059297010303; 0,40502516785636544
-0,09662326569381065; 0,3851818460971117; 0,04099647095426917; 0,6757936743088067; 0,7124150400049984; 0,060474857687950134; 0,9416391267441213; 0,3521689223125577; 0,9155211797915399; 0,24535604426637292; 0,7044032192789018
-0,2568062026675804; 0,8276860392652452; 0,7673141183331609; 0,5306420372799039; 0,6739230407401919; 0,4002188444137573; 0,8368909005075693; 0,5659247157163918; 0,047737008426338434; 0,8105376441963017; 0,920890964102
-0,4050452140134322; 0,47371049085631967; 0,7119502215646207; 0,5083052646368742; 0,5805150605738163; 0,7663810248486698; 0,3794314078986645; 0,8822567551396787; 0,5630208658985794; 0,8438132512383163; 0,6679937513545156
-0,1795094370230772; 0,5870099416933954; 0,08960149483755231; 0,9341490878723562; 0,2835751520469785; 0,9267379585653543; 0,4790905644185841; 0,7163979941979051; 0,24015190359205008; 0,14373617805540562; 0,4505400168709457
-0,09052873061686707; 0,9197669238783419; 0,008364025503396988; 0,47539216838777065; 0,7445589839480817; 0,9820844172500074; 0,8448250736109912; 0,23239285545423627; 0,37438445910811424; 0,9183509196154773; 0,0041724382899701595
-0,09133785776579223; 0,790740008931607; 0,15672960737720132; 0,044814362190663815; 0,5016486020758748; 0,14788195677101612; 0,9663735604844987; 0,2322036144323647; 0,8541567330248654; 0,13752263970673084; 0,9630461577326059
-0,2846348256838016; 0,2533710990101099; 0,7963330531492829; 0,2972241174429655; 0,9206633944995701; 0,2994171269237995; 0,39672534028068185; 0,6188330692239106; 0,9392256112769246; 0,5366435763426125; 0,5766683067195117
-0,40218260694919256; 0,327323529869318; 0,16584799671545625; 0,6577057386748493; 0,24288654001429677; 0,21145953936502337; 0,7061774362809956; 0,9023120594210923; 0,7187479212880135; 0,5675142570398748; 0,3952507427893579
-0,058346199141427794; 0,4247117405757308; 0,1441354132257402; 0,9397128522396088; 0,9242360037751496; 0,31159133184701204; 0,3525613332167268; 0,13874473609030247; 0,10936803370714188; 0,46409652195870876; 0,15409187600016594
-0,2909354297367018; 0,1396564058959484; 0,771509908605367; 0,7909641591832042; 0,47351636784151196; 0,3708912096917629; 0,5931537710130215; 0,7248443528078496; 0,015624305699020624; 0,7853060318157077; 0,5972610898315907
-0,20675269409161337; 0,35390867944806814; 0,6493006013333797; 0,12966316426172853; 0,5377969755791128; 0,11209918837994337; 0,49382214108482003; 0,8247072300873697; 0,19891477096825838; 0,7327277017757297; 0,6166632073000073
-0,09514795006639992; 0,309390636626631; 0,1100297449156642; 0,02713410882279277; 0,46193902334198356; 0,5950792981311679; 0,8220335622318089; 0,27343786135315895; 0,23505851719528437; 0,11603030934929848; 0,28426869912073016
-0,24182562901881988; 0,05742328241467476; 0,33047392405569553; 0,9135367725975811; 0,5579355065710843; 0,1040917788632214; 0,5005538347177207; 0,5220072013325989; 0,6747235897928476; 0,594634975772351; 0,23391041811555624
-0,2891268295523613; 0,6788468137383461; 0,8298490415327251; 0,5152213536202908; 0,7084862878546119; 0,36816975846886635; 0,05285530025139451; 0,6350477039813995; 0,9271463798359036; 0,6903253756463528; 0,5133420564234257
-0,2259222234318115; 0,6999106407165527; 0,5817027478478849; 0,9234174122102559; 0,23748139198869467; 0,8945182776078582; 0,13707716297358274; 0,8988887164741755; 0,5237210397608578; 0,608437439892441; 0,010322455782443285
-0,36296878004044836; 0,03176884260028601; 0,10367001546546817; 0,5848056920804083; 0,7060601189732552; 0,6757761770859361; 0,9054876961745322; 0,8627278641797602; 0,41975226113572717; 0,2287281365133822; 0,6777503476478159
-0,3563977779888287; 0,6739246607758105; 0,37567438976839185; 0,20554757118225098; 0,5660061654634774; 0,06008033221587539; 0,05810452112928033; 0,7993704685941339; 0,44832023698836565; 0,46786184748634696; 0,5250794002786279
-0,2121527081005316; 0,3408352672122419; 0,05158065399155021; 0,33572428580373526; 0,5609002923592925; 0,8723185961134732; 0,44073533918708563; 0,7102839862927794; 0,5087610450573266; 0,8676634063012898; 0,05523918429389596
-0,037292856156533244; 0,07304992713034153; 0,38161733467131853; 0,2735917568206787; 0,40718046110123396; 0,8758154967799783; 0,050959809217602015; 0,1092436327598989; 0,5803254502825439; 0,8686664942651987; 0,5611269166693091
-0,30779069536730697; 0,18679343769326806; 0,23437369102612138; 0,8874099068343639; 0,3600946241058409; 0,9993016989901662; 0,22938860906288028; 0,7002054494805634; 0,5859451461583376; 0,9702014550566673; 0,045485411304980516
-0,15023871146909815; 0,7344192150048912; 0,18582444032654166; 0,18052186304703355; 0,010895095765590668; 0,6613424052484334; 0,08947357814759016; 0,5477317506447434; 0,8693208708427846; 0,1050077136605978; 0,19435286987572908
-0,18254357936433604; 0,490646886639297; 0,988537585362792; 0,9088947274722159; 0,8191807023249567; 0,4601666936650872; 0,06155646778643131; 0,5486467462033033; 0,9458374683745205; 0,9260411630384624; 0,9516113097779453
-0,1784217371001868; 0,8716390822082758; 0,24946494214236736; 0,35907397512346506; 0,30869565019384027; 0,551003675442189; 0,33378649316728115; 0,42400589352473617; 0,08831381797790527; 0,9372834335081279; 0,1369500569999218
-0,1921815019705344; 0,0723668746650219; 0,8484844779595733; 0,7258725077845156; 0,8857757430523634; 0,7674369332380593; 0,6838538809679449; 0,5032178405672312; 0,44708761386573315; 0,009931276086717844; 0,14792752265930176
-0,21613891814540834; 0,1954490803182125; 0,8829307472333312; 0,710944845341146; 0,4050221089273691; 0,07143280608579516; 0,8024873333051801; 0,46880461974069476; 0,38496070727705956; 0,23340479377657175; 0,5367159782908857
-0,34007545331034184; 0,928282018750906; 0,9079054584726691; 0,8193606804125011; 0,408696876373142; 0,6091104298830032; 0,06601931806653738; 0,800826083868742; 0,652694477699697; 0,2826674706302583; 0,4247634494677186
-0,17798093353688943; 0,7144271698780358; 0,6484879883937538; 0,03456852864474058; 0,5606066579930484; 0,11480205459520221; 0,6314209257252514; 0,3882431238889694; 0,9498160053044558; 0,949498513713479; 0,4545188145712018
-0,007133267292197186; 0,03690945915877819; 0,7607063041068614; 0,6382307447493076; 0,05206887796521187; 0,5765244751237333; 0,7389363260008395; 0,02848180942237377; 0,6626924057491124; 0,5108528793789446; 0,4080385654233396
-0,21891824642125912; 0,23351371381431818; 0,6341042504645884; 0,10210879007354379; 0,8522666315548122; 0,8656945042312145; 0,8591633173637092; 0,8739669821225107; 0,45733110094442964; 0,3500468800775707; 0,07470714719966054
-0,3523808760056474; 0,1827262481674552; 0,7735891472548246; 0,47768072644248605; 0,40805015340447426; 0,49818395962938666; 0,9630343983881176; 0,7762111974880099; 0,0070075285620987415; 0,22126023611053824; 0,5193014331161976
-0,45755533140980403; 0,9222853491082788; 0,7089735553599894; 0,6594446077942848; 0,6704165698029101; 0,5689337658695877; 0,8741150186397135; 0,9875538046471775; 0,3301398614421487; 0,9129689442925155; 0,029579025227576494
-0,013683299877403741; 0,47521338518708944; 0,05092497309669852; 0,1492213560268283; 0,6986203463748097; 0,9632359012030065; 0,689507843926549; 0,0546166175045073; 0,4729714635759592; 0,233515209518373; 0,587286336813122
-0,08608498242526631; 0,2524767331779003; 0,610012480057776; 0,6086471662856638; 0,8083591195754707; 0,611411165446043; 0,3057797779329121; 0,3434100029990077; 0,11205090954899788; 0,6682815561071038; 0,849775105714798
-0,028327614031442457; 0,7608551778830588; 0,6444852640852332; 0,6675927801989019; 0,14072962244972587; 0,8633586377836764; 0,6224524141289294; 0,06171133229508996; 0,11331594316288829; 0,907717717345804; 0,7430855319835246
-0,2345622111767598; 0,8206941722892225; 0,8599279588088393; 0,20770687935873866; 0,362024484667927; 0,2801165715791285; 0,7324925092980266; 0,9288132423534989; 0,8605557279661298; 0,218069467227906; 0,659195763990283
-0,17641517630145945; 0,43940599635243416; 0,7794858091510832; 0,4171071429736912; 0,7921717497520149; 0,3610021430067718; 0,969911253079772; 0,6859149732626975; 0,2300330032594502; 0,19762951182201505; 0,6663778466172516
-0,12874684691655683; 0,7680303240194917; 0,8938705446198583; 0,41026457492262125; 0,4977916763164103; 0,33908675238490105; 0,08889909414574504; 0,2788067334331572; 0,25790612678974867; 0,40210121078416705; 0,37716920115053654
-0,041615801372727954; 0,845457807648927; 0,6681598275899887; 0,3039014684036374; 0,36369296442717314; 0,9792481325566769; 0,20455511705949903; 0,10686371475458145; 0,5666533848270774; 0,9172531920485198; 0,1977248485200107
-0,07222679228516653; 0,9466621815226972; 0,885883227456361; 0,5065507064573467; 0,262493803165853; 0,44830942107364535; 0,8489435189403594; 0,19686894118785858; 0,9056457639671862; 0,716586472466588; 0,8036440685391426
-0,3021577296918559; 0,8119167885743082; 0,914331704378128; 0,8045204719528556; 0,8620434245094657; 0,8605393785983324; 0,7309382939711213; 0,8706612340174615; 0,4604964233003557; 0,7945729671046138; 0,5238026008009911
-0,3273267413242959; 0,2657960136421025; 0,1571487751789391; 0,6709572658874094; 0,5723646911792457; 0,5555693712085485; 0,4406071365810931; 0,7672511306591332; 0,39352330518886447; 0,14695297041907907; 0,036865436006337404
-0,08754366972974277; 0,5938381399028003; 0,07703988254070282; 0,7631181720644236; 0,2918981579132378; 0,9853492779657245; 0,16121733374893665; 0,21758566750213504; 0,6962563684210181; 0,694542299490422; 0,710410107858479
-0,08982148968719703; 0,12220803275704384; 0,2615332747809589; 0,6204067897051573; 0,7507251184433699; 0,5899261482991278; 0,2965611582621932; 0,26131214993074536; 0,9975139503367245; 0,2650020541623235; 0,3216565763577819
-0,44365628517948763; 0,23056624783203006; 0,1790239135734737; 0,8383289193734527; 0,2694168477319181; 0,3043689774349332; 0,7680755266919732; 0,9639519797638059; 0,4637602181173861; 0,3878130968660116; 0,6364654181525111
-0,1266854472964149; 0,47468269849196076; 0,7828330053016543; 0,5888419151306152; 0,3111351798288524; 0,0626971940509975; 0,8922980381175876; 0,5057333838194609; 0,9837955511175096; 0,5498549523763359; 0,019545852672308683
-0,13042305699876722; 0,22159076295793056; 0,07215051678940654; 0,5213616462424397; 0,526646114885807; 0,4331246349029243; 0,7497343178838491; 0,51568637881428; 0,5703066368587315; 0,9549304922111332; 0,2457180847413838
-0,1928125959136981; 0,6070772032253444; 0,9651911919936538; 0,6943278084509075; 0,7083585695363581; 0,3970556757412851; 0,14395566890016198; 0,43585061095654964; 0,4224008163437247; 0,1340291011147201; 0,8334031500853598
-0,013368253881511697; 0,14459949685260653; 0,35529175167903304; 0,016558694653213024; 0,11809851787984371; 0,09763889946043491; 0,8779438934288919; 0,05307160736992955; 0,8078149138018489; 0,1259065791964531; 0,7790299612097442
-0,10035323872397195; 0,47868778370320797; 0,8252671249210835; 0,1632644645869732; 0,6058505824767053; 0,7341359043493867; 0,30426914943382144; 0,22172531485557556; 0,42078049294650555; 0,3274580012075603; 0,23413728130981326
-0,3659483550343686; 0,0857181390747428; 0,737450226675719; 0,3032340407371521; 0,9598007537424564; 0,4262837106361985; 0,6145666553638875; 0,8291765195317566; 0,549503477755934; 0,9005423313938081; 0,8556742919608951
-0,2904265946813994; 0,160004788544029; 0,7758901938796043; 0,42983846412971616; 0,8690051711164415; 0,2795166661962867; 0,5196319408714771; 0,6446601613424718; 0,7651713932864368; 0,9663609992712736; 0,2778113251551986
-0,2277097954108945; 0,630467473063618; 0,44323914404958487; 0,6115516060963273; 0,1836991412565112; 0,7361534065566957; 0,04803342232480645; 0,8907457855530083; 0,9857211909256876; 0,8957678875885904; 0,7151050483807921
-0,2924652738927922; 0,424288225825876; 0,317156879696995; 0,23961709067225456; 0,009883655235171318; 0,6239879596978426; 0,27685193065553904; 0,7747315028682351; 0,9689626269973814; 0,5415768283419311; 0,1988339708186686
-0,3266826032469242; 0,3270888957194984; 0,7670438019558787; 0,4118640343658626; 0,42502376809716225; 0,8712374824099243; 0,990879749879241; 0,9162215534597635; 0,9590079155750573; 0,3760965592227876; 0,8051536185666919
-0,17443166450005532; 0,3081942331045866; 0,717929127626121; 0,9071465539745986; 0,8222550991922617; 0,6970696481876075; 0,33592224679887295; 0,4178264569491148; 0,2650553286075592; 0,4131303830072284; 0,7678353367373347
-0,20425533402466567; 0,10492301220074296; 0,5537755177356303; 0,9500301419757307; 0,6923486865125597; 0,2967913872562349; 0,9034629371017218; 0,7353693717159331; 0,8836732073687017; 0,4900618796236813; 0,8177267862483859
-0,0020406372234455816; 0,3943632519803941; 0,27221417194232345; 0,6155337025411427; 0,9725249609909952; 0,2272210386581719; 0,0004938025958836079; 0,005335675552487373; 0,26470407098531723; 0,12805734993889928; 0,13696194533258677
-0,16245046559481663; 0,8117701038718224; 0,5640639285556972; 0,9497475204989314; 0,6872696792706847; 0,879842484369874; 0,2579706679098308; 0,6482626395300031; 0,5471567623317242; 0,5273377746343613; 0,5860881907865405
-0,13042094515645009; 0,5925044161267579; 0,5316496267914772; 0,9463155250996351; 0,1662605470046401; 0,809320215601474; 0,5934015749953687; 0,4122465308755636; 0,7650588657706976; 0,4439429482445121; 0,6865645023062825
-0,0946747327040123; 0,5060553643852472; 0,583682649768889; 0,8339771130122244; 0,43165453523397446; 0,531893789768219; 0,48629349283874035; 0,3324287855066359; 0,23718295246362686; 0,8975172652862966; 0,45691473688930273
-0,23867399883442098; 0,9376731188967824; 0,048383165150880814; 0,9602221162058413; 0,26352786272764206; 0,9104704265482724; 0,9486413388513029; 0,5570185729302466; 0,4742195210419595; 0,20909833861514926; 0,08685248717665672
-0,12967392528563831; 0,37421985156834126; 0,08390493039041758; 0,10663360031321645; 0,8243646090850234; 0,918063918594271; 0,15977150294929743; 0,3140383465215564; 0,8107112240977585; 0,08086129371076822; 0,03911150200292468
-0,1203143023925874; 0,490605101455003; 0,8930922425352037; 0,4141840310767293; 0,4713067067787051; 0,7807348296046257; 0,18403908144682646; 0,4803588492795825; 0,24378931149840355; 0,0367429181933403; 0,8116447883658111
-0,233093708605683; 0,4487762204371393; 0,039980844128876925; 0,23709566099569201; 0,801188581623137; 0,6616512308828533; 0,26093612937256694; 0,9246975304558873; 0,9539453885518014; 0,32126389583572745; 0,4550144993700087
-0,3121230190644266; 0,3719774135388434; 0,02064097858965397; 0,6448995578102767; 0,05635717557743192; 0,6232837801799178; 0,872420712839812; 0,7312583420425653; 0,8686502985656261; 0,23838970065116882; 0,3341823574155569
-0,35104987181112446; 0,446789204608649; 0,32400556607171893; 0,3405292988754809; 0,3959769527427852; 0,06832812633365393; 0,8260487453080714; 0,8868356910534203; 0,44628065871074796; 0,5473870583809912; 0,8761543878354132
-0,14199098999519816; 0,24947802163660526; 0,7185540911741555; 0,21151304058730602; 0,546510137617588; 0,3581718201749027; 0,4536922578699887; 0,4361103791743517; 0,6413960629142821; 0,46678113332018256; 0,16574914520606399
-0,38184318509446646; 0,38651984091848135; 0,3230334557592869; 0,827932262327522; 0,5489879897795618; 0,4696536837145686; 0,7259811479598284; 0,939706786070019; 0,18391522485762835; 0,555751592386514; 0,9721511835232377
-0,24320040991240593; 0,5499245845712721; 0,046369900461286306; 0,6596208517439663; 0,653302623424679; 0,08434032555669546; 0,9125359607860446; 0,6494827652350068; 0,963166493922472; 0,34845834504812956; 0,4345409688539803
-0,15488855882782915; 0,9296550340950489; 0,5416759350337088; 0,4683392276056111; 0,9095646548084915; 0,9213485554791987; 0,22888082172721624; 0,3928000796586275; 0,27202998008579016; 0,2715343302115798; 0,7574253301136196
-0,32695931745587; 0,8169939145445824; 0,5461916234344244; 0,8290892895311117; 0,12572649493813515; 0,7733024633489549; 0,8418072401545942; 0,9805132737383246; 0,6507111825048923; 0,8561594565398991; 0,0354011794552207
-0,04367799218571548; 0,893210643902421; 0,9145875531248748; 0,357897630892694; 0,8259231145493686; 0,49204336293041706; 0,5211639106273651; 0,15322799887508154; 0,536795252468437; 0,2547920825891197; 0,5761478296481073
-0,07938200024159758; 0,4813049933873117; 0,6630973252467811; 0,22274038288742304; 0,3456937628798187; 0,5817001038230956; 0,2206807783804834; 0,17361570848152041; 0,5575167713686824; 0,28503124695271254; 0,5158372512087226
-0,0010856870851456485; 0,22416589548811316; 0,4873657701537013; 0,5417957431636751; 0,37528154719620943; 0,3091373401694; 0,07710579922422767; 0,004334715660661459; 0,9507051152177155; 0,6325419242493808; 0,3517520949244499
-0,16068923185702355; 0,7278211382217705; 0,26372693898156285; 0,5649096015840769; 0,6633300757966936; 0,5052446909248829; 0,8684969921596348; 0,6323937573470175; 0,46488602040335536; 0,29228506423532963; 0,23234758153557777
-0,262211725880931; 0,7438856088556349; 0,8677654778584838; 0,053357407450675964; 0,9345247307792306; 0,1712973229587078; 0,8555909744463861; 0,567594759631902; 0,5915216011926532; 0,4274383084848523; 0,9684311961755157
-0,2147344351875405; 0,03624944016337395; 0,9433584585785866; 0,9721143473871052; 0,33695470495149493; 0,3831294481642544; 0,4292127825319767; 0,46393949585035443; 0,20525970961898565; 0,9432247714139521; 0,6050060032866895
-0,23961123846036364; 0,7875842871144414; 0,6378875365480781; 0,9145266902633011; 0,48845341289415956; 0,3021351546049118; 0,5393715458922088; 0,5715014049783349; 0,7036519492976367; 0,234934464097023; 0,07860649237409234
-0,3560144122321795; 0,9100856683216989; 0,28607923118397593; 0,31768278824165463; 0,7259018225595355; 0,5464390921406448; 0,12740366533398628; 0,9268216919153929; 0,9377675312571228; 0,37535279151052237; 0,6735953707247972
-0,1972815012558888; 0,38094310835003853; 0,1159054315648973; 0,7717708870768547; 0,9265676522627473; 0,6488348948769271; 0,891114104539156; 0,71420779498294; 0,77675745729357; 0,695016095880419; 0,3331035547889769
-0,15320454633953434; 0,3165251803584397; 0,35267963353544474; 0,5582530358806252; 0,9139838377013803; 0,5265009072609246; 0,5786323454231024; 0,3372374218888581; 0,407516204752028; 0,6572469654493034; 0,20708104223012924
-0,1550057110929525; 0,7895675566978753; 0,20445934124290943; 0,5899449237622321; 0,7234158907085657; 0,48086145240813494; 0,9544259710237384; 0,34366802778095007; 0,3817361821420491; 0,8435914656147361; 0,5387556729838252
-0,2036921115748799; 0,04526201169937849; 0,6258263573981822; 0,8529279073700309; 0,0518520618788898; 0,7040693871676922; 0,6450984911061823; 0,7058109771460295; 0,5376550732180476; 0,8238016469404101; 0,36779857939109206
-0,04956368764038926; 0,4163404135033488; 0,9872340373694897; 0,04286377131938934; 0,08470023144036531; 0,834766180254519; 0,952569386921823; 0,18784677796065807; 0,3224189067259431; 0,1194044603034854; 0,19078580010682344
-0,0948165507385142; 0,7091646227054298; 0,7162796370685101; 0,1368525391444564; 0,6596902380697429; 0,2578398687765002; 0,01870672544464469; 0,376968318130821; 0,7594925714656711; 0,5604696958325803; 0,7668224442750216
-0,2728701877753207; 0,6342616323381662; 0,0677060903981328; 0,2890357654541731; 0,9991712397895753; 0,6640866766683757; 0,0764336520805955; 0,668655339628458; 0,09830295201390982; 0,7466055159457028; 0,14094662759453058
-0,29084714827412056; 0,9064595643430948; 0,6343233408406377; 0,06887795776128769; 0,6156081790104508; 0,09691272769123316; 0,6368958824314177; 0,7357035405002534; 0,8844334199093282; 0,5035649784840643; 0,4951732433401048
-0,27091453114912845; 0,47695900313556194; 0,7815613723360002; 0,01616611611098051; 0,4018694465048611; 0,8229543180204928; 0,7262861835770309; 0,6499379519373178; 0,7762327110394835; 0,49101988272741437; 0,6705502080731094
-0,10468915738264863; 0,12434224179014564; 0,38041504053398967; 0,5268975296057761; 0,3975262949243188; 0,8654366317205131; 0,6702196076512337; 0,23017551936209202; 0,48503350280225277; 0,7894858201034367; 0,9869183753617108
-0,2565833755843553; 0,6302141374908388; 0,5171709437854588; 0,5765383620746434; 0,35353807639330626; 0,33760960679501295; 0,9731940855272114; 0,667200680822134; 0,9837760990485549; 0,7505768458358943; 0,1254445663653314
-0,045591207278493556; 0,8997886953875422; 0,8544508055783808; 0,20739960996434093; 0,9876800570636988; 0,8741527539677918; 0,9298102427273989; 0,10846488596871495; 0,13637672970071435; 0,743917285464704; 0,06856454536318779
-0,08110172903491333; 0,1587929781526327; 0,27562997164204717; 0,4460075502283871; 0,03240093681961298; 0,08082407619804144; 0,18542556604370475; 0,18804846471175551; 0,38805565098300576; 0,939013774972409; 0,12332201562821865
-0,160649002657183; 0,1917097633704543; 0,9313995260745287; 0,02486505638808012; 0,5351650989614427; 0,15084375767037272; 0,2855538069270551; 0,6401198073290288; 0,18335482059046626; 0,8914298554882407; 0,487684927880764
-0,35716870721253574; 0,16187932528555393; 0,5218432578258216; 0,7699437062256038; 0,4966330504976213; 0,8149247071705759; 0,910531475674361; 0,9575266959145665; 0,5697191655635834; 0,7162909642793238; 0,6086736042052507
-0,14050285010472757; 0,42488110763952136; 0,20570606598630548; 0,4588560303673148; 0,49967043520882726; 0,23235027538612485; 0,27574439346790314; 0,5609829034656286; 0,6344704958610237; 0,259777985047549; 0,7405093535780907
-0,26954474022252384; 0,8398327734321356; 0,06666072085499763; 0,3346926015801728; 0,46964816795662045; 0,33532080659642816; 0,7547898506745696; 0,9018833977170289; 0,2874121814966202; 0,6289338869974017; 0,6853738334029913
-0,22482381600297283; 0,27675991505384445; 0,5639513512142003; 0,24824313307181; 0,20587932551279664; 0,7422049716114998; 0,839287597220391; 0,5621864018030465; 0,12402400095015764; 0,6577000338584185; 0,6362971179187298
-0,1098165274539233; 0,46604670491069555; 0,4095894116908312; 0,2223179256543517; 0,7245521056465805; 0,7246533059515059; 0,02426568605005741; 0,43833938241004944; 0,16373866191133857; 0,5265937075018883; 0,20107728755101562
-0,2748320516626169; 0,9788023815490305; 0,5202788542956114; 0,4601628570817411; 0,5317588718608022; 0,8927092291414738; 0,9035559012554586; 0,9814963196404278; 0,46941346814855933; 0,8466696524992585; 0,27308317739516497
-0,12869491615393253; 0,6482594786211848; 0,5279231439344585; 0,6407125983387232; 0,6555956141091883; 0,6310483645647764; 0,03817362291738391; 0,5025107529945672; 0,5609022714197636; 0,29999163560569286; 0,41340992972254753
-0,20397369003090046; 0,8029624749906361; 0,9744988698512316; 0,8421870986931026; 0,0871769874356687; 0,6794874025508761; 0,57673822902143; 0,533954743295908; 0,08848477387800813; 0,17763647809624672; 0,5880302325822413
-0,019683444663312274; 0,5787729751318693; 0,7038079625926912; 0,33239866560325027; 0,5449114050716162; 0,29753528349101543; 0,6240865867584944; 0,04260522546246648; 0,48199853440746665; 0,4275635383091867; 0,8245542575605214
-0,0893113949317009; 0,6010567652992904; 0,7575675179250538; 0,04392328578978777; 0,46753985341638327; 0,10095521388575435; 0,6485396227799356; 0,35041658859699965; 0,6699011749587953; 0,452721712179482; 0,8827239791862667
-0,30999111179259853; 0,12314097071066499; 0,2559112887829542; 0,11996776144951582; 0,1871734126470983; 0,004258448723703623; 0,3592704883776605; 0,9581340961158276; 0,555173662956804; 0,21127659687772393; 0,6417429950088263
-0,10080733326013815; 0,07622975995764136; 0,38695486169308424; 0,8958493988029659; 0,04235203005373478; 0,02344642160460353; 0,12447030702605844; 0,2882647840306163; 0,9922367502003908; 0,9870060537941754; 0,034385678358376026
-0,3943924623136064; 0,11655483953654766; 0,9799824468791485; 0,3935166490264237; 0,027042414527386427; 0,6869899188168347; 0,33515639044344425; 0,8670544219203293; 0,720651846844703; 0,8883587410673499; 0,820028109010309
-0,40126506493860953; 0,7120282682590187; 0,9159407778643072; 0,32609796104952693; 0,909315696451813; 0,39408110082149506; 0,3414594051428139; 0,865842544939369; 0,45139117166399956; 0,023028552066534758; 0,1153120999224484
-0,024544340162730747; 0,9925944949500263; 0,9977452200837433; 0,8249924634583294; 0,9033624934963882; 0,8010706985369325; 0,32508648885414004; 0,08561350358650088; 0,8916632304899395; 0,7492254921235144; 0,16628724383190274
-0,01465190787544867; 0,4105410189367831; 0,6750154560431838; 0,4774423842318356; 0,868723011109978; 0,49377244198694825; 0,741829636041075; 0,03989076940342784; 0,9439287562854588; 0,6931963530369103; 0,2852183603681624
-0,20416637997093157; 0,9405892556533217; 0,16481088986620307; 0,19079760136082768; 0,34432677924633026; 0,9839487252756953; 0,3482739282771945; 0,6636487147770822; 0,8742883144877851; 0,017279990017414093; 0,11928864428773522
-0,2477827152090062; 0,5661188988015056; 0,7684095269069076; 0,6369142150506377; 0,9425761112943292; 0,031256402377039194; 0,4927599676884711; 0,7327701365575194; 0,18002856522798538; 0,1416950044222176; 0,4651304194703698
-0,3877637349140206; 0,4770482499152422; 0,9033875279128551; 0,9528092974796891; 0,075514224357903; 0,587461591232568; 0,32370654307305813; 0,9800965655595064; 0,309395173098892; 0,7804878763854504; 0,4014464314095676
-0,26584914612634847; 0,6259002508595586; 0,29212043434381485; 0,9877357939258218; 0,6986990496516228; 0,7712019868195057; 0,799102081451565; 0,8255209354683757; 0,5559506095014513; 0,13042587460950017; 0,3830646947026253
-0,34233913110321046; 0,10358150862157345; 0,015463592484593391; 0,24639418022707105; 0,8510165899060667; 0,8785799639299512; 0,2884402824565768; 0,917558734305203; 0,8272724389098585; 0,4002706981264055; 0,592169257812202
-0,1110230949656056; 0,3348118015564978; 0,7770981886424124; 0,3757193428464234; 0,2104422515258193; 0,8135183537378907; 0,41146384133026004; 0,4424898442812264; 0,722805137746036; 0,48596003372222185; 0,7206338657997549
-0,2676316070454643; 0,939096936956048; 0,029681289568543434; 0,2724336194805801; 0,1526899542659521; 0,5724233076907694; 0,3645937559194863; 0,9099326995201409; 0,4842453161254525; 0,7269008019939065; 0,3419951871037483
-0,07452601522538271; 0,2102684029377997; 0,9527333499863744; 0,975174458231777; 0,7846792591735721; 0,3655274761840701; 0,613733537029475; 0,2975682024843991; 0,5035963780246675; 0,2698962730355561; 0,20841300347819924
-0,09645322516567893; 0,07471705507487059; 0,8071275646798313; 0,20341275678947568; 0,8350614248774946; 0,7644199565984309; 0,9505150117911398; 0,31339900381863117; 0,6902168123051524; 0,9823804474435747; 0,687015388160944
-0,14436664087148804; 0,15643203584477305; 0,039021607022732496; 0,10093229217454791; 0,7127075660973787; 0,7557499161921442; 0,13637879258021712; 0,5547732538543642; 0,5952395196072757; 0,6230798377655447; 0,9405398685485125
-0,3852589785719517; 0,32650518603622913; 0,7795287314802408; 0,2843624367378652; 0,500025327783078; 0,4908669884316623; 0,7620703768916428; 0,8324548592790961; 0,34692993201315403; 0,43708482570946217; 0,08133040275424719
-0,10602495848396035; 0,12044131569564342; 0,7692544115707278; 0,5471950736828148; 0,03441466297954321; 0,7432022169232368; 0,08542026532813907; 0,2468038867227733; 0,30328305065631866; 0,9034747676923871; 0,014171982184052467
-0,2524486968656759; 0,28744140081107616; 0,10861349059268832; 0,6788518084213138; 0,6616093651391566; 0,30954804504290223; 0,14508185256272554; 0,7571177496574819; 0,5625637723132968; 0,16727497335523367; 0,18505192687734962
-0,41247913043732615; 0,4848622982390225; 0,803799070417881; 0,44890065025538206; 0,6285166717134416; 0,13682553684338927; 0,7503326870501041; 0,9215736966580153; 0,47324774879962206; 0,42883832938969135; 0,015125284902751446
-0,06013273223819836; 0,5458533274941146; 0,7686959835700691; 0,9175453945063055; 0,07329571759328246; 0,43853945145383477; 0,9925517248921096; 0,21169271180406213; 0,22236214391887188; 0,41017040237784386; 0,15873219445347786
-0,17461296761062553; 0,5854018144309521; 0,7836999171413481; 0,6509657953865826; 0,6068178066052496; 0,9094815151765943; 0,14370458433404565; 0,6852014139294624; 0,9614622364751995; 0,5028357449918985; 0,9162098257802427
-0,043145175412670246; 0,058125677052885294; 0,918869009707123; 0,646277651656419; 0,17042069137096405; 0,18307398166507483; 0,07478341879323125; 0,14452626323327422; 0,04283515922725201; 0,7952661709859967; 0,9395170891657472
-0,08840017681257617; 0,15919008804485202; 0,6032938435673714; 0,8949317955411971; 0,20615009125322104; 0,09510297421365976; 0,033221689984202385; 0,2487218645401299; 0,22424851218238473; 0,8972904812544584; 0,8928092122077942
-0,2499294626700753; 0,732894557993859; 0,7548943194560707; 0,5081629776395857; 0,1178633226081729; 0,3209924353286624; 0,5806196085177362; 0,6259794607758522; 0,8643103796057403; 0,9145957687869668; 0,39810781786218286
-0,2979832944524382; 0,7678011632524431; 0,013737233355641365; 0,9992226916365325; 0,7820955198258162; 0,47226122859865427; 0,34387178532779217; 0,8092377576977015; 0,7349543934687972; 0,9548158943653107; 0,5775019559077919
-0,25736207251602944; 0,04990784265100956; 0,61993567366153; 0,11664123507216573; 0,21670179720968008; 0,04908294044435024; 0,20238360855728388; 0,8064981354400516; 0,21802969882264733; 0,7434343569912016; 0,9672000287100673
-0,3727916485722514; 0,554147815797478; 0,23790176957845688; 0,05937432125210762; 0,16729604825377464; 0,2594517022371292; 0,27542926650494337; 0,8167902776040137; 0,39527733996510506; 0,48499332973733544; 0,18253534892573953
-0,16197355405293593; 0,218453629873693; 0,8284422429278493; 0,9264299552887678; 0,09174164105206728; 0,2670651348307729; 0,2125742956995964; 0,5620603612624109; 0,4780515725724399; 0,8027828647755086; 0,6274888855405152
-0,2887376757408177; 0,21617001667618752; 0,2576061417348683; 0,5812017484568059; 0,17661254107952118; 0,674686080776155; 0,4935223460197449; 0,6537659238092601; 0,22320141224190593; 0,33261201810091734; 0,5641604331322014
-0,39969610271756945; 0,8706032419577241; 0,980634389910847; 0,6179953422397375; 0,40681866835802794; 0,2853962159715593; 0,892567106988281; 0,8631737679243088; 0,6239440343342721; 0,6652556578628719; 0,7034619911573827
-0,010066789153331873; 0,6809640787541866; 0,9062196663580835; 0,2378730154596269; 0,2201159317046404; 0,040810754988342524; 0,11529196426272392; 0,033269522711634636; 0,9884930634871125; 0,38463548477739096; 0,3819351578131318
-0,2585419567508313; 0,2955226292833686; 0,8445677114650607; 0,001457627397030592; 0,33511196821928024; 0,1480713547207415; 0,3168688854202628; 0,6779006435535848; 0,7166568753309548; 0,824033027049154; 0,44048763904720545
-0,10764641654376665; 0,5454054507426918; 0,5407893685624003; 0,7751184813678265; 0,6587123470380902; 0,8740346762351692; 0,8625942594371736; 0,4193489677272737; 0,7876566625200212; 0,075640469789505; 0,3440766087733209
-0,1565529812334218; 0,876317226793617; 0,21407216554507613; 0,7970941965468228; 0,2493378077633679; 0,42692683544009924; 0,1940361401066184; 0,5583641394041479; 0,07979290559887886; 0,127173010725528; 0,44776216242462397
-0,2768024901887252; 0,48350774217396975; 0,01811144920065999; 0,3367908475920558; 0,13167906645685434; 0,38865067390725017; 0,43876534327864647; 0,5973224476911128; 0,07841301569715142; 0,512108935508877; 0,39764188323169947
-0,0590367298179517; 0,6721829790621996; 0,1856246367096901; 0,37601990438997746; 0,3532136152498424; 0,34004385489970446; 0,3136357916519046; 0,1514764935709536; 0,11413650773465633; 0,14018958574160933; 0,13209992088377476
-0,04623666416514258; 0,2471786104142666; 0,885811629705131; 0,8580324286594987; 0,44417589623481035; 0,4617093005217612; 0,6888558594509959; 0,1696833223104477; 0,9650855343788862; 0,07999741798266768; 0,38489581970497966
-0,439895176859126; 0,7919811909087002; 0,2616373719647527; 0,5114508923143148; 0,6406622496433556; 0,580834427382797; 0,009903404396027327; 0,9493224294856191; 0,27033519884571433; 0,36364821484312415; 0,09338223841041327
-0,051575608065225174; 0,8222647379152477; 0,19598387693986297; 0,6827940959483385; 0,5240974519401789; 0,671656068880111; 0,7745538400486112; 0,20582402031868696; 0,9112366852350533; 0,8072206596843898; 0,25452530896291137
-0,019798063463110947; 0,9501300295814872; 0,17907590931281447; 0,8225956633687019; 0,8365479274652898; 0,9725454687140882; 0,41754860151559114; 0,07823609001934528; 0,5144571210257709; 0,7485041995532811; 0,9669230324216187
-0,031542684684210266; 0,8461821479722857; 0,7559487237595022; 0,5646583726629615; 0,14679295802488923; 0,027551840990781784; 0,9091656943783164; 0,07157217059284449; 0,591974007897079; 0,9920309889130294; 0,9255868401378393
-0,13789216406800636; 0,41909686801955104; 0,6282852850854397; 0,9434139155782759; 0,5276612564921379; 0,6369073507376015; 0,7253130334429443; 0,3333884817548096; 0,45743305003270507; 0,7078606062568724; 0,48721915064379573
-0,08447441752720575; 0,9331782776862383; 0,2849359302781522; 0,30496650747954845; 0,8755002468824387; 0,16065560467541218; 0,9273767443373799; 0,1948441956192255; 0,8413376277312636; 0,9790636748075485; 0,3207691493444145
-0,030069917721758932; 0,4091558554209769; 0,6923677413724363; 0,3288427689112723; 0,9136644890531898; 0,446318166796118; 0,22727889334782958; 0,09175015287473798; 0,8126877979375422; 0,6775331068783998; 0,8770913896150887
-0,2883633018714429; 0,06842317432165146; 0,6340300710871816; 0,599555550608784; 0,18799024634063244; 0,003540020901709795; 0,864006083458662; 0,6559853716753423; 0,5936333914287388; 0,6635320484638214; 0,032564344350248575
-0,17770092258221884; 0,8521761219017208; 0,5560362008400261; 0,8091043839231133; 0,468116020783782; 0,9250968382693827; 0,6322865709662437; 0,39648926444351673; 0,6291298610158265; 0,8301352402195334; 0,5988875785842538
-0,058066430460733454; 0,9927923353388906; 0,16701847780495882; 0,8885889160446823; 0,9986093393526971; 0,23968482483178377; 0,10335991950705647; 0,1747123715467751; 0,9536262969486415; 0,0916902762837708; 0,6402198420837522
-0,15612499792713594; 0,2544883321970701; 0,6998113337904215; 0,4281629053875804; 0,8921773117035627; 0,5785890612751245; 0,06668516015633941; 0,6120472280308604; 0,33533990988507867; 0,2028278186917305; 0,6924953451380134
-0,01062232866550002; 0,32827008329331875; 0,7771419594064355; 0,5643390407785773; 0,10271744057536125; 0,012861766386777163; 0,323683300986886; 0,02685263240709901; 0,25522125884890556; 0,07833583652973175; 0,6294213980436325
-0,23765294592707015; 0,3496881756000221; 0,6614156141877174; 0,8229968012310565; 0,4891207395121455; 0,049110695254057646; 0,19031107518821955; 0,6128378030844033; 0,34452358027920127; 0,7543560438789427; 0,19342329865321517
-0,17910989462822952; 0,728213612921536; 0,46104469057172537; 0,36674201395362616; 0,30452356999740005; 0,5934158284217119; 0,8459773543290794; 0,5716440109536052; 0,45423078536987305; 0,7017980422824621; 0,8932152041234076
-0,052664644268346474; 0,8039350993931293; 0,9782939590513706; 0,0016086581163108349; 0,6695760618895292; 0,0726487459614873; 0,3879600199870765; 0,16048089927062392; 0,7819240824319422; 0,07304258272051811; 0,983436182141304
-0,09219461572010176; 0,4741449635475874; 0,8146538478322327; 0,3355063106864691; 0,7344325995072722; 0,783512351103127; 0,4437921498902142; 0,22206320334225893; 0,6065989853814244; 0,9440217786468565; 0,3838235102593899
-0,06459909102031527; 0,5721438187174499; 0,3492488651536405; 0,9458568673580885; 0,5082739917561412; 0,8128510611131787; 0,7953167627565563; 0,1453066449612379; 0,33855060022324324; 0,24552644323557615; 0,22777497582137585
-0,044405628703425515; 0,5362848844379187; 0,5231062090024352; 0,42299658013507724; 0,17542792716994882; 0,9213443864136934; 0,23703251918777823; 0,11230569239705801; 0,4629394090734422; 0,45535791432484984; 0,21972092101350427
-0,2608791222881001; 0,1421690247952938; 0,29337346740067005; 0,6791751147247851; 0,4069534563459456; 0,3975430610589683; 0,9821873735636473; 0,643257615622133; 0,7355045755393803; 0,9523912938311696; 0,5500016706064343
-0,13264431108530855; 0,29930863063782454; 0,6289091208018363; 0,17603982705622911; 0,779071154538542; 0,4441740186884999; 0,8186728972941637; 0,4833873128518462; 0,20765628013759851; 0,9311006865464151; 0,608850022777915
-0,16885034692601705; 0,108545056078583; 0,4067661873996258; 0,3891202392987907; 0,08577211108058691; 0,26057953061535954; 0,1419016793370247; 0,6731578684411943; 0,06378665752708912; 0,9714619121514261; 0,25003271037712693
-0,10116502212413304; 0,3039139281027019; 0,9951128205284476; 0,5455589420162141; 0,8549271812662482; 0,9857563087716699; 0,9934676820412278; 0,2275105956941843; 0,018855553586035967; 0,1780604743398726; 0,29896376095712185
-0,30098059154053514; 0,5290320520289242; 0,12344339350238442; 0,5955160586163402; 0,5778232347220182; 0,37635761173442006; 0,6951085734181106; 0,7047247141599655; 0,27635553758591413; 0,8809797614812851; 0,7705828277394176
-0,046820093990627094; 0,21644366951659322; 0,5334011944942176; 0,3429517885670066; 0,7039967034943402; 0,7732222815975547; 0,1690980209968984; 0,12906056689098477; 0,36047499254345894; 0,08927538245916367; 0,4296213719062507
-0,03986562777053627; 0,11096622003242373; 0,00210785586386919; 0,7522465148940682; 0,44354766653850675; 0,18353132624179125; 0,49707002099603415; 0,14904306177049875; 0,20313788298517466; 0,7668309416621923; 0,27015571808442473
-0,4459066950505187; 0,3726969566196203; 0,4242269638925791; 0,8131682523526251; 0,8218977386131883; 0,7678820565342903; 0,4714213442057371; 0,9621861791238189; 0,10846428200602531; 0,25130188511684537; 0,2518239840865135
-0,03967317846367335; 0,22638601204380393; 0,006057342514395714; 0,9165552947670221; 0,0874628173187375; 0,5525688529014587; 0,9153658035211265; 0,10924105020239949; 0,07485354272648692; 0,21583475451916456; 0,4613489178009331
-0,1864494079146247; 0,8302365937270224; 0,5397403161041439; 0,7297073761001229; 0,10850346274673939; 0,6127689424902201; 0,4580949670635164; 0,744441919028759; 0,5758341308683157; 0,991202961653471; 0,6409239596687257
-0,00372892608487011; 0,528632725123316; 0,35175806377083063; 0,3648137184791267; 0,39433173509314656; 0,2550272005610168; 0,4880530652590096; 0,014147444628179073; 0,9413414597511292; 0,9767324603162706; 0,05595464212819934
-0,0587609946708648; 0,9546362538821995; 0,8583702403120697; 0,4689578106626868; 0,9318886753171682; 0,012852725107222795; 0,16372007923200727; 0,23442137893289328; 0,3201170274987817; 0,0016970355063676834; 0,39297820441424847
-0,12535735307620302; 0,25753291603177786; 0,5325128408148885; 0,9412893652915955; 0,26597469253465533; 0,4130406556650996; 0,46444910299032927; 0,2717911838553846; 0,7154431976377964; 0,21621565893292427; 0,44115242827683687
-0,15474970806792274; 0,5830874303355813; 0,09630606789141893; 0,875991290435195; 0,91908392123878; 0,34006910072639585; 0,44751690048724413; 0,5842241514474154; 0,21799587178975344; 0,09288461366668344; 0,8988600745797157
-0,08850264020410012; 0,057775638066232204; 0,3001861800439656; 0,380771538708359; 0,35484632197767496; 0,028599075973033905; 0,5080060046166182; 0,1961188642308116; 0,8151202038861811; 0,2667806171812117; 0,6399482237175107
-0,2815191682289677; 0,2137447507120669; 0,7311505563557148; 0,6352366399951279; 0,6108255721628666; 0,084708446636796; 0,7936271210201085; 0,6174811632372439; 0,9830993469804525; 0,5857292837463319; 0,028905607294291258
-0,24955317847439887; 0,0020208521746098995; 0,5957094971090555; 0,6235440159216523; 0,664790534414351; 0,5314143388532102; 0,07138311211019754; 0,5384632786735892; 0,3694382579997182; 0,5016858847811818; 0,6338546620681882
-0,24040244599173125; 0,9336709515191615; 0,17333290306851268; 0,8716106219217181; 0,3730626218020916; 0,5985508048906922; 0,2887179530225694; 0,6011372413486242; 0,8064495837315917; 0,5078864521346986; 0,5027561993338168
-0,11849229344164655; 0,22611611802130938; 0,4260658356361091; 0,7869722214527428; 0,9293950176797807; 0,7571698799729347; 0,22282664524391294; 0,2855682079680264; 0,7611518618650734; 0,677564809564501; 0,7979994704946876
-0,06161568121183448; 0,3210698124021292; 0,27427587751299143; 0,29811334470286965; 0,8010671949014068; 0,07789564272388816; 0,8895673779770732; 0,14870008593425155; 0,4948971690610051; 0,914388875477016; 0,8636715528555214
-0,25416740515425096; 0,44550421135500073; 0,5074862618930638; 0,7524951212108135; 0,8126545590348542; 0,7795880399644375; 0,07558615086600184; 0,8049192689359188; 0,306832913774997; 0,06993220141157508; 0,8106754031032324
-0,2855598471866936; 0,47148569859564304; 0,32722570886835456; 0,4788572550751269; 0,9646002193912864; 0,08561357902362943; 0,4368840139359236; 0,6546128788031638; 0,8174425694160163; 0,5772535763680935; 0,25305822864174843
-0,32539895603026137; 0,2615313990972936; 0,5475195376202464; 0,16149274120107293; 0,16786121111363173; 0,9534060871228576; 0,15640154806897044; 0,7363194418139756; 0,32013776944950223; 0,21434413874521852; 0,31551576405763626
-0,035693453496336264; 0,08812699187546968; 0,8863899321295321; 0,1834496846422553; 0,32202027132734656; 0,24757955269888043; 0,5571372336708009; 0,0809854231774807; 0,22126186499372125; 0,04707973496988416; 0,5292156892828643
-0,18099049114557828; 0,2876203069463372; 0,33559318725019693; 0,1985514909029007; 0,377251336351037; 0,1389252175576985; 0,2348081604577601; 0,6736278375610709; 0,3135497458279133; 0,9633793942630291; 0,16202547680586576
-0,08518039634809334; 0,07347236573696136; 0,39311635540798306; 0,5730611789040267; 0,4343362422659993; 0,020444022025913; 0,479829085059464; 0,28236037911847234; 0,6399795948527753; 0,4755222634412348; 0,6954059032723308
-0,34359941221458246; 0,7359635853208601; 0,6999036599881947; 0,08468349231407046; 0,5891334395855665; 0,41658999864012003; 0,747228629887104; 0,7659503719769418; 0,8488558600656688; 0,6232857606373727; 0,44593235244974494
-0,056046756247135225; 0,11629963433369994; 0,6946718613617122; 0,32625693920999765; 0,39600787218660116; 0,33628536900505424; 0,339353421702981; 0,1591258579865098; 0,29521490866318345; 0,6641782228834927; 0,010210988577455282
-0,22725759427011347; 0,7858436163514853; 0,10470962943509221; 0,5505874929949641; 0,4061585501767695; 0,777689728885889; 0,6823832206428051; 0,7197138681076467; 0,0605350979603827; 0,49022324196994305; 0,33864814322441816
-0,027752217965466217; 0,09216235717758536; 0,8820356847718358; 0,3988795690238476; 0,7397237257100642; 0,0820229696109891; 0,6094162482768297; 0,11075057089328766; 0,32825315929949284; 0,7292603496462107; 0,19768618093803525
-0,4341154568621151; 0,9970536208711565; 0,9104122589342296; 0,8317809016443789; 0,23396057495847344; 0,20284311613067985; 0,36197850527241826; 0,9543992639519274; 0,906536522321403; 0,7132353479973972; 0,7491583935916424
-0,3098986443093757; 0,8433834314346313; 0,6589859328232706; 0,6664439644664526; 0,32196559803560376; 0,7293044226244092; 0,5365086887031794; 0,7621526438742876; 0,9529408696107566; 0,8316934378817677; 0,5973575790412724
-0,1146155250939748; 0,7213774677366018; 0,8330877935513854; 0,30794438626617193; 0,7057419400662184; 0,42313236091285944; 0,5664842459373176; 0,45603759633377194; 0,6131918085739017; 0,3884161524474621; 0,8563172961585224
-0,4271319722615009; 0,34376161778345704; 0,08466218505054712; 0,0593923619017005; 0,412199841812253; 0,2179606854915619; 0,2511116839013994; 0,9233839036896825; 0,671136430464685; 0,9979577288031578; 0,9761334699578583
-0,21408202975258417; 0,009336790069937706; 0,8349259309470654; 0,9830722394399345; 0,11619766661897302; 0,003592405468225479; 0,22185337729752064; 0,5906521491706371; 0,45076829101890326; 0,1587192970328033; 0,289444912225008
-0,15641801294551957; 0,4796236362308264; 0,14681986346840858; 0,013876284938305616; 0,5055015832185745; 0,7478772643953562; 0,20922806346789002; 0,3642776980996132; 0,599712953902781; 0,5038032080046833; 0,7929656435735524
-0,43377944963274473; 0,6153060980141163; 0,20269023161381483; 0,48306895792484283; 0,30563521664589643; 0,9632583055645227; 0,8490320644341409; 0,9398585157468915; 0,30850489204749465; 0,47487074695527554; 0,4397218762896955
-0,005135109550181532; 0,33065340295434; 0,7916521835140884; 0,23341310070827603; 0,7784754745662212; 0,7462497637607157; 0,22109782369807363; 0,018881560303270817; 0,5715477475896478; 0,49023335333913565; 0,5429665325209498
-0,03157263563536968; 0,14412038633599877; 0,18750301515683532; 0,701340870000422; 0,7806180869229138; 0,7916450276970863; 0,9767466112971306; 0,07016264414414763; 0,3862579567357898; 0,87974041281268; 0,48106653802096844
-0,17964516884924236; 0,8520378521643579; 0,7186771528795362; 0,8859646390192211; 0,6318671447224915; 0,5147504308260977; 0,9242736767046154; 0,48201209073886275; 0,7901925188489258; 0,4893106850795448; 0,46978369215503335
-0,1361736078456311; 0,16533512249588966; 0,6951867542229593; 0,841461680829525; 0,6982410307973623; 0,013265026733279228; 0,04907044395804405; 0,5434857327491045; 0,7762322034686804; 0,9347284510731697; 0,6161731388419867
-0,16203989639416477; 0,09796299180015922; 0,4019539267756045; 0,8553543970920146; 0,6644657086580992; 0,07576880371198058; 0,2784469430334866; 0,3501857668161392; 0,12749090045690536; 0,11849920591339469; 0,1034625661559403
-0,20954820970740298; 0,42817634949460626; 0,3318741894327104; 0,8970906380563974; 0,10564804682508111; 0,5650310679338872; 0,41037968546152115; 0,6940029901452363; 0,9605123503133655; 0,29682028433308005; 0,3429553797468543
-0,14528601228939306; 0,714622626081109; 0,3861090298742056; 0,796338118147105; 0,7636173712089658; 0,9751943983137608; 0,3536385572515428; 0,46870980225503445; 0,3390759374015033; 0,6097477152943611; 0,5311448224820197
-0,20532799214795813; 0,10335585847496986; 0,13260500086471438; 0,499458241276443; 0,19411039864644408; 0,524634403642267; 0,20793255185708404; 0,6584035833366215; 0,06745813321322203; 0,8964065876789391; 0,03574816370382905
-0,1600999236148567; 0,7869174848310649; 0,997999404091388; 0,8008408527821302; 0,9504274968057871; 0,6290684943087399; 0,7244056318886578; 0,4164529559202492; 0,8784489328972995; 0,07831691624596715; 0,2245535934343934
-0,010859023937146045; 0,7154342532157898; 0,2775828493759036; 0,21455492731183767; 0,9240084802731872; 0,43249332858249545; 0,33534738747403026; 0,042859351728111506; 0,7238732073456049; 0,40683745918795466; 0,9686901732347906
-0,2895057603036717; 0,23212159564718604; 0,9880000879056752; 0,6501366863958538; 0,6880810968577862; 0,908242966979742; 0,474248468875885; 0,6446427162736654; 0,14075089152902365; 0,8499313555657864; 0,8869473696686327
-0,2418758949866605; 0,4878882421180606; 0,10755498986691236; 0,4165569143369794; 0,9995964579284191; 0,6982112820260227; 0,9243367156013846; 0,6122108483687043; 0,31204697815701365; 0,07338291499763727; 0,9537894325330853
-0,07697682106873717; 0,6525435773655772; 0,9836205160245299; 0,6272665690630674; 0,03634290862828493; 0,7784931678324938; 0,2827835865318775; 0,2993318843655288; 0,1667026006616652; 0,7181987618096173; 0,8548816684633493
-0,05758775909303808; 0,6216022330336273; 0,8667405741289258; 0,7096922630444169; 0,637975602876395; 0,21267502568662167; 0,9959336421452463; 0,2255606148391962; 0,03195952204987407; 0,6916775135323405; 0,8856217730790377
-0,09527281943154044; 0,16192958503961563; 0,32372744707390666; 0,4288545693270862; 0,3107524858787656; 0,7804669705219567; 0,41732209734618664; 0,30260554049164057; 0,4065284370444715; 0,7931475434452295; 0,054442550521343946
-0,1412373052818055; 0,9848250728100538; 0,019739572424441576; 0,5710110021755099; 0,8755365768447518; 0,9643307938240469; 0,623098311945796; 0,38436801778152585; 0,6051887422800064; 0,6177697945386171; 0,10876374924555421
-0,3819648065521549; 0,33773596258834004; 0,6264275372959673; 0,06101412698626518; 0,6656865198165178; 0,3205343917943537; 0,1188938464038074; 0,8982472633942962; 0,10968805942684412; 0,23208082607015967; 0,3593054316006601
-0,32742752753789833; 0,13360039051622152; 0,6083557740785182; 0,9241300811991096; 0,42746600322425365; 0,827974381390959; 0,6312372484244406; 0,8250447688624263; 0,800990401301533; 0,6819020584225655; 0,7869111173786223
-0,16114807336356513; 0,664876873139292; 0,04003174277022481; 0,17419662838801742; 0,49103066278621554; 0,4861877067014575; 0,5452690431848168; 0,40552974259480834; 0,7334566293284297; 0,437965196557343; 0,2995777619071305
-0,3006037581005033; 0,6792128789238632; 0,03131112037226558; 0,5409569158218801; 0,3049021461047232; 0,8961985297501087; 0,8019108106382191; 0,6499850959517062; 0,5971164098009467; 0,09027328761294484; 0,5468206042423844
-0,18575110402057102; 0,025249837897717953; 0,48098091408610344; 0,5506614483892918; 0,8948974395170808; 0,33201216859743; 0,13740550726652145; 0,43616361590102315; 0,20349810924381018; 0,5809513735584915; 0,8703639414161444
-0,08310344448046535; 0,9455143683589995; 0,02147213462740183; 0,3449414330534637; 0,029777218587696552; 0,6127898409031332; 0,38197521353140473; 0,2852860148996115; 0,709918690379709; 0,8412545910105109; 0,9950096486136317
-0,421907140666024; 0,9480846677906811; 0,6818464193493128; 0,6066007055342197; 0,6380239217542112; 0,987638455349952; 0,22059182729572058; 0,9472683696076274; 0,9866269682534039; 0,6871613068506122; 0,32729063741862774
-0,007451126644265434; 0,6280940477736294; 0,7562147295102477; 0,13260608492419124; 0,22533476166427135; 0,8076132298447192; 0,7074883114546537; 0,029708831571042538; 0,2626871014945209; 0,4389534401707351; 0,17080346681177616
-0,1915049352114277; 0,9766939720138907; 0,2626730361953378; 0,7887998064979911; 0,17394993780180812; 0,5736736650578678; 0,14464868837967515; 0,6018536980263889; 0,53263801895082; 0,9756123633123934; 0,8761741989292204
-0,025117040238149688; 0,8904830422252417; 0,7355248350650072; 0,287660401314497; 0,8083708835765719; 0,5967318471521139; 0,4988851589150727; 0,09225480444729328; 0,3244296801276505; 0,8128323554992676; 0,09734561666846275
-0,011661905054807457; 0,9981125532649457; 0,7622477724216878; 0,7345150806941092; 0,9746850724332035; 0,1472528176382184; 0,945720552932471; 0,025749558582901955; 0,8491618484258652; 0,4356267610564828; 0,2864919318817556
-0,26641900865666196; 0,9505289196968079; 0,24861836433410645; 0,4746728343889117; 0,5524693210609257; 0,8185854149051011; 0,7719666413031518; 0,6094690710306168; 0,3968801093287766; 0,7624902692623436; 0,9816434178501368
-0,11192240344618505; 0,33871046686545014; 0,9921271987259388; 0,6714821462519467; 0,2145289434120059; 0,8025028072297573; 0,8201271002180874; 0,2832696991972625; 0,14819834660738707; 0,4350110702216625; 0,1256747879087925
-0,19560932298641404; 0,2935382626019418; 0,9294284088537097; 0,3913280521519482; 0,14665618119761348; 0,27089070761576295; 0,8126618880778551; 0,7721262741833925; 0,7277471795678139; 0,21151860151439905; 0,7003177003934979
-0,1765880031343794; 0,15621007326990366; 0,9393724109977484; 0,9646026282571256; 0,02102348394691944; 0,7861521993763745; 0,9245737656019628; 0,6079487772658467; 0,5647584502585232; 0,3212288930080831; 0,2188830324448645
-0,133190635112687; 0,7152410876005888; 0,5260399752296507; 0,20826388290151954; 0,2836093008518219; 0,18637218326330185; 0,9911511545069516; 0,30515881860628724; 0,8239151663146913; 0,29867670591920614; 0,3144404338672757
-0,2963266718491478; 0,9131407593376935; 0,3526626764796674; 0,6498744338750839; 0,057872031815350056; 0,9818158173002303; 0,8780208635143936; 0,7131794905290008; 0,23958820290863514; 0,017404597252607346; 0,7917957957834005
-0,20943176194674723; 0,9197229212149978; 0,4826546674594283; 0,8569221189245582; 0,5340499239973724; 0,9532735315151513; 0,9552540364675224; 0,8361474564298987; 0,8925584768876433; 0,3635458373464644; 0,9532486237585545
-0,032548540915845504; 0,3034377577714622; 0,36504432186484337; 0,5392617476172745; 0,24758130870759487; 0,012519497890025377; 0,7611919227056205; 0,1299536433070898; 0,08193330932408571; 0,7060505715198815; 0,6113520939834416
-0,09541290296575555; 0,5972215863876045; 0,251540866214782; 0,03621969511732459; 0,6006642687134445; 0,11227783048525453; 0,4781309897080064; 0,36930159060284495; 0,9333191593177617; 0,01303320936858654; 0,30535886343568563
-0,23912607945372283; 0,2687952616252005; 0,8582474291324615; 0,4119504042901099; 0,47148616751655936; 0,2632926064543426; 0,1618416365236044; 0,9276337088085711; 0,057159577030688524; 0,45544576551765203; 0,18378280149772763
-0,1932119391719602; 0,03679946390911937; 0,08892379002645612; 0,634039368480444; 0,9338084780611098; 0,7332305992022157; 0,6906888680532575; 0,5687603261321783; 0,06103015737608075; 0,11023293901234865; 0,16499831387773156
-0,24588825761063848; 0,40945978509262204; 0,604951189365238; 0,277182150632143; 0,5260369665920734; 0,48572016041725874; 0,08707209769636393; 0,9807759867981076; 0,18635100033134222; 0,574490028899163; 0,838931989390403
-0,06502167722148924; 0,5532002439722419; 0,028196804225444794; 0,10158514929935336; 0,9249864895828068; 0,5823221877217293; 0,17437437269836664; 0,23993852082639933; 0,5596615709364414; 0,5149270165711641; 0,6881024152971804
-0,32067349569489406; 0,9099349393509328; 0,28827693732455373; 0,343771964777261; 0,8260956373997033; 0,6916730897501111; 0,6165095306932926; 0,8086743224412203; 0,7673751288093626; 0,9951096652075648; 0,9956331611610949
-0,23996791959476682; 0,10644266195595264; 0,2951499386690557; 0,2821909845806658; 0,7213272764347494; 0,3669262249022722; 0,38205085322260857; 0,7658410016447306; 0,23201538436114788; 0,06892689969390631; 0,007200564257800579
-0,20454833978273115; 0,7083084490150213; 0,6436556479893625; 0,6125540067441761; 0,1350419856607914; 0,04479255713522434; 0,6047288766130805; 0,5223169326782227; 0,2126833633519709; 0,5019807131029665; 0,4052641587331891
-0,04872792990664572; 0,3426655647344887; 0,946204767562449; 0,48540581902489066; 0,876019976567477; 0,4418250978924334; 0,31956390384584665; 0,19383939448744059; 0,7809121087193489; 0,4248182410374284; 0,29170736856758595
-0,17443972095267415; 0,5012682629749179; 0,03483236487954855; 0,38419912150129676; 0,2597031258046627; 0,35887233493849635; 0,017028446774929762; 0,6925135357305408; 0,17415810050442815; 0,5609808750450611; 0,3352583507075906
-0,22249248520649426; 0,6285309572704136; 0,13262883480638266; 0,3028748636133969; 0,5096814730204642; 0,09856806322932243; 0,655312723480165; 0,636345133651048; 0,9459991808980703; 0,20648820232599974; 0,5281585957854986
-0,08932383419540803; 0,09891107259318233; 0,5112603968009353; 0,33061947766691446; 0,47090086666867137; 0,9441704591736197; 0,4898909628391266; 0,19663209142163396; 0,17349197389557958; 0,4598647737875581; 0,2620010329410434
-0,2520667143582767; 0,7621642625890672; 0,6321702706627548; 0,09865398006513715; 0,7831527572125196; 0,8861183528788388; 0,9269217806868255; 0,9921975187025964; 0,8233365034684539; 0,9570505432784557; 0,29693688079714775
-0,12447773875945074; 0,7177638853900135; 0,33557437965646386; 0,6681484030559659; 0,777620839420706; 0,5434244405478239; 0,6230388511903584; 0,4167647357098758; 0,2371076405979693; 0,3442817125469446; 0,2380685000680387
-0,17823808263314525; 0,8676586225628853; 0,4793890859000385; 0,20728006027638912; 0,5946627487428486; 0,6916082883253694; 0,015482750721275806; 0,7075711404904723; 0,9485630304552615; 0,1676905881613493; 0,6124029224738479
-0,3654756816791533; 0,20028590224683285; 0,4101083716377616; 0,17376998765394092; 0,5100977187976241; 0,6199154388159513; 0,06307896552607417; 0,8635375024750829; 0,9441753719002008; 0,9695878103375435; 0,7760005462914705
-0,22024784596894667; 0,6160546694882214; 0,7755670486949384; 0,537890016566962; 0,4420738648623228; 0,2646443275734782; 0,8469519694335759; 0,7820729683153331; 0,8992438688874245; 0,347371619194746; 0,05730696162208915
-0,3558638624577619; 0,40823129238560796; 0,1569975004531443; 0,10220394004136324; 0,28723717015236616; 0,18620901694521308; 0,5071350792422891; 0,7929595564492047; 0,7519219256937504; 0,7090637786313891; 0,6625631977804005
-0,06620067014821389; 0,5995643376372755; 0,7169734640046954; 0,16485525015741587; 0,4297646386548877; 0,12271128362044692; 0,9555634269490838; 0,2567247389815748; 0,025551084894686937; 0,28763310704380274; 0,258901244495064
-0,03784215604525478; 0,7765044984407723; 0,5788646591827273; 0,8061378812417388; 0,7175298347137868; 0,21491081546992064; 0,12854777090251446; 0,08952886331826448; 0,12946504121646285; 0,20748442271724343; 0,3148813620209694
-0,2060853423072489; 0,1165125579573214; 0,09773601405322552; 0,7552481591701508; 0,4413871825672686; 0,951357560697943; 0,7594010811299086; 0,7414098838344216; 0,22933867340907454; 0,6599346436560154; 0,16705531906336546
-0,030061393632966213; 0,9983318205922842; 0,4148238515481353; 0,2859356366097927; 0,2652228306978941; 0,15809954330325127; 0,8028419851325452; 0,11319039482623339; 0,4505088902078569; 0,5722348750568926; 0,39996713725849986
-0,4056864825598151; 0,6642932808026671; 0,49186929082497954; 0,004085293971002102; 0,27661757078021765; 0,5857457080855966; 0,6917424332350492; 0,9282179241999984; 0,1594171584583819; 0,14942133612930775; 0,14878470823168755
-0,14902925149975182; 0,2152947331778705; 0,38291403790935874; 0,2761689396575093; 0,836860139388591; 0,04900168348103762; 0,3589927749708295; 0,5215590884909034; 0,6883480828255415; 0,8987431721761823; 0,5430333353579044
-0,163287349065093; 0,1603031475096941; 0,14284166786819696; 0,3847923227585852; 0,7888765670359135; 0,6742251380346715; 0,009914976544678211; 0,4281058833003044; 0,22937694611027837; 0,27528364723548293; 0,042729862965643406
-0,4160255645902884; 0,6445368980057538; 0,36653924407437444; 0,8662941348738968; 0,33001906936988235; 0,9499160768464208; 0,012350817676633596; 0,9590580468066037; 0,25104034412652254; 0,8688736693002284; 0,5915077617391944
-0,05877256301306666; 0,26798816537484527; 0,1476944307796657; 0,5547237126156688; 0,44524609204381704; 0,882959655020386; 0,738090543076396; 0,12721766997128725; 0,5543329040519893; 0,13831572514027357; 0,010621821507811546
-0,29126038696957274; 0,6570115936920047; 0,38678077002987266; 0,0167977144010365; 0,7766472208313644; 0,881098810583353; 0,6378792240284383; 0,7566743358038366; 0,5854870053008199; 0,037010038271546364; 0,7953225364908576
-0,00801350491088659; 0,6289665140211582; 0,15490836557000875; 0,8983264407142997; 0,9861536244861782; 0,25905464263632894; 0,14072680985555053; 0,019957390148192644; 0,36214422760531306; 0,582287504337728; 0,5211107479408383
-0,4281880183304493; 0,37423123186454177; 0,6574852564372122; 0,7267229086719453; 0,010878369212150574; 0,19445791840553284; 0,1175792939029634; 0,9448937736451626; 0,7033683583140373; 0,7273259828798473; 0,41237374814227223
-0,028725149454743543; 0,7376692141406238; 0,4629629976116121; 0,36261290311813354; 0,7431326606310904; 0,7381000071763992; 0,9368050037883222; 0,07182414410635829; 0,263763839378953; 0,3694476946257055; 0,13533369824290276
-0,24544508350611097; 0,16121802711859345; 0,3536285860463977; 0,6448236452415586; 0,6812872430309653; 0,6700105438940227; 0,7904398301616311; 0,9657237869687378; 0,12109878612682223; 0,6073694969527423; 0,5083087659440935
-0,37276105294635764; 0,7237541740760207; 0,6444361764006317; 0,8572294819168746; 0,363195747602731; 0,8578432248905301; 0,6921355864033103; 0,9423482497222722; 0,49762165220454335; 0,4729061252437532; 0,7131527075544
-0,1780989230578941; 0,6653048601001501; 0,9585650153458118; 0,056874936912208796; 0,18862240063026547; 0,06401301734149456; 0,7537274584174156; 0,7103202897123992; 0,7874161619693041; 0,752928311470896; 0,6383390324190259
-0,05826573781487405; 0,6711954870261252; 0,7654775087721646; 0,9851234960369766; 0,061882582027465105; 0,24429136607795954; 0,30717426957562566; 0,23258883226662874; 0,5376808079890907; 0,9700471754185855; 0,6304663750343025
-0,2629363470019443; 0,800908678676933; 0,435903447214514; 0,24422858376055956; 0,6817489052191377; 0,1281683431006968; 0,9550769715569913; 0,894394516479224; 0,44585323240607977; 0,18235410377383232; 0,14354143245145679
-0,07895968047208365; 0,47405076352879405; 0,06809379672631621; 0,2872528452426195; 0,5855567730031908; 0,2118884213268757; 0,32409402169287205; 0,3135442193597555; 0,9899519593454897; 0,2191335833631456; 0,8304726812057197
-0,15956494186532683; 0,651707808021456; 0,1904797567985952; 0,7546539292670786; 0,8571649771183729; 0,805546953342855; 0,8967543551698327; 0,637091510463506; 0,006264720112085342; 0,047723899595439434; 0,39554117573425174
-0,2875755839434389; 0,016922565177083015; 0,8149113361723721; 0,37515029264613986; 0,0830414961092174; 0,7264294303022325; 0,5955470716580749; 0,7132757613435388; 0,7010348169133067; 0,6903081764467061; 0,530597778968513
-0,34670523362721994; 0,9721561628393829; 0,9512797063216567; 0,5117934397421777; 0,6833504349924624; 0,6870308895595372; 0,3911997494287789; 0,7526530893519521; 0,9340441464446485; 0,29425075417384505; 0,013386224396526814
-0,0465658555840041; 0,6741532650776207; 0,6822634753771126; 0,2703270697966218; 0,17206915840506554; 0,16761212702840567; 0,7583905127830803; 0,15150210727006197; 0,43075639102607965; 0,00695313885807991; 0,9219504245556891
-0,14279463860349975; 0,5510396379977465; 0,825696796644479; 0,9371564723551273; 0,14327142527326941; 0,18676069844514132; 0,978863247204572; 0,368151075206697; 0,0688573201186955; 0,25915763853117824; 0,05766487820073962
-0,13498174643923233; 0,6578965252265334; 0,7414378225803375; 0,2428128570318222; 0,16401575738564134; 0,867687813937664; 0,0852235839702189; 0,4272190318442881; 0,633089610375464; 0,4829957070760429; 0,9037351994775236
-0,4304575953282924; 0,47788169188424945; 0,28610475175082684; 0,11753396550193429; 0,1326662222854793; 0,9093511835671961; 0,3164767590351403; 0,9769937423989177; 0,4070814270526171; 0,8462791349738836; 0,6763225309550762
-0,37303526935800124; 0,7079989747144282; 0,43449009396135807; 0,603829825296998; 0,17493581445887685; 0,3862959989346564; 0,8499366566538811; 0,9043684853240848; 0,5609739664942026; 0,8062196322716773; 0,7385865272954106
-0,3976015969189883; 0,4955125250853598; 0,18739573005586863; 0,7625592071563005; 0,871882735285908; 0,4301554593257606; 0,5325336684472859; 0,9481939496472478; 0,6891207983717322; 0,16686556581407785; 0,010893918573856354
-0,22422367401507887; 0,09308709064498544; 0,9672373170033097; 0,3755108490586281; 0,17640328127890825; 0,6220434429123998; 0,556038158480078; 0,8936650366522372; 0,5570594863966107; 0,8755192863754928; 0,6682526292279363
-0,17536184361317886; 0,4641490816138685; 0,13486702600494027; 0,8206421276554465; 0,9294031821191311; 0,0315122832544148; 0,11977834580466151; 0,379203244112432; 0,9007342872209847; 0,4004675825126469; 0,21541287889704108
-0,03239475109522257; 0,7987267170101404; 0,6233051717281342; 0,816438274923712; 0,798234548419714; 0,7966855932027102; 0,8206728906370699; 0,07077247509732842; 0,0919216088950634; 0,2563263098709285; 0,1800114493817091
-0,27301721516763927; 0,803724099881947; 0,6034491322934628; 0,18601313419640064; 0,6635086219757795; 0,3875558921135962; 0,1451671626418829; 0,9925639764405787; 0,5436497298069298; 0,37171822413802147; 0,21508625894784927
-0,1418836279985229; 0,051968039479106665; 0,8849008930847049; 0,9799768105149269; 0,7021057452075183; 0,815119219943881; 0,45868515875190496; 0,4399760481901467; 0,1712746829725802; 0,6553874309174716; 0,6938875298947096
-0,37775895613946836; 0,8214695551432669; 0,239243283867836; 0,6314625181257725; 0,02062287926673889; 0,5317652537487447; 0,29970579175278544; 0,8153565707616508; 0,9084733915515244; 0,4338756916113198; 0,9337938376702368
-0,3135748959001897; 0,9026692509651184; 0,5129917017184198; 0,4977467739954591; 0,9687803047709167; 0,7068030373193324; 0,6752752619795501; 0,6875965083017945; 0,2776362760923803; 0,4825335005298257; 0,12775522377341986
-0,02627377051570903; 0,6353965243324637; 0,48526347894221544; 0,2401487841270864; 0,7257843101397157; 0,31753367744386196; 0,9846148858778179; 0,07317407708615065; 0,7603496978990734; 0,8668392561376095; 0,36577731976285577
-0,22454957993262678; 0,5766071104444563; 0,38651644065976143; 0,9644278478808701; 0,7136048562824726; 0,7557012345641851; 0,21335763344541192; 0,8959296764805913; 0,14165017008781433; 0,2863165554590523; 0,5460213893093169
-0,11329944390106453; 0,701269865501672; 0,5606142794713378; 0,6511969575658441; 0,42872692784294486; 0,9283406436443329; 0,2533244122751057; 0,25264516565948725; 0,14226996386423707; 0,956057152710855; 0,47810288704931736
-0,15196472817618079; 0,31725882599130273; 0,16908720368519425; 0,8719183481298387; 0,5100782685913146; 0,4245993969962001; 0,0546679375693202; 0,3865419472567737; 0,2604250027798116; 0,7333847256377339; 0,25792846642434597
-0,011746614379690422; 0,5097590680234134; 0,5995421521365643; 0,856571335811168; 0,6444995389319956; 0,8572301254607737; 0,6232447465881705; 0,028555679135024548; 0,3033269578590989; 0,05423582065850496; 0,9576912526972592
-0,12699569785664713; 0,5331799029372633; 0,9455065410584211; 0,9287222572602332; 0,26289284229278564; 0,22110159788280725; 0,6864448990672827; 0,2753456626087427; 0,3848426090553403; 0,5395113667473197; 0,9454980930313468
-0,008512395178440903; 0,36209738813340664; 0,09034846350550652; 0,4649803270585835; 0,8939584470354021; 0,16783343954011798; 0,2083155889995396; 0,02330765314400196; 0,19808846805244684; 0,6323225116357207; 0,20414578868076205
-0,12384730142125754; 0,5425990675576031; 0,09240367030724883; 0,2821655860170722; 0,4197130836546421; 0,8674221280962229; 0,9634329401887953; 0,36792655335739255; 0,6531285801902413; 0,010169500950723886; 0,9083172623068094
-0,25376259114064; 0,20728223118931055; 0,0367023004218936; 0,8498755423352122; 0,043243433348834515; 0,7349084373563528; 0,6248649512417614; 0,8035922721028328; 0,34061155328527093; 0,9886436946690083; 0,855288268532604
-0,17983114362235533; 0,8419398814439774; 0,07401243830099702; 0,31885012332350016; 0,16527815395966172; 0,7173081701621413; 0,21495970524847507; 0,40131174866110086; 0,19529339717701077; 0,5466982577927411; 0,5046891001984477
-0,25193670446879474; 0,019110721070319414; 0,7544401292689145; 0,912723399233073; 0,9528854805976152; 0,8309165621176362; 0,014327040873467922; 0,665136753115803; 0,8580895788036287; 0,7223363043740392; 0,9274275884963572
-0,2299325915450606; 0,4590338529087603; 0,9403815823607147; 0,06626727525144815; 0,6368521871045232; 0,8050417378544807; 0,8456247830763459; 0,49623054498806596; 0,5979496985673904; 0,9366846950724721; 0,8801864879205823
-0,13301425504369133; 0,847105820197612; 0,8479330656118691; 0,3863572673872113; 0,11308864364400506; 0,10262579703703523; 0,3212592536583543; 0,4513604696840048; 0,9608777319081128; 0,7655015084892511; 0,37971082888543606
-0,3617310749231889; 0,4386180774308741; 0,3946854742243886; 0,09668024349957705; 0,8667707848362625; 0,9048808659426868; 0,8213226506486535; 0,7961431853473186; 0,19643510226160288; 0,898798608686775; 0,14468927355483174
-0,34103564600929387; 0,4365303609520197; 0,06796379527077079; 0,29482743656262755; 0,24166858196258545; 0,3195903687737882; 0,44161188416182995; 0,9552791826426983; 0,15018846793100238; 0,9456146755255759; 0,9132619295269251
-0,005694081675712179; 0,4597604302689433; 0,7712814109399915; 0,6577211199328303; 0,11467326432466507; 0,995770885143429; 0,6811255291104317; 0,0190282273106277; 0,752221595030278; 0,4117882251739502; 0,21329356404021382
-0,2747514616517437; 0,7968223220668733; 0,5268562766723335; 0,722963550593704; 0,36001916555687785; 0,45154939591884613; 0,9553586393594742; 0,9277862547896802; 0,8754661600105464; 0,34323856979608536; 0,18837854079902172
-0,07405892530708619; 0,7792884889058769; 0,820607126224786; 0,463686800096184; 0,5465518473647535; 0,7156222662888467; 0,9963383628055453; 0,16063102521002293; 0,9559862497262657; 0,8576232031919062; 0,6479092985391617
-0,09498055934378158; 0,4569244268350303; 0,3650746000930667; 0,9366367813199759; 0,6260813032276928; 0,07793236011639237; 0,8878924841992557; 0,21563635068014264; 0,6251463168300688; 0,1579953394830227; 0,6753737987019122
-0,19540248326827303; 0,02324144635349512; 0,9086970961652696; 0,3257903126068413; 0,8335846420377493; 0,28216868406161666; 0,6349721793085337; 0,7753356778994203; 0,2404552991501987; 0,584905787371099; 0,3582210340537131
-0,17612423470904082; 0,49945829762145877; 0,19457481428980827; 0,27759615844115615; 0,7446406446397305; 0,1332624601200223; 0,43218497931957245; 0,6763590928167105; 0,07852223701775074; 0,8638612483628094; 0,6857957863248885
-0,021682968124416346; 0,1787497098557651; 0,9076038016937673; 0,021568707190454006; 0,15906658163294196; 0,06275132019072771; 0,24092507176101208; 0,07897484069690108; 0,9758338145911694; 0,420168527867645; 0,23616350768133998
-0,25701852772454825; 0,5835671625100076; 0,9266511173918843; 0,023725952487438917; 0,575247154571116; 0,13997327582910657; 0,02647178154438734; 0,5917723728343844; 0,12346449540928006; 0,5880221598781645; 0,651003266684711
-0,30867488337731286; 0,7639989443123341; 0,024405892472714186; 0,8303817613050342; 0,19895944464951754; 0,3570561087690294; 0,6488897171802819; 0,9256087900139391; 0,6537769548594952; 0,7346990765072405; 0,9622222390025854
-0,305038299335099; 0,7440976151265204; 0,9648628812283278; 0,8902787524275482; 0,7049602400511503; 0,8872223277576268; 0,12052504671737552; 0,7184635223820806; 0,7571220970712602; 0,16451719356700778; 0,8783214557915926
-0,14714406032198893; 0,24278318835422397; 0,4087779363617301; 0,6762660094536841; 0,5021592630073428; 0,5308077023364604; 0,7592544816434383; 0,5672161737456918; 0,4893700433894992; 0,8833064390346408; 0,8331794645637274
-0,15929053644115698; 0,9253772497177124; 0,6648283773101866; 0,28915297193452716; 0,7743615340441465; 0,02798306755721569; 0,23697258299216628; 0,3462570533156395; 0,4797268812544644; 0,20119363209232688; 0,3736522672697902
-0,2272381165964061; 0,14480621088296175; 0,14771385584026575; 0,1132986331358552; 0,49856835696846247; 0,7936666756868362; 0,4170912397094071; 0,4953355295583606; 0,06803369428962469; 0,7150248987600207; 0,9354560938663781
-0,17005691348483407; 0,8857675264589489; 0,6555275907739997; 0,3077983008697629; 0,4449685891158879; 0,6193776335567236; 0,7392894742079079; 0,6735423468053341; 0,5861710738390684; 0,457534397020936; 0,8450727155432105
-0,4478060555148952; 0,12045620428398252; 0,9502067673020065; 0,5033214441500604; 0,9281291211955249; 0,2592552248388529; 0,7145150443539023; 0,9808789738453925; 0,8450565095990896; 0,43301878636702895; 0,544871018268168
-0,19285495190025587; 0,6497974661178887; 0,8262445027939975; 0,4313858952373266; 0,0006697089411318302; 0,434052056632936; 0,6073704776354134; 0,5564728402532637; 0,8129743440076709; 0,3118679434992373; 0,19473234610632062
-0,08718125542844682; 0,08793549286201596; 0,2461573053151369; 0,772323977202177; 0,2276301863603294; 0,2314488673582673; 0,140749033074826; 0,34746008180081844; 0,298416405916214; 0,46781228156760335; 0,0728909345343709
-0,05578078632016385; 0,8271013265475631; 0,7132810610346496; 0,8296663807705045; 0,5051133162342012; 0,7091647707857192; 0,8119378504343331; 0,20072847418487072; 0,7931811232119799; 0,13271232694387436; 0,21266825962811708
-0,3770039546780362; 0,0730093908496201; 0,7119332938455045; 0,36001165956258774; 0,8771879961714149; 0,4623138941824436; 0,7917802366428077; 0,8525599539279938; 0,2518051378428936; 0,9030005694366992; 0,7349115079268813
-0,06484506453936861; 0,42686398467049; 0,6197992605157197; 0,1265214397571981; 0,5221721748821437; 0,871508264914155; 0,09435177640989423; 0,14387852791696787; 0,7814908628351986; 0,8056937456130981; 0,9248684369958937
-0,11676516571003903; 0,3762982594780624; 0,8384480471722782; 0,09260170720517635; 0,858664145693183; 0,07772516645491123; 0,8771365350112319; 0,3261130847968161; 0,010547262616455555; 0,2468877136707306; 0,7463425765745342
-0,10840841487441444; 0,054496624041348696; 0,5901886932551861; 0,038968166802078485; 0,20556701812893152; 0,6373366783373058; 0,5069064684212208; 0,27906782599166036; 0,44809041591361165; 0,572362688370049; 0,2152928956784308
-0,03342785156648072; 0,9658907554112375; 0,20455581322312355; 0,5804516118951142; 0,28176986146718264; 0,6068686940707266; 0,25373435486108065; 0,08952468307688832; 0,3051629834808409; 0,03899081330746412; 0,9259379194118083
-0,2181448990536193; 0,6370947170071304; 0,08585715247318149; 0,7801516726613045; 0,4733657967299223; 0,1183677539229393; 0,8736584251746535; 0,8447053311392665; 0,8285665330477059; 0,6325384397059679; 0,24795358534902334
-0,02912097768998478; 0,07308757398277521; 0,12853638036176562; 0,9395763128995895; 0,00035673705860972404; 0,7419258928857744; 0,6367672025226057; 0,07685973215848207; 0,6563906813971698; 0,39055434660986066; 0,8443151800893247
-0,06890070222500602; 0,6379648898728192; 0,2635611514560878; 0,979733875952661; 0,044123148545622826; 0,14602825231850147; 0,6384102823212743; 0,15068821283057332; 0,44022683007642627; 0,2665023417212069; 0,5638997298665345
-0,1766746805298686; 0,16978545347228646; 0,8067069384269416; 0,2530544796027243; 0,04691559309139848; 0,6196208852343261; 0,4460927308537066; 0,4476292454637587; 0,42096574092283845; 0,06233556289225817; 0,8915677745826542
-0,1720991787561726; 0,1592141785658896; 0,3751194253563881; 0,77583849709481; 0,8003510916605592; 0,9650604128837585; 0,6593382698483765; 0,52214281167835; 0,3433115337975323; 0,8201282052323222; 0,17149235773831606
-0,19845646487358984; 0,9634486031718552; 0,7268696478568017; 0,9600988524034619; 0,9114055307582021; 0,229216399602592; 0,12759827775880694; 0,6154850549064577; 0,9779917630366981; 0,686736867763102; 0,8600431876257062
-0,23026641709896814; 0,7608767584897578; 0,8353609568439424; 0,08279386628419161; 0,5929381279274821; 0,07049163011834025; 0,09149716747924685; 0,5510830050334334; 0,30177012644708157; 0,011458140332251787; 0,4654990420676768
-0,307713576909222; 0,3950041914358735; 0,18118146434426308; 0,35411105025559664; 0,48099578032270074; 0,9076471338048577; 0,7866173363290727; 0,6668543769046664; 0,7721545086242259; 0,9424549327231944; 0,7741040783002973
-0,006601172235551304; 0,8564306446351111; 0,2552788434550166; 0,5782203050330281; 0,061713348608464; 0,17430653516203165; 0,6402921783737838; 0,02634306065738201; 0,4162457440979779; 0,7346963612362742; 0,3068248853087425
-0,03780352429402861; 0,7328866799362004; 0,6587741724215448; 0,7415847405791283; 0,5737502966076136; 0,8575148396193981; 0,3506499254144728; 0,1507782144472003; 0,7481352598406374; 0,33333498518913984; 0,1773292003199458
-0,17236057608199704; 0,7544706636108458; 0,3140590596012771; 0,6846605981700122; 0,6629062909632921; 0,30707435868680477; 0,1835667472332716; 0,685273498762399; 0,6523760622367263; 0,04036501236259937; 0,8345269411802292
-0,002002859775408225; 0,04587292345240712; 0,7382124899886549; 0,1129591716453433; 0,8318880046717823; 0,17648911848664284; 0,29005668219178915; 0,006887628696858883; 0,37768726563081145; 0,2495247246697545; 0,48776862444356084
-0,31293625975801004; 0,39889822667464614; 0,5260128411464393; 0,7446382390335202; 0,194545635022223; 0,6515127518214285; 0,40468748146668077; 0,8648670352995396; 0,5001118197105825; 0,4197563505731523; 0,7521620453335345
-0,02325753032434921; 0,13819572096690536; 0,5956599991768599; 0,3593432358466089; 0,9622442764230072; 0,825376202352345; 0,6372691486030817; 0,0906672477722168; 0,3012044280767441; 0,7540811179205775; 0,26265779649838805
-0,06962047558708825; 0,9782819170504808; 0,41854561772197485; 0,9418079555034637; 0,3705481323413551; 0,12762368889525533; 0,397377741523087; 0,2778218574821949; 0,9747943845577538; 0,5304160458035767; 0,21734043629840016
-0,3698275397243542; 0,5455928449518979; 0,07130742305889726; 0,8691684659570456; 0,9568271460011601; 0,12605546414852142; 0,22948519280180335; 0,9158711419440806; 0,5394541169516742; 0,5079886666499078; 0,27014039689674973
-0,43307792722714245; 0,10231004701927304; 0,36425476521253586; 0,5105979391373694; 0,9754234431311488; 0,39438377786427736; 0,7775562643073499; 0,9407181567512453; 0,6405446138232946; 0,4588013901375234; 0,8622240466065705
-0,09993025928515716; 0,7312348121777177; 0,7984061315655708; 0,09700152836740017; 0,06979475682601333; 0,23202079441398382; 0,8288333956152201; 0,39831209974363446; 0,5205854498781264; 0,5761949140578508; 0,2087395926937461
-0,29038179709222445; 0,9297293075360358; 0,2631563781760633; 0,8606610461138189; 0,5892429882660508; 0,42496625892817974; 0,8734966069459915; 0,6287410585209727; 0,9471650100313127; 0,7900152406655252; 0,9975189659744501
-0,07906576455481573; 0,9678595666773617; 0,8075262815691531; 0,9658097983337939; 0,8879272011108696; 0,2205862207338214; 0,15054938988760114; 0,17097088461741805; 0,6894953767769039; 0,29573114681988955; 0,2440147972665727
-0,42951198739582847; 0,18858285248279572; 0,5908871670253575; 0,458374363835901; 0,9556891680695117; 0,950488967821002; 0,2760958671569824; 0,9509115717373788; 0,27805721620097756; 0,17533214949071407; 0,10442942287772894
-0,3475451569689746; 0,6243787547573447; 0,6866346700116992; 0,5921539580449462; 0,3281075246632099; 0,46590848127380013; 0,8838876383379102; 0,8077897294424474; 0,41903910506516695; 0,19682716205716133; 0,8880992298945785
-0,14137830094320522; 0,4666084828786552; 0,17680780217051506; 0,01597577566280961; 0,20594570320099592; 0,8715116684325039; 0,9076352170668542; 0,3519214824773371; 0,6582252266816795; 0,6738616931252182; 0,5728514678776264
-0,05878283018119446; 0,4585286621004343; 0,8431125301867723; 0,41968319518491626; 0,7903014877811074; 0,6846347162500024; 0,7821718519553542; 0,12685323832556605; 0,39058720832690597; 0,9255858110263944; 0,7761961286887527
-0,20436386751843455; 0,17784398049116135; 0,636153016705066; 0,8391753612086177; 0,7121719494462013; 0,6394681120291352; 0,8417945047840476; 0,6262029884383082; 0,5668068830855191; 0,5775392078794539; 0,7316594393923879
-0,33546389715940333; 0,42725285282358527; 0,18049783073365688; 0,44268483482301235; 0,7327461796812713; 0,8322905139066279; 0,3261080891825259; 0,7407204895280302; 0,6723069422878325; 0,994929067324847; 0,4484158051200211
-0,12357336552605255; 0,19059418281540275; 0,49973422521725297; 0,1108424928970635; 0,20904653426259756; 0,32064958568662405; 0,3451499231159687; 0,2666784571483731; 0,317424934823066; 0,6955062858760357; 0,21539632184430957
-0,16604602226858745; 0,35299013648182154; 0,11055954871699214; 0,7931979233399034; 0,8614699756726623; 0,41841102531179786; 0,1022247658111155; 0,6628480846993625; 0,2458648825995624; 0,6972669386304915; 0,9486929229460657
-0,23990852490541834; 0,8478540577925742; 0,4347351351752877; 0,8624357506632805; 0,7592045264318585; 0,4896886986680329; 0,2705974020063877; 0,8657569172792137; 0,7741731824353337; 0,35583828669041395; 0,19065850228071213
-0,12393352781514266; 0,9896050971001387; 0,7327393852174282; 0,12756395898759365; 0,401714984793216; 0,17908672662451863; 0,19198851054534316; 0,31515587912872434; 0,5075827310793102; 0,4092567344196141; 0,4127022372558713
-0,2475821686332733; 0,2865308513864875; 0,30524288304150105; 0,061598819214850664; 0,31997642759233713; 0,7832920290529728; 0,6479915035888553; 0,5529146199114621; 0,5769212725572288; 0,45432117441669106; 0,778137578163296
-0,13782191886152365; 0,08564502699300647; 0,05714106559753418; 0,038241630885750055; 0,4361690762452781; 0,11181128025054932; 0,07946237130090594; 0,3023248412646353; 0,3977380390278995; 0,5194741445593536; 0,17639884212985635
-0,0829274229002955; 0,2866235701367259; 0,7383030368946493; 0,8538318257778883; 0,7074247281998396; 0,98629344208166; 0,291606264654547; 0,2052416573278606; 0,31109490944072604; 0,3676608125679195; 0,1305679497309029
-0,07953531881889346; 0,25090904673561454; 0,06877810601145029; 0,7149142166599631; 0,9379200395196676; 0,4263703818432987; 0,6523278462700546; 0,20545069547370076; 0,09605649067088962; 0,25475466065108776; 0,06715985853224993
-0,0770675946754495; 0,9025167287327349; 0,2792724585160613; 0,7284516734071076; 0,1320067592896521; 0,6164117041043937; 0,1570730907842517; 0,3020406006835401; 0,20481325825676322; 0,75032555218786; 0,2780494918115437
-0,367186368171757; 0,6207085456699133; 0,8746820888482034; 0,7040119026787579; 0,5044319904409349; 0,16172081464901567; 0,6849622675217688; 0,7928687212988734; 0,3512275889515877; 0,27285681990906596; 0,1547394022345543
-0,11769931461320347; 0,15202726749703288; 0,18118147505447268; 0,6474034329876304; 0,42159378016367555; 0,09143590414896607; 0,2165132537484169; 0,4503928222693503; 0,457664305344224; 0,1315251961350441; 0,4915742492303252
-0,43737761383216733; 0,40628820192068815; 0,3435439597815275; 0,16870556864887476; 0,9116048105061054; 0,5826277113519609; 0,3199568288400769; 0,9697216311469674; 0,8985894313082099; 0,28986921440809965; 0,3722921567969024
-0,07756158445957667; 0,3559319260530174; 0,9457060853019357; 0,11795883346349001; 0,20740264747291803; 0,615136340726167; 0,6250939522869885; 0,16736440220847726; 0,8615659815259278; 0,5478199576027691; 0,11292459024116397
-0,2711856096922717; 0,9569842023774981; 0,329710581805557; 0,2161777662113309; 0,43713298812508583; 0,4858071976341307; 0,0902729476802051; 0,6042452165856957; 0,7951184627600014; 0,35012486670166254; 0,6847845832817256
-0,41900920719336876; 0,29494883166626096; 0,9050313499756157; 0,6914398614317179; 0,4327073050662875; 0,16851411061361432; 0,3003926887176931; 0,9291294813156128; 0,6772488839924335; 0,6077933576889336; 0,8840082134120166
-0,28866193233472914; 0,8352607246488333; 0,47035261150449514; 0,1305501409806311; 0,6887298123911023; 0,9722759802825749; 0,7832755753770471; 0,7042995439842343; 0,5036355219781399; 0,25549434358254075; 0,6757486453279853
-0,19603781857912853; 0,4987516808323562; 0,5497626909054816; 0,5519196661189198; 0,8088786667212844; 0,7547587193548679; 0,6448506829328835; 0,4857855956070125; 0,150213242508471; 0,3468759963288903; 0,35796766355633736
-0,0678872389135319; 0,7731741056777537; 0,25048160599544644; 0,49220689944922924; 0,2334219915792346; 0,5409074877388775; 0,21233791438862681; 0,257893456146121; 0,4596265400759876; 0,2219536416232586; 0,8177799922414124
-0,06406299823467365; 0,7198318871669471; 0,614810130558908; 0,17045627254992723; 0,16706763301044703; 0,6414354452863336; 0,0956886438652873; 0,16702300729230046; 0,1543824295513332; 0,16925809299573302; 0,7954559689387679
-0,11598115937155386; 0,9431671160273254; 0,9771621497347951; 0,44542243517935276; 0,6267622308805585; 0,7943286378867924; 0,0424451120197773; 0,2546748868189752; 0,4787628185003996; 0,47344513377174735; 0,6230331431142986
-0,27479281925302707; 0,2983729261904955; 0,7131476583890617; 0,3236963953822851; 0,20327308494597673; 0,40794203197583556; 0,34784248378127813; 0,8918421268463135; 0,6156658474355936; 0,5114949117414653; 0,72812076844275
-0,13147876842277764; 0,13115715235471725; 0,3721796413883567; 0,3402548390440643; 0,8634810582734644; 0,37591820769011974; 0,028516532853245735; 0,5246849986724555; 0,19593749707564712; 0,7029154836200178; 0,8212796477600932
-0,2931188236053216; 0,8570950301364064; 0,6859502741135657; 0,5602853023447096; 0,6539425496011972; 0,15695469174534082; 0,33093172777444124; 0,6796380584128201; 0,3019716632552445; 0,08324412629008293; 0,9984598373994231
-0,2622202449291842; 0,7078870530240238; 0,5364646967500448; 0,9045662577264011; 0,7565833404660225; 0,7082076105289161; 0,5751874293200672; 0,9726498685777187; 0,2636093934997916; 0,6217505158856511; 0,9633989566937089
-0,08999457499806028; 0,9491731123998761; 0,4341944269835949; 0,6586706810630858; 0,3330194531008601; 0,30745721282437444; 0,10612074472010136; 0,28045376809313893; 0,08108713570982218; 0,9637091145850718; 0,7188220317475498
-0,24717091076200667; 0,6303357062861323; 0,6429669265635312; 0,9937852676957846; 0,3874820997007191; 0,18484181305393577; 0,25194957945495844; 0,9808999830856919; 0,03482713969424367; 0,6572683793492615; 0,08848714688792825
-0,09409988132388503; 0,05745677091181278; 0,33385055931285024; 0,9077846934087574; 0,7786017549224198; 0,3853610558435321; 0,5582735314965248; 0,2611757582053542; 0,08722492773085833; 0,30280604725703597; 0,6040715212002397
-0,3183553260104545; 0,23256657412275672; 0,5608241772279143; 0,9020562679506838; 0,36919481586664915; 0,18224484100937843; 0,18862344790250063; 0,7477715904824436; 0,9913009000010788; 0,932503514457494; 0,5764004215598106
-0,1327346843052229; 0,26013251626864076; 0,5650268266908824; 0,7277951510623097; 0,3746562385931611; 0,8658568505197763; 0,3768608965910971; 0,360695106908679; 0,282943535130471; 0,8243187144398689; 0,490080791991204
-0,027570167358989726; 0,5853085578419268; 0,6694640447385609; 0,30043084220960736; 0,6179895657114685; 0,736344198230654; 0,10039151972159743; 0,10974074760451913; 0,1547019607387483; 0,5732761141844094; 0,06596920965239406
-0,017251452331621557; 0,6976113095879555; 0,2563223224133253; 0,7620675750076771; 0,7817812985740602; 0,8068678798153996; 0,4846841120161116; 0,037441582418978214; 0,8433252796530724; 0,43345638643950224; 0,6920893588103354
-0,01794841892639499; 0,0906152087263763; 0,880663946736604; 0,22130773169919848; 0,931536060757935; 0,4287035115994513; 0,08298246515914798; 0,06789212860167027; 0,21512913424521685; 0,6529523539356887; 0,2550637316890061
-0,09303629843142089; 0,3524125632829964; 0,9730243724770844; 0,3777274517342448; 0,4931092862971127; 0,5947566819377244; 0,6303903441876173; 0,3354322328232229; 0,7821028693579137; 0,37175178388133645; 0,956892036832869
-0,0976429690680095; 0,3381793010048568; 0,1287253457121551; 0,1490342477336526; 0,3928400659933686; 0,6469015185721219; 0,1437056981958449; 0,23117088805884123; 0,8399626105092466; 0,6614928846247494; 0,7650430253706872
-0,25753824614078136; 0,5376543332822621; 0,37933415407314897; 0,45541677670553327; 0,471226351801306; 0,9263147772289813; 0,42931878147646785; 0,6610395200550556; 0,7603033571504056; 0,22173457173630595; 0,4173652296885848
-0,4397131423656603; 0,04908862430602312; 0,8360052285715938; 0,9458851614035666; 0,35449647158384323; 0,8721750075928867; 0,16487609082832932; 0,9607484303414822; 0,6731585208326578; 0,2699051611125469; 0,7661621179431677
-0,10649593782308217; 0,6773412353359163; 0,6321095931343734; 0,12600392941385508; 0,9888556911610067; 0,37986097298562527; 0,307503345888108; 0,381079678889364; 0,6927452208474278; 0,14233528589829803; 0,6838705344125628
-0,24516902438802746; 0,7346034403890371; 0,6966548739001155; 0,08663299400359392; 0,15669026179239154; 0,8832577457651496; 0,935746515635401; 0,57998006651178; 0,35341478139162064; 0,3125124196521938; 0,8384033106267452
-0,14444875004083776; 0,5589321991428733; 0,12449858197942376; 0,2814256022684276; 0,5770850456319749; 0,6753294435329735; 0,29210508009418845; 0,37414778443053365; 0,07808290887624025; 0,6747904815711081; 0,8602527035400271
-0,08295207430864865; 0,7612124341540039; 0,21959349419921637; 0,42311403527855873; 0,4895597440190613; 0,2859203196130693; 0,7919397377409041; 0,18586680246517062; 0,8023789091967046; 0,0784384454600513; 0,23056536680087447
-0,004170006119331797; 0,7016828018240631; 0,23393460176885128; 0,5393390581011772; 0,5145633034408092; 0,22845733957365155; 0,10020755743607879; 0,00904668029397726; 0,32385146897286177; 0,5320105133578181; 0,6568658421747386
-0,16239502445544812; 0,17940014693886042; 0,25425858655944467; 0,2796957422979176; 0,6785936136730015; 0,911283737514168; 0,06296639470383525; 0,5236380165442824; 0,908808596432209; 0,30628669867292047; 0,6643772106617689
-0,22713264069940603; 0,27280064718797803; 0,5657512745819986; 0,5967583227902651; 0,5903416252695024; 0,379305609036237; 0,34542733151465654; 0,9067916772328317; 0,4827645542100072; 0,7904852237552404; 0,9858438172377646
-0,2396447750765303; 0,05978865874931216; 0,7801764137111604; 0,8952325815334916; 0,10410579852759838; 0,4059471292421222; 0,4238075283356011; 0,9000665727071464; 0,7833308926783502; 0,8099342240020633; 0,33794568525627255
-0,2199737711935324; 0,8994666892103851; 0,42477162880823016; 0,11060888227075338; 0,3409276525489986; 0,6696618110872805; 0,1639988301321864; 0,702534903306514; 0,8660848471336067; 0,0024936064146459103; 0,9616964859887958
-0,15357888080595083; 0,5588230774737895; 0,9345194008201361; 0,960360683966428; 0,5565975550562143; 0,47166246408596635; 0,4483477873727679; 0,33858731109648943; 0,19087181333452463; 0,7424959079362452; 0,9796477477066219
-0,12571403866448008; 0,7543931589461863; 0,08925012592226267; 0,036674119997769594; 0,638868186622858; 0,6129556377418339; 0,2623404343612492; 0,31867131870239973; 0,5788768795318902; 0,3646744745783508; 0,3535796571522951
-0,14191951324170277; 0,6579294512048364; 0,7165976269170642; 0,19088659109547734; 0,29175685020163655; 0,5723018832504749; 0,7005801638588309; 0,42515743616968393; 0,6336095961742103; 0,13362562470138073; 0,3469720990397036
-0,14707811515546593; 0,547380140516907; 0,5585743254050612; 0,023625892121344805; 0,774661798030138; 0,2583499872125685; 0,22055658884346485; 0,36272263433784246; 0,10227051610127091; 0,2562677366659045; 0,7941220221109688
-0,03855009681792417; 0,2970091486349702; 0,14642236195504665; 0,7009246181696653; 0,1409620870836079; 0,18068722961470485; 0,8349081166088581; 0,09478252101689577; 0,5526430439203978; 0,6806127009913325; 0,6210830402560532
-0,1883677396184705; 0,6091213417239487; 0,7767023639753461; 0,5495626330375671; 0,9073707517236471; 0,03229449363425374; 0,3760115336626768; 0,42541394056752324; 0,8108750963583589; 0,8922062530182302; 0,5898762177675962
-0,13786522233269882; 0,7728712982498109; 0,6493204855360091; 0,49437262723222375; 0,9728849423117936; 0,9214367903769016; 0,5088207069784403; 0,5172259281389415; 0,039283703081309795; 0,9779676022008061; 0,4105785647407174
-0,3095091362811461; 0,6715170969255269; 0,821874032728374; 0,7873101457953453; 0,4893921371549368; 0,5706316698342562; 0,44584808126091957; 0,8215018277987838; 0,9114190489053726; 0,8599428553134203; 0,7172905514016747
-0,17405798385133767; 0,042430697940289974; 0,4604968512430787; 0,5060403286479414; 0,2042659018188715; 0,8539831638336182; 0,7184101510792971; 0,407748444005847; 0,040587907657027245; 0,14432930573821068; 0,8679661070927978
-0,014175081240146265; 0,6551066227257252; 0,6953677251003683; 0,005312350578606129; 0,27392419520765543; 0,2819711803458631; 0,9002410941757262; 0,03115692501887679; 0,7439588997513056; 0,5486187902279198; 0,8585487203672528
-0,13224582855615408; 0,07341563981026411; 0,05116117978468537; 0,07146439980715513; 0,5307181943207979; 0,8073434829711914; 0,01680888421833515; 0,299349632114172; 0,13768877275288105; 0,6120553161017597; 0,9539901139214635
-0,29740507882915634; 0,6627946156077087; 0,4682409018278122; 0,5891281580552459; 0,6534683480858803; 0,4117556060664356; 0,9184985123574734; 0,957997512537986; 0,12111154338344932; 0,19439536146819592; 0,8071351065300405
-0,2867367581941243; 0,7501385291106999; 0,8370725954882801; 0,9746185340918601; 0,20967476163059473; 0,7365372381173074; 0,22020577872171998; 0,7731898133642972; 0,6012073690071702; 0,28159532183781266; 0,5418376522138715
-0,31228009981417326; 0,19442470837384462; 0,9267335571348667; 0,06972693186253309; 0,20584951993077993; 0,17142805038020015; 0,20523356879130006; 0,9079714585095644; 0,28534686332568526; 0,4628272345289588; 0,0739038079045713
-0,030191159728616045; 0,49022040562704206; 0,3387177116237581; 0,9986361647024751; 0,7183365286327899; 0,20195235311985016; 0,8291561314836144; 0,12053323304280639; 0,560908131301403; 0,14740338642150164; 0,924491104669869
-0,1519553997444391; 0,1585140530951321; 0,1067844545468688; 0,8749684896320105; 0,41196027398109436; 0,8844885444268584; 0,2866140650585294; 0,4761969614773989; 0,6272390368394554; 0,17885260051116347; 0,5994153134524822
-0,21489082695462133; 0,6287938421592116; 0,5848549604415894; 0,9504762273281813; 0,9429271467961371; 0,5856642778962851; 0,7870319881476462; 0,6564832823351026; 0,27300263987854123; 0,6256178761832416; 0,7466087443754077
-0,29949338446895407; 0,4245967837050557; 0,20327971503138542; 0,836674839258194; 0,4048123829998076; 0,594031703658402; 0,985854216851294; 0,6623549745418131; 0,7543689073063433; 0,7957496554590762; 0,19391240738332272
-0,06662426336593068; 0,10105346841737628; 0,16558149363845587; 0,31373679731041193; 0,2542655859142542; 0,6727766408585012; 0,6017655469477177; 0,2654487476684153; 0,7440760657191277; 0,7912058266811073; 0,23055797815322876
-0,2914065216325325; 0,8536109458655119; 0,7333181081339717; 0,07091857166960835; 0,0273369955830276; 0,9274148172698915; 0,5131468498148024; 0,6741377101279795; 0,34332515113055706; 0,8879338977858424; 0,5498290602117777
-0,11487186579016567; 0,508129779715091; 0,9561704695224762; 0,4140636376105249; 0,9161186455748975; 0,8083311612717807; 0,02473775763064623; 0,4244240396656096; 0,6913827527314425; 0,03899982990697026; 0,6511947843246162
-0,06700093591041739; 0,9498455408029258; 0,692297478672117; 0,403136586304754; 0,3909942051395774; 0,8675047201104462; 0,7345953802578151; 0,267238381318748; 0,8760671275667846; 0,5956085431389511; 0,3406217093579471
-0,17740531270381993; 0,3738177288323641; 0,5674313786439598; 0,7774306209757924; 0,02796074002981186; 0,8025989253073931; 0,26871381467208266; 0,6862617903389037; 0,9208061508834362; 0,6221805848181248; 0,5389320594258606
-0,01003721056197721; 0,3176663173362613; 0,45439013931900263; 0,8257414484396577; 0,8758922051638365; 0,14084441354498267; 0,7810603925026953; 0,039191624615341425; 0,22174168238416314; 0,43194970209151506; 0,20965257612988353
-0,04596439994812941; 0,48963837465271354; 0,3945996589027345; 0,6575780813582242; 0,7647014698013663; 0,47521017538383603; 0,2469541155733168; 0,1804699874483049; 0,9683507131412625; 0,70703109446913; 0,28197987424209714
-0,24401189566965933; 0,990585760679096; 0,14067271817475557; 0,4350117249414325; 0,35131268203258514; 0,1094847647473216; 0,1298478301614523; 0,6621711920015514; 0,5479937377385795; 0,6636921227909625; 0,3935308032669127
-0,2284708056545254; 0,9291297341696918; 0,16745840990915895; 0,744109496474266; 0,15695533016696572; 0,11845330940559506; 0,7548462892882526; 0,565422366373241; 0,7813069615513086; 0,2558395001105964; 0,42467057425528765
-0,2575727263214097; 0,0011794366873800755; 0,8331059776246548; 0,3753716992214322; 0,7063902295194566; 0,8698711609467864; 0,22058323537930846; 0,6059898994863033; 0,500112961512059; 0,12518277438357472; 0,846408274024725
-0,340502448202089; 0,32125399680808187; 0,9090681551024318; 0,5903186653740704; 0,24480670085176826; 0,5066548963077366; 0,6783426124602556; 0,7584385834634304; 0,6282685855403543; 0,5052443924359977; 0,0723780058324337
-0,04632723955703388; 0,5941761932335794; 0,5369062731042504; 0,7052539675496519; 0,6164417923428118; 0,8589042224921286; 0,7775168870575726; 0,18495635362342; 0,790931683499366; 0,09919733600690961; 0,5164256999269128
-0,08630231501579956; 0,38253077398985624; 0,470518889836967; 0,28052620915696025; 0,3791366759687662; 0,4282890735194087; 0,5443249624222517; 0,2882884880527854; 0,3128198804333806; 0,12178902328014374; 0,32499322202056646
-0,16149930699687046; 0,44503316283226013; 0,5302014569751918; 0,9546396713703871; 0,19383842684328556; 0,17533225798979402; 0,4424871988594532; 0,6243308787234128; 0,33069842774420977; 0,42937019653618336; 0,1652919170446694
-0,07991383763667542; 0,08023484330624342; 0,019605528097599745; 0,18945154221728444; 0,6174316583201289; 0,8475145637057722; 0,9809698145836592; 0,2059903205372393; 0,17077044397592545; 0,27580825751647353; 0,7342197322286665
-0,07596802364901965; 0,3198876059614122; 0,7778608477674425; 0,3586938255466521; 0,31121243350207806; 0,24226183723658323; 0,9646998513489962; 0,21183263277634978; 0,14238998061046004; 0,24058231199160218; 0,49872420728206635
-0,332191505025566; 0,6141816363669932; 0,14321906492114067; 0,6869548154063523; 0,6970616006292403; 0,9648944395594299; 0,5149601842276752; 0,8102930639870465; 0,9109334843233228; 0,01683430327102542; 0,14371464168652892
-0,1073375573016714; 0,5702926814556122; 0,9328099573031068; 0,5662902561016381; 0,9046866111457348; 0,5102448128163815; 0,03431943152099848; 0,35664627561345696; 0,44401206262409687; 0,033074135426431894; 0,28410431183874607
-0,2708773018465949; 0,4828002522699535; 0,36388955311849713; 0,9091037041507661; 0,47234481712803245; 0,7721917759627104; 0,6485483576543629; 0,5923681631684303; 0,6985277505591512; 0,016272726003080606; 0,5964064742438495
-0,18418666353671206; 0,1413953290320933; 0,013430393766611814; 0,33040796779096127; 0,7346525555476546; 0,044071275275200605; 0,5385537380352616; 0,4389305026270449; 0,36289928015321493; 0,0817517931573093; 0,4103503259830177
-0,14651351587735242; 0,9538932801224291; 0,6211420646868646; 0,9059572420082986; 0,9147458327934146; 0,5496293441392481; 0,044517435133457184; 0,5450812564231455; 0,028953987639397383; 0,18707756930962205; 0,05597853101789951
-0,2858389818736118; 0,8419379275292158; 0,6115970723330975; 0,5702963713556528; 0,23388024512678385; 0,6415281649678946; 0,7059719595126808; 0,8228973299264908; 0,07877610670402646; 0,40980375884100795; 0,033480992540717125
-0,3939413483324681; 0,5686174584552646; 0,8189251809380949; 0,9934578635729849; 0,4022002099081874; 0,4423817074857652; 0,5381894004531205; 0,9295767433941364; 0,24759288597851992; 0,6903086644597352; 0,058588504791259766
-0,24761876055634194; 0,1513921138830483; 0,03307349234819412; 0,4734357139095664; 0,5410011825151742; 0,6270293584093451; 0,07931836228817701; 0,9539408711716533; 0,5286546731367707; 0,006373683921992779; 0,39501985907554626
-0,14927728007191035; 0,23258615657687187; 0,07315171789377928; 0,12382316635921597; 0,47991814836859703; 0,09028687281534076; 0,8357592751272023; 0,36251888750121; 0,9761314494535327; 0,024708432145416737; 0,43895440455526114
-0,06219018418109728; 0,36695313453674316; 0,7303131339140236; 0,15403879852965474; 0,6767041501589119; 0,45782629773020744; 0,3817876260727644; 0,24703228333964944; 0,43973805103451014; 0,6431709220632911; 0,13365075085312128
-0,09526125838306207; 0,9446950200945139; 0,08109918842092156; 0,5243795081041753; 0,07376347715035081; 0,3719992167316377; 0,36204245314002037; 0,21134425280615687; 0,20980044407770038; 0,6902175080031157; 0,6043311986140907
-0,16340560134225154; 0,4728681850247085; 0,9022832126356661; 0,7800235385075212; 0,967585182748735; 0,8816693029366434; 0,9025468160398304; 0,36673890613019466; 0,2166617326438427; 0,49282179307192564; 0,9487110869958997
-0,35001311345715164; 0,7294302615337074; 0,20860387664288282; 0,02712081279605627; 0,0038825077936053276; 0,39320202078670263; 0,41114011872559786; 0,8950362508185208; 0,0883983732201159; 0,20391597971320152; 0,37032501213252544
-0,15033719611604554; 0,7022319384850562; 0,6847599516622722; 0,01719178631901741; 0,21259929100051522; 0,6834547640755773; 0,38321571983397007; 0,32518737483769655; 0,008838992565870285; 0,10763493366539478; 0,6689684530720115
-0,3905852840228413; 0,011728426907211542; 0,10336359171196818; 0,43450386775657535; 0,7851054966449738; 0,8082402772270143; 0,39255579467862844; 0,8432428073137999; 0,9821136253885925; 0,4478599913418293; 0,8867569379508495
-0,25149359203927757; 0,7652638801373541; 0,4034095862880349; 0,1336764427833259; 0,835092393681407; 0,32828913209959865; 0,11634403886273503; 0,9800200932659209; 0,41920242877677083; 0,4114572270773351; 0,19160883640870452
-0,15591098145649762; 0,8741386504843831; 0,2020170665346086; 0,9422505022957921; 0,6693062302656472; 0,28546515107154846; 0,750799925532192; 0,5465253740549088; 0,6154993902891874; 0,45546836871653795; 0,08854207303375006
-0,004531351035123081; 0,8289031381718814; 0,7627751152031124; 0,4804259352385998; 0,22118084179237485; 0,4808598831295967; 0,5639774999581277; 0,009811839554458857; 0,7564783445559442; 0,46127522736787796; 0,8799235112965107
-0,2218703524704786; 0,9800086291506886; 0,4933001766912639; 0,7208367185667157; 0,2984738792292774; 0,7216603304259479; 0,5061571402475238; 0,49583915853872895; 0,45618122443556786; 0,22611094173043966; 0,14625563798472285
-0,0463178838975183; 0,12547757709398866; 0,08871634723618627; 0,2392304576933384; 0,5661775269545615; 0,2903948281891644; 0,9284310541115701; 0,13268412789329886; 0,2228262722492218; 0,7819014866836369; 0,2862165216356516
-0,3121176593426651; 0,8344358578324318; 0,7102455920539796; 0,15998128335922956; 0,2897982462309301; 0,4458256191574037; 0,32785548688843846; 0,8743002586998045; 0,0804380439221859; 0,417182938195765; 0,29567095823585987
-0,03194532199465321; 0,01586310565471649; 0,6777882664464414; 0,6377555993385613; 0,3810690501704812; 0,09443394420668483; 0,6616160394623876; 0,08293181983754039; 0,09504663571715355; 0,4045983529649675; 0,2021751538850367
-0,14619134746803963; 0,9965763222426176; 0,2548139882273972; 0,7201934424228966; 0,5220241439528763; 0,5263548637740314; 0,11700805043801665; 0,3169202250428498; 0,8120607831515372; 0,6901088450103998; 0,050908857490867376
-0,3715667944223867; 0,3127019056119025; 0,5254085152409971; 0,3789943694137037; 0,18221150618046522; 0,08708102069795132; 0,5943155237473547; 0,8373563583008945; 0,8269350789487362; 0,5710743176750839; 0,13616912718862295
-0,05857289544068656; 0,07552039343863726; 0,3184715756215155; 0,3037522975355387; 0,6882731667719781; 0,03786340542137623; 0,388888708781451; 0,2333298739977181; 0,12476845271885395; 0,6116809295490384; 0,5611234670504928
-0,35006220447960196; 0,4099807613529265; 0,9376150998286903; 0,8331969762220979; 0,45710371248424053; 0,7491105189546943; 0,4466252289712429; 0,7675941796042025; 0,5826522735878825; 0,030648648738861084; 0,7673870055004954
-0,08494231318239104; 0,036445111967623234; 0,8445447348058224; 0,10778581351041794; 0,2674462809227407; 0,9305083365179598; 0,5891568940132856; 0,19603440770879388; 0,7979537667706609; 0,5484904935583472; 0,5482446970418096
-0,08205164832434052; 0,7705420390702784; 0,23597569484263659; 0,9969528899528086; 0,7353261583484709; 0,4076099153608084; 0,07206755131483078; 0,18398933298885822; 0,3780420357361436; 0,7529627517797053; 0,28949560364708304
-0,3623516394697386; 0,669978640973568; 0,9452181775122881; 0,12792223459109664; 0,5355374189093709; 0,24582213489338756; 0,006421136204153299; 0,8664595023728907; 0,5715601551346481; 0,860973546281457; 0,9782330351881683
-0,12449713723860356; 0,6472681765444577; 0,722163091879338; 0,13751671416684985; 0,6957988208159804; 0,5523054641671479; 0,7833350482396781; 0,2866410897113383; 0,018718627281486988; 0,5863576852716506; 0,10237007262185216
-0,156203945258257; 0,34932389482855797; 0,031330478843301535; 0,25819262210279703; 0,9998769480735064; 0,8006918905302882; 0,9372081500478089; 0,4188590501435101; 0,17165097640827298; 0,21168401557952166; 0,7447751420550048
-0,05728173301358067; 0,030948054045438766; 0,6491705211810768; 0,09304821118712425; 0,8911574184894562; 0,5121032898314297; 0,642078016884625; 0,1367998975329101; 0,8161711343564093; 0,6025245087221265; 0,777117885183543
-0,1754273492549145; 0,8064959677867591; 0,6031675590202212; 0,9703794340603054; 0,7119188937358558; 0,7984149595722556; 0,12251755874603987; 0,6946309208869934; 0,02221167553216219; 0,9345953203737736; 0,10384469339624047
-0,024551486787518; 0,19442164059728384; 0,2822617874480784; 0,6718326359987259; 0,11072347406297922; 0,0016790959052741528; 0,35158550133928657; 0,09552984638139606; 0,773671927396208; 0,7119925762526691; 0,8793590441346169
-0,18951536155506252; 0,36307847686111927; 0,8814902044832706; 0,49747957615181804; 0,4499212298542261; 0,7329971310682595; 0,06291615962982178; 0,724518712144345; 0,7308666184544563; 0,17846842529252172; 0,8996803541667759
-0,16713198944410995; 0,5594060998409986; 0,8940065605565906; 0,2816505688242614; 0,14349214266985655; 0,009032025467604399; 0,044723847415298223; 0,5700710765086114; 0,4160952274687588; 0,08920341357588768; 0,5160409044474363
-0,03869796708444564; 0,5843401066958904; 0,8395612328313291; 0,44473835872486234; 0,18583336472511292; 0,00651583494618535; 0,7347777960821986; 0,12352344440296292; 0,6503977901302278; 0,9975337311625481; 0,5664873574860394
-0,07996171290659763; 0,4633814268745482; 0,8213585242629051; 0,870611225720495; 0,3978362549096346; 0,0717351590283215; 0,8926504189148545; 0,22555090161040425; 0,5976918386295438; 0,3877995819784701; 0,6401981287635863
-0,2996487001664181; 0,46551764756441116; 0,984580704011023; 0,6590050444938242; 0,1674991212785244; 0,24039331963285804; 0,6671411041170359; 0,6489020339213312; 0,5160500472411513; 0,9205674161203206; 0,05694842245429754
-0,1126110447476648; 0,35283621959388256; 0,0030924128368496895; 0,725251030176878; 0,08908427925780416; 0,8382449843920767; 0,5091659962199628; 0,41972047463059425; 0,05093895783647895; 0,38371867034584284; 0,1434809654019773
-0,19436073819890914; 0,8490653587505221; 0,5259801903739572; 0,24311756109818816; 0,7622535927221179; 0,974666035734117; 0,29120960319414735; 0,5740889715962112; 0,28281090781092644; 0,6785432971082628; 0,5142488060519099
-0,3066846220245621; 0,6701500173658133; 0,8195661646313965; 0,833558167796582; 0,46909112483263016; 0,6439259964972734; 0,05094313761219382; 0,9689972195774317; 0,19954829290509224; 0,32824702141806483; 0,04963034484535456
-0,21251151627491877; 0,4541080165654421; 0,9181600231677294; 0,506252633407712; 0,1566969333216548; 0,36829192424193025; 0,8145126779563725; 0,6229848559014499; 0,3631397462449968; 0,2565118339844048; 0,5620045405812562
-0,025121681559800855; 0,8110299725085497; 0,15355873201042414; 0,19484423380345106; 0,2634523781016469; 0,4397685513831675; 0,1660353196784854; 0,0669841687195003; 0,8728081402368844; 0,04466163273900747; 0,16644531255587935
-0,33034066956561214; 0,08387525845319033; 0,28712013410404325; 0,20746496273204684; 0,9923711833544075; 0,17355330986902118; 0,3789897533133626; 0,7135729319415987; 0,16191826947033405; 0,4207739057019353; 0,12597286282107234
-0,0246374402030182; 0,949126711115241; 0,25376018648967147; 0,5786295928992331; 0,2922307513654232; 0,46371434768661857; 0,5189775065518916; 0,09734206134453416; 0,1796983191743493; 0,9636545348912477; 0,682086780667305
-0,10867505605998855; 0,9275472983717918; 0,7771698157303035; 0,6274853404611349; 0,9045829437673092; 0,5878070811741054; 0,9575638263486326; 0,2626868919469416; 0,19195631565526128; 0,4499218831770122; 0,5657953047193587
-0,1636771210593915; 0,15927005000412464; 0,2249177168123424; 0,2270105085335672; 0,08333746902644634; 0,07409010594710708; 0,5403353092260659; 0,3534608338959515; 0,8877826589159667; 0,29910269752144814; 0,36526774102821946
-0,23722143311594715; 0,8945507258176804; 0,16896234592422843; 0,913681223988533; 0,6419638264924288; 0,29516367707401514; 0,40630074543878436; 0,7233829563483596; 0,6271964935585856; 0,5857442691922188; 0,9027174939401448
-0,011867748704345914; 0,13652121182531118; 0,9891918366774917; 0,9510273216292262; 0,842668395023793; 0,4281992558389902; 0,30440357560291886; 0,04655141290277243; 0,08450052933767438; 0,5433771181851625; 0,6756162391975522
-0,06138761471966318; 0,9418108006939292; 0,9189034993760288; 0,7124155056662858; 0,7028319844976068; 0,5929371207021177; 0,5933392089791596; 0,15166928991675377; 0,9474263344891369; 0,19267319096252322; 0,5611858372576535
-0,08593105956635846; 0,2133949869312346; 0,565665946342051; 0,21888450253754854; 0,9741448401473463; 0,7795431530103087; 0,1774035505950451; 0,3265481572598219; 0,6503762197680771; 0,8817038242705166; 0,6218165056779981
-0,02518041696329128; 0,03672752529382706; 0,33675260841846466; 0,05232317792251706; 0,9111490710638463; 0,8391780680976808; 0,16904266318306327; 0,05634060129523277; 0,9347315044142306; 0,6019198843277991; 0,5127471531741321
-0,3073521898917811; 0,9372613690793514; 0,3340440737083554; 0,4567041965201497; 0,9262145315296948; 0,501504379324615; 0,7925892835482955; 0,9205668577924371; 0,892854408826679; 0,440887953620404; 0,514740714803338
-0,1997969416849606; 0,2343422882258892; 0,3076438386924565; 0,8119575930759311; 0,4913407233543694; 0,6610384956002235; 0,9189807795919478; 0,778034127317369; 0,9993870318867266; 0,5977276898920536; 0,37950543873012066
-0,29487255141264945; 0,8098192135803401; 0,5562461116351187; 0,20181908272206783; 0,4138761796057224; 0,1428274097852409; 0,6030335729010403; 0,9803472300991416; 0,04951281659305096; 0,6646858910098672; 0,201501099858433
-0,2622043253622984; 0,03562628384679556; 0,38332407735288143; 0,5593823571689427; 0,06498637702316046; 0,9342907425016165; 0,5052014519460499; 0,5703130858018994; 0,5789504633285105; 0,0935844499617815; 0,19349183980375528
-0,026754542944758108; 0,6341008637100458; 0,5293160863220692; 0,22654469637200236; 0,2986073256470263; 0,30220866622403264; 0,7549412348307669; 0,057985180988907814; 0,8098930711857975; 0,4327563107945025; 0,6912301434203982
-0,37642257932797774; 0,49629460414871573; 0,09780228463932872; 0,246435581240803; 0,17325087636709213; 0,22679830808192492; 0,43656972609460354; 0,8884059293195605; 0,1194250606931746; 0,3730142842978239; 0,15841063996776938
-0,33979672207494344; 0,7456904221326113; 0,21040155971422791; 0,5233354540541768; 0,7577623957768083; 0,32423506723716855; 0,5001900475472212; 0,8076961864717305; 0,9205153156071901; 0,689244746696204; 0,3212658306583762
-0,18133180019970838; 0,7088605845347047; 0,4108861326240003; 0,29590905318036675; 0,9201478222385049; 0,8785761785693467; 0,9627859471365809; 0,7203244850970805; 0,14065637346357107; 0,5924203544855118; 0,659924163017422
-0,29635683320379114; 0,1618211641907692; 0,1139168287627399; 0,7995921387337148; 0,8837519101798534; 0,640445249620825; 0,9519698238000274; 0,6866830023936927; 0,6308121881447732; 0,6378251523710787; 0,9490959504619241
-0,23877045890441734; 0,060206089168787; 0,28542789490893483; 0,6862304415553808; 0,8848917321301997; 0,6326813884079456; 0,39957208931446075; 0,6847776090726256; 0,056526548229157925; 0,08532681548967957; 0,13066409761086106
-0,2753792280610656; 0,8840885935351253; 0,1594478776678443; 0,5097537427209318; 0,2311195284128189; 0,2658096347004175; 0,8784489720128477; 0,6021045790985227; 0,9544245726428926; 0,8191021261736751; 0,13237073365598917
-0,2413650299737848; 0,650178546551615; 0,9810120183974504; 0,6862422479316592; 0,5862452872097492; 0,6313446573913097; 0,27953844144940376; 0,5212717498652637; 0,6955529102124274; 0,9243512651883066; 0,8347497447393835
-0,374496593695498; 0,7512229192070663; 0,05311065120622516; 0,947305039037019; 0,7156128762289882; 0,9610975570976734; 0,2465327433310449; 0,8508672234602273; 0,9921035622246563; 0,3505781777203083; 0,5012526223435998
-0,07475743883982401; 0,7918006931431592; 0,8968678545206785; 0,2789698331616819; 0,33819964341819286; 0,030946763698011637; 0,16925747273489833; 0,22515980945900083; 0,7999116214923561; 0,6651861323043704; 0,1376408371143043
-0,06224136405950406; 0,23082510568201542; 0,8054938740096986; 0,15822320384904742; 0,9103569905273616; 0,41135992389172316; 0,003285808954387903; 0,14042579336091876; 0,6377135310322046; 0,7344338330440223; 0,026781600434333086
-0,03660917602778978; 0,6956075257621706; 0,09945667814463377; 0,730662205722183; 0,3918111799284816; 0,30022877966985106; 0,9801325942389667; 0,1458470430225134; 0,1795087386853993; 0,7456906549632549; 0,04480951139703393
-0,2947439319427817; 0,6225712350569665; 0,06390644609928131; 0,5137095111422241; 0,2973992652259767; 0,8300165086984634; 0,1472911019809544; 0,7035792162641883; 0,9208492417819798; 0,876934312749654; 0,38959449529647827
-0,02580371818379704; 0,22595603344962; 0,204532228410244; 0,13317241426557302; 0,6350670699030161; 0,34657413605600595; 0,5507154711522162; 0,07715337676927447; 0,1812177482061088; 0,7495771390385926; 0,9328274065628648
-0,11623266640826872; 0,9982022792100906; 0,9517845972441137; 0,43599372915923595; 0,9371257442981005; 0,2567384005524218; 0,9477111389860511; 0,4639052371494472; 0,6336864656768739; 0,18678832799196243; 0,2061255844309926
-0,1362011608436287; 0,3147161742672324; 0,22250064788386226; 0,6108497409150004; 0,549293514341116; 0,3330046837218106; 0,7586652613244951; 0,35934904078021646; 0,1440578126348555; 0,5553039195947349; 0,9510044264607131
-0,06522444279138909; 0,35255582025274634; 0,4737942097708583; 0,7090081716887653; 0,9359521470032632; 0,739260891918093; 0,5653230687603354; 0,16004314506426454; 0,07475925143808126; 0,6846151761710644; 0,9637836529873312
-0,08999269187720735; 0,10200631525367498; 0,07163770077750087; 0,6686008358374238; 0,5332852564752102; 0,4795718137174845; 0,8710640794597566; 0,24343997240066528; 0,6151653439737856; 0,8059449144639075; 0,8826188836246729
-0,21960612846956548; 0,31115129636600614; 0,032541812397539616; 0,3335716021247208; 0,18190728686749935; 0,36574858520179987; 0,9377468368038535; 0,5139257642440498; 0,15006194170564413; 0,46490453323349357; 0,023609270807355642
-0,13333569510770976; 0,005876439157873392; 0,4538944629020989; 0,11144006066024303; 0,253395217936486; 0,2837614603340626; 0,683993982616812; 0,531563893891871; 0,23993861535564065; 0,3129665292799473; 0,1823139009065926
-0,08898965240068718; 0,011811170727014542; 0,35883714398369193; 0,9960707570426166; 0,6909446632489562; 0,5141652743332088; 0,2490755980834365; 0,20217593479901552; 0,5601126956753433; 0,062195850536227226; 0,16532899858430028
-0,15392588598114543; 0,09286326915025711; 0,5172121850773692; 0,9155655447393656; 0,3496301411651075; 0,3765454636886716; 0,6442477963864803; 0,3572825053706765; 0,03625444322824478; 0,25848680455237627; 0,5485454900190234
-0,12033009048815292; 0,3792733307927847; 0,3424754668958485; 0,453678694088012; 0,5722638219594955; 0,20194160006940365; 0,027058848179876804; 0,319654603023082; 0,23743201978504658; 0,6106712054461241; 0,9431911339052022
-0,3960705469119373; 0,024480069987475872; 0,47339451033622026; 0,2648104038089514; 0,07867262745276093; 0,19470294937491417; 0,7895177300088108; 0,8600264322012663; 0,8364109778776765; 0,14985868940129876; 0,010979893151670694
-0,026217405263674023; 0,5464690984226763; 0,6480914885178208; 0,4195530526340008; 0,07993236603215337; 0,7031738571822643; 0,3576971082948148; 0,05861954018473625; 0,6572981551289558; 0,017448971513658762; 0,8062028423883021
-0,06736543665476213; 0,8003827608190477; 0,2564320252276957; 0,9731965502724051; 0,17550577130168676; 0,8084785649552941; 0,6329900897108018; 0,2560954694636166; 0,01049990113824606; 0,058001077733933926; 0,9383245785720646
-0,0807762731379866; 0,7902103844098747; 0,287133508361876; 0,5619492828845978; 0,8085405980236828; 0,36704150401055813; 0,09994265204295516; 0,2865392668172717; 0,38938717916607857; 0,5537529331631958; 0,2279601232148707
-0,10374775900191696; 0,6504535446874797; 0,7000849242322147; 0,1577970595099032; 0,8050777995958924; 0,284778272267431; 0,24104352435097098; 0,24526858888566494; 0,2400478906929493; 0,2976299454458058; 0,8483243035152555
-0,18254719411908377; 0,6638692626729608; 0,04335672687739134; 0,8012845376506448; 0,2960930531844497; 0,47163373744115233; 0,7189416363835335; 0,44617827190086246; 0,37428797874599695; 0,7543070847168565; 0,11602058447897434
-0,218999936497273; 0,6712223095819354; 0,49370157066732645; 0,4230565819889307; 0,9269411894492805; 0,9349132073111832; 0,5375662306323647; 0,56120290979743; 0,012936800252646208; 0,3691966040059924; 0,22263025678694248
-0,1302357518645736; 0,8769423943012953; 0,6165542998351157; 0,8723089075647295; 0,08258175756782293; 0,059062609914690256; 0,15583376260474324; 0,5200018086470664; 0,6936138882301748; 0,2954958649352193; 0,28721029171720147
-0,367590580504015; 0,2319141044281423; 0,06071287114173174; 0,4127153633162379; 0,08088068244978786; 0,8590777940116823; 0,5086891348473728; 0,841745622921735; 0,40132186049595475; 0,8506469647400081; 0,5670283497311175
-0,30664829927553505; 0,6378039512783289; 0,17298865970224142; 0,9168059388175607; 0,23981875833123922; 0,6535210772417486; 0,7990518021397293; 0,7229549624025822; 0,6385018555447459; 0,4246516665443778; 0,8311752295121551
-0,05667081972312468; 0,9430732890032232; 0,9560612058266997; 0,21269579976797104; 0,8610505433753133; 0,27969231037423015; 0,6944106472656131; 0,12407493917271495; 0,6774172438308597; 0,14124030340462923; 0,696552125737071
-0,3691374444685704; 0,7171473605558276; 0,26443921867758036; 0,14215293247252703; 0,12459382321685553; 0,11991388816386461; 0,81100621400401; 0,7965826042927802; 0,9930210658349097; 0,4585920022800565; 0,29327778425067663
-0,3346138352390949; 0,9058618661947548; 0,674261917360127; 0,9217166737653315; 0,008012047037482262; 0,819234172347933; 0,6211596438661218; 0,8448947407305241; 0,7019404512830079; 0,659018533769995; 0,08399561978876591
-0,31022221098414443; 0,5836102990433574; 0,7031368603929877; 0,7156509808264673; 0,6494336510077119; 0,032848804257810116; 0,7340979375876486; 0,671657299157232; 0,02871526125818491; 0,2822984801605344; 0,6162324361503124
-0,39445754363496893; 0,7335566030815244; 0,4464530968107283; 0,12437491118907928; 0,5381664861924946; 0,3751629111357033; 0,2710625920444727; 0,8879820583388209; 0,25414082827046514; 0,4583898624405265; 0,07628665212541819
-0,23050698615517676; 0,40609989734366536; 0,3603244461119175; 0,8773183678276837; 0,8088834770023823; 0,09960789792239666; 0,7036845530383289; 0,9202067269943655; 0,7001685407012701; 0,3305402770638466; 0,7674294612370431
-0,13432199059570937; 0,7295232275500894; 0,9737573699094355; 0,3681266591884196; 0,16093531856313348; 0,5121693201363087; 0,22900840267539024; 0,5363205675967038; 0,22160186944529414; 0,33964354870840907; 0,43435450131073594
