 y; x1; x2; x3; x4; x5; x6; x7; x8; x9; x10
0,05206756932090307; 0,19323243014514446; 0,059799120761454105; 0,2565996586345136; 0,1681299335323274; 0,6504037976264954; 0,8681745403446257; 0,10611965274438262; 0,39791870955377817; 0,7698760782368481; 0,12090115714818239
0,14873522513485968; 0,3196594277396798; 0,7719692275859416; 0,7078043823130429; 0,18851522728800774; 0,7850009757094085; 0,946814632974565; 0,8248385433107615; 0,9650199236348271; 0,5627339538186789; 0,4414076851680875
0,053574854147302266; 0,9035064880736172; 0,29958075005561113; 0,6561952787451446; 0,8410209259018302; 0,31683045346289873; 0,5897685773670673; 0,8205038886517286; 0,42508064210414886; 0,8872247193939984; 0,675825827755034
0,028847752729377677; 0,10522174602374434; 0,9040473396889865; 0,05424156226217747; 0,711020587477833; 0,8279042658396065; 0,28588318219408393; 0,3238199455663562; 0,8122994997538626; 0,5628858502022922; 0,6410803813487291
0,12432898192751851; 0,8454187572933733; 0,5045162253081799; 0,8522817087359726; 0,5692212893627584; 0,13890493800863624; 0,6166373263113201; 0,24715124163776636; 0,4269310771487653; 0,2096652458421886; 0,4637746335938573
0,38568310328937194; 0,3887886577285826; 0,32880197232589126; 0,020163313020020723; 0,7395155197009444; 0,8894595229066908; 0,829171100165695; 0,6064702905714512; 0,6258525787852705; 0,8713266039267182; 0,18674983736127615
0,6113059868715286; 0,7187753668986261; 0,6556354532949626; 0,00941214757040143; 0,35665318462997675; 0,9363670577295125; 0,9597882782109082; 0,6883173924870789; 0,5300832795910537; 0,7744903513230383; 0,5892729084007442
-0,43952105224076016; 0,5449102274142206; 0,5687567400746047; 0,44043045304715633; 0,19894459657371044; 0,2501083160750568; 0,006006533745676279; 0,4428681614808738; 0,198007901199162; 0,2891638772562146; 0,026929351035505533
0,9369727635239794; 0,5361690609715879; 0,24389352602884173; 0,25074465619400144; 0,3761001992970705; 0,9826815850101411; 0,7335830414667726; 0,4856058214791119; 0,36295165726915; 0,1801967779174447; 0,9570232396945357
0,005685367887471434; 0,05115893296897411; 0,01488776272162795; 0,15151860052719712; 0,15999427950009704; 0,8872907720506191; 0,6130033573135734; 0,953856339212507; 0,46212387597188354; 0,747189570683986; 0,301106374245137
-0,6452336275163395; 0,7807519151829183; 0,8692988217808306; 0,3741877283900976; 0,7199335806071758; 0,5173939960077405; 0,03328197030350566; 0,00544592784717679; 0,8338023754768074; 0,8063108758069575; 0,9320194651372731
0,7142934219313939; 0,784765318967402; 0,7400509538128972; 0,12733704270794988; 0,03404099494218826; 0,9477732894010842; 0,8169789034873247; 0,21920710941776633; 0,5248702047392726; 0,4928823634982109; 0,5108866938389838
-0,11006130316131137; 0,3346419893205166; 0,241118255071342; 0,18666278244927526; 0,8985923770815134; 0,9157094210386276; 0,09485906641930342; 0,4996620654128492; 0,7867380725219846; 0,4914436689577997; 0,12748056184500456
-0,08399324319240956; 0,0689909728243947; 0,8923110882751644; 0,8852896811440587; 0,8386794021353126; 0,548397368285805; 0,10310243209823966; 0,9178382917307317; 0,6309208394959569; 0,20064240926876664; 0,05997720267623663
0,2606881772791351; 0,3726600152440369; 0,8685715747997165; 0,030128907412290573; 0,860927876085043; 0,7159042865969241; 0,737117710057646; 0,056871453765779734; 0,9853367689065635; 0,4058711384423077; 0,2795050055719912
-0,034747470474187976; 0,19312011823058128; 0,20881661167368293; 0,42020637914538383; 0,25456863129511476; 0,946890767198056; 0,4356098147109151; 0,5654552020132542; 0,5418688566423953; 0,2634118488058448; 0,052157959435135126
0,247860773095156; 0,5640653250738978; 0,6433484628796577; 0,5674396078102291; 0,2971183815971017; 0,90777254011482; 0,8673089547082782; 0,32443261006847024; 0,377568188123405; 0,5898776506073773; 0,46596080670133233
-0,08720948560168051; 0,3300167233683169; 0,46693494683131576; 0,9406098378822207; 0,8050053440965712; 0,2662707404233515; 0,480456349439919; 0,8316835407167673; 0,735124169383198; 0,6660180850885808; 0,15825196634978056
-0,10864463989293537; 0,70416607754305; 0,5059520509094; 0,16760168736800551; 0,10471533704549074; 0,5617085555568337; 0,2477713949047029; 0,16435230802744627; 0,26679733488708735; 0,6655311454087496; 0,979686077684164
-0,20436112003269033; 0,2756799519993365; 0,39588753692805767; 0,8063535476103425; 0,3148389859125018; 0,5055279438383877; 0,1348452689126134; 0,5202944162301719; 0,12299817334860563; 0,8045948049984872; 0,780123339034617
0,017743157464856874; 0,8224991890601814; 0,16988859232515097; 0,15967127494513988; 0,36887762881815434; 0,965775360353291; 0,19546434981748462; 0,10344656184315681; 0,19971526879817247; 0,17352784611284733; 0,3145275842398405
-0,02278661619197169; 0,5662328898906708; 0,655071884393692; 0,9101725397631526; 0,6210251124575734; 0,6685633976012468; 0,6052533178590238; 0,47893004212528467; 0,2192687843926251; 0,6420842981897295; 0,6941925906576216
-0,08590944545093245; 0,07336955890059471; 0,14111963007599115; 0,48903017584234476; 0,4740389888174832; 0,16023674607276917; 0,056007232051342726; 0,9812907250598073; 0,3367748926393688; 0,33210159046575427; 0,9063133513554931
-0,9783258495639596; 0,7366869351826608; 0,3604828887619078; 0,1791549138724804; 0,891218725591898; 0,8972062729299068; 0,9888483444228768; 0,22254310734570026; 0,9151261853985488; 0,45725556276738644; 0,6315575069747865
0,1775396788902762; 0,36339328391477466; 0,6021796064451337; 0,6044390932656825; 0,3314713635481894; 0,1993327159434557; 0,9198635770007968; 0,5804434372112155; 0,10826795035973191; 0,07215205114334822; 0,09915079968050122
0,1425554328051533; 0,2005987879820168; 0,5736592225730419; 0,2656500656157732; 0,3277242500334978; 0,6985876648686826; 0,9799819048494101; 0,7013667915016413; 0,8044918281957507; 0,7891134694218636; 0,1947282925248146
-0,7894231351599221; 0,8933360101655126; 0,693347976077348; 0,3792378664948046; 0,611410956364125; 0,9571035504341125; 0,746927869040519; 0,4499988043680787; 0,7711928449571133; 0,07935415953397751; 0,12203707592561841
-0,12972439961725626; 0,9574587712995708; 0,34358535148203373; 0,7787254587747157; 0,21102866157889366; 0,13733219215646386; 0,8615433205850422; 0,8112535225227475; 0,8377953413873911; 0,7096814285032451; 0,0951680694706738
0,39220409484670843; 0,6453238246031106; 0,7396425297483802; 0,39197576558217406; 0,6035358384251595; 0,6250264127738774; 0,8344680983573198; 0,45837349304929376; 0,8940383647568524; 0,28385912254452705; 0,3769686664454639
-0,4631997355355174; 0,6665764194913208; 0,6990393786691129; 0,6745482282713056; 0,7671425663866103; 0,2863710382953286; 0,3529926696792245; 0,5573295229114592; 0,3152746967971325; 0,3912644903175533; 0,8205862948670983
0,15018699992275653; 0,20491394214332104; 0,7910673655569553; 0,8780371262691915; 0,7344891303218901; 0,12506191758438945; 0,9432132975198328; 0,15719572640955448; 0,6852266970090568; 0,6800707024522126; 0,9229208431206644
-0,056191539742602846; 0,16570888739079237; 0,8626383380033076; 0,7314850534312427; 0,44770251074805856; 0,02606675773859024; 0,46054808842018247; 0,8549600639380515; 0,3001777068711817; 0,16183312563225627; 0,43401496345177293
-0,04258398807508999; 0,2564676688052714; 0,8061713478527963; 0,5327294915914536; 0,22703384142369032; 0,26631963066756725; 0,5097286785021424; 0,04780002636834979; 0,7536791316233575; 0,913503778167069; 0,528947330545634
0,12525749374831868; 0,4307812605984509; 0,14871523901820183; 0,081697435118258; 0,8552255257964134; 0,5335483406670392; 0,24485128046944737; 0,4804189642891288; 0,12959620635956526; 0,11123591009527445; 0,3400238589383662
-0,4183777703037143; 0,7873174385167658; 0,5051954574882984; 0,325582938734442; 0,3562959744594991; 0,9962591622024775; 0,8655783766880631; 0,2672999300993979; 0,683676281478256; 0,023915885016322136; 0,4364509554579854
-0,07395620199790788; 0,27285660710185766; 0,7543639224022627; 0,23903937498107553; 0,542044875677675; 0,003446853719651699; 0,18019227823242545; 0,6244052811525762; 0,05890718288719654; 0,0033938256092369556; 0,1503892564214766
-0,12337530134914369; 0,44438270945101976; 0,8560898783616722; 0,16142062144353986; 0,9403757588006556; 0,5960044357925653; 0,029356371611356735; 0,724788527470082; 0,666458607185632; 0,6872945143841207; 0,7122846352867782
0,16122154084086654; 0,32365158339962363; 0,06355641921982169; 0,1671156845986843; 0,37373702181503177; 0,852898309007287; 0,8865509438328445; 0,5348031870089471; 0,7447261805646122; 0,8469036687165499; 0,5720838340930641
-0,07919500362816229; 0,36215619603171945; 0,814019768498838; 0,4860676722601056; 0,30701087042689323; 0,6284988699480891; 0,423851509578526; 0,4007391850464046; 0,9164999420754611; 0,3812581477686763; 0,004787743557244539
0,34511324758928263; 0,8154570376500487; 0,7759214616380632; 0,46328897308558226; 0,7198000643402338; 0,4025475881062448; 0,7116815876215696; 0,0657623503357172; 0,5606491290964186; 0,5091644688509405; 0,6963751739822328
0,05437719941247599; 0,051872453186661005; 0,7183739901520312; 0,942066999617964; 0,43292278330773115; 0,3699973146431148; 0,8244418557733297; 0,4722118335776031; 0,7177788969129324; 0,16310354555025697; 0,5568930553272367
0,04903069501512638; 0,8823724105022848; 0,3331692051142454; 0,45922971051186323; 0,49735984206199646; 0,5275465222075582; 0,5267924065701663; 0,44968470092862844; 0,6070690318010747; 0,4639792568050325; 0,18230147566646338
-0,517704871382767; 0,6619944488629699; 0,45628120843321085; 0,2207655985839665; 0,30130401998758316; 0,15060581592842937; 0,1465117339976132; 0,23773971758782864; 0,38557153195142746; 0,20994440140202641; 0,11835950519889593
-0,00201491996724598; 0,778753753285855; 0,010431063361465931; 0,7520015556365252; 0,7255860143341124; 0,6153470599092543; 0,7639622208662331; 0,10811738017946482; 0,6362026208080351; 0,019221851602196693; 0,37150025740265846
0,11826652022057478; 0,1577942301519215; 0,4787417855113745; 0,14045756123960018; 0,6573045593686402; 0,663069745991379; 0,6471983878873289; 0,18711820524185896; 0,6827365416102111; 0,9400327084586024; 0,13869911525398493
0,1404467402276661; 0,22917588846758008; 0,669673262629658; 0,4562283605337143; 0,3444738211110234; 0,225825400557369; 0,9367863014340401; 0,7548162625171244; 0,8878501742146909; 0,6496253181248903; 0,7545770765282214
-0,15625295932809916; 0,8597353524528444; 0,4369952091947198; 0,6546908128075302; 0,22498109191656113; 0,3476970661431551; 0,7504392950795591; 0,6577970781363547; 0,32381353387609124; 0,12423633830621839; 0,2251953943632543
-0,6091364629914146; 0,7279822477139533; 0,7590019763447344; 0,7009180379100144; 0,7265265393070877; 0,9166535511612892; 0,2809006446041167; 0,5572106037288904; 0,8521923436783254; 0,4973343713209033; 0,44288756093010306
0,22213944129207006; 0,8308935668319464; 0,27032734407112; 0,6948420167900622; 0,7865598062053323; 0,711294264998287; 0,3267668872140348; 0,9205872830934823; 0,9891505744308233; 0,9382103476673365; 0,5785092571750283
0,060021741674706204; 0,1400204892270267; 0,09809132758527994; 0,616625674534589; 0,7574689579196274; 0,12838947772979736; 0,8599340235814452; 0,6007412234321237; 0,07147179590538144; 0,759095648303628; 0,22899433877319098
-0,99507301868779; 0,9530022977851331; 0,7431587693281472; 0,8660305761732161; 0,11353960586711764; 0,31641319347545505; 0,07137008616700768; 0,4374689697287977; 0,9571022968739271; 0,6560935159213841; 0,6247889157384634
-0,10658182720769799; 0,1218963130377233; 0,8081040228717029; 0,7688799146562815; 0,790970116853714; 0,44220397621393204; 0,2535359966568649; 0,18310465151444077; 0,05329382885247469; 0,8730281158350408; 0,6367962532676756
-0,3321654462793893; 0,4476594780571759; 0,35261723725125194; 0,4461759002879262; 0,9690623423084617; 0,27074427204206586; 0,21296128118410707; 0,506364940200001; 0,8561933287419379; 0,8970889006741345; 0,9657571567222476
0,24076777655373574; 0,4926393926143646; 0,8689166316762567; 0,03121483465656638; 0,1837915275245905; 0,7360782520845532; 0,9095799433998764; 0,009245496243238449; 0,2916375631466508; 0,5428661019541323; 0,6982915922999382
-0,03783759378521583; 0,36813851445913315; 0,3224049285054207; 0,07077462924644351; 0,7248756662011147; 0,084361232817173; 0,05864245118573308; 0,9324473412707448; 0,865396287292242; 0,04820590140298009; 0,10464786970987916
0,039974861903569144; 0,3233209680765867; 0,8560403911396861; 0,4336159569211304; 0,14500903943553567; 0,3746954221278429; 0,6857532518915832; 0,7941409889608622; 0,08574228826910257; 0,16969109140336514; 0,9064587312750518
0,07287025455525684; 0,27142295707017183; 0,7876540296711028; 0,39257769426330924; 0,8812319920398295; 0,4793353984132409; 0,6847607474774122; 0,20480716926977038; 0,09203149797394872; 0,7544175828807056; 0,048684826120734215
-0,14163066787752993; 0,2878080918453634; 0,14570224657654762; 0,9090268881991506; 0,31892507523298264; 0,4667241368442774; 0,21691461838781834; 0,4437062554061413; 0,034633006900548935; 0,6555982660502195; 0,6792539870366454
-0,16205996058975203; 0,40791248762980103; 0,5507753868587315; 0,5055330423638225; 0,19358340138569474; 0,24393993290141225; 0,30884361686185; 0,6065534353256226; 0,8709889119490981; 0,46442839317023754; 0,7274194522760808
-0,03830380468223636; 0,09541124617680907; 0,05680541833862662; 0,3711713198572397; 0,14471947168931365; 0,3589884075336158; 0,012980537489056587; 0,4591566394083202; 0,19699308928102255; 0,366064609028399; 0,7967574023641646
-0,7347085219472452; 0,8947174437344074; 0,6493796217255294; 0,28584656957536936; 0,25592896714806557; 0,7678608153946698; 0,5589235238730907; 0,6834307261742651; 0,7906581559218466; 0,603953939396888; 0,7238658843562007
-0,06748278321133205; 0,739153120201081; 0,19644232094287872; 0,3023122292943299; 0,5580162601545453; 0,9825954628176987; 0,597555423155427; 0,9662834480404854; 0,6635896619409323; 0,03821465512737632; 0,3525629607029259
-0,08398841226928683; 0,37028972804546356; 0,994436249602586; 0,7047984469681978; 0,886680347379297; 0,9033901928924024; 0,5129019026644528; 0,35802282579243183; 0,326393261551857; 0,569014307577163; 0,4974440555088222
0,037862273704594676; 0,11935084266588092; 0,21958707552403212; 0,9961768542416394; 0,2581067946739495; 0,19862251542508602; 0,7372833462432027; 0,41011591302230954; 0,6933283782564104; 0,2703620893880725; 0,05101128062233329
0,32126078790079904; 0,5611934023909271; 0,8133379616774619; 0,1501357895322144; 0,3225096599198878; 0,5588326253928244; 0,9103288264013827; 0,7045367481186986; 0,5939924516715109; 0,42113053565844893; 0,8439630442298949
-0,1642909771315033; 0,5357759804464877; 0,43306239834055305; 0,49096332816407084; 0,7955314866267145; 0,029913303442299366; 0,5023488090373576; 0,5121446889825165; 0,4641820574179292; 0,19567765621468425; 0,48709465749561787
0,0516994722440458; 0,131426019128412; 0,9481109166517854; 0,49755097227171063; 0,5737707605585456; 0,606850833632052; 0,826316777151078; 0,3137919781729579; 0,8366412799805403; 0,5963030182756484; 0,0011938582174479961
-0,07887479198288042; 0,9597471095621586; 0,3271928131580353; 0,9385338691063225; 0,5061121080070734; 0,9794851518236101; 0,7441096771508455; 0,3197625959292054; 0,335191601421684; 0,3211955167353153; 0,011046865489333868
0,4506668832208892; 0,5516249570064247; 0,6258921255357563; 0,2360201277770102; 0,6312312050722539; 0,5888708978891373; 0,8953081732615829; 0,530253890901804; 0,8973320010118186; 0,4495027079246938; 0,004011091310530901
0,7059525260071562; 0,4493823633529246; 0,16996357776224613; 0,8030987051315606; 0,9817108204588294; 0,8622262785211205; 0,8861581832170486; 0,5673462804406881; 0,8796299556270242; 0,9198581930249929; 0,822300729341805
-0,3126057715849823; 0,6800962029956281; 0,20998869370669127; 0,0041963825933635235; 0,7508246088400483; 0,7190489610657096; 0,5093439598567784; 0,10917195724323392; 0,4214169648475945; 0,3063230374827981; 0,9346124469302595
-0,9593947284700053; 0,3777160746976733; 0,023139782715588808; 0,07395025063306093; 0,9189873998984694; 0,10548473708331585; 0,485876505728811; 0,11266106553375721; 0,8807397289201617; 0,9454894340597093; 0,6142280078493059
-0,14530337817196073; 0,23277355777099729; 0,10367577243596315; 0,7067373902536929; 0,8471727990545332; 0,35776730068027973; 0,07670653983950615; 0,7595257726497948; 0,1006178087554872; 0,9672924363985658; 0,9857347258366644
0,21150306128002747; 0,7356965402141213; 0,7076471666805446; 0,2526455232873559; 0,45367042487487197; 0,4868719158694148; 0,541364858392626; 0,6292130788788199; 0,7838720767758787; 0,6619217833504081; 0,5810793065465987
0,005360614269407942; 0,5821798937395215; 0,009969395585358143; 0,21655226033180952; 0,6869827597402036; 0,46829158533364534; 0,12038193037733436; 0,34067236818373203; 0,032812238205224276; 0,4427413525991142; 0,8940298953093588
0,02767827129045472; 0,0015171067789196968; 0,22726873494684696; 0,942534307949245; 0,924535593483597; 0,9675394198857248; 0,7444451153278351; 0,0040480163879692554; 0,6243231007829309; 0,927237968891859; 0,7979970830492675
-0,12890827453981832; 0,5247831526212394; 0,5218112771399319; 0,571796981152147; 0,07769207190722227; 0,3300490896217525; 0,4829368400387466; 0,8831083374097943; 0,9257121966220438; 0,2847760212607682; 0,2492322134785354
0,07691569522518427; 0,28023360669612885; 0,4403507048264146; 0,0021244073286652565; 0,32180021796375513; 0,9938748576678336; 0,3472512923181057; 0,0038147754967212677; 0,3485833304002881; 0,8259549206122756; 0,6261051571927965
0,0007321149400174172; 0,4429936814121902; 0,812094999011606; 0,5763162369839847; 0,4386249268427491; 0,25521486857905984; 0,6444913824088871; 0,4883397086523473; 0,25681894132867455; 0,6838947543874383; 0,8817153400741518
0,9279160827053127; 0,5136455078609288; 0,2046040976420045; 0,029566777404397726; 0,15547596523538232; 0,339588631875813; 0,39364027278497815; 0,9350533066317439; 0,636502081528306; 0,5587910721078515; 0,7748764781281352
0,5698152371837095; 0,8287651715800166; 0,9749138755723834; 0,06255327630788088; 0,1410140967927873; 0,7423308296129107; 0,8490286665037274; 0,8232399499975145; 0,2410722430795431; 0,7868617787025869; 0,8736952054314315
0,24059629727990373; 0,9488869174383581; 0,47507534408941865; 0,8064889553934336; 0,2606425592675805; 0,890469335950911; 0,4362160209566355; 0,06971298018470407; 0,5944320177659392; 0,83190893009305; 0,8974306425079703
-0,14701737620851163; 0,18797396589070559; 0,8021968510001898; 0,652811935171485; 0,7017971510067582; 0,4765779026784003; 0,31385010248050094; 0,009313004557043314; 0,9645666908472776; 0,5177865838631988; 0,08816319331526756
-0,09073020791398018; 0,024673964362591505; 0,6195268058218062; 0,46374242287129164; 0,9310583299957216; 0,37801369512453675; 0,204838955309242; 0,9867233387194574; 0,8645832436159253; 0,5657858708873391; 0,15055738994851708
0,05199401413968157; 0,07843320304527879; 0,389282729011029; 0,2848374042659998; 0,22068657400086522; 0,5518959732726216; 0,685570674482733; 0,748777287080884; 0,44257733691483736; 0,7057987982407212; 0,08970695082098246
0,8838863385391371; 0,8414903832599521; 0,7648847424425185; 0,06045759003609419; 0,6304435241036117; 0,1632083891890943; 0,5638888459652662; 0,3117558192461729; 0,7923336997628212; 0,637765268329531; 0,9157730336301029
-0,9748661324459938; 0,8607924547977746; 0,6445048879832029; 0,13501532562077045; 0,28621000330895185; 0,44539127545431256; 0,1425830046646297; 0,5169993699528277; 0,8907232847996056; 0,7425097171217203; 0,5985949831083417
-0,003675544753931174; 0,7993716397322714; 0,10921896528452635; 0,047260457184165716; 0,47063357103616; 0,6601223046891391; 0,11542617762461305; 0,8565186741761863; 0,4690680135972798; 0,24456788040697575; 0,27696071937680244
0,3211537418043106; 0,7271939208731055; 0,3958777552470565; 0,7269887547008693; 0,7915414366871119; 0,232205331325531; 0,622951160185039; 0,9823889438994229; 0,13934054598212242; 0,5901957028545439; 0,7692461530677974
-0,4675632441953618; 0,8172806515358388; 0,6776770357973874; 0,5146919577382505; 0,17198187857866287; 0,21223567984998226; 0,4788469816558063; 0,9338875785470009; 0,9767047991044819; 0,3920357320457697; 0,7017700583674014
-0,5957431989682578; 0,77655567554757; 0,46848605340346694; 0,9436714849434793; 0,4810724472627044; 0,8695914363488555; 0,866895689163357; 0,5567651437595487; 0,7867878619581461; 0,9829001990146935; 0,25696721905842423
-0,03369215456285113; 0,5577370631508529; 0,06781594129279256; 0,06258872942999005; 0,08246069448068738; 0,647258029319346; 0,3360784170217812; 0,4129556752741337; 0,6112110875546932; 0,6734156999737024; 0,7014719084836543
0,2624543476844714; 0,3799177813343704; 0,245228358078748; 0,7067484804429114; 0,6020168485119939; 0,9120173682458699; 0,925585878547281; 0,19724240247160196; 0,2739593368023634; 0,3818116611801088; 0,08071352262049913
0,22911748968107212; 0,8311377535574138; 0,5084102181717753; 0,06369394948706031; 0,28759104711934924; 0,7115697977133095; 0,05403600400313735; 0,42583967093378305; 0,8501234040595591; 0,1443612640723586; 0,5114096272736788
-0,06168003153514708; 0,9423062363639474; 0,14526777854189277; 0,6548829302191734; 0,47455624490976334; 0,37003422155976295; 0,9689173894003034; 0,4276625132188201; 0,9404236576519907; 0,480708047747612; 0,8336192173883319
0,3224930025602781; 0,3904805756174028; 0,4319443376734853; 0,41376100666821003; 0,9906694982200861; 0,16787828970700502; 0,8579707276076078; 0,8268068414181471; 0,789276085793972; 0,19383601984009147; 0,9539986224845052
-0,009961559189156626; 0,41760711884126067; 0,811453347094357; 0,02359224297106266; 0,22282379772514105; 0,06904124980792403; 0,020564920734614134; 0,32128631928935647; 0,24042107770219445; 0,2858271007426083; 0,3144533312879503
0,9649570160013984; 0,9867644673213363; 0,6276572775095701; 0,7155059147626162; 0,9018609169870615; 0,9985394068062305; 0,1833838801831007; 0,7621936374343932; 0,15527387568727136; 0,8580244900658727; 0,39498318871483207
0,14543078421526381; 0,3740706965327263; 0,47311774361878633; 0,5963226174935699; 0,06565544754266739; 0,34200985729694366; 0,8708445862866938; 0,012964919675141573; 0,3931400333531201; 0,36613544123247266; 0,9987019943073392
0,07435877547448581; 0,4382209833711386; 0,2004940276965499; 0,7110343296080828; 0,1229984206147492; 0,08339496795088053; 0,7274437621235847; 0,24412804609164596; 0,7788493875414133; 0,0981336603872478; 0,4271809672936797
-0,5960050020757164; 0,6660796767100692; 0,47008957155048847; 0,6089963549748063; 0,17124784691259265; 0,6261769034899771; 0,4006153866648674; 0,7722190232016146; 0,3507527047768235; 0,5635978891514242; 0,5119191901758313
0,6430758163822292; 0,7805708111263812; 0,7830837834626436; 0,3986232583411038; 0,554650847800076; 0,8148516481742263; 0,8457851209677756; 0,870759011246264; 0,7450890513136983; 0,7493384331464767; 0,3022292028181255
-0,3322088782141735; 0,7645658850669861; 0,5525613436475396; 0,5883321049623191; 0,17719570314511657; 0,22767845774069428; 0,07564642606303096; 0,3897518115118146; 0,6709900330752134; 0,8473088201135397; 0,15149107808247209
-0,1410207442719715; 0,45083095878362656; 0,9070056350901723; 0,4709693528711796; 0,12419219454750419; 0,13231935864314437; 0,27199870999902487; 0,7122713797725737; 0,9399692099541426; 0,17897784803062677; 0,39672899013385177
-0,025272840222635356; 0,41253761667758226; 0,5871618939563632; 0,19469359423965216; 0,8344334377907217; 0,35958848521113396; 0,2915833294391632; 0,7518916856497526; 0,9986621397547424; 0,802672406192869; 0,683988350443542
-0,035472819069039006; 0,69415871379897; 0,04764448571950197; 0,12441761884838343; 0,49712665705010295; 0,4255378902889788; 0,9461012845858932; 0,13502749288454652; 0,250885350164026; 0,6730714119039476; 0,760234069544822
0,13758598051152923; 0,4098973539657891; 0,9703449858352542; 0,1512821796350181; 0,06851655431091785; 0,00473760487511754; 0,7416047747246921; 0,28894144808873534; 0,04043335746973753; 0,722716651391238; 0,7922744299285114
0,13526447962175078; 0,26238583447411656; 0,5236802203580737; 0,1250069565139711; 0,47441029688343406; 0,4022432481870055; 0,6183874397538602; 0,7374411290511489; 0,32404996594414115; 0,9958307920023799; 0,07944081071764231
-0,02668790365911605; 0,937216289807111; 0,10715886019170284; 0,5748677765950561; 0,21100103994831443; 0,6999030476436019; 0,8680072803981602; 0,1000770814716816; 0,061980008613318205; 0,8588883057236671; 0,6617937586270273
-0,0640950813060851; 0,27026242297142744; 0,6418053088709712; 0,4946804936043918; 0,5536691909655929; 0,7185143632814288; 0,47511465195566416; 0,11102366400882602; 0,4830652652308345; 0,2816838310100138; 0,22322382777929306
-0,13535140714541372; 0,27116186916828156; 0,43640565359964967; 0,771434536203742; 0,8353599989786744; 0,7745571141131222; 0,41949321096763015; 0,29249936155974865; 0,3047934486530721; 0,7646923782303929; 0,7132055242545903
-0,23556322697294946; 0,9602251024916768; 0,5513016004115343; 0,34469043277204037; 0,29546477226540446; 0,20487762242555618; 0,6606056084856391; 0,11564954509958625; 0,296111315023154; 0,9101060614921153; 0,6648645722307265
0,331473574322534; 0,43653206108137965; 0,2956967451609671; 0,2770533417351544; 0,28250976372510195; 0,13861292973160744; 0,9973495481535792; 0,8716090922243893; 0,014981902204453945; 0,75175650883466; 0,672519548330456
0,06500500116546536; 0,48795985663309693; 0,8174893744289875; 0,5372298397123814; 0,4599303281866014; 0,3672463046386838; 0,7245666380040348; 0,056225755251944065; 0,5847290940582752; 0,8326311726123095; 0,5219309069216251
0,147067929348195; 0,6745074633508921; 0,7480028201825917; 0,3134415792301297; 0,24542219936847687; 0,9672331935726106; 0,6301431753672659; 0,11513733863830566; 0,7417203825898468; 0,6823597960174084; 0,5247576269321144
0,12940898547584917; 0,3432527408003807; 0,8811078951694071; 0,21443881653249264; 0,018094211351126432; 0,6624917914159596; 0,7934775468893349; 0,8375778626650572; 0,8606516215950251; 0,7415223340503871; 0,4881205032579601
-0,8483415391530963; 0,9612039607018232; 0,7121982853859663; 0,6634936602786183; 0,4931683442555368; 0,010246086865663528; 0,13252720842137933; 0,36145453387871385; 0,13102593878284097; 0,8439089893363416; 0,5732486471533775
0,3560272411452635; 0,5510335513390601; 0,9833904523402452; 0,43904776917770505; 0,8763379012234509; 0,9102953360415995; 0,9078133944422007; 0,6958317961543798; 0,9310706779360771; 0,305078006349504; 0,5783580546267331
-0,06276011317476402; 0,21408057631924748; 0,052782687824219465; 0,5572048323228955; 0,3767948942258954; 0,22268367651849985; 0,17874758318066597; 0,5156469875946641; 0,28789127990603447; 0,4995820405893028; 0,2507098922505975
0,033198875235267766; 0,8052897872403264; 0,11995875788852572; 0,268864574842155; 0,4413890363648534; 0,519192413892597; 0,21487309224903584; 0,8136487924493849; 0,3390223849564791; 0,6160188717767596; 0,644173979293555
0,004631316619703788; 0,18123817071318626; 0,163915968965739; 0,18381637427955866; 0,8072767551057041; 0,8015296617522836; 0,3376671615988016; 0,05316839087754488; 0,5554996784776449; 0,7896035141311586; 0,08730798959732056
-0,7970311660430185; 0,9752055737189949; 0,8687316384166479; 0,055454963352531195; 0,8368422351777554; 0,09291087696328759; 0,8780674058943987; 0,48913646023720503; 0,4388507343828678; 0,18653282895684242; 0,5296194343827665
-0,16511016995929967; 0,2282719137147069; 0,5573798376135528; 0,6473284782841802; 0,5432414240203798; 0,19095046957954764; 0,23755226749926805; 0,1365655311383307; 0,15265440475195646; 0,026817699894309044; 0,7323781657032669
0,14274388078148603; 0,21360671846196055; 0,6987338094040751; 0,3511585774831474; 0,04638043371960521; 0,2900538081303239; 0,9719795268028975; 0,5526362569071352; 0,4839637940749526; 0,21611111285164952; 0,32358635356649756
0,009519242184269769; 0,07178037753328681; 0,2568121165968478; 0,9304944947361946; 0,0330471689812839; 0,1076824413612485; 0,6606395309790969; 0,8768820753321052; 0,2756816581822932; 0,8283312502317131; 0,5044964323751628
0,7329786437304632; 0,733778890222311; 0,39062678487971425; 0,8616911638528109; 0,40786400996148586; 0,08486998314037919; 0,44215838657692075; 0,07644937327131629; 0,20668544108048081; 0,9444408728741109; 0,04044742276892066
0,2916798679651852; 0,5359985129907727; 0,9612178052775562; 0,18784059071913362; 0,9239791026338935; 0,8597532608546317; 0,7211242150515318; 0,22897401498630643; 0,5999092552810907; 0,5146546163596213; 0,9061651942320168
0,0999417506348901; 0,17960723210126162; 0,16145259980112314; 0,6607853514142334; 0,6110647553578019; 0,39658377319574356; 0,9217171594500542; 0,042616704013198614; 0,8887455468066037; 0,6965170092880726; 0,9600016693584621
-0,5211414940462735; 0,7189167505130172; 0,4879623861052096; 0,7222067057155073; 0,3461054558865726; 0,7151373317465186; 0,5744452509097755; 0,24242962524294853; 0,7067891140468419; 0,6021453505381942; 0,49629828287288547
0,030379833740258343; 0,24493270739912987; 0,044847709126770496; 0,6264993296936154; 0,7080225609242916; 0,0823572427034378; 0,7759053008630872; 0,4585737264715135; 0,7741177594289184; 0,47430503461509943; 0,698490911629051
-0,00098986959950317; 0,9310766709968448; 0,2986436518840492; 0,33384434366598725; 0,39430353743955493; 0,3234766139648855; 0,5006078351289034; 0,3834174210205674; 0,5572208678349853; 0,6549299587495625; 0,09616790944710374
0,01572180802187035; 0,28030125610530376; 0,9763114736415446; 0,0791261363774538; 0,9945456492714584; 0,7130118808709085; 0,2013886347413063; 0,16878207121044397; 0,0033636665903031826; 0,536133287474513; 0,7935968199744821
0,11255826440748516; 0,296739699319005; 0,6613721996545792; 0,13173278188332915; 0,6380664808675647; 0,31368650030344725; 0,520821918733418; 0,4255273127928376; 0,05199457099661231; 0,19600456953048706; 0,07798115257173777
-0,05700689346659799; 0,022748530842363834; 0,46015949081629515; 0,17334769992157817; 0,5415701465681195; 0,09835088159888983; 0,02301130210980773; 0,17460036789998412; 0,5156908114440739; 0,9431614414788783; 0,832991607952863
-0,241692883020611; 0,42902497900649905; 0,7928369282744825; 0,6399684445932508; 0,501122678630054; 0,2888426030986011; 0,22494361037388444; 0,2363840462639928; 0,9399058953858912; 0,20356279239058495; 0,6333565893583
0,4622034145030314; 0,510992300696671; 0,6179478261619806; 0,31047702906653285; 0,9439370832405984; 0,9427160960622132; 0,878262341953814; 0,45843453239649534; 0,6670505246147513; 0,9588227979838848; 0,7286095297895372
0,06899607769069581; 0,06564936693757772; 0,6412984752096236; 0,9816705188713968; 0,4432520787231624; 0,07802956737577915; 0,8360745864920318; 0,35879224771633744; 0,9283603224903345; 0,19717264408245683; 0,6376887634396553
0,0092199029847376; 0,21111445548012853; 0,570960998069495; 0,43723941035568714; 0,18798621138557792; 0,35827819211408496; 0,6080999132245779; 0,5087031293660402; 0,29689733032137156; 0,8431242303922772; 0,1835742350667715
-0,3350057414426125; 0,49375027790665627; 0,221031557302922; 0,35073472280055285; 0,5123373223468661; 0,8099887636490166; 0,35319752991199493; 0,3035376276820898; 0,5393679090775549; 0,6180566637776792; 0,614909382071346
0,4885772411615749; 0,45734322583302855; 0,3679964570328593; 0,03084183717146516; 0,8119386327452958; 0,09584683086723089; 0,9352145502343774; 0,7642184090800583; 0,8349643535912037; 0,5285238991491497; 0,22018348658457398
0,08813264310770007; 0,8971213665790856; 0,1893187570385635; 0,8649197574704885; 0,04464778257533908; 0,6390433791093528; 0,171567399520427; 0,6720287851057947; 0,8411405719816685; 0,7164869969710708; 0,7629347974434495
-0,18691143431526905; 0,24257703078910708; 0,3118477798998356; 0,6439949362538755; 0,10795019753277302; 0,9118792982771993; 0,051953228656202555; 0,3086419659666717; 0,25123036466538906; 0,17995921801775694; 0,27054485538974404
0,03728151276997927; 0,07544668857008219; 0,8391929538920522; 0,46120510529726744; 0,12667963840067387; 0,6890538688749075; 0,7969839628785849; 0,21340232249349356; 0,40237706573680043; 0,9700602660886943; 0,05284132994711399
0,027402878772849346; 0,21231916081160307; 0,25527011835947633; 0,09251251444220543; 0,13304440258070827; 0,7571546691469848; 0,2931020590476692; 0,16780751757323742; 0,4422103934921324; 0,08834657445549965; 0,09960764646530151
0,9754270645109177; 0,5995605271309614; 0,2969772215001285; 0,7048079702071846; 0,32788049429655075; 0,17407041229307652; 0,3336061695590615; 0,5764650022611022; 0,7446288294158876; 0,9268322689458728; 0,5038010678254068
0,1561419755482408; 0,5422193557024002; 0,7925695702433586; 0,005403701215982437; 0,2813975661993027; 0,7075303425081074; 0,3186955414712429; 0,2538597844541073; 0,2682800302281976; 0,9553989372216165; 0,08149854512885213
0,3678920463236482; 0,6958808405324817; 0,5263599930331111; 0,8565162704326212; 0,15552253415808082; 0,7366917538456619; 0,7750340453349054; 0,22219421481713653; 0,613488498609513; 0,6220255279913545; 0,11661474499851465
-0,1117036622449437; 0,1632765606045723; 0,8460729089565575; 0,6810250552371144; 0,3826546175405383; 0,1699662385508418; 0,19866951648145914; 0,12834329949691892; 0,9291260656900704; 0,817007171921432; 0,012245993129909039
0,8269288066802734; 0,9799122512340546; 0,8069059131667018; 0,14578937413170934; 0,1993840467184782; 0,08123131794854999; 0,31263852305710316; 0,9001932870596647; 0,510583630297333; 0,7916980795562267; 0,824666840955615
-0,4017998787595567; 0,6781203863210976; 0,5111747421324253; 0,17215071665123105; 0,08147200290113688; 0,4463576711714268; 0,07105425372719765; 0,68383998144418; 0,3820552774704993; 0,19194127526134253; 0,6538390265777707
-0,39479089186697985; 0,5362435537390411; 0,6031082947738469; 0,7028531809337437; 0,1087008761242032; 0,6607747487723827; 0,09980534948408604; 0,8588481107726693; 0,3715106453746557; 0,7015855317004025; 0,8001660141162574
-0,2674597014987852; 0,9881735164672136; 0,4724877392873168; 0,07770805340260267; 0,3835901841521263; 0,34553665621206164; 0,5311333443969488; 0,6925661652348936; 0,2663638945668936; 0,707234316971153; 0,9429748067632318
0,0702631883463558; 0,1283347145654261; 0,8995584892109036; 0,22235579881817102; 0,9928838424384594; 0,040439908392727375; 0,6485330229625106; 0,9913739836774766; 0,4311758494004607; 0,7179441675543785; 0,13790265610441566
0,239933509828033; 0,5403478532098234; 0,906331351492554; 0,025925728026777506; 0,28546806378290057; 0,38890050863847136; 0,6286593060940504; 0,7455831873230636; 0,3334090830758214; 0,2543695573695004; 0,6236599553376436
0,19911726918795322; 0,82979273237288; 0,3274177750572562; 0,8772616107016802; 0,24823953164741397; 0,5039156777784228; 0,36807518964633346; 0,11845927266404033; 0,26764717185869813; 0,7575760576874018; 0,30521157290786505
-0,6849939145058207; 0,789854786824435; 0,6675503635779023; 0,9310413040220737; 0,7027261923067272; 0,905784972012043; 0,40695666056126356; 0,2601001188158989; 0,8672773540019989; 0,20798771968111396; 0,18147037224844098
-0,10981606464263689; 0,7590915798209608; 0,2020750823430717; 0,9460888057947159; 0,47832968132570386; 0,15197495557367802; 0,8017044351436198; 0,6578565528616309; 0,2987888348288834; 0,3287307843565941; 0,485135484021157
-0,658564756987138; 0,6247779494151473; 0,22383918147534132; 0,31873599952086806; 0,6403430653735995; 0,7133239875547588; 0,8856016336940229; 0,4640983399003744; 0,7217111457139254; 0,9228367116302252; 0,7248856574296951
-0,01675920632007812; 0,7124360529705882; 0,12290863832458854; 0,04069877928122878; 0,13296974450349808; 0,521054370328784; 0,17278963746502995; 0,49955476401373744; 0,062161012552678585; 0,5844129864126444; 0,4018071983009577
0,04618746865682437; 0,06161567522212863; 0,3053520959801972; 0,2322689536958933; 0,7327884864062071; 0,5165171208791435; 0,591600582934916; 0,00880509428679943; 0,47496651438996196; 0,18458459991961718; 0,12957272538915277
-0,12395369982268893; 0,1680814945138991; 0,9118189928121865; 0,7518572742119431; 0,7353909639641643; 0,6769052883610129; 0,13834159402176738; 0,18605326488614082; 0,5308107053861022; 0,3988566002808511; 0,09312137588858604
0,15754555885001384; 0,18822669703513384; 0,6874390821903944; 0,07764164125546813; 0,7030735514126718; 0,9936595787294209; 0,6947682253085077; 0,6317418124526739; 0,965164789929986; 0,04400579631328583; 0,3453433425165713
0,11949855496412645; 0,2152163446880877; 0,4102079630829394; 0,4917343584820628; 0,4055165834724903; 0,5760970134288073; 0,8753456058911979; 0,5623661233112216; 0,5912295682355762; 0,8658754578791559; 0,5385119155980647
-0,32747606678790553; 0,7493549706414342; 0,9975578971207142; 0,45075885159894824; 0,14350059302523732; 0,2174443476833403; 0,21618277439847589; 0,38702258095145226; 0,6476325104013085; 0,7556729782372713; 0,2876834226772189
-0,4406740426087165; 0,703148290514946; 0,28422080585733056; 0,08850130485370755; 0,45165319833904505; 0,7932141087949276; 0,5859527979046106; 0,7532293791882694; 0,3070367001928389; 0,01711816992610693; 0,6093101110309362
0,22634344049216515; 0,7789642536081374; 0,276773439720273; 0,2984650181606412; 0,04369185818359256; 0,6145014283247292; 0,05848881881684065; 0,012640167493373156; 0,44724867306649685; 0,5641248528845608; 0,3385174563154578
0,18636233558460544; 0,7124599535018206; 0,19733536196872592; 0,9405720978975296; 0,9369767792522907; 0,2739616120234132; 0,31737109972164035; 0,9214806137606502; 0,9085596101358533; 0,7389042139984667; 0,08356926077976823
-0,5727290991673718; 0,8100959165021777; 0,6142849270254374; 0,3986551072448492; 0,3321197647601366; 0,5357975116930902; 0,1086392318829894; 0,057668625842779875; 0,45638463692739606; 0,6760593112558126; 0,78330959379673
-0,0051743647078221185; 0,8658214211463928; 0,0208571907132864; 0,2253555548377335; 0,7738561253063381; 0,15861898008733988; 0,6067387037910521; 0,14617690537124872; 0,22300934232771397; 0,790923613589257; 0,7850653007626534
-0,2456542460889931; 0,6958969389088452; 0,20187476556748152; 0,2150901104323566; 0,18218439584597945; 0,6813920876011252; 0,9219813970848918; 0,35756161203607917; 0,4103778568096459; 0,7305164765566587; 0,37924768310040236
0,21206966356720983; 0,4523714818060398; 0,43729427782818675; 0,8021001312881708; 0,11939065484330058; 0,0963345211930573; 0,8848305037245154; 0,6126325228251517; 0,003156389109790325; 0,3212363473139703; 0,5761035708710551
-0,23906402896332218; 0,6463706726208329; 0,8246320551261306; 0,39766644360497594; 0,17105045914649963; 0,2917978875339031; 0,250290903262794; 0,3102825121022761; 0,16978729516267776; 0,9773787097074091; 0,13859015703201294
-0,11903969635275152; 0,09490720368921757; 0,5463846730999649; 0,8528858278878033; 0,17947895359247923; 0,4151931209489703; 0,12130039324983954; 0,4413256896659732; 0,8090644129551947; 0,9596437430009246; 0,5254331054165959
-0,06209930117002852; 0,13327370956540108; 0,10928776487708092; 0,7121527502313256; 0,14880547299981117; 0,9535436765290797; 0,23991769552230835; 0,9640497965738177; 0,0658207219094038; 0,2438464742153883; 0,35392874712124467
0,09641349458457224; 0,9463649620302022; 0,1807173010893166; 0,4558665440417826; 0,9617122197523713; 0,13440882600843906; 0,09362593153491616; 0,9959459016099572; 0,619288092944771; 0,9742567534558475; 0,3194250254891813
-0,008864510961220323; 0,10942420084029436; 0,8087421404197812; 0,4443495627492666; 0,057851605117321014; 0,03909568954259157; 0,5362234767526388; 0,9954681722447276; 0,5450961538590491; 0,5662337993271649; 0,2172773452475667
0,026162335279639053; 0,44157087290659547; 0,6252160132862628; 0,5834024236537516; 0,3512770514935255; 0,4943808144889772; 0,6799338171258569; 0,9568104259669781; 0,7791830217465758; 0,7699259836226702; 0,9141077199019492
0,21482977178713605; 0,5730307614430785; 0,5684724594466388; 0,6030430849641562; 0,4030004944652319; 0,39740506652742624; 0,8118923725560308; 0,36102280719205737; 0,3835032880306244; 0,8970197490416467; 0,9144298196770251
0,48398412003676367; 0,9086383157409728; 0,8772886162623763; 0,11516506923362613; 0,21821741946041584; 0,22813973855227232; 0,45448633283376694; 0,6964920945465565; 0,4239690024405718; 0,42583474703133106; 0,8178173000924289
0,04888454463574664; 0,034112142864614725; 0,17888815281912684; 0,3660501758567989; 0,43384382827207446; 0,7340317638590932; 0,7958122366108; 0,23559414688497782; 0,8151777610182762; 0,15128541737794876; 0,24938948173075914
0,1200891523829269; 0,48810576973482966; 0,8363557709380984; 0,14629055047407746; 0,6437556697055697; 0,4808518635109067; 0,4619816285558045; 0,7848099125549197; 0,018410553690046072; 0,7138797896914184; 0,8856974150985479
0,03619493305934438; 0,38179801730439067; 0,8196626943536103; 0,3798604542389512; 0,4182042949832976; 0,9028503051958978; 0,6166754723526537; 0,0359279764816165; 0,09893588675186038; 0,9649796783924103; 0,5945437760092318
-0,05628196540613479; 0,01563148247078061; 0,5124811418354511; 0,20235078735277057; 0,04656309820711613; 0,04898958886042237; 0,003927520476281643; 0,3457516171038151; 0,05576106300577521; 0,3367263972759247; 0,36374057037755847
-0,027159017757802568; 0,11597368121147156; 0,12917364994063973; 0,919763455633074; 0,27768753096461296; 0,8462648764252663; 0,45766626857221127; 0,1988979335874319; 0,7546836999244988; 0,24971354845911264; 0,023735485039651394
-0,19036231364193526; 0,3879504348151386; 0,20970715675503016; 0,389730382245034; 0,9705541459843516; 0,1211239667609334; 0,31280482886359096; 0,09536443930119276; 0,3152160681784153; 0,25568620301783085; 0,5604537804611027
-0,06361283434626419; 0,8443678421899676; 0,09512831084430218; 0,9921865751966834; 0,7420569113455713; 0,15493190847337246; 0,9281152039766312; 0,937111176084727; 0,9125847639515996; 0,5143622010946274; 0,6629301309585571
-0,43283191410162264; 0,4518476640805602; 0,3871823907829821; 0,5379495630040765; 0,5559872966259718; 0,619727389421314; 0,055618269834667444; 0,2430854607373476; 0,09861866198480129; 0,7054186901077628; 0,36619053641334176
0,521744514949758; 0,705670109950006; 0,33173394249752164; 0,3239920479245484; 0,9830725225619972; 0,47583440225571394; 0,28192514926195145; 0,5708364848978817; 0,23447010572999716; 0,775049252435565; 0,9319659718312323
-0,38194423357018953; 0,4318801751360297; 0,38416471565142274; 0,9091739039868116; 0,6796517088077962; 0,7498622289858758; 0,10149638634175062; 0,053338964469730854; 0,29746871814131737; 0,2660615243948996; 0,5017998325638473
0,441428640775306; 0,69179572397843; 0,7930237017571926; 0,4194742999970913; 0,27187867229804397; 0,2219106014817953; 0,9329367224127054; 0,5649387184530497; 0,10627220058813691; 0,3541675335727632; 0,07300479570403695
-0,19749168079201967; 0,4915605238638818; 0,7632022462785244; 0,797079720068723; 0,36190484277904034; 0,593521558213979; 0,3656794922426343; 0,9819661821238697; 0,5348023399710655; 0,59077656455338; 0,13394693657755852
0,004918949082610058; 0,7884517656639218; 0,029336273670196533; 0,47586027393117547; 0,03586594946682453; 0,49322325736284256; 0,4237414291128516; 0,6075641666539013; 0,9015613924711943; 0,5308693125844002; 0,2252252735197544
-0,3647894446909026; 0,9078680360689759; 0,42169859493151307; 0,8350523840636015; 0,6874748049303889; 0,08785043563693762; 0,8740563523024321; 0,14081154903396964; 0,4702921030111611; 0,5157653237693012; 0,2901044744066894
-0,1421473462262227; 0,05767130292952061; 0,3729218547232449; 0,570840809494257; 0,9776265327818692; 0,9132683221250772; 0,035783025436103344; 0,5564243285916746; 0,34862999618053436; 0,9330614050850272; 0,6803250070661306
-0,04103996788697077; 0,6826473232358694; 0,03856881335377693; 0,06203080201521516; 0,9339057970792055; 0,31140864128246903; 0,7293951231986284; 0,7475035721436143; 0,9477376015856862; 0,4979659332893789; 0,033826560247689486
0,2700057358854563; 0,334225011523813; 0,31407813634723425; 0,9771584393456578; 0,7035778891295195; 0,6232974510639906; 0,9608453647233546; 0,21260357601568103; 0,4349396536126733; 0,45134527888149023; 0,2889593429863453
-0,0875439430546017; 0,09098969027400017; 0,7230503428727388; 0,563754762057215; 0,0693611828610301; 0,37122694309800863; 0,16394836595281959; 0,16187108121812344; 0,20925125386565924; 0,181028189137578; 0,7594564147293568
-0,09859524070542067; 0,4087108760140836; 0,8413932514376938; 0,2784836390055716; 0,845154385548085; 0,7291708262637258; 0,2513273018412292; 0,32299588108435273; 0,4161163065582514; 0,5244568204507232; 0,43751361733302474
-0,5573875453305237; 0,3608123860321939; 0,012932668440043926; 0,5779959680512547; 0,897032642737031; 0,2882474083453417; 0,2130630579777062; 0,09391494002193213; 0,8833095417357981; 0,99754484789446; 0,5776228099130094
0,044635731497845714; 0,8628306868486106; 0,22930281842127442; 0,23486404633149505; 0,33644722821190953; 0,5968361981213093; 0,24769120756536722; 0,011998020578175783; 0,3723242962732911; 0,5795676629059017; 0,9367050006985664
0,02971348254896086; 0,49273681035265326; 0,6464870278723538; 0,7729532471857965; 0,45572328101843596; 0,08238949254155159; 0,6927414117380977; 0,46650272654369473; 0,31980926636606455; 0,9949369849637151; 0,9489247086457908
-0,23264411144311203; 0,8802896272391081; 0,28133047046139836; 0,09148873155936599; 0,5069292108528316; 0,7065653032623231; 0,8426306205801666; 0,6206949539482594; 0,18536393297836185; 0,5649350360035896; 0,9505155715160072
-0,20482232392799077; 0,26140698231756687; 0,7969519179314375; 0,6264581857249141; 0,9598325351253152; 0,9171330207027495; 0,06047982722520828; 0,3241381314583123; 0,10415943618863821; 0,7190899644047022; 0,4156385101377964
0,7009053085258001; 0,92823994345963; 0,6554383151233196; 0,6754735945723951; 0,9905417640693486; 0,09670698503032327; 0,9083747630938888; 0,105983498506248; 0,27637049509212375; 0,3138508955016732; 0,8774114875122905
-0,9908068480152408; 0,9659583452157676; 0,6931997309438884; 0,1444576596841216; 0,2036999249830842; 0,5412277923896909; 0,5885270913131535; 0,42098762979730964; 0,447573674377054; 0,592787308152765; 0,29692678386345506
0,06037242294173281; 0,032236323691904545; 0,8536104843951762; 0,2952242949977517; 0,1167264748364687; 0,06521938415244222; 0,9781007301062346; 0,18622185289859772; 0,2346818121150136; 0,74064188497141; 0,3763991235755384
-0,08443168017294629; 0,18499654904007912; 0,699350249953568; 0,8568888348527253; 0,40308163268491626; 0,5933110131882131; 0,3786286674439907; 0,3243974740616977; 0,7109810807742178; 0,2215555845759809; 0,21147431759163737
0,021266910391086503; 0,22494451375678182; 0,5973911955952644; 0,117922259029001; 0,1925971433520317; 0,656134313903749; 0,29275663988664746; 0,8335675364360213; 0,5828332216478884; 0,9450793215073645; 0,16826783074066043
-0,2630819324196497; 0,8591882023029029; 0,9199336739256978; 0,6200456935912371; 0,16337517090141773; 0,4275608095340431; 0,504734467715025; 0,766807112377137; 0,47859968105331063; 0,6961828293278813; 0,5000910172238946
0,1752878882216691; 0,18022766755893826; 0,47609741566702724; 0,01537078944966197; 0,6757391467690468; 0,6010633581317961; 0,9272827603854239; 0,5831934618763626; 0,8167890072800219; 0,6989082940854132; 0,2980802753008902
-0,701046607775786; 0,7212462029419839; 0,6252412861213088; 0,3093397319316864; 0,45966916531324387; 0,8166799629107118; 0,059577296022325754; 0,7759492173790932; 0,8285794528201222; 0,546197057235986; 0,524268118198961
-0,032317922808250736; 0,39718041056767106; 0,37416882114484906; 0,28755839774385095; 0,4917902201414108; 0,45576985040679574; 0,39962936053052545; 0,7660423638299108; 0,5863480269908905; 0,5312569728121161; 0,6199955441989005
-0,02026162389295768; 0,5016501066274941; 0,7540887203067541; 0,28967082872986794; 0,08581549860537052; 0,9583259858191013; 0,4196062586270273; 0,12025195080786943; 0,7965740719810128; 0,5946598318405449; 0,6597842131741345
-0,26674944419218743; 0,9445887128822505; 0,346422181930393; 0,11648920550942421; 0,5325244008563459; 0,9860937190242112; 0,8594037415459752; 0,3192646261304617; 0,27288210298866034; 0,23743868758901954; 0,929864751175046
0,06596474549254933; 0,3931744103319943; 0,9889290970750153; 0,5306565407663584; 0,2052948190830648; 0,41340768709778786; 0,7772443806752563; 0,5379045717418194; 0,8042486612685025; 0,04797123186290264; 0,0052083395421504974
-0,044580252181081345; 0,15676247840747237; 0,9921065783128142; 0,8093624291941524; 0,3922034534625709; 0,25704892352223396; 0,41231962433084846; 0,21047938475385308; 0,4151769676245749; 0,2656263574026525; 0,2644252679310739
0,5259735884761939; 0,4715926982462406; 0,35394659359008074; 0,11887394031509757; 0,8394779083319008; 0,4867562470026314; 0,7745504849590361; 0,6733740232884884; 0,2311596479266882; 0,653689805418253; 0,1526993252336979
-0,2640501756075752; 0,6021021450869739; 0,7906187856569886; 0,6753492834977806; 0,18757742969319224; 0,6886495416983962; 0,32901256857439876; 0,8942645429633558; 0,9899182072840631; 0,08780035749077797; 0,5725403376854956
-0,05288768894059526; 0,010854864958673716; 0,6414758157916367; 0,3834184296429157; 0,37769104121252894; 0,3490842804312706; 0,26322616869583726; 0,11212723003700376; 0,9922943315468729; 0,29047056287527084; 0,1219771490432322
0,3856412404195651; 0,6319262720644474; 0,3985334816388786; 0,8077587280422449; 0,1212056721560657; 0,5666602039709687; 0,7658820715732872; 0,25549476547166705; 0,3941515628248453; 0,44053079653531313; 0,20048820739611983
0,06355693723254423; 0,20282385684549809; 0,4324960932135582; 0,16885339515283704; 0,5012131896801293; 0,8161527700722218; 0,494055881164968; 0,6031534057110548; 0,40167429065331817; 0,8028885270468891; 0,3781181648373604
0,3756993173050046; 0,7203909908421338; 0,4940640050917864; 0,8856852394528687; 0,8813972319476306; 0,021339972037822008; 0,6775148990564048; 0,6793501465581357; 0,32933431351557374; 0,8935918305069208; 0,7714253407903016
0,02668285405243324; 0,15365635184571147; 0,03589593572542071; 0,9979980583302677; 0,8560801860876381; 0,3038180423900485; 0,7800804381258786; 0,8737986809574068; 0,2717803381383419; 0,19150980049744248; 0,4227432091720402
0,0037308633453708487; 0,22249641409143806; 0,9046018673107028; 0,8782991049811244; 0,2909368281252682; 0,8678064113482833; 0,6489923093467951; 0,5291030080989003; 0,10604044003412127; 0,5074987281113863; 0,022133275866508484
0,09244930814430029; 0,09618222201243043; 0,15698803216218948; 0,9472619146108627; 0,6394485104829073; 0,2573445066809654; 0,9200860937125981; 0,9061192465014756; 0,8256728500127792; 0,5989727745763958; 0,1424591699615121
0,5166900624355991; 0,4751193164847791; 0,3145932462066412; 0,47962915152311325; 0,6248641554266214; 0,9238211014308035; 0,9593738657422364; 0,7876495253294706; 0,9324374040588737; 0,9982146383263171; 0,773900683503598
0,055327208343561196; 0,07956640096381307; 0,3558451128192246; 0,9523764559999108; 0,7781226765364408; 0,1259628259576857; 0,7457798654213548; 0,22726305853575468; 0,39112000819295645; 0,738462841603905; 0,3492770534940064
0,0986449964462758; 0,05215432355180383; 0,4163939794525504; 0,5323152099736035; 0,5034766457974911; 0,2601680220104754; 0,9334064642898738; 0,28287152107805014; 0,8430818151682615; 0,277937104459852; 0,20862952712923288
0,0120593442048276; 0,18060792610049248; 0,34844945231452584; 0,16191971860826015; 0,3461697129532695; 0,5820274939760566; 0,3275027242489159; 0,9043205236084759; 0,2893597357906401; 0,12697859574109316; 0,7891140021383762
-0,02456573604980625; 0,12522900430485606; 0,9418302732519805; 0,8629936915822327; 0,05175781203433871; 0,32996673230081797; 0,47661334183067083; 0,8101671691983938; 0,23959228489547968; 0,6763571854680777; 0,8003194006159902
0,14602590911350463; 0,2328770561143756; 0,6563445068895817; 0,16149207716807723; 0,9088830468244851; 0,23537053121253848; 0,6457826248370111; 0,19450577720999718; 0,7405212754383683; 0,5316088288091123; 0,7398110032081604
0,5107103923338894; 0,8312391927465796; 0,9926467789337039; 0,7934057852253318; 0,33178044063970447; 0,8756729383021593; 0,9373728092759848; 0,7573994765989482; 0,9087501680478454; 0,4135648370720446; 0,23111741663888097
-0,13531305481752112; 0,8646876341663301; 0,16710308007895947; 0,7250704783946276; 0,839067576918751; 0,9216998550109565; 0,980483534745872; 0,6956597035750747; 0,048519392497837543; 0,26167158083990216; 0,7451262716203928
0,030788831537854403; 0,7338037816807628; 0,9092051251791418; 0,3041662285104394; 0,9624655577354133; 0,5989620829932392; 0,48888458497822285; 0,8747135768644512; 0,03702102415263653; 0,23723630886524916; 0,49046497605741024
0,03003553534049436; 0,7890739580616355; 0,07055635377764702; 0,9470596518367529; 0,9613978308625519; 0,22978525143116713; 0,34144204016774893; 0,1894323918968439; 0,21190449921414256; 0,5816855914890766; 0,5249869110994041
-0,08971649712674616; 0,2617055061273277; 0,5583632700145245; 0,3164236485026777; 0,9788952437229455; 0,2571181799285114; 0,2812945432960987; 0,06354997400194407; 0,17538465140387416; 0,9965764884836972; 0,629282942507416
0,09117808467666098; 0,5862949904985726; 0,5468269689008594; 0,5350570608861744; 0,9257101621478796; 0,7526386696845293; 0,6754819178022444; 0,9361761868931353; 0,8510564044117928; 0,498924448620528; 0,6896097026765347
-0,02940179297799206; 0,08773631323128939; 0,21944064972922206; 0,5400194763205945; 0,40725666703656316; 0,8147865710780025; 0,5115341697819531; 0,9845250835642219; 0,6089960350655019; 0,8940241662785411; 0,9728206773288548
-0,07492915057767838; 0,2934328489936888; 0,9064320446923375; 0,9839428132399917; 0,33379334677010775; 0,923935400787741; 0,35659874230623245; 0,738889878615737; 0,44632938178256154; 0,6530650048516691; 0,6762584103271365
-0,024420847098721457; 0,18607026059180498; 0,28375412663444877; 0,5837924182415009; 0,7580628632567823; 0,9957328578457236; 0,5928657376207411; 0,5972801800817251; 0,8514005378820002; 0,39612966775894165; 0,7594768689014018
0,13639233818452495; 0,37885297555476427; 0,07200599508360028; 0,19210050581023097; 0,6071994421072304; 0,12146856123581529; 0,48026754846796393; 0,12683299742639065; 0,18934490345418453; 0,9149411236867309; 0,02594137843698263
-0,008660982906133837; 0,9032214097678661; 0,06623137881979346; 0,21602461114525795; 0,06274185236543417; 0,22742862440645695; 0,5592343774624169; 0,8208670848980546; 0,7364745447412133; 0,2512825573794544; 0,505412588827312
0,39484331634376096; 0,44319481309503317; 0,5030639204196632; 0,379169006831944; 0,9537095730192959; 0,17656587343662977; 0,9154888894408941; 0,009369633626192808; 0,7694421890191734; 0,4497294179163873; 0,451832327991724
-0,05389598956798224; 0,25631131371483207; 0,32904600398615; 0,1790949823334813; 0,01609860872849822; 0,6596341570839286; 0,11926776496693492; 0,9801710471510887; 0,024439473170787096; 0,2563358577899635; 0,1128420284949243
0,3397064030657262; 0,5214451900683343; 0,5601419992744923; 0,2170774918049574; 0,19843635568395257; 0,36199048394337296; 0,9758345913141966; 0,3670861031860113; 0,04171899426728487; 0,04795732768252492; 0,4636369813233614
-0,21647169907466485; 0,8790351366624236; 0,6058442778885365; 0,6253492976538837; 0,3167957877740264; 0,9458259157836437; 0,6738947462290525; 0,7290694122202694; 0,14883568417280912; 0,8473065630532801; 0,34007227467373013
0,26914499415248083; 0,806312067899853; 0,22372146742418408; 0,6585300983861089; 0,5367934885434806; 0,08253559423610568; 0,011855029966682196; 0,0037228758446872234; 0,8248585504479706; 0,8105223150923848; 0,5400676508434117
-0,035888277154312365; 0,08579716784879565; 0,5359463868662715; 0,7048089122399688; 0,19272224511951208; 0,5720176221802831; 0,519673622213304; 0,2596957595087588; 0,7630633688531816; 0,17238901322707534; 0,8838436068035662
0,2827887905673146; 0,48045451613143086; 0,4700202466920018; 0,3483650437556207; 0,6525250026024878; 0,14842246286571026; 0,7683746023103595; 0,9342705863527954; 0,09315269067883492; 0,7965064831078053; 0,6860916507430375
0,08769071574286158; 0,13612904446199536; 0,9454065975733101; 0,02682882407680154; 0,7043685205280781; 0,3660130766220391; 0,6177355526015162; 0,41819288628175855; 0,3343317611142993; 0,5689033539965749; 0,06774014374241233
-0,00017862766722172025; 0,057682331185787916; 0,9279855932109058; 0,38105568243190646; 0,793604199308902; 0,9019515318796039; 0,537810580804944; 0,561730335932225; 0,03629558905959129; 0,8599431137554348; 0,22968644788488746
0,350742623621687; 0,8500342178158462; 0,5228707357309759; 0,44068714417517185; 0,18204402131959796; 0,1591174015775323; 0,480104788672179; 0,5515993880107999; 0,43818407924845815; 0,5282107722014189; 0,7413169564679265
0,09837630918131349; 0,6098955958150327; 0,5419884966686368; 0,7943024877458811; 0,2560797268524766; 0,8000720655545592; 0,7228155843913555; 0,7868400998413563; 0,9817673433572054; 0,730142539832741; 0,3145119263790548
-0,9697572639165305; 0,9160856073722243; 0,7239429275505245; 0,3424086943268776; 0,09646124951541424; 0,837094203568995; 0,8030179105699062; 0,8590217218734324; 0,3074553497135639; 0,7774159116670489; 0,6226904187351465
0,05005198710762361; 0,015054208692163229; 0,9049797635525465; 0,018063990864902735; 0,8718319912441075; 0,03711288142949343; 0,5377607410773635; 0,44709028769284487; 0,18392758257687092; 0,14958437625318766; 0,983359806239605
0,08546674098508401; 0,1759822890162468; 0,6782013271003962; 0,8276600218378007; 0,7615323727950454; 0,526818725746125; 0,8741923957131803; 0,0029741297475993633; 0,36385319801047444; 0,21555843902751803; 0,6912772725336254
-0,04649201303706228; 0,6540249302051961; 0,8198248264379799; 0,5634238324128091; 0,6119281169958413; 0,2908247848972678; 0,60576610872522; 0,9336101310327649; 0,28738187346607447; 0,5967244105413556; 0,5985033647157252
0,09281375378121623; 0,49718776205554605; 0,725817303173244; 0,21851733652874827; 0,07720399601384997; 0,31379798008129; 0,562865350395441; 0,1301655573770404; 0,1865094183012843; 0,8381504798308015; 0,9693293324671686
0,02431188420966976; 0,30076985619962215; 0,6062186355702579; 0,772517925594002; 0,07247128756716847; 0,6474915430881083; 0,7139735165983438; 0,4306286736391485; 0,09024185501039028; 0,6382759399712086; 0,1352381338365376
0,5690986553544619; 0,6262513939291239; 0,4031888945028186; 0,9557026675902307; 0,12634575506672263; 0,06318769743666053; 0,8041857806965709; 0,4988480503670871; 0,6234953729435802; 0,9034113269299269; 0,8217124869115651
-0,00943550967801341; 0,03612397005781531; 0,49198669381439686; 0,710084704682231; 0,7280732123181224; 0,28886695113033056; 0,6379830604419112; 0,3380770874209702; 0,9580266731791198; 0,14494748134166002; 0,06495417281985283
-0,005526648217145003; 0,15565603179857135; 0,8536353125236928; 0,14199867937713861; 0,19673761166632175; 0,8632496665231884; 0,2201897162012756; 0,8037732704542577; 0,08367152186110616; 0,15560809476301074; 0,9280155375599861
-0,11806532283188347; 0,004228558391332626; 0,3077603909187019; 0,7807763121090829; 0,7202984332107008; 0,06692865584045649; 0,08585841860622168; 0,8300295509397984; 0,2787031945772469; 0,27978359162807465; 0,5202569509856403
-0,04894075158161132; 0,7184025556780398; 0,22464460553601384; 0,5021245493553579; 0,46929963445290923; 0,5308532346971333; 0,6765867662616074; 0,45517879677936435; 0,1750496355816722; 0,5211006165482104; 0,5548699642531574
0,5233579284883578; 0,8087585810571909; 0,38321145810186863; 0,8125540446490049; 0,005616635549813509; 0,5997445154935122; 0,16422441322356462; 0,9045489891432226; 0,4018165282905102; 0,7238859962671995; 0,7803872735239565
-0,07113579532943859; 0,6449321694672108; 0,16357282921671867; 0,08226724807173014; 0,9086109236814082; 0,6241060639731586; 0,2833506534807384; 0,14970786776393652; 0,10243959072977304; 0,6839803918264806; 0,6672025546431541
-0,09008255733722441; 0,0865959906950593; 0,7777499030344188; 0,6359910583123565; 0,4006665158085525; 0,15934812230989337; 0,2312417454086244; 0,10828460054472089; 0,927642501424998; 0,6115223816595972; 0,19662136770784855
0,2303365275862634; 0,9273025305010378; 0,8121953536756337; 0,21193397091701627; 0,6667730445042253; 0,3582173311151564; 0,9597278251312673; 0,7880521370097995; 0,9343409677967429; 0,0837714746594429; 0,3924998641014099
0,024060383141381935; 0,26036845380440354; 0,16501240292564034; 0,6861645467579365; 0,11169546702876687; 0,3840242293663323; 0,729199294000864; 0,3368891137652099; 0,5426880456507206; 0,5778879090212286; 0,3083642958663404
-0,025787385279354938; 0,9199395165778697; 0,048310816287994385; 0,11346796387806535; 0,830180796328932; 0,21427780902013183; 0,7956600682809949; 0,7154062548652291; 0,33824656903743744; 0,7183333849534392; 0,9965049447491765
0,2079635307569413; 0,43075555143877864; 0,5141683639958501; 0,06745516089722514; 0,2222195863723755; 0,46900138165801764; 0,9940597345121205; 0,792555462103337; 0,9109536446630955; 0,07062136055901647; 0,2258654125034809
-0,18874382439236073; 0,8302359799854457; 0,6245958870276809; 0,17841914994642138; 0,5286160209216177; 0,0024061924777925014; 0,7028055405244231; 0,9688986944966018; 0,8957506837323308; 0,03404063964262605; 0,8836133219301701
0,03407952133264262; 0,33785186475142837; 0,8007383062504232; 0,44893136620521545; 0,20025776093825698; 0,5592215461656451; 0,670130480080843; 0,688217940274626; 0,6358245084993541; 0,3947635698132217; 0,6332234116271138
-0,21455106444399852; 0,4163496419787407; 0,8904050718992949; 0,9929047599434853; 0,5436863219365478; 0,3061579898931086; 0,12621123157441616; 0,6520275287330151; 0,332056840416044; 0,10096339927986264; 0,2608085423707962
0,2143155687460754; 0,7496076482348144; 0,9055943991988897; 0,23131789546459913; 0,3568395492620766; 0,8377900752238929; 0,5962682254612446; 0,11778022674843669; 0,5404580826871097; 0,5916660209186375; 0,14898998010903597
-0,12114245194042038; 0,06214125221595168; 0,3722713999450207; 0,4509778334759176; 0,4608211163431406; 0,22542936634272337; 0,061082304921001196; 0,904258313588798; 0,3155742632225156; 0,765654711984098; 0,824429920874536
0,7495604156346054; 0,8699398431926966; 0,7721333024092019; 0,05839919485151768; 0,7029659664258361; 0,8055603601969779; 0,37200223095715046; 0,7837039064615965; 0,8430929188616574; 0,8136476702056825; 0,32711319578811526
0,01618840238687042; 0,6147254928946495; 0,9237385485321283; 0,3908274522982538; 0,8536844793707132; 0,7013988788239658; 0,5615370436571538; 0,5035253083333373; 0,013325003907084465; 0,7778469012118876; 0,30583137553185225
0,4480948333253601; 0,9661211930215359; 0,7434124886058271; 0,4940749700181186; 0,40455580735579133; 0,04721159441396594; 0,19246042054146528; 0,5705353077501059; 0,4521380574442446; 0,8102692542597651; 0,841817191336304
0,10666743293877048; 0,19033684767782688; 0,718770750798285; 0,09667746862396598; 0,7666851612739265; 0,2277833679690957; 0,5351959369145334; 0,43184160301461816; 0,5037191840820014; 0,22680529719218612; 0,6498744357377291
0,06472671648267851; 0,6310133417136967; 0,7364626713097095; 0,9708535629324615; 0,6869897460564971; 0,3676232402212918; 0,6441186815500259; 0,07428357563912868; 0,28900091582909226; 0,9459406081587076; 0,4452604711987078
0,06436249659752649; 0,262552157510072; 0,8356550503522158; 0,4343323977664113; 0,9839061978273094; 0,05398675752803683; 0,696945708245039; 0,37092049419879913; 0,6828965782187879; 0,19541645795106888; 0,8506231512874365
0,013095489385564346; 0,14024642203003168; 0,11894052475690842; 0,1052488605491817; 0,8182872179895639; 0,7890956890769303; 0,2653590776026249; 0,8330018119886518; 0,8726342092268169; 0,02287620957940817; 0,19760889653116465
0,020052886954585424; 0,10685009323060513; 0,8843136373907328; 0,24947788892313838; 0,7468852954916656; 0,4438312849961221; 0,5040668649598956; 0,3174696178175509; 0,44398457976058125; 0,9642695216462016; 0,13746223505586386
-0,04783689731132266; 0,36931197345256805; 0,4135165982879698; 0,3000793610699475; 0,9161479538306594; 0,9289983934722841; 0,3917954075150192; 0,7197318645194173; 0,08996270131319761; 0,4223008519038558; 0,42565804440528154
-0,4369275266860121; 0,8429354666732252; 0,9989217277616262; 0,3020800338126719; 0,6214433256536722; 0,11591224418953061; 0,16230484703555703; 0,8040121486410499; 0,8971327259205282; 0,6059412686154246; 0,8306606137193739
0,374524367250925; 0,5226814295165241; 0,20017101150006056; 0,37085504457354546; 0,7337616737931967; 0,3025845210067928; 0,5499639632180333; 0,31347008189186454; 0,3305235109291971; 0,6581096514128149; 0,46846682857722044
-0,4257492067393548; 0,8550468208268285; 0,39951883209869266; 0,0025573591701686382; 0,11278989678248763; 0,8946873620152473; 0,7068119687028229; 0,5337002114392817; 0,42185036186128855; 0,8734364360570908; 0,8998005427420139
0,1132033570737918; 0,41760576562955976; 0,9515925999730825; 0,8757255477830768; 0,8006990803405643; 0,9005258060060441; 0,7838227106258273; 0,3300479482859373; 0,29870245745405555; 0,9238409223034978; 0,376761328894645
0,2153185756305739; 0,7676518112421036; 0,21137175057083368; 0,8662576982751489; 0,149337287992239; 0,773407079745084; 0,06878452282398939; 0,8285165601409972; 0,1422921004705131; 0,06902357563376427; 0,8675749422982335
-0,7576821046855197; 0,7786248484626412; 0,5370271094143391; 0,7681768853217363; 0,814620609395206; 0,5358247412368655; 0,8313332502730191; 0,1616867734119296; 0,6822312297299504; 0,47316733794286847; 0,2450236277654767
-0,0543412489162332; 0,2098693405278027; 0,6802052455022931; 0,8614388322457671; 0,1767034470103681; 0,8379806829616427; 0,4627667157910764; 0,5629407810047269; 0,36941228387877345; 0,655682688113302; 0,43135506520047784
-0,1293359149904394; 0,09420987963676453; 0,7859250046312809; 0,7228002999909222; 0,7389046773314476; 0,3311146139167249; 0,05723908869549632; 0,9877142291516066; 0,026655307039618492; 0,3015397023409605; 0,48202078603208065
0,16564612401410744; 0,31693663308396935; 0,7556031658314168; 0,00482066860422492; 0,33884292421862483; 0,06557085737586021; 0,6589758940972388; 0,46185471257194877; 0,8217899478040636; 0,53883001441136; 0,7044765749014914
-0,07822737883170962; 0,1330618434585631; 0,9658190673217177; 0,9721152116544545; 0,5367672182619572; 0,1577615700662136; 0,1290954896248877; 0,24065135093405843; 0,9713679854758084; 0,7872199360281229; 0,5429407367482781
-0,06296735639488378; 0,42236126447096467; 0,7832707557827234; 0,21881825802847743; 0,26492083817720413; 0,819056689273566; 0,2293619690462947; 0,1303970953449607; 0,9245058842934668; 0,3170480583794415; 0,8189430078491569
-0,15462889581556546; 0,9855147525668144; 0,4462632965296507; 0,45085204439237714; 0,5734939677640796; 0,22944296291098; 0,7324074073694646; 0,5680862702429295; 0,5260196886956692; 0,35925978142768145; 0,09640991315245628
0,10628535583777113; 0,9724344271235168; 0,21619547717273235; 0,6823586197569966; 0,7730240821838379; 0,7141964929178357; 0,2687853202223778; 0,5775370970368385; 0,44383276673033834; 0,41782283037900925; 0,33957456098869443
0,07238966910488599; 0,06119094928726554; 0,5294978967867792; 0,37447899021208286; 0,4796377778984606; 0,14287590980529785; 0,7913354393094778; 0,4772870969027281; 0,2988979956135154; 0,9553152415901423; 0,6009936975315213
-0,24459427225414812; 0,5940244295634329; 0,9428194984793663; 0,4689114484935999; 0,20832351688295603; 0,13946405239403248; 0,21109002828598022; 0,10758416261523962; 0,5460796933621168; 0,21705225901678205; 0,30897073028609157
0,08632377364324904; 0,006977122742682695; 0,8352287006564438; 0,4026861130259931; 0,9223820227198303; 0,6509740073233843; 0,9933567089028656; 0,1716543068177998; 0,8121044766157866; 0,34391857450827956; 0,7650830196216702
-0,11271199828584286; 0,3935737954452634; 0,6034221574664116; 0,6018558824434876; 0,7274145279079676; 0,8305170894600451; 0,5012001520954072; 0,5099992156028748; 0,5235793250612915; 0,7090448811650276; 0,2539311461150646
0,6220240230586278; 0,7228709380142391; 0,4592351713217795; 0,867197799962014; 0,5713001857511699; 0,3556200210005045; 0,6760568683966994; 0,4675235552713275; 0,8815355030819774; 0,9570100884884596; 0,782499345485121
0,15320682945572112; 0,7579415333457291; 0,2553035728633404; 0,25102035654708743; 0,024659368209540844; 0,5292869471013546; 0,10205988492816687; 0,303726339712739; 0,7950985538773239; 0,7158623314462602; 0,659077397082001
-0,24887780772808882; 0,9225911437533796; 0,47880921699106693; 0,8572868993505836; 0,7263546180911362; 0,13746358919888735; 0,7565588890574872; 0,638723636046052; 0,5365190939046443; 0,17698119301348925; 0,5115253394469619
0,07151981613502124; 0,23406643001362681; 0,4744374919682741; 0,1308576948940754; 0,21893687918782234; 0,3661268297582865; 0,5036657997407019; 0,372302012052387; 0,0307663232088089; 0,5359370950609446; 0,5358476508408785
-0,6469793692328244; 0,680638593621552; 0,6667713220231235; 0,7341546518728137; 0,34475353825837374; 0,021585515700280666; 0,1372444862499833; 0,08443020330742002; 0,2643769085407257; 0,44578530825674534; 0,26048321137204766
0,9994056947539844; 0,7438990869559348; 0,5518819577991962; 0,0358955068513751; 0,2016155286692083; 0,04906296078115702; 0,7504538311623037; 0,2898284033872187; 0,5661352034658194; 0,8985899169929326; 0,7921391972340643
-0,0196913222528398; 0,069059694185853; 0,9424753915518522; 0,34788721008226275; 0,8684388040564954; 0,631503663957119; 0,38140986766666174; 0,25631454680114985; 0,06071024388074875; 0,9965198803693056; 0,7476077610626817
-0,09747833859807732; 0,06624999456107616; 0,291053366381675; 0,4172904803417623; 0,8000658228993416; 0,44741444289684296; 0,16643215948715806; 0,8666116078384221; 0,5962884807959199; 0,6448517255485058; 0,3324709692969918
0,0347858932179904; 0,35877052461728454; 0,9382528187707067; 0,9850611691363156; 0,30483247013762593; 0,8373675174079835; 0,6744382227770984; 0,2141234129667282; 0,21037031523883343; 0,058610272128134966; 0,612921082880348
-0,09858171313982987; 0,17526596412062645; 0,8057603999041021; 0,7887156140059233; 0,09359617298468947; 0,789571434725076; 0,2152390405535698; 0,7043846691958606; 0,05185391567647457; 0,7986441981047392; 0,20967165753245354
0,03429235478388609; 0,08084575971588492; 0,17055919859558344; 0,4691191897727549; 0,1435153936035931; 0,6367160631343722; 0,7777051818557084; 0,4969750144518912; 0,6920972731895745; 0,9222643990069628; 0,5861042975448072
-0,06911768844602935; 0,15447217877954245; 0,9891189499758184; 0,8599708778783679; 0,11180979385972023; 0,38086581276729703; 0,16721455054357648; 0,8062241510488093; 0,18194076186046004; 0,3010436804033816; 0,07453550957143307
0,10044457894989055; 0,9736064607277513; 0,2901235627941787; 0,5586990038864315; 0,23324301186949015; 0,19408628763630986; 0,3427956663072109; 0,9309294079430401; 0,4802661305293441; 0,2111372579820454; 0,41881773760542274
-0,054789318980450315; 0,055138733237981796; 0,8819120801053941; 0,7428636648692191; 0,41334336111322045; 0,5458421413786709; 0,3020818713121116; 0,5669646444730461; 0,4958135331980884; 0,08697812212631106; 0,9456167193129659
-0,09089847447308655; 0,2744273580610752; 0,3307417156174779; 0,38399153109639883; 0,055853556375950575; 0,3074444327503443; 0,257707332726568; 0,2875211723148823; 0,14799283957108855; 0,8078753459267318; 0,2792432773858309
-0,47915287134368867; 0,8461678349412978; 0,9162764633074403; 0,6379561279900372; 0,025141081772744656; 0,1738068605773151; 0,30586187075823545; 0,3966078534722328; 0,11996621079742908; 0,7804234349168837; 0,9300767946988344
0,5200323292290258; 0,7931153913959861; 0,39370060293003917; 0,9225686546415091; 0,808784996625036; 0,28666718071326613; 0,3789447518065572; 0,8985079508274794; 0,3043185225687921; 0,11322067119181156; 0,40875511756166816
0,45284640667890536; 0,6701292595826089; 0,8460336215794086; 0,1431897385045886; 0,422408000100404; 0,6672813720069826; 0,8689611600711942; 0,7268268172629178; 0,750899045728147; 0,9854869577102363; 0,5104332896880805
0,2839748642477324; 0,6957734883762896; 0,6461244928650558; 0,12265429692342877; 0,7621679566800594; 0,5075684147886932; 0,4030640060082078; 0,2901784158311784; 0,3906139279715717; 0,38687025709077716; 0,486927168443799
0,023358645634573193; 0,49955336609855294; 0,9012135150842369; 0,7929484755732119; 0,5470756175927818; 0,8996625910513103; 0,6865569963119924; 0,5639322618953884; 0,4554992797784507; 0,0698730037547648; 0,6797986780293286
-0,20447125928174054; 0,819561418145895; 0,4734383183531463; 0,44256575778126717; 0,8967709173448384; 0,2648356198333204; 0,6254163235425949; 0,5608597355894744; 0,9894838128238916; 0,8613325995393097; 0,6509898328222334
0,049276196387798475; 0,5473510473966599; 0,029903375543653965; 0,8501222338527441; 0,2683447268791497; 0,18869865452870727; 0,03967928234487772; 0,8739980245009065; 0,04374090116471052; 0,30579541670158505; 0,029152789153158665
-0,07233604006022253; 0,1651730895973742; 0,7038870835676789; 0,7487484463490546; 0,0473232613876462; 0,38081869948655367; 0,3592865946702659; 0,5442626141011715; 0,42837734846398234; 0,9060064912773669; 0,42636388121172786
-0,025713477480564236; 0,25397154316306114; 0,4864604650065303; 0,10662827547639608; 0,2784243384376168; 0,1410217941738665; 0,11244220100343227; 0,3483082056045532; 0,16247061267495155; 0,8611055854707956; 0,5349771520122886
-0,1008860527576; 0,5156585332006216; 0,06405434850603342; 0,27760266745463014; 0,4290705672465265; 0,9759040041826665; 0,7788497293367982; 0,023645550943911076; 0,8380122748203576; 0,5383012620732188; 0,35521578835323453
0,0655616901107568; 0,18990876339375973; 0,8484641797840595; 0,12853616615757346; 0,0050244564190506935; 0,8746363539248705; 0,625806828495115; 0,7352030780166388; 0,9666624856181443; 0,4076226274482906; 0,43519209744408727
-0,13680964569413945; 0,37680091755464673; 0,18660489423200488; 0,537560029886663; 0,6372242239303887; 0,44806524412706494; 0,46387660782784224; 0,07612800598144531; 0,7224989337846637; 0,4127731113694608; 0,10903336852788925
0,0060092804686757255; 0,8766919514164329; 0,9572047172114253; 0,7790427813306451; 0,5632757591083646; 0,026774893514811993; 0,6622981736436486; 0,0843308437615633; 0,0707137044519186; 0,7532145190052688; 0,040675956290215254
0,9927468071872003; 0,6678671981208026; 0,41985541256144643; 0,24478083290159702; 0,47433076752349734; 0,09846699330955744; 0,6830946141853929; 0,8696407307870686; 0,7937631765380502; 0,4790200078859925; 0,185149728320539
0,7112120799600423; 0,9616485023871064; 0,6169891403988004; 0,9309376254677773; 0,9334017368964851; 0,428131359629333; 0,4118095808662474; 0,03591383481398225; 0,4878403302282095; 0,7574277622625232; 0,7903350181877613
-0,09056802305425458; 0,31188266118988395; 0,16608133865520358; 0,8627365627326071; 0,5545183727517724; 0,49815179547294974; 0,46669998532161117; 0,2850039112381637; 0,38470885111019015; 0,1667518406175077; 0,567387018352747
0,0057769997480439286; 0,4118647505529225; 0,9127203240059316; 0,25900778779760003; 0,8189992615953088; 0,7751428307965398; 0,4306368986144662; 0,370793498121202; 0,7564584636129439; 0,4742033425718546; 0,9024453517049551
0,017870138691821316; 0,852577110286802; 0,12901169201359153; 0,44992953073233366; 0,6318140309303999; 0,4132057926617563; 0,494617473334074; 0,47291678050532937; 0,173726137727499; 0,4814309333451092; 0,992759664542973
0,006260803244645466; 0,05594090558588505; 0,9073817287571728; 0,41992578422650695; 0,7482059253379703; 0,13040782883763313; 0,6007599243894219; 0,9421087116934359; 0,11394990189000964; 0,18446689890697598; 0,9259133725427091
0,3253882608137955; 0,4254937479272485; 0,18392349127680063; 0,7851926041767001; 0,3785332408733666; 0,3956775893457234; 0,9032652569003403; 0,23796584270894527; 0,37987936520949006; 0,3644343833439052; 0,34889717772603035
-0,11260934142285967; 0,24411998456344008; 0,6325566032901406; 0,6297544101253152; 0,44994696229696274; 0,7254630117677152; 0,37632592348381877; 0,4914973499253392; 0,44617601251229644; 0,4531899965368211; 0,639396975748241
-0,08455990514943147; 0,2841672319918871; 0,9943182128481567; 0,6632457510568202; 0,46318148309364915; 0,7808481152169406; 0,39781106961891055; 0,6218178323470056; 0,4420922636054456; 0,6031520599499345; 0,28902400005608797
-0,2437550210476052; 0,6780715566128492; 0,7305822316557169; 0,38219260424375534; 0,763071303255856; 0,8714021067135036; 0,37079390743747354; 0,5200064834207296; 0,5132032432593405; 0,9868337130174041; 0,7567550675012171
0,14258889795432952; 0,7419658862054348; 0,20831847097724676; 0,750275420024991; 0,8326027733273804; 0,8835092331282794; 0,45388252940028906; 0,1448604608885944; 0,8531925030983984; 0,3340142220258713; 0,6772558111697435
-0,07085048246005152; 0,14607965759932995; 0,6565553089603782; 0,9469282650388777; 0,3543892903253436; 0,33248101035133004; 0,3596280082128942; 0,8823892460204661; 0,44434996182098985; 0,8112600073218346; 0,08887624507769942
-0,3833713681874922; 0,8357079192064703; 0,6332520861178637; 0,0973364464007318; 0,04111393401399255; 0,34971276111900806; 0,11191023839637637; 0,36073306342586875; 0,39228099351748824; 0,04568090755492449; 0,14862054074183106
0,26922222102877413; 0,7021879917010665; 0,6976592624559999; 0,20845831092447042; 0,3001853791065514; 0,914090306032449; 0,5879799746908247; 0,3054467812180519; 0,7693752623163164; 0,12702233530580997; 0,5952355694025755
0,10025625364101327; 0,34578983997926116; 0,19990642508491874; 0,2183258389122784; 0,6437102621421218; 0,8175780354067683; 0,5417532329447567; 0,6127338232472539; 0,41191893070936203; 0,8703949544578791; 0,8430538601242006
-0,36538978746121276; 0,6701624556444585; 0,37179764034226537; 0,06277739489451051; 0,3340020510368049; 0,5077111450955272; 0,6834086365997791; 0,18383664451539516; 0,44760627625510097; 0,22253822023048997; 0,034320584032684565
0,02254023422971725; 0,35080569609999657; 0,5976754287257791; 0,3871712228283286; 0,13786837039515376; 0,03748202696442604; 0,6016256525181234; 0,08078692760318518; 0,4224781021475792; 0,6526736672967672; 0,11606791196390986
0,9996871323072437; 0,48001122241839767; 0,17051114421337843; 0,12988337827846408; 0,5326753202825785; 0,8898024349473417; 0,9863530052825809; 0,865895061288029; 0,7493041190318763; 0,047210839577019215; 0,9899506778456271
0,37058258510509995; 0,4809877313673496; 0,3396742003969848; 0,9191502570174634; 0,4920180393382907; 0,09236638247966766; 0,9012916553765535; 0,398518571164459; 0,7384669515304267; 0,5000361045822501; 0,7456338535994291
-0,006585560792781828; 0,9498471994884312; 0,18611300410702825; 0,7415836988948286; 0,048466114327311516; 0,7129848245531321; 0,6951411440968513; 0,8056217217817903; 0,5045298105105758; 0,024570747278630733; 0,06445864215493202
-0,0731308956790693; 0,2161802789196372; 0,9426923072896898; 0,646234349347651; 0,711321928538382; 0,23627651762217283; 0,4344552857801318; 0,7163736340589821; 0,7873525866307318; 0,06583562679588795; 0,7421746049076319
-0,00783687331988962; 0,15661042695865035; 0,619830563198775; 0,357054753229022; 0,12062824377790093; 0,5413467357866466; 0,4861823143437505; 0,09742049546912313; 0,050599103793501854; 0,17136191437020898; 0,894202277995646
0,3547847763086251; 0,4722274518571794; 0,8329361756332219; 0,04984830692410469; 0,7269558226689696; 0,8620953699573874; 0,8279938600026071; 0,7849289258010685; 0,7369696362875402; 0,9456676705740392; 0,6043438026681542
0,11328112002758783; 0,8587417588569224; 0,2139665177091956; 0,494870369322598; 0,3399233897216618; 0,2432339540682733; 0,2366202026605606; 0,24078987259417772; 0,2582805179990828; 0,34723478415980935; 0,9919585292227566
-0,18666244471830604; 0,8885459485463798; 0,33102618670091033; 0,18027448887005448; 0,33338496880605817; 0,04119870252907276; 0,6821136246435344; 0,7007620590738952; 0,1369695677421987; 0,46561791421845555; 0,1798400366678834
-0,019655483015824815; 0,7102933446876705; 0,08552635507658124; 0,9681387469172478; 0,5909234210848808; 0,5500236111693084; 0,6890852027572691; 0,9706929526291788; 0,34606566838920116; 0,6538205547258258; 0,1623851489275694
-0,11671951137813118; 0,16511578671634197; 0,8013842129148543; 0,42827133322134614; 0,832487610168755; 0,8413606379181147; 0,15071869501844049; 0,327268720138818; 0,4087523384951055; 0,6416902733035386; 0,18496904149651527
-0,20907444532038807; 0,2651520692743361; 0,2061704690568149; 0,7482008906081319; 0,2544378759339452; 0,04498695069923997; 0,015507735777646303; 0,9263126025907695; 0,7301942985504866; 0,5756491413339972; 0,3276626141741872
0,9950702499444991; 0,658877176232636; 0,38505644211545587; 0,11474495567381382; 0,25957769993692636; 0,5408307504840195; 0,43900918029248714; 0,5770319439470768; 0,30245651584118605; 0,3441458195447922; 0,24662209954112768
-0,3926621639366968; 0,4341897116973996; 0,29778424417600036; 0,8523550108075142; 0,938395029399544; 0,6493899314664304; 0,21536006405949593; 0,4485885137692094; 0,34194364305585623; 0,014580298215150833; 0,2268265262246132
0,8749212378581684; 0,9866274045780301; 0,9021553779020905; 0,22194377379491925; 0,5316977696493268; 0,9102506334893405; 0,5769574334844947; 0,12752842670306563; 0,26209356216713786; 0,6083542434498668; 0,5776039427146316
0,020084981733057082; 0,624676798004657; 0,10143618285655975; 0,4176869411021471; 0,08834185870364308; 0,8679613736458123; 0,4791110632941127; 0,4845628347247839; 0,5272281561046839; 0,8016806920059025; 0,5622734529897571
-0,3276275751562421; 0,5648488411679864; 0,8330276352353394; 0,812257765326649; 0,78611048636958; 0,587901980150491; 0,28702289517968893; 0,028238059487193823; 0,23221114045009017; 0,6585376979783177; 0,19867894379422069
-0,24134805121002295; 0,8821687395684421; 0,29123703809455037; 0,3025700212456286; 0,603576441295445; 0,8296259799972177; 0,9171112421900034; 0,06058664619922638; 0,5445332359522581; 0,29761462984606624; 0,594855341129005
0,26194301194575415; 0,5079879979602993; 0,23803024739027023; 0,9525044322945178; 0,16309681441634893; 0,9652067669667304; 0,7182589108124375; 0,9995909333229065; 0,8270594975911081; 0,6043672151863575; 0,8267567199654877
0,02365885892430629; 0,019976755138486624; 0,03118024580180645; 0,13700576685369015; 0,7615534020587802; 0,18588426103815436; 0,9525777399539948; 0,27736447285860777; 0,17505651153624058; 0,7001187931746244; 0,632326184771955
-0,16877123049024945; 0,9275199971161783; 0,26585351303219795; 0,12770404387265444; 0,5037568504922092; 0,8886669548228383; 0,8185429987497628; 0,4693398028612137; 0,2862864132039249; 0,3369160103611648; 0,8992993412539363
-0,2662138913242888; 0,6695859683677554; 0,7021162579767406; 0,8933090916834772; 0,7554933028295636; 0,14462354965507984; 0,4717941959388554; 0,8859774456359446; 0,383616347797215; 0,4658763906918466; 0,19839272182434797
0,6598580543418386; 0,6710353838279843; 0,4229987091384828; 0,027443942613899708; 0,4819207275286317; 0,592641503084451; 0,7147532007656991; 0,5167326806113124; 0,03058728016912937; 0,1664214343763888; 0,2988339359872043
-0,6809598219419158; 0,5496565001085401; 0,18083137134090066; 0,8200208619236946; 0,621715780813247; 0,6325493552722037; 0,8453683131374419; 0,4303132900968194; 0,7139803394675255; 0,37877142475917935; 0,9116728622466326
0,2563597620949442; 0,8064620201475918; 0,2594859763048589; 0,6018539187498391; 0,408789268694818; 0,022981110960245132; 0,16703250771388412; 0,1566592799499631; 0,4479002212174237; 0,4058583416044712; 0,34852102724835277
-0,37249095448950237; 0,6495434823445976; 0,5992731307633221; 0,8025263645686209; 0,31913422560319304; 0,7061360264196992; 0,3859326299279928; 0,2346340650692582; 0,977953331079334; 0,393145433627069; 0,3972253152169287
-0,7607736364986435; 0,8741547991521657; 0,9863719516433775; 0,6875747912563384; 0,31303274584934115; 0,7917232257314026; 0,12983232783153653; 0,7132731284946203; 0,9441425455734134; 0,28262233873829246; 0,5475147175602615
-0,9600381704256798; 0,9502601404674351; 0,5938583957031369; 0,1224546623416245; 0,866558285895735; 0,05757610406726599; 0,6867374340072274; 0,47173168091103435; 0,07571591762825847; 0,9660393111407757; 0,15792457619681954
-0,24678920159046935; 0,29124467819929123; 0,28559813275933266; 0,8008838500827551; 0,5345987183973193; 0,7282999651506543; 0,07982155634090304; 0,9271808159537613; 0,7476020609028637; 0,5460364832542837; 0,9011377613060176
0,7331584290648122; 0,8363876310177147; 0,49652318516746163; 0,7400912274606526; 0,8596425699070096; 0,8781528198160231; 0,4977025305852294; 0,4683443820104003; 0,15594793017953634; 0,6964558148756623; 0,528830214869231
0,8265072206799613; 0,8576413998380303; 0,6153068980202079; 0,46981962863355875; 0,9570098090916872; 0,36621782556176186; 0,9061714233830571; 0,6806536368094385; 0,6797428280115128; 0,9375168611295521; 0,7540174829773605
0,42484338715718867; 0,5816043000668287; 0,15366503689438105; 0,8729314520023763; 0,14387848880141973; 0,5649735839106143; 0,011161147616803646; 0,12016579462215304; 0,5716687445528805; 0,0728211011737585; 0,792994343675673
0,9997108912052716; 0,799788692034781; 0,5962439035065472; 0,6603447292000055; 0,43213897198438644; 0,3348458562977612; 0,8403030834160745; 0,10950896283611655; 0,466866213362664; 0,8789207097142935; 0,7770314374938607
0,21895668454843537; 0,6114094201475382; 0,8087218878790736; 0,16203084727749228; 0,6964396396651864; 0,019132731016725302; 0,532468952704221; 0,4614043100737035; 0,5443399394862354; 0,6273244884796441; 0,336758267134428
0,4209533748167101; 0,8284878483973444; 0,566136212553829; 0,9517756807617843; 0,03997243195772171; 0,37687489530071616; 0,5082099703140557; 0,3003526320680976; 0,6059328247793019; 0,17648434080183506; 0,4922783155925572
0,1276418729516274; 0,1755743375979364; 0,2687281114049256; 0,09435604140162468; 0,28489589411765337; 0,9615374053828418; 0,9067156398668885; 0,803239144384861; 0,9494621562771499; 0,2475881464779377; 0,13382647838443518
0,39157680752875007; 0,9043468981981277; 0,4203707342967391; 0,35428186133503914; 0,4154729936271906; 0,5863134497776628; 0,09109417721629143; 0,8655156930908561; 0,3350616148672998; 0,025729374960064888; 0,6241858806461096
0,851226589181579; 0,8180517298169434; 0,6914813220500946; 0,030267870519310236; 0,8030571527779102; 0,26473469799384475; 0,8282964313402772; 0,18498225789517164; 0,2951938100159168; 0,1406717305071652; 0,661695642862469
0,08302870715258324; 0,31342746410518885; 0,581950381398201; 0,6573049342259765; 0,15518882032483816; 0,5681575550697744; 0,8176751048304141; 0,31447869120165706; 0,6422907239757478; 0,6373373442329466; 0,9181673531420529
-0,9924345998984526; 0,7137167043983936; 0,4776546456851065; 0,6127031412906945; 0,12286701751872897; 0,10106243984773755; 0,3682711534202099; 0,07114780088886619; 0,6769980173557997; 0,29937255941331387; 0,16661463491618633
0,20150704100976546; 0,5498969787731767; 0,3660717289894819; 0,051579875871539116; 0,1115472405217588; 0,6312231416814029; 0,29212138522416353; 0,8980470825918019; 0,5465005682781339; 0,5853329710662365; 0,6119070220738649
-0,02607380930104742; 0,2962963148020208; 0,9775025839917362; 0,678689057007432; 0,1178294806741178; 0,5232154144905508; 0,574309061281383; 0,7945108683779836; 0,51789406593889; 0,5468067699111998; 0,2152615529485047
0,44154201457637454; 0,828583818860352; 0,9572648997418582; 0,6351532791741192; 0,3100999561138451; 0,41732204565778375; 0,8912732601165771; 0,5503645054996014; 0,8416047976352274; 0,06469874083995819; 0,652062218170613
0,07889422632442879; 0,05910953553393483; 0,25911410618573427; 0,8264644010923803; 0,09694325318560004; 0,09610663773491979; 0,9425907414406538; 0,7335553495213389; 0,15879752626642585; 0,8885653167963028; 0,49479998415336013
-0,4570309718674992; 0,5890616937540472; 0,5345218321308494; 0,6353456010110676; 0,5219046189449728; 0,46237397100776434; 0,3000806882046163; 0,8748412383720279; 0,5249628233723342; 0,006429932080209255; 0,8598502147942781
-0,2916870432887251; 0,681073300074786; 0,21126677002757788; 0,1160994260571897; 0,22517295088618994; 0,25403201347216964; 0,8521550665609539; 0,014884858392179012; 0,11347271269187331; 0,11297261249274015; 0,9435640447773039
0,22834850138452115; 0,5343316253274679; 0,9408829831518233; 0,7006212677806616; 0,15628091990947723; 0,9361033393070102; 0,9523445940576494; 0,6236863126978278; 0,6509670498780906; 0,4158171936869621; 0,9999486324377358
-0,12339825958889482; 0,18252636259421706; 0,6508968230336905; 0,35878391982987523; 0,25461716391146183; 0,742370159830898; 0,06399382324889302; 0,504699036013335; 0,7092535733245313; 0,33495459565892816; 0,2966419104486704
-0,11654725708130914; 0,32995621394366026; 0,42947666719555855; 0,7706349901854992; 0,04586121626198292; 0,6182327978312969; 0,3837371184490621; 0,8959734821692109; 0,013560669496655464; 0,7209469131194055; 0,24587423540651798
-0,019757886225429455; 0,18205868965014815; 0,912465846631676; 0,1838296027854085; 0,6158097311854362; 0,4097408330999315; 0,22955635096877813; 0,43054860923439264; 0,8732140413485467; 0,5627945899032056; 0,5407686112448573
0,09615846098285688; 0,15433989698067307; 0,6841545049101114; 0,6418259190395474; 0,31901925755664706; 0,37729987502098083; 0,9210139224305749; 0,23425811436027288; 0,19794867606833577; 0,902878216933459; 0,1943321260623634
0,9966286416328239; 0,7852973607368767; 0,6168959555216134; 0,3829071610234678; 0,6736769583076239; 0,1758479797281325; 0,8406948996707797; 0,5225123260170221; 0,594105816911906; 0,589364355430007; 0,9980645510368049
0,102470743657959; 0,3756730128079653; 0,26399501832202077; 0,813706892542541; 0,15033910097554326; 0,15445269970223308; 0,7992907427251339; 0,3934897086583078; 0,6561469351872802; 0,8152992823161185; 0,9320780402049422
-0,12209083039771801; 0,3376607643440366; 0,21901061199605465; 0,32196052838116884; 0,3503347518853843; 0,5330010131001472; 0,22439143853262067; 0,0396322887390852; 0,18312537902966142; 0,19343288009986281; 0,5233876709826291
-0,40052158392440973; 0,6416419339366257; 0,5037707570008934; 0,5934640481136739; 0,9631615178659558; 0,27454396337270737; 0,4939234275370836; 0,5135097620077431; 0,9828286115080118; 0,9718518536537886; 0,0328752351924777
-0,023323295645393073; 0,1258243997581303; 0,061481545213609934; 0,6780910594388843; 0,9402891732752323; 0,37954406114295125; 0,5174602074548602; 0,578016463201493; 0,8295341529883444; 0,9814369562081993; 0,7389562204480171
-0,9860341101719053; 0,9085764940828085; 0,8720701728016138; 0,8735106294043362; 0,013911153189837933; 0,1601018151268363; 0,03146581118926406; 0,1468627005815506; 0,35197432711720467; 0,5677614882588387; 0,9103143308311701
-0,13175089752937183; 0,039722949732095; 0,5247614928521216; 0,8156884200870991; 0,4199234242551029; 0,2294790344312787; 0,046857922337949276; 0,3627912192605436; 0,2186784246005118; 0,9555272464640439; 0,03742253314703703
0,25564614732710617; 0,6679342188872397; 0,2756665199995041; 0,3492511766962707; 0,9589664512313902; 0,6958175678737462; 0,3936013695783913; 0,4707878944464028; 0,48197787487879395; 0,7547004325315356; 0,7380705862306058
0,5280242647578525; 0,9075152920559049; 0,5211669360287488; 0,8959824847988784; 0,7814537067897618; 0,7119159088470042; 0,4195224833674729; 0,46865987638011575; 0,8304529744200408; 0,38515968807041645; 0,1528818034566939
0,02291711741107497; 0,5068648946471512; 0,5656439596787095; 0,23977137496694922; 0,0015797358937561512; 0,5547807943075895; 0,43554301327094436; 0,3688837527297437; 0,3868473279289901; 0,8646461763419211; 0,3097801934927702
-0,1533666298124544; 0,41148082446306944; 0,28161237854510546; 0,374106481205672; 0,49853897048160434; 0,6264131683856249; 0,32915286161005497; 0,12688610656186938; 0,3685617223381996; 0,10806928528472781; 0,3330529029481113
-0,16271853213031984; 0,6566325505264103; 0,15112588135525584; 0,43065556744113564; 0,17817078670486808; 0,30255450773984194; 0,9184501268900931; 0,4970476967282593; 0,7173662246204913; 0,3576520783826709; 0,3003959455527365
0,2779383489433311; 0,7791705541312695; 0,35862766299396753; 0,47196047892794013; 0,002696854993700981; 0,4823030917905271; 0,3505075369030237; 0,7019713032059371; 0,2164985304698348; 0,551142830401659; 0,014761017169803381
-0,02850500771948828; 0,07523736450821161; 0,2770773102529347; 0,4623292898759246; 0,31107574701309204; 0,29652688279747963; 0,4706133953295648; 0,8407601159997284; 0,5529245948418975; 0,5551069271750748; 0,14937288500368595
-0,03659072286184842; 0,06748362677171826; 0,9946017563343048; 0,6687940610572696; 0,4010998117737472; 0,262060169596225; 0,301804231479764; 0,3393221185542643; 0,26061341259628534; 0,6965542547404766; 0,8986993413418531
-0,009199908903665335; 0,3748670965433121; 0,627962444908917; 0,600153467617929; 0,9671958368271589; 0,07755783200263977; 0,6387575813569129; 0,1557636591605842; 0,005728777032345533; 0,7726570712402463; 0,28969222540035844
0,004254140243875551; 0,42937997356057167; 0,8383964155800641; 0,45352923683822155; 0,45354314986616373; 0,27354611037299037; 0,5989921148866415; 0,24227854376658797; 0,5685229049995542; 0,9297197991982102; 0,7893139980733395
-0,08405827205759722; 0,8544880752451718; 0,12227641558274627; 0,8803474246524274; 0,6635207100771368; 0,560984124429524; 0,9909193962812424; 0,9315100200474262; 0,6409176043234766; 0,8119466467760503; 0,33123466931283474
-0,01821546127452762; 0,005613334476947784; 0,23890915652737021; 0,18363314308226109; 0,1430519581772387; 0,3537545073777437; 0,18711131997406483; 0,07997058518230915; 0,7864970564842224; 0,9365491876378655; 0,9571030256338418
0,06743287504843556; 0,15310477651655674; 0,31997178867459297; 0,7003526967018843; 0,3837875737808645; 0,790416372474283; 0,8396472646854818; 0,21428660675883293; 0,665064497385174; 0,6436632159166038; 0,9161096210591495
0,12635427089356374; 0,028655522037297487; 0,6324249375611544; 0,23968317126855254; 0,899442604277283; 0,304747526999563; 0,8583712442778051; 0,21882663434371352; 0,8177907099016011; 0,5056250691413879; 0,6693527060560882
0,6475873395953733; 0,7319675995968282; 0,7457127054221928; 0,7333343834616244; 0,7696660161018372; 0,42999942135065794; 0,9074185998179018; 0,5506651746109128; 0,06193547649309039; 0,7638481315225363; 0,3081828928552568
0,022923298226135046; 0,001800744328647852; 0,8417366952635348; 0,2851654812693596; 0,1799967037513852; 0,6202674503438175; 0,663821913767606; 0,892246478702873; 0,4137966698035598; 0,7194938636384904; 0,5633172076195478
0,10160855066605705; 0,15220230305567384; 0,22908999677747488; 0,02867722138762474; 0,2311617834493518; 0,6586861182004213; 0,7424231325276196; 0,011656615883111954; 0,32763212360441685; 0,024169578216969967; 0,7595080644823611
0,08723441915610711; 0,12167146289721131; 0,6943858610466123; 0,7862028800882399; 0,4508033818565309; 0,26001913752406836; 0,9094943474046886; 0,02248557098209858; 0,2857436048798263; 0,5609352164901793; 0,7616139519959688
0,9975980213668854; 0,7924184207804501; 0,6932096164673567; 0,9577823425643146; 0,9953242056071758; 0,919860010035336; 0,9197720242664218; 0,5935383709147573; 0,0161785283125937; 0,19134517945349216; 0,4168804786168039
-0,05752749006406878; 0,42297127563506365; 0,294690266251564; 0,6469615083187819; 0,04648754000663757; 0,34839290007948875; 0,5786035815253854; 0,7967579201795161; 0,9569976250641048; 0,18410041695460677; 0,25284729385748506
-0,18446136664539967; 0,28842875454574823; 0,32592620560899377; 0,4601427773013711; 0,8756157229654491; 0,10437558777630329; 0,217911955434829; 0,11520779225975275; 0,74664420587942; 0,40470082499086857; 0,09649089956656098
-0,20564430373094045; 0,961710921023041; 0,4065217301249504; 0,8631387916393578; 0,34677053755149245; 0,23405340546742082; 0,8649046327918768; 0,7098823036067188; 0,7643116996623576; 0,6847517620772123; 0,13160745287314057
0,10050955022763908; 0,26436549657955766; 0,8124328390695155; 0,24367993138730526; 0,5910069886595011; 0,7436700570397079; 0,6728557087481022; 0,6109529617242515; 0,4180099256336689; 0,8656892045401037; 0,44676757603883743
-0,987306611106797; 0,8352262219414115; 0,6688823038712144; 0,6011332706548274; 0,06965732434764504; 0,30980563117191195; 0,23422909062355757; 0,735953317489475; 0,017395820003002882; 0,19263687822967768; 0,7214168724603951
0,1324227239055003; 0,2429308439604938; 0,603696043137461; 0,18107817880809307; 0,8752276650629938; 0,3524814802221954; 0,6206748932600021; 0,4114548130892217; 0,9943884983658791; 0,27283834386616945; 0,9995210845954716
-0,028063494035199848; 0,2486276444979012; 0,2567798998206854; 0,7508910968899727; 0,23353544063866138; 0,20746957417577505; 0,5883358838036656; 0,5176611915230751; 0,9722561244852841; 0,16368601331487298; 0,34161496814340353
0,023578865657211626; 0,9719757516868412; 0,1868964983150363; 0,2370709809474647; 0,7913155816495419; 0,6605556285940111; 0,26845387602224946; 0,9913384867832065; 0,6652772454544902; 0,8215072560124099; 0,3647135775536299
0,0970885988383721; 0,8904700884595513; 0,20527020329609513; 0,5821480471640825; 0,15274079469963908; 0,41959984973073006; 0,22659435495734215; 0,5725391726009548; 0,39194644754752517; 0,34830782003700733; 0,44802470738068223
-0,2722501920071798; 0,43102022213861346; 0,7422003466635942; 0,6981604811735451; 0,29709194600582123; 0,5985024403780699; 0,12578466534614563; 0,2803925573825836; 0,4776955577544868; 0,34757094318047166; 0,8831534516066313
-0,15296454551347524; 0,6088271858170629; 0,7019404135644436; 0,22469994146376848; 0,40629052463918924; 0,0719627384096384; 0,1994726676493883; 0,14831658080220222; 0,35047421138733625; 0,17023847717791796; 0,6135624744929373
0,0639137418085588; 0,4749381714500487; 0,8979145418852568; 0,41886807419359684; 0,3958664149977267; 0,6931995986960828; 0,720488014165312; 0,01743862684816122; 0,8632048424333334; 0,7525804243050516; 0,968137442599982
-0,05813201138603778; 0,2726968307979405; 0,31174333300441504; 0,7775501753203571; 0,5596421384252608; 0,6878740275278687; 0,5493714553304017; 0,15327127603814006; 0,548748271074146; 0,9689840856008232; 0,41357593750581145
-0,169672400732963; 0,6614970033988357; 0,9505200097337365; 0,43900939961895347; 0,09395312890410423; 0,05758606316521764; 0,3381039439700544; 0,19073804700747132; 0,2649620953015983; 0,637311012018472; 0,6065266602672637
-0,05587053437018492; 0,04167924355715513; 0,9254458118230104; 0,4721295586787164; 0,7834426914341748; 0,5999900032766163; 0,1442326819524169; 0,7128677433356643; 0,015108120162039995; 0,36559809977188706; 0,10270367050543427
0,05919072646983437; 0,3494694600813091; 0,6693658945150673; 0,2836460219696164; 0,018900972791016102; 0,9215607391670346; 0,6143570453859866; 0,23558975756168365; 0,5494070900604129; 0,23734954977408051; 0,582701189443469
0,4447792714519891; 0,8311579674482346; 0,46208582166582346; 0,3638863801024854; 0,5897761797532439; 0,4608385874889791; 0,34990966226905584; 0,22105945274233818; 0,4480651644989848; 0,7922383192926645; 0,058235735166817904
-0,05481946813851848; 0,5514538707211614; 0,3612312735058367; 0,09340230282396078; 0,3594842837192118; 0,6929187760688365; 0,12773512164130807; 0,4948835908435285; 0,10780398221686482; 0,7018486829474568; 0,04436956811696291
0,059939012502279725; 0,9437177088111639; 0,1348888729698956; 0,9497484331950545; 0,15141011774539948; 0,42872661212459207; 0,05745115922763944; 0,9092712174169719; 0,8504229835234582; 0,7349610952660441; 0,10451036784797907
0,43166753396836516; 0,8603365896269679; 0,6813044990412891; 0,12708344822749496; 0,20243778498843312; 0,09350094944238663; 0,967318291310221; 0,5707676601596177; 0,21815306041389704; 0,36402564914897084; 0,7272227862849832
-0,19646887196920262; 0,7808919898234308; 0,21790317771956325; 0,9273172607645392; 0,05276423320174217; 0,561131055932492; 0,9847471872344613; 0,20695647271350026; 0,21825107373297215; 0,5449782768264413; 0,7051828624680638
0,18385705417905557; 0,3490363578312099; 0,5825786627829075; 0,014227949548512697; 0,5050260643474758; 0,03923378372564912; 0,5063836337067187; 0,6276401085779071; 0,41487034875899553; 0,22121357545256615; 0,6652299137786031
-0,28437903192337527; 0,38287839014083147; 0,6854030527174473; 0,6151645174250007; 0,3240677430294454; 0,0750931715592742; 0,03437335602939129; 0,3112506470642984; 0,6774634155444801; 0,46089066937565804; 0,09699753811582923
-0,08237477503173218; 0,15526081714779139; 0,9843440619297326; 0,4096836862154305; 0,836650843732059; 0,035847924649715424; 0,10942124528810382; 0,4872960732318461; 0,8742265026085079; 0,7387799662537873; 0,7191383014433086
0,0530688256051365; 0,24747075699269772; 0,5442522061057389; 0,19806543458253145; 0,25113319559022784; 0,6837786100804806; 0,5178999188356102; 0,08551096962764859; 0,02982770325616002; 0,787270771805197; 0,8926667761988938
-0,29090311540390196; 0,8172061359509826; 0,7530806325376034; 0,3642584905028343; 0,5877304533496499; 0,8922950839623809; 0,4141980269923806; 0,21214085398241878; 0,05088861333206296; 0,5136611564084888; 0,6848847432993352
-0,9922681370163149; 0,9364879089407623; 0,8584863101132214; 0,6392046944238245; 0,6607662816531956; 0,671018045861274; 0,37069358536973596; 0,9166573002003133; 0,4914250732399523; 0,906876792665571; 0,599837280344218
-0,06925705142935192; 0,1365055488422513; 0,18147951550781727; 0,556188624817878; 0,37693196488544345; 0,8204191480763257; 0,3378626839257777; 0,7910856432281435; 0,37319150287657976; 0,7285204031504691; 0,11329243937507272
-0,9465586109746903; 0,9526300155557692; 0,900652966927737; 0,37170676281675696; 0,2770644170232117; 0,28225356945768; 0,15315571706742048; 0,22421668842434883; 0,07489230064675212; 0,32817614916712046; 0,8517555887810886
0,8433869011043333; 0,8183464510366321; 0,632862513884902; 0,92822235962376; 0,3245796328410506; 0,4823254095390439; 0,7655352586880326; 0,8151785633526742; 0,2436955627053976; 0,5381151614710689; 0,6088225948624313
0,11858683352939058; 0,21701411716639996; 0,12275345716625452; 0,599517788272351; 0,8653380167670548; 0,6041759341023862; 0,8889898550696671; 0,7080215960741043; 0,36906977742910385; 0,617700397502631; 0,8526427554897964
-0,20192910210870296; 0,4123276025056839; 0,9283845000900328; 0,4999702228233218; 0,5743639185093343; 0,5389113971032202; 0,1884719328954816; 0,7467845273204148; 0,38244560407474637; 0,35131270345300436; 0,5842145322822034
0,005774573998889136; 0,25533993914723396; 0,12207568343728781; 0,22857663966715336; 0,837079627905041; 0,46904381131753325; 0,3969481554813683; 0,2569223246537149; 0,7568674003705382; 0,1376018081791699; 0,707377799320966
0,011211695178936824; 0,8474897625856102; 0,03357499139383435; 0,897315233014524; 0,8908890667371452; 0,5825571650639176; 0,36925342213362455; 0,035107691306620836; 0,40212328638881445; 0,8786363489925861; 0,5202629351988435
0,2835501393892586; 0,41686749877408147; 0,5069129513576627; 0,07335300417616963; 0,9123382633551955; 0,239445595536381; 0,5791054018773139; 0,74106401251629; 0,17443891055881977; 0,4522783290594816; 0,8949889079667628
0,9004099700529504; 0,9154779808595777; 0,525912020355463; 0,6885457779280841; 0,732946224976331; 0,7145430967211723; 0,13093614717945457; 0,7074656747281551; 0,11325697507709265; 0,787499638274312; 0,7513022134080529
-0,2979485542209703; 0,5892987265251577; 0,47082960046827793; 0,48645881609991193; 0,09001360833644867; 0,3862881283275783; 0,34421002166345716; 0,37957023130729795; 0,18506878754124045; 0,3272285764105618; 0,9818924767896533
-0,5503078748104255; 0,7786535671912134; 0,922964833676815; 0,5859336988069117; 0,5225057913921773; 0,9229494514875114; 0,22932814294472337; 0,3169092363677919; 0,7654473083093762; 0,11034280015155673; 0,5621249591931701
0,25449427200558217; 0,8482137806713581; 0,720328024122864; 0,3743988098576665; 0,9212265070527792; 0,08695785561576486; 0,5857004565186799; 0,06052262336015701; 0,2887724391184747; 0,2826450536958873; 0,3672759458422661
-0,017342392449368176; 0,6398715022951365; 0,5542130344547331; 0,1181712718680501; 0,4313169769011438; 0,7207033885642886; 0,1985546350479126; 0,1808797991834581; 0,08710138918831944; 0,6810247343964875; 0,24906782107427716
0,08979226157253395; 0,3819585884921253; 0,08115634368732572; 0,025802089367061853; 0,18441061349585652; 0,05691248597577214; 0,18058419087901711; 0,999157078564167; 0,4852860835380852; 0,9907666831277311; 0,01757693151012063
0,07272888013615643; 0,7387686125002801; 0,11398806469514966; 0,9665997442789376; 0,053347683511674404; 0,3103320593945682; 0,12748892232775688; 0,30899495305493474; 0,009562953375279903; 0,7641087821684778; 0,9802006352692842
-0,2406415589418561; 0,4031035518273711; 0,9391097612679005; 0,838926276192069; 0,3741803402081132; 0,7120382734574378; 0,052253338508307934; 0,7678450583480299; 0,7815785389393568; 0,244958542753011; 0,1878533437848091
0,4186759246855686; 0,496978881303221; 0,10333826066926122; 0,5371198626235127; 0,0014610765501856804; 0,6830249200575054; 0,09016489377245307; 0,6070381398312747; 0,3974773879162967; 0,1236024834215641; 0,6301438640803099
-0,0017606722445436896; 0,04818244371563196; 0,3765594852156937; 0,3660010485909879; 0,45738616259768605; 0,8343799174763262; 0,5202721264213324; 0,2880223295651376; 0,5251471549272537; 0,6155375633388758; 0,6164092156104743
0,032112197379761474; 0,04404571745544672; 0,048501291777938604; 0,05492288526147604; 0,956268004141748; 0,7893153699114919; 0,5762920500710607; 0,9046206967905164; 0,48860394209623337; 0,20252579543739557; 0,620885553304106
0,006556711499660094; 0,8161546941846609; 0,019554510712623596; 0,9490850861184299; 0,9992829635739326; 0,32248765230178833; 0,3543120971880853; 0,06597569258883595; 0,3997197328135371; 0,2522630118764937; 0,731685939244926
0,9883509035996113; 0,7065588417463005; 0,4499723291955888; 0,5634727189317346; 0,3305272557772696; 0,9123924104496837; 0,06757197389379144; 0,4917332921177149; 0,764553964138031; 0,7429626635275781; 0,7973642344586551
-0,4632264576617646; 0,6267596874386072; 0,6747937444597483; 0,5226647006347775; 0,28269828390330076; 0,45120570715516806; 0,14515385311096907; 0,7924524708651006; 0,45481435814872384; 0,08670720364898443; 0,45345655689015985
0,06196722908508778; 0,31106771621853113; 0,3065275205299258; 0,7940172734670341; 0,07171665644273162; 0,30350815365090966; 0,7771550393663347; 0,15972141176462173; 0,8530771057121456; 0,010362635366618633; 0,34376225573942065
0,0023511795701974614; 0,42899326933547854; 0,6734510902315378; 0,5897613484412432; 0,7882210584357381; 0,191013575065881; 0,6494806101545691; 0,8952717715874314; 0,42042534332722425; 0,4116860586218536; 0,9229654674418271
0,1144028468334547; 0,5475122202187777; 0,8752934406511486; 0,6687525366432965; 0,4848013371229172; 0,7457028646022081; 0,7747243046760559; 0,9676645556464791; 0,3340863292105496; 0,84761524759233; 0,7359277200885117
0,08497800585543609; 0,5469719409011304; 0,9280400187708437; 0,8744482919573784; 0,3017392815090716; 0,9505214504897594; 0,7488115332089365; 0,7493853620253503; 0,016035135369747877; 0,3629717235453427; 0,4475138718262315
0,2405708565953044; 0,44344268180429935; 0,6378778754733503; 0,6371034481562674; 0,3217612374573946; 0,03193319542333484; 0,9577158228494227; 0,6247261655516922; 0,23284145211800933; 0,3355933455750346; 0,7802667929790914
-0,16447801905817824; 0,16333897365257144; 0,7824877863749862; 0,8367679435759783; 0,9227131251245737; 0,25346068758517504; 0,00011633569374680519; 0,39137085853144526; 0,24692137073725462; 0,40978914918377995; 0,32865584129467607
0,2212184245623433; 0,7186647914350033; 0,22528070164844394; 0,43585155718028545; 0,17436521360650659; 0,2868416802957654; 0,18097013421356678; 0,8732006130740047; 0,9200896928086877; 0,81825250107795; 0,3744282489642501
0,8578756250428655; 0,8174733724445105; 0,4279706575907767; 0,47690583392977715; 0,9432839471846819; 0,05752568319439888; 0,10062235593795776; 0,8402628321200609; 0,9970271689817309; 0,13035867223516107; 0,1701614153571427
0,1408405054365498; 0,15283224638551474; 0,1930269654840231; 0,908474761992693; 0,7494952497072518; 0,5967561728321016; 0,9705670922994614; 0,6207674038596451; 0,8403525217436254; 0,3996144919656217; 0,15168396988883615
-0,014307312982182597; 0,9221634115092456; 0,18872282560914755; 0,24230093555524945; 0,7471711211837828; 0,769939246121794; 0,4566504335962236; 0,43988258903846145; 0,9825971508398652; 0,9156720754690468; 0,6507155415602028
0,14504967579968117; 0,21755023347213864; 0,5917861042544246; 0,2122515132650733; 0,23276021284982562; 0,524905152618885; 0,9185820543207228; 0,42217137990519404; 0,9001069921068847; 0,37871382664889097; 0,796839376911521
0,0984973637620341; 0,2401580410078168; 0,6907009808346629; 0,29205681197345257; 0,42306234361603856; 0,5279409177601337; 0,7263865540735424; 0,8270677858963609; 0,8143160045146942; 0,4373862138018012; 0,4563920246437192
-0,6147482712400087; 0,4486931851133704; 0,10887006763368845; 0,6908272672444582; 0,45343837048858404; 0,9146180106326938; 0,028610811568796635; 0,40081686712801456; 0,7151635843329132; 0,49522399296984076; 0,8799555790610611
0,26427419507759226; 0,34813818242400885; 0,2879104735329747; 0,0029963948763906956; 0,778828245587647; 0,38843824341893196; 0,5553003051318228; 0,6766211264766753; 0,37828029319643974; 0,5303051644004881; 0,2868059203028679
0,0647426175371021; 0,35974206682294607; 0,5421195374801755; 0,11424909578636289; 0,2055355068296194; 0,6617963146418333; 0,38158768229186535; 0,5238148239441216; 0,3655206002295017; 0,686870850622654; 0,7019474413245916
-0,04800465771914753; 0,9383872128091753; 0,23223844962194562; 0,13515917398035526; 0,025649141520261765; 0,15106728672981262; 0,5143747394904494; 0,4357665949501097; 0,933931587729603; 0,6649483889341354; 0,3511947044171393
0,1080805683508447; 0,26671243691816926; 0,10181752825155854; 0,375594565179199; 0,025581537745893; 0,4710226100869477; 0,9050100026652217; 0,6929774489253759; 0,8266482301987708; 0,04816400492563844; 0,6232114396989346
-0,09679217560142749; 0,10022398084402084; 0,19778465293347836; 0,6116728368215263; 0,33425911609083414; 0,05998038873076439; 0,17877966165542603; 0,022467557340860367; 0,7523951483890414; 0,09717114642262459; 0,06307195406407118
-0,033625047840724856; 0,09220970934256911; 0,19384340895339847; 0,16327484883368015; 0,0705035044811666; 0,8639193954877555; 0,06542748864740133; 0,3523273025639355; 0,17353297537192702; 0,7432339391671121; 0,31564138643443584
-0,25804023679278604; 0,6047221971675754; 0,8268311382271349; 0,2884509926661849; 0,46816694736480713; 0,5835560793057084; 0,12069843476638198; 0,9087455258704722; 0,31866390351206064; 0,8516999324783683; 0,9550308538600802
-0,04613367664791697; 0,001775727141648531; 0,8105573793873191; 0,36362341418862343; 0,30979218147695065; 0,9234355827793479; 0,15498607512563467; 0,782008190639317; 0,9495677500963211; 0,17820839397609234; 0,3834536140784621
-0,049674185872595186; 0,15571088250726461; 0,3885133545845747; 0,7176891858689487; 0,5176164172589779; 0,27643571561202407; 0,5375613742507994; 0,9240768877789378; 0,4905054224655032; 0,10102895740419626; 0,4916936815716326
0,07139211031215024; 0,07539921998977661; 0,8797048716805875; 0,06393397133797407; 0,5668075340799987; 0,9131854809820652; 0,6680372301489115; 0,3299311469309032; 0,08710013376548886; 0,7945520346984267; 0,25799594167619944
0,37790891948194977; 0,6422732667997479; 0,8275424377061427; 0,15362098766490817; 0,016856436617672443; 0,7532114642672241; 0,8614352522417903; 0,40157573809847236; 0,9013101006858051; 0,7051706612110138; 0,3156708609312773
0,08003030721036798; 0,3569147801026702; 0,3748751119710505; 0,8572050230577588; 0,9604703513905406; 0,34448458440601826; 0,7212427826598287; 0,9249456143006682; 0,07719172770157456; 0,7931138346903026; 0,413683561142534
0,384348020611395; 0,7984896176494658; 0,7816810333169997; 0,31058394256979227; 0,11875027231872082; 0,6134494836442173; 0,7100025550462306; 0,9080054857768118; 0,7673288858495653; 0,002235200721770525; 0,6255057565867901
-0,30716331973933647; 0,8135280166752636; 0,4092752425931394; 0,9771244302392006; 0,326252069324255; 0,5975130228325725; 0,7595693035982549; 0,11752799013629556; 0,40187239833176136; 0,2962009394541383; 0,06997162336483598
0,2583622218392426; 0,7414645431563258; 0,8271477301605046; 0,023932904470711946; 0,354935628362; 0,38578777667135; 0,30835022078827024; 0,29458573274314404; 0,9706419738940895; 0,5514370054006577; 0,25888730492442846
-0,07469055755705943; 0,2808977486565709; 0,37604947574436665; 0,728438762947917; 0,7960905195213854; 0,7947595482692122; 0,5480592390522361; 0,8824684009887278; 0,30954456934705377; 0,18283586855977774; 0,8066807547584176
0,1964991375594622; 0,39584760647267103; 0,8450540890917182; 0,5210219393484294; 0,3718648529611528; 0,5335364323109388; 0,9805404245853424; 0,4506989265792072; 0,7260629301890731; 0,6243176627904177; 0,2563072144985199
0,15218429738710695; 0,2326493551954627; 0,4727558013983071; 0,490511913318187; 0,8414339553564787; 0,6090360060334206; 0,8420998435467482; 0,23216920904815197; 0,6763964504934847; 0,46998790418729186; 0,19281682325527072
-0,23912049672301644; 0,44122595246881247; 0,6200124528259039; 0,43405080027878284; 0,7386578964069486; 0,4229428404942155; 0,22945760702714324; 0,7285245200619102; 0,7601440823636949; 0,5049696327187121; 0,3396287220530212
-0,6313806369314215; 0,9117221217602491; 0,9240883509628475; 0,2577601498924196; 0,5960647757165134; 0,2689733379520476; 0,12988695176318288; 0,5217906115576625; 0,6278904830105603; 0,24425891786813736; 0,11644708132371306
-0,032259916419832835; 0,22631942154839635; 0,44709061458706856; 0,4490802283398807; 0,08033834351226687; 0,6771059329621494; 0,48356103943660855; 0,7447236548177898; 0,13974017091095448; 0,22279275534674525; 0,08857582230120897
0,5327401481383615; 0,5982843772508204; 0,5425512986257672; 0,957087435759604; 0,5229992247186601; 0,3292820774950087; 0,9770848941989243; 0,07710046973079443; 0,5545632415451109; 0,5237218127585948; 0,4227598770521581
0,2466550904796168; 0,6002453728578985; 0,670762759167701; 0,7254830780439079; 0,10860153706744313; 0,807650197762996; 0,8661471125669777; 0,6851093750447035; 0,8735971283167601; 0,0037708966992795467; 0,010838645044714212
0,624656791111751; 0,7170275133103132; 0,2877386803738773; 0,945050953887403; 0,7521164137870073; 0,055192126892507076; 0,06017641955986619; 0,5344498082995415; 0,11453673243522644; 0,1089481646195054; 0,15807036915794015
-0,02750246377810907; 0,1767056523822248; 0,6361937834881246; 0,5945640276186168; 0,04183603776618838; 0,7652584412135184; 0,5495655220001936; 0,748034855350852; 0,10277567710727453; 0,9043768914416432; 0,9126068609766662
0,615238375396433; 0,6803548904135823; 0,7853953195735812; 0,03014154126867652; 0,918605943210423; 0,09408854506909847; 0,6756991734728217; 0,06313599226996303; 0,7098382180556655; 0,11508778389543295; 0,3945801667869091
-0,1428454317450328; 0,2227572724223137; 0,1956112254410982; 0,6130277854390442; 0,8797189020551741; 0,9249449563212693; 0,2652961499989033; 0,6445061443373561; 0,9318900876678526; 0,29477920616045594; 0,35586745431646705
0,03682837033427474; 0,05231050821021199; 0,3801638102158904; 0,6207555481232703; 0,07984757423400879; 0,22652909625321627; 0,7932015946134925; 0,10781243117526174; 0,5326261455193162; 0,36738300789147615; 0,9360545300878584
-0,17069067905646004; 0,21942392084747553; 0,38012930238619447; 0,3472437346354127; 0,7403621762059629; 0,8932040389627218; 0,020050380378961563; 0,48047922691330314; 0,5213543064892292; 0,15762601094320416; 0,23928092326968908
0,04361617151343137; 0,2627147017046809; 0,4873989252373576; 0,5157494568265975; 0,7046684818342328; 0,9854659847915173; 0,6939184349030256; 0,45766670955345035; 0,913748936727643; 0,18588323751464486; 0,7333652270026505
0,9393236934168946; 0,5098505499772727; 0,188581638969481; 0,683941843919456; 0,9820640380494297; 0,33113767113536596; 0,32256755279377103; 0,2895034207031131; 0,9556996328756213; 0,54131228197366; 0,2753948038443923
-0,147938083799381; 0,9144723499193788; 0,35489532724022865; 0,292244556825608; 0,05915200291201472; 0,20269321324303746; 0,7340846555307508; 0,45951207634061575; 0,36723267333582044; 0,43874554755166173; 0,6783426003530622
0,9971003000034097; 0,8039334286004305; 0,5162776387296617; 0,4746199883520603; 0,9153826255351305; 0,3262809137813747; 0,5012871725484729; 0,9852338442578912; 0,6330683412961662; 0,7845387770794332; 0,9198002540506423
-0,6239322885379202; 0,8328554350882769; 0,9379978077486157; 0,5225760298781097; 0,686165424529463; 0,7965062679722905; 0,24922449188306928; 0,5269203665666282; 0,4293735772371292; 0,5989436646923423; 0,8111413139849901
-0,31971111112850514; 0,41748225735500455; 0,3646239903755486; 0,40530051896348596; 0,6219397257082164; 0,9543073745444417; 0,08989723771810532; 0,4945282218977809; 0,35550448298454285; 0,770371126011014; 0,8054902288131416
0,5946851506209401; 0,481173247564584; 0,20254213735461235; 0,3116112221032381; 0,1417204337194562; 0,18456503096967936; 0,8259639735333622; 0,6984886433929205; 0,6635656198486686; 0,47671469394117594; 0,23348930198699236
0,02085610880147309; 0,03541297884657979; 0,3589019258506596; 0,4339590002782643; 0,4781179502606392; 0,9585450356826186; 0,6568430354818702; 0,47507473174482584; 0,1765044047497213; 0,7501277872361243; 0,3685869970358908
-0,8152897477936503; 0,8308795900084078; 0,511379427742213; 0,0023829727433621883; 0,5155207496136427; 0,9455553614534438; 0,2468580543063581; 0,8674743017181754; 0,5857937587425113; 0,09814881579950452; 0,715010107960552
-0,2767873276446877; 0,9963029287755489; 0,869036378338933; 0,7675376203842461; 0,14721138309687376; 0,7133037364110351; 0,6315506948158145; 0,5556209613569081; 0,8394068954512477; 0,7207123781554401; 0,44759156834334135
0,045601401016289685; 0,0845978781580925; 0,8493822603486478; 0,3928864514455199; 0,7352649043314159; 0,9116419730708003; 0,7252952405251563; 0,4896719357930124; 0,076647087931633; 0,9450614303350449; 0,18374900240451097
0,52161656240699; 0,5465678609907627; 0,3817207533866167; 0,9238952370360494; 0,5765034770593047; 0,27471765130758286; 0,8938900269567966; 0,16677145520225167; 0,08106576884165406; 0,8022617674432695; 0,524158488959074
0,08655174573834318; 0,12692046677693725; 0,1890124143101275; 0,9607081613503397; 0,03567553125321865; 0,7790827914141119; 0,9327810695394874; 0,6154019073583186; 0,5232126624323428; 0,7970281192101538; 0,46314127976074815
0,8633357670871246; 0,7344545144587755; 0,702720507979393; 0,1843928131274879; 0,856380261015147; 0,3090117289684713; 0,8419225122779608; 0,35452145524322987; 0,36365243839100003; 0,7839844194240868; 0,37285851081833243
-0,07054211529914907; 0,045892628375440836; 0,5806346079334617; 0,7728542070835829; 0,024752084631472826; 0,944986498914659; 0,274295867420733; 0,29989208234474063; 0,9809004073031247; 0,36826764000579715; 0,8591701430268586
-0,8264567202504867; 0,7325433548539877; 0,6399378292262554; 0,7956839678809047; 0,5178929367102683; 0,0006036809645593166; 0,20887257624417543; 0,44145230343565345; 0,3192655360326171; 0,4262819206342101; 0,6124718263745308
-0,3345126537640411; 0,9590752818621695; 0,49857740197330713; 0,08044020878151059; 0,8719353387132287; 0,022487039677798748; 0,4264653595164418; 0,7686168979853392; 0,639299847651273; 0,6711354809813201; 0,6260289899073541
0,16633547564656767; 0,2734214039519429; 0,6816479484550655; 0,476060813292861; 0,7592153795994818; 0,43983128760010004; 0,8647934650070965; 0,3623958621174097; 0,2539145336486399; 0,9664720720611513; 0,1996168834157288
-0,00849325106395549; 0,25148778408765793; 0,021295863203704357; 0,6486566257663071; 0,26677569886669517; 0,03274008212611079; 0,5649430104531348; 0,2679448351264; 0,35352314542979; 0,37451128754764795; 0,8094605575315654
-0,014139143932430218; 0,2906343974173069; 0,07542815385386348; 0,7029820145107806; 0,7332137683406472; 0,7872038572095335; 0,6316417627967894; 0,6535032442770898; 0,5115138287656009; 0,47664734860882163; 0,25682208547368646
-0,7067377254017289; 0,7222434259019792; 0,6857887776568532; 0,975098236463964; 0,2543155448511243; 0,8708315044641495; 0,06011662306264043; 0,9666733839549124; 0,3805546988733113; 0,7877288381569088; 0,8465415919199586
-0,17427612221952793; 0,5694622173905373; 0,5660154749639332; 0,11336465366184711; 0,44637346966192126; 0,6305426172912121; 0,012476149015128613; 0,2098395274952054; 0,4214373091235757; 0,5727123441174626; 0,11027134396135807
-0,9970680858180714; 0,9108880795538425; 0,5946654379367828; 0,8785955803468823; 0,1598135302774608; 0,7495159143581986; 0,9742489396594465; 0,27002961095422506; 0,1327726161107421; 0,6155369207262993; 0,15342521015554667
-0,12557338529363288; 0,4001289810985327; 0,6769981258548796; 0,6845753975212574; 0,7496341844089329; 0,6807341044768691; 0,49667149409651756; 0,8218200542032719; 0,17676147259771824; 0,6531765260733664; 0,9634586498141289
0,13728090112774208; 0,19688879884779453; 0,12452302500605583; 0,048230537213385105; 0,8278429782949388; 0,8590943771414459; 0,7538251946680248; 0,04238270642235875; 0,705693053547293; 0,008506974671036005; 0,09085996448993683
-0,005455474383181913; 0,8159768274053931; 0,15568659966811538; 0,2871448555961251; 0,2931124968454242; 0,5195218049921095; 0,47764134407043457; 0,12508872104808688; 0,12624620459973812; 0,37447055615484715; 0,06427312782034278
-0,004237104334433454; 0,12494948273524642; 0,700665904674679; 0,028768193908035755; 0,7118155946955085; 0,30366339068859816; 0,035616622772067785; 0,8925683596171439; 0,6226089713163674; 0,20860779657959938; 0,8041867837309837
-0,0781860743758332; 0,82177001144737; 0,34302194975316525; 0,3443664535880089; 0,4286025860346854; 0,2653631577268243; 0,5884082708507776; 0,5493414090014994; 0,1504295733757317; 0,07765438035130501; 0,5419350955635309
0,056965562585082084; 0,04113164311274886; 0,2201585341244936; 0,14021895686164498; 0,289562757126987; 0,48929786402732134; 0,6513477028347552; 0,6847957829013467; 0,8882615808397532; 0,5417711022309959; 0,8499229499138892
-0,08503898430866763; 0,000809310469776392; 0,7909061778336763; 0,8041038350202143; 0,6888356930576265; 0,09968925220891833; 0,08373132068663836; 0,08317584078758955; 0,09901467943564057; 0,15644146921113133; 0,2748794509097934
-0,06645338689406763; 0,040043311193585396; 0,855428515933454; 0,5893434239551425; 0,1398254493251443; 0,16689878376200795; 0,10771774593740702; 0,4552653538994491; 0,04673717962577939; 0,9323306228034198; 0,43215813022106886
-0,09408680533812805; 0,46903178142383695; 0,7730536246672273; 0,26192164001986384; 0,13914837129414082; 0,7845892827026546; 0,23221222078427672; 0,07045055460184813; 0,7875686506740749; 0,8394205318763852; 0,4967640144750476
-0,002738589173019957; 0,14101830311119556; 0,11505888309329748; 0,9119934672489762; 0,7855638214387; 0,14009140571579337; 0,612946845125407; 0,7168446853756905; 0,6686156312935054; 0,37504036957398057; 0,6739508025348186
-0,023795103178029856; 0,010569550562649965; 0,9814486349932849; 0,5551427248865366; 0,3834337629377842; 0,7667072582989931; 0,24709795229136944; 0,3695037169381976; 0,4731506910175085; 0,542967414483428; 0,7302672527730465
-0,24821080941704055; 0,3548677656799555; 0,13171455543488264; 0,33396274084225297; 0,4764917860738933; 0,8997286753728986; 0,02467426471412182; 0,6529273083433509; 0,01786331320181489; 0,275238533038646; 0,7881292793899775
-0,05945927869422337; 0,3730739173479378; 0,8087039608508348; 0,22567249136045575; 0,8999237800016999; 0,717233810108155; 0,2525197295472026; 0,3323546960018575; 0,7212526663206518; 0,9198979469947517; 0,5141985821537673
0,21418986314773095; 0,49559351010248065; 0,9023085497319698; 0,9997516418807209; 0,4101556297391653; 0,9340435336343944; 0,895996137522161; 0,4053413509391248; 0,9375015017576516; 0,960102119948715; 0,0675351177342236
0,10049612825602414; 0,33329613832756877; 0,6461743931286037; 0,1058353865519166; 0,272786911111325; 0,5290466281585395; 0,4942459692247212; 0,6425313167273998; 0,2915309062227607; 0,6952137830667198; 0,9689614409580827
-0,2862548036098898; 0,7315618828870356; 0,994218232575804; 0,5087753464467824; 0,08006502548232675; 0,5728006055578589; 0,27051439229398966; 0,24528116872534156; 0,8221598975360394; 0,34831428062170744; 0,11862813727930188
-0,38488746808200686; 0,45713749527931213; 0,4373265807516873; 0,4340994912199676; 0,5150948502123356; 0,750689840875566; 0,03917692042887211; 0,4273555469699204; 0,022935013752430677; 0,6795543050393462; 0,610301342792809
-0,18444799028860787; 0,7829169696196914; 0,209994665812701; 0,13294098479673266; 0,35899053467437625; 0,9797770977020264; 0,8734470754861832; 0,7487782663665712; 0,8214330524206161; 0,7366377795115113; 0,698519635014236
-0,2072953420282289; 0,4483754928223789; 0,91563287563622; 0,9558936082758009; 0,8406165610067546; 0,8757167034782469; 0,24123170506209135; 0,38536664796993136; 0,12883024662733078; 0,7168028419837356; 0,5061843832954764
0,052926123325338116; 0,8454658617265522; 0,126292260363698; 0,5830164016224444; 0,7445677896030247; 0,89128502830863; 0,38083634059876204; 0,942137835547328; 0,5668992735445499; 0,18259787652641535; 0,7411817465908825
0,0896910398260022; 0,20142461266368628; 0,6303561367094517; 0,4799034376628697; 0,21331541147083044; 0,5048475940711796; 0,8479511477053165; 0,46084290416911244; 0,614255593623966; 0,9410379459150136; 0,6959799965843558
-0,04287567815641433; 0,031469961162656546; 0,41608098009601235; 0,6417623171582818; 0,2909410852007568; 0,18891445826739073; 0,4719836274161935; 0,5317583051510155; 0,10210632998496294; 0,8095662477426231; 0,15749935200437903
0,3944668444261034; 0,6701262295246124; 0,6785649075172842; 0,6187335075810552; 0,22495878068730235; 0,9726417567580938; 0,902947164606303; 0,3261059666983783; 0,8606522548943758; 0,8663784465752542; 0,025066437665373087
0,2931335671467164; 0,5348924188874662; 0,7865374996326864; 0,2608784846961498; 0,07412847550585866; 0,9346438082866371; 0,9499368565157056; 0,9632550734095275; 0,20709277922287583; 0,984396175481379; 0,4681932176463306
0,1395328127132737; 0,24643866531550884; 0,16512508876621723; 0,8658732189796865; 0,4640556271187961; 0,9864033618941903; 0,9799240524880588; 0,41050373297184706; 0,4844554793089628; 0,6529608485288918; 0,7442540572956204
-0,3332699669884504; 0,37647662591189146; 0,21097535593435168; 0,8253057627007365; 0,34077785862609744; 0,18784840777516365; 0,08559624990448356; 0,9948188164271414; 0,2561365677975118; 0,7760150246322155; 0,6174258105456829
0,0661859390041313; 0,010491548106074333; 0,8270481936633587; 0,32736078556627035; 0,6945972912944853; 0,8109052390791476; 0,8370268023572862; 0,9214311931282282; 0,8205175953917205; 0,6525375451892614; 0,2919468944892287
0,03707221230498375; 0,7146335113793612; 0,06154662184417248; 0,7991523840464652; 0,43277432303875685; 0,28846819046884775; 0,293894209433347; 0,17892527533695102; 0,06778968265280128; 0,5641339430585504; 0,24530935939401388
-0,015601409819521565; 0,38282524049282074; 0,6555066248402; 0,43659275490790606; 0,20536538399755955; 0,3138532000593841; 0,5470506213605404; 0,7766577112488449; 0,39246416417881846; 0,944373469799757; 0,12515938142314553
-0,12501175367126285; 0,49546323297545314; 0,8722878997214139; 0,2412683474831283; 0,3094158647581935; 0,5205945577472448; 0,1589769795536995; 0,04412625217810273; 0,9202943774871528; 0,26194982463493943; 0,9989252230152488
-0,7995680539338271; 0,6659347363747656; 0,5098616001196206; 0,7210259353742003; 0,5453849141485989; 0,9533142428845167; 0,2711690403521061; 0,33522326638922095; 0,17947443341836333; 0,7319117612205446; 0,6465866919606924
-0,041545938023560776; 0,4687953623943031; 0,7657446786761284; 0,5414313054643571; 0,10219349153339863; 0,4552647196687758; 0,5578362448140979; 0,8629410001449287; 0,5478883534669876; 0,5978914592415094; 0,39801723463460803
-0,3903521726248393; 0,9531393009237945; 0,416377083864063; 0,5358243635855615; 0,8091002497822046; 0,240934862755239; 0,9157635155133903; 0,24163040053099394; 0,983179512899369; 0,6564843831583858; 0,21929729171097279
-0,19780516000325357; 0,8709404757246375; 0,6603194163180888; 0,47737629199400544; 0,36621236661449075; 0,17931355023756623; 0,8148591248318553; 0,007175009697675705; 0,3670120663009584; 0,2927944092079997; 0,3113731825724244
-0,0006306644781770412; 0,9964240700937808; 0,023885473143309355; 0,91259601758793; 0,09348211111500859; 0,2676886171102524; 0,662773028947413; 0,7461874498985708; 0,8515730248764157; 0,6487559769302607; 0,33495789393782616
-0,010579839516863284; 0,855832357890904; 0,020698290783911943; 0,021988491527736187; 0,6829012418165803; 0,7890973906032741; 0,6756140156649053; 0,6253162687644362; 0,6018245234154165; 0,2636994500644505; 0,27786992071196437
0,025654878067905063; 0,2612884668633342; 0,3183827572502196; 0,11414384981617332; 0,28740686271339655; 0,08307365095242858; 0,2884870572015643; 0,5682926271110773; 0,2646869635209441; 0,4539441061206162; 0,9305590577423573
0,04201093454492715; 0,6369586805813015; 0,9556919941678643; 0,17270451691001654; 0,042406839318573475; 0,8310624342411757; 0,3750887210480869; 0,9933272148482502; 0,17247943906113505; 0,9891390767879784; 0,7028893255628645
0,009528536960900238; 0,0960708879865706; 0,03236700454726815; 0,21072515239939094; 0,012778106145560741; 0,8587254965677857; 0,6034617722034454; 0,24804827850311995; 0,09187605883926153; 0,4037142931483686; 0,12341487128287554
-0,019777607732437714; 0,12737214472144842; 0,11968274461105466; 0,7182094790041447; 0,41193289356306195; 0,5770837897434831; 0,5669097765348852; 0,7625063881278038; 0,034987709019333124; 0,2699217055924237; 0,8254651669412851
0,12415682874569368; 0,5539367189630866; 0,1336617604829371; 0,6643298398703337; 0,9585794201120734; 0,054928870406001806; 0,5660227546468377; 0,7186365956440568; 0,40986400516703725; 0,09423205442726612; 0,7448632977902889
0,9458287642795368; 0,7995553873479366; 0,7599308113567531; 0,1554832048714161; 0,8877722630277276; 0,3244778038933873; 0,7796136834658682; 0,5504429168067873; 0,27441144082695246; 0,5709576411172748; 0,9522444792091846
-0,1296359245971233; 0,19311922695487738; 0,5325803239829838; 0,28711215453222394; 0,5346288699656725; 0,22670962195843458; 0,039406899362802505; 0,2604270461015403; 0,13118348317220807; 0,3429235275834799; 0,9138398696668446
0,4276147444187213; 0,9395151273347437; 0,4705254817381501; 0,3753087306395173; 0,010755135677754879; 0,8206365476362407; 0,03672528313472867; 0,7868351675570011; 0,7983864974230528; 0,7144953249953687; 0,5314959576353431
0,09803050555786101; 0,19524922408163548; 0,8914949968457222; 0,10736995050683618; 0,07653273409232497; 0,989505214150995; 0,8179353009909391; 0,1802042438648641; 0,5045380820520222; 0,9909703410230577; 0,04903006833046675
-0,11732510816529992; 0,17724787956103683; 0,9052759557962418; 0,608764068223536; 0,9956047791056335; 0,8261400419287384; 0,20326876128092408; 0,06751817278563976; 0,06721521774306893; 0,17669185483828187; 0,3205989068374038
-0,018028880932987365; 0,019446296617388725; 0,7357110250741243; 0,3045533197000623; 0,5352937174029648; 0,3684245580807328; 0,36890927888453007; 0,6673159687779844; 0,41429929342120886; 0,7387004890479147; 0,39462454384192824
0,22268784279883824; 0,4026058744639158; 0,44209954189136624; 0,08834255579859018; 0,25842275749891996; 0,6746430089697242; 0,7187249711714685; 0,29847290785983205; 0,19045990984886885; 0,21204882441088557; 0,4495106255635619
0,6949421425569842; 0,4831799203529954; 0,2718353280797601; 0,20715737249702215; 0,8748712688684464; 0,16357188438996673; 0,8308932054787874; 0,6399805545806885; 0,75688491249457; 0,08614326547831297; 0,4084715279750526
-0,1641172626594706; 0,3961436655372381; 0,7377880052663386; 0,7511965669691563; 0,14263522252440453; 0,05317531945183873; 0,3023530631326139; 0,9951624237000942; 0,7796588474884629; 0,17503974959254265; 0,34680192079395056
0,010301762063256606; 0,6926885922439396; 0,794904020614922; 0,6166358171030879; 0,5200016889721155; 0,5782925602979958; 0,659826320130378; 0,9167607040144503; 0,5955928675830364; 0,35315593471750617; 0,626897418871522
0,966301910826734; 0,7969109546393156; 0,5745438220910728; 0,5392933837138116; 0,7889823107980192; 0,09374852338805795; 0,18648738926276565; 0,8644574149511755; 0,7514428063295782; 0,16186948120594025; 0,9183190637268126
-0,1610858335268216; 0,36828850442543626; 0,41920083621516824; 0,7566165081225336; 0,614526707213372; 0,50867541693151; 0,42751053208485246; 0,13075367268174887; 0,19048035563901067; 0,46812886698171496; 0,5660050162114203
0,12277582235178104; 0,4721923526376486; 0,3226323025301099; 0,6205173213966191; 0,13723233109340072; 0,3378446293063462; 0,7667384105734527; 0,5393803967162967; 0,6419772058725357; 0,07994609791785479; 0,5898920339532197
0,43036845727027434; 0,7287627556361258; 0,8568450002931058; 0,45416848361492157; 0,9789069816470146; 0,7525020823813975; 0,790988402441144; 0,6112536573782563; 0,6678809183649719; 0,45424550073221326; 0,3074791030958295
-0,02576346941739318; 0,04095900617539883; 0,43771436577662826; 0,3049222775734961; 0,7142651183530688; 0,3715594047680497; 0,3689478812739253; 0,4194087595678866; 0,047904813662171364; 0,6556075289845467; 0,3889207039028406
0,9869175064450798; 0,9831147822551429; 0,9221612918190658; 0,894148314371705; 0,022982616443187; 0,5843494515866041; 0,9332031509838998; 0,24182139430195093; 0,16254845494404435; 0,008882488124072552; 0,8683353150263429
-0,8160267064633766; 0,6359999794512987; 0,428587872069329; 0,3680420466698706; 0,8485956229269505; 0,9917120099999011; 0,18749594455584884; 0,6889487323351204; 0,5188948344439268; 0,4979424919001758; 0,6779048843309283
-0,9890773857952819; 0,9145457628183067; 0,8658847655169666; 0,41846277844160795; 0,6180849019438028; 0,5329040423966944; 0,0027208267711102962; 0,41396025475114584; 0,13263772521167994; 0,7939818180166185; 0,34811303159222007
-0,3618869996103472; 0,9810174452140927; 0,4962908993475139; 0,6512061273679137; 0,06791468383744359; 0,9532644595019519; 0,9267801479436457; 0,8807354788295925; 0,9014901164919138; 0,35696159955114126; 0,7361381454393268
-0,09855608526104465; 0,8879522932693362; 0,27070987969636917; 0,06969907134771347; 0,19484067568555474; 0,329825340770185; 0,47265281854197383; 0,839425197802484; 0,9359750072471797; 0,7526172022335231; 0,2768845302052796
0,013862243089910025; 0,7088921596296132; 0,7289556516334414; 0,15431339014321566; 0,4339253306388855; 0,08474236074835062; 0,28421160764992237; 0,4053422324359417; 0,6437373426742852; 0,23641338991001248; 0,39312129002064466
0,0654630141015994; 0,1531583913601935; 0,8663048497401178; 0,8004080750979483; 0,7069425289519131; 0,22009302768856287; 0,8293198528699577; 0,14062602585181594; 0,2573783420957625; 0,7202450237236917; 0,12493796134367585
0,03463078422165422; 0,22788836108520627; 0,40443020267412066; 0,8185468432493508; 0,06955424463376403; 0,6102283056825399; 0,7440794138237834; 0,04708612896502018; 0,43293116986751556; 0,30323440907523036; 0,17313969368115067
0,02983673168122503; 0,3068378712050617; 0,5197161277756095; 0,8078337623737752; 0,453977161552757; 0,36320580588653684; 0,7265487676486373; 0,023472615517675877; 0,7977346130646765; 0,2859780304133892; 0,0362429884262383
-0,06553533626154553; 0,11413950147107244; 0,07277955720201135; 0,9596287840977311; 0,7699914597906172; 0,09378803241997957; 0,030499469488859177; 0,6371418661437929; 0,5877915411256254; 0,6152438898570836; 0,9247848656959832
-0,06388082073771639; 0,570530554279685; 0,7817495497874916; 0,31549776485189795; 0,2889477270655334; 0,6572974626906216; 0,3955319691449404; 0,08702912926673889; 0,6167989475652575; 0,0664562969468534; 0,4746300638653338
-0,16723369713936823; 0,32313234359025955; 0,9794713077135384; 0,9396357061341405; 0,5141770662739873; 0,09332604240626097; 0,09900804283097386; 0,7178641022183001; 0,2351379944011569; 0,04042321816086769; 0,8414140376262367
0,15036543162537044; 0,30743025802075863; 0,8834669296629727; 0,1283018277026713; 0,7503500557504594; 0,07240261556580663; 0,6486090091057122; 0,26628836849704385; 0,1984501052647829; 0,40531481243669987; 0,6010412606410682
-0,4098234045121548; 0,5278710066340864; 0,8503810563124716; 0,6667945538647473; 0,8657529195770621; 0,3066282463259995; 0,00814801175147295; 0,19125663675367832; 0,8841600604355335; 0,3323069754987955; 0,9699357678182423
0,37068638912737223; 0,4715215233154595; 0,34496354404836893; 0,61363794375211; 0,03271607682108879; 0,8635808220133185; 0,9698379701003432; 0,8728718459606171; 0,8426807695068419; 0,5894399881362915; 0,3282486451789737
0,09873643622237432; 0,18450736487284303; 0,21851664641872048; 0,5507744285278022; 0,5944841518066823; 0,4063323372974992; 0,8588922009803355; 0,6680154176428914; 0,7022065366618335; 0,940163844730705; 0,16125640319660306
-0,0025980874647394273; 0,6076645217835903; 0,21710950136184692; 0,6997343129478395; 0,858588358387351; 0,24830196565017104; 0,6659041177481413; 0,09243117086589336; 0,684804895427078; 0,08533102227374911; 0,47764408867806196
0,037017760289187455; 0,12978700827807188; 0,9584694658406079; 0,13803390553221107; 0,43478013621643186; 0,5131517569534481; 0,5158536820672452; 0,09105297923088074; 0,08596056560054421; 0,478495298884809; 0,5367223527282476
0,3693726061833006; 0,9012927585281432; 0,99107785243541; 0,4455735208466649; 0,80806206446141; 0,943879131693393; 0,7125763865187764; 0,3021394438110292; 0,42037293827161193; 0,5444050109945238; 0,4058762895874679
-0,3625963809594063; 0,8874273798428476; 0,39173234114423394; 0,12279435712844133; 0,2724983850494027; 0,8358491011895239; 0,9531643418595195; 0,5686443545855582; 0,7759501356631517; 0,7616812181659043; 0,13573866803199053
-0,10247228591886699; 0,1533321412280202; 0,7709954674355686; 0,9174552327021956; 0,217202743049711; 0,09290377562865615; 0,17587811965495348; 0,20319930836558342; 0,8426457229070365; 0,5213792445138097; 0,608049055095762
0,007785970139973504; 0,536295342259109; 0,8852212117053568; 0,6847040429711342; 0,4917015852406621; 0,6298915152437985; 0,6720397085882723; 0,2684083413332701; 0,2230106657370925; 0,6108751143328846; 0,405398812610656
0,1305537863343713; 0,5695248008705676; 0,06462570372968912; 0,6175983818247914; 0,7199579705484211; 0,2947581559419632; 0,0070793116465210915; 0,285033174790442; 0,5358104933984578; 0,4085204158909619; 0,09271834185346961
0,06304999324296419; 0,878007932100445; 0,24296410009264946; 0,9421839374117553; 0,017200215719640255; 0,802460400853306; 0,3978946511633694; 0,01250164583325386; 0,2488412745296955; 0,5126480176113546; 0,015656597446650267
0,007752130228322425; 0,616677850484848; 0,013852083124220371; 0,40587146673351526; 0,4507053652778268; 0,10197116062045097; 0,2762444596737623; 0,09577181795611978; 0,37878068583086133; 0,6772590884938836; 0,33413382712751627
0,1969439577342041; 0,41092055989429355; 0,7116710203699768; 0,11394395446404815; 0,02689292933791876; 0,9946017097681761; 0,7814317583106458; 0,5549998241476715; 0,606456027366221; 0,5797799159772694; 0,014587391167879105
-0,11623703763464231; 0,18062325147911906; 0,6894090096466243; 0,27443899726495147; 0,6087751500308514; 0,3700432269833982; 0,028324411250650883; 0,3021243456751108; 0,07567249285057187; 0,5795127507299185; 0,5672876057215035
0,026528846438533718; 0,11632959358394146; 0,9584942809306085; 0,7180502167902887; 0,9087111679837108; 0,7946873991750181; 0,7506366702727973; 0,9013955923728645; 0,022921975702047348; 0,29275166941806674; 0,7796898423694074
-0,03208259698870591; 0,18097598617896438; 0,8546397523023188; 0,1204125378280878; 0,08697836939245462; 0,6057744533754885; 0,04723861627280712; 0,5335982311517; 0,7436094377189875; 0,5164288207888603; 0,21561032766476274
0,7874129736391393; 0,4444904625415802; 0,1494390293955803; 0,02825071755796671; 0,6260971957817674; 0,5064867315813899; 0,6712165609933436; 0,4675314696505666; 0,907586432993412; 0,13228932628408074; 0,1750129801221192
0,9462805191683241; 0,8580430136062205; 0,5586986974813044; 0,2642192034982145; 0,008227912243455648; 0,6114875474013388; 0,14528576657176018; 0,46964731020852923; 0,6335692792199552; 0,42531689442694187; 0,7653166479431093
0,00812590280030427; 0,4220812716521323; 0,26110584381967783; 0,14009706815704703; 0,746071245521307; 0,7454575188457966; 0,2591086537577212; 0,544790506362915; 0,7575796898454428; 0,7979251877404749; 0,15812786109745502
-0,12915422157051445; 0,09808582859113812; 0,36072506895288825; 0,7165479557588696; 0,2751193717122078; 0,7488272171467543; 0,12756092147901654; 0,9159688903018832; 0,8629806474782526; 0,9781203409656882; 0,8924377313815057
-0,13705856446011944; 0,9119928167201579; 0,337147977668792; 0,6138020451180637; 0,8061883561313152; 0,8938361429609358; 0,7854350893758237; 0,2684254446066916; 0,5973024852573872; 0,9369757110252976; 0,7095629754476249
-0,11190423256839684; 0,300163300242275; 0,5758013492450118; 0,56896618520841; 0,04593768483027816; 0,9839143883436918; 0,33429548470303416; 0,9793814937584102; 0,8943931376561522; 0,06792631233111024; 0,8988804728724062
0,7432256633897701; 0,8493077475577593; 0,5444251545704901; 0,5303076291456819; 0,5349117107689381; 0,19102691067382693; 0,2514007040299475; 0,8433066215366125; 0,1296477047726512; 0,16314284643158317; 0,7162018152885139
-0,11409084829125274; 0,4685277370736003; 0,8275181371718645; 0,9022483672015369; 0,5971020828001201; 0,393283577170223; 0,4636269733309746; 0,36570768197998405; 0,0955504598096013; 0,04715753858909011; 0,9740197109058499
-0,11182414799597887; 0,36043988447636366; 0,9158037113957107; 0,45253222482278943; 0,25163760548457503; 0,1956019471399486; 0,2851413260214031; 0,947934408672154; 0,911282573826611; 0,29782436275854707; 0,989703671541065
0,06803457572671369; 0,3162895916029811; 0,9631775147281587; 0,2955965492874384; 0,3716989201493561; 0,8031572103500366; 0,6757837515324354; 0,5244044079445302; 0,895297581795603; 0,9571796641685069; 0,3512268834747374
-0,013213110564757569; 0,1458994816057384; 0,3157988912425935; 0,9087939108721912; 0,8762090019881725; 0,033790468238294125; 0,5956835364922881; 0,2723517813719809; 0,8621192625723779; 0,9013857170939445; 0,5445667025633156
0,06842119005102157; 0,033544390462338924; 0,2917374409735203; 0,6453556758351624; 0,4154297816567123; 0,814917960204184; 0,8806360606104136; 0,9587228451855481; 0,32141930842772126; 0,43849173560738564; 0,10426854621618986
0,21681371752473877; 0,600556624121964; 0,5611858330667019; 0,9742739745415747; 0,4099732702597976; 0,001993448007851839; 0,7503288527950644; 0,41384199261665344; 0,6283802539110184; 0,7048130882903934; 0,845682542771101
-0,06074390239024863; 0,23459843965247273; 0,44393753726035357; 0,6914258850738406; 0,6148540289141238; 0,8321093879640102; 0,5425089537166059; 0,18775463057681918; 0,579173737205565; 0,40740609215572476; 0,9287267923355103
-0,012746441884988864; 0,3480705674737692; 0,9071200648322701; 0,8726277099922299; 0,2268070844002068; 0,7332118037156761; 0,6074336674064398; 0,37944847950711846; 0,8581882626749575; 0,9922182462178171; 0,3835711353458464
0,002072735622412569; 0,11779271392151713; 0,3322944175451994; 0,7339436407200992; 0,33013759134337306; 0,4640120957046747; 0,6718353158794343; 0,05247771646827459; 0,2794527658261359; 0,47862533014267683; 0,2267325660213828
0,05663718419000339; 0,30663962941616774; 0,34510329691693187; 0,10584880970418453; 0,4701087926514447; 0,7848745011724532; 0,334666034206748; 0,5358116989955306; 0,2251876830123365; 0,6157949864864349; 0,6771571636199951
0,08071529147590133; 0,44937915401533246; 0,39665114553645253; 0,8651459510438144; 0,6259170761331916; 0,523567991796881; 0,7104361662641168; 0,7228115806356072; 0,9715759232640266; 0,23086092621088028; 0,46731989132240415
0,009305326005515584; 0,6218297621235251; 0,6801946628838778; 0,34501827461645007; 0,2368597686290741; 0,13839709479361773; 0,519733558408916; 0,27121350076049566; 0,4349803044460714; 0,13507346902042627; 0,7984480019658804
0,11981256009769421; 0,9717773026786745; 0,2531906827352941; 0,7641742276027799; 0,21691806195303798; 0,9908414920791984; 0,20863127056509256; 0,9391546882688999; 0,9703808245249093; 0,23149467492476106; 0,283317050896585
-0,06201994199899565; 0,8552310271188617; 0,45386214181780815; 0,33863162621855736; 0,14840983878821135; 0,4845360489562154; 0,5457308613695204; 0,34632808016613126; 0,5546446265652776; 0,6472211969085038; 0,5234790281392634
0,12604119999848162; 0,5941990381106734; 0,9843992427922785; 0,8587750308215618; 0,287294065579772; 0,22874162904918194; 0,792146329768002; 0,8300421428866684; 0,9845598111860454; 0,6941528115421534; 0,1648469679057598
-0,09780839430889053; 0,07551616802811623; 0,5590973515063524; 0,6299115405417979; 0,06851804489269853; 0,6654767198488116; 0,17558215139433742; 0,5080953822471201; 0,7574780890718102; 0,560742071364075; 0,2083773030899465
-0,00029520740989145554; 0,1370099219493568; 0,6983072077855468; 0,35924841556698084; 0,6831584111787379; 0,0815994469448924; 0,5220013516955078; 0,38699627155438066; 0,8418840751983225; 0,8708973126485944; 0,335252788849175
0,42396356962940923; 0,6550879860296845; 0,36126093892380595; 0,10860839951783419; 0,8430433925241232; 0,9360049809329212; 0,43608554685488343; 0,10571261681616306; 0,2501974329352379; 0,37354649091139436; 0,16841701604425907
0,14331678034228315; 0,3073297794908285; 0,41023804899305105; 0,19554035179316998; 0,9524984620511532; 0,8322292547672987; 0,5885100793093443; 0,8226165757514536; 0,5880089197307825; 0,14828733913600445; 0,9659610926173627
-0,9296028643207799; 0,5713692815043032; 0,22826300421729684; 0,6807869463227689; 0,06812617182731628; 0,6582555705681443; 0,9106460767798126; 0,027026910334825516; 0,5769543484784663; 0,13276329031214118; 0,7850688020698726
-0,05949983452807192; 0,5885758502408862; 0,6217615501955152; 0,34820232540369034; 0,2613169508986175; 0,7030319622717798; 0,44551896257326007; 0,2036752081476152; 0,359273926820606; 0,1533964555710554; 0,2203634511679411
-0,18180738949397657; 0,17649027612060308; 0,7354408386163414; 0,7379529480822384; 0,7856401712633669; 0,5891807717271149; 0,022670607548207045; 0,9146878402680159; 0,8738561570644379; 0,9266922157257795; 0,5173837980255485
-0,043064010938386375; 0,1608540676534176; 0,3735875403508544; 0,4304765542037785; 0,4385275230742991; 0,20681319944560528; 0,44288304168730974; 0,5080854212865233; 0,9123459388501942; 0,31412626011297107; 0,14939815131947398
-0,15448499374147504; 0,16877675568684936; 0,7467332486994565; 0,7340002423152328; 0,42041518772020936; 0,9012533007189631; 0,08656581491231918; 0,5890348348766565; 0,9946408937685192; 0,8610962289385498; 0,5133930249139667
-0,09240632106893079; 0,2637211577966809; 0,7288171951659024; 0,8821173910982907; 0,057071167044341564; 0,33428918197751045; 0,44226927729323506; 0,00794228632003069; 0,9287405121140182; 0,14976175082847476; 0,5767013933509588
-0,07185996272586433; 0,8355658035725355; 0,21590196574106812; 0,6515250811353326; 0,1267091310583055; 0,7827242542989552; 0,8318943409249187; 0,12501948652788997; 0,5068771340884268; 0,29885300900787115; 0,12552073737606406
-0,13316564696849637; 0,04391505429521203; 0,6247824402526021; 0,8719847924076021; 0,9303803606890142; 0,08121663611382246; 0,030374317429959774; 0,04628720274195075; 0,5554721360094845; 0,8059312226250768; 0,9854719038121402
-0,006257943854778123; 0,24044402549043298; 0,1593583570793271; 0,42105022678151727; 0,6576345595531166; 0,9743291256017983; 0,5527333985082805; 0,6602555233985186; 0,8312060483731329; 0,25051498087123036; 0,20044967299327254
0,3541733867387108; 0,6827281909063458; 0,210179946385324; 0,4740837346762419; 0,8081142003647983; 0,35744810476899147; 0,11660894891247153; 0,5331315565854311; 0,260779342148453; 0,08137882733717561; 0,8454331797547638
0,30975059656105636; 0,5399986710399389; 0,8548019514419138; 0,39961611572653055; 0,804473452270031; 0,673808372579515; 0,8348015816882253; 0,8519293800927699; 0,5954131111502647; 0,753650882281363; 0,7238876749761403
-0,20837450075759362; 0,6329840514808893; 0,3649203754030168; 0,898984051309526; 0,8547459300607443; 0,12819278705865145; 0,15191585617139935; 0,8738450598903; 0,5007923757657409; 0,15910734608769417; 0,06946995854377747
0,28062598878060213; 0,4276730539277196; 0,45009841257706285; 0,5054151858203113; 0,8426756770350039; 0,3932106648571789; 0,8519996055401862; 0,3006278583779931; 0,33950206777080894; 0,47579947020858526; 0,28035282203927636
-0,07024128119395591; 0,6417184146121144; 0,7476808317005634; 0,6611359934322536; 0,7752318563871086; 0,37073784973472357; 0,6266076234169304; 0,03190999571233988; 0,38656987389549613; 0,4702578578144312; 0,5712074702605605
0,02953898522642863; 0,751052490901202; 0,07647583587095141; 0,48465870786458254; 0,2279050974175334; 0,8641735054552555; 0,3182634529657662; 0,7196831400506198; 0,2383910957723856; 0,19920504838228226; 0,6862787553109229
-0,2468869125325214; 0,9959727949462831; 0,9821290937252343; 0,18958882335573435; 0,8759840112179518; 0,8674859935417771; 0,2602229439653456; 0,20421753637492657; 0,8359930785372853; 0,5827254052273929; 0,22207251004874706
0,0646485564216054; 0,19279924081638455; 0,9792542960494757; 0,017764627002179623; 0,9387729414738715; 0,10826156847178936; 0,3875805581919849; 0,023786901496350765; 0,4230638388544321; 0,8101278315298259; 0,43032594164833426
-0,22704862855021007; 0,8735641525126994; 0,8657885971479118; 0,21251249965280294; 0,09308495745062828; 0,7757385238073766; 0,22411921434104443; 0,21471742307767272; 0,5108177554793656; 0,9502687267959118; 0,20652279257774353
0,04752561766002917; 0,7476606676355004; 0,10781471990048885; 0,806484897620976; 0,0547913140617311; 0,5173129071481526; 0,32360454089939594; 0,20155055355280638; 0,04217157233506441; 0,979109950363636; 0,07965271221473813
-0,6064137672510328; 0,8808706295676529; 0,7034152797423303; 0,47610451420769095; 0,2979631251655519; 0,6592567414045334; 0,5226218979805708; 0,9521400504745543; 0,5232472689822316; 0,022706450428813696; 0,8346072752028704
0,4600369929596316; 0,8653229670599103; 0,7663010191172361; 0,2529465025290847; 0,8220002721063793; 0,13052555359899998; 0,5256018303334713; 0,8118293448351324; 0,4101099851541221; 0,09417849173769355; 0,9443735335953534
-0,06141538797429617; 0,6176110804080963; 0,06967473262920976; 0,9124380317516625; 0,03911819402128458; 0,29413475980982184; 0,9164172038435936; 0,6797723677009344; 0,7231758222915232; 0,5628279973752797; 0,657168198376894
-0,17252479489529854; 0,17097552120685577; 0,508448667358607; 0,7263191840611398; 0,9448821889236569; 0,9504309231415391; 0,23488896014168859; 0,021586074493825436; 0,9216061504557729; 0,3854811629280448; 0,3272801050916314
-0,057592177929017024; 0,383530976716429; 0,981723724398762; 0,9328087661415339; 0,9730674298480153; 0,8852417529560626; 0,5363809680566192; 0,009386155754327774; 0,17481773952022195; 0,21441868599504232; 0,2408110941760242
0,06773422727715879; 0,027176274452358484; 0,1788346217945218; 0,23094528634101152; 0,16389453830197453; 0,5258604139089584; 0,9175330838188529; 0,15980705944821239; 0,6499530631117523; 0,838920543435961; 0,15339099522680044
0,09633555672844332; 0,277861466165632; 0,9820721144787967; 0,21725807106122375; 0,20639353804290295; 0,4875641409307718; 0,8108555334620178; 0,03516915487125516; 0,5545118260197341; 0,47203038446605206; 0,09374770661816001
0,03950946488371321; 0,09846253367140889; 0,2111192769370973; 0,9719219179823995; 0,06282392190769315; 0,6842033239081502; 0,7735744114033878; 0,25681589264422655; 0,9717776873148978; 0,4136763559654355; 0,9088208298198879
0,09761422131135568; 0,3627878986299038; 0,5886723091825843; 0,7950050341896713; 0,3803188526071608; 0,7517870352603495; 0,8090000045485795; 0,18711430486291647; 0,6704654488712549; 0,763028705958277; 0,8502527987584472
-0,96638243837935; 0,7641357583925128; 0,45886037684977055; 0,09577601496130228; 0,5661766459234059; 0,6305434904061258; 0,41861613374203444; 0,33458263659849763; 0,265132165979594; 0,719443220179528; 0,5052044414915144
-0,27517656775431265; 0,9227208751253784; 0,32730592507869005; 0,5010696118697524; 0,6625170917250216; 0,9941710289567709; 0,9994397195987403; 0,3120899237692356; 0,20216523809358478; 0,7588091194629669; 0,9062488074414432
0,2961105082267689; 0,5019027404487133; 0,7315733749419451; 0,4502834193408489; 0,41792796459048986; 0,06032594293355942; 0,9644439299590886; 0,6671867687255144; 0,16864054603502154; 0,6639096955768764; 0,44399557216092944
-0,5842544168285247; 0,7409357805736363; 0,9647834445349872; 0,94502316089347; 0,8006031103432178; 0,12192902201786637; 0,03414915082976222; 0,5684323054738343; 0,9942078664898872; 0,331853901501745; 0,6965869162231684
-0,021373048792208953; 0,020942488219588995; 0,8487063208594918; 0,18072188878431916; 0,0003557237796485424; 0,8995441137813032; 0,09560433635488153; 0,16154558304697275; 0,5721225216984749; 0,19414324965327978; 0,8912717564962804
-0,0716074870492366; 0,08168609673157334; 0,2002002838999033; 0,5962162320502102; 0,18034154223278165; 0,4436976155266166; 0,25190430600196123; 0,8292990792542696; 0,6756422850303352; 0,42953445902094245; 0,7940770536661148
-0,13462114234857697; 0,4696335978806019; 0,38648231606930494; 0,6250679334625602; 0,1867770771495998; 0,5941873556002975; 0,4961014506407082; 0,9847796550020576; 0,33831586269661784; 0,1668537426739931; 0,3194112917408347
0,020360512264643398; 0,4758550887927413; 0,938238815870136; 0,4236014271155; 0,10257697245106101; 0,931578729301691; 0,6147897993214428; 0,4758852901868522; 0,43933673156425357; 0,2529139406979084; 0,7919575143605471
-0,0314419368930424; 0,18153838766738772; 0,610510341823101; 0,16792320040985942; 0,05355376796796918; 0,9074279419146478; 0,15611631236970425; 0,8978067249991; 0,27090802043676376; 0,7656618277542293; 0,3574764565564692
0,0022539030339850863; 0,04417979158461094; 0,6223573596216738; 0,28431948786601424; 0,05689034378156066; 0,49319277331233025; 0,4624785026535392; 0,4644761453382671; 0,976918650791049; 0,5397075214423239; 0,8552665892057121
0,19422799892614656; 0,5745888105593622; 0,8240706534124911; 0,04359839716926217; 0,27961934357881546; 0,0931533994153142; 0,461255285423249; 0,21632924024015665; 0,8439308726228774; 0,03208032064139843; 0,8493385505862534
0,35019172762313083; 0,8940689191222191; 0,38563316967338324; 0,8453098218888044; 0,45168488984927535; 0,6023307628929615; 0,24598883464932442; 0,8388259741477668; 0,6585091650485992; 0,6304355920292437; 0,33822002820670605
-0,17018587993222156; 0,41577870212495327; 0,38514106534421444; 0,8854489610530436; 0,09546875953674316; 0,9380134749226272; 0,3390128705650568; 0,8266955357976258; 0,3102988754399121; 0,6973622343502939; 0,6609500874765217
0,2751723088270803; 0,41351295029744506; 0,3573748916387558; 0,8549197083339095; 0,8235177216120064; 0,395984869915992; 0,8506091949529946; 0,8867722419090569; 0,6285193110816181; 0,24699409352615476; 0,9145317375659943
-0,021669048555722464; 0,08560017496347427; 0,5028584874235094; 0,4040110823698342; 0,478205896448344; 0,1288693300448358; 0,47936088452115655; 0,46873448276892304; 0,31711206026375294; 0,6122297118417919; 0,3628720729611814
0,6397698013329843; 0,8643577531911433; 0,9932816387154162; 0,7305950322188437; 0,8081352082081139; 0,1530106533318758; 0,8907942664809525; 0,11253362474963069; 0,8651137291453779; 0,6545327575877309; 0,10361217334866524
-0,34266783654390875; 0,4928402970544994; 0,38647503266111016; 0,7423245245590806; 0,5907005160115659; 0,7479595481418073; 0,36060230527073145; 0,6463375352323055; 0,9498507934622467; 0,6173294843174517; 0,2575715370476246
-0,07345940835620443; 0,33819061471149325; 0,9350271131843328; 0,23413215344771743; 0,9781950218603015; 0,18928997358307242; 0,18881632341071963; 0,5417591421864927; 0,15476356446743011; 0,7344940030016005; 0,245881587266922
-0,12923533986380817; 0,19380122097209096; 0,8886618362739682; 0,38132601510733366; 0,8047880097292364; 0,09734821692109108; 0,004667724948376417; 0,5844294019043446; 0,43681395100429654; 0,16012744419276714; 0,6542132119648159
-0,0764965580464525; 0,8546422296203673; 0,1747640990652144; 0,958964703604579; 0,524742572568357; 0,07279118709266186; 0,8296118453145027; 0,8347291424870491; 0,9998319474980235; 0,9994561509229243; 0,13250524178147316
-0,03728825260121328; 0,4470519875176251; 0,16493783053010702; 0,21542280400171876; 0,282616273034364; 0,7076990241184831; 0,3324984237551689; 0,3035377883352339; 0,7821521395817399; 0,1401494676247239; 0,5144156152382493
0,19620544801550036; 0,42121830163523555; 0,4766256990842521; 0,36887461645528674; 0,34459642553701997; 0,5844222465530038; 0,8081332994624972; 0,8913161936216056; 0,028267519548535347; 0,4658521693199873; 0,7146738055162132
-0,16130537403921538; 0,2234741081483662; 0,8582798703573644; 0,7350791762582958; 0,6725568752735853; 0,21984753524884582; 0,13359918119385839; 0,9370157038792968; 0,1503050155006349; 0,13021956058219075; 0,6197706954553723
0,32058768323772835; 0,448031275998801; 0,52393479924649; 0,0914763049222529; 0,7627226356416941; 0,13079778151586652; 0,6382388598285615; 0,8892232058569789; 0,18548043677583337; 0,8136544786393642; 0,4313664361834526
0,6113849885135654; 0,6758843436837196; 0,3736257660202682; 0,8208751087076962; 0,7985164895653725; 0,34367753844708204; 0,15112198051065207; 0,8262916216626763; 0,26125563820824027; 0,8069662726484239; 0,5901431865058839
0,7131257278416663; 0,4792668614536524; 0,20772464154288173; 0,31798923620954156; 0,3535531568340957; 0,6566987736150622; 0,9683833718299866; 0,6019915658980608; 0,8260807618498802; 0,568075189832598; 0,34586554719135165
0,043507631614561684; 0,13708837144076824; 0,126380636356771; 0,8585836393758655; 0,841505169402808; 0,20849346043542027; 0,7741669337265193; 0,4892618330195546; 0,7991198417730629; 0,029686283320188522; 0,7436671927571297
-0,9914335939327579; 0,751044659409672; 0,5798722985200584; 0,37123331148177385; 0,8988264976069331; 0,019732673186808825; 0,017237055581063032; 0,07173363538458943; 0,2484735050238669; 0,3256973419338465; 0,10324662132188678
0,00025939651808412053; 0,8783802730031312; 0,004074604716151953; 0,33219693042337894; 0,24210783652961254; 0,19175852881744504; 0,41017579240724444; 0,42121927719563246; 0,503905164077878; 0,03447714867070317; 0,4201655313372612
-0,05378480634095164; 0,6628341213800013; 0,8369363793171942; 0,2732776324264705; 0,31960168248042464; 0,513026824221015; 0,3729609246365726; 0,712050958070904; 0,426036290358752; 0,2603374635800719; 0,8075758130289614
-0,19812918252200856; 0,24905142886564136; 0,838120638858527; 0,7443539150990546; 0,6029458027333021; 0,6641671676188707; 0,018313606269657612; 0,8290981655009091; 0,601898139808327; 0,025140213780105114; 0,5107450350187719
-0,06867235022840967; 0,6598786883987486; 0,614093326497823; 0,9007285232655704; 0,3932434292510152; 0,6366385044530034; 0,5867972150444984; 0,7572937188670039; 0,974645955953747; 0,5581407626159489; 0,8523513693362474
0,0029110410939617087; 0,9174530734308064; 0,006274414714425802; 0,6148100136779249; 0,8536431305110455; 0,7575412481091917; 0,09455112693831325; 0,6423247340135276; 0,24082914926111698; 0,5515434262342751; 0,19036887818947434
0,9462902096293961; 0,9303336157463491; 0,8919017799198627; 0,9022423648275435; 0,21697368007153273; 0,5463420641608536; 0,9514328436926007; 0,8734749644063413; 0,7062832373194396; 0,8433536081574857; 0,6791805448010564
0,9304302188262065; 0,5744018605910242; 0,3196204644627869; 0,7148180739022791; 0,9269834882579744; 0,12380094639956951; 0,85759755410254; 0,6199998040683568; 0,020450128242373466; 0,5673901466652751; 0,09117475477978587
0,14429015294804554; 0,2920920606702566; 0,6870045065879822; 0,2415343476459384; 0,5741100055165589; 0,922303922008723; 0,74475676426664; 0,1695307162590325; 0,4930126522667706; 0,44833642011508346; 0,5609599957242608
0,8671868428951433; 0,5900784898549318; 0,34927150048315525; 0,10760385869070888; 0,3041991237550974; 0,6296201180666685; 0,7169793504290283; 0,9460103614255786; 0,252734228502959; 0,5861718114465475; 0,49914242001250386
0,15366501826005394; 0,8811771408654749; 0,22453459864482284; 0,8291065008379519; 0,5845881840214133; 0,8278454951941967; 0,20209771813824773; 0,8935069581493735; 0,30132340732961893; 0,9453921834938228; 0,1407460980117321
-0,050763964479346564; 0,15333087416365743; 0,4650429841130972; 0,6761042731814086; 0,7166163367219269; 0,5844720560126007; 0,5467748665250838; 0,5613320022821426; 0,5997611354105175; 0,9485371271148324; 0,702792358584702
0,4494179741508394; 0,6520881941542029; 0,4379949411377311; 0,09853008575737476; 0,9791359324008226; 0,15076950192451477; 0,33481039851903915; 0,5291758389212191; 0,22008456895127892; 0,8497863421216607; 0,24136575823649764
0,009025010076059565; 0,48240955639630556; 0,9691389664076269; 0,4877867978066206; 0,0676690936088562; 0,5708869653753936; 0,632342167198658; 0,12691290583461523; 0,6550417505204678; 0,09382791724056005; 0,6880758516490459
-0,32624727736553605; 0,48235337156802416; 0,35714402655139565; 0,4199508912861347; 0,9680191678926349; 0,3128877133131027; 0,39090577559545636; 0,002956127282232046; 0,4636805262416601; 0,9237039773724973; 0,10802563931792974
0,0016082949461896593; 0,08873776067048311; 0,995331950020045; 0,6758193401619792; 0,5431074872612953; 0,12574299797415733; 0,6832294785417616; 0,06904508266597986; 0,8236590488813818; 0,46786128636449575; 0,5967762391082942
0,9308378822046689; 0,9360159826464951; 0,9053301229141653; 0,743429244030267; 0,0806225361302495; 0,06185611244291067; 0,9544096081517637; 0,7508568088524044; 0,7890623435378075; 0,4096902715973556; 0,2358654784038663
-0,01326329459695842; 0,2360583283007145; 0,04413983225822449; 0,41210608184337616; 0,3452126355841756; 0,09356515062972903; 0,4694490130059421; 0,9316893485374749; 0,28390492033213377; 0,7529775844886899; 0,8418494937941432
0,01694290356163001; 0,13080989895388484; 0,023546662647277117; 0,8672082209959626; 0,07361267367377877; 0,833687290083617; 0,9196638367138803; 0,24767377320677042; 0,9348579430952668; 0,3738214089535177; 0,8006700277328491
-0,883774504855268; 0,8124851784668863; 0,7152324290946126; 0,49789585964754224; 0,46569700399413705; 0,256923153065145; 0,2359576914459467; 0,9455138323828578; 0,2291790572926402; 0,33879606099799275; 0,3401496233418584
0,09921029308246598; 0,7970707290805876; 0,6721601402387023; 0,13110841298475862; 0,8366501345299184; 0,4847221099771559; 0,2666561366058886; 0,9057879582978785; 0,2726525226607919; 0,5505296941846609; 0,8336190497502685
0,007172877068705265; 0,24857307272031903; 0,11812277045100927; 0,9345526769757271; 0,47932755667716265; 0,3392652226611972; 0,6339540854096413; 0,7292005456984043; 0,40779657009989023; 0,931981485337019; 0,10420728148892522
0,7317790124667592; 0,7803421141579747; 0,5165157062001526; 0,8448120621033013; 0,6610169811174273; 0,28952936036512256; 0,11155083775520325; 0,9137577656656504; 0,5116472207009792; 0,2368152942508459; 0,3310122978873551
0,5503417911033556; 0,8667546757496893; 0,5166007820516825; 0,2774826348759234; 0,9836407601833344; 0,2304685339331627; 0,254589163698256; 0,31242338195443153; 0,7958651217631996; 0,05621581617742777; 0,16169641446322203
-0,910965987663317; 0,6907156952656806; 0,5810869256965816; 0,7297080554999411; 0,7103503234684467; 0,5697840410284698; 0,08394860615953803; 0,8723919144831598; 0,651671627536416; 0,8617396764457226; 0,14111461164429784
0,10651828372847977; 0,3266349365003407; 0,4176263534463942; 0,37789184553548694; 0,26580225583165884; 0,8943408108316362; 0,7588035007938743; 0,3099542926065624; 0,34235735703259706; 0,18372067110612988; 0,9184050364419818
-0,3227973821651645; 0,42803150648251176; 0,11961662536486983; 0,45095729967579246; 0,49169398518279195; 0,5408166446723044; 0,4278176766820252; 0,5645795995369554; 0,06870830012485385; 0,05207286821678281; 0,29387331707403064
0,9789597904499998; 0,5944642992690206; 0,24976397352293134; 0,5864601531066; 0,030406104400753975; 0,9080762662924826; 0,322229094337672; 0,8393329926766455; 0,5853583235293627; 0,7559497891925275; 0,49850622611120343
-0,3337865956469412; 0,36067261826246977; 0,09989599231630564; 0,9633630318567157; 0,47013156628236175; 0,549452415201813; 0,01539272116497159; 0,014684752561151981; 0,6850962527096272; 0,3957461039535701; 0,8789452691562474
0,1578090531131678; 0,940829963888973; 0,2997140125371516; 0,3320739041082561; 0,6308617596514523; 0,502549275290221; 0,11700730351731181; 0,37074797321110964; 0,9981940505094826; 0,2777606016024947; 0,9798171482980251
-0,04645084185820896; 0,9360197503119707; 0,3615163257345557; 0,7520518749952316; 0,5639039226807654; 0,5359952943399549; 0,7155684963800013; 0,27191647281870246; 0,20604678569361567; 0,04421910271048546; 0,7745920154266059
-0,07212320222645037; 0,378841832280159; 0,6809160844422877; 0,16818588599562645; 0,6897393330000341; 0,05831821681931615; 0,14341675490140915; 0,49691308941692114; 0,3459444595500827; 0,22476183203980327; 0,664111549500376
0,43256256457915465; 0,4744561770930886; 0,3685800260864198; 0,16129322303459048; 0,6066487194038928; 0,2978578736074269; 0,7872750866226852; 0,7056392026133835; 0,26850312016904354; 0,04682736564427614; 0,5821555946022272
-0,0063963493466286355; 0,027661297004669905; 0,6523282476700842; 0,2965138927102089; 0,6172659141011536; 0,2453140844590962; 0,4325606212951243; 0,4060110952705145; 0,8139486922882497; 0,53492615185678; 0,021845573093742132
0,881114238451956; 0,8798285783268511; 0,7765709147788584; 0,786848459392786; 0,44187240302562714; 0,4519145698286593; 0,8676458219997585; 0,3788174637593329; 0,8907445799559355; 0,07085064752027392; 0,23574516084045172
-0,7039364334891146; 0,5483567644841969; 0,3400522619485855; 0,37112733954563737; 0,6755705615505576; 0,16321666771546006; 0,07295618019998074; 0,365199931897223; 0,379810297396034; 0,05109696323052049; 0,45626362785696983
-0,229186500123705; 0,7693126988597214; 0,49037901405245066; 0,8308586622588336; 0,8043867889791727; 0,5204919115640223; 0,6966058840043843; 0,9944386929273605; 0,31456035003066063; 0,1343192453496158; 0,21180951641872525
0,13712746937908185; 0,33420548122376204; 0,23959930473938584; 0,04670127108693123; 0,9570714891888201; 0,8213940956629813; 0,365548437461257; 0,9497946440242231; 0,07372730458155274; 0,9665077421814203; 0,06116262264549732
0,25637189231168356; 0,8153703263960779; 0,2415802739560604; 0,6338421511463821; 0,9314275057986379; 0,8676570057868958; 0,13515001675114036; 0,6082540713250637; 0,8983327955938876; 0,8004138544201851; 0,14889369765296578
-0,04488225416999318; 0,03825673460960388; 0,1445922888815403; 0,8415726711973548; 0,12317377980798483; 0,3071139072999358; 0,29148156149312854; 0,0888831983320415; 0,2914543100632727; 0,986691415309906; 0,2656154604628682
0,04327846336536445; 0,3643197361379862; 0,951302126981318; 0,6880736337043345; 0,03363793808966875; 0,46023763716220856; 0,7642731121741235; 0,369653872679919; 0,7036321237683296; 0,316494510974735; 0,6577555029653013
-0,1550207657740795; 0,9825188308022916; 0,28118477994576097; 0,2256952547468245; 0,5206530424766243; 0,30010306322947145; 0,8378367614932358; 0,8395338011905551; 0,11839367682114244; 0,8091344060376287; 0,9791260906495154
0,13609785724268844; 0,4442046647891402; 0,09369246568530798; 0,7636489998549223; 0,4741715742275119; 0,6999893095344305; 0,27315871976315975; 0,44784051831811666; 0,06962165469303727; 0,19236617302522063; 0,09835143806412816
0,02930987682342944; 0,2763545601628721; 0,7622978431172669; 0,021908489987254143; 0,4403307153843343; 0,8118943967856467; 0,13497237116098404; 0,9749509994871914; 0,26781144831329584; 0,2857661619782448; 0,025414803996682167
0,0265209357210365; 0,30177763290703297; 0,4517357829026878; 0,016370825935155153; 0,058932846412062645; 0,2830210621468723; 0,11380947986617684; 0,6194836227223277; 0,1287602628581226; 0,7885944987647235; 0,7509126937948167
-0,055051787354310516; 0,9231653749011457; 0,4971418557688594; 0,7413250948302448; 0,6343033649027348; 0,9217979670502245; 0,6890712063759565; 0,21481870114803314; 0,5999229387380183; 0,6437832228839397; 0,1403267327696085
0,016761099218509726; 0,9024665388278663; 0,8584707397967577; 0,031385614071041346; 0,2860643193125725; 0,9334201635792851; 0,06699106795713305; 0,37292979331687093; 0,7959283734671772; 0,5019985316321254; 0,6371450945734978
-0,022720987345388376; 0,2476159897632897; 0,9798519103787839; 0,42596966959536076; 0,07001069746911526; 0,19032454583793879; 0,46365306293591857; 0,4745353125035763; 0,031798973213881254; 0,9434012179262936; 0,03697078721597791
0,5607229364094427; 0,6582983788102865; 0,7476169606670737; 0,3592086127027869; 0,8961606086231768; 0,48640992119908333; 0,862771678250283; 0,18010615184903145; 0,6113638915121555; 0,7918062238022685; 0,8889624769799411
-0,09172910858062663; 0,08599264593794942; 0,6008151308633387; 0,8033555592410266; 0,711360904853791; 0,7382115391083062; 0,3632265334017575; 0,8298512338660657; 0,7460491452366114; 0,8479358539916575; 0,4023704305291176
0,11015035732164292; 0,23106147116050124; 0,4260375890880823; 0,15574493678286672; 0,3018895140849054; 0,25247427076101303; 0,6649908013641834; 0,47658491553738713; 0,4464875953271985; 0,13485067198053002; 0,4307755557820201
0,007123450400404948; 0,12096278322860599; 0,02231884514912963; 0,04559142701327801; 0,37422167835757136; 0,9796723243780434; 0,29415747430175543; 0,12004548590630293; 0,15089230053126812; 0,510711669921875; 0,6559506161138415
0,44044619064388346; 0,38665270432829857; 0,2597524053417146; 0,1941483300179243; 0,9592641820199788; 0,29507106775417924; 0,9389049331657588; 0,36670356057584286; 0,2290976196527481; 0,24246248789131641; 0,1866461313329637
0,1739458256972618; 0,442155949305743; 0,4833783870562911; 0,8288399665616453; 0,7338066357187927; 0,2621627510525286; 0,7981222071684897; 0,42975961696356535; 0,010511275846511126; 0,6594067490659654; 0,9110667798668146
0,01923145349000144; 0,6356756226159632; 0,1499122274108231; 0,9745209943503141; 0,7971895230002701; 0,6983864363282919; 0,5650039701722562; 0,7241066391579807; 0,8155196034349501; 0,16145344031974673; 0,5997985959984362
0,06967160341492576; 0,8475587461143732; 0,1519767064601183; 0,649082725867629; 0,36487507447600365; 0,2866933736950159; 0,31656552804633975; 0,6469222041778266; 0,7283554817549884; 0,8421771014109254; 0,8283974174410105
-0,1492788252146513; 0,5830241227522492; 0,5084713851101696; 0,5780366007238626; 0,7866572374477983; 0,3328186785802245; 0,5613092794083059; 0,8034505499526858; 0,08941994654014707; 0,8702471684664488; 0,8701373115181923
0,07214503308397241; 0,39328101882711053; 0,3269519740715623; 0,7881582039408386; 0,11469606449827552; 0,03275020932778716; 0,7613069713115692; 0,1804037387482822; 0,8371565686538815; 0,7997736879624426; 0,155000030528754
-0,3085630174775603; 0,4974764259532094; 0,8382681193761528; 0,9559480436146259; 0,6402560090646148; 0,035116756334900856; 0,10786390025168657; 0,15258752275258303; 0,7304612006992102; 0,35025270422920585; 0,6424173600971699
0,7450913213538863; 0,991897274274379; 0,7319250977598131; 0,7020225082524121; 0,7401692909188569; 0,1557003865018487; 0,3996569085866213; 0,40643527638167143; 0,038936514873057604; 0,9415955361910164; 0,9102906249463558
0,2201477565179602; 0,8796172421425581; 0,3305615857243538; 0,7743570781312883; 0,4097946914844215; 0,9865869400091469; 0,33153535006567836; 0,44080130383372307; 0,35710064182057977; 0,12964812712743878; 0,5362351150251925
0,021639980200345153; 0,23427498899400234; 0,21502172155305743; 0,5758650344796479; 0,18437708914279938; 0,869791510514915; 0,7051648716442287; 0,46878854371607304; 0,8016108716838062; 0,2786773359403014; 0,867949319537729
0,4522439269988246; 0,6969322930090129; 0,800147817004472; 0,19268184900283813; 0,3763843923807144; 0,5153669719584286; 0,9868237860500813; 0,3147930419072509; 0,8932417752221227; 0,12120167259126902; 0,8770554321818054
0,04625347747471782; 0,01081168744713068; 0,7387873358093202; 0,6077383467927575; 0,31012435909360647; 0,4100110591389239; 0,86020846106112; 0,8845273084007204; 0,5586516880430281; 0,3351807212457061; 0,2359827202744782
-0,0077944792366435875; 0,3611749988049269; 0,802843265235424; 0,915365728083998; 0,6157565782777965; 0,4319457048550248; 0,6092434795573354; 0,8541161846369505; 0,33694286504760385; 0,6516165304929018; 0,5275324671529233
0,3776677923471417; 0,40073680225759745; 0,2484116698615253; 0,10488430084660649; 0,9990407526493073; 0,17961663426831365; 0,6745252930559218; 0,4813200640492141; 0,551089430693537; 0,4795042909681797; 0,727173634339124
0,4366961742066939; 0,4943830040283501; 0,3208623328246176; 0,18262968678027391; 0,8300099563784897; 0,8355482136830688; 0,6521815997548401; 0,556889982894063; 0,5298046506941319; 0,37609551195055246; 0,42288410291075706
0,1813649867432409; 0,3804049431346357; 0,9275878136977553; 0,6960855713114142; 0,804723019246012; 0,748774575535208; 0,8815839677117765; 0,7810871689580381; 0,10432351753115654; 0,8491091905161738; 0,2599948374554515
0,15532020947479064; 0,186374522279948; 0,5749272801913321; 0,6975646228529513; 0,531406931579113; 0,0929993805475533; 0,9666979531757534; 0,8477575560100377; 0,01394064212217927; 0,3878684462979436; 0,3444135165773332
-0,08384967663351627; 0,710401110816747; 0,23113034619018435; 0,010195409413427114; 0,0016339998692274094; 0,32086031837388873; 0,19806966511532664; 0,8188441889360547; 0,5352162593044341; 0,77093292074278; 0,32403932651504874
-0,03298817094870166; 0,48600597120821476; 0,9200596697628498; 0,938116807024926; 0,010763496160507202; 0,1624997449107468; 0,5412216312251985; 0,22053380031138659; 0,18970351619645953; 0,8292003036476672; 0,199903373606503
0,11705459501123142; 0,6796714072115719; 0,12346899369731545; 0,9726352826692164; 0,677600699942559; 0,9619677066802979; 0,20833154255524278; 0,22130767488852143; 0,17258320655673742; 0,7759959539398551; 0,3587052384391427
-0,012670826108551058; 0,3730857581831515; 0,002905703615397215; 0,9833963210694492; 0,0011438406072556973; 0,2964064162224531; 0,7255866541527212; 0,7406203402206302; 0,9149153190664947; 0,6670650453306735; 0,07369132153689861
0,3007834682202952; 0,3961260402575135; 0,1917297812178731; 0,7360833645798266; 0,27030810713768005; 0,39590529492124915; 0,9854770549573004; 0,2432975983247161; 0,929266988299787; 0,3493413240648806; 0,8918561907485127
0,9123694409184676; 0,6147914533503354; 0,32347260462120175; 0,4726194138638675; 0,09649050841107965; 0,5764748393557966; 0,7215709905140102; 0,17380910040810704; 0,6625049142166972; 0,6477121827192605; 0,8558012112043798
0,043147644362940246; 0,002805361058562994; 0,402964573353529; 0,25547870993614197; 0,20815322222188115; 0,5412758565507829; 0,6597637073136866; 0,8186715641058981; 0,6585720246657729; 0,6695000687614083; 0,1920327851548791
-0,08463355479396655; 0,2593091237358749; 0,16789249749854207; 0,635936785954982; 0,8549889400601387; 0,533099842723459; 0,48225808748975396; 0,7440787530504167; 0,3797145835123956; 0,13217151444405317; 0,9387395214289427
-0,21115211691932784; 0,5654993066564202; 0,3397533749230206; 0,8449937435798347; 0,6314210160635412; 0,07940758904442191; 0,5730959801003337; 0,7799042551778257; 0,25370567524805665; 0,9546038238331676; 0,8307982101105154
0,09801604655969094; 0,17773457104340196; 0,9822336197830737; 0,03399711521342397; 0,6415738989599049; 0,5372592499479651; 0,9328712034039199; 0,2794773052446544; 0,07274658652022481; 0,8291406142525375; 0,7493399297818542
-0,3184111456291775; 0,6557403863407671; 0,2832954986952245; 0,5331687941215932; 0,5717424470931292; 0,7500133854337037; 0,720948064699769; 0,8732256619259715; 0,6254531745798886; 0,4018375803716481; 0,3715406125411391
0,05127313208195631; 0,8658544206991792; 0,5639743618667126; 0,006607986055314541; 0,7043735454790294; 0,1775643047876656; 0,7206629333086312; 0,19228034047409892; 0,042152692563831806; 0,50342455226928; 0,8208314827643335
0,1315721012567923; 0,16269675735384226; 0,4651577100157738; 0,9531993996351957; 0,21478790696710348; 0,1746442448347807; 0,9957469319924712; 0,1728439088910818; 0,9714304031804204; 0,49799335841089487; 0,7892336365766823
0,03331134764020258; 0,11375917959958315; 0,5955921583808959; 0,017234459053725004; 0,5909490077756345; 0,4380189422518015; 0,17512969952076674; 0,383336775470525; 0,7139774481765926; 0,8421380622312427; 0,3150020386092365
-0,11893698486083445; 0,12961229728534818; 0,6822606138885021; 0,7919139536097646; 0,5180609868839383; 0,8429986424744129; 0,2363355290144682; 0,1322845001704991; 0,34795877523720264; 0,9743408393114805; 0,7780859507620335
0,013606139700046758; 0,05093533545732498; 0,793978011701256; 0,2522545410320163; 0,010770606342703104; 0,3686393895186484; 0,5191001328639686; 0,3580567757599056; 0,33792280685156584; 0,9426125213503838; 0,41329616494476795
-0,9138470519779099; 0,4948419639840722; 0,22154234489426017; 0,6918938895687461; 0,7184706665575504; 0,651937976013869; 0,16069006407633424; 0,40176951279863715; 0,7397633558139205; 0,1925055137835443; 0,056815802585333586
0,021877682684988423; 0,7306234622374177; 0,05791810713708401; 0,49508854327723384; 0,17077486496418715; 0,7511419719085097; 0,3273716541007161; 0,8633652059361339; 0,2854097126983106; 0,8728685635142028; 0,975029137916863
-0,007381218579848214; 0,03289009118452668; 0,7708303285762668; 0,7260730881243944; 0,6111212009564042; 0,807310457341373; 0,6348569742403924; 0,8963157166726887; 0,9161748867481947; 0,47899363934993744; 0,9666052628308535
0,0392394408318312; 0,7103029577992857; 0,05313341552391648; 0,551198358181864; 0,8771770112216473; 0,8986729001626372; 0,2324168160557747; 0,4281652942299843; 0,9722740086726844; 0,39498929725959897; 0,6406024643220007
-0,04255373814129082; 0,183652700856328; 0,881624543108046; 0,45360121224075556; 0,13514895550906658; 0,0752476449124515; 0,38932728534564376; 0,9358573597855866; 0,020002068486064672; 0,05167071660980582; 0,21965204644948244
0,3716160675388935; 0,45377439446747303; 0,5239188894629478; 0,3502889941446483; 0,7210984979756176; 0,597339843865484; 0,8864364861510694; 0,8678623656742275; 0,6583258584141731; 0,41694988775998354; 0,8940015928819776
-0,08811099129651567; 0,3539467961527407; 0,7017450709827244; 0,1886188443750143; 0,24932951759546995; 0,5312201743945479; 0,09475298225879669; 0,3903042529709637; 0,9876721492037177; 0,5392667092382908; 0,6230976381339133
0,569553887390061; 0,6700986889190972; 0,5889897369779646; 0,46564895659685135; 0,947997476439923; 0,02101077465340495; 0,8212589435279369; 0,015423063654452562; 0,5562037536874413; 0,5496079623699188; 0,6859516575932503
-0,15669644119157294; 0,23384407628327608; 0,6830879496410489; 0,7329957084730268; 0,755823643412441; 0,07749162055552006; 0,29101823177188635; 0,8609680240042508; 0,9394223727285862; 0,3199274861253798; 0,10328440368175507
-0,14187361681463867; 0,5222769663669169; 0,6023102179169655; 0,9866374712437391; 0,3818066385574639; 0,4789429376833141; 0,41299598943442106; 0,21238956740126014; 0,6516660810448229; 0,2416672515682876; 0,5196814243681729
0,043262925512869144; 0,2962158089503646; 0,4435084001161158; 0,6356752631254494; 0,4131771996617317; 0,5218569431453943; 0,7307113530114293; 0,7661694535054266; 0,5096655609086156; 0,7732338290661573; 0,004040134139358997
0,45456851081157557; 0,8457246124744415; 0,5672656567767262; 0,7526533482596278; 0,5305712544359267; 0,3311325069516897; 0,02437463542446494; 0,6606651577167213; 0,7023532660678029; 0,8075033603236079; 0,13373758038505912
0,5152590137365592; 0,5016841376200318; 0,3480251766741276; 0,3240970419719815; 0,5820562010630965; 0,3999686478637159; 0,9981792918406427; 0,42509250808507204; 0,9545845128595829; 0,6903738426044583; 0,042520077899098396
0,10314597397812988; 0,9420920303091407; 0,9738561469130218; 0,6683415258303285; 0,7075293711386621; 0,13307415647432208; 0,6865946426987648; 0,7764544603414834; 0,4628561679273844; 0,8668418629094958; 0,33963737497106194
0,007296003494254285; 0,7387313465587795; 0,15265130437910557; 0,6938968966715038; 0,45447701774537563; 0,14028723584488034; 0,6455777697265148; 0,05321078281849623; 0,7370587727054954; 0,8154465644620359; 0,3190001011826098
-0,5601089381688529; 0,6446069614030421; 0,40028945449739695; 0,7450161813758314; 0,6323565258644521; 0,1399799077771604; 0,5584325506351888; 0,9773348229937255; 0,295190691947937; 0,7656728541478515; 0,8776843855157495
0,9689887794652542; 0,5550673049874604; 0,28415169147774577; 0,5838463469408453; 0,03959474712610245; 0,25908926175907254; 0,9766570841893554; 0,8513220022432506; 0,7725033983588219; 0,1061150967143476; 0,8142277328297496
-0,09997034854969576; 0,5320103950798512; 0,35698974085971713; 0,07371664745733142; 0,2935145837254822; 0,3036825028248131; 0,046697312500327826; 0,8750236290507019; 0,7084318790584803; 0,036358312238007784; 0,6279992996715009
0,05259840587882332; 0,2980044735595584; 0,1530690654180944; 0,3443021601997316; 0,8597889491356909; 0,7515601739287376; 0,6028589052148163; 0,8845827244222164; 0,9040138507261872; 0,08987123286351562; 0,1712711756117642
-0,0366308735192685; 0,4099962734617293; 0,8966223527677357; 0,9920808207243681; 0,08456352166831493; 0,8191656512208283; 0,4874139940366149; 0,2855556453578174; 0,4498019106686115; 0,01704900711774826; 0,25221553398296237
-0,9972218697262352; 0,8494659098796546; 0,6081016822718084; 0,45520249009132385; 0,7393174571916461; 0,8147073318250477; 0,1861844682134688; 0,10205592773854733; 0,7207772266119719; 0,9258825448341668; 0,5528377443552017
-0,04201450179279461; 0,5783226038329303; 0,0422310596331954; 0,8204732248559594; 0,40633966075256467; 0,6069848234765232; 0,9254129398614168; 0,41478010825812817; 0,17358193127438426; 0,6771056554280221; 0,4981271717697382
0,29219469096755035; 0,42778965225443244; 0,24344998318701982; 0,14553693355992436; 0,43958014622330666; 0,005884813144803047; 0,6703969873487949; 0,5026900488883257; 0,7014575218781829; 0,7433101562783122; 0,9242630279622972
0,999738225936705; 0,9314323901198804; 0,7813176913186908; 0,23107077600434422; 0,19801118597388268; 0,3063536384142935; 0,6445225635543466; 0,6463944567367435; 0,0688038426451385; 0,21237990772351623; 0,40839209174737334
0,06292883218185627; 0,11463483050465584; 0,8915174165740609; 0,15469487803056836; 0,17210942972451448; 0,9536991082131863; 0,7648013485595584; 0,20331057580187917; 0,38569957623258233; 0,7333982367999852; 0,15938281174749136
-0,09350940358622051; 0,49169278470799327; 0,9658400588668883; 0,7006819201633334; 0,9401689739897847; 0,43872523540630937; 0,5535623021423817; 0,7567529994994402; 0,2767963414080441; 0,7035830500535667; 0,5410988847725093
-0,08747386093925151; 0,6198527715168893; 0,22591139003634453; 0,4908618740737438; 0,8639483074657619; 0,21558232372626662; 0,6439171554520726; 0,5652789175510406; 0,06506315199658275; 0,6449283645488322; 0,7494915453717113
-0,4329740517681731; 0,6239761654287577; 0,690918690059334; 0,772413591388613; 0,55963911768049; 0,9637412414886057; 0,2794168540276587; 0,39143276307731867; 0,8116746386513114; 0,5186004526913166; 0,9916250216774642
0,14514006964447576; 0,24481917917728424; 0,7485482171177864; 0,1760186837054789; 0,034808853175491095; 0,3353603188879788; 0,9261858914978802; 0,7392512718215585; 0,9894215050153434; 0,47436567209661007; 0,25569916516542435
0,023388359497866867; 0,00624990276992321; 0,6588424029760063; 0,3168104747310281; 0,7402879758737981; 0,4430049266666174; 0,5900400686077774; 0,08389704441651702; 0,7080430118367076; 0,5125598590821028; 0,4498197501525283
-0,0029480666550494327; 0,7057623472064734; 0,07516249595209956; 0,15934423683211207; 0,38179690577089787; 0,6971643157303333; 0,3064283039420843; 0,18949955701828003; 0,7274956721812487; 0,7651114915497601; 0,11664257664233446
0,017549567667616926; 0,20385134313255548; 0,4023691341280937; 0,336560579482466; 0,6612324160523713; 0,882598371244967; 0,5423153010196984; 0,6025579362176359; 0,025913650635629892; 0,4082334293052554; 0,2932261941023171
-0,4405655054997062; 0,8443507538177073; 0,7994216685183346; 0,6665516733191907; 0,4005061569623649; 0,5184002467431128; 0,499400170519948; 0,8037589797750115; 0,5880856551229954; 0,7386165023781359; 0,027151301503181458
-0,08505661660072893; 0,8235563402995467; 0,1402593026868999; 0,18816884234547615; 0,6733299172483385; 0,8526836684904993; 0,7247021924704313; 0,837554338388145; 0,5065241674892604; 0,06890789931640029; 0,5977331656031311
-0,03536008991900046; 0,004966189153492451; 0,8622011397965252; 0,8261924758553505; 0,3882799008861184; 0,288076797965914; 0,365803150460124; 0,5202708365395665; 0,8338794242590666; 0,39943844312801957; 0,06885559763759375
-0,001961223247548806; 0,08727543894201517; 0,04606364853680134; 0,3795424965210259; 0,4597998890094459; 0,872052360791713; 0,512560750823468; 0,6860603298991919; 0,43888214975595474; 0,35100270668044686; 0,3853359930217266
-0,7312310893414565; 0,7561736316420138; 0,3937956904992461; 0,8987749512307346; 0,6834018481895328; 0,7919983640313148; 0,8137188288383186; 0,5308347987011075; 0,7002147752791643; 0,4822679846547544; 0,8342474899254739
0,17222163593562864; 0,45905843982473016; 0,801889874972403; 0,09656339511275291; 0,2715996648184955; 0,08796668751165271; 0,6229427410289645; 0,2699794811196625; 0,24052053317427635; 0,053828198462724686; 0,35375763662159443
0,27023220305274204; 0,9579502926208079; 0,36723052989691496; 0,4357819748111069; 0,2959988391958177; 0,37197280628606677; 0,08979294542223215; 0,008388329297304153; 0,4892557724379003; 0,9353832644410431; 0,10997681738808751
0,08012568374252112; 0,20232467213645577; 0,689845496788621; 0,9553409959189594; 0,8206676016561687; 0,7415569559670985; 0,7520352969877422; 0,7371969507075846; 0,8317152126692235; 0,8607893651351333; 0,21543178567662835
-0,178592298055795; 0,29844213370233774; 0,7589913061819971; 0,979018930811435; 0,9757356951013207; 0,5018250970169902; 0,16250949446111917; 0,8326293025165796; 0,38619366101920605; 0,37290870072320104; 0,6516666263341904
0,07626320862663052; 0,2952471231110394; 0,7713204394094646; 0,17733576940372586; 0,09159037098288536; 0,9667972391471267; 0,5960512612946332; 0,6053058286197484; 0,120002715382725; 0,9140497646294534; 0,7803024896420538
-0,09979604144514963; 0,9631632235832512; 0,1642923029139638; 0,23318850807845592; 0,9511770796962082; 0,5410517519339919; 0,8462612978182733; 0,4465818121097982; 0,5101449694484472; 0,10330394841730595; 0,9045128421857953
0,06259603877201014; 0,04800482001155615; 0,2869327627122402; 0,7598925880156457; 0,33072433341294527; 0,03475259756669402; 0,8832448623143137; 0,3887416943907738; 0,3980102827772498; 0,2557914359495044; 0,253079604357481
-0,034347701150572826; 0,029563418123871088; 0,2625017585232854; 0,8738507074303925; 0,8160795285366476; 0,36439543357118964; 0,5201173448003829; 0,9984209244139493; 0,47757555916905403; 0,4305583112873137; 0,8510939623229206
-0,8453782810069819; 0,8842529696412385; 0,5404033614322543; 0,17685271333903074; 0,9928759336471558; 0,9310712888836861; 0,8545948695391417; 0,7787703620269895; 0,3167498931288719; 0,41782789351418614; 0,5196914854459465
0,6833584383129186; 0,6584439063444734; 0,2982088513672352; 0,563900432549417; 0,2519844714552164; 0,5894518331624568; 0,37531553860753775; 0,18450591806322336; 0,49814432254061103; 0,8525627953931689; 0,12107103783637285
0,918701658992193; 0,9298305753618479; 0,6360567873343825; 0,4578011343255639; 0,6179457874968648; 0,2289834306575358; 0,2411645227111876; 0,8546762568876147; 0,7866461612284184; 0,025193735491484404; 0,8622996578924358
0,18931902978096424; 0,3995445566251874; 0,6397991273552179; 0,23781645437702537; 0,1099122385494411; 0,24272308545187116; 0,8243307429365814; 0,8848614213056862; 0,9024996738880873; 0,7568805632181466; 0,15861906157806516
-0,06428397055052822; 0,9763803305104375; 0,30846133921295404; 0,5997104989364743; 0,417929214425385; 0,19600510224699974; 0,7762825642712414; 0,41633498668670654; 0,9206172931008041; 0,702245669439435; 0,6554425409995019
-0,016328638810203328; 0,41751164197921753; 0,9231234528124332; 0,4254884300753474; 0,5759279956109822; 0,9089455022476614; 0,5431989915668964; 0,5022467565722764; 0,5735364682041109; 0,9969218363985419; 0,04877402540296316
-0,04812076018368876; 0,07819713233038783; 0,11167880147695541; 0,31558881187811494; 0,7460201666690409; 0,5551608353853226; 0,14443410001695156; 0,1537644900381565; 0,2525990894064307; 0,21449739765375853; 0,874662431422621
-0,006984273893945124; 0,06878632167354226; 0,01379847526550293; 0,49787720665335655; 0,9337417865172029; 0,13103917706757784; 0,37552505172789097; 0,7246929993852973; 0,10820454219356179; 0,3906830810010433; 0,08626837655901909
0,014407600903480772; 0,5227874265983701; 0,018313128035515547; 0,49893509736284614; 0,7672954234294593; 0,9208124768920243; 0,43295012041926384; 0,7555988151580095; 0,4351249118335545; 0,336088914424181; 0,5920686386525631
-0,09163523953997492; 0,12569401552900672; 0,42873706109821796; 0,45977191906422377; 0,4228548565879464; 0,15618140250444412; 0,2769775614142418; 0,6809769598767161; 0,7647014306858182; 0,22573964577168226; 0,2467021094635129
0,04862456435771416; 0,20882034953683615; 0,9283249671570957; 0,5217842729762197; 0,516618381254375; 0,10809130035340786; 0,7635286650620401; 0,8584925108589232; 0,3431832427158952; 0,07734093628823757; 0,3951272130943835
-0,006669418142654002; 0,5599658521823585; 0,057999102864414454; 0,47092410270124674; 0,14259107038378716; 0,39443160267546773; 0,6361885666847229; 0,6582543486729264; 0,5426100557669997; 0,1425723792053759; 0,4253243999555707
-0,047996920536778606; 0,8712178370915353; 0,08925799746066332; 0,8105842308141291; 0,6968744210898876; 0,1796721057035029; 0,9613185254856944; 0,16728897904977202; 0,6672368869185448; 0,44178787898272276; 0,25763372192159295
-0,9841775519727133; 0,9416033141314983; 0,8544525187462568; 0,3868439123034477; 0,5013918583281338; 0,08813767554238439; 0,15306442184373736; 0,01798599399626255; 0,3599316398613155; 0,7915939781814814; 0,5781677607446909
-0,1380673269723655; 0,27194839576259255; 0,22685385402292013; 0,8688071258366108; 0,36135840229690075; 0,9177046515978873; 0,28368613542988896; 0,7787536950781941; 0,5832707798108459; 0,0416517099365592; 0,7451054034754634
-0,7472141107603849; 0,6091404352337122; 0,5288681872189045; 0,7575748446397483; 0,5267698704265058; 0,5984081299975514; 0,0037298137322068214; 0,2583125326782465; 0,0886304285377264; 0,018091059289872646; 0,6544414539821446
-0,4871402894230182; 0,8897210354916751; 0,46580749098211527; 0,4979566861875355; 0,5735199912451208; 0,3393094730563462; 0,8483051294460893; 0,46594945434480906; 0,4579930636100471; 0,7683174661360681; 0,2857200657017529
0,247102083954605; 0,4919043527916074; 0,9379175822250545; 0,7160143288783729; 0,8500497504137456; 0,8121847622096539; 0,8914217199198902; 0,21511995419859886; 0,036433083936572075; 0,6116357715800405; 0,8449781904928386
-0,22326743790919357; 0,49282854702323675; 0,9160212827846408; 0,8413403779268265; 0,5528144086711109; 0,6351137198507786; 0,2892082668840885; 0,546971888281405; 0,1633733781054616; 0,24146396247670054; 0,2332149837166071
-0,541863778194032; 0,5186661859042943; 0,23085649125277996; 0,5111210159957409; 0,152805058285594; 0,5940372585318983; 0,41287386137992144; 0,17460644990205765; 0,9790054084733129; 0,9576309258118272; 0,05327737610787153
-0,41938271118380344; 0,7254194975830615; 0,2623128965497017; 0,553374576382339; 0,6119842831976712; 0,5535257630981505; 0,9741303427144885; 0,22920413874089718; 0,9991230736486614; 0,9279220476746559; 0,06946109374985099
0,005914115291896235; 0,2648578565567732; 0,5350988451391459; 0,025795465800911188; 0,3383329538628459; 0,47150664729997516; 0,0655346130952239; 0,7648677839897573; 0,44939720211550593; 0,6802380699664354; 0,5382044650614262
-0,059232146043231154; 0,22157740546390414; 0,08622990688309073; 0,597928186878562; 0,18074647663161159; 0,8606146653182805; 0,32231721049174666; 0,26989522110670805; 0,2515042102895677; 0,08433833485469222; 0,3645978798158467
-0,21889335874572327; 0,6539495061151683; 0,9530781283974648; 0,36847431445494294; 0,6939408094622195; 0,3740430613979697; 0,2940100748091936; 0,7159089925698936; 0,21759624546393752; 0,3844206528738141; 0,03398936567828059
-0,03129854048854473; 0,5666677672415972; 0,020148235838860273; 0,1730156228877604; 0,7201323457993567; 0,6301239752210677; 0,903741326648742; 0,6109744873829186; 0,9448511195369065; 0,17971020797267556; 0,08536710171028972
0,025121561109338192; 0,8124867239966989; 0,19524483243003488; 0,07899456145241857; 0,8352218242362142; 0,8830999159254134; 0,060576718766242266; 0,8615155210718513; 0,5030509307980537; 0,9533981503918767; 0,9539428278803825
-0,164748246523168; 0,28992761578410864; 0,9563178811222315; 0,5568582862615585; 0,8364882711321115; 0,34769974695518613; 0,1419010879471898; 0,8486226936802268; 0,18431008839979768; 0,3815604904666543; 0,8488544085994363
0,5553185666235639; 0,9839424132369459; 0,6328814369626343; 0,6726299384608865; 0,007761545944958925; 0,9054403258487582; 0,3805660945363343; 0,2800968368537724; 0,6363111319951713; 0,07373663410544395; 0,08092325367033482
0,39576661018551856; 0,9396801069378853; 0,4752392931841314; 0,4116742545738816; 0,7750980858691037; 0,2515336903743446; 0,44818259682506323; 0,0017520086839795113; 0,6254726117476821; 0,7696267892606556; 0,34341237088665366
-0,9660450142422671; 0,7559104482643306; 0,5898828455246985; 0,37849418679252267; 0,4722924712114036; 0,6385313654318452; 0,13098889542743564; 0,4018311114050448; 0,3683126620016992; 0,29100796952843666; 0,16190658044070005
-0,1443900865337524; 0,7383405822329223; 0,682395507581532; 0,12309559714049101; 0,6362319523468614; 0,005287603475153446; 0,14074756996706128; 0,1368173281662166; 0,5020054806955159; 0,3289581276476383; 0,1917991889640689
-0,03657211738872904; 0,13137501943856478; 0,7335568210110068; 0,35474525671452284; 0,6414339751936495; 0,5464402814395726; 0,38978298800066113; 0,7359670479781926; 0,6931706741452217; 0,1526308204047382; 0,009589582215994596
0,9049217622627703; 0,9856534795835614; 0,8168519949540496; 0,3798770532011986; 0,7513725007884204; 0,6372486669570208; 0,6082434295676649; 0,027048106770962477; 0,031972024124115705; 0,7477949243038893; 0,5442582713440061
-0,08780267645659452; 0,9068193431012332; 0,6052980618551373; 0,3739161076955497; 0,44469821779057384; 0,6965230377390981; 0,5586760696023703; 0,09228427335619926; 0,8572403197176754; 0,07165628205984831; 0,7141376794315875
-0,22427989700813827; 0,3679186999797821; 0,1442936835810542; 0,9687159839086235; 0,8038263767957687; 0,9241495770402253; 0,2917557214386761; 0,3261534827761352; 0,6359586901962757; 0,9007506729103625; 0,15990460524335504
0,4544513226739861; 0,5524784219451249; 0,3747704396955669; 0,01943806977942586; 0,3137575024738908; 0,6407362865284085; 0,49040502635762095; 0,7133260052651167; 0,454205424990505; 0,9200337491929531; 0,8098281510174274
0,22241347052912214; 0,6166598224081099; 0,8698380459100008; 0,06000490300357342; 0,27896507969126105; 0,19375370303168893; 0,5083169164136052; 0,4346924093551934; 0,4774797884747386; 0,5191527283750474; 0,0555722676217556
-0,00717955078790626; 0,13032542634755373; 0,726921561639756; 0,030371828470379114; 0,7768850196152925; 0,05656465142965317; 0,03189917467534542; 0,23555536661297083; 0,9535415568388999; 0,13520856481045485; 0,49489164631813765
-0,004243109757499931; 0,16187834087759256; 0,027841358445584774; 0,8019636091776192; 0,23357273964211345; 0,5812262985855341; 0,590020339936018; 0,1875879797153175; 0,3156179999932647; 0,6140623134560883; 0,33750242507085204
-0,25389717131244915; 0,2865784391760826; 0,4769590273499489; 0,49485399201512337; 0,11259166430681944; 0,7365135778672993; 0,0342569756321609; 0,0014952211640775204; 0,5441430006176233; 0,34042773116379976; 0,46591852558776736
-0,14792332641706668; 0,47566415276378393; 0,581059580668807; 0,9401807747781277; 0,7063020328059793; 0,8955693026073277; 0,45121535658836365; 0,9955926048569381; 0,7913262927904725; 0,0592048023827374; 0,41411957098171115
-0,037821697388609354; 0,428136246278882; 0,017691769171506166; 0,29586982214823365; 0,2387954997830093; 0,5145060019567609; 0,7367522050626576; 0,024930228479206562; 0,21456220466643572; 0,004871664103120565; 0,3889362160116434
0,23513875671968695; 0,41953767742961645; 0,19412976689636707; 0,7942137261852622; 0,13572279643267393; 0,4924981566146016; 0,8668853645212948; 0,6065001459792256; 0,3007692047394812; 0,5660407827235758; 0,17236764868721366
0,07214341588218426; 0,6693653464317322; 0,12400292698293924; 0,808194381184876; 0,8813758692704141; 0,588699453510344; 0,4877656288444996; 0,6143503813073039; 0,4482727409340441; 0,2979519977234304; 0,7529199966229498
0,6608900720415659; 0,42915117740631104; 0,06043827161192894; 0,4684836706146598; 0,30274940421804786; 0,7774507580325007; 0,0614021560177207; 0,047009713016450405; 0,2778849876485765; 0,7216977318748832; 0,46434244234114885
0,11415465434774795; 0,23531672498211265; 0,37697748793289065; 0,8145283972844481; 0,37499458994716406; 0,5612721894867718; 0,888789527118206; 0,08401997433975339; 0,7186110340990126; 0,273142050486058; 0,6058687432669103
-0,4072330705658191; 0,6140942950733006; 0,6168077723123133; 0,7351384446956217; 0,964183165691793; 0,7561571067199111; 0,39148478768765926; 0,2867125263437629; 0,10272197239100933; 0,27974269120022655; 0,8780132075771689
0,17202509496825383; 0,5240775803104043; 0,7607794115319848; 0,42695892322808504; 0,6505540665239096; 0,4335451046936214; 0,7438347833231091; 0,7278185193426907; 0,2875220566056669; 0,7561301859095693; 0,13179390272125602
-0,08321879511317853; 0,03618694515898824; 0,5940599753521383; 0,8288893061690032; 0,1120821014046669; 0,03330159746110439; 0,19989811955019832; 0,4684638981707394; 0,8770596510730684; 0,8578389608301222; 0,5500426818616688
-0,9991865354075535; 0,5673687551170588; 0,28013911517336965; 0,27931261295452714; 0,7127933837473392; 0,873267896939069; 0,12629514979198575; 0,43301942059770226; 0,0814826600253582; 0,7192257577553391; 0,24518913496285677
0,14066428378929471; 0,5087893069721758; 0,4649833398871124; 0,21570532908663154; 0,17332619475200772; 0,6825815602205694; 0,5689361193217337; 0,39401577366515994; 0,6896624071523547; 0,9458287283778191; 0,3021651548333466
-0,008745576877155551; 0,8463783115148544; 0,020597885828465223; 0,9736264762468636; 0,37666718009859324; 0,8497030339203775; 0,9484989563934505; 0,9659344074316323; 0,9851893251761794; 0,07912149233743548; 0,3807850577868521
-0,061902625619955326; 0,6723853265866637; 0,983186720404774; 0,8969677342101932; 0,36458698008209467; 0,9818958868272603; 0,5643783947452903; 0,5374632817693055; 0,4752113572321832; 0,4329613051377237; 0,1531496220268309
-0,02922634734410412; 0,08641520841047168; 0,3335983771830797; 0,5585956457071006; 0,05552821699529886; 0,8855121140368283; 0,5081617031246424; 0,04845066601410508; 0,7270742715336382; 0,8733626380562782; 0,9204413499683142
-0,32962633617266945; 0,8629355700686574; 0,4186768922954798; 0,06759535428136587; 0,915267729666084; 0,49197504715994; 0,39650533255189657; 0,10492694284766912; 0,5270423321053386; 0,41574498638510704; 0,021433598827570677
-0,04943389169866545; 0,9910604245960712; 0,10652865190058947; 0,012342687230557203; 0,8899614680558443; 0,6805533021688461; 0,6249472433701158; 0,8576525091193616; 0,6133145755156875; 0,9677634090185165; 0,5485749524086714
-0,09128850838438245; 0,1822519744746387; 0,6342564057558775; 0,6848584646359086; 0,3458473305217922; 0,21793681755661964; 0,37803126499056816; 0,3466648790054023; 0,29589440021663904; 0,1591759971342981; 0,4860444124788046
0,5578919231289792; 0,8605758799239993; 0,4165845653042197; 0,7416492132470012; 0,6675745858810842; 0,010165744461119175; 0,258642025757581; 0,10343508049845695; 0,501453333068639; 0,32350796926766634; 0,6367008164525032
-0,9853192583462818; 0,4279537773691118; 0,07958671683445573; 0,797114125918597; 0,5946659250184894; 0,5299575654789805; 0,42289569415152073; 0,8657667273655534; 0,6438536108471453; 0,4756050184369087; 0,011164356954395771
0,5277392950288025; 0,7877340409904718; 0,9413417130708694; 0,5089184786193073; 0,3597858343273401; 0,827108305413276; 0,9892931133508682; 0,23465474601835012; 0,7144547612406313; 0,55699452618137; 0,3817244004458189
0,4093710058599136; 0,8112593530677259; 0,30377299152314663; 0,4802230135537684; 0,8729042815975845; 0,39418367436155677; 0,038218137342482805; 0,05095456633716822; 0,40299833472818136; 0,2936390838585794; 0,030767081305384636
-0,23603965074731648; 0,31791637698188424; 0,38001641910523176; 0,45321528147906065; 0,438222068361938; 0,2137225167825818; 0,06575436471030116; 0,2963656825013459; 0,25550991808995605; 0,7636054628528655; 0,4733490189537406
-0,26856734154343187; 0,7761879274621606; 0,8051195694133639; 0,8177457489073277; 0,7592361569404602; 0,6544440793804824; 0,5400101249106228; 0,8957289224490523; 0,7981449048966169; 0,14888486452400684; 0,3615373228676617
-0,5154773471033776; 0,7957993340678513; 0,6189704919233918; 0,32094448478892446; 0,3876308687031269; 0,3928113551810384; 0,35959078185260296; 0,27114174887537956; 0,9720750176347792; 0,9025873867794871; 0,7931690625846386
0,15185230413124615; 0,7585472115315497; 0,9554783771745861; 0,4245759001933038; 0,809015516191721; 0,5482774334959686; 0,6610765866935253; 0,2984224371612072; 0,3722609896212816; 0,05083945905789733; 0,2771258554421365
0,09845063715379518; 0,1279059536755085; 0,11411851271986961; 0,05716291815042496; 0,766998300794512; 0,09268149733543396; 0,7415049578994513; 0,6395739894360304; 0,7146626682952046; 0,4310566973872483; 0,28728912863880396
0,10328456331199168; 0,1981866848655045; 0,1418476663529873; 0,5290629868395627; 0,5657166722230613; 0,2552553885616362; 0,8971341662108898; 0,9051517085172236; 0,8753988286480308; 0,3851020219735801; 0,8247082959860563
-0,9896248138424442; 0,9553575036115944; 0,7719813208095729; 0,09268536372110248; 0,7729551950469613; 0,638388161547482; 0,3887648149393499; 0,6412464161403477; 0,383484551217407; 0,6671411241404712; 0,9752033068798482
-0,005112618474697868; 0,09623144380748272; 0,10482708737254143; 0,999713861849159; 0,19484321773052216; 0,24100065836682916; 0,5362404244951904; 0,1202262151055038; 0,15588468499481678; 0,5398970260284841; 0,22918613674119115
0,11900882694533982; 0,11478313710540533; 0,4788447371684015; 0,2659378801472485; 0,13013899000361562; 0,18492562510073185; 0,9710762770846486; 0,09531812090426683; 0,7494908017106354; 0,16536723263561726; 0,06380147533491254
0,13474475303599837; 0,24304860644042492; 0,45954216178506613; 0,9471623077988625; 0,2844154587946832; 0,7050416376441717; 0,898316808976233; 0,8727987408638; 0,9221071433275938; 0,7068607644177973; 0,5686141974292696
-0,1352249485194945; 0,19808362238109112; 0,6547080054879189; 0,7065687128342688; 0,6288558994419873; 0,24234895361587405; 0,31026394246146083; 0,965976586099714; 0,7008346836082637; 0,8502823952585459; 0,9894543564878404
0,07569639096746428; 0,3566736886277795; 0,6559689724817872; 0,11773001635447145; 0,5234179515391588; 0,6567467385903001; 0,3893934153020382; 0,3823540327139199; 0,06517213536426425; 0,7355498452670872; 0,6472437721677125
0,5989919087851878; 0,7954094675369561; 0,6354882158339024; 0,47578764148056507; 0,3259863234125078; 0,40422848192974925; 0,7493307986296713; 0,6827586963772774; 0,385754669085145; 0,8443063669838011; 0,7765469886362553
-0,09834534015995543; 0,1400040495209396; 0,28113655280321836; 0,7366509581916034; 0,14652970153838396; 0,7372630136087537; 0,24322498543187976; 0,16996700689196587; 0,09744128119200468; 0,3056138311512768; 0,43625078070908785
-0,009438979837432918; 0,32704652193933725; 0,7678878135047853; 0,436176345217973; 0,44173134164884686; 0,9087559184990823; 0,5587647589854896; 0,6660439660772681; 0,4384606070816517; 0,7246269308961928; 0,437331672757864
0,11116127596703786; 0,7931325007230043; 0,2971407203003764; 0,9885940817184746; 0,20934506272897124; 0,667382141109556; 0,42333889240399003; 0,2073056031949818; 0,7385922679677606; 0,8548870566301048; 0,28743959916755557
0,6996974024890503; 0,9527836451306939; 0,9295020843856037; 0,973536245059222; 0,1109822136349976; 0,633637881372124; 0,8183470242656767; 0,8912996277213097; 0,6981069860048592; 0,625724358484149; 0,5351403406821191
-0,0006200862395812703; 0,05035861534997821; 0,02449737535789609; 0,8611473464407027; 0,6342325112782419; 0,5507378871552646; 0,6298174425028265; 0,8595366543158889; 0,5874500246718526; 0,9481265316717327; 0,559651555493474
-0,11923174524061099; 0,027464897371828556; 0,5315830218605697; 0,7255953047424555; 0,11218857998028398; 0,14067201502621174; 0,014299378730356693; 0,7470385590568185; 0,37686828430742025; 0,36675530998036265; 0,09374703653156757
-0,04636316907480915; 0,28039933554828167; 0,9551548240706325; 0,7082280251197517; 0,36002325266599655; 0,3472629701718688; 0,521633590105921; 0,26351852947846055; 0,3029702748171985; 0,14377862447872758; 0,9363963860087097
0,014571061395311448; 0,01057228073477745; 0,20947993453592062; 0,39585920376703143; 0,21803303202614188; 0,5709538199007511; 0,6422862601466477; 0,47601994639262557; 0,7760108839720488; 0,017518042121082544; 0,7740625385195017
0,23956979527254935; 0,36678076395764947; 0,8710888009518385; 0,22693508910015225; 0,7305031786672771; 0,8020169390365481; 0,9371828031726182; 0,08718972420319915; 0,7498424765653908; 0,9539286033250391; 0,2650668192654848
-0,20440023098775856; 0,7716230908408761; 0,8360547409392893; 0,5281302616931498; 0,12173569155856967; 0,5725740436464548; 0,46897952212020755; 0,38861409528180957; 0,1741713839583099; 0,11917366879060864; 0,12049352889880538
-0,011237091263702533; 0,61551692802459; 0,009475240018218756; 0,049592208582907915; 0,8398244553245604; 0,8721649507060647; 0,7326401327736676; 0,15322601841762662; 0,019623175729066133; 0,9187134029343724; 0,13710676413029432
-0,4612199380370461; 0,7904225843958557; 0,9974399469792843; 0,5758697246201336; 0,4802757757715881; 0,47159463446587324; 0,2776990425772965; 0,70360903814435; 0,3315374902449548; 0,9947272269055247; 0,007976968307048082
0,023737787545666845; 0,2953209266997874; 0,8859370076097548; 0,18426342634484172; 0,4816819238476455; 0,8807500475086272; 0,39484727242961526; 0,0794236371293664; 0,0744711346924305; 0,21047946717590094; 0,9593832115642726
0,20611393871033376; 0,28392883064225316; 0,8690632646903396; 0,8964055003598332; 0,7573048821650445; 0,9579969570040703; 0,9892036514356732; 0,8078732010908425; 0,9839911134913564; 0,9554720893502235; 0,9184815110638738
0,9910585322599622; 0,638675314374268; 0,42993210395798087; 0,33298966009169817; 0,6999079799279571; 0,06938034761697054; 0,9961387431249022; 0,36286587407812476; 0,5284643275663257; 0,5069200750440359; 0,4129823106341064
-0,06546259155753056; 0,0707732755690813; 0,8715043640695512; 0,4509016158990562; 0,8275766689330339; 0,1902762670069933; 0,22608862444758415; 0,22561356285586953; 0,041667974088341; 0,5783742936328053; 0,6650920039974153
0,03844468189995763; 0,6164383948780596; 0,7509215567260981; 0,8419366283342242; 0,4051871676929295; 0,5502759492956102; 0,6832411214709282; 0,19425122998654842; 0,5212461361661553; 0,9991290899924934; 0,09315153677016497
0,7631397763600181; 0,9573724204674363; 0,9471501111984253; 0,2307499861344695; 0,9145649177953601; 0,6784402704797685; 0,6116820080205798; 0,2045867694541812; 0,8475808068178594; 0,025840661488473415; 0,13925468595698476
0,48611942628786514; 0,911386804189533; 0,913468305952847; 0,017027135007083416; 0,09131498355418444; 0,48227918380871415; 0,35532426042482257; 0,5055148559622467; 0,5830789348110557; 0,3585841301828623; 0,7106132339686155
-0,14955793037457732; 0,49643927440047264; 0,8073091148398817; 0,9571253471076488; 0,08571605896577239; 0,8673446020111442; 0,3097305232658982; 0,5424451283179224; 0,07941277837380767; 0,5959412925876677; 0,5201169475913048
-0,2730396778518953; 0,8863053796812892; 0,33272546948865056; 0,6937379664741457; 0,027766139712184668; 0,7597143724560738; 0,9866890055127442; 0,5391390193253756; 0,3191053606569767; 0,4640226443298161; 0,21155615849420428
-0,9553182073347396; 0,58035022392869; 0,2613988183438778; 0,3926913249306381; 0,0919083715416491; 0,05328560946509242; 0,08627327578142285; 0,2835678206756711; 0,395652920473367; 0,28418703842908144; 0,9354761983267963
0,035890079317987086; 0,0944770579226315; 0,19280112301930785; 0,4806316909380257; 0,3113655005581677; 0,17112767696380615; 0,7546226205304265; 0,9312677453272045; 0,05082298209890723; 0,3737547695636749; 0,9126514536328614
0,030735870905014836; 0,22885303758084774; 0,13838697224855423; 0,05779639817774296; 0,9791430803015828; 0,4426830792799592; 0,22592329839244485; 0,42083529150113463; 0,8450785675086081; 0,20907172746956348; 0,7344568390399218
0,07681761328591674; 0,038808431942015886; 0,4114668155089021; 0,4375686044804752; 0,9042893000878394; 0,5787402237765491; 0,3267655586823821; 0,00010105036199092865; 0,10701318876817822; 0,8011198081076145; 0,6585506140254438
-0,0840176602730631; 0,6108143297024071; 0,6863189479336143; 0,82557168090716; 0,8007810157723725; 0,6379513582214713; 0,597912881989032; 0,5587932541966438; 0,7348834122531116; 0,5992610827088356; 0,5309258918277919
0,26142739344034754; 0,3812459446489811; 0,8418496092781425; 0,028799936175346375; 0,8416521712206304; 0,4918288541957736; 0,6875440757721663; 0,30407254910096526; 0,18701908690854907; 0,06935879960656166; 0,7128796544857323
0,00020838832750251938; 0,2804881874471903; 0,4174583563581109; 0,44130338355898857; 0,24203270906582475; 0,04534858791157603; 0,5847767489030957; 0,18313345685601234; 0,7397360084578395; 0,41273152409121394; 0,38475753413513303
0,018529203586742503; 0,2580936420708895; 0,018504824489355087; 0,16828404273837805; 0,6999565334990621; 0,3850874579511583; 0,5120129245333374; 0,04987001232802868; 0,23453333508223295; 0,9645832916721702; 0,9370107483118773
0,09022711335854623; 0,7501610657200217; 0,6852531023323536; 0,18533489434048533; 0,24903225665912032; 0,6647873735055327; 0,37675651675090194; 0,8686974411830306; 0,894631595350802; 0,20296925865113735; 0,7952571352943778
0,01999214154725451; 0,0140716596506536; 0,8235050444491208; 0,30813063913956285; 0,1673264023847878; 0,9727764828130603; 0,6381524289026856; 0,8820460406132042; 0,39313337532803416; 0,638378185685724; 0,936843226198107
-0,39955511225973334; 0,38161220913752913; 0,14964019414037466; 0,8862751019187272; 0,6673455238342285; 0,2548652761615813; 0,06515693664550781; 0,8940426544286311; 0,9662376064807177; 0,25433722883462906; 0,12822870211675763
0,04276875639187401; 0,2334382627159357; 0,08783252537250519; 0,7156641520559788; 0,041493228636682034; 0,14287677267566323; 0,8264513965696096; 0,7953812326304615; 0,228873654268682; 0,5085327527485788; 0,7634380222298205
0,3172585088054675; 0,9726575389504433; 0,47124663973227143; 0,5113756605423987; 0,7723996229469776; 0,24193545104935765; 0,3510420643724501; 0,5894438344985247; 0,5492993886582553; 0,7965858774259686; 0,49075848376378417
0,6930936858499914; 0,772147037088871; 0,7475267928093672; 0,11514231050387025; 0,4511179463006556; 0,9224387761205435; 0,7401549401693046; 0,43131406139582396; 0,9931634953245521; 0,20416897907853127; 0,37133541237562895
-0,1957639373359421; 0,39292379282414913; 0,3910399451851845; 0,44557063840329647; 0,32247819006443024; 0,5153817641548812; 0,24944452941417694; 0,7906639445573092; 0,9635464646853507; 0,9575226115994155; 0,08933307649567723
0,8999439446912234; 0,6040945020504296; 0,23228670051321387; 0,8095530057325959; 0,17285537905991077; 0,5944786099717021; 0,10930736223235726; 0,13698745425790548; 0,048825768288224936; 0,9207529025152326; 0,17192604206502438
0,21886943094794706; 0,5131502579897642; 0,4416974065825343; 0,1574673904106021; 0,12000588420778513; 0,4494228274561465; 0,6028089527972043; 0,8009514538571239; 0,08907646592706442; 0,05529460683465004; 0,09719240432605147
0,22549381770832164; 0,547896035015583; 0,9660164047963917; 0,7777084005065262; 0,8210141020826995; 0,2876773700118065; 0,8465477521531284; 0,6287563922815025; 0,11598835606127977; 0,4911974282003939; 0,12393165938556194
-0,036620724945061287; 0,055421493016183376; 0,5951241790316999; 0,11539682606235147; 0,8008252861909568; 0,26340888626873493; 0,03924515750259161; 0,2651699301786721; 0,5944291991181672; 0,6773893451318145; 0,972483073361218
-0,8240039890993516; 0,664757669903338; 0,34334929287433624; 0,6892151464708149; 0,9255022997967899; 0,16989807970821857; 0,31658597895875573; 0,38848790107294917; 0,8852658700197935; 0,2324254559352994; 0,20602590776979923
-0,016481539695208724; 0,7840939946472645; 0,17473739152774215; 0,0893773976713419; 0,8259644061326981; 0,7881026035174727; 0,21968295890837908; 0,14353482145816088; 0,3934112200513482; 0,6446857433766127; 0,45613966323435307
-0,37583310524039243; 0,6415962330065668; 0,4592488808557391; 0,5022192727774382; 0,8457331848330796; 0,5071410392411053; 0,4924454316496849; 0,45708091044798493; 0,6351225785911083; 0,7370107057504356; 0,27145963069051504
-0,12142599983875005; 0,164481358602643; 0,20190622610971332; 0,9183902246877551; 0,36263049067929387; 0,6783125367946923; 0,11971406824886799; 0,1579691651277244; 0,8691921290010214; 0,36614526994526386; 0,43570416467264295
0,01158293027958695; 0,7617434873245656; 0,024530700873583555; 0,5270767016336322; 0,7272766111418605; 0,45740777999162674; 0,30570542998611927; 0,7290737298317254; 0,4614315195940435; 0,7807875904254615; 0,6143883494660258
0,0009676192452462215; 0,011377443559467793; 0,4638511906377971; 0,7344559738412499; 0,3980188309215009; 0,1652282210998237; 0,6677132458426058; 0,23450350295752287; 0,4875855566933751; 0,21086229104548693; 0,8976802974939346
-0,7650271355943586; 0,6089801858179271; 0,4554791818372905; 0,5942038618959486; 0,05577097274363041; 0,6407961058430374; 0,013477565720677376; 0,46459025191143155; 0,25224722689017653; 0,7414640663191676; 0,14103641966357827
-0,09498842278853646; 0,16357937641441822; 0,9476341875270009; 0,7921090787276626; 0,22114748321473598; 0,07767263520509005; 0,12674689898267388; 0,8361014276742935; 0,02635564049705863; 0,02552527142688632; 0,7057178374379873
-0,15076237782453997; 0,21415120037272573; 0,786634050309658; 0,5361326672136784; 0,44545060442760587; 0,814914389513433; 0,12100708996877074; 0,4116191351786256; 0,3242901600897312; 0,44699413096532226; 0,7452499675564468
0,09453598636181165; 0,16397080849856138; 0,3749334020540118; 0,364241287112236; 0,6506399535574019; 0,25541561283171177; 0,7580384411849082; 0,4093697518110275; 0,30371802020817995; 0,1040630447678268; 0,6852439823560417
0,041372136192957265; 0,6447323015891016; 0,9187885345891118; 0,9319261563941836; 0,12894461443647742; 0,9244918255135417; 0,6643926622346044; 0,813711273483932; 0,8960852511227131; 0,322288956027478; 0,33023846335709095
0,08261241381247474; 0,997572441585362; 0,20874567283317447; 0,42022800631821156; 0,4142802767455578; 0,5735475374385715; 0,14371026353910565; 0,9339210321195424; 0,9616475971415639; 0,7729352856986225; 0,6911844918504357
-0,33589416869370164; 0,9539719284512103; 0,4641239494085312; 0,2949727629311383; 0,44514884799718857; 0,22073400486260653; 0,7821748307906091; 0,5986469737254083; 0,25923911295831203; 0,4171048626303673; 0,2781924610026181
-0,3659741031957691; 0,8496974813751876; 0,439543379470706; 0,12891305470839143; 0,8523572995327413; 0,17369361780583858; 0,44917039666324854; 0,3176160794682801; 0,1707442463375628; 0,7467805654741824; 0,1714417370967567
-0,06000409935766233; 0,0031035076826810837; 0,522749665658921; 0,3212598403915763; 0,3953065345995128; 0,248101064004004; 0,1763231917284429; 0,5549740591086447; 0,48699398525059223; 0,36869498062878847; 0,43485196912661195
0,02718832525658351; 0,4663963755592704; 0,3396852598525584; 0,12313491711392999; 0,8886753702536225; 0,7332958150655031; 0,25123688764870167; 0,4406375614926219; 0,5760935642756522; 0,8886776589788496; 0,16560552921146154
0,0011630851987145707; 0,21205070661380887; 0,4512762981466949; 0,5778541946783662; 0,5681775570847094; 0,8824643981643021; 0,6468151598237455; 0,26805226877331734; 0,45883411820977926; 0,860490910243243; 0,8348598135635257
0,13911003643482137; 0,4064482804387808; 0,6739269648678601; 0,22395288106054068; 0,14858267549425364; 0,16403590189293027; 0,7117535369470716; 0,15701197599992156; 0,25902353739365935; 0,5952904252335429; 0,517989996355027
-0,10107339165402564; 0,13456714618951082; 0,1051572784781456; 0,6467422032728791; 0,9635194293223321; 0,26414245553314686; 0,021487328223884106; 0,14891680236905813; 0,6001881090924144; 0,17660994222387671; 0,15719934459775686
0,08902007878380631; 0,9598225685767829; 0,2608902584761381; 0,8636729847639799; 0,020580533891916275; 0,276437321677804; 0,2837474485859275; 0,35076436307281256; 0,4787098206579685; 0,10130764171481133; 0,30262383725494146
0,18207781206002321; 0,28218042803928256; 0,337884355802089; 0,20536797493696213; 0,7477213251404464; 0,06723446864634752; 0,7317759259603918; 0,09599344106391072; 0,950237532146275; 0,31613462744280696; 0,28118334291502833
-0,05815693229775374; 0,7768207462504506; 0,13807139499112964; 0,011727949604392052; 0,5993135734461248; 0,6965580596588552; 0,33111134311184287; 0,32064939197152853; 0,6852601589635015; 0,566587972920388; 0,848467584233731
0,07062797172975895; 0,2319556549191475; 0,9859485877677798; 0,20270983641967177; 0,2617033417336643; 0,45017000706866384; 0,7133711110800505; 0,633722314145416; 0,09221721114590764; 0,5922839837148786; 0,854068108368665
0,9729424648640734; 0,6479723900556564; 0,43678995640948415; 0,028395388275384903; 0,9910108740441501; 0,3353996006771922; 0,6887526889331639; 0,5680311513133347; 0,9791558426804841; 0,29383975733071566; 0,4201452638953924
0,02095415194318159; 0,6632825783453882; 0,11512293480336666; 0,6188138327561319; 0,5073922351002693; 0,30857481621205807; 0,5929615302011371; 0,3624041168950498; 0,992824072483927; 0,27925529796630144; 0,7025306234136224
0,6429797259982762; 0,8567854119464755; 0,41191312903538346; 0,7678321725688875; 0,7473456589505076; 0,8364570518024266; 0,15132395131513476; 0,3998676184564829; 0,28315450344234705; 0,5585576863959432; 0,25725748715922236
-0,7875679488434664; 0,7920975545421243; 0,392926225438714; 0,027817982248961926; 0,6029546298086643; 0,39987280033528805; 0,7094075181521475; 0,296285904943943; 0,03175797825679183; 0,6227326379157603; 0,9658487937413156
0,13488001845397563; 0,461873768363148; 0,45431504771113396; 0,6947813304141164; 0,28338461834937334; 0,8318713055923581; 0,8058817251585424; 0,5870469161309302; 0,5076207262463868; 0,9701334899291396; 0,27231738762930036
-0,03525772977492768; 0,5919601977802813; 0,5511455251835287; 0,625862565357238; 0,31936832144856453; 0,5748650482855737; 0,6286972225643694; 0,771809421479702; 0,5192385977134109; 0,26904269959777594; 0,4666741117835045
0,025814125383882544; 0,10117206769064069; 0,9823019914329052; 0,25303868763148785; 0,5345924021676183; 0,6381044359877706; 0,5946809374727309; 0,8814406283199787; 0,6925676753744483; 0,769962418358773; 0,7041780175641179
-0,09514337372805122; 0,3927704975940287; 0,710860098246485; 0,5773921110667288; 0,05864097271114588; 0,05596957076340914; 0,42442372627556324; 0,5010607014410198; 0,5920912572182715; 0,21981270052492619; 0,42556821554899216
-0,35129499659498087; 0,7540158373303711; 0,8039364968426526; 0,8465476161800325; 0,14829968102276325; 0,8612841577269137; 0,403477746527642; 0,01707097701728344; 0,5879533616825938; 0,6376867163926363; 0,589028999209404
-0,14784153509480924; 0,3964509000070393; 0,8229369064792991; 0,5456930729560554; 0,28680787282064557; 0,7613794920034707; 0,3056445298716426; 0,31945311976596713; 0,4743353892117739; 0,9576811795122921; 0,3102666256017983
-0,0852820261959527; 0,139305024407804; 0,17022925848141313; 0,5463754502125084; 0,6621283013373613; 0,7566497535444796; 0,2950018090195954; 0,23138512717559934; 0,6052414067089558; 0,7714829314500093; 0,6501483824104071
-0,3580846728477791; 0,4878747039474547; 0,43275181157514453; 0,33085782267153263; 0,4496366214007139; 0,14627603301778436; 0,0469686109572649; 0,75268748216331; 0,40659644920378923; 0,8675484294071794; 0,8836791692301631
0,5110249619496208; 0,6398107749409974; 0,4985689246095717; 0,11300007160753012; 0,22099923342466354; 0,8113330197520554; 0,628109710291028; 0,8193790758959949; 0,44844257831573486; 0,12902069790288806; 0,8723222003318369
0,0032898782896587726; 0,10071984212845564; 0,01193586504086852; 0,12140545807778835; 0,2697811610996723; 0,1042949166148901; 0,4105740231461823; 0,8354449877515435; 0,07054648129269481; 0,5651323953643441; 0,1330159124918282
0,12342528119486765; 0,03984060464426875; 0,3905235235579312; 0,591850227676332; 0,8686982155777514; 0,26268706982955337; 0,9204579056240618; 0,4036384178325534; 0,6327730594202876; 0,10093933343887329; 0,9162359721958637
-0,13061668751788005; 0,17133181262761354; 0,37588351406157017; 0,7500970824621618; 0,3460653363727033; 0,5691792904399335; 0,24639902217313647; 0,8008829853497446; 0,1624059146270156; 0,08113928185775876; 0,5400734366849065
-0,27004629401983476; 0,45279092714190483; 0,7566424529068172; 0,9690616838634014; 0,3781102537177503; 0,2650672094896436; 0,09664760902523994; 0,26409090170636773; 0,49130224669352174; 0,8946600160561502; 0,07587589370086789
-0,26974782847804496; 0,5463746530003846; 0,84997115470469; 0,4989588288590312; 0,033002805430442095; 0,48222589725628495; 0,11788798682391644; 0,7464592652395368; 0,12893723184242845; 0,761038338765502; 0,7023652088828385
-0,817572067439762; 0,6972009935416281; 0,5096224825829268; 0,8582869186066091; 0,09793698927387595; 0,4574060505256057; 0,26042590104043484; 0,3653237991966307; 0,8405401506461203; 0,3985033710487187; 0,49455833388492465
0,02739548187410767; 0,05297445738688111; 0,7110210065729916; 0,9484331384301186; 0,33612767793238163; 0,14912267960608006; 0,7284607752226293; 0,17668358469381928; 0,10045674862340093; 0,3471867688931525; 0,00381695618852973
-0,27623140358324155; 0,9536185935139656; 0,31430889246985316; 0,0004553273320198059; 0,816791046410799; 0,15244660014286637; 0,7615577410906553; 0,17869717255234718; 0,2031276673078537; 0,15613062074407935; 0,3122842204757035
-0,2814983375436201; 0,6028325939550996; 0,6835997705347836; 0,2869871165603399; 0,5374995130114257; 0,5397345358505845; 0,15100710606202483; 0,8195791183970869; 0,5843509621918201; 0,49623710941523314; 0,10525529365986586
0,41314389025855985; 0,7067307629622519; 0,8752949759364128; 0,832144605461508; 0,3727084258571267; 0,5357435708865523; 0,9527690438553691; 0,11108055850490928; 0,053128435742110014; 0,7184070078656077; 0,007199745625257492
-0,15912053339388652; 0,3864514217711985; 0,6295999125577509; 0,35576450591906905; 0,8936514523811638; 0,9606757597066462; 0,24860972724854946; 0,9979272955097258; 0,16338423267006874; 0,6698557194322348; 0,6987152276560664
-0,7489245412794292; 0,5540672326460481; 0,22201272891834378; 0,30677353823557496; 0,01609999453648925; 0,19608129747211933; 0,6481617870740592; 0,6865401854738593; 0,32488319324329495; 0,9518224922940135; 0,22655845619738102
-0,16696846929626477; 0,6186259430833161; 0,5669972151517868; 0,21177468681707978; 0,9528213571757078; 0,6248571877367795; 0,22904953500255942; 0,7303703399375081; 0,15739844972267747; 0,014513281174004078; 0,18293042667210102
-0,1395984041282016; 0,34466649824753404; 0,16448197234421968; 0,5633130162023008; 0,10670969961211085; 0,638056683819741; 0,32546334993094206; 0,41064017079770565; 0,9697640216909349; 0,9003556030802429; 0,22053043451160192
0,08421201481001599; 0,676902181468904; 0,27837216993793845; 0,2991707483306527; 0,8126555765047669; 0,21517036436125636; 0,41885781940072775; 0,5818048366345465; 0,08172147022560239; 0,5327100693248212; 0,19134714175015688
0,01684641277123837; 0,1732772197574377; 0,3962268647737801; 0,06729962816461921; 0,7542410241439939; 0,20153217250481248; 0,18006178829818964; 0,9160828357562423; 0,5214173216372728; 0,041095174849033356; 0,8761551869101822
-0,03771195171004581; 0,15714405477046967; 0,4404417322948575; 0,32744995364919305; 0,9316864660941064; 0,07414338365197182; 0,3910822682082653; 0,6605099872685969; 0,3727112556807697; 0,5787202594801784; 0,12129065720364451
