 y; x1; x2; x3; x4; x5; x6; x7; x8; x9; x10
0,8109717306665818; 0,8314061416313052; 0,8885662187822163; 0,803580604493618; 0,9794539441354573; 0,5869997255504131; 0,7365178223699331; 0,7925748890265822; 0,8543878374621272; 0,37767810886725783; 0,7442756341770291
0,6887447164248485; 0,2698569316416979; 0,3435942339710891; 0,29051621723920107; 0,7027486232109368; 0,3666619132272899; 0,6465568356215954; 0,07912037894129753; 0,611397776287049; 0,17419913364574313; 0,6733581651933491
0,73735865958694; 0,6909199887886643; 0,03260562336072326; 0,9049900327809155; 0,2615132904611528; 0,9479416785761714; 0,23643230833113194; 0,6906346245668828; 0,40110716596245766; 0,9682622640393674; 0,992000438272953
0,7080893120564531; 0,15074747940525413; 0,21295453235507011; 0,7572426195256412; 0,6314104702323675; 0,2410710882395506; 0,16656920639798045; 0,24361952813342214; 0,7444826206192374; 0,2071295236237347; 0,24058305332437158
0,6193451115524562; 0,9250489068217576; 0,8790044179186225; 0,9043075139634311; 0,42315479274839163; 0,00741154421120882; 0,8213848085142672; 0,194201301317662; 0,7614248679019511; 0,9372206428088248; 0,056538468692451715
0,7601978219601059; 0,5280750184319913; 0,12719096709042788; 0,6383223268203437; 0,4048569439910352; 0,6175240818411112; 0,7596296239644289; 0,16128140268847346; 0,41815532092005014; 0,2705550719983876; 0,24604054260998964
0,6373084984227759; 0,35239831544458866; 0,31593577936291695; 0,051644095685333014; 0,839911041315645; 0,23406739346683025; 0,3829029346816242; 0,6702445084229112; 0,36771456710994244; 0,23080088617280126; 0,4656478208489716
0,6194435693908783; 0,45514166820794344; 0,24891814356669784; 0,6644800617359579; 0,4704274507239461; 0,17939182510599494; 0,8531704554334283; 0,6716118236072361; 0,7378464573994279; 0,9599179141223431; 0,3918009256012738
0,7853984243629086; 0,7206291686743498; 0,09843980940058827; 0,019092100206762552; 0,03181189764291048; 0,41026829509064555; 0,9198045628145337; 0,9619767423719168; 0,8470274335704744; 0,5399827817454934; 0,633111460134387
0,6886836063498498; 0,4545555543154478; 0,10431215120479465; 0,44772514747455716; 0,29710258496925235; 0,8390614404343069; 0,4232223858125508; 0,9322528480552137; 0,8351502171717584; 0,4000817914493382; 0,7889175601303577
0,8097209704739505; 0,4025252549909055; 0,8136872365139425; 0,9064231510274112; 0,5801173257641494; 0,6742012975737453; 0,07470167567953467; 0,6264934581704438; 0,12863316014409065; 0,3115113126114011; 0,6269458425231278
0,8265969999710259; 0,05739788664504886; 0,3744663973338902; 0,907968720421195; 0,705047283321619; 0,21206718310713768; 0,5004554716870189; 0,9222832145169377; 0,7144803320989013; 0,8184164445847273; 0,7470235517248511
0,6982576249648206; 0,5160164418630302; 0,447035304736346; 0,7493417607620358; 0,9054490989074111; 0,6821505716070533; 0,35586782544851303; 0,25859647477045655; 0,9740577233023942; 0,36335313646122813; 0,842523330822587
0,8329481678432907; 0,05961071094498038; 0,16004095692187548; 0,31720008747652173; 0,9802174246869981; 0,8773384969681501; 0,03918224899098277; 0,9841581122018397; 0,49077159259468317; 0,33635194785892963; 0,38623649906367064
0,8289473617119153; 0,08663799287751317; 0,45024040481075644; 0,9906751397065818; 0,6101713972166181; 0,8911470156162977; 0,5063502336852252; 0,6062032780610025; 0,6550769777968526; 0,32341498462483287; 0,8269402799196541
0,8342919374002796; 0,7832484245300293; 0,9685241193510592; 0,9947889167815447; 0,7442135298624635; 0,3753858832642436; 0,11726043885573745; 0,6988481734879315; 0,17094197031110525; 0,5044209961779416; 0,7231580554507673
0,8414641029802091; 0,2148133902810514; 0,04619110329076648; 0,5258523696102202; 0,2230162126943469; 0,9930768967606127; 0,42204353865236044; 0,10143642220646143; 0,6127456501126289; 0,6895462702959776; 0,5230360548011959
0,8384237507928581; 0,1262214914895594; 0,3584901667200029; 0,8557968689128757; 0,45261717215180397; 0,8253070442005992; 0,7226130738854408; 0,8109254059381783; 0,2851706389337778; 0,6258865571580827; 0,9406055496074259
0,6581224302336349; 0,9733741017989814; 0,7184151676483452; 0,7751372344791889; 0,4188815467059612; 0,9171442766673863; 0,053585832472890615; 0,6924324976280332; 0,017039291094988585; 0,6271550692617893; 0,07766213500872254
0,6536090392540294; 0,718828581739217; 0,3506839801557362; 0,5679105794988573; 0,5617492669261992; 0,12270911922678351; 0,455599014647305; 0,9412667043507099; 0,03771690092980862; 0,34552944591268897; 0,23699264181777835
0,6264847276262132; 0,47970495373010635; 0,30410465225577354; 0,6938619171269238; 0,812718135304749; 0,7709312969818711; 0,2750553754158318; 0,941498399246484; 0,3240917017683387; 0,28393901279196143; 0,3709710733965039
0,8147044970432316; 0,6225692075677216; 0,4379192474298179; 0,7214830443263054; 0,3439201987348497; 0,7632140084169805; 0,40672462712973356; 0,28289026441052556; 0,28654396487399936; 0,5196154927834868; 0,07954450929537416
0,6750474103500627; 0,030723161064088345; 0,5960491355508566; 0,18775678845122457; 0,7989942459389567; 0,12676179967820644; 0,04932984011247754; 0,729113906621933; 0,13156243273988366; 0,6087381094694138; 0,5643012020736933
0,8394553921192918; 0,07809684099629521; 0,260190156288445; 0,4197135353460908; 0,29097280837595463; 0,6615818594582379; 0,21009844122454524; 0,8028533183969557; 0,43292927043512464; 0,17439368506893516; 0,31650695530697703
0,6377926626152556; 0,6374351824633777; 0,43616958567872643; 0,42013377137482166; 0,05912668211385608; 0,8526208563707769; 0,9521280699409544; 0,9616643539629877; 0,9355151243507862; 0,11783013213425875; 0,09668021649122238
0,7109136308027757; 0,5720235398039222; 0,571645500138402; 0,866685236338526; 0,7705155145376921; 0,836673270445317; 0,9987722625955939; 0,8554462878964841; 0,10728001594543457; 0,3039578218013048; 0,8074292032979429
0,6405196390597414; 0,8763851746916771; 0,30521737737581134; 0,5090102246031165; 0,8159057227894664; 0,9005230776965618; 0,7353396094404161; 0,3025361937470734; 0,3947918047197163; 0,7785020391456783; 0,5138389929197729
0,7741659213563609; 0,3406407362781465; 0,7317462377250195; 0,13974917586892843; 0,9610353335738182; 0,004349774681031704; 0,15108679002150893; 0,1901392349973321; 0,9575951751321554; 0,11463447287678719; 0,3369571794755757
0,8395610376198854; 0,003924993798136711; 0,8256780775263906; 0,04549529403448105; 0,28998850006610155; 0,2652367614209652; 0,424024669919163; 0,2956160376779735; 0,8955570347607136; 0,5727785839699209; 0,5983444508165121
0,6828155005964186; 0,7199856443330646; 0,27004777221009135; 0,8591012214310467; 0,16751208808273077; 0,08337641274556518; 0,37103729555383325; 0,960203280672431; 0,8106134491972625; 0,10267481580376625; 0,6501293550245464
0,6795909651789473; 0,17634705686941743; 0,7565230606123805; 0,6116089252755046; 0,29750144854187965; 0,28779432037845254; 0,8219533925876021; 0,8664283067919314; 0,8499137749895453; 0,9650028659962118; 0,4712408524937928
0,6690912067883774; 0,828975957352668; 0,5721116573549807; 0,21374328760430217; 0,34218058874830604; 0,24171887012198567; 0,0036529256030917168; 0,5385041940025985; 0,08962974837049842; 0,1305321496911347; 0,3547563455067575
0,8354908585919683; 0,035428030882030725; 0,5691544986329973; 0,8978737471625209; 0,20953949494287372; 0,700427311938256; 0,5120526836253703; 0,7484900187700987; 0,6607228824868798; 0,38675872469320893; 0,3053077762015164
0,6725300818170727; 0,1004570247605443; 0,5938509413972497; 0,9356493875384331; 0,8928375327959657; 0,2574910926632583; 0,9284162917174399; 0,21605129726231098; 0,3582089925184846; 0,2976469327695668; 0,7717813360504806
0,7622982286480818; 0,5450492328964174; 0,3020307323895395; 0,5822262819856405; 0,7946910001337528; 0,01153961569070816; 0,7556376145221293; 0,2023646393790841; 0,49230718286708; 0,8682610876858234; 0,5850533107295632
0,7940335212071361; 0,8361892816610634; 0,5933879176154733; 0,4789441046305001; 0,873317601159215; 0,5500872638076544; 0,34675898449495435; 0,7632849393412471; 0,5637991330586374; 0,5340824872255325; 0,971174483653158
0,7065776638297382; 0,059272500686347485; 0,21628583502024412; 0,44788492610678077; 0,4886695258319378; 0,06844461057335138; 0,8204532847739756; 0,8951203958131373; 0,32459797617048025; 0,4299385277554393; 0,9582129335030913
0,6271960706589002; 0,14202526258304715; 0,6875620144419372; 0,3609253130853176; 0,7626479081809521; 0,22157809138298035; 0,6589140649884939; 0,8455210560932755; 0,9894003714434803; 0,06149451434612274; 0,8259333949536085
0,7343359538546884; 0,6717459415085614; 0,11213377956300974; 0,8833578769117594; 0,6990600102581084; 0,6416581748053432; 0,1217153100296855; 0,8754205098375678; 0,9969240417703986; 0,2788456683047116; 0,1130439187400043
0,6322631391837985; 0,12744636507704854; 0,42415662528946996; 0,22588769998401403; 0,6491261855699122; 0,5164611372165382; 0,27089529018849134; 0,8831871142610908; 0,17546835308894515; 0,12328441999852657; 0,5644346103072166
0,6747821593802368; 0,7154508228413761; 0,7550073047168553; 0,6374266450293362; 0,7675426187925041; 0,30305361887440085; 0,8011751282028854; 0,11626764992251992; 0,21077676489949226; 0,8746867896988988; 0,8610912724398077
0,742131548409043; 0,8595027225092053; 0,2611368861980736; 0,7753762165084481; 0,5996531560085714; 0,026900148950517178; 0,5443205232731998; 0,7086718673817813; 0,2326990501023829; 0,16817753575742245; 0,39717114716768265
0,8129654538109011; 0,5470002959482372; 0,14991941256448627; 0,3803109610453248; 0,42940695118159056; 0,6273335386067629; 0,5591664263047278; 0,06057334039360285; 0,0606119716539979; 0,40638930769637227; 0,7956658038310707
0,7768884902393455; 0,7883762046694756; 0,8959349156357348; 0,7713976320810616; 0,533437826205045; 0,8442788920365274; 0,8854852253571153; 0,9581153248436749; 0,028181476518511772; 0,7952227033674717; 0,3198289009742439
0,6432637522813813; 0,6101745613850653; 0,17394163878634572; 0,48038159403949976; 0,1610992052592337; 0,08602668717503548; 0,000337481964379549; 0,6564142508432269; 0,4358075917698443; 0,33762388676404953; 0,8992961719632149
0,7176523501587498; 0,09695141948759556; 0,9964453089050949; 0,8651881609112024; 0,9739005789160728; 0,431176851503551; 0,15772501844912767; 0,07378474809229374; 0,4009410198777914; 0,021459406707435846; 0,1578103327192366
0,6855270355741399; 0,15231700986623764; 0,38105758745223284; 0,5895678293891251; 0,5488526872359216; 0,3567461874336004; 0,364052212331444; 0,6462447987869382; 0,1467469334602356; 0,8895651763305068; 0,16976783564314246
0,6842026005834265; 0,04794470593333244; 0,6321272281929851; 0,586039200425148; 0,0773014985024929; 0,18513564066961408; 0,09068424720317125; 0,7099729310721159; 0,9627484059892595; 0,9392347051762044; 0,37208140082657337
0,7237452470170401; 0,9237376339733601; 0,6801782073453069; 0,8254499081522226; 0,5336132012307644; 0,704384543467313; 0,1038866089656949; 0,30037830770015717; 0,07761603267863393; 0,19899098202586174; 0,9148252033628523
0,6690250038416989; 0,5431240261532366; 0,42220793571323156; 0,8429437940940261; 0,7011631284840405; 0,4093001359142363; 0,6664638738147914; 0,14660673448815942; 0,4251313405111432; 0,2280741147696972; 0,4794478532858193
0,8414513633289095; 0,12289890134707093; 0,8482390101999044; 0,9800164764747024; 0,406442163977772; 0,7724110214039683; 0,17570291878655553; 0,765875275246799; 0,7878348124213517; 0,9136811308562756; 0,0704558533616364
0,7561349170956858; 0,3336376380175352; 0,8755750572308898; 0,1918769422918558; 0,4078070027753711; 0,46151525480672717; 0,729307608678937; 0,49093159614130855; 0,14359877165406942; 0,4857048518024385; 0,34758224012330174
0,8324650342190315; 0,2882963945157826; 0,48096074257045984; 0,748226672410965; 0,249076877720654; 0,09959073830395937; 0,3860802724957466; 0,5115987774915993; 0,6293480899184942; 0,30749343521893024; 0,6169961146079004
0,6599229616851431; 0,8684246633201838; 0,6003056201152503; 0,40999938920140266; 0,43225357588380575; 0,22287763375788927; 0,7983370893634856; 0,03390164114534855; 0,1502509959973395; 0,41462520929053426; 0,34679590072482824
0,7884974634759612; 0,24300605291500688; 0,6839708196930587; 0,8845969471149147; 0,5282398164272308; 0,08087739907205105; 0,49400597205385566; 0,22983393911272287; 0,40799223026260734; 0,8730045519769192; 0,09634678903967142
0,6273161604390987; 0,5697109140455723; 0,4110947214066982; 0,3700203071348369; 0,08663169341161847; 0,262574159540236; 0,7754992214031518; 0,33047478878870606; 0,16107575315982103; 0,6679103281348944; 0,33366179279983044
0,8290127143088631; 0,8071165718138218; 0,017544005997478962; 0,30695403553545475; 0,30130082927644253; 0,4805070227012038; 0,5645990096963942; 0,48301234655082226; 0,1511418130248785; 0,28827371820807457; 0,581625766120851
0,7487072624251245; 0,8578811013139784; 0,45835297415032983; 0,37015925673767924; 0,8825823380611837; 0,791042594704777; 0,04248164547607303; 0,2632512813434005; 0,1470676464959979; 0,8779399073682725; 0,9207635638304055
0,6683961568172614; 0,5461351475678384; 0,6237869770266116; 0,47970886528491974; 0,15775081934407353; 0,8681731806136668; 0,7731536459177732; 0,8113113916479051; 0,9578604009002447; 0,1852364419028163; 0,5000900765880942
0,7696443772470869; 0,8719976469874382; 0,5975981522351503; 0,9174146866425872; 0,27063883747905493; 0,26004781015217304; 0,2289629657752812; 0,054494827054440975; 0,047055335715413094; 0,8622216279618442; 0,04881099099293351
0,6822607568227388; 0,6050028069876134; 0,7820503418333828; 0,7537516066804528; 0,23223970085382462; 0,6706863227300346; 0,7556443121284246; 0,6797806951217353; 0,2053857371211052; 0,06187816429883242; 0,2532705254852772
0,6586042012172305; 0,8733339118771255; 0,2923001991584897; 0,9855892667546868; 0,061908307019621134; 0,2753797098994255; 0,6767010213807225; 0,17705018119886518; 0,9160836287774146; 0,33593899430707097; 0,09879976511001587
0,6550981962368208; 0,6753664729185402; 0,3947584256529808; 0,20142450043931603; 0,4887177851051092; 0,9686827678233385; 0,8944750102236867; 0,3229055958800018; 0,792759133502841; 0,8823658055625856; 0,9008051189593971
0,7774944904861155; 0,9830432352609932; 0,6332387616857886; 0,34278663992881775; 0,4109557969495654; 0,8433713056147099; 0,6678826282732189; 0,9786338275298476; 0,19251271476969123; 0,8680072091519833; 0,6540380720980465
0,6886490433175927; 0,3821906251832843; 0,08181680785492063; 0,4041155921295285; 0,7249159445054829; 0,3766858954913914; 0,9827700289897621; 0,23757650470361114; 0,14806936122477055; 0,21287708589807153; 0,47724185744300485
0,7130674425611964; 0,7882953751832247; 0,8234256370924413; 0,11174646206200123; 0,013734695501625538; 0,6489853681996465; 0,08378627942875028; 0,8261091443710029; 0,9382791314274073; 0,28742077108472586; 0,7707216124981642
0,7083612072522464; 0,785735028795898; 0,6289667221717536; 0,2900350377894938; 0,9993141903541982; 0,0952592040412128; 0,6500831977464259; 0,06641381233930588; 0,4678479414433241; 0,47621084144338965; 0,5025984742678702
0,6274672845252512; 0,5715324059128761; 0,7649561278522015; 0,9868736062198877; 0,18167734425514936; 0,7605803939513862; 0,6262561236508191; 0,2575363586656749; 0,48855812242254615; 0,08548773033544421; 0,15258828597143292
0,8318042398375348; 0,03484727628529072; 0,8954591392539442; 0,8981852326542139; 0,25948289781808853; 0,08133275154978037; 0,08823604276403785; 0,5326349982060492; 0,6322482656687498; 0,14558528317138553; 0,5250422735698521
0,7650955800548983; 0,8449548818171024; 0,6318663889542222; 0,6761008203029633; 0,38647340098395944; 0,799719512462616; 0,38724867533892393; 0,41285513155162334; 0,45750969974324107; 0,41752605279907584; 0,1148069454357028
0,8049458267040033; 0,9521740614436567; 0,4903793171979487; 0,003673076629638672; 0,013528849463909864; 0,9849655316211283; 0,7905955263413489; 0,30789030296728015; 0,9690310047008097; 0,18906470388174057; 0,8450385108590126
0,7258745862041674; 0,09553132252767682; 0,446750964038074; 0,46642862539738417; 0,05379461869597435; 0,6948460503481328; 0,1878075716085732; 0,47198833525180817; 0,3746464438736439; 0,8935729684308171; 0,45321295550093055
0,7563025406485852; 0,6791201448068023; 0,7052304078824818; 0,3483892874792218; 0,009564050938934088; 0,47011822555214167; 0,5116605772636831; 0,35656599095091224; 0,8083530706353486; 0,4776082788594067; 0,09515345375984907
0,8413467045011903; 0,48530599288642406; 0,20047988137230277; 0,4258131957612932; 0,6691615432500839; 0,2499520224519074; 0,5946375271305442; 0,8944399007596076; 0,24292207462713122; 0,9015701115131378; 0,6872530984692276
0,6233950490676458; 0,6024526604451239; 0,14290630212053657; 0,6628456544131041; 0,4688047468662262; 0,19436782132834196; 0,7219254677183926; 0,5715061202645302; 0,9633356924168766; 0,8390059298835695; 0,9335486232303083
0,6811584990198538; 0,04928097873926163; 0,07142043625935912; 0,5493515315465629; 0,543194533791393; 0,4184513338841498; 0,24171693297103047; 0,6356179704889655; 0,3677442856132984; 0,7839142116717994; 0,9890529252588749
0,6278623108472501; 0,8799895606935024; 0,617034045048058; 0,1258462774567306; 0,28895417833700776; 0,6196136535145342; 0,6790044857189059; 0,21408900571987033; 0,7209141687490046; 0,8689677938818932; 0,919753975700587
0,6186739787635357; 0,6589831388555467; 0,4972691456787288; 0,01613926747813821; 0,2885923641733825; 0,47488352889195085; 0,4334314204752445; 0,3994548819027841; 0,1499101035296917; 0,8192604072391987; 0,08372471714392304
0,8060757614844163; 0,39932070951908827; 0,27116001956164837; 0,29978798516094685; 0,18139591021463275; 0,5310252825729549; 0,5878095864318311; 0,17287670215591788; 0,48751038825139403; 0,4379767710343003; 0,2017408013343811
0,8411072666345147; 0,0739091127179563; 0,019186594989150763; 0,5528678745031357; 0,5839258562773466; 0,8572082044556737; 0,5804782891646028; 0,36384214647114277; 0,15815819753333926; 0,4868467063643038; 0,2214907077141106
0,6296115745848486; 0,26169101474806666; 0,5085899941623211; 0,9414469599723816; 0,3320121983997524; 0,9053668491542339; 0,9463026849552989; 0,09372016368433833; 0,705580114852637; 0,3878223756328225; 0,5892600798979402
0,8371347083033311; 0,4437782415188849; 0,7642807778902352; 0,8840405009686947; 0,7233884930610657; 0,07626208197325468; 0,937059810385108; 0,5586148905567825; 0,2851606425829232; 0,4568180716596544; 0,5110031864605844
0,8413125130268725; 0,024431955069303513; 0,30187371792271733; 0,6617860780097544; 0,6343893804587424; 0,672985999379307; 0,8622198943048716; 0,13794518122449517; 0,72684823628515; 0,319513498339802; 0,3748422027565539
0,7706917680530325; 0,9961759927682579; 0,8201728858985007; 0,8638675874099135; 0,18514629313722253; 0,9791671284474432; 0,6131324237212539; 0,4505452555604279; 0,4406004725024104; 0,8725264584645629; 0,9511441560462117
0,7070995916418594; 0,21319973235949874; 0,1249441634863615; 0,18638867838308215; 0,17866000952199101; 0,7253993828780949; 0,26969931880012155; 0,8220539013855159; 0,10661007324233651; 0,24193928530439734; 0,1323924926109612
0,6442075860201939; 0,3834570939652622; 0,1808474725112319; 0,43454897217452526; 0,42607608530670404; 0,3748975149355829; 0,06573310866951942; 0,5418896772898734; 0,4913566433824599; 0,9096969580277801; 0,40493003698065877
0,7287151251711365; 0,15261378604918718; 0,0920090526342392; 0,94032576167956; 0,8624513223767281; 0,4682784001342952; 0,05924111697822809; 0,21547072613611817; 0,6545660910196602; 0,8464513104408979; 0,5182969658635557
0,8246681027846288; 0,9777653287164867; 0,8156802542507648; 0,5056521580554545; 0,4873061995021999; 0,9438932528719306; 0,6386647191829979; 0,6885395860299468; 0,8015568782575428; 0,16628579143434763; 0,4592117113061249
0,7103258688976107; 0,8918671156279743; 0,748522434849292; 0,09394248202443123; 0,10425318498164415; 0,45983378821983933; 0,20011647511273623; 0,3110375697724521; 0,8368200231343508; 0,12135265721008182; 0,9820109298452735
0,8389356556046207; 0,7061780518852174; 0,6732653938233852; 0,2048131083138287; 0,903621241915971; 0,07718492904677987; 0,40274549555033445; 0,15325222816318274; 0,36652470752596855; 0,36413455102592707; 0,907124085817486
0,8262805533135376; 0,07697167433798313; 0,918335750233382; 0,03780434001237154; 0,17168322252109647; 0,607981130015105; 0,6913791317492723; 0,8297570738941431; 0,3959535863250494; 0,8533171177841723; 0,6016469979658723
0,7583767622037358; 0,09866195730865002; 0,5826258058659732; 0,8474936438724399; 0,42986571742221713; 0,4691705065779388; 0,8560804175212979; 0,6564989485777915; 0,6065595173276961; 0,24829086335375905; 0,642773874104023
0,6436557583691329; 0,5554707706905901; 0,18049335340037942; 0,4299432714469731; 0,675769274123013; 0,7243688153102994; 0,19023703737184405; 0,8450090419501066; 0,5478558950126171; 0,706672053784132; 0,12133224960416555
0,8407811902722615; 0,32435099920257926; 0,8613804499618709; 0,16873014206066728; 0,28647657856345177; 0,37155783316120505; 0,5984526663087308; 0,24050266947597265; 0,7539363484829664; 0,42535141203552485; 0,3335324372164905
0,8405954902987238; 0,8942111940123141; 0,17144417902454734; 0,34702217811718583; 0,1210884596221149; 0,6351706637069583; 0,5875936029478908; 0,4873350951820612; 0,6245766188949347; 0,9075218220241368; 0,10759774129837751
0,840951271395145; 0,41321059549227357; 0,8304331325925887; 0,6503225234337151; 0,8770106337033212; 0,7821054956875741; 0,6518790009431541; 0,8658995311707258; 0,1364801782183349; 0,16513677081093192; 0,5013894573785365
0,7935622550497726; 0,0030894349329173565; 0,6267289081588387; 0,7190619320608675; 0,880595906637609; 0,696153940167278; 0,5981196411885321; 0,5140887913294137; 0,08881629398092628; 0,11194627778604627; 0,4616452497430146
0,7675242914002932; 0,1854477315209806; 0,8609592290595174; 0,5214960593730211; 0,5028548445552588; 0,3872797694057226; 0,5047346786595881; 0,008140448480844498; 0,3562755477614701; 0,12292426265776157; 0,17637706687673926
0,8231463818481; 0,5172606958076358; 0,4740681340917945; 0,8446787614375353; 0,8024863647297025; 0,06362989684566855; 0,5495614157989621; 0,7002323614433408; 0,009368178900331259; 0,25799185037612915; 0,3076708004809916
0,8414690931524241; 0,930866836104542; 0,7640808536671102; 0,8692202093079686; 0,5510201333090663; 0,03334123222157359; 0,1109928721562028; 0,920433955732733; 0,1030314089730382; 0,35452050203457475; 0,08930433169007301
0,748107008472443; 0,9448337773792446; 0,909074526745826; 0,7381088817492127; 0,3121839491650462; 0,7304355199448764; 0,6043878849595785; 0,5154719944112003; 0,5870269620791078; 0,7636294774711132; 0,5694429380819201
0,8092944503323907; 0,7376887728460133; 0,06643939623609185; 0,23266686173155904; 0,5738461050204933; 0,8987443172372878; 0,9041534471325576; 0,36396568547934294; 0,9522315640933812; 0,7081899107433856; 0,9009349318221211
0,6207077832408744; 0,8609003103338182; 0,019226028118282557; 0,9304630463011563; 0,0789352492429316; 0,840431991033256; 0,5485789170488715; 0,9559606425464153; 0,289031614549458; 0,6691963099874556; 0,35780458664521575
0,7716820255081984; 0,3776150797493756; 0,7743839831091464; 0,933089536614716; 0,4861213034018874; 0,2770467475056648; 0,44479861482977867; 0,4091236391104758; 0,5300454017706215; 0,6414500726386905; 0,15223081596195698
0,8406150341789975; 0,6731509710662067; 0,6391136702150106; 0,711625543422997; 0,33199942857027054; 0,3961051660589874; 0,12547310767695308; 0,9974234509281814; 0,2705133887939155; 0,09894231613725424; 0,7562283668667078
0,8409129999146662; 0,5260629877448082; 0,7549992254935205; 0,480165543500334; 0,4765861965715885; 0,6124361529946327; 0,3807974006049335; 0,47858294332399964; 0,053207793738693; 0,82962984777987; 0,4185561896301806
0,8410080545848194; 0,19800786208361387; 0,777086163405329; 0,03009428083896637; 0,3719191257841885; 0,9065616754814982; 0,3426209785975516; 0,9480884592048824; 0,1164626507088542; 0,3433693475089967; 0,6939669963903725
0,7310122141234058; 0,9264075616374612; 0,45164498360827565; 0,11123800510540605; 0,5732927294448018; 0,21510322438552976; 0,738495007622987; 0,4432492032647133; 0,9738270388916135; 0,27698611794039607; 0,5399423469789326
0,8408911786274678; 0,24138225661590695; 0,6281699808314443; 0,6341993501409888; 0,8923204494640231; 0,5002776999026537; 0,3632054552435875; 0,1594143807888031; 0,7103815097361803; 0,6416072715073824; 0,12690515257418156
0,7173934379417726; 0,45282541355118155; 0,10887100594118237; 0,7374016526155174; 0,4790852004662156; 0,42074698815122247; 0,528439277317375; 0,034572715405374765; 0,3464895128272474; 0,5127935204654932; 0,23400287982076406
0,6970781800008918; 0,9920652420260012; 0,22185532609000802; 0,5322352135553956; 0,5596769778057933; 0,8011141759343445; 0,6628306414932013; 0,14810427837073803; 0,6170670287683606; 0,9922305177897215; 0,17322940472513437
0,7429708937039126; 0,3498181249015033; 0,023409925401210785; 0,9281243956647813; 0,024201393593102694; 0,19913784507662058; 0,775328675750643; 0,9012482864782214; 0,4437978249043226; 0,590153275988996; 0,5623037861660123
0,6220165145069857; 0,6592627507634461; 0,23465514369308949; 0,033029607962816954; 0,12380732595920563; 0,6112593272700906; 0,19591524405404925; 0,6248877393081784; 0,06021708156913519; 0,2879721838980913; 0,2756933905184269
0,6882419285391896; 0,11360405804589391; 0,2547127637080848; 0,8022153624333441; 0,08073026081547141; 0,625810859259218; 0,2743902401998639; 0,39700760412961245; 0,14699610555544496; 0,17776612797752023; 0,5958784553222358
0,8399703936047467; 0,9298775270581245; 0,7805096101947129; 0,9798222677782178; 0,22439503949135542; 0,7082678354345262; 0,03492613974958658; 0,3690805840305984; 0,906667647883296; 0,8325955397449434; 0,35157020296901464
0,7303692042267662; 0,8956157979555428; 0,8421839168295264; 0,14292633207514882; 0,47951872553676367; 0,6514727668836713; 0,7291422067210078; 0,15677450085058808; 0,37300394801422954; 0,8103172327391803; 0,23696243297308683
0,7117610034182837; 0,02850764151662588; 0,691302933730185; 0,9701046063564718; 0,5353707410395145; 0,9260542267002165; 0,5830808184109628; 0,6683101686649024; 0,3265019324608147; 0,19519182853400707; 0,5128390733152628
0,7409004346143598; 0,6026514540426433; 0,3912335382774472; 0,5804058159701526; 0,3644327479414642; 0,989265170879662; 0,653077008202672; 0,5989978220313787; 0,6237336457706988; 0,381962850689888; 0,27611274970695376
0,7219135230680667; 0,37696034274995327; 0,5890213698148727; 0,7096440214663744; 0,533715732395649; 0,9200816499069333; 0,17310161842033267; 0,7531632645986974; 0,27019586553797126; 0,9916544291190803; 0,3251317497342825
0,8228018806443849; 0,9071078463457525; 0,9393579717725515; 0,8953516762703657; 0,4069744539447129; 0,2538550551980734; 0,4947478538379073; 0,2108587147668004; 0,14875454874709249; 0,509360465221107; 0,7651149309240282
0,7025015235248132; 0,1307177129201591; 0,6322618136182427; 0,03325263410806656; 0,2498999172821641; 0,6704309326596558; 0,8292877175845206; 0,7662869235500693; 0,1899637607857585; 0,567471997346729; 0,1411950676701963
0,7216782995810171; 0,7328011463396251; 0,5028516328893602; 0,24418245581910014; 0,18859972525388002; 0,2986678723245859; 0,10760007845237851; 0,19061563536524773; 0,2515621962957084; 0,6525874184444547; 0,8776333653368056
0,6404233177509263; 0,6886686384677887; 0,7629984519444406; 0,10260694846510887; 0,6241568303667009; 0,29255486093461514; 0,08600199175998569; 0,1872288128361106; 0,9534180895425379; 0,5961141288280487; 0,6812571668997407
0,6974075896276386; 0,9376095863990486; 0,6164617128670216; 0,8260720679536462; 0,29080406948924065; 0,5147708761505783; 0,6151783410459757; 0,5222435346804559; 0,37129337759688497; 0,6102248155511916; 0,8854286051355302
0,7202824989200864; 0,9065806427970529; 0,8692431412637234; 0,9965356760658324; 0,27967975195497274; 0,013976790010929108; 0,9072564290836453; 0,9412823282182217; 0,4936092207208276; 0,8850053595378995; 0,021502853371202946
0,8389163826621274; 0,2939227903261781; 0,8654896491207182; 0,2624612138606608; 0,3048939141444862; 0,9403843460604548; 0,6626542494632304; 0,4300314961001277; 0,3008005893789232; 0,33054435160011053; 0,8755327723920345
0,6513929057547827; 0,22931395890191197; 0,4875717177055776; 0,8613311676308513; 0,16415521642193198; 0,7017353670671582; 0,2598530105315149; 0,6181789096444845; 0,5185615690425038; 0,06492259819060564; 0,498607246670872
0,7744582237067582; 0,9051079559139907; 0,3805191512219608; 0,5242046569474041; 0,8594865850172937; 0,5771725433878601; 0,7465069093741477; 0,6642374312505126; 0,29849269473925233; 0,8226248873397708; 0,7049325010739267
0,6591605596753342; 0,2704206150956452; 0,34544924134388566; 0,21797657012939453; 0,1918069669045508; 0,6562470798380673; 0,5208490178920329; 0,8448229730129242; 0,229131069034338; 0,3846155982464552; 0,33575625717639923
0,7536482271995688; 0,7493370878510177; 0,7800187729299068; 0,08345965063199401; 0,8814496626146138; 0,9769425704143941; 0,275175838265568; 0,7429400118999183; 0,4188253926113248; 0,33730394672602415; 0,6230855956673622
0,8345222535314682; 0,664293437730521; 0,0028941440396010876; 0,6058267634361982; 0,06767291994765401; 0,7602052511647344; 0,18191412510350347; 0,05892727104946971; 0,5267031071707606; 0,6331118224188685; 0,00889589637517929
0,8388223645222543; 0,6374398497864604; 0,5852335556410253; 0,6682576714083552; 0,5641573849134147; 0,28727063070982695; 0,32687821751460433; 0,43351028859615326; 0,6076809610240161; 0,5255771465599537; 0,6535652903839946
0,7943410460429742; 0,1100841537117958; 0,005725238472223282; 0,9056230983696878; 0,7571063521318138; 0,685014377348125; 0,09079562919214368; 0,2809255737811327; 0,041769680101424456; 0,3026541438885033; 0,6589329722337425
0,7288670933506096; 0,7333868849091232; 0,22985966876149178; 0,636070896871388; 0,4571850234642625; 0,21493703965097666; 0,7990567684173584; 0,761770989280194; 0,9011813905090094; 0,8802964738570154; 0,3576442450284958
0,7756061092576257; 0,5125545118935406; 0,9782067793421447; 0,765286123380065; 0,9291739887557924; 0,8474679053761065; 0,48900376819074154; 0,9418927389197052; 0,9340083939023316; 0,6676937383599579; 0,6720518502406776
0,625292488441667; 0,6370413266122341; 0,5834496458992362; 0,31891926703974605; 0,6285371598787606; 0,6675941338762641; 0,8454061765223742; 0,6727218427695334; 0,20000742375850677; 0,6399295199662447; 0,11844691261649132
0,6266880696273925; 0,03343673003837466; 0,6500957161188126; 0,5891132014803588; 0,11430536489933729; 0,4366373950615525; 0,6759486757218838; 0,731318075209856; 0,748526485171169; 0,9168009026907384; 0,06452739797532558
0,7074035476973174; 0,09374287351965904; 0,3215350708924234; 0,1333669787272811; 0,0796828786842525; 0,9968499043025076; 0,17690588254481554; 0,17910335725173354; 0,03658832469955087; 0,47824703995138407; 0,10898915119469166
0,6520009973125346; 0,9780706325545907; 0,10951895825564861; 0,08302927576005459; 0,22750561265274882; 0,8359651104547083; 0,5044886125251651; 0,6219742279499769; 0,2955087083391845; 0,5704075838439167; 0,1357892956584692
0,818011660534585; 0,4383511268533766; 0,03226863732561469; 0,6689274371601641; 0,5681976643390954; 0,36988691985607147; 0,253471314907074; 0,10987550066784024; 0,15369382547214627; 0,9940071254968643; 0,6453721486032009
0,6217849921006482; 0,7437397558242083; 0,35567162465304136; 0,12201439123600721; 0,01087982952594757; 0,566092396620661; 0,6271061860024929; 0,3667843397706747; 0,08710252493619919; 0,8598631313070655; 0,17716911621391773
0,8390099410655637; 0,3610668438486755; 0,15858753630891442; 0,04026586748659611; 0,9386400198563933; 0,8517526187933981; 0,23435379937291145; 0,27401170739904046; 0,8846458988264203; 0,35694501269608736; 0,5847733439877629
0,8236083470970643; 0,995878154411912; 0,8615744644775987; 0,512981235049665; 0,5441368944011629; 0,981356093659997; 0,6516215610317886; 0,6931680934503675; 0,37355637224391103; 0,45910908468067646; 0,34042862337082624
0,6310924943333208; 0,48744663083925843; 0,1567869153805077; 0,11715011717751622; 0,47305642534047365; 0,30686435103416443; 0,4995614951476455; 0,5606963145546615; 0,15218684496358037; 0,11347725335508585; 0,4748918698169291
0,65503580222108; 0,7246670639142394; 0,20022191666066647; 0,2849988741800189; 0,642843043897301; 0,013852295000106096; 0,2344684386625886; 0,849296526517719; 0,9655874660238624; 0,6657999255694449; 0,6543911094777286
0,6204977462121058; 0,1468185200355947; 0,3407652722671628; 0,4511792557314038; 0,8983044936321676; 0,43689202703535557; 0,8533471976406872; 0,6654400830157101; 0,9559129900299013; 0,3554559159092605; 0,1533815460279584
0,8350623006201134; 0,36777150025591254; 0,11871979059651494; 0,7362906131893396; 0,7310219295322895; 0,8408362357877195; 0,9190208106301725; 0,7313850922510028; 0,1348872692324221; 0,9853648892603815; 0,18893357971683145
0,7797391292849183; 0,41540394350886345; 0,465020002797246; 0,5480546988546848; 0,32160215079784393; 0,5297239613719285; 0,6750986212864518; 0,29675741447135806; 0,7401821622624993; 0,8958396660163999; 0,8268304001539946
0,7132472743626095; 0,35356192477047443; 0,0118147823959589; 0,29260049806907773; 0,7520727100782096; 0,5117227951996028; 0,7008995776996017; 0,773742079269141; 0,22205155063420534; 0,7198460479266942; 0,48375457152724266
0,7356866236841869; 0,13749315962195396; 0,8472607275471091; 0,36917169531807303; 0,6177304200828075; 0,16662539634853601; 0,7579403426498175; 0,5529581247828901; 0,05679577263072133; 0,10758642479777336; 0,6055491995066404
0,7497404726821979; 0,3876351504586637; 0,24118647165596485; 0,4423335655592382; 0,7525238310918212; 0,25950678065419197; 0,5476621799170971; 0,1043434152379632; 0,9406484384089708; 0,7922633159905672; 0,8526523830369115
0,8411078984551293; 0,4505844172090292; 0,9400314344093204; 0,7073771478608251; 0,3353480356745422; 0,9150303332135081; 0,20883560925722122; 0,20790306851267815; 0,6701050004921854; 0,72971031954512; 0,23923370940610766
0,820528985855424; 0,7575513222254813; 0,041683491319417953; 0,7614773195236921; 0,052197225857526064; 0,7268924750387669; 0,936729425098747; 0,6761048161424696; 0,2803307077847421; 0,31545812590047717; 0,8338553118519485
0,8142755366255567; 0,8193706232123077; 0,5366045497357845; 0,8365764264017344; 0,7436846476048231; 0,48945539770647883; 0,008784911595284939; 0,6072688056156039; 0,2083523659966886; 0,1820056065917015; 0,8145347656682134
0,7118023575588663; 0,8925055782310665; 0,3907674145884812; 0,9583205189555883; 0,05820952309295535; 0,20054170163348317; 0,11663744179531932; 0,29363684775307775; 0,45106000639498234; 0,9539095810614526; 0,21763143595308065
0,8399872306756638; 0,1359655186533928; 0,579487590584904; 0,9779938599094748; 0,47225539246574044; 0,18133252207189798; 0,4416397693566978; 0,3953744163736701; 0,19265887374058366; 0,2548639574088156; 0,290355175267905
0,8370460982590083; 0,5808567646890879; 0,20698143215849996; 0,5133082019165158; 0,4273788183927536; 0,3786077653057873; 0,6919010430574417; 0,4526203558780253; 0,35169312031939626; 0,3492056168615818; 0,9203742779791355
0,7448787775438487; 0,4323150599375367; 0,4404517775401473; 0,01759932143613696; 0,008467210456728935; 0,05103768641129136; 0,46579032531008124; 0,47137689869850874; 0,17410683818161488; 0,6542318644933403; 0,1270432765595615
0,7153020328483886; 0,22436953568831086; 0,5292506832629442; 0,9866898888722062; 0,9506581164896488; 0,2883951533585787; 0,15625424729660153; 0,4081694898195565; 0,4083085637539625; 0,5142676909454167; 0,6590472017414868
0,7611537943840163; 0,18385694827884436; 0,4436027738265693; 0,7927574813365936; 0,8510324275121093; 0,49449601862579584; 0,4396184296347201; 0,16453855764120817; 0,09728233888745308; 0,8628056128509343; 0,9800860211253166
0,6677996346929378; 0,15913671301677823; 0,041258169803768396; 0,8167172400280833; 0,11486820224672556; 0,8610378028824925; 0,6630774564109743; 0,8548200754448771; 0,5269324672408402; 0,2382187475450337; 0,43596193427219987
0,8160300602640441; 0,1243762020021677; 0,6904619843699038; 0,3276555738411844; 0,8957568858750165; 0,2649414758197963; 0,8881834265775979; 0,7188462321646512; 0,8736551408655941; 0,015814985148608685; 0,10019735665991902
0,8373535652806482; 0,5756630511023104; 0,45288419676944613; 0,08204066706821322; 0,2258055778220296; 0,3742113634943962; 0,6775199845433235; 0,7365610664710402; 0,9655207833275199; 0,7943475190550089; 0,9123607464134693
0,8406750519891594; 0,18349169800058007; 0,7293270244263113; 0,6334460158832371; 0,7855407777242362; 0,1737376544624567; 0,24885319080203772; 0,8138165762647986; 0,819667010102421; 0,1748362318612635; 0,7043768260627985
0,6319335849424619; 0,8404179490171373; 0,6684531890787184; 0,5875244182534516; 0,6965234121307731; 0,28362194122746587; 0,12180280033499002; 0,783457547891885; 0,003091608639806509; 0,5755378003232181; 0,9987128465436399
0,7144007969467068; 0,6956016374751925; 0,9000381277874112; 0,775659719016403; 0,3972424133680761; 0,2502683433704078; 0,8785495976917446; 0,6685740030370653; 0,2619779873639345; 0,5566055034287274; 0,16482883738353848
0,8408752740684443; 0,7414599750190973; 0,476289892103523; 0,10312296310439706; 0,6256058430299163; 0,618560038972646; 0,588564864359796; 0,7451752810738981; 0,13615658646449447; 0,4464119477197528; 0,5211982107721269
0,8311505468013826; 0,14250600384548306; 0,8714639176614583; 0,9221049100160599; 0,0018496941775083542; 0,9992068936116993; 0,886142919305712; 0,4679533913731575; 0,7450963016599417; 0,13187221996486187; 0,06716279499232769
0,8181306839169991; 0,22477623540908098; 0,44707082118839025; 0,2559558697976172; 0,8615681058727205; 0,6955604320392013; 0,3450544308871031; 0,16490771481767297; 0,5421155169606209; 0,7191042439080775; 0,2942512175068259
0,8391937331326581; 0,8547442387789488; 0,06438898062333465; 0,06574440095573664; 0,976722467225045; 0,6470025447197258; 0,4191093095578253; 0,8678573681972921; 0,4622518136166036; 0,8670408339239657; 0,8885673508048058
0,6883333253607081; 0,3902580360881984; 0,646035177167505; 0,7924922076053917; 0,8808680716902018; 0,7407524297013879; 0,05102185718715191; 0,7539743627421558; 0,1442652135156095; 0,5913292421028018; 0,8953918358311057
0,6498209565082957; 0,02507672505453229; 0,33716812171041965; 0,7910025687888265; 0,9231044054031372; 0,687680502422154; 0,38957642624154687; 0,3156828796491027; 0,22449966240674257; 0,8408082337118685; 0,43364131078124046
0,7200221218677572; 0,7332922057248652; 0,2666695094667375; 0,4179541915655136; 0,11481427820399404; 0,43706281390041113; 0,032706079073250294; 0,6071304799988866; 0,6427273927256465; 0,8196782674640417; 0,13717087218537927
0,6492088936782308; 0,8699450069107115; 0,20931908302009106; 0,33734001126140356; 0,5957435881718993; 0,8904950842261314; 0,47466285713016987; 0,9414166393689811; 0,4891549916937947; 0,14631684450432658; 0,25624712742865086
0,7007757666326332; 0,7075165384449065; 0,009858577977865934; 0,5598791288211942; 0,019727214705199003; 0,3055150080472231; 0,48525858437642455; 0,3229335602372885; 0,19325797725468874; 0,8102233279496431; 0,49073525751009583
0,6784805588037891; 0,4383431524038315; 0,5405766312032938; 0,0773709355853498; 0,4123257673345506; 0,6386334761045873; 0,19278724351897836; 0,33722366811707616; 0,31129666790366173; 0,028730513993650675; 0,8864250504411757
0,8342412774684098; 0,08639719290658832; 0,8142401757650077; 0,00745832733809948; 0,5215560118667781; 0,3886631652712822; 0,13707081833854318; 0,3983092401176691; 0,7709636110812426; 0,36654246924445033; 0,7804709626361728
0,7825760083627658; 0,1216301852837205; 0,2057665935717523; 0,7669958411715925; 0,397371057420969; 0,3852564850822091; 0,24862385727465153; 0,20803832169622183; 0,5026569347828627; 0,8836650033481419; 0,9492563223466277
0,741877584513209; 0,7833219165913761; 0,2193374503403902; 0,3973439112305641; 0,5230788504704833; 0,44870893051847816; 0,4728602790273726; 0,8738895575515926; 0,09545340621843934; 0,6230819462798536; 0,5523169976659119
0,7081737526418347; 0,9159414861351252; 0,5601000781171024; 0,008029641583561897; 0,6676983195357025; 0,5958164925687015; 0,01466014003381133; 0,43904741760343313; 0,661690266802907; 0,04369788011536002; 0,05774495005607605
0,6700801234519319; 0,3310084668919444; 0,8479191274382174; 0,6759882136248052; 0,8807057272642851; 0,32321274327114224; 0,012408369220793247; 0,7593268393538892; 0,5514094969257712; 0,18220624886453152; 0,2672962974756956
0,7617603080446416; 0,6216765260323882; 0,35416449792683125; 0,3614114122465253; 0,45699174562469125; 0,8554550502449274; 0,8336391430348158; 0,6335697071626782; 0,234781626611948; 0,12144219130277634; 0,5004882449284196
0,8396076200923034; 0,683567020110786; 0,2782749170437455; 0,9342843717895448; 0,5691893640905619; 0,8082739738747478; 0,38003698410466313; 0,8983152504079044; 0,778386446647346; 0,3178952340967953; 0,38205785816535354
0,8414696061522349; 0,2285878648981452; 0,8731899904087186; 0,5121644963510334; 0,592280033044517; 0,5346026625484228; 0,11253223335370421; 0,4650021963752806; 0,11595591437071562; 0,28471445851027966; 0,1368861892260611
0,6192533075943533; 0,024276208598166704; 0,38167158886790276; 0,19276819843798876; 0,2692592805251479; 0,9563130037859082; 0,24011476431041956; 0,7767293299548328; 0,9507565917447209; 0,5025790482759476; 0,4859474953263998
0,8308299195014859; 0,02377893775701523; 0,8276697094552219; 0,1080582900904119; 0,3749151164665818; 0,9154368103481829; 0,160911378916353; 0,4937266749329865; 0,9508835347369313; 0,78718899236992; 0,42164735682308674
0,8412402933819565; 0,19613521778956056; 0,660414241719991; 0,2843609834089875; 0,6699187234044075; 0,21679914696142077; 0,10152503568679094; 0,05927367089316249; 0,35301608592271805; 0,4251870294101536; 0,5958661078475416
0,6261004951167218; 0,9519667415879667; 0,3215644774027169; 0,9662258783355355; 0,22825511312112212; 0,4070551753975451; 0,6709176716394722; 0,5316483513452113; 0,766896438319236; 0,041220617946237326; 0,6717572226189077
0,8414167649201021; 0,9507363755255938; 0,6756478594616055; 0,7983777751214802; 0,6472705341875553; 0,3030440569855273; 0,35310982866212726; 0,5204392438754439; 0,736771326046437; 0,3231553575024009; 0,13501984672620893
0,7861360624019904; 0,48045322578400373; 0,18131154915317893; 0,6803153958171606; 0,03649062057957053; 0,5194232002831995; 0,974969326518476; 0,11882522329688072; 0,6761319618672132; 0,9334175796248019; 0,6662787827663124
0,8413800904777403; 0,9301313739269972; 0,9562813024967909; 0,7220014105550945; 0,6039908388629556; 0,6140658687800169; 0,11987882805988193; 0,05801196815446019; 0,4219247866421938; 0,4196097762323916; 0,9619370605796576
0,8102665840427151; 0,21732825320214033; 0,2570466813631356; 0,464106144849211; 0,5526529126800597; 0,6772623867727816; 0,511702245566994; 0,5369037217460573; 0,8168085315264761; 0,4583195191808045; 0,005979424342513084
0,639619529862387; 0,11629799986258149; 0,11800248641520739; 0,7885064845904708; 0,9631957784295082; 0,7803252479061484; 0,44547892920672894; 0,4051522337831557; 0,05761260585859418; 0,8263243017718196; 0,9683764083310962
0,8092215170092318; 0,3146386155858636; 0,6380848633125424; 0,2486313092522323; 0,9557385486550629; 0,7669478976167738; 0,6654801783151925; 0,6547574945725501; 0,03850035788491368; 0,4703393876552582; 0,20404668292030692
0,731684493195338; 0,3888549404218793; 0,69834842113778; 0,5463245953433216; 0,3634441988542676; 0,37609341694042087; 0,897313519846648; 0,6927014389075339; 0,7196139302104712; 0,8960259836167097; 0,7000339506193995
0,8069051055231943; 0,6464015655219555; 0,8507701214402914; 0,20283451210707426; 0,16662119701504707; 0,35243935277685523; 0,8900901474989951; 0,7142204740084708; 0,6293014916591346; 0,19152953010052443; 0,20809897128492594
0,7427329301593392; 0,23297730460762978; 0,33172556664794683; 0,14526580832898617; 0,2486029122956097; 0,15301521122455597; 0,17760102776810527; 0,5351206273771822; 0,5850216089747846; 0,8267047475092113; 0,2669166079722345
0,7023110196164156; 0,12741805519908667; 0,6683440804481506; 0,4301501736044884; 0,560654766857624; 0,36346271354705095; 0,19806899409741163; 0,6861190292984247; 0,09772198973223567; 0,10617268038913608; 0,5517483986914158
0,786147761072613; 0,0386839285492897; 0,19798828940838575; 0,35114349192008376; 0,18648224882781506; 0,12474224669858813; 0,343420569319278; 0,16850166814401746; 0,9345340696163476; 0,5367638096213341; 0,5500364690087736
0,8200085964985558; 0,6902861669659615; 0,6971323364414275; 0,4416287983767688; 0,5183401834219694; 0,5068692020140588; 0,5376475430093706; 0,5508663114160299; 0,5242717079818249; 0,08625364257022738; 0,515684440266341
0,8005783373791046; 0,1415898771956563; 0,09142112173140049; 0,6464778026565909; 0,24534191004931927; 0,8904384705238044; 0,805761159863323; 0,5895656947977841; 0,8661127453669906; 0,6289650243707001; 0,3645180072635412
0,8014030508468191; 0,6464235871098936; 0,7043512696400285; 0,04389683669432998; 0,8703940669074655; 0,6046499935910106; 0,6729680774733424; 0,2500512935221195; 0,06135045364499092; 0,7736040120944381; 0,33902372838929296
0,739253779301247; 0,04869769653305411; 0,6529484800994396; 0,21851889789104462; 0,19990293635055423; 0,5212780456058681; 0,12405785173177719; 0,6849001948721707; 0,9828065000474453; 0,9265004000626504; 0,8825009358115494
0,6181372343574364; 0,8839363981969655; 0,8174620824865997; 0,2732657790184021; 0,9727305416017771; 0,3393096989020705; 0,6872483137995005; 0,30863995337858796; 0,5631603738293052; 0,18079046998172998; 0,9902234459295869
0,6185105549915212; 0,6682449853979051; 0,3819996449165046; 0,049450880382210016; 0,04525204049423337; 0,18920766841620207; 0,016679503954946995; 0,305283737834543; 0,9103702311404049; 0,6499282284639776; 0,5462191747501493
0,8068441554503666; 0,9887262568809092; 0,39346684794873; 0,8081418941728771; 0,9227925804443657; 0,9745286083780229; 0,29894624883309007; 0,5649546287022531; 0,6152716879732907; 0,6892638355493546; 0,7555395606905222
0,841390324850719; 0,342578053008765; 0,8444716576486826; 0,9597526611760259; 0,4260743334889412; 0,6362594207748771; 0,0008477275259792805; 0,39915518648922443; 0,5757090505212545; 0,24610047321766615; 0,5117117278277874
0,7429574028194915; 0,6114613967947662; 0,012450817041099072; 0,2444656314328313; 0,25497337337583303; 0,5968529768288136; 0,891724459361285; 0,4381740721873939; 0,12300415895879269; 0,8620449444279075; 0,473329218570143
0,834535734447962; 0,408097087405622; 0,6226819362491369; 0,20599767984822392; 0,17330692801624537; 0,5542469243519008; 0,32418861566111445; 0,5177058838307858; 0,27602361561730504; 0,8236753065139055; 0,44024490052834153
0,823333459354871; 0,7149411109276116; 0,7284686365164816; 0,5410932484082878; 0,39757117023691535; 0,8801103448495269; 0,7390489215031266; 0,1197363086976111; 0,26549049094319344; 0,8296686694957316; 0,9766115536913276
0,8331346675200269; 0,8625121149234474; 0,15519150532782078; 0,8532911012880504; 0,22323706606402993; 0,5375339221209288; 0,4837753181345761; 0,1706712762825191; 0,13326049270108342; 0,45416861632838845; 0,7958150994963944
0,7847472033075776; 0,4074408761225641; 0,6307844668626785; 0,9621555879712105; 0,9126610239036381; 0,9401638046838343; 0,5315930526703596; 0,00171378580853343; 0,7857357608154416; 0,3030810225754976; 0,4624162148684263
0,8343354976358177; 0,9573680670000613; 0,07424400513991714; 0,9172589126974344; 0,6075025876052678; 0,8681675964035094; 0,7514979322440922; 0,6250791540369391; 0,06397566292434931; 0,8052581939846277; 0,12425991613417864
0,8402246324325908; 0,5868650521151721; 0,5152207855135202; 0,4025977016426623; 0,012701262254267931; 0,44630499090999365; 0,8597441832534969; 0,24924151273444295; 0,24439814174547791; 0,2693207520060241; 0,34560083923861384
0,7083649742814846; 0,08470162935554981; 0,6778126298449934; 0,4687652876600623; 0,9207336101680994; 0,5292328051291406; 0,00972646800801158; 0,44945608731359243; 0,18917759647592902; 0,41076046228408813; 0,5070122601464391
0,6971368088815839; 0,5611221035942435; 0,8168414193205535; 0,5220761494711041; 0,35060578444972634; 0,9778292877599597; 0,8061192920431495; 0,48453334206715226; 0,18358358275145292; 0,3004064545966685; 0,42653686879202724
0,6378914778668536; 0,2580675003118813; 0,5881480667740107; 0,8808581079356372; 0,005952554289251566; 0,7768667000345886; 0,8382788905873895; 0,7878031996078789; 0,9755929871462286; 0,2265705382451415; 0,14875762397423387
0,8358991573658351; 0,522834334988147; 0,4934156034141779; 0,2552511300891638; 0,7504178923554718; 0,5283460267819464; 0,4767638794146478; 0,983636642806232; 0,8821918936446309; 0,41954865166917443; 0,47237563924863935
0,7443794112843871; 0,993259649258107; 0,6458401307463646; 0,9500673287548125; 0,8991547827608883; 0,1707815141417086; 0,13229337567463517; 0,43462775414809585; 0,9448682847432792; 0,09767828462645411; 0,8389731454662979
0,748497970288253; 0,6559108910150826; 0,2537799817509949; 0,3258225996978581; 0,6983010992407799; 0,35532002802938223; 0,6530833970755339; 0,7407804690301418; 0,06712549738585949; 0,9735021963715553; 0,8668546094559133
0,6957248682376721; 0,4986200933344662; 0,08968191873282194; 0,33211737172678113; 0,8441621870733798; 0,5445206672884524; 0,21500321431085467; 0,30591988004744053; 0,30592493200674653; 0,910960606765002; 0,549813755787909
0,8311878041957919; 0,26671253656968474; 0,5081416210159659; 0,8080333112739027; 0,27470237761735916; 0,21980963833630085; 0,08965486567467451; 0,008164927363395691; 0,8271106644533575; 0,7515472639352083; 0,29645599192008376
0,7755101071581966; 0,9435946089215577; 0,8095615697093308; 0,1465912670828402; 0,29049175372347236; 0,7540990570560098; 0,9547892981208861; 0,9101171670481563; 0,3059232938103378; 0,9176986594684422; 0,463101205881685
0,8397621461683973; 0,45681080082431436; 0,7363543077372015; 0,1428579781204462; 0,23975975438952446; 0,7656577662564814; 0,45520984986796975; 0,7620479660108685; 0,9703144659288228; 0,17425931245088577; 0,11393077485263348
0,8409745592839022; 0,45230191806331277; 0,7435881174169481; 0,44177549285814166; 0,222454939968884; 0,10712687252089381; 0,4766366365365684; 0,7899585110135376; 0,394812177401036; 0,10286754183471203; 0,2805760405026376
0,8412919815880473; 0,3445135704241693; 0,6821176796220243; 0,09880750114098191; 0,7535286135971546; 0,036279939115047455; 0,36571244057267904; 0,1171970828436315; 0,8911079517565668; 0,6257527358829975; 0,029997825156897306
0,6920452951899567; 0,11597212310880423; 0,021521056536585093; 0,1845553438179195; 0,2793872859328985; 0,8491215584799647; 0,8078548153862357; 0,09767569927498698; 0,43961588153615594; 0,6564577296376228; 0,10897069750353694
0,8220695151978343; 0,03817027295008302; 0,1728212353773415; 0,9106196779757738; 0,874196064658463; 0,9809007607400417; 0,15588213177397847; 0,23477326892316341; 0,7220099340192974; 0,6315803364850581; 0,7204853165894747
0,8343269988422041; 0,32924865325912833; 0,25264051649719477; 0,5943542579188943; 0,674528893083334; 0,7104986421763897; 0,6133240545168519; 0,22387015633285046; 0,981539505533874; 0,3393652830272913; 0,8636505450122058
0,8339862082811992; 0,5956615004688501; 0,3264655261300504; 0,003985738381743431; 0,11566852126270533; 0,432588926050812; 0,644811668433249; 0,5530267008580267; 0,45091869262978435; 0,923340025357902; 0,8525586957111955
0,632336178428455; 0,8067318345420063; 0,7797979544848204; 0,16487056808546185; 0,9802028778940439; 0,10686981678009033; 0,8537570694461465; 0,3383742165751755; 0,8491857782937586; 0,110996232368052; 0,7220434839837253
0,8391022008711353; 0,07192922150716186; 0,9184068767353892; 0,6553516509011388; 0,6315822349861264; 0,9852890339680016; 0,9477180945686996; 0,4915751088410616; 0,6498946007341146; 0,5212412080727518; 0,6085731387138367
0,6359636689188617; 0,3445112807676196; 0,022519978694617748; 0,004710004199296236; 0,7525565973483026; 0,09131051087751985; 0,05194925982505083; 0,6590941031463444; 0,3301648269407451; 0,2615140276029706; 0,17005192209035158
0,638368497685917; 0,314091679174453; 0,15968002332374454; 0,9938756381161511; 0,5650519425980747; 0,510296122636646; 0,6767196110449731; 0,15543581545352936; 0,5555282849818468; 0,10210224892944098; 0,3657297417521477
0,7291410204819535; 0,18057547137141228; 0,09734589699655771; 0,09454238275066018; 0,2792157777585089; 0,7195225665345788; 0,9915407407097518; 0,4767896723933518; 0,9125529839657247; 0,7717066220939159; 0,5815940950997174
0,6448746137659774; 0,6014735992066562; 0,6013501221314073; 0,15735223749652505; 0,655937073752284; 0,930575171019882; 0,9039068631827831; 0,5610968940891325; 0,4467260525561869; 0,30170908803120255; 0,5978386653587222
0,6578173824657888; 0,2162842070683837; 0,631078019272536; 0,040736562106758356; 0,8008372592739761; 0,0378320412710309; 0,8567480430938303; 0,7379354787990451; 0,42346024606376886; 0,11855269223451614; 0,3553558043204248
0,8409086748006906; 0,673108730930835; 0,9971378352493048; 0,16421052254736423; 0,7056817463599145; 0,6212381930090487; 0,26159541634842753; 0,14066523546352983; 0,6731762667186558; 0,46951716113835573; 0,5212165429256856
0,6356227633264367; 0,7041861903853714; 0,6959783243946731; 0,3506674077361822; 0,6827662670984864; 0,21207906026393175; 0,8461185991764069; 0,6664412533864379; 0,2914421739988029; 0,16479911468923092; 0,16598836425691843
0,8405499762906745; 0,373880994040519; 0,7894628080539405; 0,38941201986745; 0,7211961946450174; 0,32296146685257554; 0,2824119543656707; 0,6800481579266489; 0,08422026829794049; 0,1672193151898682; 0,010152775794267654
0,72684612667711; 0,06853370508179069; 0,4952245466411114; 0,13770568557083607; 0,9176496821455657; 0,6300751063972712; 0,9043661188334227; 0,7561385440640152; 0,4511171029880643; 0,7114887554198503; 0,45774404611438513
0,7976324638084042; 0,15115812700241804; 0,7151902629993856; 0,1313745705410838; 0,12588562490418553; 0,5833867164328694; 0,5893703317269683; 0,7205022382549942; 0,28482344187796116; 0,10654753167182207; 0,5429307725280523
0,8390263064955167; 0,6447282759472728; 0,7401850344613194; 0,5762186339125037; 0,9533488503657281; 0,21698546828702092; 0,42789290519431233; 0,8984641167335212; 0,4016539906151593; 0,2028107508085668; 0,04788243630900979
0,6433385772082619; 0,8998431679792702; 0,08643084019422531; 0,49850205797702074; 0,3864175919443369; 0,39183649607002735; 0,4447743119671941; 0,8807044210843742; 0,8769865059293807; 0,9999739355407655; 0,41557925334200263
0,6616766630107136; 0,14299704413861036; 0,8297149362042546; 0,8508067997172475; 0,6637478461489081; 0,3405375834554434; 0,7627733559347689; 0,41374168498441577; 0,6092029134742916; 0,6489540636539459; 0,29842643858864903
0,6744378499764753; 0,44723002798855305; 0,29861438646912575; 0,8952174643054605; 0,5168282720260322; 0,10928405169397593; 0,8465722920373082; 0,3586558843962848; 0,6628540381789207; 0,38989981077611446; 0,49130500853061676
0,7384227721113366; 0,6296694222837687; 0,5577088226564229; 0,4306137175299227; 0,14019781118258834; 0,07800734788179398; 0,6779110534116626; 0,15488080028444529; 0,1416961601935327; 0,9540856452658772; 0,02302865171805024
0,8414038023071941; 0,06426738714799285; 0,018440979532897472; 0,02396210888400674; 0,1691630743443966; 0,6413258714601398; 0,3914764244109392; 0,4376731375232339; 0,15710201486945152; 0,8853152589872479; 0,22335660550743341
0,6762230549363601; 0,07339981850236654; 0,5228369762189686; 0,2796115670353174; 0,06590727530419827; 0,3200943865813315; 0,06761108385398984; 0,9483071332797408; 0,09993605688214302; 0,7660825056955218; 0,635191323235631
0,6395128254662339; 0,44732066383585334; 0,7573651107959449; 0,914212048985064; 0,5932615944184363; 0,9762151753529906; 0,17845625802874565; 0,5328811658546329; 0,8796755163930357; 0,3185656666755676; 0,023631501477211714
0,7812214865934667; 0,8458601171150804; 0,666434021666646; 0,5859889010898769; 0,956452404614538; 0,4944707453250885; 0,05913173779845238; 0,5092487270012498; 0,6489993091672659; 0,4588436181657016; 0,38011204451322556
0,8394313091643538; 0,07270187558606267; 0,573059843853116; 0,31717382883653045; 0,2823945330455899; 0,7484288234263659; 0,5526352818123996; 0,3082000003196299; 0,37374505773186684; 0,15630311612039804; 0,40698797488585114
0,8414709844785488; 0,08653022116050124; 0,15512240724638104; 0,08349225902929902; 0,9938417165540159; 0,8698097290471196; 0,2865533400326967; 0,6291796653531492; 0,23696347931399941; 0,7355896909721196; 0,160083900205791
0,7689838754118835; 0,029752064030617476; 0,46237499732524157; 0,714966197963804; 0,2658820580691099; 0,6748418398201466; 0,16678001917898655; 0,8652297179214656; 0,11877869442105293; 0,6306011457927525; 0,10797397745773196
0,8291090525894458; 0,2322634058073163; 0,40037603210657835; 0,7434820090420544; 0,5224580112844706; 0,0770166045986116; 0,5510112657211721; 0,5857106526382267; 0,9307016716338694; 0,2763339225202799; 0,7026260555721819
0,640932554088911; 0,6802316568791866; 0,32488917745649815; 0,9831737847998738; 0,7004310498014092; 0,0061648013070225716; 0,05000300705432892; 0,48528664046898484; 0,7075837315060198; 0,07885850546881557; 0,49386555468663573
0,7136964859566929; 0,8672155137173831; 0,28945206105709076; 0,8678654315881431; 0,8070179419592023; 0,12460567709058523; 0,5948436199687421; 0,14735264983028173; 0,18349765334278345; 0,001767787616699934; 0,6476799240335822
0,7442698201838642; 0,276089399587363; 0,6412520399317145; 0,23071374651044607; 0,924904911313206; 0,7659970312379301; 0,16165495989844203; 0,577082734555006; 0,2897729864344001; 0,29780210880562663; 0,4595795082859695
0,7299317601654802; 0,2338720322586596; 0,018313434440642595; 0,680489307269454; 0,8861605525016785; 0,13103086315095425; 0,6415659771300852; 0,681208023801446; 0,5931603643111885; 0,9365668036043644; 0,6557900253683329
0,80210816137474; 0,0820366651751101; 0,2825998584739864; 0,6948140901513398; 0,09474065015092492; 0,06057280348613858; 0,5191170373000205; 0,8115293909795582; 0,8163664629682899; 0,8238337491638958; 0,4431975926272571
0,7540012827222479; 0,7398514151573181; 0,5293508963659406; 0,3853692230768502; 0,7193212388083339; 0,19900328991934657; 0,663013223093003; 0,9656947599723935; 0,3945264630019665; 0,8505083657801151; 0,6623806292191148
0,7795671752210231; 0,8779838769696653; 0,4759538546204567; 0,4657091721892357; 0,3192420909181237; 0,6755335424095392; 0,07977009005844593; 0,6498245191760361; 0,22144311014562845; 0,9166881660930812; 0,6291097146458924
0,8178276235172243; 0,8128108731471002; 0,42151428340002894; 0,8801959115080535; 0,16502359928563237; 0,34626762103289366; 0,439526601228863; 0,2097545675933361; 0,9129320364445448; 0,5922124376520514; 0,7531133117154241
0,6731517572748685; 0,39876692835241556; 0,13148939376696944; 0,4321891600266099; 0,8068064553663135; 0,019086103420704603; 0,4352996489033103; 0,12173699727281928; 0,5304223038256168; 0,5806301468983293; 0,5184801742434502
0,6923997603907495; 0,7924833013676107; 0,011422278825193644; 0,7132311011664569; 0,9164761938154697; 0,13198196003213525; 0,27665776992216706; 0,26465919194743037; 0,3485997710376978; 0,20739508140832186; 0,9189939363859594
0,7830669138425141; 0,6734421858564019; 0,1025641979649663; 0,562944982200861; 0,389924603048712; 0,9825047627091408; 0,9296584352850914; 0,5814036070369184; 0,3993796403519809; 0,7113826549611986; 0,6689014313742518
0,6198245910664276; 0,5318431034684181; 0,009329770691692829; 0,3642967459745705; 0,12405742146074772; 0,631577770691365; 0,7252493351697922; 0,9406100423075259; 0,9993690587580204; 0,148528553545475; 0,8197639174759388
0,796066670717276; 0,49693791195750237; 0,2055603191256523; 0,23509121779352427; 0,053249686025083065; 0,788188258651644; 0,0014384337700903416; 0,2919041560962796; 0,2820394695736468; 0,7096588206477463; 0,2779450472444296
0,8294242158368733; 0,8627735045738518; 0,03442696435377002; 0,8601475032046437; 0,6256325398571789; 0,5315759247168899; 0,00745947752147913; 0,2873656777665019; 0,640383368358016; 0,5006003244780004; 0,7788501069881022
0,6208293145785042; 0,032684100326150656; 0,167476165574044; 0,5702560069039464; 0,26000542007386684; 0,6477708336897194; 0,44682297110557556; 0,006050233729183674; 0,24421324068680406; 0,22336908942088485; 0,3662988650612533
0,7012291158395567; 0,21967069059610367; 0,12772306753322482; 0,42742556892335415; 0,12409407831728458; 0,7718408792279661; 0,4618831533007324; 0,26754234405234456; 0,4982073279097676; 0,006038624327629805; 0,5972404833883047
0,7825489387843939; 0,18770813941955566; 0,10429697250947356; 0,27585655450820923; 0,9755917363800108; 0,6472296616993845; 0,15292848320677876; 0,5830407957546413; 0,4314403859898448; 0,2983325091190636; 0,3515296299010515
0,6965448548706773; 0,8611012808978558; 0,14451311202719808; 0,5828633182682097; 0,13562324550002813; 0,4631034564226866; 0,643981964327395; 0,519377410877496; 0,3986389758065343; 0,49237361503764987; 0,2326777637936175
0,7667181755896815; 0,06675270572304726; 0,12386405887082219; 0,0008230414241552353; 0,7351148910820484; 0,09434392722323537; 0,6691925809718668; 0,016733555123209953; 0,22920998092740774; 0,08117097755894065; 0,242653489112854
0,6809677607869566; 0,49665170069783926; 0,16341167781502008; 0,006878649350255728; 0,7940373504534364; 0,5693323537707329; 0,07082496071234345; 0,021735013462603092; 0,9938413337804377; 0,5688971476629376; 0,559345546644181
0,7951774647085104; 0,032466985285282135; 0,584641195833683; 0,11503355903550982; 0,0954433255828917; 0,4310680120252073; 0,6343007846735418; 0,15695762308314443; 0,27693695295602083; 0,9835761575959623; 0,3332219198346138
0,6850182943396508; 0,05769709963351488; 0,3865446778945625; 0,7722917129285634; 0,8813299825415015; 0,7757792114280164; 0,004268697462975979; 0,38877748791128397; 0,45588432950899005; 0,47503080405294895; 0,7781601338647306
0,8365806786833944; 0,5731283682398498; 0,25171707617118955; 0,8935104296542704; 0,558205007109791; 0,84514842601493; 0,11256837379187346; 0,06902860198169947; 0,67126878304407; 0,6862041731365025; 0,22198388632386923
0,6202386302172849; 0,464498920366168; 0,12283417908474803; 0,9089828580617905; 0,3114550272002816; 0,4466986460611224; 0,9916310361586511; 0,5540592344477773; 0,12055773613974452; 0,7329052048735321; 0,6060347971506417
0,8123570668247684; 0,6301740296185017; 0,3459250614978373; 0,117927810177207; 0,6773042464628816; 0,5806819377467036; 0,7240933757275343; 0,13999079493805766; 0,5643860693089664; 0,22226424841210246; 0,43956847582012415
0,6909576630190026; 0,8779176780954003; 0,6772449030540884; 0,6515118395909667; 0,9158971863798797; 0,9469335195608437; 0,6290265107527375; 0,3006201242096722; 0,3994395132176578; 0,7711430583149195; 0,3593341335654259
0,8414487408741075; 0,7398897847160697; 0,8401518883183599; 0,3748864005319774; 0,9302917611785233; 0,10127366334199905; 0,42971952073276043; 0,9573022481054068; 0,1529863402247429; 0,34044398134574294; 0,15848244400694966
0,622269402350969; 0,32392005482688546; 0,14585441956296563; 0,2878076657652855; 0,9490485023707151; 0,7589872404932976; 0,32108007837086916; 0,45951951667666435; 0,12790502095595002; 0,5183134749531746; 0,26630691019818187
0,7961746258692536; 0,16191438771784306; 0,9807052980177104; 0,9929747539572418; 0,8739452599547803; 0,4364655762910843; 0,9069864358752966; 0,5463593802414834; 0,5095127583481371; 0,05455581145361066; 0,4012426598928869
0,763778600392392; 0,11610673414543271; 0,8955644560046494; 0,3240798762999475; 0,543686592951417; 0,3715347619727254; 0,6526657571084797; 0,2625540941953659; 0,6902090022340417; 0,03568948060274124; 0,03093143831938505
0,6498729250952343; 0,9408780294470489; 0,8012092020362616; 0,826924541965127; 0,5546592948958278; 0,59069565217942; 0,7279100101441145; 0,8835053164511919; 0,6195348068140447; 0,7114831013604999; 0,8065259228460491
0,7715186399294498; 0,2807667846791446; 0,08794466406106949; 0,7461723973974586; 0,7018451411277056; 0,9675108580850065; 0,9861226361244917; 0,4173935828730464; 0,7240207642316818; 0,22319571441039443; 0,3182700057514012
0,7539735764119306; 0,9078775006346405; 0,6060756626538932; 0,7263608849607408; 0,21944557828828692; 0,5224213553592563; 0,12911728816106915; 0,05705550592392683; 0,3566431934013963; 0,20557364216074347; 0,4776489483192563
0,7325922433355087; 0,6740638613700867; 0,5634824414737523; 0,6527778217568994; 0,8926400169730186; 0,19635525392368436; 0,62699074158445; 0,8957306062802672; 0,12691474566236138; 0,18990986421704292; 0,508122771512717
0,7500236205092234; 0,07430628500878811; 0,8450250211171806; 0,025010226760059595; 0,15222429763525724; 0,09435384487733245; 0,36051031248643994; 0,3851989395916462; 0,5228980267420411; 0,6300205239094794; 0,6844361028634012
0,784152762336143; 0,18366184923797846; 0,3069021562114358; 0,6484683849848807; 0,6933767329901457; 0,7353184134699404; 0,48226026305928826; 0,8005391675978899; 0,45630269031971693; 0,14895525900647044; 0,9638731125742197
0,680866479904659; 0,728179654572159; 0,2979924068786204; 0,39144661324098706; 0,5668209004215896; 0,3920540204271674; 0,3780344962142408; 0,6717956559732556; 0,8898465242236853; 0,414791798684746; 0,23944266652688384
0,7291482515396293; 0,2565580769442022; 0,7705068029463291; 0,813852263148874; 0,5493725999258459; 0,6345784026198089; 0,5978798191063106; 0,5497319637797773; 0,11326987482607365; 0,1382472855038941; 0,8112834966741502
0,631266544508255; 0,6035337699577212; 0,49050641525536776; 0,4944348055869341; 0,19673525402322412; 0,6320234341546893; 0,3244357677176595; 0,7159057916142046; 0,4264804581180215; 0,6852927142754197; 0,5527965659275651
0,7898697775498162; 0,08805641625076532; 0,08280315296724439; 0,7547485432587564; 0,4239067523740232; 0,17437087325379252; 0,6743728960864246; 0,8299337024800479; 0,5646854192018509; 0,6272396738640964; 0,06295100226998329
0,838424270343869; 0,4425776647403836; 0,6010832348838449; 0,6816269271075726; 0,3238873705267906; 0,2679655132815242; 0,8451923234388232; 0,5572286574169993; 0,5549217127263546; 0,003965913783758879; 0,17285544145852327
0,6766654323817212; 0,5861859302967787; 0,3872113567776978; 0,4862399138510227; 0,32074918830767274; 0,2740361890755594; 0,15287070535123348; 0,5437859641388059; 0,23993863677605987; 0,2649984434247017; 0,4433873170055449
0,8114708162860873; 0,3394711762666702; 0,059082978405058384; 0,9824758656322956; 0,522874231915921; 0,9374521672725677; 0,8776350440457463; 0,02548840455710888; 0,3581443508155644; 0,32700723642483354; 0,8402488734573126
0,649027769539412; 0,8903024145402014; 0,7604661574587226; 0,14461238961666822; 0,15420946292579174; 0,5780487037263811; 0,24898049142211676; 0,19234603410586715; 0,7718718154355884; 0,5072053759358823; 0,33899209974333644
0,8394741602535097; 0,5454050092957914; 0,5201590647920966; 0,7695386093109846; 0,8267007563263178; 0,6407313575036824; 0,40924113104119897; 0,6869093775749207; 0,40997864166274667; 0,9790399479679763; 0,6995911574922502
0,6181949003203501; 0,8397920052520931; 0,10991243785247207; 0,9591741971671581; 0,5189760997891426; 0,7140488061122596; 0,6998405400663614; 0,14733033161610365; 0,48739437852054834; 0,5815360406413674; 0,3866968918591738
0,7250147339747781; 0,9856203072704375; 0,6865482488647103; 0,7740592849440873; 0,31558242766186595; 0,12911150231957436; 0,5094616683200002; 0,00088487658649683; 0,0035315300337970257; 0,29388733208179474; 0,6565133272670209
0,6986405066991899; 0,4024886479601264; 0,3607901115901768; 0,9660646528936923; 0,8297797529958189; 0,9755578506737947; 0,2566859684884548; 0,21306766895577312; 0,5068514333106577; 0,532007419038564; 0,469374671112746
0,6189887606711882; 0,07463530404493213; 0,6066343681886792; 0,6226182831451297; 0,632651552092284; 0,41118840174749494; 0,5699630146846175; 0,06740637216717005; 0,10210051015019417; 0,43435019301250577; 0,7139498889446259
0,839560701638995; 0,6670521325431764; 0,6716620614752173; 0,2840588395483792; 0,8310060198418796; 0,38145673321560025; 0,3523774519562721; 0,8227765187621117; 0,8801971348002553; 0,7211153754033148; 0,2816474251449108
0,6723476263583884; 0,5653250012546778; 0,8296446767635643; 0,7059822827577591; 0,1773183299228549; 0,45937308901920915; 0,7404411314055324; 0,825474469922483; 0,8549967482686043; 0,3946909229271114; 0,7077692369930446
0,6243266045867436; 0,9588762032799423; 0,1514081172645092; 0,06751347705721855; 0,15487324679270387; 0,08457050658762455; 0,14897075342014432; 0,4482144950889051; 0,47749509243294597; 0,36695596762001514; 0,4276073179207742
0,6183930232322536; 0,9304425418376923; 0,48994108429178596; 0,6517805941402912; 0,46530403196811676; 0,07651819847524166; 0,03457932034507394; 0,46780228009447455; 0,9415824087336659; 0,3385297949425876; 0,5554117523133755
0,6973911492495413; 0,9630342721939087; 0,35723969666287303; 0,26122507732361555; 0,7136652357876301; 0,04623832833021879; 0,941971832420677; 0,30629304284229875; 0,4331950442865491; 0,8387613450177014; 0,057657737750560045
0,7956839993464746; 0,03284337557852268; 0,2860584738664329; 0,3403026261366904; 0,29891396360471845; 0,030358252581208944; 0,5875379778444767; 0,19244532007724047; 0,31495726434513927; 0,48133354308083653; 0,6664669676683843
0,8268967773367627; 0,7267699297517538; 0,8853151900693774; 0,36041990434750915; 0,10641354229301214; 0,8013666183687747; 0,05617548292502761; 0,44358632853254676; 0,519785962998867; 0,47729382384568453; 0,474328447598964
0,8119479276921859; 0,49257121747359633; 0,49417308811098337; 0,4795533223077655; 0,4337589219212532; 0,8497543265111744; 0,7163355029188097; 0,9294813475571573; 0,8294696868397295; 0,28021449502557516; 0,9980317908339202
0,8335454011012705; 0,5003934265114367; 0,5833177831955254; 0,20053130527958274; 0,20790445432066917; 0,47721069026738405; 0,29996121721342206; 0,805526765063405; 0,20015657087787986; 0,10510769067332149; 0,016324773896485567
0,7669603170356406; 0,4469098481349647; 0,66890585469082; 0,9462605817243457; 0,6000251704826951; 0,6864740266464651; 0,9358178097754717; 0,9286757158115506; 0,6742243375629187; 0,8924058224074543; 0,52161536924541
0,8379862094793853; 0,5224228529259562; 0,9023078577592969; 0,6538239382207394; 0,4043773077428341; 0,0560472859069705; 0,02151170140132308; 0,6651020771823823; 0,9048976772464812; 0,13213420985266566; 0,16421700082719326
0,6779204702712985; 0,6320339436642826; 0,4893910293467343; 0,7510963957756758; 0,7312932331115007; 0,49199230037629604; 0,2670155200175941; 0,731226438190788; 0,688608780503273; 0,33189693931490183; 0,786027573980391
0,6414893113358658; 0,9961201068945229; 0,04660351388156414; 0,899921711999923; 0,9044575914740562; 0,08069506473839283; 0,43588249757885933; 0,5087795862928033; 0,19246009970083833; 0,40159250143915415; 0,6501153302378953
0,8027375780440275; 0,8716387660242617; 0,7811592118814588; 0,8360156961716712; 0,1212696498259902; 0,8645686060190201; 0,7963765603490174; 0,2064815340563655; 0,463555078022182; 0,032996976282447577; 0,22340263379737735
0,8413943545344363; 0,8273051856085658; 0,9690896836109459; 0,38703404972329736; 0,8663939600810409; 0,3620303152129054; 0,09335306100547314; 0,8143594949506223; 0,32722131395712495; 0,49756052950397134; 0,27487312676385045
0,7797560032216815; 0,3469276917167008; 0,17706376034766436; 0,3214375274255872; 0,8947719209827483; 0,24224849976599216; 0,6982026062905788; 0,6767246965318918; 0,2169087864458561; 0,08737306063994765; 0,3106300481595099
0,7032898617314903; 0,048224472906440496; 0,005837420001626015; 0,903866802342236; 0,5121145956218243; 0,29708066303282976; 0,7225913745351136; 0,2534961346536875; 0,047759425826370716; 0,17091292794793844; 0,30717270635068417
0,841299284616233; 0,15558756748214364; 0,8969638724811375; 0,7887455890886486; 0,5660310322418809; 0,07033500168472528; 0,05038434872403741; 0,6143496227450669; 0,21212573861703277; 0,1859348569996655; 0,05357983848080039
0,6342822799513733; 0,630838034208864; 0,9709695503115654; 0,1153395650908351; 0,6670444388873875; 0,9967022622004151; 0,5485032396391034; 0,6557693816721439; 0,08971301885321736; 0,8402349669486284; 0,058600197080522776
0,702110394298365; 0,6729684681631625; 0,005506552290171385; 0,107286861166358; 0,08633951097726822; 0,5254849344491959; 0,7526303599588573; 0,38403303641825914; 0,6497243950143456; 0,06286192685365677; 0,6993496823124588
0,7747610941091061; 0,6863323240540922; 0,6654030461795628; 0,028024759143590927; 0,9393144170753658; 0,7665520454756916; 0,8151026852428913; 0,7028740392997861; 0,9593593585304916; 0,8381277066655457; 0,3249439303763211
0,8386696367983616; 0,6108876685611904; 0,6770603130571544; 0,024324193131178617; 0,15647422801703215; 0,6756910905241966; 0,6211363528855145; 0,2853974662721157; 0,0813555670902133; 0,4098932147026062; 0,8757839212194085
0,782194472576917; 0,8378340443596244; 0,36953421123325825; 0,2517388667911291; 0,2274407190270722; 0,05523933516815305; 0,6190073052421212; 0,31402009120211005; 0,6518061100505292; 0,5371949234977365; 0,6789019298739731
0,7717865640740758; 0,8753154058940709; 0,6273140730336308; 0,021201571449637413; 0,7980145034380257; 0,532324202824384; 0,5818153973668814; 0,9776692930608988; 0,38657648442313075; 0,8485508048906922; 0,7618029415607452
0,6521988602644272; 0,48712705075740814; 0,6679109716787934; 0,6554503659717739; 0,28132686810567975; 0,5886393319815397; 0,8621137356385589; 0,14942973759025335; 0,27895281044766307; 0,34887042874470353; 0,12245681183412671
0,7706072044124032; 0,1875290614552796; 0,24206680757924914; 0,09384405054152012; 0,7975113871507347; 0,9498886871151626; 0,05698193283751607; 0,15219875425100327; 0,6522226752713323; 0,04398377658799291; 0,717179165687412
0,8051376624541513; 0,13283211970701814; 0,26993754087015986; 0,3571446859277785; 0,14802861865609884; 0,048910234589129686; 0,6095663150772452; 0,6639555809088051; 0,6433312157168984; 0,5082887522876263; 0,4830044894479215
0,6875926890100786; 0,08498040167614818; 0,22864303179085255; 0,2514251689426601; 0,04596924316138029; 0,07883078884333372; 0,4260596167296171; 0,7767149400897324; 0,910702386405319; 0,5601035091094673; 0,4511393094435334
0,8406471850858942; 0,013811931479722261; 0,9532548147253692; 0,42381002753973007; 0,9431696361862123; 0,7299568890593946; 0,04457981185987592; 0,5666290516965091; 0,9866560269147158; 0,7094953041523695; 0,9458928653039038
0,766806280738334; 0,08597744815051556; 0,25065413396805525; 0,9957611435092986; 0,23549208883196115; 0,24500651890411973; 0,1579738068394363; 0,5299650449305773; 0,9501044331118464; 0,03325990168377757; 0,6546862553805113
0,6382516969380021; 0,4950543511658907; 0,3631728421896696; 0,2877541705965996; 0,1347284410148859; 0,5094242128543556; 0,09819438261911273; 0,010217896196991205; 0,7995538376271725; 0,007952644024044275; 0,0001789666712284088
0,8387670084390735; 0,9351698290556669; 0,3672416605986655; 0,07898191688582301; 0,2880067531950772; 0,614646555390209; 0,8691093833185732; 0,04232489364221692; 0,5802758866921067; 0,7629873882979155; 0,9512002863921225
0,647023051780904; 0,3383735353127122; 0,6457439078949392; 0,9937722352333367; 0,015597140416502953; 0,6636520340107381; 0,4638196798041463; 0,7177750528790057; 0,2681939355097711; 0,7695362372323871; 0,33292595902457833
0,8386993044690387; 0,8889977810904384; 0,8941627000458539; 0,13960711658000946; 0,6369964773766696; 0,9143137880600989; 0,19109556870535016; 0,9757254244759679; 0,7908068709075451; 0,6355705377645791; 0,8093214901164174
0,6504003493986582; 0,4940168932080269; 0,15552935330197215; 0,13819909607991576; 0,5682309339754283; 0,31982552725821733; 0,944295343477279; 0,8548525213263929; 0,9654100104235113; 0,6532569457776845; 0,7350158803164959
0,7067871299747747; 0,857185750734061; 0,01721706846728921; 0,4879953181371093; 0,5670608840882778; 0,8055249368771911; 0,5338672338984907; 0,6221760241314769; 0,3500598636455834; 0,12836784776300192; 0,9552689986303449
0,8414596737231551; 0,3595921853557229; 0,9103026171214879; 0,17444954998791218; 0,736907968763262; 0,5678079351782799; 0,20426925597712398; 0,3604338667355478; 0,8180956924334168; 0,6195339383557439; 0,9896846720948815
0,646477738144498; 0,5441790325567126; 0,18073034100234509; 0,4950042297132313; 0,3595863226801157; 0,6727622719481587; 0,6281354492530227; 0,1056022304110229; 0,1640150542370975; 0,3303903751075268; 0,6189392586238682
0,8375320891941233; 0,7534143207594752; 0,062286986503750086; 0,9693124596960843; 0,9382783155888319; 0,8115914203226566; 0,32019356079399586; 0,5582000594586134; 0,905074960552156; 0,040015611331909895; 0,609168958850205
0,8401973819443972; 0,1415547877550125; 0,33225582633167505; 0,6737834168598056; 0,6464681942015886; 0,40617832727730274; 0,27507437113672495; 0,011196938343346119; 0,31819958006963134; 0,9233279069885612; 0,941790965385735
0,8407997649203957; 0,11431809095665812; 0,878716157283634; 0,953195792157203; 0,7991734631359577; 0,8058740231208503; 0,7014906541444361; 0,3881354797631502; 0,10835726978257298; 0,7276099380105734; 0,6831829170696437
0,8351643168681211; 0,16787939192727208; 0,8549219970591366; 0,26634366158396006; 0,7610862916335464; 0,22244245558977127; 0,009008707012981176; 0,248363156337291; 0,28656475618481636; 0,9959031431935728; 0,5620812573470175
0,721122875969152; 0,07899207947775722; 0,7450135773979127; 0,8602496953681111; 0,4648917927406728; 0,642334605101496; 0,8245172402821481; 0,7721525249071419; 0,6678307107649744; 0,5622821133583784; 0,7532345908693969
0,6449019326722994; 0,35422304971143603; 0,28084406815469265; 0,2688755625858903; 0,10746074328199029; 0,20264299772679806; 0,3721467908471823; 0,7003136691637337; 0,7369752889499068; 0,5515211801975965; 0,9769717762246728
0,7251978444988672; 0,4682306135073304; 0,6009020679630339; 0,5899318875744939; 0,7291207392700016; 0,13798746559768915; 0,12118034111335874; 0,6505886279046535; 0,13253329554572701; 0,6060913219116628; 0,6620026296004653
0,7233894283350684; 0,4100827411748469; 0,14757063891738653; 0,974039628636092; 0,5987877193838358; 0,16194757912307978; 0,20382619043812156; 0,09403377119451761; 0,8189640287309885; 0,3222145205363631; 0,03776198998093605
0,7708161641503777; 0,519341079518199; 0,41302284179255366; 0,8682402675040066; 0,5062409709207714; 0,5946313804015517; 0,18698393367230892; 0,8421548786573112; 0,6224245615303516; 0,7817405769601464; 0,08713166136294603
0,8311332049590949; 0,4805795671418309; 0,36639539571478963; 0,5783853251487017; 0,9421179508790374; 0,6892304229550064; 0,5516003714874387; 0,5674551697447896; 0,08515594992786646; 0,18255226407200098; 0,05802658386528492
0,715089589885245; 0,7334787682630122; 0,7861977741122246; 0,23038742365315557; 0,888128686696291; 0,44563588919118047; 0,5965150259435177; 0,4686982515268028; 0,46713596722111106; 0,6751127108000219; 0,6171217914670706
0,7811250138127811; 0,05582112120464444; 0,7883642772212625; 0,7713251798413694; 0,5205487832427025; 0,8439458943903446; 0,5016009975224733; 0,9140263651497662; 0,47003425331786275; 0,7747027869336307; 0,0024331696331501007
0,8365494637850455; 0,02112148329615593; 0,8660378800705075; 0,5543311699293554; 0,46146108908578753; 0,19804552849382162; 0,2938806018792093; 0,5125365485437214; 0,9060292826034129; 0,3009681338444352; 0,8503483459353447
0,841395533449022; 0,9664483210071921; 0,6160407331772149; 0,6931001986376941; 0,921547360252589; 0,33002248918637633; 0,43433279590681195; 0,650572033599019; 0,10117067024111748; 0,6834728382527828; 0,26313882740214467
0,6450232514984037; 0,7273433622904122; 0,5642031482420862; 0,993688402697444; 0,33232458075508475; 0,4664150425232947; 0,6057933713309467; 0,466740382835269; 0,7281734105199575; 0,9824317446909845; 0,7913384693674743
0,7716353050425385; 0,3676395732909441; 0,6565878689289093; 0,33698511123657227; 0,2107093925587833; 0,5287448856979609; 0,6228154539130628; 0,9258924797177315; 0,313175052870065; 0,03795470204204321; 0,06429061479866505
0,665836413130362; 0,781071181409061; 0,9649306973442435; 0,2663810788653791; 0,9968588910996914; 0,6078638946637511; 0,25326766073703766; 0,5362684726715088; 0,903126030229032; 0,6071384735405445; 0,4198110313154757
0,839263385594107; 0,6479204781353474; 0,8503969726152718; 0,1572940479964018; 0,525157870259136; 0,8206349918618798; 0,5861575286835432; 0,6098756892606616; 0,6237146928906441; 0,8938267421908677; 0,001483327243477106
0,6559215153947835; 0,6068424903787673; 0,35573351476341486; 0,19153251871466637; 0,22192905377596617; 0,4530831226147711; 0,6403477438725531; 0,8189276233315468; 0,4158075484447181; 0,9496721760369837; 0,2485105819068849
0,6996344203234959; 0,778048625215888; 0,24335849983617663; 0,12876096600666642; 0,9286069236695766; 0,3581429976038635; 0,001107888761907816; 0,5741226603277028; 0,7112389733083546; 0,5920158317312598; 0,8216563491150737
0,6532373052798078; 0,5483692302368581; 0,6419249605387449; 0,2576576448045671; 0,3210360831581056; 0,8150265906006098; 0,8650001557543874; 0,2017506519332528; 0,10544403549283743; 0,9025666709057987; 0,7425195230171084
0,6758865228355546; 0,6362140262499452; 0,2959545631892979; 0,8457220974378288; 0,787469957023859; 0,6152007156051695; 0,7911059842444956; 0,10216997051611543; 0,4327444056980312; 0,11567350244149566; 0,9712374890223145
0,8279815925360287; 0,8627623924985528; 0,9435286759398878; 0,04624697333201766; 0,9208427099511027; 0,8502596989274025; 0,4386581094004214; 0,7992535685189068; 0,7730496758595109; 0,2859561978839338; 0,4003632771782577
0,6926700112109377; 0,4569147718138993; 0,5205771690234542; 0,43355873553082347; 0,9716364876367152; 0,3051423546858132; 0,9321988238953054; 0,4237988945096731; 0,4904045960865915; 0,8605834865011275; 0,09194190055131912
0,6546447052691035; 0,5460150605067611; 0,6810107016935945; 0,04351937910541892; 0,3202985976822674; 0,9010407412424684; 0,9896695469506085; 0,8433431554585695; 0,49226590618491173; 0,8037836658768356; 0,9039718355052173
0,6856286643112401; 0,10450643580406904; 0,29897031327709556; 0,6544061629101634; 0,08121684193611145; 0,036858892533928156; 0,056349772959947586; 0,5672809686511755; 0,81527992291376; 0,6406357041560113; 0,8028426892124116
0,8315843099179259; 0,5917825875803828; 0,9680491168983281; 0,3435011086985469; 0,6380060422234237; 0,803816108033061; 0,671793453861028; 0,5028867125511169; 0,5000256942585111; 0,47702588327229023; 0,01814290089532733
0,8306539398654906; 0,4220243627205491; 0,8788711125962436; 0,4124982482753694; 0,26968751288950443; 0,404031396843493; 0,4142720000818372; 0,7845308440737426; 0,8599319830536842; 0,8067874670960009; 0,7864594170823693
0,8154827253638841; 0,7262250003404915; 0,25073955534026027; 0,7647593906149268; 0,6281177862547338; 0,33933747466653585; 0,5803271788172424; 0,42390687111765146; 0,6800091899931431; 0,05852490570396185; 0,10129335103556514
0,7496059670589215; 0,3609577710740268; 0,3549304879270494; 0,5550090251490474; 0,8962880847975612; 0,5181694230996072; 0,22678844537585974; 0,11204700218513608; 0,38168483041226864; 0,8227653969079256; 0,6234082612209022
0,819893717973997; 0,9833217379637063; 0,16838540229946375; 0,997700538020581; 0,865787644404918; 0,9413359006866813; 0,0015179235488176346; 0,7102721831761301; 0,29146146308630705; 0,37622806429862976; 0,4843288790434599
0,8280445102455095; 0,4221321502700448; 0,8069078018888831; 0,1796634392812848; 0,6887130085378885; 0,35704710287973285; 0,100213716737926; 0,77694371342659; 0,04917088383808732; 0,4260722859762609; 0,2862660107202828
0,8002279300486308; 0,6289345514960587; 0,11957993311807513; 0,9176701549440622; 0,900358478538692; 0,2852367148734629; 0,6921935523860157; 0,21931647462770343; 0,19318991573527455; 0,325157028157264; 0,49571090983226895
0,6708328975980714; 0,4303867178969085; 0,972304861061275; 0,2558724242262542; 0,03673774842172861; 0,03463341388851404; 0,7121453532017767; 0,9389612614177167; 0,7700990615412593; 0,13280565664172173; 0,9306162064895034
0,689113287628809; 0,880650747101754; 0,04702085116878152; 0,8174164458177984; 0,8500809255056083; 0,6679851748049259; 0,915026088245213; 0,16845699027180672; 0,01791059458628297; 0,6549668000079691; 0,705892107449472
0,7391388222811063; 0,37702875677496195; 0,7967011644504964; 0,20160136837512255; 0,17953372793272138; 0,42018310260027647; 0,022807177621871233; 0,8426134865731001; 0,33062686398625374; 0,7114986232481897; 0,026453077793121338
0,7694028303435593; 0,4849922591820359; 0,2165867849253118; 0,6521987784653902; 0,5510258502326906; 0,6976462979800999; 0,08041809406131506; 0,0021278169006109238; 0,05340247042477131; 0,47196997608989477; 0,8705771705135703
0,6274811671081426; 0,5179549185559154; 0,8404352883808315; 0,21149983257055283; 0,09760751482099295; 0,35023546917364; 0,7238189727067947; 0,6627679956145585; 0,33929041493684053; 0,2739815507084131; 0,621786720585078
0,6772308022866116; 0,4344504810869694; 0,892761945258826; 0,7491749599575996; 0,2900408720597625; 0,8983539417386055; 0,38155666599050164; 0,5699143633246422; 0,8520159120671451; 0,9175987304188311; 0,9055561269633472
0,7646946478549709; 0,3468468664214015; 0,43101617228239775; 0,7320066494867206; 0,7888230700045824; 0,7756890314631164; 0,06849727826192975; 0,5517203561030328; 0,7773168808780611; 0,6143204849213362; 0,7689488776959479
0,6227192941242513; 0,6478514289483428; 0,5741134500131011; 0,18694017082452774; 0,1470297398045659; 0,2994640567339957; 0,09278000006452203; 0,8850653795525432; 0,8589751101098955; 0,8560321545228362; 0,8066535955294967
0,7259500391127063; 0,6885489532724023; 0,2656745910644531; 0,7215730436146259; 0,438436530996114; 0,8909950549714267; 0,7276191553100944; 0,7953208475373685; 0,31737439474090934; 0,46098251221701503; 0,891259822063148
0,8375562940007009; 0,9942019418813288; 0,33019738970324397; 0,2089521181769669; 0,6139032267965376; 0,2591479867696762; 0,16108976397663355; 0,9513560091145337; 0,15783003950491548; 0,8393605877645314; 0,08769523864611983
0,8413177469421304; 0,519135741982609; 0,5661751367151737; 0,26726926304399967; 0,7933459174819291; 0,49574560252949595; 0,41350544057786465; 0,4481742102652788; 0,48466707253828645; 0,2957423906773329; 0,9733348581939936
0,7233944296654314; 0,3413912239484489; 0,7019352307543159; 0,33907410269603133; 0,7995964135043323; 0,6913059642538428; 0,5717635434120893; 0,6594793484546244; 0,9685402191244066; 0,5511971395462751; 0,9020569608546793
0,6196373273558475; 0,820565443020314; 0,7129616984166205; 0,8779782806523144; 0,4297290900722146; 0,22598041780292988; 0,6662256047129631; 0,3234473345801234; 0,1620206106454134; 0,8731495263054967; 0,1048713861964643
0,6993185452903983; 0,13919880241155624; 0,8528889832086861; 0,1950011751614511; 0,9262753063812852; 0,8592236433178186; 0,7176581681706011; 0,8592587155289948; 0,20387636311352253; 0,3712346968241036; 0,16537081683054566
0,7045658276412555; 0,19820554601028562; 0,558091975748539; 0,5943191284313798; 0,11755421152338386; 0,7527135270647705; 0,7146875122562051; 0,019559745211154222; 0,8535879803821445; 0,5813022530637681; 0,5475317710079253
0,7287148236232199; 0,5305407089181244; 0,4737092759460211; 0,4269351395778358; 0,7261136299930513; 0,6995891956612468; 0,8832206996157765; 0,822639515157789; 0,49802902853116393; 0,05541970254853368; 0,22660282300785184
0,6702015767663025; 0,17788965348154306; 0,6439451216720045; 0,8335745190270245; 0,9821269121021032; 0,5310589140281081; 0,9372791131027043; 0,07212753128260374; 0,5502727217972279; 0,5659334836527705; 0,9502296978607774
0,7367620945591337; 0,33996785851195455; 0,18282465217635036; 0,7171341399662197; 0,33670289255678654; 0,25484516797587276; 0,009632113855332136; 0,020338949747383595; 0,763808969873935; 0,4310800405219197; 0,842104434967041
0,8164217970383025; 0,4549140501767397; 0,9437421392649412; 0,26711497362703085; 0,19829471223056316; 0,9358162484131753; 0,8383252490311861; 0,6234174822457135; 0,718681437894702; 0,8288905038498342; 0,8760590818710625
0,7941482095122409; 0,7375333234667778; 0,8372113406658173; 0,5761118135415018; 0,34646586747840047; 0,5719469632022083; 0,8736855406314135; 0,6763418936170638; 0,48302575573325157; 0,6950049004517496; 0,12516856007277966
0,625098090213547; 0,6614850228652358; 0,9303617076948285; 0,006134308874607086; 0,47165844589471817; 0,4113882998935878; 0,9044386553578079; 0,463621495757252; 0,9775401996448636; 0,0900707421824336; 0,7285025250166655
0,7720654108389036; 0,6990760993212461; 0,284497931599617; 0,16296950494870543; 0,41659173276275396; 0,42335951095446944; 0,5097895786166191; 0,41073821671307087; 0,17890368029475212; 0,29108351608738303; 0,7656977861188352
0,8230447820919902; 0,6148170260712504; 0,8356526605784893; 0,7406015861779451; 0,36853025294840336; 0,9052032623440027; 0,3486449555493891; 0,14507377380505204; 0,7672233413904905; 0,9720792607404292; 0,6546643972396851
0,7629932602654799; 0,6208905666135252; 0,1246103192679584; 0,21643147012218833; 0,3170045306906104; 0,3541114255785942; 0,4643088011071086; 0,0026840222999453545; 0,4074058420956135; 0,04225547285750508; 0,6018756600096822
0,8366090634894471; 0,8944041943177581; 0,8182255132123828; 0,31712590903043747; 0,43033200968056917; 0,21445904672145844; 0,37170716607943177; 0,46240718802437186; 0,2875518803484738; 0,2820649277418852; 0,3382654911838472
0,7994725478339876; 0,1368132089264691; 0,5087085776031017; 0,3815530179999769; 0,9460187712684274; 0,8778815199621022; 0,7113669803366065; 0,7385321026667953; 0,24200880946591496; 0,23415622301399708; 0,42409493355080485
0,6353791473039763; 0,3251241333782673; 0,7968769962899387; 0,47673682076856494; 0,6118028527125716; 0,080130519811064; 0,8487200262024999; 0,9689235161058605; 0,6135983164422214; 0,5737333837896585; 0,4019914618693292
0,8401239741841213; 0,768457053694874; 0,9948383057489991; 0,4271498564630747; 0,3002358106896281; 0,26810402516275644; 0,837242248468101; 0,4615418533794582; 0,8451729244552553; 0,5549502256326377; 0,9577408959157765
0,8382666293725338; 0,7484308150596917; 0,5505937798880041; 0,5443620570003986; 0,042906688526272774; 0,48973872419446707; 0,4259553379379213; 0,23632139153778553; 0,9068553373217583; 0,409600249491632; 0,36967591382563114
0,6530029636397565; 0,6226324872113764; 0,29213280137628317; 0,9954960918985307; 0,7249866612255573; 0,003790877293795347; 0,009931000415235758; 0,2336109448224306; 0,28087650798261166; 0,5209727273322642; 0,8133086776360869
0,839383310353909; 0,5186757887713611; 0,9939796761609614; 0,5386053416877985; 0,9974943599663675; 0,26700306590646505; 0,06993410317227244; 0,5382981784641743; 0,6636587837710977; 0,24477895069867373; 0,08976616244763136
0,6201574290316668; 0,9398047425784171; 0,45948865031823516; 0,018836305011063814; 0,7684854636900127; 0,5478207748383284; 0,9395077871158719; 0,39991352753713727; 0,470462707336992; 0,10531307617202401; 0,9656191626563668
0,8117669461676759; 0,5856472053565085; 0,42417758284136653; 0,8504392714239657; 0,7204447891563177; 0,29584782337769866; 0,5655298735946417; 0,9765718672424555; 0,2270766720175743; 0,5830899430438876; 0,19386695604771376
0,8414161321524628; 0,8113756803795695; 0,9734406564384699; 0,2764776279218495; 0,4893117444589734; 1,0028481483459473E-05; 0,386975422501564; 0,11449926625937223; 0,4889505337923765; 0,47430765349417925; 0,6095470362342894
0,8185306291095205; 0,9948749290779233; 0,8608066379092634; 0,7691470980644226; 0,012111946940422058; 0,4850344378501177; 0,31181621737778187; 0,7397396638989449; 0,44014695612713695; 0,3325132364407182; 0,5140800322405994
0,656278317242242; 0,7583888452500105; 0,845088763628155; 0,4426668514497578; 0,15386365167796612; 0,7910416219383478; 0,6810066509060562; 0,2892219149507582; 0,44359768368303776; 0,7125285128131509; 0,666970887221396
0,6680634308636174; 0,7000896544195712; 0,7433246248401701; 0,29663995699957013; 0,085041091311723; 0,43013208406046033; 0,5217837239615619; 0,2945720939897001; 0,45540674589574337; 0,9495963514782488; 0,9194896910339594
0,7964408344631564; 0,9124188274145126; 0,19366150395944715; 0,02840075735002756; 0,9442388135939837; 0,7279101144522429; 0,08208360057324171; 0,21982390712946653; 0,022814351599663496; 0,4902082299813628; 0,44923553988337517
0,839103267893954; 0,4698101272806525; 0,7710658838041127; 0,29246662417426705; 0,18909143097698689; 0,3855208531022072; 0,5102998963557184; 0,1892637456767261; 0,2586601641960442; 0,6664218851365149; 0,1904224520549178
0,8388652789676833; 0,6126270485110581; 0,38463512947782874; 0,11103563290089369; 0,8170658783055842; 0,8936981847509742; 0,23808258771896362; 0,27835863223299384; 0,8093985537998378; 0,3805228625424206; 0,7965116249397397
0,7786822364270133; 0,6013022502884269; 0,9502321816980839; 0,8616855945438147; 0,3380325920879841; 0,722718576900661; 0,3513640738092363; 0,24769051279872656; 0,13506560306996107; 0,7329626246355474; 0,45471456879749894
0,8393548196138533; 0,05595436645671725; 0,6922794990241528; 0,0653141476213932; 0,14650150761008263; 0,6971367169171572; 0,792540374211967; 0,09724314045161009; 0,20976328058168292; 0,23292338382452726; 0,933576351031661
0,6424643881498738; 0,8136711954139173; 0,4845722489990294; 0,25192359695211053; 0,34949079528450966; 0,9317860100418329; 0,9607601794414222; 0,27243649447336793; 0,8614861643873155; 0,4984163660556078; 0,16093384567648172
0,6606858000138778; 0,6214211052283645; 0,06950362818315625; 0,6809773528948426; 0,06432854337617755; 0,1482995953410864; 0,3850268367677927; 0,40842722123488784; 0,7811488127335906; 0,3327496526762843; 0,7486421088688076
0,7313905096947292; 0,63393932627514; 0,6848044786602259; 0,5114069562405348; 0,022856177762150764; 0,9090051334351301; 0,2379608671180904; 0,884172196034342; 0,16190153686329722; 0,39431596314534545; 0,0018437891267240047
0,6699739782762975; 0,17120695300400257; 0,5628103269264102; 0,4811840755864978; 0,7392271780408919; 0,21734081860631704; 0,016450074035674334; 0,03170325420796871; 0,3535589571110904; 0,43806583946570754; 0,7703283284790814
0,6452485820902123; 0,12669082172214985; 0,4222407704219222; 0,210021766833961; 0,3181918174959719; 0,028191876132041216; 0,8328761048614979; 0,996992105152458; 0,029547158163040876; 0,7410581582225859; 0,8207979765720665
0,7971609029359878; 0,9841881226748228; 0,499500326346606; 0,42820073710754514; 0,2506469045765698; 0,14736342383548617; 0,6324151842854917; 0,22412674687802792; 0,16972617851570249; 0,7655642163008451; 0,30136958649381995
0,8055591342947491; 0,46697326097637415; 0,7702107601799071; 0,9055581730790436; 0,6248832307755947; 0,7075532609596848; 0,0817502629943192; 0,3985169166699052; 0,23205372970551252; 0,6183815039694309; 0,9041321906261146
0,6317649375292794; 0,6586396433413029; 0,6719156913459301; 0,25634872168302536; 0,05547342402860522; 0,2587888133712113; 0,9797619613818824; 0,7294854903593659; 0,15653932746499777; 0,5832267790101469; 0,8851330797187984
0,6344715942177814; 0,6410563900135458; 0,10158950416371226; 0,985918790102005; 0,8729520565830171; 0,5939878919161856; 0,5476413108408451; 0,35116796055808663; 0,2881969679147005; 0,6741522615775466; 0,6933330087922513
0,8360496325394059; 0,8509104712866247; 0,6653981325216591; 0,6805271343328059; 0,9263795423321426; 0,6236524414271116; 0,5338069438003004; 0,6238302658312023; 0,2926890258677304; 0,9085249621421099; 0,36361100478097796
0,8370872716744385; 0,3441636124625802; 0,49428170872852206; 0,24561023339629173; 0,8082096050493419; 0,3111429652199149; 0,4723916929215193; 0,2707208604551852; 0,7413866403512657; 0,7953857318498194; 0,7781784143298864
0,7963200087533743; 0,925343677867204; 0,050161920953541994; 0,20410641748458147; 0,275858452077955; 0,6918596932664514; 0,028171821497380733; 0,19060318870469928; 0,510262968018651; 0,8686160030774772; 0,42179981525987387
0,7156161749980651; 0,006541047710925341; 0,5284760273061693; 0,7064097668044269; 0,02752392226830125; 0,38927045557647943; 0,7054497604258358; 0,7281516850925982; 0,8878928427584469; 0,720301148481667; 0,8098714165389538
0,8154589000069905; 0,20678977435454726; 0,693972872570157; 0,14611047832295299; 0,4638050887733698; 0,7640977995470166; 0,19686192879453301; 0,17535765981301665; 0,5176923451945186; 0,5949545055627823; 0,5251086372882128
0,781152812839818; 0,5446485350839794; 0,20587910013273358; 0,8577768811956048; 0,18836782732978463; 0,7895165244117379; 0,36254807049408555; 0,2386634168215096; 0,7936233663931489; 0,9339776868000627; 0,8024884718470275
0,6181476795324685; 0,22604590142145753; 0,6459633526392281; 0,5084489258006215; 0,19493554811924696; 0,9720287579111755; 0,6956366030499339; 0,48572711227461696; 0,46841441141441464; 0,22046343982219696; 0,13505417807027698
0,8406696450167649; 0,6038758787326515; 0,7356621357612312; 0,030397507827728987; 0,701778557151556; 0,5818834244273603; 0,5406622802838683; 0,8043586793355644; 0,25713519752025604; 0,40423979656770825; 0,6695336936973035
0,8220022378774154; 0,2052121921442449; 0,9077209555543959; 0,42789308493956923; 0,9454485098831356; 0,5028216913342476; 0,41808691853657365; 0,33018461102619767; 0,8767957603558898; 0,6559394667856395; 0,9386987402103841
0,7078426895159223; 0,5761629152111709; 0,8680610251612961; 0,14100133534520864; 0,6276569603942335; 0,7888812879100442; 0,8715864433906972; 0,24449625378474593; 0,9332879078574479; 0,5294340224936604; 0,35604515485465527
0,8339522307764438; 0,8721594559028745; 0,4325240724720061; 0,6839425386860967; 0,8572691772133112; 0,16597626451402903; 0,5402114735916257; 0,572659317869693; 0,9039596221409738; 0,15442960429936647; 0,9627602910622954
0,702836705443191; 0,6674027359113097; 0,00863266084343195; 0,37612798903137445; 0,17910052929073572; 0,31738747004419565; 0,9916011039167643; 0,8275670469738543; 0,2016815273091197; 0,3779792604036629; 0,31891945423558354
0,841387566922763; 0,3439885382540524; 0,3813797552138567; 0,09725234657526016; 0,428003313485533; 0,28776741214096546; 0,22528111515566707; 0,047859071753919125; 0,9265306922607124; 0,9864947348833084; 0,6457520895637572
0,7965417132965504; 0,6677267849445343; 0,8097000857815146; 0,391412943135947; 0,2551994249224663; 0,42058226047083735; 0,8764845295809209; 0,09643634548410773; 0,9882675516419113; 0,8022252861410379; 0,15441814018413424
0,6582316305155386; 0,7451792256906629; 0,7341062594205141; 0,5141582037322223; 0,6077247373759747; 0,01683379104360938; 0,8025483945384622; 0,6890964196063578; 0,7078787158243358; 0,7881485573016107; 0,6078301379457116
0,7071190664030557; 0,4335488532669842; 0,4006842654198408; 0,556313072796911; 0,7644318486563861; 0,272405837662518; 0,7271092915907502; 0,3782952013425529; 0,17715682554990053; 0,5443783197551966; 0,18539682449772954
0,6569891388417174; 0,9447783655487001; 0,04797448916360736; 0,3963827113620937; 0,983486345037818; 0,9296070542186499; 0,6271421476267278; 0,05823103664442897; 0,8591143283993006; 0,8866980052553117; 0,1276146611198783
0,6516727735527191; 0,4330011187121272; 0,7648633467033505; 0,8289946932345629; 0,6845112759619951; 0,03529062354937196; 0,7298751124180853; 0,6564092948101461; 0,9002087372355163; 0,661145051009953; 0,8560892562381923
0,8302663751613044; 0,13033103849738836; 0,4054704224690795; 0,7862798636779189; 0,3424946181476116; 0,6123741581104696; 0,6105688088573515; 0,10002309735864401; 0,1400961959734559; 0,6046949261799455; 0,46302405605092645
0,706279878473347; 0,7157324948348105; 0,49583888426423073; 0,5609386414289474; 0,7376489504240453; 0,8574081417173147; 0,8709145286120474; 0,6143976207822561; 0,5816829968243837; 0,7127908216789365; 0,7928552255034447
0,7013504452218693; 0,1178204002790153; 0,7635435867123306; 0,7495050132274628; 0,6887619839981198; 0,8944752127863467; 0,6026803283020854; 0,846336203161627; 0,990152649115771; 0,9809337947517633; 0,17027654591947794
0,8414264612961614; 0,7198403738439083; 0,5632826653309166; 0,6013878523372114; 0,03910664515569806; 0,5329263447783887; 0,5078651462681592; 0,7447093334048986; 0,6352482945658267; 0,2733129863627255; 0,8631442552432418
0,7868071060894654; 0,2848542253486812; 0,09037765301764011; 0,9241690207272768; 0,5318806548602879; 0,6300494512543082; 0,6309153586626053; 0,9958746540360153; 0,23729628836736083; 0,7944092876277864; 0,4618398970924318
0,6473876502533886; 0,017946811858564615; 0,7596577284857631; 0,9819213403388858; 0,33530760603025556; 0,5694446214474738; 0,5852769655175507; 0,5863377205096185; 0,4645647923462093; 0,8690325110219419; 0,9303696071729064
0,7122475206685063; 0,6587816486135125; 0,7028472144156694; 0,6713417787104845; 0,13240021374076605; 0,6507397326640785; 0,4842977444641292; 0,21905731549486518; 0,24269372271373868; 0,18234284780919552; 0,5098664341494441
0,75160374212588; 0,10187649168074131; 0,17741039860993624; 0,4480076218023896; 0,7669988432899117; 0,48216688353568316; 0,0013778451830148697; 0,9613090320490301; 0,883247310295701; 0,8876597709022462; 0,19077317137271166
0,7350617551012908; 0,016359299421310425; 0,02287166193127632; 0,04181967815384269; 0,5623064651153982; 0,04583283653482795; 0,8472512164153159; 0,46265917643904686; 0,38718988560140133; 0,710577956866473; 0,2787359906360507
0,750707827997066; 0,7167467256076634; 0,13654495496302843; 0,8303938605822623; 0,29196751303970814; 0,09822299191728234; 0,6238717115484178; 0,9369335942901671; 0,33907035598531365; 0,40616666804999113; 0,28541558096185327
0,8120425092536426; 0,4412950281985104; 0,302939475979656; 0,9982150015421212; 0,18999980157241225; 0,5170609368942678; 0,6386308544315398; 0,017398924101144075; 0,16559200547635555; 0,369487090036273; 0,09320853604003787
0,6355270353426761; 0,691444908734411; 0,7286949497647583; 0,313776973169297; 0,6342931259423494; 0,02542508626356721; 0,8902834188193083; 0,18346706265583634; 0,5175014035776258; 0,5663648475892842; 0,2473472412675619
0,8173012048829181; 0,6743545890785754; 0,997273535002023; 0,52150734141469; 0,1652405927889049; 0,5715908175334334; 0,023549322970211506; 0,5547789642587304; 0,8032808075658977; 0,7569670416414738; 0,9856546092778444
0,6326387433059832; 0,3633392211049795; 0,5588230844587088; 0,04294526530429721; 0,4108482273295522; 0,1681079724803567; 0,86251729587093; 0,14216811023652554; 0,1542984303086996; 0,26594484271481633; 0,9652916388586164
0,6612444766865694; 0,9784836950711906; 0,859533176291734; 0,2433703071437776; 0,1352476067841053; 0,21760879922658205; 0,7260681791231036; 0,9175084577873349; 0,203412267845124; 0,6702801762148738; 0,9329928401857615
0,8394274826387963; 0,04079790832474828; 0,6615843288600445; 0,7226708112284541; 0,5742372781969607; 0,08272580849006772; 0,3185494691133499; 0,9318910632282495; 0,45991738280281425; 0,053948679473251104; 0,24554098630324006
0,65897840746278; 0,3258527182042599; 0,8100698771886528; 0,7440687790513039; 0,37281810166314244; 0,3309688474982977; 0,6210033176466823; 0,9792541246861219; 0,17225008737295866; 0,6713014934211969; 0,8944150162860751
0,8314780072123396; 0,6098389136604965; 0,4581489386036992; 0,05362988216802478; 0,16568608675152063; 0,2700568549335003; 0,4713507737033069; 0,6260989280417562; 0,8491368289105594; 0,5606134571135044; 0,6466204444877803
0,8300390579736383; 0,2696393276564777; 0,5841153017245233; 0,21986722433939576; 0,8572685807012022; 0,6548846107907593; 0,4623351590707898; 0,0307011348195374; 0,45111224288120866; 0,8805780042894185; 0,29434339003637433
0,8333735333929092; 0,6732984064146876; 0,24241605633869767; 0,7014992660842836; 0,16359778493642807; 0,43256555311381817; 0,1530742826871574; 0,24620156548917294; 0,10388414980843663; 0,5674310559406877; 0,7820839029736817
0,8177906122126678; 0,811293519102037; 0,08114523021504283; 0,6143482313491404; 0,8798053241334856; 0,6590307508595288; 0,5749537209048867; 0,12744178716093302; 0,09355526324361563; 0,057471233420073986; 0,11233725119382143
0,6710195349963838; 0,24001625506207347; 0,7027965858578682; 0,0570630501024425; 0,008895641658455133; 0,6997650321573019; 0,32410586765035987; 0,5069587361067533; 0,7084306604228914; 0,10055390186607838; 0,5586284515447915
0,8281779015180574; 0,3102122633717954; 0,15589856961742043; 0,8187234494835138; 0,3016531462781131; 0,3276035403832793; 0,19889318803325295; 0,3669951600022614; 0,8489033877849579; 0,39324884209781885; 0,013321210164576769
0,8371342325961723; 0,7713018860667944; 0,5651400564238429; 0,6703462470322847; 0,8774262657389045; 0,5229025771841407; 0,48704614816233516; 0,03612206783145666; 0,06920024892315269; 0,4512100135907531; 0,4662315687164664
0,7870572624608212; 0,5187237411737442; 0,1759245665743947; 0,29720512544736266; 0,9275283650495112; 0,19054026901721954; 0,34197759069502354; 0,7125844126567245; 0,7836146513000131; 0,756572911515832; 0,7874045600183308
0,8360089682743646; 0,1265459512360394; 0,24271895410493016; 0,5356869241222739; 0,8520802375860512; 0,8194650979712605; 0,9741311580874026; 0,4019248438999057; 0,7007089545950294; 0,13104380341246724; 0,8606918230652809
0,6188530891594832; 0,6237663729116321; 0,12590550910681486; 0,3800015668384731; 0,05509350309148431; 0,9117781636305153; 0,07453571353107691; 0,3019844740629196; 0,5911006163805723; 0,17521123448386788; 0,5950545072555542
0,8353008131434637; 0,6404733099043369; 0,6497193742543459; 0,37235625367611647; 0,42877661250531673; 0,4935494656674564; 0,4730421449057758; 0,6969452230259776; 0,9904509531334043; 0,2868162044323981; 0,9827758525498211
0,6182044492865599; 0,06277479883283377; 0,6117641539312899; 0,6975745097734034; 0,9446894843131304; 0,44274658244103193; 0,03579117311164737; 0,10691969422623515; 0,3266118331812322; 0,6122536393813789; 0,8445005589164793
0,7327196660596204; 0,22747259680181742; 0,557499885559082; 0,965836915653199; 0,6548440037295222; 0,2513499166816473; 0,05145594524219632; 0,9459022167138755; 0,29648551251739264; 0,7871571439318359; 0,6425733552314341
0,8106516982648165; 0,3855041521601379; 0,10897820349782705; 0,7919485936872661; 0,5737973628565669; 0,4512771014124155; 0,27590792486444116; 0,39495106134563684; 0,8334405217319727; 0,5691724899224937; 0,8453975962474942
0,7544438310297179; 0,37822365714237094; 0,3413995108567178; 0,4283006964251399; 0,9203177518211305; 0,06518098898231983; 0,40661976067349315; 0,1721499403938651; 0,035682009533047676; 0,3964341632090509; 0,7971357693895698
0,7091961780984671; 0,44377113273367286; 0,4141275230795145; 0,9153553382493556; 0,6863836930133402; 0,03679593792185187; 0,2507384791970253; 0,05851191049441695; 0,08957918453961611; 0,2714242138899863; 0,5259169787168503
0,6181418721590124; 0,3616419993340969; 0,24736161483451724; 0,60936588793993; 0,059545449912548065; 0,9643167196772993; 0,31470339838415384; 0,19224439188838005; 0,7969129178673029; 0,8180743479169905; 0,012110323645174503
0,8206487160554871; 0,5186271206475794; 0,359259647782892; 0,8818133324384689; 0,18025809386745095; 0,5614196904934943; 0,0873508402146399; 0,014917456544935703; 0,03061242774128914; 0,25272313551977277; 0,702685508877039
0,8324310450033439; 0,23717493005096912; 0,5407335441559553; 0,3504917584359646; 0,946842067874968; 0,45966074569150805; 0,5751404799520969; 0,017777432687580585; 0,8391967853531241; 0,7536955089308321; 0,6952932318672538
0,6451008596121014; 0,8647741656750441; 0,6484916545450687; 0,9614568301476538; 0,6972266319207847; 0,3807453769259155; 0,857997945509851; 0,23887289175763726; 0,3927623890340328; 0,755531994625926; 0,20404342748224735
0,6262999079294786; 0,24659860925748944; 0,22733623627573252; 0,6858945079147816; 0,48037841776385903; 0,30220872163772583; 0,8883291543461382; 0,9790674704127014; 0,3177419016137719; 0,9404789288528264; 0,3723950074054301
0,8069658151593626; 0,5174847627058625; 0,41222059866413474; 0,5018996740691364; 0,4605650221928954; 0,24939233157783747; 0,42328879283741117; 0,05753330700099468; 0,27591936383396387; 0,726260369643569; 0,19149703159928322
0,657081817384086; 0,9155298937112093; 0,7252067192457616; 0,3751786407083273; 0,4981760666705668; 0,5833304021507502; 0,0795370526611805; 0,15921585028991103; 0,0812673238106072; 0,1621988802216947; 0,8495462415739894
0,8104139303454198; 0,884614868555218; 0,5966174583882093; 0,6243361020460725; 0,5988511550240219; 0,7953978446312249; 0,5517086875624955; 0,6922866431996226; 0,3589733080007136; 0,40922844875603914; 0,010412843897938728
0,8222641696664627; 0,49797377036884427; 0,03731958055868745; 0,4714206522330642; 0,16016946220770478; 0,5564142568036914; 0,912814490031451; 0,9070044197142124; 0,7810523621737957; 0,7532424125820398; 0,3449194226413965
0,8106430784714788; 0,22886468470096588; 0,39202652452513576; 0,0277373013086617; 0,22835493693128228; 0,7125861616805196; 0,04785169614478946; 0,7725404123775661; 0,335465450771153; 0,511787576135248; 0,5560484589077532
0,6900589007788317; 0,39005531603470445; 0,24957977700978518; 0,5950079960748553; 0,8701850390061736; 0,4100663186982274; 0,45575768733397126; 0,4940229062922299; 0,5149480109103024; 0,2276617861352861; 0,1708555994555354
0,6380724708433883; 0,5905989035964012; 0,5348547822795808; 0,9474112032912672; 0,18940652394667268; 0,1747180949896574; 0,7668269327841699; 0,4772127424366772; 0,6721342536620796; 0,3273520856164396; 0,8753872951492667
0,7640878356646336; 0,8084593079984188; 0,8950248165056109; 0,8635428412817419; 0,9616476502269506; 0,5006933426484466; 0,39916597586125135; 0,20038907835260034; 0,6941301003098488; 0,3592326254583895; 0,25068069715052843
0,719271378644083; 0,08837965317070484; 0,19583198381587863; 0,8608528436161578; 0,9708433519117534; 0,9310860210098326; 0,80078458879143; 0,08756611961871386; 0,6556160538457334; 0,5801538452506065; 0,3497350765392184
0,765730167488446; 0,10737201245501637; 0,05907508684322238; 0,7367445849813521; 0,6481389496475458; 0,3543372033163905; 0,6602003346197307; 0,8111447500996292; 0,038887820206582546; 0,9845457132905722; 0,2604218767955899
0,708662338215985; 0,7092231921851635; 0,10052890703082085; 0,7405106979422271; 0,6531232544220984; 0,43459496507421136; 0,5786127150058746; 0,7246057107113302; 0,5307014002464712; 0,8909127810038626; 0,5618094126693904
0,6649365951112863; 0,7890332527458668; 0,6841666894033551; 0,8618892482481897; 0,7793376483023167; 0,9997456753626466; 0,4850331321358681; 0,5284087816253304; 0,32991329208016396; 0,8152777734212577; 0,9558901097625494
0,8051658466147378; 0,36028885236009955; 0,6256043468602002; 0,7526107099838555; 0,6131280232220888; 0,12234794395044446; 0,5085967034101486; 0,10845306422561407; 0,15892588905990124; 0,65619684336707; 0,7497692974284291
0,8357483165351803; 0,7249719207175076; 0,9199986951425672; 0,6605718429200351; 0,5697128418833017; 0,5873537068255246; 0,3334432663396001; 0,1438689036294818; 0,44438384007662535; 0,0016947588883340359; 0,6906610592268407
0,8044293794678999; 0,188087553717196; 0,3498569983057678; 0,12520537758246064; 0,907314863987267; 0,9235133733600378; 0,20679163560271263; 0,49261146038770676; 0,7219772483222187; 0,06232797401025891; 0,7223794548772275
0,8012561656637545; 0,09792322339490056; 0,23791304184123874; 0,5916507039219141; 0,25653991382569075; 0,8275084057822824; 0,8193621295504272; 0,9562786715105176; 0,8146215807646513; 0,7481962949968874; 0,3874416653998196
0,8220862532505993; 0,8869438911788166; 0,4193867249414325; 0,6033023013733327; 0,5127171115018427; 0,09306787606328726; 0,603253663983196; 0,5634561460465193; 0,0961023848503828; 0,5804757541045547; 0,4753436101600528
0,7473701410807909; 0,11572344833984971; 0,8305672062560916; 0,5665012621320784; 0,41302616707980633; 0,45476812683045864; 0,6267723785713315; 4,100659862160683E-05; 0,5375718525610864; 0,6275025797076523; 0,6325374441221356
0,725446722107957; 0,7090730620548129; 0,8089714469388127; 0,3093088618479669; 0,5069510038010776; 0,10410970542579889; 0,0730391452088952; 0,16908431984484196; 0,5913233319297433; 0,728818200994283; 0,2350204074755311
0,8387655454048604; 0,37453841138631105; 0,8112140730954707; 0,916981989517808; 0,5218858099542558; 0,8392237755469978; 0,2700717165134847; 0,33269404573366046; 0,010032084304839373; 0,43698856234550476; 0,19139782479032874
0,8387483394877461; 0,24860757403075695; 0,7111719604581594; 0,17018238501623273; 0,8796424390748143; 0,9823178397491574; 0,21225643111392856; 0,5857152687385678; 0,9583766162395477; 0,7789262644946575; 0,2609115084633231
0,7005557977030639; 0,3646289552561939; 0,411748334299773; 0,5713593708351254; 0,5324783083051443; 0,08596811024472117; 0,2420096597634256; 0,5463082953356206; 0,5019224942661822; 0,5291396328248084; 0,0971145466901362
0,808824473741026; 0,2684578918851912; 0,16935942508280277; 0,002122746780514717; 0,9817135212942958; 0,4458244638517499; 0,5061897546984255; 0,8502301266416907; 0,679941741283983; 0,8169857738539577; 0,9869721690192819
0,7370040331375276; 0,37862586276605725; 0,29147252812981606; 0,7092371927574277; 0,09469142323359847; 0,07865977939218283; 0,6937150042504072; 0,5067495065741241; 0,4565721554681659; 0,4714093655347824; 0,4463070114143193
0,6195661064625582; 0,12510988861322403; 0,3547374317422509; 0,317178328987211; 0,1694568651728332; 0,19876161590218544; 0,9120537326671183; 0,17678202176466584; 0,03985733399167657; 0,1586920185945928; 0,13287416892126203
0,6524548864269821; 0,011065963190048933; 0,6599628645926714; 0,500636036042124; 0,5096867880783975; 0,15925171179696918; 0,10390864964574575; 0,8400022150017321; 0,5138977337628603; 0,5567256915383041; 0,3545868401415646
0,8146126671672479; 0,8686000970192254; 0,16915711667388678; 0,5388657953590155; 0,8866925686597824; 0,8438044148497283; 0,6094024521298707; 0,5478082336485386; 0,6155686448328197; 0,35091588692739606; 0,7934978804551065
0,8361655559339535; 0,6804566704668105; 0,6126356297172606; 0,4102786174044013; 0,7133539072237909; 0,5423148251138628; 0,7332078232429922; 0,5730799678713083; 0,8419777313247323; 0,9545063278637826; 0,8237100783735514
0,8319385742986011; 0,9204242089763284; 0,38843471137806773; 0,2587301433086395; 0,3966438635252416; 0,5374819319695234; 0,4086994081735611; 0,7935109711252153; 0,9844020656310022; 0,7168059507384896; 0,8534943130798638
0,7170439856184413; 0,05001818807795644; 0,9963185214437544; 0,30077350651845336; 0,38471895083785057; 0,004845805466175079; 0,5405511199496686; 0,24159803660586476; 0,7213107515126467; 0,33567732153460383; 0,8222398781217635
0,8378100368612608; 0,14702695421874523; 0,6330574504099786; 0,5050641726702452; 0,6311824680306017; 0,5955888102762401; 0,7271490232087672; 0,3970677787438035; 0,42332805460318923; 0,18913351371884346; 0,7237117453478277
0,6377675166441048; 0,9234691597521305; 0,4705105200409889; 0,06296968134120107; 0,5064982571639121; 0,18607449298724532; 0,7977238153107464; 0,1716451570391655; 0,8960452512837946; 0,8687302325852215; 0,6841678908094764
0,6627865393531308; 0,007918690796941519; 0,993602485395968; 0,031633229460567236; 0,5419537257403135; 0,746620430611074; 0,6434560283087194; 0,39276534179225564; 0,01766362227499485; 0,6803873553872108; 0,7801904142834246
0,8366074149780434; 0,7542653386481106; 0,9078557533212006; 0,1617620219476521; 0,2293779873289168; 0,2757325335405767; 0,9013407924212515; 0,5247325715608895; 0,46952269366011024; 0,5510712112300098; 0,5998641927726567
0,6799191066112337; 0,7191376043483615; 0,33538519451394677; 0,2572041261009872; 0,36251280177384615; 0,1857986985705793; 0,6432827604003251; 0,148433281108737; 0,07860273495316505; 0,746632263995707; 0,4187927427701652
0,8101376602065927; 0,7025186065584421; 0,3606260297819972; 0,9746366087347269; 0,13840793957933784; 0,3235549256205559; 0,5026912637986243; 0,4629078870639205; 0,12949163652956486; 0,8162253242917359; 0,8231410030275583
0,8390505895226761; 0,6769280661828816; 0,7445039744488895; 0,8094270252622664; 0,84138402948156; 0,13514680694788694; 0,1384301627986133; 0,3471235088072717; 0,6592705673538148; 0,3022629674524069; 0,9373607528395951
0,6222202716647619; 0,3678461080417037; 0,8468631901778281; 0,6140193603932858; 0,7671076827682555; 0,757839058060199; 0,48144591925665736; 0,3928862754255533; 0,6616571717895567; 0,3994241263717413; 0,11003013048321009
0,6341807158420568; 0,8474811520427465; 0,3897585868835449; 0,006385492160916328; 0,295805302914232; 0,21489406330510974; 0,42331443866714835; 0,49694959772750735; 0,9811858222819865; 0,8413104256615043; 0,2853785720653832
0,7755647999669242; 0,9618675434030592; 0,4782275017350912; 0,6725994399748743; 0,5686616525053978; 0,5044402168132365; 0,5729626175016165; 0,2715708054602146; 0,29447394935414195; 0,8599445349536836; 0,13714243611320853
0,7542129648159808; 0,29159731371328235; 0,08475551381707191; 0,890517529565841; 0,12200958980247378; 0,39100212790071964; 0,8961093542166054; 0,7543398756533861; 0,24985813349485397; 0,6248609274625778; 0,2546107731759548
0,8403293787954558; 0,3839176273904741; 0,9127766443416476; 0,7554248557426035; 0,941931220702827; 0,8131815497763455; 0,39410726353526115; 0,7244417374022305; 0,35756189515814185; 0,9307368057779968; 0,6691912785172462
0,7751843338953684; 0,7271777004934847; 0,6634919131174684; 0,37679086718708277; 0,2929045232012868; 0,6977825723588467; 0,8120011226274073; 0,021708576008677483; 0,5652229688130319; 0,17446180060505867; 0,09842982143163681
0,8250473533752104; 0,41125138429924846; 0,4156517651863396; 0,045345211401581764; 0,5262229908257723; 0,8185465866699815; 0,9842029847204685; 0,17300534062087536; 0,12365784961730242; 0,6745742559432983; 0,948407038114965
0,7682397102244015; 0,5562127712182701; 0,8194516813382506; 0,9782224302180111; 0,37279491825029254; 0,8054694812744856; 0,13560832059010863; 0,7424299479462206; 0,6079531330615282; 0,8017266974784434; 0,33888445794582367
0,7809155249831612; 0,5862300209701061; 0,10431688511744142; 0,21881236927583814; 0,4007091228850186; 0,413409607950598; 0,8428999353200197; 0,8062726156786084; 0,05785365868359804; 0,8062801137566566; 0,35705507872626185
0,8386569636084792; 0,6679681441746652; 0,8701044325716794; 0,32286042952910066; 0,21125232195481658; 0,38697359105572104; 0,2728335177525878; 0,13187544932588935; 0,6964660342782736; 0,3286361889913678; 0,8248528554104269
0,6852342865903585; 0,9000458498485386; 0,03131873486563563; 0,3183538527227938; 0,8075758395716548; 0,38776304153725505; 0,3062363248318434; 0,8893546527251601; 0,7750152382068336; 0,5268798200413585; 0,8940665069967508
0,8297064166519844; 0,3875082260929048; 0,6195364166051149; 0,07895272551104426; 0,9859657459892333; 0,012886582873761654; 0,32040425669401884; 0,9624427882954478; 0,28794491896405816; 0,18692831508815289; 0,29940720181912184
0,6645091932395754; 0,6799360853619874; 0,31753416918218136; 0,6647523939609528; 0,7868890226818621; 0,8949132254347205; 0,9807765884324908; 0,2238557618111372; 0,48832589853554964; 0,31429005414247513; 0,04050301341339946
0,6671817645157689; 0,27634570747613907; 0,17478324053809047; 0,8425308335572481; 0,18032007804140449; 0,6117079900577664; 0,2665921002626419; 0,07065286254510283; 0,46480791037902236; 0,17612249962985516; 0,576599879655987
0,8106793334501118; 0,19666507095098495; 0,6564252697862685; 0,21647901413962245; 0,2729668999090791; 0,6969909584149718; 0,2517267591319978; 0,18038054089993238; 0,3897382104769349; 0,7482205997221172; 0,4624471520073712
0,837358340923438; 0,2004507351666689; 0,4991539577022195; 0,6043042652308941; 0,9836177439428866; 0,299835657235235; 0,46238931408151984; 0,4397401032038033; 0,9733788641169667; 0,6427791975438595; 0,1697745663113892
0,634860886058517; 0,7987043894827366; 0,30860627070069313; 0,5084791285917163; 0,10157741280272603; 0,4107176079414785; 0,13276704400777817; 0,9942681570537388; 0,887769649270922; 0,6777256573550403; 0,39210006315261126
0,6183199562182695; 0,8497577346861362; 0,11696913931518793; 0,29182792268693447; 0,16771156713366508; 0,746984020806849; 0,18309847777709365; 0,8023857194930315; 0,6249444894492626; 0,9469289449043572; 0,12575350375846028
0,6978248784360576; 0,6480788202024996; 0,8458966934122145; 0,3950782767497003; 0,8074355386197567; 0,16126569034531713; 0,5782107743434608; 0,9319026134908199; 0,5059943967498839; 0,9219692973420024; 0,3330555809661746
0,7600781494078642; 0,1989504168741405; 0,9547657668590546; 0,16309555200859904; 0,39362605521455407; 0,1454413696192205; 0,5498706041835248; 0,6255242750048637; 0,8781373952515423; 0,09430146403610706; 0,7138851606287062
0,6549741045254229; 0,021709317341446877; 0,5318771651946008; 0,6917159254662693; 0,058695653919130564; 0,4964475850574672; 0,7468020915985107; 0,6775292828679085; 0,5903804805129766; 0,3181197424419224; 0,6130716726183891
0,841224204906981; 0,6474736221134663; 0,16814287658780813; 0,9724899986758828; 0,9651896636933088; 0,3313545654527843; 0,144077617675066; 0,45925093861296773; 0,213353191036731; 0,9950681943446398; 0,7822699719108641
0,8409806096327755; 0,21454582177102566; 0,9499915293417871; 0,9170988765545189; 0,20545818842947483; 0,3786234767176211; 0,02565507683902979; 0,8570127803832293; 0,15743208769708872; 0,13704927638173103; 0,6823548381216824
0,8316975583536539; 0,3622633623890579; 0,1189358988776803; 0,5689049330540001; 0,28371945628896356; 0,9999874294735491; 0,45967668760567904; 0,9825232629664242; 0,7415395933203399; 0,727612775284797; 0,6408448852598667
0,8384138885714645; 0,41965139796957374; 0,48396541830152273; 0,9046727917157114; 0,1915465509518981; 0,16136352252215147; 0,48331189528107643; 0,3440994997508824; 0,12856642436236143; 0,4375378121621907; 0,8503662734292448
0,8149501587639044; 0,21273027453571558; 0,35212311055511236; 0,22103960439562798; 0,4283430683426559; 0,9399575595743954; 0,5549566275440156; 0,028911607339978218; 0,33476174576207995; 0,6780261220410466; 0,6820097048766911
0,8384755559588953; 0,624235225841403; 0,36398237105458975; 0,41207894356921315; 0,0274690012447536; 0,9618673711083829; 0,7683911132626235; 0,3607442290522158; 0,10836743051186204; 0,04329763958230615; 0,39433402568101883
0,8360860775154896; 0,9566337498836219; 0,004187225829809904; 0,6554917902685702; 0,35290542617440224; 0,5077967247925699; 0,07496852008625865; 0,7785650892183185; 0,36534096766263247; 0,16682177502661943; 0,6915233130566776
0,8413597122752775; 0,9659110363572836; 0,6105321031063795; 0,06964879855513573; 0,6093827146105468; 0,26582847628742456; 0,5278857741504908; 0,19636957254260778; 0,6712452420033514; 0,5170188918709755; 0,12033857544884086
0,7640998389709958; 0,025977582670748234; 0,10055117681622505; 0,27913594944402575; 0,17485153768211603; 0,1012646141462028; 0,9233872056938708; 0,005284699611365795; 0,20405719056725502; 0,30653603794053197; 0,7313586352393031
0,836798664391477; 0,4102743901312351; 0,7045081383548677; 0,19748624274507165; 0,3567499495111406; 0,06225900026038289; 0,43704720912501216; 0,18176266085356474; 0,9166178731247783; 0,3964340868405998; 0,09559456538408995
0,7066989910893832; 0,03157057240605354; 0,8501489325426519; 0,34761798195540905; 0,5246521104127169; 0,15588646056130528; 0,8922427305951715; 0,3390459297224879; 0,6784784803166986; 0,7904188549146056; 0,4987600869499147
0,8355422106956052; 0,460328659042716; 0,37260836409404874; 0,324829887598753; 0,3452364164404571; 0,9249063362367451; 0,6600454249419272; 0,7330687660723925; 0,9134410344995558; 0,19340970600023866; 0,3670002883300185
0,8402267024336529; 0,7054629060439765; 0,8991975490935147; 0,8045968529768288; 0,051044868770986795; 0,43861422687768936; 0,0954090328887105; 0,02323188353329897; 0,5129789835773408; 0,726789889857173; 0,780523975379765
0,6743298301155694; 0,33791672345250845; 0,2558185523375869; 0,5528777195140719; 0,7823365186341107; 0,5710978065617383; 0,22456667805090547; 0,9964236272498965; 0,05867412127554417; 0,029381494037806988; 0,838699852116406
0,681114806756791; 0,5195338018238544; 0,6289553707465529; 0,5427264855243266; 0,9550680574029684; 0,44405686389654875; 0,7884292667731643; 0,7611006242223084; 0,8012421890161932; 0,8164193546399474; 0,6783957183361053
0,7895406193597881; 0,8316891365684569; 0,9116401420906186; 0,24769445462152362; 0,7872410053387284; 0,3138899118639529; 0,6880816728807986; 0,7853439799509943; 0,26580043556168675; 0,7985589983873069; 0,3017327389679849
0,6922477719683858; 0,9060964346863329; 0,9691761638969183; 0,27803553454577923; 0,9705572947859764; 0,6942134373821318; 0,5894426126033068; 0,7317608878947794; 0,9409516453742981; 0,9985038335435092; 0,27129259379580617
0,8344318492753501; 0,3566017057746649; 0,7339064786210656; 0,6679601976647973; 0,45754404878243804; 0,4985350864008069; 0,8069310057908297; 0,6200116756372154; 0,9032567972317338; 0,4016569275408983; 0,19203539844602346
0,7727094066296372; 0,4000291717238724; 0,3705004183575511; 0,6799708534963429; 0,8421867280267179; 0,9518336858600378; 0,3946539079770446; 0,3698592851869762; 0,2706367261707783; 0,928475662600249; 0,7844718834385276
0,8406006605726801; 0,9319258816540241; 0,9112930372357368; 0,5047424328513443; 0,8145442041568458; 0,671429633628577; 0,09014994697645307; 0,13066478399559855; 0,8702692328952253; 0,38637256575748324; 0,8311156928539276
0,7955492506202432; 0,4294759687036276; 0,9848283841274679; 0,8306217351928353; 0,12242666957899928; 0,8877172912470996; 0,953024139162153; 0,22878053318709135; 0,6199791268445551; 0,46720149042084813; 0,3057517195120454
0,8404726677834269; 0,9942603847011924; 0,8418873818591237; 0,4555430863983929; 0,08711960399523377; 0,8428200273774564; 0,18282409850507975; 0,6565357497893274; 0,8354669413529336; 0,10742953047156334; 0,34943549567833543
0,8414709100130975; 0,39665758423507214; 0,7265057279728353; 0,6499168742448092; 0,35253423545509577; 0,3916698177345097; 0,24950995156541467; 0,6191487819887698; 0,22022172808647156; 0,4947901233099401; 0,7486458108760417
0,7881048837826135; 0,14446693938225508; 0,11810889095067978; 0,20402418076992035; 0,6879253191873431; 0,29032820696011186; 0,7128996406681836; 0,3289676154963672; 0,2333876588381827; 0,9049094887450337; 0,3325293520465493
0,8130196338493361; 0,7197220376692712; 0,4691237285733223; 0,8680641246028244; 0,5563952224329114; 0,7957363151945174; 0,4410389740951359; 0,39187053171917796; 0,5804748297668993; 0,9581971284933388; 0,7327460213564336
0,8294536205194041; 0,3248546370305121; 0,0316131548024714; 0,623231437522918; 0,5545865767635405; 0,5768703152425587; 0,14223821088671684; 0,8587852879427373; 0,6110952356830239; 0,3752436926588416; 0,03818210680037737
0,627238444062797; 0,10101398080587387; 0,005172968376427889; 0,12306119780987501; 0,14487762097269297; 0,8607205101288855; 0,26834782725200057; 0,36195249762386084; 0,8035886357538402; 0,8188104177825153; 0,029105050954967737
0,8346580803838516; 0,11562677519395947; 0,4364766930229962; 0,321860876865685; 0,8082246924750507; 0,11751247337087989; 0,5913001801818609; 0,9356722603552043; 0,11765172705054283; 0,6674542371183634; 0,7792211677879095
0,6772628968880373; 0,41360297380015254; 0,5212630513124168; 0,8624368044547737; 0,7612656964920461; 0,6463331966660917; 0,6718680132180452; 0,19889520853757858; 0,8852563360705972; 0,9628729857504368; 0,6269611036404967
0,7679814399256669; 0,7707815109752119; 0,15362891554832458; 0,1559273679740727; 0,5151379345916212; 0,7832787712104619; 0,30704388255253434; 0,24549464508891106; 0,7347543332725763; 0,32364102732390165; 0,8074018061161041
0,6612045636041155; 0,20886009046807885; 0,3084198087453842; 0,8035594336688519; 0,5481308037415147; 0,02918951166793704; 0,9244435448199511; 0,5662058140151203; 0,5580076370388269; 0,31183319026604295; 0,8807745082303882
0,7693877087133884; 0,9000164307653904; 0,6417520423419774; 0,2815918317064643; 0,47997503029182553; 0,6512111690826714; 0,30059354240074754; 0,7115647899918258; 0,18883369024842978; 0,22597799869254231; 0,9118205085396767
0,8413433374437052; 0,09124236134812236; 0,6122325803153217; 0,41057015815749764; 0,9120328817516565; 0,1393606998026371; 0,3921067966148257; 0,8351417877711356; 0,9156934930942953; 0,6314995284192264; 0,8018661648966372
0,7867942673624307; 0,2767115128226578; 0,980914912186563; 0,0811323975212872; 0,8817361164838076; 0,0746322674676776; 0,007783013861626387; 0,23720250744372606; 0,08789708418771625; 0,8617821545340121; 0,17616175999864936
0,619516633320875; 0,8524620002135634; 0,8117307778447866; 0,98596246028319; 0,0933465133421123; 0,10660156141966581; 0,720950233284384; 0,01583091402426362; 0,24474631482735276; 0,458195339422673; 0,30241555999964476
0,6187588191513497; 0,14057564828544855; 0,1321740336716175; 0,21820136858150363; 0,13860921980813146; 0,8999457573518157; 0,46250870265066624; 0,6258322075009346; 0,36559435725212097; 0,674911757465452; 0,9224116872064769
0,6795823102245662; 0,9699838273227215; 0,1000136835500598; 0,5504635563120246; 0,47017691330984235; 0,02567111048847437; 0,7977770054712892; 0,09927830519154668; 0,5536898109130561; 0,09654723014682531; 0,05251679988577962
0,7989161164532113; 0,27826352836564183; 0,24645905708894134; 0,6115625035017729; 0,1116331941448152; 0,7194850519299507; 0,2231718711555004; 0,8736762516200542; 0,3604741534218192; 0,39502705447375774; 0,3257339238189161
0,8242643531609719; 0,7681508967652917; 0,8465035120025277; 0,746139575727284; 0,9620711314491928; 0,12224136525765061; 0,39511800976470113; 0,7637480427511036; 0,3992279483936727; 0,1272031026892364; 0,461931596044451
0,8325910060161139; 0,573464329354465; 0,41566650895401835; 0,7825582912191749; 0,7123204567469656; 0,31649421947076917; 0,4520297278650105; 0,08746082801371813; 0,4542759731411934; 0,043678855523467064; 0,7222897834144533
0,7739766058170006; 0,6919758268631995; 0,6218291223049164; 0,8756872243247926; 0,40064074425026774; 0,990996447391808; 0,8831064370460808; 0,4218067075125873; 0,5612190426327288; 0,9917673938907683; 0,5218002698384225
0,7986708691132993; 0,19886965584009886; 0,8623352474533021; 0,012791082728654146; 0,13837143732234836; 0,3438437134027481; 0,5822367831133306; 0,6417892244644463; 0,8910360471345484; 0,5482147252187133; 0,4468742813915014
0,8310023682741045; 0,7053170041181147; 0,5240331999957561; 0,7036766419187188; 0,9602088485844433; 0,23699785489588976; 0,5093249739147723; 0,09341551829129457; 0,3894665101543069; 0,0053378199227154255; 0,6029761573299766
0,7829166645068975; 0,8606459251604974; 0,12003188813105226; 0,9395519043318927; 0,5607370934449136; 0,7843892448581755; 0,019491612911224365; 0,7751694414764643; 0,1705842292867601; 0,5551408012397587; 0,3797477795742452
0,6547989720970904; 0,16414947994053364; 0,35396615555509925; 0,21988847525790334; 0,877222950104624; 0,9024962340481579; 0,31677035661414266; 0,23758434830233455; 0,3138625845313072; 0,9728157385252416; 0,09020722471177578
0,8382278079094939; 0,7263888246379793; 0,13410753849893808; 0,5328682013787329; 0,12604575883597136; 0,23969316389411688; 0,7244559852406383; 0,37745023239403963; 0,39708632323890924; 0,7387291886843741; 0,6715430966578424
0,8302392098907974; 0,8068560832180083; 0,5661513386294246; 0,7792467139661312; 0,23657366773113608; 0,5130333043634892; 0,41030172165483236; 0,29645329574123025; 0,9666212885640562; 0,7661822433583438; 0,8761707278899848
0,8310026142579695; 0,5357367359101772; 0,8670645197853446; 0,2346914131194353; 0,7190238414332271; 0,007221114821732044; 0,3897931952960789; 0,9790094303898513; 0,7971869790926576; 0,023267569951713085; 0,17554840352386236
0,8396936038842837; 0,8293124064803123; 0,7330186734907329; 0,09412636468186975; 0,6901082675904036; 0,042340210638940334; 0,5315895648673177; 0,33400546526536345; 0,6981137506663799; 0,06120381224900484; 0,20899757463485003
0,8369869226972584; 0,4192145918495953; 0,3916246620938182; 0,20242150034755468; 0,006011325400322676; 0,8986834902316332; 0,5552633786574006; 0,19679745100438595; 0,48847877187654376; 0,10745866037905216; 0,7262134179472923
0,7493174483795452; 0,5008918391540647; 0,6079521952196956; 0,5717954766005278; 0,38479703897610307; 0,193351692520082; 0,7396612684242427; 0,14894626941531897; 0,33071650099009275; 0,6245863572694361; 0,9388224836438894
0,8321181026411558; 0,8628958817571402; 0,776919103693217; 0,49844183307141066; 0,23374249320477247; 0,8210110552608967; 0,2087802179157734; 0,520655732601881; 0,04472122900187969; 0,7182243019342422; 0,08972170669585466
0,7533072774232823; 0,8748316266573966; 0,26499047596007586; 0,09451781259849668; 0,8090673126280308; 0,7154976422898471; 0,27880305889993906; 0,7984842238947749; 0,9767103996127844; 0,10573371034115553; 0,628627510741353
0,7415875361927269; 0,15114419488236308; 0,564540158957243; 0,00365259125828743; 0,7971731568686664; 0,37929000705480576; 0,861331598367542; 0,6526820897124708; 0,9649048298597336; 0,3731395243667066; 0,5079537541605532
0,65364707340393; 0,5797458216547966; 0,2646356029435992; 0,17488238913938403; 0,8907854733988643; 0,12649614084511995; 0,6059968462213874; 0,6225446984171867; 0,18664226727560163; 0,12496065394952893; 0,5686024785973132
0,8239900730944524; 0,9609395479783416; 0,9047136246226728; 0,07345071714371443; 0,9915836714208126; 0,04390730429440737; 0,21832422399893403; 0,2812870182096958; 0,46702733915299177; 0,5674911164678633; 0,5251657217741013
0,7892158117927844; 0,8603662219829857; 0,8245362965390086; 0,48123286198824644; 0,46620328910648823; 0,6735494853928685; 0,8493699789978564; 0,1961159952916205; 0,5472452780231833; 0,30221251165494323; 0,08609522692859173
0,6381775987592473; 0,507489884737879; 0,8109945538453758; 0,421982457395643; 0,1600367408245802; 0,9926541461609304; 0,8557228548452258; 0,5589212854392827; 0,403610457200557; 0,42552355537191033; 0,20155143272131681
0,7799589454813168; 0,08618276426568627; 0,9126423802226782; 0,9911663667298853; 0,03198169870302081; 0,6220640395767987; 0,37917299987748265; 0,4535016748122871; 0,015107382088899612; 0,3797014313749969; 0,543290164321661
0,8405452653789356; 0,2295013819821179; 0,7869175877422094; 0,03274398762732744; 0,16730970703065395; 0,0858203493990004; 0,2799663399346173; 0,25211486453190446; 0,7994700996205211; 0,10573229566216469; 0,009246646892279387
0,7775826058718156; 0,0900776362977922; 0,5456103030592203; 0,10549859888851643; 0,9661618084646761; 0,6041725063696504; 0,46890260372310877; 0,42860771529376507; 0,16262605134397745; 0,9167058374732733; 0,7638730350881815
0,646216080988752; 0,4001704668626189; 0,25030517810955644; 0,7652053930796683; 0,4129035957157612; 0,5146112907677889; 0,38784437719732523; 0,5206907666288316; 0,30201074527576566; 0,13678653165698051; 0,055784184485673904
0,6797086930332903; 0,8329632063396275; 0,11023366544395685; 0,11604650365188718; 0,1727443323470652; 0,06502335425466299; 0,8103496232070029; 0,4832819211296737; 0,569038721267134; 0,6709801470860839; 0,9900633869692683
0,8212135747425982; 0,27192168682813644; 0,6910679964348674; 0,18938126927241683; 0,41428814036771655; 0,7947630635462701; 0,2101208120584488; 0,8673199685290456; 0,7630451959557831; 0,6483169067651033; 0,7637680945917964
0,7976190741316908; 0,3492128415964544; 0,1765794767998159; 0,28294677659869194; 0,7203808049671352; 0,8144469349645078; 0,3682302418164909; 0,4316897401586175; 0,5039719105698168; 0,6741683008149266; 0,8168439152650535
0,8033197941309504; 0,6490621529519558; 0,022995841223746538; 0,10232796147465706; 0,1813467158935964; 0,8080234723165631; 0,8216202934272587; 0,3505595666356385; 0,07204289315268397; 0,037881684489548206; 0,465605110861361
0,8212298201689585; 0,8595073306933045; 0,2728562718257308; 0,844231020193547; 0,13272508513182402; 0,7189105139113963; 0,19575729547068477; 0,08630138356238604; 0,8953408296220005; 0,034977642353624105; 0,8203307576477528
0,6572721337790444; 0,482324636541307; 0,2126783994026482; 0,6151011697947979; 0,27831026818603277; 0,941229002084583; 0,34220997523516417; 0,4409563341178; 0,8002280285581946; 0,6227753129787743; 0,06615428626537323
0,6607442950010651; 0,45880810264497995; 0,395706782117486; 0,5442269332706928; 0,8757352842949331; 0,21496200328692794; 0,23081871587783098; 0,13663912983611226; 0,2623822935856879; 0,2884752727113664; 0,7664895630441606
0,738838847417311; 0,1932289064861834; 0,1588068869896233; 0,6792641659267247; 0,6742260418832302; 0,156241110060364; 0,2022592625580728; 0,7368467962369323; 0,7572095491923392; 0,11201998218894005; 0,08388485014438629
0,7313962718919411; 0,6543756830506027; 0,6435248758643866; 0,8276194874197245; 0,04948745109140873; 0,5154072213917971; 0,8369999611750245; 0,9464271427132189; 0,6488381060771644; 0,6570976073853672; 0,32617693301290274
0,6259538951237965; 0,9066114374436438; 0,6111098430119455; 0,5359140844084322; 0,8448205636814237; 0,5487616676837206; 0,6155611462891102; 0,5974464868195355; 0,4417393356561661; 0,12535742251202464; 0,09335739677771926
0,8096868951242856; 0,10975285433232784; 0,7634374680928886; 0,34608201356604695; 0,49003442423418164; 0,6549517861567438; 0,8770489091984928; 0,4927522595971823; 0,5843277149833739; 0,3928260328248143; 0,7185528832487762
0,8411216229680714; 0,8812406533397734; 0,7506964434869587; 0,14308612328022718; 0,042394567746669054; 0,17386710224673152; 0,5005065593868494; 0,6834849887527525; 0,46112111397087574; 0,3080018968321383; 0,7808357090689242
0,8330998888472025; 0,6857669581659138; 0,7219291520304978; 0,24311470706015825; 0,8748132809996605; 0,010778993368148804; 0,2222095881588757; 0,8753965962678194; 0,6316038612276316; 0,6882206029258668; 0,6101487488485873
0,837873088478877; 0,7028015051037073; 0,5827419287525117; 0,36337153147906065; 0,3303868887014687; 0,6952832648530602; 0,3189806747250259; 0,13492439594119787; 0,8360992935486138; 0,5902389888651669; 0,5081810671836138
0,6189642147059337; 0,9487023316323757; 0,4395434153266251; 0,16009820764884353; 0,4164345725439489; 0,4120044563896954; 0,21468515787273645; 0,9934283602051437; 0,3080628155730665; 0,9374326132237911; 0,4582250379025936
0,8305708991316237; 0,007735301740467548; 0,6528879720717669; 0,5791165251284838; 0,5699763474985957; 0,2783798547461629; 0,9865467245690525; 0,4356298064813018; 0,6931277196854353; 0,9076684648171067; 0,4014815208502114
0,7674909120820703; 0,1347066294401884; 0,0808246205560863; 0,10273413173854351; 0,27403564285486937; 0,5216324445791543; 0,09293225407600403; 0,4169814456254244; 0,08005785197019577; 0,8617938440293074; 0,5989432339556515
0,8414342000173224; 0,03182422602549195; 0,9136511469259858; 0,7518429541960359; 0,983749620616436; 0,8704952895641327; 0,12367670703679323; 0,0973343481309712; 0,35694978293031454; 0,2641148394905031; 0,09117644792422652
0,7023371747589363; 0,34682384319603443; 0,045037024188786745; 0,6310518723912537; 0,049830418545752764; 0,12328920140862465; 0,15772253833711147; 0,9248929941095412; 0,9237112770788372; 0,5531545206904411; 0,6323194527067244
0,6329872603917052; 0,38898778753355145; 0,30271693505346775; 0,1130909132771194; 0,2536656172014773; 0,5234930072911084; 0,23482593521475792; 0,7396790185011923; 0,4911537878215313; 0,8993952549062669; 0,21717094164341688
0,7316073716470102; 0,33776482148095965; 0,7865867242217064; 0,8488893080502748; 0,16463764291256666; 0,76441910257563; 0,9031196716241539; 0,7198372441343963; 0,745834915433079; 0,9798682350665331; 0,5442800046876073
0,8301060789606586; 0,03356257081031799; 0,8123446814715862; 0,938398249913007; 0,8288976768963039; 0,3804600737057626; 0,005383407697081566; 0,15060110948979855; 0,4019253561273217; 0,16174697363749146; 0,1854725070297718
0,7422964877613449; 0,40192949306219816; 0,1480427384376526; 0,2972715627402067; 0,7288540177978575; 0,9843392549082637; 0,9337058109231293; 0,4236550903879106; 0,4043429079465568; 0,442052795086056; 0,6453932980075479
0,8111637845895147; 0,4248391119763255; 0,07074887631461024; 0,19502114318311214; 0,3369799549691379; 0,1599838794209063; 0,8743828390724957; 0,5364267691038549; 0,9918229696340859; 0,4421551190316677; 0,07780799455940723
0,6568079707061777; 0,006670311093330383; 0,7343998420983553; 0,26694549107924104; 0,05560280755162239; 0,6525330510921776; 0,08878446975722909; 0,9035231536254287; 0,21200292371213436; 0,9480314301326871; 0,19304378237575293
0,6847616068230102; 0,742003062274307; 0,6414813888259232; 0,7789560444653034; 0,6792127303779125; 0,5604963568039238; 0,9174619168043137; 0,3806740869767964; 0,7936458955518901; 0,6317371521145105; 0,7392255417071283
0,8342222884219961; 0,25944081507623196; 0,9176353723742068; 0,5275164786726236; 0,8337418315932155; 0,7606435148045421; 0,47605293756350875; 0,6465931059792638; 0,9392838594503701; 0,9942609872668982; 0,4453715877607465
0,8361643485571885; 0,930083729326725; 0,7206348869949579; 0,4732541060075164; 0,08085103752091527; 0,2039770227856934; 0,3166707740165293; 0,06257464224472642; 0,5666099297814071; 0,10163204977288842; 0,7514890963211656
0,7072494975577869; 0,9665544084273279; 0,048094748985022306; 0,1992761460132897; 0,9925768822431564; 0,5351357292383909; 0,983363704290241; 0,8418693877756596; 0,8966274941340089; 0,5946021848358214; 0,556002885568887
0,834222140788559; 0,4967025276273489; 0,8165461476892233; 0,9641460166312754; 0,7856396152637899; 0,5325428303331137; 0,06489669531583786; 0,4570996528491378; 0,25103349378332496; 0,4293564138934016; 0,5820352435112
0,8384602727152163; 0,7599803595803678; 0,6222111792303622; 0,6326697957701981; 0,21279780147597194; 0,5227178269997239; 0,3225954729132354; 0,278709074947983; 0,7482436010614038; 0,7419505948200822; 0,2635017540305853
0,8139156513073168; 0,8064546748064458; 0,08599315769970417; 0,15635330695658922; 0,8021452398970723; 0,6131656151264906; 0,5932398014701903; 0,5388169810175896; 0,5612695761956275; 0,8138333139941096; 0,6969113228842616
0,7638149172201448; 0,26645764894783497; 0,6935404483228922; 0,8583616958931088; 0,18016609735786915; 0,8723937910981476; 0,19090184848755598; 0,030897212214767933; 0,8273801421746612; 0,6424023853614926; 0,38625598093494773
0,6253353721715698; 0,13379098055884242; 0,5366134019568563; 0,5622575618326664; 0,8754606815055013; 0,759706350043416; 0,6900398684665561; 0,7489918442443013; 0,6844169734977186; 0,5489356117323041; 0,05562116065993905
0,6192692232590266; 0,3740166584029794; 0,37136698281392455; 0,919808688107878; 0,04742173803970218; 0,6808733232319355; 0,49530853843316436; 0,31328870356082916; 0,2642684495076537; 0,5063474955968559; 0,6019788421690464
0,8362220930179939; 0,33751652436330914; 0,17770244413986802; 0,32602054765447974; 0,07186159864068031; 0,49491060245782137; 0,7395018450915813; 0,37285158643499017; 0,3789742514491081; 0,5543773178942502; 0,3069971762597561
0,8206511642297322; 0,5380606860853732; 0,7944297175854445; 0,10554028581827879; 0,9356721863150597; 0,5803222213871777; 0,6369797782972455; 0,6119744055904448; 0,2001860160380602; 0,8501277421601117; 0,9463149961084127
0,6193534760394925; 0,2380978800356388; 0,957594342995435; 0,1389993829652667; 0,8660254897549748; 0,4931597653776407; 0,6794502125121653; 0,1458789105527103; 0,4001061674207449; 0,8962116413749754; 0,7896724785678089
0,8229215620660455; 0,17614308837801218; 0,12760502193123102; 0,7082920768298209; 0,2511818534694612; 0,8183503178879619; 0,6461263741366565; 0,5159163344651461; 0,6829252075403929; 0,522478902246803; 0,39070708118379116
0,8362779352429107; 0,47150558372959495; 0,4612254067324102; 0,9773602481000125; 0,7088444232940674; 0,4087873133830726; 0,537693661171943; 0,8201565626077354; 0,8208159888163209; 0,5374156436882913; 0,1986719397827983
0,7680516522824289; 0,30237294314429164; 0,5952815692871809; 0,6925645172595978; 0,3831210690550506; 0,42558274464681745; 0,8431368381716311; 0,22348292358219624; 0,977152930572629; 0,006871983874589205; 0,4100654795765877
0,7113148360970215; 0,8796110809780657; 0,1847126497887075; 0,236301027238369; 0,5208378289826214; 0,08355471910908818; 0,44115402456372976; 0,736692076548934; 0,5856351237744093; 0,618049893528223; 0,5824891668744385
0,7247288438038338; 0,5912388083525002; 0,38751475838944316; 0,22439755406230688; 0,3637333554215729; 0,06401666952297091; 0,823295587208122; 0,48402741458266973; 0,7941314657218754; 0,7502417340874672; 0,03507399745285511
0,8414658194165698; 0,23001764388754964; 0,5688113528303802; 0,18191204452887177; 0,950546900741756; 0,8589070164598525; 0,6561095691286027; 0,029460562858730555; 0,30377114098519087; 0,614619864616543; 0,5505272811278701
0,838483749834871; 0,8746087439358234; 0,5543137607164681; 0,6728742341510952; 0,35352739319205284; 0,7122352817095816; 0,02366448985412717; 0,6251668520271778; 0,9921429986134171; 0,8901259703561664; 0,5766989821568131
0,6318307381528612; 0,391197572927922; 0,4429765925742686; 0,4140213914215565; 0,9355956092476845; 0,6518525201827288; 0,8816057778894901; 0,38569207303225994; 0,5791705246083438; 0,8035843037068844; 0,6648714682087302
0,6915758707118093; 0,17467327136546373; 0,6109057161957026; 0,922736996319145; 0,9343061875551939; 0,4691124358214438; 0,7744781710207462; 0,913035508710891; 0,4474710850045085; 0,704496109392494; 0,3257831814698875
0,7627329486774519; 0,3685568831861019; 0,27523181587457657; 0,2404455472715199; 0,3544077523984015; 0,7871690061874688; 0,13918581325560808; 0,44055689219385386; 0,9697340987622738; 0,18101462395861745; 0,006500289309769869
0,618524043564568; 0,2026529097929597; 0,7877390584908426; 0,31905421428382397; 0,005130745004862547; 0,23424793733283877; 0,7226536800153553; 0,516180801205337; 0,019657080993056297; 0,5081933648325503; 0,7696281517855823
0,81885318300799; 0,386277190875262; 0,14976575318723917; 0,3853241987526417; 0,5843632859177887; 0,931633323431015; 0,4407577528618276; 0,21456786012277007; 0,39280085917562246; 0,46800817735493183; 0,6709905280731618
0,7959495627458927; 0,9498434332199395; 0,8845366653986275; 0,9321459284983575; 0,4597887685522437; 0,7565223481506109; 0,6456833593547344; 0,2612355728633702; 0,5751804010942578; 0,0335803534835577; 0,9380490169860423
0,8347381573013394; 0,6921203192323446; 0,8528508124873042; 0,0928852348588407; 0,9721154901199043; 0,24349704384803772; 0,2775095123797655; 0,415982018224895; 0,4638937753625214; 0,9045488592237234; 0,9663677806966007
0,6196128858192148; 0,45305529655888677; 0,03786276653409004; 0,41550548281520605; 0,5110307093709707; 0,16780910966917872; 0,6571214790455997; 0,21265504974871874; 0,14042805368080735; 0,6437598993070424; 0,7673847917467356
0,8412836456640459; 0,4640568783506751; 0,8016725871711969; 0,010487261693924665; 0,36379332235082984; 0,2833798788487911; 0,34373458521440625; 0,18141529895365238; 0,49793970538303256; 0,4152357252314687; 0,7967695412226021
0,8389070901023371; 0,4255824158899486; 0,8319918788038194; 0,8502086321823299; 0,8551133195869625; 0,1294206129387021; 0,12000919040292501; 0,9915001168847084; 0,3828701078891754; 0,3071662336587906; 0,5923394868150353
0,8413911549624891; 0,9864197452552617; 0,5070486040785909; 0,8618258233182132; 0,3435796648263931; 0,6082669822499156; 0,45672108232975006; 0,6737747373990715; 0,36637910222634673; 0,4893903359770775; 0,3355792248621583
0,8413288922237339; 0,11276442697271705; 0,098548314999789; 0,1296678609214723; 0,19094139710068703; 0,8666272894479334; 0,08827759884297848; 0,7238061064854264; 0,5190265374258161; 0,5128759993240237; 0,3707886189222336
0,6246015340542534; 0,7407207493670285; 0,8098149094730616; 0,07613334618508816; 0,1744623905979097; 0,4314705915749073; 0,12632539495825768; 0,8481416911818087; 0,7241198080591857; 0,4422784033231437; 0,9027547398582101
0,6272487853512222; 0,7563523640856147; 0,5270195147022605; 0,24282574420794845; 0,06044553034007549; 0,8024465451017022; 0,11460600513964891; 0,42798087233677506; 0,6638367832638323; 0,05127466516569257; 0,6535795484669507
0,8301279413845419; 0,28930773306638; 0,4195809308439493; 0,3983057662844658; 0,26728862151503563; 0,5552538991905749; 0,6575564332306385; 0,4631795226596296; 0,355045095551759; 0,9866204434074461; 0,9733971706591547
0,6189362388991367; 0,09455171413719654; 0,38393425196409225; 0,031206524465233088; 0,47955875378102064; 0,7738186023198068; 0,9077179706655443; 0,02842844044789672; 0,3720269235782325; 0,3707673824392259; 0,7138815131038427
0,7394730832205664; 0,5313829891383648; 0,24517270317301154; 0,2060643369331956; 0,5203240560367703; 0,2863657297566533; 0,4207154158502817; 0,3566037700511515; 0,25701375724747777; 0,4479082962498069; 0,7260579019784927
0,630780910588442; 0,693589371163398; 0,6772882281802595; 0,5551063138991594; 0,753799551166594; 0,035806762520223856; 0,7026982293464243; 0,903300060890615; 0,9365276764146984; 0,7020368492230773; 0,13257727166637778
0,8410483463321293; 0,20211045630276203; 0,8736693314276636; 0,6605296991765499; 0,054225292056798935; 0,8265055282972753; 0,29291420243680477; 0,12996572582051158; 0,12523009674623609; 0,35952224023640156; 0,9579255422577262
0,8376556598836397; 0,9963020705617964; 0,652237924747169; 0,7180782547220588; 0,5901691764593124; 0,022255174349993467; 0,42043391335755587; 0,260094047524035; 0,49663488660007715; 0,934059533290565; 0,5377865331247449
0,827918134904642; 0,40196718322113156; 0,00815755408257246; 0,09825617913156748; 0,9507937477901578; 0,6808787267655134; 0,09384389221668243; 0,22869652975350618; 0,9449293483048677; 0,18355997558683157; 0,026990407146513462
0,8282696346006598; 0,38622852182015777; 0,6440682648681104; 0,39682022063061595; 0,14651001570746303; 0,7196178822778165; 0,06719859642907977; 0,7671546647325158; 0,9247461538761854; 0,5781093295663595; 0,11391539219766855
0,841469211704866; 0,9700343073345721; 0,9596260786056519; 0,5701942192390561; 0,7538138702511787; 0,5963781992904842; 0,2415158012881875; 0,42784729320555925; 0,38624483859166503; 0,6029578652232885; 0,22260463517159224
0,6626709907314826; 0,4301574006676674; 0,039364767260849476; 0,29143843706697226; 0,5870884796604514; 0,06080368859693408; 0,607159627135843; 0,05393419088795781; 0,7547791358083487; 0,2832677373662591; 0,6426807795651257
0,6194720149226217; 0,864204254001379; 0,8307046727277339; 0,7407882935367525; 0,17726924503222108; 0,07239790493622422; 0,5576249654404819; 0,06864186655730009; 0,19508694857358932; 0,4041152256540954; 0,9225705591961741
0,7945801625384814; 0,406767041888088; 0,8196977572515607; 0,08849259652197361; 0,592377052642405; 0,9412355655804276; 0,6132448446005583; 0,691110729239881; 0,09282076358795166; 0,2573642386123538; 0,1934641720727086
0,8408357190482891; 0,897224111482501; 0,9166917251423001; 0,7456143391318619; 0,7248617568984628; 0,8733407529070973; 0,3430081894621253; 0,9226557207293808; 0,8195266262628138; 0,578264688141644; 0,7225539633072913
0,7224929828877165; 0,804407543502748; 0,49380518216639757; 0,6348072239197791; 0,8138151341117918; 0,4380431235767901; 0,3721672031097114; 0,9130395883694291; 0,5353011768311262; 0,8965876721777022; 0,5327373808249831
0,8386447001161869; 0,5249129910953343; 0,26685998775064945; 0,5905435523018241; 0,08251797361299396; 0,59145453479141; 0,33018497144803405; 0,6746672703884542; 0,27902125427499413; 0,6146925226785243; 0,9441450661979616
0,8372201447949655; 0,9176454413682222; 0,7649210952222347; 0,7347849970683455; 0,836646699346602; 0,4141595303080976; 0,1539465505629778; 0,3005065186880529; 0,9129228824749589; 0,6883087079040706; 0,8726614774204791
0,7472016415970517; 0,9897204036824405; 0,7467504292726517; 0,6600186498835683; 0,2599214385263622; 0,30219120159745216; 0,6673912373371422; 0,7105773403309286; 0,6552991797216237; 0,031421239487826824; 0,4477121029049158
0,6703674028871824; 0,5183084700256586; 0,18255310505628586; 0,4927729074843228; 0,8992763115093112; 0,11538884742185473; 0,9244086747057736; 0,6254991497844458; 0,943373391404748; 0,7372329477220774; 0,3774663135409355
0,6942494891835954; 0,7718263776041567; 0,19813751662150025; 0,3282462265342474; 0,22566152177751064; 0,3063136492855847; 0,703970795031637; 0,8743553441017866; 0,7565848636440933; 0,8566575855948031; 0,8321139798499644
0,8233171851912152; 0,6431049783714116; 0,09737747209146619; 0,6733174091205001; 0,3280403218232095; 0,8899129396304488; 0,5922695207409561; 0,8111104159615934; 0,3096364005468786; 0,1535733356140554; 0,2788607948459685
0,8325089390115116; 0,6810653428547084; 0,7649821764789522; 0,3810822325758636; 0,24193860171362758; 0,2565166614949703; 0,17545271571725607; 0,2212971756234765; 0,47082945657894015; 0,38137695472687483; 0,12091572489589453
0,8217183164696548; 0,06313006021082401; 0,1665103668347001; 0,2703132159076631; 0,9719676431268454; 0,6365446224808693; 0,5434292457066476; 0,33606487791985273; 0,2238220446743071; 0,24627058673650026; 0,26564577175304294
0,7444765688223224; 0,31576048070564866; 0,04672117065638304; 0,4108162932097912; 0,1544038220308721; 0,8545112907886505; 0,49526193691417575; 0,3002408049069345; 0,3255325686186552; 0,5127519113011658; 0,7123433966189623
0,809690448832693; 0,12326497957110405; 0,9918530662544072; 0,38519097305834293; 0,2052122987806797; 0,3484335825778544; 0,9564912603236735; 0,2889952901750803; 0,2279230384156108; 0,9538376992568374; 0,894559423904866
0,6487272440111286; 0,4401247943751514; 0,5130373192951083; 0,012962985318154097; 0,9120926042087376; 0,9761909707449377; 0,7844014833681285; 0,2784183737821877; 0,3479590746574104; 0,613381682895124; 0,12982894340530038
0,7935845125997083; 0,3336133253760636; 0,57214136980474; 0,2324083219282329; 0,9697312344796956; 0,5672816350124776; 0,7371975709684193; 0,4956165566109121; 0,520169788505882; 0,8740126886405051; 0,6432469682767987
0,6190019180565449; 0,8706128178164363; 0,08504144055768847; 0,19144616043195128; 0,7928762189112604; 0,09031627280637622; 0,16333879996091127; 0,04729204345494509; 0,03752992255613208; 0,9095637323334813; 0,27036132104694843
0,760207349102661; 0,5756382825784385; 0,2751415530219674; 0,40158928697928786; 0,5634250938892365; 0,9146217252127826; 0,8168041524477303; 0,7645211573690176; 0,7186589720658958; 0,46924384497106075; 0,4712881101295352
0,6833589432363584; 0,024107130244374275; 0,37866252521052957; 0,10645086318254471; 0,3168848198838532; 0,033110267017036676; 0,9116035830229521; 0,9450409072451293; 0,35818812530487776; 0,6107816607691348; 0,5148416426964104
0,6819664937773471; 0,01259703328832984; 0,7851232648827136; 0,7095061913132668; 0,3272053222171962; 0,6144475783221424; 0,7310058795846999; 0,1237812926992774; 0,316154099535197; 0,6801908989436924; 0,05171326128765941
0,8278046200961826; 0,5706853615120053; 0,7229151576757431; 0,0642834110185504; 0,9532508421689272; 0,6415640455670655; 0,6081222970969975; 0,1735080168582499; 0,5983360856771469; 0,8166187657043338; 0,1422970648854971
0,8153876507822584; 0,3177665309049189; 0,6793041741475463; 0,07516852021217346; 0,35839087748900056; 0,7629877966828644; 0,3482963824644685; 0,7304866458289325; 0,10962656978517771; 0,2783498498611152; 0,31987762823700905
0,8043112196756802; 0,883563447277993; 0,485773291438818; 0,20382779324427247; 0,4707171614281833; 0,07586705079302192; 0,6974680926650763; 0,9670480033382773; 0,535959939006716; 0,9766376237384975; 0,13854958163574338
0,8125506310102689; 0,3407337972894311; 0,48241878720000386; 0,6553455065004528; 0,22970511205494404; 0,7454544231295586; 0,2277438836172223; 0,7256344729103148; 0,9256860348396003; 0,890365594998002; 0,6975097684189677
0,8093989358019879; 0,07620009267702699; 0,19260621955618262; 0,6437251772731543; 0,5875516338273883; 0,5400100653059781; 0,8089267886243761; 0,19631285220384598; 0,9207313908264041; 0,5673491694033146; 0,9407055755145848
0,8085670805477058; 0,8079317263327539; 0,5518965600058436; 0,9466407741419971; 0,5751992058940232; 0,9690896272659302; 0,2349394392222166; 0,4662506873719394; 0,9005051306448877; 0,6788936564698815; 0,7152266930788755
0,7654451471180442; 0,12671028822660446; 0,9810438025742769; 0,03833478316664696; 0,4666049280203879; 0,836131077259779; 0,001970370765775442; 0,5417084973305464; 0,40404395665973425; 0,8346728566102684; 0,8640002449974418
0,6961496243268901; 0,2387754786759615; 0,12974371667951345; 0,6164677054621279; 0,22143197851255536; 0,030029228888452053; 0,5629554069600999; 0,5401711268350482; 0,7988421958871186; 0,7094985395669937; 0,7890807935036719
0,810389421337028; 0,022393807768821716; 0,8068850692361593; 0,4613588582724333; 0,7082276013679802; 0,4292391245253384; 0,13703619735315442; 0,536320143379271; 0,3124993611127138; 0,2130184005945921; 0,6971263489685953
0,8404206344446056; 0,3472721935249865; 0,9062976525165141; 0,6133237099274993; 0,5958590963855386; 0,9634750657714903; 0,03000284219160676; 0,548418799880892; 0,26904928544536233; 0,5035486333072186; 0,9534031790681183
0,8409536675709179; 0,31529767950996757; 0,0912993592210114; 0,8279151227325201; 0,7123625944368541; 0,36246156552806497; 0,692656428553164; 0,9495698530226946; 0,6845700964331627; 0,6280009695328772; 0,6205952595919371
0,704744100650328; 0,8343357238918543; 0,5199468447826803; 8,083600550889969E-05; 0,39104664884507656; 0,03839555103331804; 0,33385805878788233; 0,49696699948981404; 0,7755639660172164; 0,4283319339156151; 0,5195015389472246
0,7931831569294462; 0,20172852603718638; 0,684848515316844; 0,9801471144892275; 0,554871276486665; 0,622563214506954; 0,632189566269517; 0,05002922983840108; 0,8885343042202294; 0,4996294020675123; 0,4035552213899791
0,8194265148616986; 0,11818277137354016; 0,29194597573950887; 0,03775233123451471; 0,08523468533530831; 0,008918153587728739; 0,6820719446986914; 0,9627514211460948; 0,42859714291989803; 0,17626026272773743; 0,38252806616947055
0,6182728993262191; 0,13230358390137553; 0,5335868238471448; 0,36896202340722084; 0,329314770642668; 0,5055212136358023; 0,7562600239180028; 0,23948256252333522; 0,02710829023271799; 0,7886101575568318; 0,8531135614030063
0,7696404144756085; 0,5731036863289773; 0,06752312649041414; 0,7955302712507546; 0,23838463006541133; 0,10143147502094507; 0,2518025329336524; 0,7064986261539161; 0,7456596670672297; 0,1170698469504714; 0,9236596296541393
0,6369785198260963; 0,6883181310258806; 0,07078452780842781; 0,7984914565458894; 0,5273141381330788; 0,6063370830379426; 0,4950227993540466; 0,9889853489585221; 0,5424654395319521; 0,8397552925162017; 0,4001572127453983
0,6264677178388659; 0,9177858433686197; 0,5948340892791748; 0,6177555108442903; 0,4850105559453368; 0,2170098265632987; 0,5900111943483353; 0,1263004606589675; 0,06438109558075666; 0,28533131862059236; 0,5314241466112435
0,6643263557897693; 0,00010916311293840408; 0,7950806538574398; 0,8451322121545672; 0,046128387562930584; 0,20230933418497443; 0,6714886627160013; 0,6488910582847893; 0,8288381202146411; 0,7025230200961232; 0,17508031567558646
0,6443139539276972; 0,3996550156734884; 0,773953780066222; 0,695029862690717; 0,04689386300742626; 0,07816866133362055; 0,860450244974345; 0,025882385205477476; 0,012804273050278425; 0,006397135090082884; 0,9324686047621071
0,8414405250615273; 0,9092391990125179; 0,8227372285909951; 0,796223621815443; 0,5865198471583426; 0,37551206164062023; 0,26896892255172133; 0,14481224538758397; 0,5107767358422279; 0,9373843255452812; 0,45146307768300176
0,685984867455553; 0,7671738434582949; 0,33267242601141334; 0,47126143192872405; 0,5720236198976636; 0,4842490595765412; 0,4958728845231235; 0,13964446261525154; 0,19046714529395103; 0,965018411166966; 0,01653818693011999
0,8212548879062233; 0,854256649967283; 0,972446353174746; 0,3311678236350417; 0,5581611394882202; 0,8146918811835349; 0,7221779301762581; 0,8402184047736228; 0,2708856421522796; 0,907586878631264; 0,332824622746557
0,6181968500782322; 0,2786462469957769; 0,7679678164422512; 0,5642435075715184; 0,35742145078256726; 0,7154107480309904; 0,7460290030576289; 0,7366084274835885; 0,09982449794188142; 0,5290567064657807; 0,9019559547305107
0,8385204993105656; 0,7839222103357315; 0,6269716746173799; 0,6479647681117058; 0,46281314827501774; 0,7750005437992513; 0,4334703073836863; 0,7641014903783798; 0,3873067027889192; 0,5890179597772658; 0,27600643411278725
0,6461265896079521; 0,3912481446750462; 0,19959289766848087; 0,9180445335805416; 0,9314635605551302; 0,8038809262216091; 0,2267750883474946; 0,9667664696462452; 0,7321465541608632; 0,18038492556661367; 0,4765629437752068
0,6432640126926246; 0,4861798733472824; 0,6578431893140078; 0,9165136693045497; 0,5698424866423011; 0,36766581423580647; 0,7063975580967963; 0,3575298781506717; 0,7594866827130318; 0,4025918086990714; 0,37503719981759787
0,7413221066918544; 0,013573110103607178; 0,6737453914247453; 0,28714337293058634; 0,22831927798688412; 0,9569988287985325; 0,5522475452162325; 0,8336373884230852; 0,4676477974280715; 0,4231180907227099; 0,8769254987128079
0,8344461063179283; 0,4945728196762502; 0,7178163481876254; 0,31946868635714054; 0,25444624992087483; 0,8622310725040734; 0,48692543199285865; 0,4097085241228342; 0,1973614813759923; 0,2123879292048514; 0,45148586155846715
0,6941580811323813; 0,05579877644777298; 0,06079067010432482; 0,7556102089583874; 0,08866276126354933; 0,36748537002131343; 0,18453471409156919; 0,5769609655253589; 0,06764593673869967; 0,822936165612191; 0,06643836991861463
0,7545510196296741; 0,11734534660354257; 0,5241713100112975; 0,045295939315110445; 0,040229639038443565; 0,2804431696422398; 0,2550026378594339; 0,5588192450813949; 0,9053028323687613; 0,9723019893281162; 0,5273766736499965
0,830517862551237; 0,49921751907095313; 0,5919877458363771; 0,15858674002811313; 0,743404293898493; 0,6458766488358378; 0,34065652918070555; 0,712190383579582; 0,4577235970646143; 0,06422646623104811; 0,9241976314224303
0,7174780942921146; 0,7898490475490689; 0,8319756323471665; 0,3017348316498101; 0,3757488112896681; 0,21564112743362784; 0,004533215891569853; 0,747470201458782; 0,3401540978811681; 0,7645735484547913; 0,5446523269638419
0,7114313144654439; 0,898234595078975; 0,06502412538975477; 0,04580556135624647; 0,9512271103449166; 0,510252904612571; 0,720200517680496; 0,4899334255605936; 0,5779601316899061; 0,9313751929439604; 0,6837879787199199
0,7897097125123443; 0,6925193406641483; 0,5430955700576305; 0,06704788282513618; 0,8563344553112984; 0,17215214017778635; 0,893288990482688; 0,6470247842371464; 0,7319981884211302; 0,025487570092082024; 0,5860929875634611
0,7602151975430728; 0,15727419313043356; 0,6967845163308084; 0,5273667555302382; 0,25502197397872806; 0,44046702701598406; 0,7570967045612633; 0,2903481386601925; 0,2612473019398749; 0,13213643804192543; 0,4101022402755916
0,838898730532042; 0,5011562369763851; 0,7898491825908422; 0,46803055657073855; 0,9845123360864818; 0,13939104415476322; 0,45983951026573777; 0,516907746437937; 0,19106826512143016; 0,41432549664750695; 0,8722327668219805
0,6188842636996548; 0,9794472330249846; 0,5191439823247492; 0,4021998383104801; 0,926181681919843; 0,9955394915305078; 0,31043715588748455; 0,6164654097519815; 0,629020445048809; 0,5140343778766692; 0,04345700470730662
0,7550687902605726; 0,07710800459608436; 0,5390620403923094; 0,7084332215599716; 0,25507709477096796; 0,7256704797036946; 0,8068547677248716; 0,6473228237591684; 0,5000446732155979; 0,0820589973591268; 0,6658468446694314
0,8035865558727974; 0,7237324444577098; 0,18641309579834342; 0,2077434859238565; 0,22591006103903055; 0,7075600447133183; 0,364593215752393; 0,11452733026817441; 0,5546196438372135; 0,17682675179094076; 0,8719925275072455
0,8075636275170684; 0,31136103719472885; 0,12286043399944901; 0,08634848054498434; 0,1215785825625062; 0,9827414145693183; 0,47714830096811056; 0,7285942011512816; 0,3566127922385931; 0,023528180085122585; 0,30972784850746393
0,6441173562594864; 0,8610646612942219; 0,8160132011398673; 0,9697357369586825; 0,8928093654103577; 0,303078705444932; 0,6737737194634974; 0,3127315416932106; 0,797378689981997; 0,20620502345263958; 0,48247183207422495
0,8378448192117155; 0,3271512892097235; 0,5866881622932851; 0,9270479013212025; 0,5527464770711958; 0,8727519242092967; 0,7532074088230729; 0,710500571411103; 0,2487817187793553; 0,520428900141269; 0,8325595115311444
0,6202618827366391; 0,47855417523533106; 0,772604230325669; 0,5898534581065178; 0,33626999240368605; 0,22582929860800505; 0,7174077513627708; 0,14132186584174633; 0,8655148805119097; 0,6076156995259225; 0,42805803194642067
0,8296781947631048; 0,14321939274668694; 0,41562000196427107; 0,5802334593608975; 0,31804747181013227; 0,146493686363101; 0,49670555954799056; 0,7308256048709154; 0,714978804346174; 0,5870505762286484; 0,6586401024833322
0,6538051738081068; 0,6624104073271155; 0,3462524972856045; 0,5378372566774487; 0,771067091729492; 0,9416583580896258; 0,5343566532246768; 0,4885050728917122; 0,6160172335803509; 0,913996088784188; 0,23882844438776374
0,6626410265233403; 0,20501943118870258; 0,20204241387546062; 0,02478285599499941; 0,1434788154438138; 0,9420167608186603; 0,0391102721914649; 0,8038107086904347; 0,19423800148069859; 0,5008228458464146; 0,5710156359709799
0,8305657038448326; 0,4154981719329953; 0,5927420784719288; 0,7219230774790049; 0,3580024014227092; 0,7532709110528231; 0,7211413271725178; 0,4924225267022848; 0,08054219093173742; 0,4057068810798228; 0,23296349635347724
0,8300188855842742; 0,24441201519221067; 0,8462784760631621; 0,3623501998372376; 0,4871660848148167; 0,804177563637495; 0,22327102068811655; 0,44722324423491955; 0,7200498539023101; 0,500358060002327; 0,9768898515030742
0,8183574454318095; 0,3757940116338432; 0,43773561529815197; 0,29531126050278544; 0,10737685207277536; 0,8545384993776679; 0,8134772730991244; 0,3377739707939327; 0,6428721304982901; 0,40559745533391833; 0,7152464617975056
0,8207257866245383; 0,13721221406012774; 0,11586389224976301; 0,8215730139054358; 0,7150848335586488; 0,5887696342542768; 0,755053352098912; 0,5293018310330808; 0,30913478787988424; 0,08243015920743346; 0,5493217273615301
0,8163708673572903; 0,032166635151952505; 0,36674577556550503; 0,5980461030267179; 0,0937154688872397; 0,995080254971981; 0,7322357525117695; 0,9349685958586633; 0,08485148707404733; 0,026191471144557; 0,1349143125116825
0,8407723882305533; 0,11030164267867804; 0,8116855178959668; 0,4180349688977003; 0,01987029379233718; 0,9882896956987679; 0,40104757947847247; 0,18092372361570597; 0,6023310460150242; 0,3853491526097059; 0,3607965442351997
0,8032301534881551; 0,9786579767242074; 0,9502482325769961; 0,626371247228235; 0,08199318731203675; 0,6461027124896646; 0,3025466250255704; 0,13930334895849228; 0,8580208825878799; 0,284012243617326; 0,5997142088599503
0,6659624722060422; 0,9387830421328545; 0,06298353988677263; 0,9393944521434605; 0,3735813610255718; 0,054823052138090134; 0,888569806702435; 0,9498446839861572; 0,7107547959312797; 0,9907881803810596; 0,830211556982249
0,8330086393981447; 0,430447761900723; 0,4839759785681963; 0,647533621173352; 0,20376426121219993; 0,829593294300139; 0,5043422859162092; 0,008803339209407568; 0,46963853295892477; 0,6728612720035017; 0,7876340905204415
0,6446002513578637; 0,7992492411285639; 0,39771613385528326; 0,7975836214609444; 0,0910121314227581; 0,027560899034142494; 0,9060875130817294; 0,35109223425388336; 0,16918816370889544; 0,36301251593977213; 0,06874723266810179
0,8053227371064293; 0,25138595327734947; 0,08233614219352603; 0,23354051867499948; 0,8821356231346726; 0,4638091907836497; 0,9882353004068136; 0,5477567692287266; 0,9435076271183789; 0,40315821254625916; 0,48917231895029545
0,8187156885374737; 0,24628874380141497; 0,5137226842343807; 0,3104440183378756; 0,8779369127005339; 0,7253125426359475; 0,1253637452609837; 0,644425118342042; 0,27373787527903914; 0,5619662408716977; 0,06593803223222494
0,8259379919261289; 0,48900959687307477; 0,6547376769594848; 0,7541212760843337; 0,8533016755245626; 0,8535724133253098; 0,6026110304519534; 0,16515075601637363; 0,49498152267187834; 0,7234788690693676; 0,025235585402697325
0,6458017095380103; 0,09248446859419346; 0,8125495039857924; 0,7789708487689495; 0,42971033696085215; 0,0690450225956738; 0,8459847313351929; 0,29094258369877934; 0,1871123700402677; 0,3448288976214826; 0,07512364350259304
0,762822714905573; 0,5054783099330962; 0,6069277469068766; 0,9680755063891411; 0,24336332408711314; 0,5259561152197421; 0,8767444328404963; 0,5374609003774822; 0,8748218333348632; 0,44344005873426795; 0,008058707695454359
0,7847400409985625; 0,20303538674488664; 0,31210080394521356; 0,07993213646113873; 0,5896031730808318; 0,45673417625948787; 0,08149712858721614; 0,6971484054811299; 0,645525130443275; 0,7090178867802024; 0,27482044231146574
0,7406999200979807; 0,21425217483192682; 0,605957631021738; 0,2445044876076281; 0,6731173628941178; 0,3229888044297695; 0,7822983409278095; 0,2874750280752778; 0,43253509514033794; 0,27776905754581094; 0,6643575956113636
0,8398899697706339; 0,36632679821923375; 0,9031151263043284; 0,4972456763498485; 0,3081008982844651; 0,1866419529542327; 0,36685864720493555; 0,47054176963865757; 0,7949679843150079; 0,8533915053121746; 0,8282151385210454
0,8363711094730504; 0,026440382469445467; 0,8348535876721144; 0,6885907044634223; 0,29681321466341615; 0,4160081618465483; 0,47025431925430894; 0,9510757401585579; 0,40059366961941123; 0,9392543616704643; 0,6125327227637172
0,8080200592060284; 0,6330672367475927; 0,6831838181242347; 0,7821353911422193; 0,13894547428935766; 0,016248049214482307; 0,5091820475645363; 0,6026753280311823; 0,2149059367366135; 0,4600544082932174; 0,22598361689597368
0,8412884379138496; 0,8915824461728334; 0,9481142829172313; 0,7156385905109346; 0,37292739981785417; 0,3073289287276566; 0,006412235554307699; 0,08688651444390416; 0,5371749931946397; 0,6828864542767406; 0,556860248092562
0,6225379965133123; 0,4134714622050524; 0,7600387767888606; 0,8762191906571388; 0,10976250236853957; 0,7432210277765989; 0,9479102483019233; 0,42699604807421565; 0,7330372715368867; 0,0960334581322968; 0,7321037133224308
0,7965597880749111; 0,6711800871416926; 0,32480203500017524; 0,8992710500024259; 0,021710422821342945; 0,23752770479768515; 0,3721539326943457; 0,051360261626541615; 0,49749079812318087; 0,21560660703107715; 0,26109890453517437
0,7733305946814808; 0,37990656588226557; 0,764856522437185; 0,48316103173419833; 0,5101784206926823; 0,9326710049062967; 0,2528150798752904; 0,724485537968576; 0,8900537150911987; 0,06586654344573617; 0,5744333136826754
0,799313433272627; 0,5797936297021806; 0,6405500718392432; 0,3431953708641231; 0,7081405897624791; 0,28926021372899413; 0,18841308215633035; 0,7318789632990956; 0,2948175738565624; 0,4060193379409611; 0,5334837511181831
0,7492670766167115; 0,8195434538647532; 0,32578184828162193; 0,6968904612585902; 0,6594167212024331; 0,08379206992685795; 0,45688548823818564; 0,9896009480580688; 0,16032994398847222; 0,6517827934585512; 0,38082937337458134
0,8073411193603289; 0,18164305528625846; 0,36684636725112796; 0,13537771813571453; 0,6953493682667613; 0,6129685682244599; 0,5516210431233048; 0,9300024597905576; 0,30816491739824414; 0,561891898047179; 0,7287808079272509
0,8413749384413234; 0,9450659696012735; 0,6268150960095227; 0,9328270046971738; 0,8726409575901926; 0,3192554274573922; 0,27919982839375734; 0,7781615210697055; 0,19741922803223133; 0,7128733703866601; 0,24053267296403646
0,8085863010632353; 0,3415979268029332; 0,20340821193531156; 0,4564360068179667; 0,8342042006552219; 0,08419655309990048; 0,7080548065714538; 0,026414666324853897; 0,6276127509772778; 0,8530642129480839; 0,4655755660496652
0,8414236955286053; 0,41049577249214053; 0,5686269453726709; 0,34934087796136737; 0,31603484600782394; 0,5436271098442376; 0,5935051571577787; 0,7365897325798869; 0,8178116581402719; 0,013894392643123865; 0,9146852060221136
0,8298938750726755; 0,8696927004493773; 0,9301637341268361; 0,5949598769657314; 0,20974474726244807; 0,7913891328498721; 0,8642572741955519; 0,2451216415502131; 0,5173015091568232; 0,5515078795142472; 0,6817198824137449
0,7749664359779588; 0,5748908091336489; 0,4700023294426501; 0,5331255374476314; 0,05842602485790849; 0,986085822340101; 0,08346587419509888; 0,29360231291502714; 0,9274022169411182; 0,5646981308236718; 0,45317551912739873
0,7945672579401547; 0,44541398296132684; 0,8087541572749615; 0,8710680291987956; 0,6911590043455362; 0,9632983859628439; 0,4260668735951185; 0,25493285804986954; 0,5595315047539771; 0,673039342276752; 0,32851418340578675
0,8185586146620702; 0,05951989023014903; 0,41702348878607154; 0,6414061328396201; 0,23720967769622803; 0,8437432856298983; 0,6725771273486316; 0,5689905784092844; 0,389925011433661; 0,28706111619248986; 0,5842761527746916
0,7212339789442673; 0,3049263767898083; 0,738990624435246; 0,07543198298662901; 0,11780101852491498; 0,17640897259116173; 0,8872565841302276; 0,5472199595533311; 0,8233670559711754; 0,7172625940293074; 0,2997677940875292
0,7458741658154131; 0,45422904239967465; 0,8999703540466726; 0,646768209990114; 0,02013096772134304; 0,197503668256104; 0,9629854350350797; 0,7809198293834925; 0,975074902176857; 0,713177144061774; 0,4429763285443187
0,8406753793146611; 0,8983912514522672; 0,9120756629854441; 0,7889445158652961; 0,5584193896502256; 0,5499691464938223; 0,5425311513245106; 0,5008036918006837; 0,6660104007460177; 0,4427333865314722; 0,8777973651885986
0,6293386578194946; 0,7733627990819514; 0,5725311725400388; 0,33124490920454264; 0,056657711043953896; 0,07694786973297596; 0,043014887254685163; 0,23930593486875296; 0,22731268452480435; 0,7494943640194833; 0,6757592158392072
0,6186962362188081; 0,5376456566154957; 0,23219772335141897; 0,44531420059502125; 0,17121414514258504; 0,7336078425869346; 0,04478709166869521; 0,4760982422158122; 0,961897708941251; 0,1325157880783081; 0,5722075738012791
0,8407908483554247; 0,900154747068882; 0,9028658978641033; 0,6405519456602633; 0,8140313937328756; 0,6997648254036903; 0,26645686011761427; 0,24226400023326278; 0,7987027382478118; 0,3777517513372004; 0,5637308368459344
0,8355357142468623; 0,5286878221668303; 0,957507629878819; 0,21430216962471604; 0,13978657824918628; 0,39637341536581516; 0,40884131425991654; 0,7291544089093804; 0,8179866191931069; 0,44306716602295637; 0,33782036043703556
0,6606573773336452; 0,6398765514604747; 0,3118450245819986; 0,34915373288095; 0,8310146164149046; 0,0009622690267860889; 0,9007566422224045; 0,6860559824854136; 0,5659117535687983; 0,41250008763745427; 0,19410867150872946
0,7119017055738409; 0,5834719161503017; 0,9699762482196093; 0,36603022227063775; 0,8921595388092101; 0,508029640186578; 0,9757794342003763; 0,02253327053040266; 0,7731105531565845; 0,2180094220675528; 0,6715994835831225
0,7955684720854258; 0,5464659756980836; 0,10563833033666015; 0,3366899178363383; 0,5725730075500906; 0,18894948856905103; 0,4531034720130265; 0,6851871777325869; 0,6168204373680055; 0,3576298668049276; 0,8603937705047429
0,826203163777411; 0,19013695744797587; 0,5757578117772937; 0,6438579163514078; 0,43546081939712167; 0,22276089945808053; 0,5517413639463484; 0,711633418686688; 0,03923957934603095; 0,022940342780202627; 0,4999337852932513
0,7581073085784275; 0,6438033753074706; 0,9505948191508651; 0,04741360107436776; 0,6804585373029113; 0,5337865529581904; 0,6705749654211104; 0,7382530476897955; 0,530400930903852; 0,24690926540642977; 0,7579676145687699
0,7383111569766173; 0,556871181819588; 0,29036763589829206; 0,8726342916488647; 0,2995394770987332; 0,7313092201948166; 0,3662258838303387; 0,6481449333950877; 0,6154491445049644; 0,6215289440006018; 0,7707563978619874
0,751251336391071; 0,030818046536296606; 0,9144490482285619; 0,56378527963534; 0,83630127646029; 0,8023399962112308; 0,9295403361320496; 0,8643876756541431; 0,7092075739055872; 0,28588367672637105; 0,0873842416331172
0,8296123036275402; 0,5609587007202208; 0,31179093942046165; 0,4791867742314935; 0,6038780016824603; 0,7607317622750998; 0,006141705438494682; 0,14447351219132543; 0,010523244272917509; 0,2294616922736168; 0,6825685980729759
0,6575301268078136; 0,4189303470775485; 0,8953396906144917; 0,18071524146944284; 0,39919883059337735; 0,9598801909014583; 0,7112970021553338; 0,514487590175122; 0,41512548504397273; 0,2908516670577228; 0,25029153283685446
0,7848008505668269; 0,4068169863894582; 0,181287185754627; 0,8084124336019158; 0,09337182249873877; 0,33888216223567724; 0,24784739408642054; 0,31287864223122597; 0,4937812965363264; 0,18018141807988286; 0,529549531172961
0,8158316247603806; 0,0648567033931613; 0,1770658614113927; 0,002627358306199312; 0,008935419376939535; 0,7559743374586105; 0,3041814165189862; 0,17354113282635808; 0,38601504592224956; 0,6247199093922973; 0,14115464687347412
0,8392459549390476; 0,3769983178935945; 0,553475646302104; 0,4942804775200784; 0,30532843992114067; 0,22043404076248407; 0,19317803625017405; 0,02576221665367484; 0,09628249052911997; 0,32588224299252033; 0,7632681271061301
0,7691649893887648; 0,030940203927457333; 0,19421473052352667; 0,042116628494113684; 0,8909202087670565; 0,7468480104580522; 0,30486274138092995; 0,01841282844543457; 0,4770122333429754; 0,3063274729065597; 0,35384202329441905
0,7308254582056015; 0,9148396197706461; 0,4822453632950783; 0,43694793665781617; 0,623525443021208; 0,8896445473656058; 0,22813302371650934; 0,5410651643760502; 0,9358132155612111; 0,944417797960341; 0,9913120614364743
0,7140300045542839; 0,43432486802339554; 0,04091080371290445; 0,8146430966444314; 0,09580300515517592; 0,03479364048689604; 0,7904270933941007; 0,4726487132720649; 0,3321579759940505; 0,11050531547516584; 0,11479138536378741
0,841356706728014; 0,597991350106895; 0,556552148424089; 0,7612385554239154; 0,7859842870384455; 0,9986161338165402; 0,6293375599198043; 0,39855064591392875; 0,11491904640570283; 0,7829481055960059; 0,5432353862561285
0,780125702921286; 0,8402294563129544; 0,5648287739604712; 0,13302621943876147; 0,13996831234544516; 0,24572873581200838; 0,417328346055001; 0,22080767014995217; 0,7397847399115562; 0,7630064142867923; 0,09532003058120608
0,7820436951645011; 0,09035535156726837; 0,7486751256510615; 0,8731436631642282; 0,9410741059109569; 0,917642196174711; 0,11265582079067826; 0,9375438466668129; 0,318688181694597; 0,9298657909967005; 0,29053012328222394
0,6540636851214328; 0,6776280142366886; 0,31816056091338396; 0,8855590294115245; 0,659878303296864; 0,8039131085388362; 0,04191489750519395; 0,46308386605232954; 0,6909374818205833; 0,08384021650999784; 0,7868032581172884
0,6369177982555435; 0,8579845344647765; 0,3819023105315864; 0,7557471520267427; 0,33990808902308345; 0,6704631103202701; 0,9097946132533252; 0,9247601926326752; 0,607253089081496; 0,16657609585672617; 0,5059137013740838
0,8117732596725042; 0,5179250142537057; 0,7202052162028849; 0,7116346242837608; 0,16516866674646735; 0,10621982486918569; 0,3510604724287987; 0,5091494494117796; 0,9200055096298456; 0,4721865658648312; 0,8489395617507398
0,8115920401567168; 0,9055067766457796; 0,15361125068739057; 0,3359869052655995; 0,1835591453127563; 0,6991146472282708; 0,049266818445175886; 0,25865228893235326; 0,5032165460288525; 0,9813835257664323; 0,06759266462177038
0,7068212669296685; 0,921053312253207; 0,9899254352785647; 0,8474071472883224; 0,6556548625230789; 0,11564476462081075; 0,7473866515792906; 0,10340176802128553; 0,4813589593395591; 0,6885336702689528; 0,6673554005101323
0,7679529042009954; 0,45799301797524095; 0,859697216656059; 0,44158620527014136; 0,39705198211595416; 0,9068799591623247; 0,6158391367644072; 0,7025466151535511; 0,9986247546039522; 0,3648905036970973; 0,9863210455514491
0,7460808832307263; 0,6172498753294349; 0,3106855684891343; 0,34864752320572734; 0,34556117746979; 0,9042963981628418; 0,8799865385517478; 0,7458286499604583; 0,32375953113660216; 0,290140759665519; 0,6160683878697455
0,7487138655929996; 0,3381514400243759; 0,03933094860985875; 0,4588868375867605; 0,36188844684511423; 0,5091178356669843; 0,021426407620310783; 0,7358539747074246; 0,7674581790342927; 0,915474561508745; 0,05614493554458022
0,8400763584021013; 0,7106441939249635; 0,6935534025542438; 0,7482559834606946; 0,3017264730297029; 0,622007925529033; 0,29239706974476576; 0,5982538722455502; 0,2311071828007698; 0,4769416111521423; 0,8949357885867357
0,7203545112353094; 0,2687722109258175; 0,18815887672826648; 0,5519463932141662; 0,7363231028430164; 0,5451140701770782; 0,8896186463534832; 0,05375821143388748; 0,299322216771543; 0,6368365846574306; 0,6906127436086535
0,6974327753541161; 0,6477810172364116; 0,9187128716148436; 0,45870982948690653; 0,6043016300536692; 0,5965146557427943; 0,9601227608509362; 0,9401686522178352; 0,9611232397146523; 0,7810230976901948; 0,40351952239871025
0,8345526624344313; 0,8759782765991986; 0,4637881079688668; 0,21894205827265978; 0,21580526465550065; 0,8416986246593297; 0,46840601973235607; 0,16419702908024192; 0,8980200658552349; 0,996019549202174; 0,7599147884175181
0,7311874321507248; 0,6812400356866419; 0,4351385971531272; 0,28761500772088766; 0,7717314367182553; 0,2795388037338853; 0,005336341913789511; 0,2525159125216305; 0,019421768374741077; 0,23671637196093798; 0,8200648333877325
0,6819489401379165; 0,7157683419063687; 0,45556239504367113; 0,5097116981633008; 0,17228000238537788; 0,49886009050533175; 0,962007649242878; 0,5932863829657435; 0,43490278208628297; 0,7321559051051736; 0,48826334858313203
0,6198580565068262; 0,9000557670369744; 0,15505324164405465; 0,908672584220767; 0,384631693828851; 0,8353730081580579; 0,49725759914144874; 0,3825370636768639; 0,7325654560700059; 0,7161368583329022; 0,6648657005280256
0,8371907989846636; 0,6455182242207229; 0,33004931593313813; 0,2765823770314455; 0,2848872267641127; 0,9120424329303205; 0,2979177343659103; 0,47824440617114305; 0,25119033362716436; 0,45665134442970157; 0,10737274074926972
0,8067789538039606; 0,06574814952909946; 0,13173314463347197; 0,4248597356490791; 0,568349848035723; 0,1520223286934197; 0,7993685528635979; 0,7414040006697178; 0,8431548294611275; 0,6531988540664315; 0,4379215333610773
0,6187450614023919; 0,6570947831496596; 0,7189051969908178; 0,871206084266305; 0,4519136846065521; 0,3808279833756387; 0,5380965853109956; 0,42882520891726017; 0,6071272818371654; 0,07844859128817916; 0,6007834230549634
0,6399668466323345; 0,8113528150133789; 0,19401322398334742; 0,549404710996896; 0,449666959233582; 0,10271925292909145; 0,4893847359344363; 0,8711461196653545; 0,27530540246516466; 0,008016522042453289; 0,24196892604231834
0,618391535302605; 0,9736672821454704; 0,4296377059072256; 0,02121484000235796; 0,7042360017076135; 0,3748128078877926; 0,8413670309819281; 0,6282650544308126; 0,32060563331469893; 0,5702083702199161; 0,3513237345032394
0,8408442409012561; 0,3398224329575896; 0,615381833165884; 0,7707514991052449; 0,12386964587494731; 0,7352846930734813; 0,4225677400827408; 0,8363503995351493; 0,39942013286054134; 0,03094174712896347; 0,007623060140758753
0,8384328132119062; 0,06098244804888964; 0,41637046495452523; 0,20028738770633936; 0,6856244397349656; 0,26830734219402075; 0,5815723543055356; 0,5933069852180779; 0,06754203699529171; 0,1701465486548841; 0,6898923460394144
0,8183738159432172; 0,18856626329943538; 0,4461589492857456; 0,17255757562816143; 0,4790333127602935; 0,39837935334071517; 0,6788669899106026; 0,8962787003256381; 0,5695247435942292; 0,07897296035662293; 0,9133406854234636
0,8068753795274783; 0,6014634226448834; 0,41888214042410254; 0,7586607877165079; 0,6836672630161047; 0,9830095120705664; 0,30776472855359316; 0,19238267512992024; 0,7235148465260863; 0,4659147714264691; 0,45639839489012957
0,8414634879994599; 0,7296461574733257; 0,7526794709265232; 0,5279752551577985; 0,2736292667686939; 0,6780622727237642; 0,06381497113034129; 0,8618814460933208; 0,9921998912468553; 0,9745236556045711; 0,3471866329200566
0,799926604476068; 0,654822158627212; 0,3716721651144326; 0,458908474072814; 0,1406560679897666; 0,5681575229391456; 0,8765704091638327; 0,29889668757095933; 0,4725945624522865; 0,49862136133015156; 0,6613252493552864
0,8370019582870895; 0,7786532496102154; 0,3774604578502476; 0,19684422574937344; 0,9961090213619173; 0,5925773279741406; 0,9942362713627517; 0,937065945006907; 0,0979633773677051; 0,08799909334629774; 0,8551110341213644
0,6324205366674873; 0,15854964824393392; 0,5673724296502769; 0,7471981863491237; 0,12613419024273753; 0,7379826344549656; 0,8367753853090107; 0,16613771999254823; 0,347975704818964; 0,5286802230402827; 0,8995839497074485
0,722197608970984; 0,5533870342187583; 0,45014688465744257; 0,28861703537404537; 0,9649581671692431; 0,17712879180908203; 0,7243217742070556; 0,9009198932908475; 0,16634984454140067; 0,768103257752955; 0,08266924554482102
0,7972357193817882; 0,9024284682236612; 0,3835416524671018; 0,7071590078994632; 0,9336644168943167; 0,14698684634640813; 0,22598776035010815; 0,8119925297796726; 0,019970778841525316; 0,15598111506551504; 0,8025589464232326
0,6933831308405969; 0,966318684630096; 0,08178174030035734; 0,25518698524683714; 0,15735561633482575; 0,8537685661576688; 0,7000969564542174; 0,428913002833724; 0,024535636883229017; 0,3440605034120381; 0,14935927465558052
0,6534557846423116; 0,13289737328886986; 0,10850278101861477; 0,8823759430088103; 0,14204107550904155; 0,16858844319358468; 0,029174644500017166; 0,9899913831613958; 0,2441503764130175; 0,3130210479721427; 0,9063710914924741
0,7864102776988495; 0,5842301808297634; 0,6805385746993124; 0,9354434655979276; 0,22590924054384232; 0,1779768131673336; 0,24068182613700628; 0,10562692629173398; 0,5461136517114937; 0,8438852336257696; 0,05794522678479552
0,8394170539795748; 0,2752833222039044; 0,7367009045556188; 0,13636275427415967; 0,5249696611426771; 0,023976835887879133; 0,47151754423975945; 0,12257912708446383; 0,7340572876855731; 0,6526006138883531; 0,4552378044463694
0,7012852731948676; 0,3759376248344779; 0,509179434273392; 0,6357952957041562; 0,5228569521568716; 0,05851546349003911; 0,2549959016032517; 0,9722471875138581; 0,6985885975882411; 0,4179805093444884; 0,06431940197944641
0,8414183042235568; 0,757016315124929; 0,7793646515347064; 0,6670507313683629; 0,015524674206972122; 0,6141970530152321; 0,4759003361687064; 0,8010665038600564; 0,016692838165909052; 0,4731735265813768; 0,648400460369885
0,840864830491026; 0,9852549727074802; 0,84199527092278; 0,628560921177268; 0,913226239848882; 0,8500093217007816; 0,4010757813230157; 0,548300629016012; 0,1786360959522426; 0,14658819558098912; 0,1448322907090187
0,7960067890685988; 0,2591751688160002; 0,7181065208278596; 0,6452402626164258; 0,11450576689094305; 0,5856813490390778; 0,5488598602823913; 0,35450499365106225; 0,7810600772500038; 0,16902118362486362; 0,71474793786183
0,8104920841338935; 0,921203525736928; 0,691756300162524; 0,7406309647485614; 0,7768420865759254; 0,69746008887887; 0,7074294160120189; 0,7738785473629832; 0,9727480886504054; 0,1861780439503491; 0,2894026190042496
0,6218994442307; 0,4144251365214586; 0,6406029392965138; 0,7767424327321351; 0,2476273332722485; 0,9200299461372197; 0,7392752273008227; 0,7466936148703098; 0,6418871968053281; 0,463615866843611; 0,7596977478824556
0,8400331169056011; 0,27480713836848736; 0,46868621464818716; 0,4897858793847263; 0,388408413156867; 0,9205775889568031; 0,2635288587771356; 0,1705071283504367; 0,2343838349916041; 0,5072989603504539; 0,46621957421302795
0,7273744638138949; 0,4343633493408561; 0,33855671528726816; 0,14756837207823992; 0,5134150027297437; 0,4994655977934599; 0,458097480237484; 0,40937710320577025; 0,574386325199157; 0,045408133417367935; 0,3145061661489308
0,835553829629807; 0,3701228881254792; 0,6048268312588334; 0,43481137976050377; 0,14564347686246037; 0,4732896313071251; 0,29972493229433894; 0,3653495470061898; 0,24435016931965947; 0,044952668249607086; 0,568559976760298
0,6773030834670676; 0,941551108378917; 0,6329838507808745; 0,7254589307121933; 0,2575425445102155; 0,9792396663688123; 0,002103541512042284; 0,016906287521123886; 0,21864696638658643; 0,7160100173205137; 0,9700836259871721
0,6948641723092926; 0,38422689074650407; 0,6118250219151378; 0,282426122110337; 0,04073099233210087; 0,5516705843620002; 0,08018000889569521; 0,20427171466872096; 0,3301325193606317; 0,04545382782816887; 0,16575983818620443
0,8340163525857587; 0,27923686243593693; 0,05937566980719566; 0,07582309702411294; 0,25661190366372466; 0,9058225806802511; 0,44027323508635163; 0,1665811357088387; 0,8763094134628773; 0,09629598213359714; 0,7664696383289993
0,7716758516227088; 0,780960381962359; 0,5330311637371778; 0,649169244337827; 0,850390010047704; 0,46426319796591997; 0,3528902931138873; 0,5078793540596962; 0,7605074183084071; 0,477778481785208; 0,5971628003753722
0,812386582605986; 0,22057834640145302; 0,4937878791242838; 0,4752029809169471; 0,1106970626860857; 0,602343961596489; 0,6383936288766563; 0,9286803142167628; 0,2710927650332451; 0,27686969796195626; 0,5444053472019732
0,8407212693481859; 0,5354054803028703; 0,9987617102451622; 0,7479598824866116; 0,7712213695049286; 0,8080762168392539; 0,2782924985513091; 0,16914983931928873; 0,5998069825582206; 0,6553556150756776; 0,06310938997194171
0,6920180468904439; 0,3166807275265455; 0,6873990944586694; 0,13924339693039656; 0,050097836181521416; 0,8241575597785413; 0,7167791118845344; 0,7440179907716811; 0,16992888087406754; 0,15474971011281013; 0,39864238584414124
0,8225384853231011; 0,40159824630245566; 0,30778705701231956; 0,5232993559911847; 0,5375610431656241; 0,5875467723235488; 0,5067444145679474; 0,7028221301734447; 0,839250149205327; 0,042316755279898643; 0,3524605338461697
0,6555793215810792; 0,5359143507666886; 0,5908026481047273; 0,21242711646482348; 0,7305257976986468; 0,747084831353277; 0,8696699244901538; 0,8946147579699755; 0,2589247147552669; 0,9811451588757336; 0,190501740667969
0,786002421738456; 0,9952284661121666; 0,9788218080066144; 0,38482509227469563; 0,46710987761616707; 0,7021603309549391; 0,9083539368584752; 0,5834048320539296; 0,27355546364560723; 0,9504237635992467; 0,33375721238553524
0,8335926851164019; 0,06752774119377136; 0,4215990211814642; 0,9331305422820151; 0,1979342964477837; 0,4111956860870123; 0,42534977197647095; 0,5615923856385052; 0,8850240134634078; 0,6657065968029201; 0,8523135581053793
0,7438838106682478; 0,44324432173743844; 0,0857703760266304; 0,8889742228202522; 0,6883001471869648; 0,00908220699056983; 0,7440575510263443; 0,7580594196915627; 0,8191854571923614; 0,2961424165405333; 0,1276466241106391
0,79712520634723; 0,38493522396311164; 0,008903423324227333; 0,2122644199989736; 0,488881625700742; 0,2792526660487056; 0,495950591750443; 0,9983168342150748; 0,7234499570913613; 0,09065092401579022; 0,8631876590661705
0,839956385801235; 0,6819324255920947; 0,7172801452688873; 0,024084972217679024; 0,07885482488200068; 0,1385263646952808; 0,41009961906820536; 0,2381166284903884; 0,34013708122074604; 0,7783273798413575; 0,2987320995889604
0,8398995985653805; 0,8502358612604439; 0,09275184338912368; 0,8263953449204564; 0,32350574200972915; 0,7641018480062485; 0,12665004283189774; 0,5290167992934585; 0,36831263871863484; 0,4906201711855829; 0,23701579263433814
0,8118330324235441; 0,8398756333626807; 0,7724254475906491; 0,44860180001705885; 0,1549011506140232; 0,8821609783917665; 0,781807238701731; 0,02623089076951146; 0,11662844149395823; 0,33666690811514854; 0,729495080653578
0,8414600667480225; 0,016658484935760498; 0,760674009565264; 0,9173522740602493; 0,31311994418501854; 0,283854145091027; 0,34104166366159916; 0,003985380753874779; 0,07908632792532444; 0,034576444420963526; 0,16690844483673573
0,7902784891274821; 0,015307435765862465; 0,9344985773786902; 0,21573401615023613; 0,7867164080962539; 0,5716283563524485; 0,6493527260608971; 0,25838934537023306; 0,7315008849836886; 0,6009136526845396; 0,8798951813951135
0,6342336459145899; 0,5523637151345611; 0,17042075796052814; 0,09605376562103629; 0,9972693170420825; 0,30543025536462665; 0,37965077301487327; 0,8120029671117663; 0,3488859278149903; 0,5771748260594904; 0,45431871665641665
0,618305135337865; 0,25312129175290465; 0,6131193698383868; 0,009752829559147358; 0,030965204816311598; 0,13845752039924264; 0,08037891844287515; 0,935015213675797; 0,5095588015392423; 0,1804588888771832; 0,6508168037980795
0,6258524065523798; 0,6308812177740037; 0,6892458498477936; 0,041330207139253616; 0,4493175568059087; 0,8451916864141822; 0,981859958730638; 0,33031202713027596; 0,08209876855835319; 0,24478819966316223; 0,11217522714287043
0,6696989312822249; 0,2020138008520007; 0,022998198866844177; 0,41260215919464827; 0,7835610564798117; 0,26080128038302064; 0,3694238527677953; 0,20320818992331624; 0,2745666275732219; 0,10616115899756551; 0,8126707482151687
0,726655083976604; 0,8107367749325931; 0,7780906329862773; 0,7125274077989161; 0,24389327131211758; 0,5771531858481467; 0,820874887984246; 0,1451851618476212; 0,3919360274448991; 0,9549773545004427; 0,005663763731718063
0,7981670833756743; 0,4530749632976949; 0,723532875534147; 0,5286504398100078; 0,12425416195765138; 0,5327404206618667; 0,9792630979791284; 0,8158540795557201; 0,716867245733738; 0,19544875621795654; 0,3091011103242636
0,6795889226740272; 0,2517711375840008; 0,8223710022866726; 0,6505629601888359; 0,8903807415626943; 0,01142899552360177; 0,901153352111578; 0,10394351603463292; 0,5278296638280153; 0,9279443477280438; 0,5223208363167942
0,7664546908602472; 0,4981471002101898; 0,027875639498233795; 0,5204268889501691; 0,715648571960628; 0,9861614317633212; 0,9281468796543777; 0,7358941645361483; 0,6823811316862702; 0,9767417260445654; 0,8081059148535132
0,7656845864230557; 0,4349589729681611; 0,2695064125582576; 0,8892425200901926; 0,17847282998263836; 0,5372393396683037; 0,246987234801054; 0,9667048351839185; 0,3488610773347318; 0,5826474372297525; 0,49426594050601125
0,7308262780051575; 0,27526337653398514; 0,4130024639889598; 0,7433421877212822; 0,5051139849238098; 0,48258410720154643; 0,7761526005342603; 0,14640446286648512; 0,8671692521311343; 0,9466039822436869; 0,7336767711676657
0,7286861958569469; 0,2822557236067951; 0,39054000005126; 0,20657906075939536; 0,12095700856298208; 0,3504654848948121; 0,9086518320254982; 0,8113588667474687; 0,40885157603770494; 0,9387517119757831; 0,9474613149650395
0,7782879307710717; 0,5855775480158627; 0,6816553669050336; 0,808395937550813; 0,35722008254379034; 0,5469391588121653; 0,14683967316523194; 0,4471576218493283; 0,7498267344199121; 0,07419216353446245; 0,5534922685474157
0,6946924064318684; 0,219184760004282; 0,13614750280976295; 0,7609198312275112; 0,7583024622872472; 0,09410420758649707; 0,9364547496661544; 0,444549523293972; 0,7023704536259174; 0,0734405480325222; 0,1513541736640036
0,7121886803683772; 0,22106795804575086; 0,9998824102804065; 0,5419631218537688; 0,3318471210077405; 0,8267352767288685; 0,9344537337310612; 0,5790828093886375; 0,37280633952468634; 0,6689871358685195; 0,5301226172596216
0,6219986798761142; 0,8974894271232188; 0,23261349694803357; 0,5180346928536892; 0,6990030757151544; 0,3484635497443378; 0,025642775930464268; 0,42274756263941526; 0,3167792744934559; 0,6819318132475019; 0,17459328565746546
0,8413107690916368; 0,5364846996963024; 0,10667837969958782; 0,17286549136042595; 0,5679541509598494; 0,6308406838215888; 0,7553870067931712; 0,91515291063115; 0,3166992994956672; 0,023586589843034744; 0,8084417395293713
0,6307880004859078; 0,12428101291880012; 0,838608821388334; 0,6240890971384943; 0,8750217161141336; 0,46976249665021896; 0,8390188883058727; 0,4213351411744952; 0,5051887249574065; 0,9166843770071864; 0,44707766314968467
0,8389220749952452; 0,9876322508789599; 0,8662501983344555; 0,4111814177595079; 0,5299622579477727; 0,8186839553527534; 0,09782756073400378; 0,40728180622681975; 0,6988740679807961; 0,7819206612184644; 0,5339486012235284
0,8165390891427364; 0,9900122829712927; 0,020144912879914045; 0,5704794926568866; 0,6110277217812836; 0,9214589791372418; 0,6843940541148186; 0,41977603593841195; 0,5835638358257711; 0,3541922797448933; 0,33989731315523386
0,7790418072245764; 0,5591577808372676; 0,22440194990485907; 0,0005707722157239914; 0,2909061894752085; 0,8838261617347598; 0,28377678198739886; 0,3850715206936002; 0,9335921253077686; 0,11816060589626431; 0,4774920311756432
0,6632859286468752; 0,7189119486138225; 0,6592009454034269; 0,2819619425572455; 0,8353376924060285; 0,22202620934695005; 0,6076833168044686; 0,6552966022863984; 0,7170152203179896; 0,2323145684786141; 0,15981016168370843
0,84145977494792; 0,5142529322765768; 0,2757022581063211; 0,7292140908539295; 0,8502534101717174; 0,41838315315544605; 0,5548104867339134; 0,35650299256667495; 0,8272883305326104; 0,3794578677043319; 0,6859354279004037
0,7269168929499883; 0,9204451376572251; 0,44009099109098315; 0,19130264595150948; 0,33476226730272174; 0,6786870895884931; 0,5752813187427819; 0,4176551694981754; 0,6613341248594224; 0,9680592357181013; 0,2822077786549926
0,8348500449357487; 0,4744121818803251; 0,724448889028281; 0,8557550450786948; 0,3972895531915128; 0,5184806333854795; 0,5860472298227251; 0,8525568339973688; 0,09795118542388082; 0,268940269947052; 0,9178208066150546
0,8289247591766863; 0,22346561774611473; 0,7266289666295052; 0,20501471403986216; 0,4247175701893866; 0,9894036962650716; 0,39081134367734194; 0,5560984630137682; 0,18767706723883748; 0,5021833502687514; 0,5203255619853735
0,691047810517704; 0,9092652085237205; 0,5174476760439575; 0,4910315377637744; 0,34704166930168867; 0,6132857319898903; 0,6360411639325321; 0,4972339174710214; 0,6042548366822302; 0,017438908107578754; 0,23103018151596189
0,7649563344772351; 0,06839424185454845; 0,03766369866207242; 0,7280770023353398; 0,648450133856386; 0,6475607319734991; 0,5582560729235411; 0,18023610627278686; 0,5551155372522771; 0,12147822789847851; 0,8701965352520347
0,7912226151580677; 0,9315156764350832; 0,5017028455622494; 0,33673009369522333; 0,6273262901231647; 0,944369641598314; 0,04920993838459253; 0,7692762617953122; 0,6511456458829343; 0,2743017082102597; 0,5128646576777101
0,7344988377447725; 0,23551822174340487; 0,06664901599287987; 0,5729423388838768; 0,2889070603996515; 0,1394748273305595; 0,299113966524601; 0,7344615482725203; 0,35776514979079366; 0,8647454902529716; 0,022599834948778152
0,8164498646120874; 0,5829717586748302; 0,48721607867628336; 0,368776076938957; 0,07126914709806442; 0,41949116671457887; 0,7773404684849083; 0,8450687453150749; 0,24219272891059518; 0,2938466677442193; 0,45204739458858967
0,7055819396735608; 0,10112304659560323; 0,14602912636473775; 0,6389898178167641; 0,10381112433969975; 0,10512777650728822; 0,18331991089507937; 0,17111653601750731; 0,6647957474924624; 0,9910467267036438; 0,6383112045004964
0,6607473767103579; 0,9830192001536489; 0,815728725399822; 0,5228712037205696; 0,39728740276768804; 0,6561683313921094; 0,9206087300553918; 0,7196692344732583; 0,4738241187296808; 0,04263826785609126; 0,534559522755444
0,8414677734771581; 0,8175748628564179; 0,7981217848137021; 0,5794807872734964; 0,8590612439438701; 0,4321680897846818; 0,18405843898653984; 0,4913111883215606; 0,9850753122009337; 0,5292702973820269; 0,3559127561748028
0,7128436958072885; 0,07076611276715994; 0,5059973523020744; 0,95927276276052; 0,2771847997792065; 0,7256646514870226; 0,44071646220982075; 0,07446880172938108; 0,975185127928853; 0,40900980634614825; 0,5619346522726119
0,6933029466778144; 0,12212996883317828; 0,7927003661170602; 0,017488951329141855; 0,36085360031574965; 0,36092856666073203; 0,8963636173866689; 0,19104148168116808; 0,4214772214181721; 0,09946837835013866; 0,23674103384837508
0,8404231944951039; 0,2998462561517954; 0,03150894772261381; 0,6556814955547452; 0,2612126558087766; 0,1037319852039218; 0,5813334751874208; 0,9044554140418768; 0,32534491503611207; 0,22563619213178754; 0,2470351061783731
0,7109812612847378; 0,5395127409137785; 0,586518048774451; 0,7094702874310315; 0,4022593884728849; 0,006097220350056887; 0,6496594152413309; 0,9268601587973535; 0,3468780107796192; 0,1466893358156085; 0,0091722565703094
0,70076917927543; 0,8571772403083742; 0,8960956307128072; 0,667243002448231; 0,37751055555418134; 0,7688323124311864; 0,07926020305603743; 0,23749490082263947; 0,47041591303423047; 0,1734065804630518; 0,4190250439569354
0,7394677344439875; 0,20868241460993886; 0,14250421524047852; 0,17157806269824505; 0,41074172779917717; 0,24098525987938046; 0,7518177842721343; 0,5567292049527168; 0,8283378253690898; 0,38145178370177746; 0,10013212636113167
0,7533597330989793; 0,7225110256113112; 0,014966430142521858; 0,3308537360280752; 0,36733321007341146; 0,3326496472582221; 0,9448466165922582; 0,2000319636426866; 0,13004188984632492; 0,19244678737595677; 0,7964048371650279
0,7921379394818102; 0,3206579112447798; 0,13003401551395655; 0,1937200496904552; 0,948423633351922; 0,08255049772560596; 0,4775964096188545; 0,9658232415094972; 0,3516751080751419; 0,36761783389374614; 0,23111778078600764
0,7083034280227589; 0,8011069144122303; 0,6737233540043235; 0,07136477483436465; 0,4854470118880272; 0,10756313428282738; 0,498121767770499; 0,29400948947295547; 0,020617603790014982; 0,33032932272180915; 0,05101988138630986
0,8309261187316043; 0,4043716788291931; 0,357189345639199; 0,5488975346088409; 0,9918154291808605; 0,7347999759949744; 0,38135111797600985; 0,7847973210737109; 0,031791008077561855; 0,4202428446151316; 0,04501241585239768
0,6634941920094639; 0,5047577172517776; 0,5728138941340148; 0,3191350754350424; 0,458677229937166; 0,2892056009732187; 0,7786259292624891; 0,002215117681771517; 0,16856342740356922; 0,16857930505648255; 0,3012751559726894
0,762621589220464; 0,7710648332722485; 0,8499573688022792; 0,7023728685453534; 0,9856567298993468; 0,11273571942001581; 0,45056000305339694; 0,7068725423887372; 0,8368394989520311; 0,1714816289022565; 0,9035386592149734
0,6366181357910312; 0,9977010348811746; 0,9402582934126258; 0,9200786738656461; 0,49284558556973934; 0,790429930202663; 0,6116957510821521; 0,14695632364600897; 0,013977316673845053; 0,016209443099796772; 0,34911629743874073
0,6186446534393375; 0,540959854144603; 0,16174953384324908; 0,12138261133804917; 0,7327424171380699; 0,8252449124120176; 0,7230204367078841; 0,19139432068914175; 0,13464137818664312; 0,9179199570789933; 0,9223133171908557
0,7830053278146036; 0,14288438623771071; 0,7212601830251515; 0,7080066497437656; 0,7418099748902023; 0,2242270722053945; 0,6418733205646276; 0,9307820610702038; 0,40707793179899454; 0,4054944305680692; 0,3000404257327318
0,7285906245703958; 0,6192452372051775; 0,2713880417868495; 0,3144378396682441; 0,40281210700049996; 0,8082394767552614; 0,27891693031415343; 0,87601068476215; 0,4502555523067713; 0,9780558347702026; 0,5223066476173699
0,6329210573610912; 0,4605349493212998; 0,09912043530493975; 0,9266772270202637; 0,7802501111291349; 0,6247630743309855; 0,4763015699572861; 0,2506797215901315; 0,4585523745045066; 0,41125103924423456; 0,40462067909538746
0,647558086900824; 0,26079354202374816; 0,1651901979930699; 0,498638566583395; 0,6883812518790364; 0,907441409304738; 0,552239109762013; 0,7676895130425692; 0,7335058925673366; 0,13948842324316502; 0,32344847172498703
0,6321985291753234; 0,6750833680853248; 0,18262560665607452; 0,6323531386442482; 0,61800571763888; 0,6318782833404839; 0,5439904644154012; 0,14117966033518314; 0,08924082107841969; 0,63133200770244; 0,2418960346840322
0,8309067210315546; 0,23051744932308793; 0,937165669631213; 0,7223066752776504; 0,884508777409792; 0,7569425678811967; 0,4966639853082597; 0,5606207828968763; 0,0787118342705071; 0,8864933429285884; 0,7166477465070784
0,8410973098247895; 0,12457466358318925; 0,21994467824697495; 0,3243134911172092; 0,3345787222497165; 0,4159611277282238; 0,12553589511662722; 0,2614184864796698; 0,13164164358749986; 0,6569173410534859; 0,5655328216962516
0,6353607785103397; 0,6898449207656085; 0,04179754527285695; 0,9943300317972898; 0,34762672055512667; 0,14629691280424595; 0,7133844257332385; 0,17181601328775287; 0,5085285315290093; 0,23173423809930682; 0,5571613390929997
0,618338448988395; 0,2715786383487284; 0,6883190874941647; 0,11208434496074915; 0,5138721317052841; 0,9651507860980928; 0,9191433433443308; 0,4769232221879065; 0,5685997284017503; 0,774254850577563; 0,29355894261971116
0,8164136957719106; 0,5504379100166261; 0,38883508276194334; 0,03252112166956067; 0,46249353094026446; 0,6941859968937933; 0,5258171339519322; 0,0789434197358787; 0,29991356236860156; 0,3010636605322361; 0,08321088226512074
0,8269116944460625; 0,6751669212244451; 0,8493905998766422; 0,006510893814265728; 0,49584142584353685; 0,43658313946798444; 0,22916894452646375; 0,4326359499245882; 0,4203908112831414; 0,10303886840119958; 0,4653481962159276
0,7187607026052255; 0,06374242203310132; 0,5567932240664959; 0,5741640725173056; 0,9252252238802612; 0,466598326805979; 0,6607643188908696; 0,851554811000824; 0,9079472827725112; 0,0316505366936326; 0,6226738193072379
0,6391696973489847; 0,735393924638629; 0,17726378608494997; 0,9584631626494229; 0,33960311813279986; 0,985067471396178; 0,8483725427649915; 0,764965774025768; 0,07869102992117405; 0,5139548634178936; 0,17422289168462157
0,7418284015030294; 0,2823573644272983; 0,45535309752449393; 0,38393381517380476; 0,5030898293480277; 0,5512366127222776; 0,4072482232004404; 0,2569251023232937; 0,5709456750191748; 0,9410836100578308; 0,5764744500629604
0,7032888791596639; 0,9864318096078932; 0,1425936738960445; 0,5081468569114804; 0,5553272170946002; 0,2704103272408247; 0,41288423258811235; 0,26865924103185534; 0,5206767707131803; 0,051155338529497385; 0,950840896461159
0,8414656146963173; 0,504126385319978; 0,35958110680803657; 0,5819916483014822; 0,20432809041813016; 0,7767452718690038; 0,9645145367830992; 0,5364392013289034; 0,7953533665277064; 0,7948889792896807; 0,43493475764989853
0,6636862517171644; 0,27552777994424105; 0,43366857804358006; 0,2953567267395556; 0,6016969927586615; 0,6031779279001057; 0,8246816322207451; 0,4837437099777162; 0,6504137604497373; 0,4523890228010714; 0,3256692043505609
0,647588633668978; 0,6103939623571932; 0,21204949915409088; 0,2291297777555883; 0,5670269564725459; 0,10490136267617345; 0,41750104166567326; 0,06561361160129309; 0,7709517111070454; 0,03437920520082116; 0,4121858743019402
0,6589239872139506; 0,09503567637875676; 0,20946505572646856; 0,3306914768181741; 0,08385021286085248; 0,6817875681445003; 0,40180066227912903; 0,4490335318259895; 0,8730627200566232; 0,24171928549185395; 0,7226033206097782
0,7967216078240414; 0,3282325123436749; 0,5121969683095813; 0,7042848998680711; 0,9094773465767503; 0,5230559199117124; 0,9891586005687714; 0,1591520830988884; 0,3636212763376534; 0,9324299674481153; 0,8447283394634724
0,8414689995222864; 0,00244230218231678; 0,9301245487295091; 0,6095528132282197; 0,2675423608161509; 0,2681441423483193; 0,3108079293742776; 0,560090487357229; 0,150531021412462; 0,29104394372552633; 0,5470222649164498
0,8025821101421668; 0,07148614572361112; 0,48903615726158023; 0,2233288730494678; 0,9758468340151012; 0,5497553562745452; 0,48319271113723516; 0,13822783902287483; 0,3243743651546538; 0,22653977992013097; 0,8418036075308919
0,7409198407795382; 0,8902051565237343; 0,8807792006991804; 0,1772379893809557; 0,9708963944576681; 0,219871299341321; 0,05054236389696598; 0,8543986394070089; 0,2772927163168788; 0,20367767801508307; 0,7289309394545853
0,8136017993006217; 0,6826574746519327; 0,049370958004146814; 0,098899707198143; 0,4808347593061626; 0,7556446767412126; 0,813896931707859; 0,2596199563704431; 0,5283453338779509; 0,7815237361937761; 0,7700726776383817
0,7249501222184297; 0,2031928189098835; 0,7453896645456553; 0,968809696380049; 0,15288373222574592; 0,19040087657049298; 0,002022461500018835; 0,8991163605824113; 0,8560816394165158; 0,1042999248020351; 0,24330335576087236
0,807235202630186; 0,7306459555402398; 0,12862184504047036; 0,6325273322872818; 0,8430875479243696; 0,19459448102861643; 0,47882779873907566; 0,6906732120551169; 0,7608526907861233; 0,45380460377782583; 0,6749675879254937
0,6208898352039731; 0,38829800905659795; 0,6004165825434029; 0,538190733641386; 0,43990710377693176; 0,1615998107008636; 0,09328317642211914; 0,6617586356587708; 0,21262264205142856; 0,9188543683849275; 0,9630106817930937
0,687792777510129; 0,09013407863676548; 0,32531228149309754; 0,4105139705352485; 0,6275818669237196; 0,17972196266055107; 0,251839242875576; 0,5749699994921684; 0,48372271098196507; 0,2772635743021965; 0,7589881918393075
0,6586195213056253; 0,8504906455054879; 0,03805804857984185; 0,6059664753265679; 0,19386640097945929; 0,14851849805563688; 0,8716321461834013; 0,2517022085376084; 0,4693173747509718; 0,45842726482078433; 0,6952389641664922
0,8385000891598071; 0,5502049447968602; 0,86269704811275; 0,4522334672510624; 0,10211442038416862; 0,2753095836378634; 0,33995833108201623; 0,03530759923160076; 0,2003664975054562; 0,6254962868988514; 0,7905114507302642
0,8103487090273356; 0,5479826340451837; 0,904924729373306; 0,26219254825264215; 0,4954645740799606; 0,7145793600939214; 0,09674138762056828; 0,6329413708299398; 0,41881023393943906; 0,6580825145356357; 0,5697934073396027
0,8091857509187593; 0,4400140945799649; 0,6345196589827538; 0,7919410900212824; 0,7061739908531308; 0,8873546337708831; 0,24829231016337872; 0,06724438210949302; 0,6092522898688912; 0,20731742167845368; 0,5412607127800584
0,7659975957236115; 0,17353403102606535; 0,031571682542562485; 0,6667136717587709; 0,6300112507306039; 0,9087241166271269; 0,28784559527412057; 0,5590914622880518; 0,42523836018517613; 0,5844969130121171; 0,3599265865050256
0,6210764668383322; 0,8417751132510602; 0,34551722556352615; 0,7538573141209781; 0,7405596002936363; 0,6186378351412714; 0,34526375960558653; 0,4997357362881303; 0,40990875102579594; 0,057410098146647215; 0,3055094890296459
0,6401803689907065; 0,2681086426600814; 0,3218780248425901; 0,8091707471758127; 0,17976900236681104; 0,4914827407337725; 0,10194165585562587; 0,9780242787674069; 0,999590574298054; 0,04796243365854025; 0,8175371331162751
0,734255911687838; 0,8338213418610394; 0,011978293769061565; 0,2041131085716188; 0,7085538282990456; 0,7966202232055366; 0,2515595545992255; 0,44960023229941726; 0,8460197588428855; 0,4087871080264449; 0,0940912738442421
0,8368389387141645; 0,6355871045961976; 0,8647226947359741; 0,52561020758003; 0,17919670417904854; 0,12828080169856548; 0,05903463298454881; 0,9784063897095621; 0,1595886116847396; 0,689465164206922; 0,3489123326726258
0,6791647333991808; 0,39716908521950245; 0,6090756384655833; 0,17806554678827524; 0,9043053844943643; 0,8938501556403935; 0,11248208303004503; 0,6152193015441298; 0,49381118081510067; 0,0007047937251627445; 0,25643696123734117
0,7322171528377187; 0,14318028092384338; 0,0377019876614213; 0,47062270576134324; 0,09134531114250422; 0,03293127520009875; 0,21589550375938416; 0,6026237774640322; 0,6187107739970088; 0,9025296121835709; 0,961743819527328
0,7940515736293419; 0,25654861656948924; 0,757514372933656; 0,27374446764588356; 0,09298966266214848; 0,24645444843918085; 0,6168782864697278; 0,48403867706656456; 0,10980432061478496; 0,6233773999847472; 0,3725013337098062
0,8414431693696547; 0,41861174814403057; 0,5893148332834244; 0,6452676150947809; 0,10218044137582183; 0,1255726981908083; 0,36411412665620446; 0,4812124869786203; 0,13567442633211613; 0,1828616256825626; 0,7759699956513941
0,771352127976098; 0,22078247088938951; 0,7762638186104596; 0,4135762522928417; 0,5055734626948833; 0,5639780000783503; 0,6175623154267669; 0,9628983330912888; 0,10984852537512779; 0,5431596199050546; 0,8156180996447802
0,6181949091927702; 0,13947822572663426; 0,7775292908772826; 0,16402702638879418; 0,6066239448264241; 0,12000426789745688; 0,7239394346252084; 0,4845548141747713; 0,7270698342472315; 0,38110290514305234; 0,47266337601467967
0,8356965431247082; 0,35717379627749324; 0,9101575212553144; 0,9619128894992173; 0,5506787961348891; 0,6694196239113808; 0,2621497609652579; 0,2940687178634107; 0,04979179659858346; 0,3676568027585745; 0,9857387612573802
0,7603597254938208; 0,9635240333154798; 0,011213856749236584; 0,6695076557807624; 0,6134342206642032; 0,1486764089204371; 0,8220015312545002; 0,3684626421891153; 0,5728724948130548; 0,787883847951889; 0,4333857763558626
0,6298601736300793; 0,6754386052489281; 0,0031471322290599346; 0,3718127771280706; 0,6400021584704518; 0,2637503081932664; 0,18837673822417855; 0,0929494695737958; 0,04866989469155669; 0,4043746734969318; 0,6169147677719593
0,8337594170959782; 0,8364979960024357; 0,4686726969666779; 0,22255541244521737; 0,8319253819063306; 0,15605109184980392; 0,5305204060859978; 0,45696181198582053; 0,4077218701131642; 0,8460376244038343; 0,8719599335454404
0,7992297506982107; 0,4412383744493127; 0,10669488366693258; 0,4294086480513215; 0,46065484220162034; 0,6374912364408374; 0,2271065665408969; 0,22661170829087496; 0,14547849958762527; 0,07513257768005133; 0,20312846824526787
0,7135251928844918; 0,0895449360832572; 0,7603523698635399; 0,05972724221646786; 0,22921769181266427; 0,3100904729217291; 0,7487014019861817; 0,8905557692050934; 0,6603109589777887; 0,9629071187227964; 0,12467077560722828
0,8388390383868986; 0,15474453615024686; 0,8689551027491689; 0,13148670410737395; 0,4235187931917608; 0,6311030420474708; 0,8790199300274253; 0,5356700657866895; 0,721337232273072; 0,4032038515433669; 0,7362746791914105
0,8369620756064248; 0,22550524026155472; 0,7991286753676832; 0,4140451750718057; 0,2154470612294972; 0,8583995439112186; 0,5412852196022868; 0,07853528205305338; 0,12294105347245932; 0,7732976339757442; 0,7625874895602465
0,8414694940750296; 0,0038179028779268265; 0,8391147092916071; 0,6484075943008065; 0,6278506135568023; 0,43847495084628463; 0,15034816460683942; 0,45124369906261563; 0,018596298526972532; 0,5442785108461976; 0,270904588047415
0,6290305329153937; 0,07471476634964347; 0,01226591831073165; 0,15580613911151886; 0,6959820478223264; 0,6409058617427945; 0,7263762378133833; 0,5328939920291305; 0,3931331275962293; 0,3232713448815048; 0,45821880688890815
0,841400757007941; 0,6293797227554023; 0,9024355197325349; 0,7297849026508629; 0,6293054027482867; 0,9741254127584398; 0,18622492905706167; 0,0514421695843339; 0,48444021586328745; 0,526805052999407; 0,790084816981107
0,6702461678901802; 0,6122626657597721; 0,7649897434748709; 0,6287981029599905; 0,49064146215096116; 0,03376998193562031; 0,4763649981468916; 0,1215913868509233; 0,7167466962710023; 0,5929328138008714; 0,4674557247199118
0,7858598474659308; 0,42370465490967035; 0,24573699943721294; 0,9781750328838825; 0,8300958448089659; 0,02883771574124694; 0,4883811241015792; 0,7918481081724167; 0,08837924245744944; 0,11934630526229739; 0,33835271559655666
0,8216061393682753; 0,1567409047856927; 0,24895676970481873; 0,2913582478649914; 0,9371365904808044; 0,7754115434363484; 0,14777278993278742; 0,8597586508840322; 0,4459152342751622; 0,7484897659160197; 0,2238649046048522
0,7595403899793302; 0,17345878668129444; 0,3869614638388157; 0,21079426165670156; 0,45446100318804383; 0,4003630210645497; 0,4772507743909955; 0,9833445958793163; 0,2004488375969231; 0,6454812795855105; 0,7142826658673584
0,7780377040212404; 0,6864421963691711; 0,0965298730880022; 0,31167172407731414; 0,1275822571478784; 0,35158352134749293; 0,9508499521762133; 0,9379831375554204; 0,5977676608599722; 0,7864119233563542; 0,4282916896045208
0,8034649793632507; 0,37884427420794964; 0,762553159147501; 0,5992809627205133; 0,815292012412101; 0,43535865377634764; 0,09881251957267523; 0,8212016089819372; 0,7040169145911932; 0,28092275373637676; 0,003204322885721922
0,8381775874360656; 0,003138971980661154; 0,39865876827389; 0,45938530191779137; 0,981329579371959; 0,5903495559468865; 0,5205016145482659; 0,1335739539936185; 0,10308003285899758; 0,5231385054066777; 0,9898996772244573
0,7863889398032937; 0,31955345207825303; 0,31718755746260285; 0,7149071986787021; 0,10654268274083734; 0,22512195445597172; 0,9413360846228898; 0,39909025514498353; 0,30969336722046137; 0,4819613737054169; 0,31457175919786096
0,6823996674260299; 0,37753931945189834; 0,4351459792815149; 0,10499791288748384; 0,4579260782338679; 0,15079518780112267; 0,3922915901057422; 0,46768980752676725; 0,8360272543504834; 0,14243086567148566; 0,15947136981412768
0,6447871043207638; 0,5426846472546458; 0,44578708801418543; 0,891429902985692; 0,33097928669303656; 0,7098982869647443; 0,24993927357718349; 0,48649158142507076; 0,9444997222162783; 0,6024922020733356; 0,266456532292068
0,8414569670429984; 0,4224734539166093; 0,7835604138672352; 0,7098453636281192; 0,263908660504967; 0,08689025556668639; 0,3927057930268347; 0,07081902585923672; 0,1785573703236878; 0,7887373236007988; 0,9323084149509668
0,7740542629143679; 0,9570578089915216; 0,4659761101938784; 0,9169818386435509; 0,3543926542624831; 0,6393519528210163; 0,5173132778145373; 0,5832945192232728; 0,02212590165436268; 0,7590213110670447; 0,19903748342767358
0,619387506371433; 0,1912356191314757; 0,39189804112538695; 0,8726209532469511; 0,30451785027980804; 0,8519930662587285; 0,14356715930625796; 0,8590539861470461; 0,1952337073162198; 0,04053914733231068; 0,1603326410986483
0,6181529162383098; 0,64793995115906; 0,25955655332654715; 0,3053981428965926; 0,23112042900174856; 0,3967140894383192; 0,7043417524546385; 0,5617563645355403; 0,8755115973763168; 0,9916471312753856; 0,2098306640982628
0,6833372387918575; 0,7522441581822932; 0,17346033081412315; 0,2034136364236474; 0,7327994145452976; 0,8897464931942523; 0,9437461174093187; 0,3261247896589339; 0,17740954691544175; 0,9885959774255753; 0,7791298320516944
0,7340455436266047; 0,4489385564811528; 0,04415248753502965; 0,32426478574052453; 0,23612771416082978; 0,1351584019139409; 0,2663179165683687; 0,05578161682933569; 0,6423745048232377; 0,2965370984748006; 0,39310350408777595
0,8412913713714726; 0,3416719795204699; 0,4025059677660465; 0,38747847033664584; 0,08433977514505386; 0,9904420096427202; 0,8075201231986284; 0,1334665771573782; 0,5479632145725191; 0,11535518895834684; 0,11769957607612014
0,6558500228171853; 0,4202189124189317; 0,8629659307189286; 0,9964783284813166; 0,9270523046143353; 0,11541359685361385; 0,6065710480324924; 0,6788159781135619; 0,853586102835834; 0,6043933988548815; 0,2529446776024997
0,7474399171959865; 0,8537381659261882; 0,14073225017637014; 0,4525885619223118; 0,20509184105321765; 0,6017536791041493; 0,5241307350806892; 0,07281649159267545; 0,12560643954202533; 0,8747335691004992; 0,1966985696926713
0,8030512628435792; 0,004343876149505377; 0,11261111963540316; 0,7138863978907466; 0,323429764714092; 0,7159072696231306; 0,0410965490154922; 0,7145193554461002; 0,5246317498385906; 0,11337307747453451; 0,24143902538344264
0,6649803152330982; 0,8717641071416438; 0,1706599392928183; 0,030267574824392796; 0,29953601909801364; 0,8024910348467529; 0,39691921416670084; 0,61800556210801; 0,6270689298398793; 0,9289820715785027; 0,41871269792318344
0,83775565012481; 0,3469516718760133; 0,7714451760984957; 0,6558897979557514; 0,2900168029591441; 0,6118197506293654; 0,6972900880500674; 0,34246289916336536; 0,9081886173225939; 0,45511873438954353; 0,7907437882386148
0,8316638699247281; 0,7538974257186055; 0,8201382560655475; 0,6928319879807532; 0,04276764579117298; 0,1930175069719553; 0,27070779260247946; 0,11799707263708115; 0,5109232207760215; 0,9965305225923657; 0,8228272683918476
0,8331723282047225; 0,3919179984368384; 0,7252587899565697; 0,6379893864504993; 0,3416431718505919; 0,5899596591480076; 0,4813816947862506; 0,2636137455701828; 0,7328430619090796; 0,0662044882774353; 0,7101125135086477
0,7175557826068882; 0,08815308241173625; 0,44432083470746875; 0,9646473783068359; 0,04968746937811375; 0,5709853735752404; 0,10568927833810449; 0,45938071701675653; 0,7281010928563774; 0,28316506557166576; 0,1309449109248817
0,7882730421067926; 0,6070873369462788; 0,02820467296987772; 0,6402948037721217; 0,6825408120639622; 0,39257961977273226; 0,6294418075121939; 0,31972567550837994; 0,16380320815369487; 0,299865088891238; 0,955329873599112
0,8391078329688103; 0,40822838339954615; 0,2194992550648749; 0,4142370945774019; 0,1135472385212779; 0,47576078306883574; 0,78359713871032; 0,96940091624856; 0,43691802537068725; 0,3031542645767331; 0,29137928038835526
0,822381857042693; 0,8997284644283354; 0,27656480530276895; 0,839391712564975; 0,13343341508880258; 0,38245949102565646; 0,2524207294918597; 0,5223655649460852; 0,8847569837234914; 0,7670190990902483; 0,4427589769475162
0,6798135686585138; 0,22006427124142647; 0,12610617326572537; 0,24959397967904806; 0,5400139261037111; 0,015374332200735807; 0,3796444493345916; 0,4565609283745289; 0,04867491824552417; 0,45103133004158735; 0,5649988418444991
0,7663046133022193; 0,9270929964259267; 0,30540789756923914; 0,5460922210477293; 0,019489221274852753; 0,2746834373101592; 0,44133024010807276; 0,6181772048585117; 0,45178195275366306; 0,7227759971283376; 0,06424091896042228
0,6932327024084217; 0,532373106572777; 0,7713821083307266; 0,2624713182449341; 0,759730429854244; 0,023992424830794334; 0,03589116409420967; 0,7552640223875642; 0,9317409712821245; 0,7908747713081539; 0,2597662750631571
0,8043447803500436; 0,2656763060949743; 0,6201723283156753; 0,8903795587830245; 0,6307723484933376; 0,9990533860400319; 0,4898776961490512; 0,8800442786887288; 0,5707439719699323; 0,3891344382427633; 0,35229807486757636
0,8412145574325142; 0,9312881454825401; 0,621879949234426; 0,05750937666743994; 0,8318555969744921; 0,48838770762085915; 0,49621116602793336; 0,7150793205946684; 0,7515320731326938; 0,5467674457468092; 0,7859275336377323
0,8412506522627008; 0,01734425500035286; 0,9054079176858068; 0,6674830848351121; 0,9641137262806296; 0,46586850890889764; 0,8424567705951631; 0,49120433162897825; 0,04434057651087642; 0,39135893573984504; 0,9215836729854345
0,6891439212432814; 0,4154540877789259; 0,6835600310005248; 0,2925118119455874; 0,7802812433801591; 0,4560472974553704; 0,20826144563034177; 0,43174415407702327; 0,6741028414107859; 0,1426572073251009; 0,5844430672004819
0,8157948015359793; 0,7969877980649471; 0,9401565105654299; 0,9895131234079599; 0,597042677924037; 0,4297520196996629; 0,9332976127043366; 0,590331728104502; 0,6899620275944471; 0,9969645775854588; 0,45658754650503397
0,7196815094803578; 0,11429829709231853; 0,6507313214242458; 0,5626275911927223; 0,9524875017814338; 0,9829899468459189; 0,9325103750452399; 0,2364418408833444; 0,49546900391578674; 0,6775700808502734; 0,5160440704785287
0,6891072619035896; 0,5079000145196915; 0,270998093765229; 0,25313444854691625; 0,12205745885148644; 0,6932268291711807; 0,9545819573104382; 0,8706537229008973; 0,2205920172855258; 0,19735848577693105; 0,2345473114401102
0,729534103836278; 0,9780785595066845; 0,024802458472549915; 0,02128365822136402; 0,3878277996554971; 0,5119848633185029; 0,3052432625554502; 0,8633029428310692; 0,9769573267549276; 0,9512517261318862; 0,6198289776220918
0,6908410623569444; 0,28572907857596874; 0,4845234388485551; 0,6544746160507202; 0,3172286991029978; 0,2076254179701209; 0,01876390865072608; 0,998240178450942; 0,005679377820342779; 0,011041724123060703; 0,42099545104429126
0,8135962862254428; 0,9395891176536679; 0,316360869910568; 0,8114388799294829; 0,5897520552389324; 0,12710968311876059; 0,5975756710395217; 0,5193814509548247; 0,8661216958425939; 0,68490608362481; 0,8872293755412102
