 y; x1; x2; x3; x4; x5; x6; x7; x8; x9; x10
0,07954924434667585; 0,43120210571214557; 0,13550903741270304; 0,3370043793693185; 0,453522932715714; 0,00433336803689599; 0,6515973815694451; 0,8736852598376572; 0,4793511717580259; 0,6430238201282918; 0,4774823277257383
0,8118818488902483; 0,9168430836871266; 0,15181654458865523; 0,41652313945814967; 0,9463564539328218; 0,6581217651255429; 0,3983949553221464; 0,02016807207837701; 0,8356003351509571; 0,6629374222829938; 0,14243958424776793
-0,33660892824276273; 0,42955650854855776; 0,9677555477246642; 0,9265402317978442; 0,49427986750379205; 0,6639766888692975; 0,6635040352120996; 0,7867261935025454; 0,9993993970565498; 0,5170062109827995; 0,9678820166736841
0,6739270705317607; 0,036222262773662806; 0,20208423165604472; 0,3851045286282897; 0,6775425956584513; 0,5428003896959126; 0,4021693039685488; 0,703604734968394; 0,5084529425948858; 0,6847438868135214; 0,4256588462740183
0,9969229202262098; 0,13336067833006382; 0,9336108742281795; 0,10447365511208773; 0,7823689319193363; 0,9577716505154967; 0,07489390857517719; 0,9930211491882801; 0,48964910628274083; 0,04771141707897186; 0,49832871183753014
0,14210976739095935; 0,20699035748839378; 0,5163915473967791; 0,24695468647405505; 0,822353508323431; 0,04750603437423706; 0,10123923048377037; 0,8918185117654502; 0,09822079259902239; 0,37334382766857743; 0,06526785157620907
0,8702518044082356; 0,5227194591425359; 0,7312203547917306; 0,4954597717151046; 0,7734114662744105; 0,7759823803789914; 0,9674109779298306; 0,2272925996221602; 0,049801047425717115; 0,986968853045255; 0,29003926925361156
0,09623471401805954; 0,05815724702551961; 0,9911117074079812; 0,3097978704608977; 0,020988022908568382; 0,06854691822081804; 0,15617034398019314; 0,12405932415276766; 0,8814598796889186; 0,5743915676139295; 0,3837356921285391
0,7691128852495046; 0,43022752925753593; 0,7091218237765133; 0,48756073182448745; 0,9821558566763997; 0,5550752459093928; 0,4472343693487346; 0,5367779172956944; 0,027535436674952507; 0,2582238530740142; 0,8726539318449795
-0,0924880143661506; 0,023186786100268364; 0,4062450942583382; 0,9525473127141595; 0,11594485165551305; 0,397304508369416; 0,9989812797866762; 0,8648374825716019; 0,7103887274861336; 0,48970948765054345; 0,4182626181282103
0,15966716696638855; 0,5993383871391416; 0,7995406724512577; 0,36591253196820617; 0,6732850954867899; 0,2703611832112074; 0,9910471430048347; 0,7604330247268081; 0,5544917308725417; 0,48114874539896846; 0,1789812045171857
0,9982617829100774; 0,6955212163738906; 0,6512212227098644; 0,7227509184740484; 0,10066736582666636; 0,7753129261545837; 0,8227787688374519; 0,353717518504709; 0,4132396103814244; 0,4761142120696604; 0,6507201357744634
0,9163258691658165; 0,5818225834518671; 0,6740803830325603; 0,7535518459044397; 0,791824453510344; 0,8001747447997332; 0,8911380865611136; 0,38475339440628886; 0,0025561610236763954; 0,06038629077374935; 0,9013162208721042
0,9235054031481091; 0,4914264506660402; 0,2558475094847381; 0,8920928612351418; 0,9007604736834764; 0,9205130194313824; 0,32285023108124733; 0,7176321647129953; 0,5659412341192365; 0,31041438272222877; 0,18435180373489857
0,8190265096114989; 0,17742909211665392; 0,6919564553536475; 0,2702564913779497; 0,90155034000054; 0,5825934689491987; 0,023054564371705055; 0,23749086866155267; 0,7285260315984488; 0,03839532472193241; 0,22746642585843801
0,9296135212244381; 0,4031778206117451; 0,8456592229194939; 0,45006965519860387; 0,5625897170975804; 0,260407920461148; 0,4457429810427129; 0,749883801676333; 0,0050520929507911205; 0,07538477657362819; 0,5056419684551656
0,00033996220636561944; 0,9917201059870422; 0,6414109887555242; 0,8295091106556356; 0,8559576557017863; 0,17488177819177508; 0,08146931603550911; 0,07880388386547565; 0,8106207204982638; 0,7897890652529895; 0,024836601223796606
0,9946106411472758; 0,4411362539976835; 0,5984633858315647; 0,18457755679264665; 0,9542245203629136; 0,9641896397806704; 0,7849744209088385; 0,895821203943342; 0,315910620149225; 0,0560839488171041; 0,40009494917467237
0,8673835578215439; 0,15319348871707916; 0,5405498826876283; 0,3468704433180392; 0,3568374919705093; 0,751811814494431; 0,25499625597149134; 0,4871497987769544; 0,917599773965776; 0,6212968174368143; 0,8917569522745907
0,8913152710015104; 0,21836114022880793; 0,884183426387608; 0,09311777167022228; 0,6379661108367145; 0,6311765881255269; 0,5474109002389014; 0,1828774674795568; 0,0013396991416811943; 0,0255641327239573; 0,5773279997520149
0,5905894743778953; 0,20621389476582408; 0,5439596972428262; 0,8413115912117064; 0,10648081358522177; 0,4866942102089524; 0,9446025714278221; 0,15609499486163259; 0,18021575408056378; 0,9281176547519863; 0,5897408099845052
0,8557556262986069; 0,12204522592946887; 0,14775096345692873; 0,006309560965746641; 0,36034768633544445; 0,6883082860149443; 0,05207364074885845; 0,879432245157659; 0,25506318314000964; 0,33860208559781313; 0,9991336637176573
0,5694933672779184; 0,05008468544110656; 0,07065589353442192; 0,1937436549924314; 0,9660995728336275; 0,40946415858343244; 0,8063292223960161; 0,21269711758941412; 0,324915973469615; 0,6842017197050154; 0,23978887125849724
0,4974879947820429; 0,5672380812466145; 0,6862530107609928; 0,24939325638115406; 0,08588180271908641; 0,1950903465040028; 0,9285503374412656; 0,07213049149140716; 0,8933124090544879; 0,3690808513201773; 0,09868995286524296
0,16391459290291466; 0,6981406663544476; 0,8421139875426888; 0,4101449754089117; 0,4269585348665714; 0,08316217036917806; 0,39424334233626723; 0,9632305167615414; 0,9487847434356809; 0,7148701525293291; 0,7340830080211163
0,972784107492752; 0,9963003383018076; 0,06427095085382462; 0,6644411874003708; 0,4677827646955848; 0,8947988240979612; 0,33069915557280183; 0,2200686139985919; 0,2930633216165006; 0,13757099770009518; 0,19957238202914596
0,6721231489952194; 0,7211782452650368; 0,7596229026094079; 0,3713113386183977; 0,8357642297632992; 0,5789114376530051; 0,8832745389081538; 0,8092252877540886; 0,7442199662327766; 0,7184932618401945; 0,6518048322759569
0,5091576951601187; 0,1344372732564807; 0,7104692724533379; 0,48299887496978045; 0,21987047232687473; 0,2833824953995645; 0,9622542234137654; 0,6333772079087794; 0,8180562388151884; 0,7772812959738076; 0,5107133355922997
0,9802061554102176; 0,031264143995940685; 0,7218849412165582; 0,6266884068027139; 0,8261332921683788; 0,8597491453401744; 0,060944365337491035; 0,8519260566681623; 0,8890309599228203; 0,9833975681103766; 0,14301291666924953
0,35262952276638476; 0,25178178399801254; 0,12108045909553766; 0,1047319807112217; 0,8608457106165588; 0,22988529643043876; 0,8624430950731039; 0,733784297015518; 0,39241407066583633; 0,5674135447479784; 0,02172437123954296
0,481270649308809; 0,45474952971562743; 0,7194813499227166; 0,2224190402776003; 0,2571481065824628; 0,39894728315994143; 0,6278375200927258; 0,1066994578577578; 0,9757718555629253; 0,5850513088516891; 0,9794711661525071
0,7245615746572872; 0,39573059417307377; 0,9858960877172649; 0,27535299211740494; 0,2860075947828591; 0,35018494073301554; 0,7240593172609806; 0,07338646473363042; 0,8957559843547642; 0,5635167332366109; 0,968309826683253
0,8197732473545998; 0,6829786645248532; 0,7890279139392078; 0,3016041787341237; 0,6328246057964861; 0,6923921625129879; 0,5791760091669858; 0,4643685631453991; 0,8207506192848086; 0,4025768404826522; 0,8357062074355781
0,9380195278147258; 0,6474254042841494; 0,5747951767407358; 0,5586458165198565; 0,8637172728776932; 0,5809202347882092; 0,16054197866469622; 0,7412436581216753; 0,5214408999308944; 0,6616975851356983; 0,2915775733999908
0,960111920808596; 0,9020640756934881; 0,5421176175586879; 0,03989921975880861; 0,40383034152910113; 0,9271502792835236; 0,15076111163944006; 0,6044396641664207; 0,9681267053820193; 0,8375566657632589; 0,19987713126465678
0,4721397812087094; 0,30320880422368646; 0,012451709248125553; 0,5203298716805875; 0,9310773969627917; 0,35860914271324873; 0,848491033539176; 0,9982954110018909; 0,7823695577681065; 0,9874475435353816; 0,5672842296771705
0,837827531102961; 0,9281308758072555; 0,4361981940455735; 0,844484481960535; 0,5156961907632649; 0,6537846475839615; 0,616036759223789; 0,772598281968385; 0,39550525741651654; 0,1924989023245871; 0,03668420761823654
0,8392809287104449; 0,5200629602186382; 0,12182020302861929; 0,07313402555882931; 0,23003547172993422; 0,6585456817410886; 0,793043885845691; 0,11772432969883084; 0,21949591860175133; 0,13727814378216863; 0,8111678119748831
0,9922389988528693; 0,7889519818127155; 0,46638071443885565; 0,43772710720077157; 0,9829193246550858; 0,9544859654270113; 0,6547983344644308; 0,6317256027832627; 0,37173026986420155; 0,3858154625631869; 0,7624161257408559
0,8528263681434829; 0,6477961172349751; 0,7161639421246946; 0,9481830918230116; 0,36180254025384784; 0,3397782612591982; 0,334096253849566; 0,2741198125295341; 0,8893640753813088; 0,408079503569752; 0,024287373758852482
0,9549814776986002; 0,14652656251564622; 0,6769932815805078; 0,4833998014219105; 0,7532964078709483; 0,9471320989541709; 0,14297987753525376; 0,3694782992824912; 0,3712614797987044; 0,08508607232943177; 0,8868130212649703
0,3758080635856216; 0,052586495876312256; 0,021546962205320597; 0,31450144620612264; 0,5126290288753808; 0,24040167639032006; 0,09759230399504304; 0,31403352227061987; 0,0595508785918355; 0,392219718080014; 0,6334926984272897
0,9832279449612096; 0,8407823326997459; 0,1766100386157632; 0,0484919841401279; 0,793417455162853; 0,9377064909785986; 0,4341196371242404; 0,17889365507289767; 0,04966697655618191; 0,5679606865160167; 0,9279221761971712
0,9030771056244092; 0,6249748500995338; 0,14158691838383675; 0,6020162641070783; 0,08362551825121045; 0,4733179756440222; 0,6429856466129422; 0,8206782294437289; 0,5193208246491849; 0,6487720529548824; 0,8372649615630507
0,9763108198742468; 0,7327248258516192; 0,6869139363989234; 0,6548431674018502; 0,7750916895456612; 0,886956000700593; 0,5041278009302914; 0,22458753222599626; 0,6169781642965972; 0,007840451784431934; 0,9641460855491459
0,06921791322387558; 0,23018519254401326; 0,20775933330878615; 0,22078341664746404; 0,35954239731654525; 0,05425558937713504; 0,27046401472762227; 0,34256597328931093; 0,3610980873927474; 0,301006848923862; 0,8772948267869651
0,8527866896290338; 0,14786096243187785; 0,9964148635044694; 0,7711175535805523; 0,5879579605534673; 0,38697030674666166; 0,20326359570026398; 0,8055763184092939; 0,4776329016312957; 0,6028732294216752; 0,9005491421557963
0,4156334167887361; 0,969979599583894; 0,6970096123404801; 0,5243634125217795; 0,19568802090361714; 0,3071101731620729; 0,5233905981294811; 0,9055613768287003; 0,0658754757605493; 0,6634342554025352; 0,7934617972932756
0,7043044697857268; 0,728351357858628; 0,26137982681393623; 0,36618106812238693; 0,5826493124477565; 0,5300032328814268; 0,5430539147928357; 0,14943351550027728; 0,9636565279215574; 0,014593026600778103; 0,6473508947528899
0,9749884899874026; 0,5347781525924802; 0,9326157420873642; 0,05493420083075762; 0,4278147453442216; 0,8636466767638922; 0,7989453887566924; 0,26292965980246663; 0,01829063007608056; 0,4035207414999604; 0,590844891499728
0,1601250710994467; 0,6871790769509971; 0,8700506407767534; 0,8161298613995314; 0,2923159501515329; 0,7010773280635476; 0,6947879642248154; 0,060919828712940216; 0,9260347192175686; 0,5682732481509447; 0,8008569162338972
0,03928294584142517; 0,007227690890431404; 0,4112084349617362; 0,17049029609188437; 0,75343321217224; 0,053004668559879065; 0,2626706873998046; 0,2602326450869441; 0,5166722345165908; 0,02299597254022956; 0,7089172909036279
0,82374177078172; 0,009904122911393642; 0,6382071790285408; 0,7426280733197927; 0,8431833619251847; 0,6153126917779446; 0,1995557490736246; 0,4206359414383769; 0,41647612303495407; 0,8696315218694508; 0,3617399060167372
0,6873304316465307; 0,25502906553447247; 0,8560067033395171; 0,015682153403759003; 0,562351958360523; 0,5082977013662457; 0,26549463951960206; 0,3558668368496001; 0,40118346037343144; 0,1081986716017127; 0,8871269086375833
0,7547490806057626; 0,40718705439940095; 0,5658454210497439; 0,11192069668322802; 0,16974910954013467; 0,6582606448791921; 0,8824340780265629; 0,7920905272476375; 0,26695314049720764; 0,950353441759944; 0,17157361283898354
0,9917980709140236; 0,8217441854067147; 0,18217280181124806; 0,5573571179993451; 0,7693525683134794; 0,9727907977066934; 0,7522010477259755; 0,2202441245317459; 0,3735773558728397; 0,8813330670818686; 0,6316816741600633
0,17256211306089603; 0,5926670711487532; 0,8683716808445752; 0,7795818662270904; 0,7859933692961931; 0,593437198549509; 0,1476849401369691; 0,46637341659516096; 0,038228956051170826; 0,7613786077126861; 0,5743196406401694
0,5359325348853772; 0,7725892718881369; 0,5262696840800345; 0,033046421594917774; 0,6804440384730697; 0,16100364411249757; 0,3872848250903189; 0,7778728976845741; 0,8968117637559772; 0,443128596059978; 0,23375388234853745
0,6237095086574638; 0,9112938693724573; 0,6492399885319173; 0,3191444231197238; 0,8193149529397488; 0,4266587453894317; 0,43242665566504; 0,6420550495386124; 0,5008841836825013; 0,1315615912899375; 0,8240400929935277
0,8148808649776128; 0,6059946427121758; 0,8311328045092523; 0,5198272964917123; 0,9560936419293284; 0,49146260460838675; 0,5043629864230752; 0,6216744123958051; 0,4937799801118672; 0,5027484088204801; 0,932396634016186
0,9362091271299066; 0,25133912032470107; 0,4879153114743531; 0,3614714457653463; 0,24230724340304732; 0,7528676954098046; 0,9894361426122487; 0,9177461620420218; 0,9148252215236425; 0,9567028624005616; 0,3339681220240891
0,6846589061486054; 0,20560942869633436; 0,31671287026256323; 0,9670089720748365; 0,3326952294446528; 0,4654095401056111; 0,5273623024113476; 0,12169546307995915; 0,0902124117128551; 0,28811130532994866; 0,7771623595617712
0,6639224871602649; 0,8850043388083577; 0,20326527254655957; 0,4443475604057312; 0,08869670750573277; 0,5371626587584615; 0,9550294592045248; 0,5110441916622221; 0,20034140348434448; 0,6317007690668106; 0,69784254161641
0,5141817042372366; 0,6845229887403548; 0,8147383625619113; 0,7856308240443468; 0,3334694863297045; 0,10978421848267317; 0,3487326018512249; 0,41296507650986314; 0,8097836053930223; 0,01980236964300275; 0,4078956381417811
0,9592003781115428; 0,757210386916995; 0,3824199582450092; 0,915430692024529; 0,8664109734818339; 0,8447554572485387; 0,5420798226259649; 0,6793317422270775; 0,09937928151339293; 0,8115308023989201; 0,4074837937951088
0,9865474402893689; 0,5045763486996293; 0,1234205006621778; 0,8253284092061222; 0,23895006906241179; 0,8888741671107709; 0,24283282365649939; 0,6609427216462791; 0,792427521198988; 0,261097758077085; 0,18659306690096855
0,6141053428335186; 0,10382336284965277; 0,20843405090272427; 0,8012690772302449; 0,7785904929041862; 0,48891480173915625; 0,5932697462849319; 0,6447544600814581; 0,9324182374402881; 0,8691968102939427; 0,29988993192091584
0,2783617472014668; 0,6098303222097456; 0,8961096522398293; 0,14968904899433255; 0,27842066530138254; 0,20534859597682953; 0,9165277779102325; 0,3648952399380505; 0,18264233879745007; 0,5865367855876684; 0,44099054019898176
0,9073868573051221; 0,38544285390526056; 0,25540004950016737; 0,9290846730582416; 0,7320276889950037; 0,7338220779784024; 0,9564551524817944; 0,8549427748657763; 0,31794387148693204; 0,21006748033687472; 0,06561927683651447
0,9862937086065717; 0,148862368427217; 0,31689864583313465; 0,32518537901341915; 0,12852226803079247; 0,8467590142972767; 0,5414755917154253; 0,1357799405232072; 0,20941453473642468; 0,7665924169123173; 0,7460548551753163
0,7879645734560411; 0,5616028658114374; 0,35171691607683897; 0,3954902053810656; 0,19160852441564202; 0,5929357204586267; 0,6103392546065152; 0,05992034589871764; 0,32831200724467635; 0,5862020691856742; 0,9522699629887938
0,7761354081628827; 0,29170766146853566; 0,4906714931130409; 0,3755583819001913; 0,6781303784810007; 0,5499183451756835; 0,08566994965076447; 0,3137041172012687; 0,1998848393559456; 0,5187569879926741; 0,8867083573713899
0,3560990846477698; 0,7728790822438896; 0,6705309418030083; 0,2678842614404857; 0,3632523622363806; 0,26174775464460254; 0,8413277245126665; 0,20143979135900736; 0,6175741599872708; 0,8256897549144924; 0,058041286654770374
-0,14489609146164567; 0,6894933367148042; 0,8924542865715921; 0,20698851719498634; 0,897214699536562; 0,25241024838760495; 0,10406364966183901; 0,7738532801158726; 0,36634939443320036; 0,9504687753506005; 0,9673661305569112
-0,9512519189406302; 0,9115711445920169; 0,9886403256095946; 0,5054589733481407; 0,36098275799304247; 0,31626394717022777; 0,06594914244487882; 0,7470053276047111; 0,6627475661225617; 0,3002705844119191; 0,30230909353122115
0,5918780798708435; 0,18286912003532052; 0,7813561670482159; 0,43804129492491484; 0,11005616514012218; 0,711960815358907; 0,2815549927763641; 0,13891628943383694; 0,3550696484744549; 0,9591533574275672; 0,1353810941800475
0,014655079369143632; 0,5068207876756787; 0,956776472274214; 0,34498807648196816; 0,21960038505494595; 0,2578056105412543; 0,8083836291916668; 0,11879888642579317; 0,6055172220803797; 0,1489619566127658; 0,47011499106884
0,8758754344590317; 0,16685464326292276; 0,6615971894934773; 0,6162061719223857; 0,18339586583897471; 0,6962225679308176; 0,9112599538639188; 0,5355153009295464; 0,24637590069323778; 0,31795733282342553; 0,9811816862784326
0,8988128811322099; 0,8093743966892362; 0,3842784524895251; 0,12230083206668496; 0,5670160977169871; 0,7735914709046483; 0,6430069012567401; 0,7634193035773933; 0,4232525210827589; 0,9824113808572292; 0,7438101940788329
0,23229957939864618; 0,024073960725218058; 0,7225702814757824; 0,7264941670000553; 0,33104246389120817; 0,11885688221082091; 0,4572857744060457; 0,06888306140899658; 0,7349726282991469; 0,7813069405965507; 0,22489913692697883
0,9517736337694551; 0,23296511312946677; 0,7474015061743557; 0,41933738719671965; 0,7717003924772143; 0,8861509077250957; 0,9383793054148555; 0,3409667885862291; 0,8835766897536814; 0,8421317795291543; 0,916306717786938
0,26755618182336965; 0,9415687150321901; 0,5153490696102381; 0,9827601765282452; 0,5387416947633028; 0,1773964366875589; 0,7509430628269911; 0,54197728773579; 0,3330942466855049; 0,21724615711718798; 0,10108999582007527
0,27462303759819895; 0,4184047426097095; 0,07592781400308013; 0,8075696444138885; 0,8712429776787758; 0,31663844641298056; 0,7613347978331149; 0,9155465569347143; 0,48346975119784474; 0,321773961186409; 0,652339895721525
0,9301992917025098; 0,2789989900775254; 0,09994375333189964; 0,7045331159606576; 0,9336312166415155; 0,7913836124353111; 0,48810905311256647; 0,17084972327575088; 0,8394552213139832; 0,8617330146953464; 0,01585822831839323
0,9012833312486169; 0,785337426699698; 0,16508990852162242; 0,1351073537953198; 0,36572276521474123; 0,795915795955807; 0,9808800462633371; 0,4149037739261985; 0,21783638326451182; 0,960419490467757; 0,8488024678081274
0,550878674349981; 0,04588136402890086; 0,11493424465879798; 0,09714113362133503; 0,6011730032041669; 0,39710101252421737; 0,10203409194946289; 0,9483570433221757; 0,3447483261115849; 0,4942071745172143; 0,5711654266342521
0,608691115560925; 0,359513355884701; 0,06033992115408182; 0,32541387947276235; 0,49403996067121625; 0,42158562457188964; 0,9667400568723679; 0,8418619106523693; 0,3845414356328547; 0,37828817078843713; 0,45520775159820914
0,1432061070580157; 0,5034408555366099; 0,40646301256492734; 0,7029335028491914; 0,5223744958639145; 0,05932355718687177; 0,03337978571653366; 0,13197678420692682; 0,463048854842782; 0,02522627217695117; 0,32113248901441693
0,2544177834526354; 0,23163971165195107; 0,11755345109850168; 0,6878902432508767; 0,3055851901881397; 0,06938311038538814; 0,6900656316429377; 0,8020716337487102; 0,32939453329890966; 0,35989420069381595; 0,6771679199300706
0,6936609533803529; 0,7692847326397896; 0,03480299236252904; 0,27226406475529075; 0,24829248106107116; 0,5156999593600631; 0,7906600250862539; 0,08909376803785563; 0,6607231800444424; 0,04611892672255635; 0,5184503081254661
0,4800091771679971; 0,893995569087565; 0,39559882367029786; 0,11099711479619145; 0,31971422024071217; 0,3247355637140572; 0,09999850997701287; 0,3429148131981492; 0,7571153114549816; 0,6146839763969183; 0,2815429996699095
-0,005412353785543579; 0,3353356858715415; 0,027855881955474615; 0,270853532012552; 0,5782774589024484; 0,02040106151252985; 0,05691725853830576; 0,9978799726814032; 0,14565626811236143; 0,9090203121304512; 0,4636407536454499
0,8942932715085111; 0,12862991215661168; 0,28554545156657696; 0,053127420134842396; 0,9516527159139514; 0,7349127526395023; 0,22537800716236234; 0,9803706933744252; 0,9548459318466485; 0,3168005826883018; 0,9804208353161812
0,9634296245253288; 0,7993802498094738; 0,7495935931801796; 0,12837852258235216; 0,24164675595238805; 0,8200309071689844; 0,26734759844839573; 0,555534964427352; 0,34100568713620305; 0,9150595422834158; 0,16335660871118307
-0,7225702523462062; 0,1035855682566762; 0,17502573132514954; 0,8000976494513452; 0,4074467895552516; 0,34129867050796747; 0,03579745115712285; 0,3640887816436589; 0,2777071758173406; 0,9146892633289099; 0,7010305584408343
0,7128224903909963; 0,2845632233656943; 0,6903891018591821; 0,0729371034540236; 0,07893089391291142; 0,5838821507059038; 0,8091829214245081; 0,7420094362460077; 0,062366608530282974; 0,3152848416939378; 0,6701462580822408
0,9013929009531848; 0,7060731360688806; 0,0061516049318015575; 0,8976763915270567; 0,22745585488155484; 0,5270225899294019; 0,1243772841989994; 0,5448278216645122; 0,3937550773844123; 0,7086188127286732; 0,07662960467860103
0,745523670492096; 0,33620468666777015; 0,3588645067065954; 0,6839088113047183; 0,32639276050031185; 0,5363906463608146; 0,1503159711137414; 0,1769323879852891; 0,047539482824504375; 0,013074222952127457; 0,9883009055629373
0,6470228417025071; 0,545834232121706; 0,8579328893683851; 0,11945744371041656; 0,9108413551002741; 0,7405450693331659; 0,42209506360813975; 0,8289888300932944; 0,35808167653158307; 0,2725302381440997; 0,35433864733204246
0,3789278325388243; 0,2948137647472322; 0,28608184074983; 0,159377736505121; 0,8595606330782175; 0,31508269999176264; 0,9863153914920986; 0,6959442002698779; 0,06169732892885804; 0,07978221494704485; 0,0635441830381751
0,18808831782569352; 0,9126788596622646; 0,7346454979851842; 0,8040486555546522; 0,9993077330291271; 0,2349574393592775; 0,05407655891031027; 0,4392518843524158; 0,10460085421800613; 0,08865143824368715; 0,6421613413840532
0,7108649167471462; 0,25997230503708124; 0,38112848484888673; 0,9701329432427883; 0,4717298513278365; 0,33685473585501313; 0,7317849667742848; 0,5866414192132652; 0,9600079800002277; 0,2643546089529991; 0,29248341964557767
0,9755287295084945; 0,6724763661623001; 0,25245589716359973; 0,4017521636560559; 0,17966244649142027; 0,7305370704270899; 0,9862569733522832; 0,32366731902584434; 0,5513905459083617; 0,08365824772045016; 0,19734465749934316
0,5225605776302342; 0,746932553127408; 0,05397253343835473; 0,30456902412697673; 0,33607880724593997; 0,3708667787723243; 0,8574529285542667; 0,3401530710980296; 0,28938110964372754; 0,6140504772774875; 0,33685921831056476
-0,2683760761271779; 0,6404009275138378; 0,3086477732285857; 0,2556821913458407; 0,9561156174167991; 0,8656962374225259; 0,5570738464593887; 0,4260354326106608; 0,5265146479941905; 0,6615947191603482; 0,7677866546437144
0,7959752600634872; 0,17661625845357776; 0,9042245880700648; 0,7395377163775265; 0,08255558786913753; 0,5479245847091079; 0,6918206950649619; 0,6197341280058026; 0,5991839920170605; 0,20218141982331872; 0,3592637083493173
0,9931948458695213; 0,9525980185717344; 0,29679641453549266; 0,4113865685649216; 0,9631494679488242; 0,937013057526201; 0,45037202071398497; 0,6249667196534574; 0,9361782865598798; 0,004234876483678818; 0,18683928484097123
0,34994560667476377; 0,3704399890266359; 0,9836778026074171; 0,3403496132232249; 0,8668138957582414; 0,16786047304049134; 0,25861795293167233; 0,11517340131103992; 0,9898343910463154; 0,06755841197445989; 0,9602226987481117
0,21332131066778762; 0,036499757785350084; 0,8540932391770184; 0,5925851217471063; 0,9185076891444623; 0,13990463595837355; 0,8411783720366657; 0,8658830136992037; 0,17564895190298557; 0,5383372940123081; 0,8957825643010437
0,9985306554117577; 0,4273066036403179; 0,9790283963084221; 0,9402373051270843; 0,5218613911420107; 0,9655766924843192; 0,0027004554867744446; 0,4152040439657867; 0,1649172962643206; 0,3602693695574999; 0,858828385360539
0,9884534071272301; 0,9056031997315586; 0,047598200384527445; 0,5174166620709002; 0,749897020868957; 0,9590481296181679; 0,5154726165346801; 0,6795142702758312; 0,845617972780019; 0,04796915501356125; 0,2484309347346425
0,7131416595017686; 0,21204853476956487; 0,23588065849617124; 0,05352777848020196; 0,9825396132655442; 0,5400257371366024; 0,6330972481518984; 0,19451673282310367; 0,9655898478813469; 0,5175671139732003; 0,6994747170247138
0,9489473739607548; 0,8652016590349376; 0,6761273569427431; 0,8249145275913179; 0,9032472777180374; 0,8346789171919227; 0,8040601834654808; 0,4513735631480813; 0,3017245149239898; 0,9571849633939564; 0,5614797323942184
0,915698738343842; 0,5803847247734666; 0,21680659661069512; 0,5731216692365706; 0,9588261689059436; 0,7516271923668683; 0,9521551518701017; 0,6327255140058696; 0,9720831695012748; 0,4266896927729249; 0,6154576176777482
0,6941743041273946; 0,9351149178110063; 0,7699125008657575; 0,45646855095401406; 0,6160615095868707; 0,4321404853835702; 0,42712840996682644; 0,7532450868748128; 0,929299863986671; 0,5204595080576837; 0,16612768918275833
0,9731930942295142; 0,306309605948627; 0,5881613390520215; 0,9546257825568318; 0,8914257287979126; 0,9695044616237283; 0,888018372002989; 0,019628490786999464; 0,2603436531499028; 0,1930107744410634; 0,47690249560400844
-0,5511416821905999; 0,30024082493036985; 0,1292928014881909; 0,34844425739720464; 0,569044150877744; 0,2204791489057243; 0,8209478422068059; 0,08976332191377878; 0,8775292132049799; 0,327945489436388; 0,7982267723418772
0,7401037486001956; 0,06134380726143718; 0,7571729458868504; 0,1960852607153356; 0,22981519903987646; 0,5824756850488484; 0,8907891674898565; 0,26454726327210665; 0,818940226919949; 0,6787722972221673; 0,12278523994609714
-0,5374596185589838; 0,592442212626338; 0,46249053813517094; 0,976680011022836; 0,577439998742193; 0,3434352050535381; 0,0582816181704402; 0,784051101654768; 0,7605466605164111; 0,8071541180834174; 0,61039576260373
0,9188493327319358; 0,9104732656851411; 0,6972777773626149; 0,44075280614197254; 0,9812140483409166; 0,7084655864164233; 0,0008117402903735638; 0,8489057337865233; 0,6478968500159681; 0,8819367028772831; 0,28832845855504274
0,5163780541073542; 0,12448931904509664; 0,3741510543040931; 0,5392970135435462; 0,74146858882159; 0,3423510929569602; 0,291402215603739; 0,7288378761149943; 0,5055283321999013; 0,9576869988813996; 0,4594243126921356
0,7736275608681296; 0,4058906380087137; 0,7036301149055362; 0,09137264359742403; 0,5187463280744851; 0,6312247775495052; 0,11269273329526186; 0,16453837044537067; 0,7941074757836759; 0,8332643387839198; 0,01240068580955267
0,602418881986986; 0,8188265706412494; 0,3098046318627894; 0,11015055701136589; 0,48045609006658196; 0,37385783065110445; 0,4144012820906937; 0,8796960380859673; 0,3870185734704137; 0,5800279541872442; 0,3093213867396116
0,1620475878236336; 0,189223556779325; 0,8073266893625259; 0,7463917331770062; 0,5525444373488426; 0,22692082216963172; 0,5766709041781723; 0,6940083699300885; 0,6274878708645701; 0,12854948360472918; 0,7128388951532543
0,35701384123732643; 0,3220431013032794; 0,9188072690740228; 0,5597217176109552; 0,865343910176307; 0,02139619830995798; 0,3503491193987429; 0,5951074007898569; 0,48960217367857695; 0,6571842120029032; 0,4511985806748271
0,7460357948189259; 0,17647603899240494; 0,8915024753659964; 0,6467076865956187; 0,8455004431307316; 0,5990512794815004; 0,6924769440665841; 0,3751872261054814; 0,17797377798706293; 0,43340059323236346; 0,9352940204553306
0,6604180192521569; 0,9268799023702741; 0,7385792080312967; 0,28781889053061604; 0,8602816062048078; 0,44477433850988746; 0,31581826182082295; 0,4206677349284291; 0,42526719626039267; 0,9738738932646811; 0,3894722661934793
0,9282772140527898; 0,5581589983776212; 0,06591409305110574; 0,5876795551739633; 0,34236017102375627; 0,77253826148808; 0,16016288939863443; 0,18414044566452503; 0,3735921299085021; 0,6992424838244915; 0,5988872335292399
0,24174138064291278; 0,6597085474058986; 0,917443951126188; 0,3323207017965615; 0,2860983363352716; 0,9575934829190373; 0,9497953904792666; 0,19220443489030004; 0,57912766514346; 0,279102245811373; 0,6048723761923611
0,24547072028823344; 0,03523876238614321; 0,5642434577457607; 0,30924562085419893; 0,07415622659027576; 0,1899153464473784; 0,2030753018334508; 0,16028301557525992; 0,8907193709164858; 0,1525402721017599; 0,9407934439368546
0,901374957313176; 0,6084409020841122; 0,3063321220688522; 0,059324553702026606; 0,25391976023092866; 0,7970583257265389; 0,8641152763739228; 0,6769952131435275; 0,9144933437928557; 0,279808237683028; 0,18253236403688788
0,13678002873826028; 0,9973680493421853; 0,9595736470073462; 0,7473952546715736; 0,2600861741229892; 0,12787536485120654; 0,8756331535987556; 0,9539185389876366; 0,12214496219530702; 0,8662032848224044; 0,4640154638327658
0,3295819960580341; 0,13919872464612126; 0,10542969219386578; 0,24061106983572245; 0,02671975502744317; 0,19327871594578028; 0,7576194335706532; 0,22235350077971816; 0,5287749455310404; 0,3885117624886334; 0,22306734463199973
0,1847774302248049; 0,37858432764187455; 0,037198451813310385; 0,7780931638553739; 0,15743006486445665; 0,12365856766700745; 0,22548516932874918; 0,46556132892146707; 0,20533960219472647; 0,4211758878082037; 0,5964806382544339
0,283191395263218; 0,5923620294779539; 0,16649617673829198; 0,8154459721408784; 0,8744025994092226; 0,37719367491081357; 0,688284661155194; 0,41265225363895297; 0,44397289166226983; 0,43028981937095523; 0,26703027077019215
0,5944745504009049; 0,19173143012449145; 0,0005748425610363483; 0,3344562016427517; 0,9438782674260437; 0,4152971222065389; 0,27823252649977803; 0,8919943156652153; 0,019876406993716955; 0,9136864678002894; 0,4988104463554919
0,9346163181543787; 0,33655333099886775; 0,9041938339360058; 0,20539415534585714; 0,8578746798448265; 0,8105208557099104; 0,8821391449309886; 0,4429712616838515; 0,2760578216984868; 0,4832038623280823; 0,02307474985718727
0,9138417174095625; 0,25511317839846015; 0,35233017103746533; 0,7211840208619833; 0,9917479529976845; 0,7707909834571183; 0,05401040706783533; 0,28186766104772687; 0,6782558090053499; 0,9915639939717948; 0,4241703264415264
0,17805673313308906; 0,39991518342867494; 0,8520433930680156; 0,6194763970561326; 0,2527771210297942; 0,1291115670464933; 0,027659143786877394; 0,16269912151619792; 0,851119504775852; 0,5742187555879354; 0,1950306175276637
0,2217869519512188; 0,17342772521078587; 0,8904951149597764; 0,43903543101623654; 0,17533227149397135; 0,18198025645688176; 0,4682337921112776; 0,140349593013525; 0,1080950410105288; 0,526220943313092; 0,0027630426920950413
0,7094167666644525; 0,2990580345503986; 0,21762989275157452; 0,013281716499477625; 0,6673907171934843; 0,620741649530828; 0,11084959236904979; 0,17296084901317954; 0,3362880889326334; 0,5556995035149157; 0,5904529127292335
0,28694747075824667; 0,5126025946810842; 0,38674522982910275; 0,9972517625428736; 0,338441863656044; 0,10428027343004942; 0,4540929840877652; 0,8318634396418929; 0,6372792948968709; 0,16396545385941863; 0,6515184147283435
0,8504186993176878; 0,8526122886687517; 0,35946059552952647; 0,7188455634750426; 0,3142012315802276; 0,6785256802104414; 0,8599686441011727; 0,3425438064150512; 0,48869827250018716; 0,30573826003819704; 0,6433826591819525
0,9273813746889262; 0,45433268742635846; 0,8254427807405591; 0,7328311852179468; 0,7300095418468118; 0,7131122979335487; 0,8953080540522933; 0,536586123984307; 0,23522546282038093; 0,9932247456163168; 0,5479676285758615
0,6765241079087324; 0,9094958468340337; 0,4082335061393678; 0,5388713786378503; 0,22605027351528406; 0,4551672749221325; 0,0724921734072268; 0,0024984083138406277; 0,7959803510457277; 0,5650487444363534; 0,9552513398230076
0,510366641918621; 0,9095312268473208; 0,031267022248357534; 0,6300090532749891; 0,06149197230115533; 0,3689662176184356; 0,36953509459272027; 0,7348205866292119; 0,3623061804100871; 0,6552911163307726; 0,21521755727007985
0,5820574866928346; 0,38985316222533584; 0,24452541628852487; 0,5652206563390791; 0,39314767718315125; 0,4265917222946882; 0,6050865356810391; 0,5986027587205172; 0,8370589157566428; 0,07547422125935555; 0,7442319602705538
0,42247818022800776; 0,8395469198003411; 0,2921400354243815; 0,7895540418103337; 0,3548338725231588; 0,9137029321864247; 0,9361167144961655; 0,14836731646209955; 0,8042109552770853; 0,4017583089880645; 0,638595740776509
0,3730357513068973; 0,3605136279948056; 0,5909266411326826; 0,23528684303164482; 0,2741542705334723; 0,31086421804502606; 0,9328286610543728; 0,04696168610826135; 0,23757762275636196; 0,8312672069296241; 0,32958592800423503
0,9250577789007333; 0,4571798965334892; 0,779103843960911; 0,4860655600205064; 0,8336567226797342; 0,9285416062921286; 0,6887499904260039; 0,7280587162822485; 0,23337758937850595; 0,44324007304385304; 0,30975342029705644
0,9714434467408666; 0,8982977541163564; 0,17027416871860623; 0,6061500450596213; 0,7043405179865658; 0,8996814209967852; 0,4604738219641149; 0,5391069054603577; 0,2648357735015452; 0,15960638551041484; 0,31893114699050784
0,4622464555385005; 0,798628889489919; 0,9283545911312103; 0,10623857285827398; 0,3795256717130542; 0,22867658967152238; 0,5728556509129703; 0,10753645095974207; 0,24724870175123215; 0,31951173348352313; 0,9672415708191693
0,12605006518764628; 0,8171261451207101; 0,7011916418559849; 0,743862746283412; 0,6319628809578717; 0,03176460787653923; 0,6924476204439998; 0,3777772532775998; 0,5081048607826233; 0,527266310993582; 0,08917600056156516
0,9992685944446654; 0,7759723612107337; 0,8667958430014551; 0,5475358283147216; 0,22900857450440526; 0,7971095819957554; 0,13938795402646065; 0,9575974247418344; 0,8000341053120792; 0,4786918484605849; 0,18406763067469
0,9208603247131264; 0,9499713759869337; 0,27363756857812405; 0,38189930049702525; 0,7128806966356933; 0,8110406273044646; 0,8804831192828715; 0,6283531221561134; 0,9224134278483689; 0,13110548770055175; 0,9788741376250982
0,553405506847351; 0,5163885476067662; 0,45186866633594036; 0,8265007608570158; 0,573080591391772; 0,5303127220831811; 0,5981458267197013; 0,9048481318168342; 0,8688730737194419; 0,30333267245441675; 0,8347685467451811
0,0021576310259012552; 0,0774773545563221; 0,7448699772357941; 0,7922787377610803; 0,5197587166912854; 0,22690497245639563; 0,9809161243028939; 0,6550183114595711; 0,3283982267603278; 0,8594326567836106; 0,8027733340859413
0,8606939683776172; 0,06954678613692522; 0,7938362783752382; 0,0381420748308301; 0,8162507265806198; 0,6828138739801943; 0,6334887663833797; 0,7132247244007885; 0,786754525732249; 0,005667111370712519; 0,7502654218114913
0,9843008622797295; 0,8504500235430896; 0,3345946278423071; 0,8065816760063171; 0,5158418975770473; 0,8960864041000605; 0,5599782993085682; 0,6291776993311942; 0,33346279291436076; 0,6237094639800489; 0,7667893683537841
0,9085035291947877; 0,9185112053528428; 0,3176254886202514; 0,5830589225515723; 0,20263669779524207; 0,7711821543052793; 0,9148985594511032; 0,3913844977505505; 0,6635613245889544; 0,04924604715779424; 0,315060141030699
0,7803150025620239; 0,7316603385843337; 0,9179156441241503; 0,24091984098777175; 0,32088590040802956; 0,5941779371351004; 0,5928655466996133; 0,7981211403384805; 0,697908537928015; 0,791301685385406; 0,42470669373869896
0,7899355917818986; 0,1796752903610468; 0,8111093449406326; 0,5647498834878206; 0,18782551400363445; 0,8931774124503136; 0,047114846762269735; 0,02736863773316145; 0,6138864010572433; 0,2594800745137036; 0,19795173360034823
0,6248046030894153; 0,22526722541078925; 0,5992862419225276; 0,6890525547787547; 0,8951962273567915; 0,5196347287856042; 0,2937949332408607; 0,8367048637010157; 0,43364982679486275; 0,8631400684826076; 0,14872453222051263
0,04802457330392527; 0,3836223464459181; 0,06693215714767575; 0,4698366201482713; 0,7874951944686472; 0,015396230388432741; 0,001645965501666069; 0,25730396900326014; 0,26177800353616476; 0,7830527755431831; 0,5926301567815244
0,9668174088562344; 0,13962925039231777; 0,4958750866353512; 0,030556407757103443; 0,1470689782872796; 0,9462645552121103; 0,005491005722433329; 0,5761314462870359; 0,5206926842220128; 0,5169354099780321; 0,7337019299156964
0,35788976141388257; 0,762130593881011; 0,15378244686871767; 0,05140024935826659; 0,1592053477652371; 0,23491288674995303; 0,9097076668404043; 0,6251682145521045; 0,51799351349473; 0,6352497963234782; 0,3723330465145409
-0,7111500999307511; 0,6506843757815659; 0,9828757140785456; 0,6426580874249339; 0,4521083999425173; 0,30883882846683264; 0,3492844421416521; 0,8303019674494863; 0,29945460241287947; 0,5079901986755431; 0,5577630675397813
0,99224942907291; 0,182575274258852; 0,1656011873856187; 0,9593834332190454; 0,21842318307608366; 0,9515042901039124; 0,9972354397177696; 0,8546881694346666; 0,7261120248585939; 0,8960338672623038; 0,30106059508398175
0,7269394108572941; 0,9438907839357853; 0,35242890333756804; 0,6733681382611394; 0,4525427082553506; 0,5820401599630713; 0,03752079512923956; 0,6701084077358246; 0,09128890978172421; 0,5249677374958992; 0,345997245516628
0,19598081668577533; 0,5706951720640063; 0,4415809530764818; 0,8340163975954056; 0,08947479724884033; 0,300861150957644; 0,40522129042074084; 0,6335721425712109; 0,540748187340796; 0,9332822524011135; 0,4237819514237344
0,9997219804428625; 0,2544694021344185; 0,7245196383446455; 0,04120592446997762; 0,5066151013597846; 0,9011551742441952; 0,5598516729660332; 0,9001903985626996; 0,9178655496798456; 0,6128731220960617; 0,5045224907808006
0,40234863693162376; 0,9381994511932135; 0,8206096752546728; 0,39561081025749445; 0,655193354934454; 0,22557790763676167; 0,4381682239472866; 0,13376248255372047; 0,32798382034525275; 0,5674129370599985; 0,7463968978263438
0,23422416012349956; 0,433306145016104; 0,5352560277096927; 0,0901286038570106; 0,21410132059827447; 0,19171068025752902; 0,5504115731455386; 0,055408809799700975; 0,25947211775928736; 0,9230080218985677; 0,3718491611070931
0,6946184918672079; 0,16513801040127873; 0,058851747773587704; 0,6948759877122939; 0,38300317991524935; 0,4832016029395163; 0,9469059500843287; 0,3438339442946017; 0,34742167964577675; 0,7321431888267398; 0,04628965351730585
0,9224703540581127; 0,498702404089272; 0,6348141841590405; 0,45647289231419563; 0,6986103532835841; 0,6092132455669343; 0,12780841207131743; 0,5607658009976149; 0,984923810698092; 0,8001686856150627; 0,17537764087319374
0,13475728751114002; 0,8137431396171451; 0,19990791101008654; 0,2514642723836005; 0,25339245703071356; 0,10583410086110234; 0,2507498445920646; 0,993688971735537; 0,30300396820530295; 0,9089102908037603; 0,1267720628529787
0,9986342097969637; 0,8039430687204003; 0,05380997806787491; 0,5905833370052278; 0,0931310043670237; 0,6370869618840516; 0,6134836180135608; 0,534794416744262; 0,1480144360102713; 0,27567718643695116; 0,6892390493303537
-0,14016669069105694; 0,4808457372710109; 0,487464461941272; 0,6746482755988836; 0,5750828157179058; 0,17664866894483566; 0,008197500370442867; 0,00907992385327816; 0,33290501590818167; 0,7467869971878827; 0,45370881259441376
0,6803571373633789; 0,9358147573657334; 0,44209404988214374; 0,647004650440067; 0,8899592719972134; 0,5012912615202367; 0,6014859341084957; 0,17253903299570084; 0,4229943775571883; 0,28819781029596925; 0,02990960143506527
0,8346524893987352; 0,4681175369769335; 0,3177646966651082; 0,13785220310091972; 0,39688476314768195; 0,655872467905283; 0,24634925974532962; 0,30631224159151316; 0,9792336826212704; 0,40535196755081415; 0,8656388847157359
0,08192289925151582; 0,7547681778669357; 0,25948411086574197; 0,0499634868465364; 0,02070651948451996; 0,029566277749836445; 0,15902623534202576; 0,4663319271057844; 0,1032685823738575; 0,5636332514695823; 0,09357826178893447
0,8713053497785815; 0,4251328385435045; 0,03376716049388051; 0,7931298678740859; 0,4754882911220193; 0,7213054718449712; 0,5922123910859227; 0,033051771111786366; 0,7371365888975561; 0,24751849379390478; 0,43874367885291576
0,9985437170726928; 0,7821469572372735; 0,8214617054909468; 0,028233629185706377; 0,9789473069831729; 0,8944599675014615; 0,4247312773950398; 0,7220675661228597; 0,629129043314606; 0,6227265656925738; 0,16757450718432665
0,7718456681131068; 0,3479129197075963; 0,5508642503991723; 0,2918973518535495; 0,31655714055523276; 0,5599228665232658; 0,16188018722459674; 0,6720357956364751; 0,6953331455588341; 0,5184149057604373; 0,16696611605584621
0,5406988303134903; 0,82032783748582; 0,41570586897432804; 0,3451171349734068; 0,5016453042626381; 0,3583141225390136; 0,42381976591423154; 0,9744831724092364; 0,15380292758345604; 0,6822355082258582; 0,22193020768463612
0,3700727989654661; 0,4852020973339677; 0,655096244532615; 0,24768344406038523; 0,5209299572743475; 0,28129933401942253; 0,30338170751929283; 0,20229091821238399; 0,42031112452968955; 0,22691029263660312; 0,14358187466859818
-0,21774624952204108; 0,36234575137495995; 0,9801104282960296; 0,46541981492191553; 0,36156504042446613; 0,08404306136071682; 0,6717426814138889; 0,9513799124397337; 0,8206293107941747; 0,845102725084871; 0,7856177221983671
0,8368523591416599; 0,34032122092321515; 0,13437164342030883; 0,2464058236218989; 0,0303233633749187; 0,6646188269369304; 0,7231717300601304; 0,14143117843195796; 0,22177957044914365; 0,6944523900747299; 0,02373772533610463
0,6615329931706277; 0,519755779299885; 0,5336096887476742; 0,022949006408452988; 0,6218369016423821; 0,43544533802196383; 0,20151437213644385; 0,786380073055625; 0,8275476624257863; 0,4639454665593803; 0,961950954515487
0,7674191026812367; 0,7459785095416009; 0,7360807401128113; 0,8906135559082031; 0,023677078541368246; 0,47702204482629895; 0,7265515574254096; 0,6293010758236051; 0,8553201709873974; 0,3185656634159386; 0,07596079632639885
0,9959379167286432; 0,48445615405216813; 0,0801068008877337; 0,16049751173704863; 0,6707127885892987; 0,989933529868722; 0,9023274886421859; 0,49060366302728653; 0,2879076120443642; 0,8398795509710908; 0,7796074720099568
0,6315938537895959; 0,4811604367569089; 0,5662163500674069; 0,3357088416814804; 0,19469549879431725; 0,12621946120634675; 0,17481915606185794; 0,9451005393639207; 0,4850350455380976; 0,138227682095021; 0,03168776584789157
0,6871073798995009; 0,40748069481924176; 0,309818119276315; 0,47698738146573305; 0,5914483163505793; 0,48403554037213326; 0,7094019656069577; 0,06602344568818808; 0,8049399703741074; 0,9796465379185975; 0,5851769163273275
0,20725691555713555; 0,6963438191451132; 0,9737437758594751; 0,32732877833768725; 0,7182177579961717; 0,09968715161085129; 0,856145172379911; 0,8414026289246976; 0,5355159980244935; 0,7241950202733278; 0,005170146934688091
0,8696822508576313; 0,9047836195677519; 0,8208228559233248; 0,3011526349000633; 0,8533952506259084; 0,760964342392981; 0,10407295916229486; 0,5840633641928434; 0,5547518879175186; 0,21882921690121293; 0,026046762242913246
0,4100695001599195; 0,734298774972558; 0,08036471484228969; 0,019745280500501394; 0,3553893635980785; 0,2242958638817072; 0,7274489742703736; 0,8065129341557622; 0,2632006611675024; 0,12807894684374332; 0,29049266362562776
0,2352201726196538; 0,22004370857030153; 0,45136465691030025; 0,11490705795586109; 0,7275663549080491; 0,14766717329621315; 0,19637278141453862; 0,48050836427137256; 0,8074999419040978; 0,527780544012785; 0,6236113114282489
0,9239491654999237; 0,9416103768162429; 0,985328777693212; 0,6181871392764151; 0,1511290562339127; 0,734899087343365; 0,7035101582296193; 0,15557101927697659; 0,5112441936507821; 0,17446286464110017; 0,31302305683493614
0,9518154910156549; 0,9191738767549396; 0,43398781260475516; 0,05507607897743583; 0,29789019795134664; 0,8174686757847667; 0,43908464908599854; 0,7031431226059794; 0,9271563082002103; 0,06993873417377472; 0,3676594882272184
0,8039821252910296; 0,8833325039595366; 0,8736659861169755; 0,9508193586952984; 0,35806935047730803; 0,6595946731977165; 0,19725194573402405; 0,5255994778126478; 0,5599630549550056; 0,9975819452665746; 0,20312748476862907
0,31782342320523527; 0,8714839606545866; 0,6129706408828497; 0,43077654857188463; 0,35253279749304056; 0,28370211413130164; 0,5338775548152626; 0,8643553145229816; 0,4781555035151541; 0,2152227913029492; 0,8741096807643771
0,8482969499977083; 0,18925703456625342; 0,031544637866318226; 0,9736335095949471; 0,04003910347819328; 0,6354268658906221; 0,19268633564934134; 0,7879545846953988; 0,7655120049603283; 0,23055558651685715; 0,5853606504388154
0,8751664773284852; 0,9032870326191187; 0,8750056931748986; 0,9671069281175733; 0,697672342415899; 0,7310133567079902; 0,3446810473687947; 0,05253435671329498; 0,42070510564371943; 0,8034905018284917; 0,4848593743517995
0,7820443081168487; 0,9055941891856492; 0,08673178451135755; 0,34243576135486364; 0,8389285882003605; 0,5955251595005393; 0,18202232103794813; 0,21820668037980795; 0,7534104180522263; 0,9809691165573895; 0,11427599377930164
0,7962773742127139; 0,7868241500109434; 0,9551479718647897; 0,03147896332666278; 0,11259032180532813; 0,7437923871912062; 0,4360830602236092; 0,12437217868864536; 0,5871011456474662; 0,3818078343756497; 0,08774052280932665
0,18216646037092024; 0,7494897861033678; 0,29472904931753874; 0,8519548904150724; 0,4903124733828008; 0,2170505034737289; 0,9016886381432414; 0,9429165478795767; 0,6416109716519713; 0,0882901893928647; 0,3497467772103846
0,9207737076388864; 0,7494148407131433; 0,12047212990000844; 0,8514123079366982; 0,7867338000796735; 0,7303667971864343; 0,11958819488063455; 0,4658561130054295; 0,5224660034291446; 0,9561367449350655; 0,00017931032925844193
0,44977865376841747; 0,3941812361590564; 0,8829632084816694; 0,2386291311122477; 0,387720282189548; 0,3124049762263894; 0,8842605580575764; 0,4126064362935722; 0,02966370154172182; 0,5304904296062887; 0,5730984159745276
0,1786138664633933; 0,9956278838217258; 0,2262577530927956; 0,8049317896366119; 0,9067355045117438; 0,11247572302818298; 0,26671533193439245; 0,04317252105101943; 0,1115616699680686; 0,3502997811883688; 0,15308201406151056
0,8703757695063549; 0,2755330051295459; 0,129166423343122; 0,06818403117358685; 0,7067986913025379; 0,7219293611124158; 0,06274139089509845; 0,6479466343298554; 0,5861701993271708; 0,6719298893585801; 0,765322542283684
-0,12389945261904074; 0,6007935828529298; 0,45774314599111676; 0,7709172577597201; 0,404185330029577; 0,5727162295952439; 0,5763884563930333; 0,5016779033467174; 0,13750041043385863; 0,36693162890151143; 0,7424021987244487
0,37559060645351455; 0,31726711010560393; 0,9155450714752078; 0,810358626767993; 0,0005414579063653946; 0,5737271383404732; 0,43784674210473895; 0,134685548953712; 0,2212387821637094; 0,3293654420413077; 0,5636113113723695
0,11245703723265574; 0,3935885769315064; 0,27184745436534286; 0,6064730258658528; 0,2987410011701286; 0,21889960626140237; 0,7626723027788103; 0,337613289244473; 0,7846038145944476; 0,745295125991106; 0,5592443165369332
0,2401015547426417; 0,7144635431468487; 0,6268185921944678; 0,2620479231700301; 0,6013273890130222; 0,08667563740164042; 0,05531333154067397; 0,8800040250644088; 0,9885521931573749; 0,41129008401185274; 0,18055562488734722
0,9001334797281199; 0,93819021852687; 0,5088286981917918; 0,7198405731469393; 0,3152364706620574; 0,7845481080003083; 0,3742056922055781; 0,8624479589052498; 0,0859823077917099; 0,1249318509362638; 0,12008361564949155
0,9169153353055283; 0,535139580257237; 0,5332533353939652; 0,29685005033388734; 0,7298175715841353; 0,7698755441233516; 0,34112661331892014; 0,9373798621818423; 0,9947120905853808; 0,5556665030308068; 0,4705338943749666
0,739943751088777; 0,34230786049738526; 0,509001502301544; 0,05379123333841562; 0,8209357848390937; 0,5593667323701084; 0,386526667047292; 0,2696682498790324; 0,8142550657503307; 0,7894319421611726; 0,20059099374338984
0,899838019346663; 0,18945463467389345; 0,4749079751782119; 0,44607074093073606; 0,5582129717804492; 0,7485033073462546; 0,35312086855992675; 0,6411344795487821; 0,07489153044298291; 0,2604425000026822; 0,16274522384628654
0,9144563271649941; 0,5282402648590505; 0,9565182635560632; 0,8347616172395647; 0,6880126660689712; 0,8799198227934539; 0,90465945051983; 0,6409958209842443; 0,09493885887786746; 0,9203331032767892; 0,6964828311465681
-0,24098610981987184; 0,8333794758655131; 0,6374430931173265; 0,6213950822129846; 0,28173762606456876; 0,36932307109236717; 0,5302731762640178; 0,5207917359657586; 0,19657666934654117; 0,19725846871733665; 0,2945066192187369
0,9412955797224052; 0,3554116631858051; 0,9951779521070421; 0,18868466280400753; 0,35957443015649915; 0,8958800989203155; 0,018084196373820305; 0,3502673408947885; 0,4223264455795288; 0,2902351301163435; 0,27618268923833966
0,10679185552879751; 0,27708548586815596; 0,7803039713762701; 0,9156727115623653; 0,19639145024120808; 0,047114848624914885; 0,8558391351252794; 0,4917214368470013; 0,47678221808746457; 0,04613678017631173; 0,07419882994145155
0,9492384854029865; 0,3976984145119786; 0,4257044028490782; 0,10827158810570836; 0,9887722562998533; 0,8963515814393759; 0,3691869508475065; 0,972363711334765; 0,020954805426299572; 0,35189535887911916; 0,11562876403331757
0,7547347790833098; 0,5128671829588711; 0,4243678776547313; 0,5967047312296927; 0,29023839021101594; 0,5732897338457406; 0,8942002858966589; 0,4399322927929461; 0,32205041544511914; 0,850910906214267; 0,43730789376422763
0,8365579190141791; 0,8940328164026141; 0,2201046124100685; 0,29148342553526163; 0,7455852814018726; 0,631635491270572; 0,37160314666107297; 0,8799321823753417; 0,6708465288393199; 0,6164795882068574; 0,7840410312637687
0,5620924683446924; 0,1950567690655589; 0,4993290170095861; 0,43672431260347366; 0,06753476988524199; 0,3476968752220273; 0,5244058528915048; 0,5064363796263933; 0,8714842358604074; 0,574644757900387; 0,9371797018684447
0,9414818665035093; 0,2515515494160354; 0,323573250323534; 0,1244488381780684; 0,6624342147260904; 0,7730819382704794; 0,23170277196913958; 0,9815003061667085; 0,9750131471082568; 0,4703363380394876; 0,7673500366508961
0,1782460530490908; 0,13281594216823578; 0,03126720944419503; 0,31084553385153413; 0,010805935598909855; 0,1256386125460267; 0,12567200744524598; 0,949123980011791; 0,8181506283581257; 0,749579019844532; 0,9955365611240268
0,7148267785277875; 0,7590060108341277; 0,5075837676413357; 0,11622374970465899; 0,22219531098380685; 0,5454460405744612; 0,512920196633786; 0,5942772040143609; 0,6860361471772194; 0,2159956293180585; 0,7503089080564678
0,32529453470147585; 0,3000908615067601; 0,8841703603975475; 0,5608786260709167; 0,9300004537217319; 0,20344769395887852; 0,06446257047355175; 0,19863289035856724; 0,47102032555267215; 0,8953204825520515; 0,9387917891144753
0,9716426389928644; 0,061102068051695824; 0,8149969526566565; 0,656768464948982; 0,9898275383748114; 0,8202111711725593; 0,11535733053460717; 0,7338422401808202; 0,4291507489979267; 0,4682828290387988; 0,16898040939122438
0,9122939865174413; 0,47024913830682635; 0,9478002078831196; 0,5593245425261557; 0,7156084454618394; 0,8701684474945068; 0,21014657616615295; 0,7703658430837095; 0,8897856683470309; 0,15307030035182834; 0,44877881929278374
0,17800315974026848; 0,008607910946011543; 0,6510327444411814; 0,9851918956264853; 0,5933308079838753; 0,20492216665297747; 0,7599797705188394; 0,5766910165548325; 0,1320255440659821; 0,7269325386732817; 0,03275439655408263
0,9875028723669718; 0,5446357349865139; 0,7872824585065246; 0,6910852985456586; 0,6724868398159742; 0,3061116887256503; 0,8632182059809566; 0,22773568704724312; 0,8410617541521788; 0,4496030528098345; 0,44169176183640957
0,4608879112736346; 0,1722050029784441; 0,5171860232949257; 0,24892185861244798; 0,8554632854647934; 0,35326089803129435; 0,9289877275004983; 0,09424201818183064; 0,24552660062909126; 0,12070471048355103; 0,38413125881925225
0,83568881360486; 0,4789158282801509; 0,5744341374374926; 0,7257423684932292; 0,41073542181402445; 0,760847797151655; 0,12804966233670712; 0,7925663688220084; 0,5512989922426641; 0,4699113625101745; 0,4040993829257786
0,825771120670322; 0,5057391873560846; 0,01430714875459671; 0,10202415799722075; 0,8941551838070154; 0,6450546411797404; 0,9212095239199698; 0,012340304907411337; 0,8662826493382454; 0,41494653932750225; 0,13959103217348456
0,9791932562533494; 0,394741321913898; 0,611940763425082; 0,22377767320722342; 0,9797371993772686; 0,9451538948342204; 0,17460308829322457; 0,37298452435061336; 0,14705803245306015; 0,4759126980789006; 0,7600176171399653
0,7405723769020659; 0,25836316449567676; 0,29412461118772626; 0,5981001299805939; 0,8704678323119879; 0,7349333451129496; 0,6581283835694194; 0,8464210978709161; 0,6944301351904869; 0,1592084402218461; 0,3441480421461165
0,9729672356315934; 0,9745065649040043; 0,47407276928424835; 0,37368457298725843; 0,8380592735484242; 0,8939230935648084; 0,48317312309518456; 0,4155160062946379; 0,8913746681064367; 0,7535767289809883; 0,1971432943828404
0,4919962228660971; 0,6395071274600923; 0,808110473677516; 0,3619029363617301; 0,8144970759749413; 0,7765432172454894; 0,04089915566146374; 0,4802522212266922; 0,7372994790785015; 0,15485808858647943; 0,9374356889165938
0,4313036849007028; 0,10358527163043618; 0,3564158035442233; 0,35802769800648093; 0,4185422584414482; 0,32856748951599; 0,9963109865784645; 0,5954533074982464; 0,8735740617848933; 0,4255424733273685; 0,8850958338007331
0,4890380902365821; 0,02772944327443838; 0,7972105648368597; 0,1358081130310893; 0,4219016977585852; 0,6284672655165195; 0,7597013656049967; 0,7624468561261892; 0,6355075221508741; 0,10623419377952814; 0,023844957817345858
0,39734944321237936; 0,7195940124802291; 0,6185053917579353; 0,08102639252319932; 0,7806278155185282; 0,7671465608291328; 0,9098665495403111; 0,0492686927318573; 0,44919082522392273; 0,6717566004954278; 0,17005606554448605
0,764733162775128; 0,7539435303770006; 0,2622662177309394; 0,15767392562702298; 0,27298819134011865; 0,5926788933575153; 0,7959287078119814; 0,038367412984371185; 0,3478948390111327; 0,005875788629055023; 0,7709069028496742
0,9244013519995689; 0,37306285463273525; 0,4794366634450853; 0,4518963289447129; 0,4057019129395485; 0,18911871640011668; 0,6588974054902792; 0,6282979669049382; 0,1490246714092791; 0,27540375012904406; 0,5113712390884757
0,9948016171716407; 0,8838714859448373; 0,9635934340767562; 0,7131202635355294; 0,485853613819927; 0,7064579450525343; 0,2013523131608963; 0,9909593532793224; 0,5255767987109721; 0,88033343013376; 0,5512918615713716
0,932435940211042; 0,0472356928512454; 0,9175924337469041; 0,9022082309238613; 0,38241198332980275; 0,8138449117541313; 0,0033671543933451176; 0,3731594569981098; 0,06321507738903165; 0,0018422463908791542; 0,8910279148258269
0,6626752237931102; 0,5038925688713789; 0,9037934336811304; 0,13372803386300802; 0,08275172999128699; 0,4237653985619545; 0,4461516006849706; 0,6905526807531714; 0,8602092722430825; 0,43315231800079346; 0,6718451282940805
0,847745749269915; 0,3544504181481898; 0,20124364737421274; 0,267607884015888; 0,11894093314185739; 0,6812590276822448; 0,7239604964852333; 0,9453996452502906; 0,4832104919478297; 0,8852875516749918; 0,9381223893724382
0,8261655344870813; 0,1846106187440455; 0,7827402837574482; 0,22881259070709348; 0,5517949829809368; 0,7152601163834333; 0,4488736614584923; 0,8258215840905905; 0,2999506266787648; 0,12872696574777365; 0,0985105037689209
0,9240952694943123; 0,5102103920653462; 0,511099808383733; 0,002457321621477604; 0,6516113830730319; 0,7970125242136419; 0,9554565758444369; 0,9859791933558881; 0,8577982126735151; 0,3713313862681389; 0,42504061898216605
0,9889017529906622; 0,8480861280113459; 0,7805992038920522; 0,8923099031671882; 0,9453799985349178; 0,7939664991572499; 0,6531179882586002; 0,18975943326950073; 0,8794344994239509; 0,12780923303216696; 0,07551363995298743
0,9485675529878851; 0,5147820631973445; 0,4684434994123876; 0,5914819752797484; 0,13450929382815957; 0,9040051009505987; 0,8120365240611136; 0,01027922099456191; 0,3478793785907328; 0,8511504312045872; 0,10850270185619593
0,7558043369749334; 0,07881227554753423; 0,2224971135146916; 0,7738405726850033; 0,915465057361871; 0,5873750001192093; 0,014387200120836496; 0,08963410649448633; 0,13581424253061414; 0,2669581058435142; 0,19342445535585284
0,9065702552437437; 0,7066175509244204; 0,6987361083738506; 0,2994382455945015; 0,3679044749587774; 0,7979075289331377; 0,4879022422246635; 0,061809304635971785; 0,15312821045517921; 0,9686033190228045; 0,6957803932018578
-0,06963898332737109; 0,1629391578026116; 0,5798639496788383; 0,8158508301712573; 0,5890776687301695; 0,05436069145798683; 0,08675229689106345; 0,10617220820859075; 0,8877118616364896; 0,7279414408840239; 0,03079383447766304
0,34852220011407925; 0,42760364431887865; 0,5251547452062368; 0,9324355465359986; 0,9710623654536903; 0,1807151078246534; 0,17341920640319586; 0,38421338284388185; 0,1516260104253888; 0,07183995842933655; 0,08836682932451367
0,06742924363224445; 0,6643012622371316; 0,046091349329799414; 0,2199430102482438; 0,8382144668139517; 0,0015206169337034225; 0,43710110476240516; 0,15078426524996758; 0,34660134464502335; 0,26943870820105076; 0,021485610399395227
0,6953134033393302; 0,9240799224935472; 0,38783404789865017; 0,9072278863750398; 0,9233518987894058; 0,5179970585741103; 0,6807445487938821; 0,2787497076205909; 0,6739018219523132; 0,9527126736938953; 0,4612925974652171
0,9812933027288666; 0,8156339572742581; 0,3569485410116613; 0,5605867803096771; 0,26351468823850155; 0,9691703543066978; 0,6443147319369018; 0,2422490669414401; 0,8126467778347433; 0,9583349474705756; 0,8748394884169102
0,9998251122621412; 0,7564761289395392; 0,36634829407557845; 0,008817524649202824; 0,461304375436157; 0,9547394337132573; 0,8777872319333255; 0,9222377277910709; 0,3549882206134498; 0,8803520523943007; 0,706825019326061
0,8367351560143952; 0,9047100720927119; 0,7234674845822155; 0,6815313990227878; 0,5324361906386912; 0,7120953076519072; 0,6493613407947123; 0,8069970542564988; 0,17127446085214615; 0,7636182680726051; 0,5052695828489959
0,8515831460016804; 0,9546734900213778; 0,10727100493386388; 0,22973599284887314; 0,44180941535159945; 0,6815539104864001; 0,016624017618596554; 0,2503756689839065; 0,8906159866601229; 0,6228136220015585; 0,5663410052657127
0,933976097955949; 0,08426906121894717; 0,04765483271330595; 0,09344826033338904; 0,3576900069601834; 0,8545238128863275; 0,31150405667722225; 0,22622081637382507; 0,9305894216522574; 0,14709391025826335; 0,6189844813197851
0,8518635277760531; 0,9148784605786204; 0,8667808501049876; 0,7804406872019172; 0,9635886158794165; 0,7151699122041464; 0,257007974665612; 0,8173560271970928; 0,2928775320760906; 0,3435626905411482; 0,2971399421803653
0,6144739418641169; 0,42961795162409544; 0,9637355785816908; 0,23542977450415492; 0,9822596283629537; 0,29957781126722693; 0,0027751526795327663; 0,08161802543327212; 0,266350666526705; 0,5052191969007254; 0,18638774985447526
0,5128600923702347; 0,114160081371665; 0,14592167967930436; 0,08350911410525441; 0,5102057526819408; 0,32309408765286207; 0,6872049490921199; 0,7355387867428362; 0,849428572691977; 0,22059410344809294; 0,9494651788845658
0,8248894073218106; 0,1783891636878252; 0,334282613825053; 0,6670334623195231; 0,849907174706459; 0,6369619560427964; 0,4181128046475351; 0,8314128313213587; 0,5630393004976213; 0,30252890288829803; 0,42916574887931347
0,943921580087406; 0,010267813224345446; 0,5340358070097864; 0,3138923216611147; 0,8260300876572728; 0,8421800397336483; 0,9160615629516542; 0,38543521240353584; 0,0159020209684968; 0,10729609662666917; 0,9065536633133888
0,9567455902728562; 0,8302478236146271; 0,254656620323658; 0,8981598233804107; 0,5770903616212308; 0,12212939839810133; 0,8391672167927027; 0,366687357891351; 0,18206990463659167; 0,1841450477950275; 0,398213601205498
0,38879258421901414; 0,7510109576396644; 0,058609473053365946; 0,0005337456241250038; 0,9360383059829473; 0,23914254130795598; 0,22656614519655704; 0,17924812203273177; 0,7619001804850996; 0,23970898753032088; 0,0295278150588274
0,9884285890597295; 0,20306244725361466; 0,6814446300268173; 0,4939711894840002; 0,0022136857733130455; 0,928503651637584; 0,8546178941614926; 0,009025403764098883; 0,542198471724987; 0,9544000066816807; 0,4332368792966008
0,15272566372936153; 0,09068834828212857; 0,942307859659195; 0,5994880627840757; 0,7006691764108837; 0,11751682963222265; 0,21757789887487888; 0,4334693499840796; 0,14287023711949587; 0,5922532710246742; 0,22649365523830056
0,9892039505030699; 0,9105818062089384; 0,3284292118623853; 0,1786886304616928; 0,8095738962292671; 0,9704733332619071; 0,1985920164734125; 0,917962206993252; 0,142825273796916; 0,3558799787424505; 0,8676878586411476
0,1083480435088886; 0,7826059525832534; 0,4257520204409957; 0,8826043321751058; 0,22411875845864415; 0,21437757275998592; 0,6686985148116946; 0,8454992705956101; 0,11786326393485069; 0,13437747163698077; 0,9649608312174678
0,7041021150020641; 0,7271650307811797; 0,7782729393802583; 0,8171783946454525; 0,10396062349900603; 0,6088547338731587; 0,7301113889552653; 0,993354338221252; 0,0485237711109221; 0,47653375985100865; 0,524585593957454
0,9971435627776236; 0,1029164376668632; 0,4656796199269593; 0,9948628046549857; 0,13216039538383484; 0,9981697942130268; 0,24712252849712968; 0,729635345749557; 0,19354035472497344; 0,5617369203828275; 0,6710655335336924
0,851377223899883; 0,3593159234151244; 0,2108468171209097; 0,8329299269244075; 0,16246206685900688; 0,5775014231912792; 0,467719089705497; 0,45579213183373213; 0,8955253483727574; 0,8112210817635059; 0,35555907851085067
0,8294532168431092; 0,34743867442011833; 0,704793936572969; 0,10579201159998775; 0,4345575049519539; 0,7303164773620665; 0,39558407850563526; 0,8421746529638767; 0,2518391557969153; 0,2956261024810374; 0,03644041530787945
0,6582862204300141; 0,0968916267156601; 0,6095953518524766; 0,6549842599779367; 0,058910476975142956; 0,471447947435081; 0,5931114363484085; 0,3470396064221859; 0,9390262379311025; 0,057290596421808004; 0,16185263404622674
0,7951972662975696; 0,8005292303860188; 0,11491396930068731; 0,27487780479714274; 0,08602308528497815; 0,627003850415349; 0,8972005555406213; 0,3140828260220587; 0,4161338838748634; 0,8169997492805123; 0,26328862691298127
0,7286369650381319; 0,1824911697767675; 0,4820031928829849; 0,6115480219013989; 0,9123191409744322; 0,4815572611987591; 0,14065164513885975; 0,7936100182123482; 0,30800673039630055; 0,06028069881722331; 0,1513467626646161
0,998298471467792; 0,735260286834091; 0,2474807659164071; 0,26655787928029895; 0,5902551868930459; 0,9781789602711797; 0,07777967909350991; 0,7436758750118315; 0,9982571052387357; 0,2936479519121349; 0,07200995413586497
0,6518189119528809; 0,628584970254451; 0,19455097522586584; 0,12044470943510532; 0,4576035109348595; 0,5105998450890183; 0,7598285656422377; 0,4622089541517198; 0,18420883221551776; 0,09750418830662966; 0,9782648039981723
0,18045769179076948; 0,09099741000682116; 0,47833944763988256; 0,8219663533382118; 0,3319476991891861; 0,12163006141781807; 0,7780670886859298; 0,4684176677837968; 0,9634165982715786; 0,9439992303960025; 0,3008788116276264
0,5637256084917432; 0,41420531552284956; 0,5607391358353198; 0,19110730523243546; 0,3074137349613011; 0,43547763023525476; 0,5227099936455488; 0,8405124209821224; 0,05114302318543196; 0,724276258610189; 0,7429035888053477
0,5674480977862592; 0,21531773265451193; 0,5276561169885099; 0,4328546938486397; 0,6495324177667499; 0,41051832027733326; 0,30423249397426844; 0,37003214890137315; 0,7750347591936588; 0,07226062892004848; 0,31132603669539094
0,9101911807828937; 0,7614586749114096; 0,2555201821960509; 0,6820077644661069; 0,47066355776041746; 0,7988839251920581; 0,7609772314317524; 0,672929048538208; 0,249665598385036; 0,9334903182461858; 0,338692098390311
0,07978426092097259; 0,8274763664230704; 0,7382424543611705; 0,608992020599544; 0,40849523805081844; 0,06963425362482667; 0,27663411432877183; 0,916717751417309; 0,10904597165063024; 0,5930655356496572; 0,3564030542038381
0,42160749473230114; 0,75421810336411; 0,538210095372051; 0,5280915056355298; 0,20860097743570805; 0,33814032282680273; 0,6231778250075877; 0,56537707708776; 0,5747792404145002; 0,2794388299807906; 0,6151894819922745
0,28822598175397435; 0,9135669711977243; 0,37338443472981453; 0,3261468750424683; 0,1523573212325573; 0,19912421656772494; 0,8651461857371032; 0,4853738318197429; 0,36126737389713526; 0,6292517501860857; 0,6743679968640208
0,9528205877601573; 0,8563401703722775; 0,4018474528566003; 0,45302600832656026; 0,7729666084051132; 0,8405121830292046; 0,29549588495865464; 0,960850007366389; 0,22573126899078488; 0,69178052758798; 0,8365502916276455
0,37070649750747287; 0,9407575498335063; 0,5209207125008106; 0,9415899873711169; 0,4021751810796559; 0,2406979906372726; 0,3784625087864697; 0,9381602476350963; 0,19338721642270684; 0,995121484156698; 0,5353882587514818
-0,020839321682115122; 0,135356186889112; 0,11524472758173943; 0,8788580256514251; 0,06885922001674771; 0,029520666226744652; 0,12297504860907793; 0,09848811151459813; 0,06081805471330881; 0,485251703299582; 0,7258394500240684
0,36389315502010605; 0,07973732054233551; 0,5833254782482982; 0,13475297903642058; 0,11906885169446468; 0,27773821260780096; 0,46073485212400556; 0,679812241345644; 0,4215349708683789; 0,8855947242118418; 0,009366163518279791
0,6541870335858313; 0,9253549627028406; 0,7951942342333496; 0,6048639048822224; 0,71485102083534; 0,483042458537966; 0,2449850495904684; 0,4055809900164604; 0,8268946106545627; 0,9234071583487093; 0,41381718777120113
0,37025070760413153; 0,6826485176570714; 0,028075316920876503; 0,7883056807331741; 0,8724059392698109; 0,3799509829841554; 0,09616521140560508; 0,6401313645765185; 0,8205241174437106; 0,5691982754506171; 0,48251978354528546
0,676579446389088; 0,14145548455417156; 0,595544392708689; 0,7430155361071229; 0,9674984351731837; 0,3804506273008883; 0,3315925793722272; 0,3514419514685869; 0,7543375878594816; 0,5332554113119841; 0,7741144662722945
0,47044166599185416; 0,36915639229118824; 0,4906510435976088; 0,9370426340028644; 0,29501762613654137; 0,11361519992351532; 0,7279844856821001; 0,2713274038396776; 0,24111827788874507; 0,5548102841712534; 0,8613491235300899
0,7792698383946057; 0,2058064742013812; 0,7795402281917632; 0,03158987173810601; 0,872112532146275; 0,591697143856436; 0,18299861531704664; 0,5791670144535601; 0,3669031043536961; 0,0058402386493980885; 0,9090120228938758
0,2695807713979279; 0,367547070607543; 0,40687368530780077; 0,6145833386108279; 0,8621917204000056; 0,2452602917328477; 0,0632771230302751; 0,15617398358881474; 0,24850592855364084; 0,29354458721354604; 0,8007767936214805
0,6479338376245455; 0,20260943798348308; 0,9888033056631684; 0,603620998095721; 0,6675105034373701; 0,40746931405737996; 0,5164225120097399; 0,16067285975441337; 0,5502075706608593; 0,604601148981601; 0,7381157441996038
0,7303591142009904; 0,60609629470855; 0,7718298519030213; 0,4016541950404644; 0,44543813029304147; 0,6325778397731483; 0,813348326832056; 0,13056033290922642; 0,07242563832551241; 0,21740300301462412; 0,3524239268153906
0,9656169636738259; 0,09425370767712593; 0,3439743285998702; 0,32193655520677567; 0,7906710803508759; 0,856670833658427; 0,9685247670859098; 0,9644069392234087; 0,46226690663024783; 0,8536446606740355; 0,6481710840016603
0,614416124102126; 0,2817038525827229; 0,529204498976469; 0,1203379980288446; 0,8110836623236537; 0,4176076026633382; 0,13392471754923463; 0,3054050197824836; 0,594551844522357; 0,6887686694972217; 0,8296179128810763
0,618656997623615; 0,8880468290299177; 0,8680730401538312; 0,9663935475982726; 0,1773958196863532; 0,46164321154356003; 0,47017413238063455; 0,6383260176517069; 0,7504325369372964; 0,7804344948381186; 0,3306088815443218
0,8582183450609979; 0,7403796883299947; 0,6189146619290113; 0,04823251813650131; 0,31244136672466993; 0,7448045243509114; 0,6612961138598621; 0,3843165636062622; 0,7986188102513552; 0,18030328815802932; 0,824278477113694
0,10513687735541374; 0,6465998282656074; 0,984035256318748; 0,5916248364374042; 0,35906045651063323; 0,7595535009168088; 0,4601719807833433; 0,2745148213580251; 0,2802084516733885; 0,07937665283679962; 0,055198275949805975
0,50455527393588; 0,4874110175296664; 0,8986046127974987; 0,3863315708003938; 0,4024838963523507; 0,17669569654390216; 0,6137245134450495; 0,7917142058722675; 0,8982017710804939; 0,08727797027677298; 0,38419150933623314
0,706402214719882; 0,7737202486023307; 0,652016390580684; 0,06199809396639466; 0,7491817916743457; 0,9285773998126388; 0,1247795750387013; 0,9062920352444053; 0,016136352438479662; 0,3173537151888013; 0,7625006763264537
0,9007444023702927; 0,24130326276645064; 0,2068959060125053; 0,5852995333261788; 0,805841198656708; 0,7652530279010534; 0,3069941536523402; 0,42139923432841897; 0,976183061953634; 0,027425716631114483; 0,9384218482300639
-0,4389766259185926; 0,6142289005219936; 0,3634250652976334; 0,44080569595098495; 0,3853729059919715; 0,055230334866791964; 0,09512338973581791; 0,6760919927619398; 0,9435520516708493; 0,8834154838696122; 0,16688053496181965
0,9954807402653938; 0,14563140738755465; 0,6926988158375025; 0,4357625995762646; 0,5026730643585324; 0,8918173117563128; 0,9438965003937483; 0,9303232571110129; 0,0900251199491322; 0,5109549118205905; 0,41450758231803775
0,07732457263861621; 0,7842724346555769; 0,5022394065745175; 0,4265924347564578; 0,9333893763832748; 0,09149961126968265; 0,003675431478768587; 0,7667661141604185; 0,7426024051383138; 0,7973820557817817; 0,29168511647731066
-0,01373348141434605; 0,8484944589436054; 0,7492347699590027; 0,48435797076672316; 0,4345879121683538; 0,0056002177298069; 0,8154190122149885; 0,36278106225654483; 0,2295284243300557; 0,261544419452548; 0,41024970915168524
0,69891929990101; 0,7997706034220755; 0,8931903666816652; 0,008350210264325142; 0,35747117130085826; 0,4696841686964035; 0,8664082209579647; 0,777805466670543; 0,5196444364264607; 0,07979736756533384; 0,6814730693586171
0,6314154910748395; 0,602736453525722; 0,1470093042589724; 0,36514444509521127; 0,3561777104623616; 0,6518995249643922; 0,5634912000969052; 0,11497017275542021; 0,21038006339222193; 0,5178438182920218; 0,0738964551128447
0,3867643652083999; 0,4788699271157384; 0,5824588509276509; 0,6086160778068006; 0,8726661438122392; 0,11308247689157724; 0,40900116646662354; 0,5059952680021524; 0,4000835157930851; 0,9291258826851845; 0,15141129028052092
0,7160632268749559; 0,8777441666461527; 0,8480856199748814; 0,927709523588419; 0,8655107505619526; 0,6402001450769603; 0,6088437405414879; 0,5205729170702398; 0,7870748420245945; 0,2943721585907042; 0,220760609023273
0,8646393567675468; 0,6221133056096733; 0,7343591842800379; 0,18353040236979723; 0,03317213850095868; 0,5048323129303753; 0,7977827773429453; 0,23817725107073784; 0,8579480880871415; 0,7479933169670403; 0,6630718582309783
0,8367715289659026; 0,36636408464983106; 0,579149239230901; 0,7872366877272725; 0,597536819986999; 0,5838112328201532; 0,09478797996416688; 0,5780166015028954; 0,7938690851442516; 0,9776412672363222; 0,7618663762696087
0,22615797645757027; 0,5920182554982603; 0,5221911799162626; 0,29569549672305584; 0,7708039991557598; 0,14916014997288585; 0,8199456557631493; 0,05497307097539306; 0,31381827872246504; 0,05379749182611704; 0,8843853492289782
0,8745217530016223; 0,4700702028349042; 0,6046744189225137; 0,7277819304727018; 0,37625591130927205; 0,6753270495682955; 0,40780724631622434; 0,6747095105238259; 0,37274263985455036; 0,886432861443609; 0,732930516358465
0,31976488651725776; 0,8491755430586636; 0,9035486672073603; 0,4305406594648957; 0,8732173480093479; 0,10402642982080579; 0,5420852992683649; 0,3571410244330764; 0,8593895910307765; 0,8027329905889928; 0,4641530574299395
0,44008521273647594; 0,2550091529265046; 0,6023768084123731; 0,661110850982368; 0,2966273343190551; 0,2875060667283833; 0,4744081776589155; 0,14620126504451036; 0,06472369283437729; 0,5877240295521915; 0,47039457224309444
0,5283937524226937; 0,2142624077387154; 0,6642771777696908; 0,5815746132284403; 0,701499352697283; 0,29103056248277426; 0,5697318310849369; 0,08265522075816989; 0,05109815811738372; 0,25020861299708486; 0,1211826829239726
0,386916627508996; 0,3021970107220113; 0,9053578111343086; 0,7958194459788501; 0,9772774241864681; 0,3188041024841368; 0,6081410050392151; 0,5297412816435099; 0,04267359897494316; 0,6987807345576584; 0,31504793046042323
0,9853653825529678; 0,2487171022221446; 0,31410684436559677; 0,9705814654007554; 0,6225708308629692; 0,9992636223323643; 0,8977026017382741; 0,8660966786555946; 0,26628203922882676; 0,7794747799634933; 0,3649402973242104
0,11888135072090075; 0,268886708188802; 0,3460829807445407; 0,7609812370501459; 0,9776919982396066; 0,06796539900824428; 0,5596632608212531; 0,1929115685634315; 0,604193702340126; 0,7328344816341996; 0,022852374706417322
0,5794481341967145; 0,1275488343089819; 0,8493700316175818; 0,7299142545089126; 0,4529290818609297; 0,41452365508303046; 0,19028415717184544; 0,34085906529799104; 0,7385770492255688; 0,14968138840049505; 0,6478206757456064
0,8216425894112128; 0,9044102509506047; 0,7525571882724762; 0,419856789521873; 0,4499234464019537; 0,6836629435420036; 0,3278079084120691; 0,8936513499356806; 0,9008330749347806; 0,423159162979573; 0,40023271599784493
0,41657760620193834; 0,6905577355064452; 0,6940522845834494; 0,4900068552233279; 0,7147550415247679; 0,26910251937806606; 0,620552253909409; 0,417704698164016; 0,04710131697356701; 0,34201105078682303; 0,17263446003198624
0,7188344858420491; 0,1965256305411458; 0,28753824904561043; 0,43554586824029684; 0,799821590539068; 0,514761617872864; 0,16468092240393162; 0,7294870759360492; 0,4937464790418744; 0,7785520534962416; 0,6609327639453113
0,19442599058148835; 0,9320566048845649; 0,6324601732194424; 0,12265228340402246; 0,12681750068441033; 0,08128492766991258; 0,9512779586948454; 0,8625549417920411; 0,26896681590005755; 0,16330082900822163; 0,926066106185317
0,9697297606572313; 0,7018073122017086; 0,1835427894257009; 0,4677980998530984; 0,062312263529747725; 0,943396104965359; 0,23433468211442232; 0,252592955250293; 0,8255980634130538; 0,19328337209299207; 0,8771338840015233
0,8358322021839493; 0,9349579433910549; 0,9342535459436476; 0,029760872945189476; 0,7243469953536987; 0,6139076882973313; 0,1654141335748136; 0,8729078685864806; 0,0650487532839179; 0,770328588783741; 0,16856578085571527
0,622577534879436; 0,2623204137198627; 0,4216202679090202; 0,04963870765641332; 0,11920340359210968; 0,40104616805911064; 0,4654308306053281; 0,8273558421060443; 0,9242838937789202; 0,8660840010270476; 0,5980457453988492
0,704791204861323; 0,15561025543138385; 0,14742667647078633; 0,26599780237302184; 0,06790137384086847; 0,5301263378933072; 0,2999502122402191; 0,7934886403381824; 0,8310159994289279; 0,8823055368848145; 0,8764013424515724
0,7589342631581947; 0,23121311701834202; 0,01962208468466997; 0,07410142198204994; 0,17639861814677715; 0,5660197725519538; 0,7278795405291021; 0,4180019092746079; 0,023087575566023588; 0,62875194568187; 0,6607858566567302
-0,24842747338777438; 0,8250071271322668; 0,6215525562874973; 0,5702770897187293; 0,44603812554851174; 0,2344415714032948; 0,32809543516486883; 0,18384233582764864; 0,13034741953015327; 0,24468954373151064; 0,6152582508511841
-0,13658970727413183; 0,1929958676919341; 0,8845549416728318; 0,7586992420256138; 0,32687573228031397; 0,14008743315935135; 0,3177447710186243; 0,2640379103831947; 0,37935434095561504; 0,6452237064950168; 0,2864265167154372
0,4466629522526766; 0,7102186759002507; 0,2448081811890006; 0,9385251714847982; 0,12983425939455628; 0,0742159248329699; 0,4445034950040281; 0,5980981304310262; 0,3727541151456535; 0,7030563484877348; 0,5812749066390097
0,8913889867760987; 0,9140630625188351; 0,8275048057548702; 0,7353970324620605; 0,3559327572584152; 0,6943302960135043; 0,8470323141664267; 0,4527670005336404; 0,8558458723127842; 0,5893769469112158; 0,9637251645326614
0,999316215111593; 0,7506027803756297; 0,8695230390876532; 0,26426887372508645; 0,0033051068894565105; 0,98835628060624; 0,9217222612351179; 0,5696768281050026; 0,33241487201303244; 0,5569137879647315; 0,7921746065840125
0,2122409648169577; 0,9122222550213337; 0,457559896633029; 0,45906995236873627; 0,8807511981576681; 0,19536739634349942; 0,3219137857668102; 0,0445897001773119; 0,1776754455640912; 0,014059331268072128; 0,09149963315576315
0,45784273889582905; 0,29889574693515897; 0,504615948535502; 0,28657415229827166; 0,22820878913626075; 0,33575901901349425; 0,6258848491124809; 0,06116833910346031; 0,41612466936931014; 0,6168258963152766; 0,9465942499227822
0,9990802146435418; 0,7242030617780983; 0,916417240165174; 0,2061731698922813; 0,40136724431067705; 0,960195530205965; 0,8003371441736817; 0,7741960743442178; 0,627211173530668; 0,18429871136322618; 0,9540724935941398
0,9985118312281283; 0,7497896910645068; 0,5978929647244513; 0,7808422674424946; 0,7621733974665403; 0,9276959090493619; 0,033395808190107346; 0,8935418473556638; 0,788366299122572; 0,806587481405586; 0,6390411984175444
0,4623205027214797; 0,7441150746308267; 0,8907883740030229; 0,8105375552549958; 0,6763415052555501; 0,8771461001597345; 0,3147001536563039; 0,3975541293621063; 0,9251427780836821; 0,40996552258729935; 0,7234067232348025
0,641068716049034; 0,9277053116820753; 0,690253859385848; 0,26834289310500026; 0,4561414187774062; 0,40779428416863084; 0,47684904281049967; 0,685575598385185; 0,9624809185042977; 0,7183799236081541; 0,3559918012470007
0,6601496493997147; 0,97674864763394; 0,14655286259949207; 0,6838517226278782; 0,8994351727887988; 0,48947963397949934; 0,481030885130167; 0,3256359128281474; 0,7456317115575075; 0,7184184156358242; 0,9186340146698058
0,9930455379800607; 0,3740764041431248; 0,9270558902062476; 0,037042406387627125; 0,7428830768913031; 0,9821746847592294; 0,5392169672995806; 0,3721872866153717; 0,55112408939749; 0,037507290951907635; 0,8270050901919603
0,9612914937158079; 0,6944441990926862; 0,5598269025795162; 0,3419890203513205; 0,18953183479607105; 0,7188961179926991; 0,6907703005708754; 0,5149642815813422; 0,6017462848685682; 0,43522223085165024; 0,42643475625663996
0,6677349058294919; 0,2941880258731544; 0,6948650614358485; 0,544822923373431; 0,6905639320611954; 0,5232456806115806; 0,13227148121222854; 0,40229199081659317; 0,5688620773144066; 0,5552255557850003; 0,2944934880360961
0,4750002782471332; 0,7841853820718825; 0,3690361976623535; 0,7962471973150969; 0,6192595702596009; 0,33376763900741935; 0,761227622628212; 0,7487466465681791; 0,12045735213905573; 0,7661550571210682; 0,9697748399339616
0,5669845365645566; 0,1596435816027224; 0,5233863997273147; 0,3355846027843654; 0,703207048587501; 0,430511973798275; 0,06102149887010455; 0,11178626772016287; 0,5078146611340344; 0,36589487874880433; 0,6683007427491248
0,5391520204215313; 0,2747439262457192; 0,7732639643363655; 0,7581082140095532; 0,7775394008494914; 0,17288593342527747; 0,3000853918492794; 0,08035307191312313; 0,7057606694288552; 0,54232182726264; 0,3357481802813709
0,21254876723787622; 0,8154895966872573; 0,0015798276290297508; 0,14952978352084756; 0,9326281794346869; 0,1275045652873814; 0,11607943521812558; 0,028349595610052347; 0,9283619001507759; 0,926051557995379; 0,29318631161004305
0,16015638347103744; 0,25826713535934687; 0,9026076658628881; 0,5267377919517457; 0,7460883618332446; 0,07059050584211946; 0,4929227130487561; 0,23000033851712942; 0,4743946152739227; 0,9809775655157864; 0,0218610605224967
0,938976474914498; 0,20366728259250522; 0,7646964211016893; 0,19860176602378488; 0,9490087074227631; 0,8543429248966277; 0,00206964835524559; 0,5560865462757647; 0,9225177424959838; 0,5245559974573553; 0,7339620208367705
0,7632999957368841; 0,9079019636847079; 0,32815363025292754; 0,5973923755809665; 0,023135580588132143; 0,5549461743794382; 0,8331404370255768; 0,22626057313755155; 0,3664769069291651; 0,3294453667476773; 0,7657205862924457
0,993210938455087; 0,6094668824225664; 0,2946801511570811; 0,6661090771667659; 0,36491501331329346; 0,9411233887076378; 0,23076180927455425; 0,6286871978081763; 0,6408611475490034; 0,2491801641881466; 0,6166687468066812
0,9327676810966309; 0,6880675181746483; 0,43448917800560594; 0,010597681626677513; 0,433647105935961; 0,9656513691879809; 0,29984100349247456; 0,984354320447892; 0,5603074701502919; 0,8729264279827476; 0,5036588744260371
0,6218427689616393; 0,5555416634306312; 0,5124692395329475; 0,6115611493587494; 0,386044364888221; 0,32431218354031444; 0,34869878739118576; 0,7422122387215495; 0,26274747448042035; 0,13224546099081635; 0,35721320705488324
0,8844776608671462; 0,9110335553996265; 0,6893789023160934; 0,2808207203634083; 0,5576399262063205; 0,6725949398241937; 0,7662880979478359; 0,6113060326315463; 0,10084874322637916; 0,8022460388019681; 0,32148353615775704
-0,2800989693363334; 0,2312144013121724; 0,6707885107025504; 0,5944389402866364; 0,6821862645447254; 0,07326442282646894; 0,493310556281358; 0,5610605282709002; 0,24463339382782578; 0,15161231299862266; 0,07966769253835082
0,9761072859787562; 0,5900152917020023; 0,6711110058240592; 0,05175301805138588; 0,19028577441349626; 0,9984854864887893; 0,23009684961289167; 0,7903563636355102; 0,3121667760424316; 0,33046960504725575; 0,3222283227369189
0,9120989451152802; 0,24264625972136855; 0,1274690185673535; 0,7250744444318116; 0,02802559034898877; 0,7831070758402348; 0,9005838041193783; 0,6779187717474997; 0,811428593005985; 0,7944503175094724; 0,28183724032714963
0,9937496012924627; 0,5187083277851343; 0,5203269752673805; 0,2785956570878625; 0,24190779030323029; 0,908181787468493; 0,7983220410533249; 0,10754260187968612; 0,29444831144064665; 0,3391558672301471; 0,4223089781589806
0,13992858692022916; 0,2849850873462856; 0,021234525833278894; 0,7700987276621163; 0,29372328612953424; 0,6461479673162103; 0,8613280584104359; 0,18828996969386935; 0,942781041841954; 0,10341041255742311; 0,2258662930689752
0,7193944494375365; 0,591374748852104; 0,7142122564837337; 0,39324563555419445; 0,8053943561390042; 0,48170306207612157; 0,4704310018569231; 0,254076421726495; 0,984394715167582; 0,0021869768388569355; 0,03802511468529701
0,9783447945342985; 0,06480446876958013; 0,899262975435704; 0,6107246149331331; 0,453390259295702; 0,8636833331547678; 0,5457146284170449; 0,8325534905306995; 0,16746155358850956; 0,14071624260395765; 0,1875557960011065
0,8809148004465519; 0,9576516402885318; 0,1611328055150807; 0,14025423349812627; 0,06069448869675398; 0,7434396054595709; 0,41119516594335437; 0,4653513147495687; 0,20920444326475263; 0,10358432028442621; 0,32509906124323606
0,20403209153020294; 0,18545280350372195; 0,41333407489582896; 0,3376225270330906; 0,7822287753224373; 0,15804944606497884; 0,7630321681499481; 0,900115673430264; 0,1828257953748107; 0,6575152748264372; 0,8590569091029465
0,3690174725778018; 0,3275119289755821; 0,06651500146836042; 0,18048988934606314; 0,6773676271550357; 0,2570546790957451; 0,41365230549126863; 0,8865659534931183; 0,440293678548187; 0,26521375868469477; 0,01442809822037816
0,5216867322475562; 0,30830969475209713; 0,5239760586991906; 0,9288629833608866; 0,38887400086969137; 0,27867594873532653; 0,8543140036053956; 0,47034654626622796; 0,4495718674734235; 0,5577692608349025; 0,9631503126583993
0,36741741916589654; 0,7960214572958648; 0,004755453672260046; 0,7520420085638762; 0,7433591061271727; 0,20874160947278142; 0,5342032564803958; 0,39922650856897235; 0,7456826739944518; 0,04138892935588956; 0,5606388947926462
0,9522627792493529; 0,45661796536296606; 0,8864291133359075; 0,1680373875424266; 0,5820821253582835; 0,7769465507008135; 0,2994316122494638; 0,27086465433239937; 0,7908907388336957; 0,13567952765151858; 0,3243730668909848
0,15463995826134871; 0,6746456809341908; 0,8444929579272866; 0,14189347065985203; 0,15116756688803434; 0,15487560583278537; 0,4816732327453792; 0,779965981375426; 0,4687432153150439; 0,49696848914027214; 0,4493019334040582
0,8598340647894053; 0,9178801998496056; 0,37889575865119696; 0,8317578136920929; 0,547597186639905; 0,7128466735593975; 0,17344707297161222; 0,5372541011311114; 0,49589469796046615; 0,1255758311599493; 0,204815911129117
0,7552737199804267; 0,9639465776272118; 0,12300253473222256; 0,07305171014741063; 0,31289472337812185; 0,5570686492137611; 0,47592884954065084; 0,9679252728819847; 0,40912204841151834; 0,024026669096201658; 0,8005711953155696
0,9852426394670117; 0,45350097538903356; 0,9918536101467907; 0,8089990047737956; 0,5719500766135752; 0,13617457961663604; 0,5601999908685684; 0,5822882833890617; 0,36420533573254943; 0,6155116856098175; 0,34808446234092116
0,5879114144754963; 0,2963467803783715; 0,9458651021122932; 0,9994938243180513; 0,27726660016924143; 0,9044319670647383; 0,20615080697461963; 0,24047430511564016; 0,6773867961019278; 0,053030749317258596; 0,0399067266844213
0,5595427793216693; 0,29373636934906244; 0,68156734155491; 0,2230841382406652; 0,5313400775194168; 0,31876937532797456; 0,15237577073276043; 0,9983108723536134; 0,3438955806195736; 0,874532719142735; 0,9106050301343203
0,21437363493406592; 0,6115837772376835; 0,5346471541561186; 0,36684705410152674; 0,3700679298490286; 0,2705024918541312; 0,22477079229429364; 0,15993170579895377; 0,5658240476623178; 0,16179696563631296; 0,2702186214737594
0,6921777275838752; 0,8993041040375829; 0,7206585588864982; 0,8021065746434033; 0,87975804368034; 0,7557185147888958; 0,5702118738554418; 0,9181853793561459; 0,7107496056705713; 0,7649572491645813; 0,5948728271760046
0,9691151206263173; 0,012919016182422638; 0,1676163705997169; 0,2879474419169128; 0,6153091466985643; 0,9178082528524101; 0,5241750790737569; 0,4691648301668465; 0,7620678879320621; 0,5135630196891725; 0,5311288367956877
0,6405205017822139; 0,15331880981102586; 0,32546388264745474; 0,08791228663176298; 0,31749196583405137; 0,5335475276224315; 0,34311328269541264; 0,2893332364037633; 0,13288291031494737; 0,12205299502238631; 0,9809589525684714
-0,4928171898826469; 0,23840149911120534; 0,23022111225873232; 0,8235374731011689; 0,1563817085698247; 0,1641670293174684; 0,4317548735998571; 0,15156130818650126; 0,29548219637945294; 0,3415996450930834; 0,008898998610675335
0,9762010111031421; 0,25413454370573163; 0,1797060389071703; 0,8755747419781983; 0,8592838454060256; 0,9275400685146451; 0,7965941289439797; 0,028593365103006363; 0,05306030111387372; 0,4831816181540489; 0,8604298466816545
0,048328703002855355; 0,3308738823980093; 0,9468853697180748; 0,0251466347835958; 0,9523208839818835; 0,03024608874693513; 0,8034785781055689; 0,29032389307394624; 0,8880794569849968; 0,08484284672886133; 0,36887123389169574
0,5381866290899994; 0,5066937659867108; 0,6704509388655424; 0,49162995303049684; 0,31389419129118323; 0,39720408990979195; 0,8547769300639629; 0,4882948184385896; 0,9653938291594386; 0,9209194970317185; 0,6409596321173012
0,87037708951893; 0,8728335401974618; 0,03477773629128933; 0,9132696478627622; 0,8892086339183152; 0,6786013403907418; 0,6167372823692858; 0,08579696575179696; 0,9327028044499457; 0,521915556397289; 0,03913751244544983
0,7942479936183727; 0,6601633355021477; 0,4214578508399427; 0,0471111792139709; 0,12675294373184443; 0,5446646278724074; 0,7717001172713935; 0,6997955651022494; 0,023138313088566065; 0,9660920570604503; 0,25963116623461246
0,9609775081850136; 0,8697115257382393; 0,7189356223680079; 0,7514044702984393; 0,22780735976994038; 0,8098170924931765; 0,0930892457254231; 0,2185124959796667; 0,5028881565667689; 0,8115411419421434; 0,48908741399645805
0,2290194511558064; 0,7814178094267845; 0,6363042471930385; 0,39323436841368675; 0,7458174824714661; 0,12701393710449338; 0,6418022611178458; 0,5970033896155655; 0,2841971619054675; 0,46337327966466546; 0,7271506832912564
0,9724054440582118; 0,5408381307497621; 0,7963525061495602; 0,25691375555470586; 0,8048932296223938; 0,9008899349719286; 0,7589203147217631; 0,66857924265787; 0,060000256169587374; 0,9251650180667639; 0,4171410920098424
0,4962761511478841; 0,5003685802221298; 0,43652705755084753; 0,2448340207338333; 0,10671691643074155; 0,35240067867562175; 0,20894219912588596; 0,3791416264139116; 0,9596812594681978; 0,09381769131869078; 0,7706078719347715
0,9868219827851936; 0,8679810897447169; 0,27879344625398517; 0,4848232022486627; 0,550278537441045; 0,9512469507753849; 0,3024057033471763; 0,8520118058659136; 0,6830122857354581; 0,48372474452480674; 0,3908641464076936
0,2946114983986771; 0,3308667573146522; 0,20383536303415895; 0,8915896848775446; 0,9854806712828577; 0,20426161913201213; 0,4542813263833523; 0,41279573226347566; 0,839537191670388; 0,688178975135088; 0,6072136689908803
-0,08595373014320097; 0,5821794895455241; 0,11007219413295388; 0,8053089864552021; 0,7793624838814139; 0,12080684816464782; 0,4344308264553547; 0,8955566203221679; 0,001089298166334629; 0,4659667294472456; 0,6815207661129534
0,9745183209759746; 0,32155179092660546; 0,4109822935424745; 0,32238755747675896; 0,2371875080280006; 0,9044874692335725; 0,24401762709021568; 0,32594111235812306; 0,6783275716006756; 0,15728434827178717; 0,6570802005007863
0,07907719185762314; 0,4905013106763363; 0,9010709864087403; 0,8186442297883332; 0,7968166237697005; 0,23597201239317656; 0,7497949870303273; 0,9784616609103978; 0,8195513328537345; 0,6585224345326424; 0,5109668648801744
0,8613658106785812; 0,6059288331307471; 0,22895501740276814; 0,20872475719079375; 0,7641119072213769; 0,6596613773144782; 0,45999033423140645; 0,21507475152611732; 0,07035797880962491; 0,27738075889647007; 0,2414637370966375
0,6752317230449609; 0,45137064484879375; 0,46219023084267974; 0,13823690079152584; 0,6074296128936112; 0,5044021070934832; 0,39987747371196747; 0,3748682690784335; 0,7574278004467487; 0,26068915985524654; 0,8418040610849857
0,5768460258484247; 0,20113227888941765; 0,7661514445208013; 0,38687615748494864; 0,7132988469675183; 0,4336310215294361; 0,7458923025988042; 0,5559067698195577; 0,9324213583022356; 0,5753087396733463; 0,7304544551298022
0,5831006309196533; 0,290986105799675; 0,24192168843001127; 0,5838354639708996; 0,8409748827107251; 0,42200967529788613; 0,14081236021593213; 0,006643648725003004; 0,5291321673430502; 0,6749966284260154; 0,9169598557054996
0,3430808627032977; 0,44036038126796484; 0,36825274769216776; 0,5893686646595597; 0,5715961027890444; 0,22237650537863374; 0,28380541410297155; 0,8485798351466656; 0,9165084958076477; 0,743363500572741; 0,7982921544462442
0,22926838707219208; 0,9429438309744; 0,09479327220469713; 0,8098079585470259; 0,8975633727386594; 0,20055437739938498; 0,034437938593328; 0,7332301991991699; 0,4183127046562731; 0,8967128125950694; 0,41681656520813704
0,3196338058550068; 0,46813429798930883; 0,6573896422050893; 0,23270363220945; 0,9453595858067274; 0,21947549330070615; 0,7699111849069595; 0,42422982258722186; 0,5307030603289604; 0,7652891431935132; 0,7529455181211233
0,925691611655714; 0,49413600470870733; 0,10147818643599749; 0,5838273102417588; 0,36402524122968316; 0,8725485545583069; 0,08454351592808962; 0,17698479071259499; 0,9637121967971325; 0,8259876486845315; 0,8857642142102122
-0,9209229490643298; 0,7220060611143708; 0,8809363450855017; 0,6751012890599668; 0,2674422934651375; 0,33857120759785175; 0,6239416631869972; 0,6635669241659343; 0,33052394445985556; 0,40163765009492636; 0,17190334852784872
0,5694660760779474; 0,4752116776071489; 0,7704411465674639; 0,1867369362153113; 0,04764167685061693; 0,3049406437203288; 0,3408093838952482; 0,08737069508060813; 0,5391802131198347; 0,2515540337190032; 0,928511771839112
0,4557669676408802; 0,0800499846227467; 0,6346618561074138; 0,7995715229772031; 0,7145389160141349; 0,32532344479113817; 0,22562965797260404; 0,4452211307361722; 0,6520563033409417; 0,7132681529037654; 0,5960908089764416
0,9237614325922306; 0,22207992663607; 0,9675752050243318; 0,5223087859340012; 0,8368943254463375; 0,2455240460112691; 0,31676665926352143; 0,3971967278048396; 0,27767177717760205; 0,6774260690435767; 0,2554465951398015
-0,8668877639585046; 0,3149529160000384; 0,7407575850374997; 0,31007998436689377; 0,1639221259392798; 0,49231629772111773; 0,8177179857157171; 0,5792235084809363; 0,04018986690789461; 0,21476441668346524; 0,28680249210447073
0,9787253944851892; 0,8844117647968233; 0,6502213580533862; 0,2774459859356284; 0,31790027068927884; 0,9602764784358442; 0,9604520183056593; 0,5236508944071829; 0,8456740714609623; 0,5374301606789231; 0,4881352037191391
0,9359758807123412; 0,5818330552428961; 0,7358581009320915; 0,6171070341952145; 0,32295775786042213; 0,3721381048671901; 0,9180133179761469; 0,6342844036407769; 0,6058018174953759; 0,9009942593984306; 0,10163635620847344
0,5458664242087213; 0,7322808387689292; 0,5577582754194736; 0,33127096109092236; 0,41135775949805975; 0,39153252029791474; 0,6359555427916348; 0,5244988384656608; 0,6053525297902524; 0,14333623507991433; 0,9079198846593499
0,9743009527796402; 0,2614844273775816; 0,10254046740010381; 0,6999442796222866; 0,19239851413294673; 0,9661207557655871; 0,9246514672413468; 0,13757096603512764; 0,10334495780989528; 0,4444792331196368; 0,2014847737737
0,7304754917934025; 0,6872582081705332; 0,07320044003427029; 0,1618364080786705; 0,7436781409196556; 0,5645167259499431; 0,4135319604538381; 0,18764729797840118; 0,5131458225660026; 0,19995125429704785; 0,7019830364733934
0,09609888756513882; 0,8085257764905691; 0,6327388281933963; 0,07207046123221517; 0,033516145311295986; 0,1020707106217742; 0,3866740604862571; 0,9127238662913442; 0,2677700365893543; 0,3312897002324462; 0,867827566806227
0,7297102186641028; 0,45705508394166827; 0,3327781935222447; 0,4800800303928554; 0,9171537258662283; 0,5773417842574418; 0,2527441927231848; 0,05922686029225588; 0,6911145364865661; 0,27942455746233463; 0,595138412900269
0,4312892837301413; 0,8627007431350648; 0,04266434535384178; 0,0568892122246325; 0,2555027976632118; 0,32042798353359103; 0,22226883517578244; 0,7057917932979763; 0,6945662372745574; 0,8717926098033786; 0,8208846910856664
0,8958685890194567; 0,06792956031858921; 0,8510093856602907; 0,4067419287748635; 0,5625403369776905; 0,6241726134903729; 0,5941112604923546; 0,9403073447756469; 0,4534544092603028; 0,6415339121595025; 0,5016904650256038
0,34823651052661025; 0,8058642530813813; 0,09064680151641369; 0,43358616018667817; 0,5944366790354252; 0,24297458259388804; 0,5496025867760181; 0,12443511094897985; 0,9297399721108377; 0,30166742112487555; 0,3382685058750212
0,033405338709556774; 0,6225564922206104; 0,4147290443070233; 0,9652071613818407; 0,4023739513941109; 0,030674025416374207; 0,19019527873024344; 0,4703166354447603; 0,06973612960428; 0,7688544183038175; 0,44062077440321445
-0,09656961913102295; 0,24111132742837071; 0,9900445719249547; 0,6439944650046527; 0,6920738536864519; 0,27981958305463195; 0,1515784482471645; 0,3975021601654589; 0,5430021383799613; 0,8749007089063525; 0,5927487993612885
0,554200424337082; 0,9006413021124899; 0,4864741680212319; 0,40853187814354897; 0,048254930414259434; 0,41312685422599316; 0,35123785957694054; 0,6168127558194101; 0,2581947594881058; 0,2454353617504239; 0,2030299617908895
0,15291919797039186; 0,5790750342421234; 0,12022674921900034; 0,5248310309834778; 0,4822294213809073; 0,1102976556867361; 0,23312259931117296; 0,4031800664961338; 0,5263172942213714; 0,4756410769186914; 0,1771708927117288
0,865370972799074; 0,9873670716769993; 0,6203103135339916; 0,9824618091806769; 0,05759867839515209; 0,8206118964590132; 0,15778261749073863; 0,7769530122168362; 0,24578286288306117; 0,44260616367682815; 0,4830513037741184
-0,09470066484699856; 0,5571113568730652; 0,9261447633616626; 0,9112040530890226; 0,8471221774816513; 0,6326732039451599; 0,9498202581889927; 0,2459432827308774; 0,003600683994591236; 0,08963064616546035; 0,8681647591292858
0,3117259708210895; 0,3130718129687011; 0,05996956070885062; 0,5328829665668309; 0,33850881922990084; 0,17671860149130225; 0,9489055788144469; 0,13850576942786574; 0,1907281237654388; 0,9662129012867808; 0,370439060498029
0,632678094879265; 0,8310872544534504; 0,4757425137795508; 0,2636276790872216; 0,7094582766294479; 0,443542190361768; 0,3534714528359473; 0,9394475282169878; 0,7416283995844424; 0,5728753600269556; 0,12791677471250296
0,9530029691138908; 0,17524898843839765; 0,29589211381971836; 0,8988058273680508; 0,24713884899392724; 0,9830985139124095; 0,30095686530694366; 0,41468216618523; 0,4633592637255788; 0,9313256777822971; 0,9937044810503721
0,9621281025471751; 0,8145630131475627; 0,32094114553183317; 0,9026860827580094; 0,010830854065716267; 0,9149050451815128; 0,9397396091371775; 0,6471535153687; 0,5321974824182689; 0,8550732876174152; 0,7387872664257884
0,6093048733585377; 0,2798345764167607; 0,24666041880846024; 0,8300865958444774; 0,3763666325248778; 0,24728174833580852; 0,15783331636339426; 0,9737458694726229; 0,32886388385668397; 0,023292185738682747; 0,07658028230071068
0,6032037727943279; 0,8177762259729207; 0,026819057296961546; 0,6886845803819597; 0,4533282099291682; 0,4141939557157457; 0,5072007337585092; 0,3643901105970144; 0,2649110732600093; 0,4223146690055728; 0,32311251061037183
0,5900557562186731; 0,2958367927931249; 0,5002885856665671; 0,0391820939257741; 0,8959648474119604; 0,44476505694910884; 0,40070863207802176; 0,32062110817059875; 0,3510296232998371; 0,7867937632836401; 0,033288979437202215
0,5709026226618257; 0,979231858626008; 0,29437443567439914; 0,844297110568732; 0,9902491001412272; 0,4379933709278703; 0,852236982434988; 0,10984744876623154; 0,905706075951457; 0,5826049190945923; 0,18429055530577898
0,9162171060280166; 0,7672722353599966; 0,7514873389154673; 0,47353607369586825; 0,22665331652387977; 0,6263119662180543; 0,41876771999523044; 0,8749747122637928; 0,7908205473795533; 0,7692924486473203; 0,054416349157691
0,5204276077399629; 0,12696644570678473; 0,44960059924051166; 0,20464785769581795; 0,2857538457028568; 0,4354613181203604; 0,8317063371650875; 0,9952684859745204; 0,5617869272828102; 0,19609924545511603; 0,6991959647275507
0,4514982615329941; 0,014956869184970856; 0,02791823400184512; 0,6592302923090756; 0,931499894708395; 0,303553381934762; 0,40057226782664657; 0,8337823087349534; 0,5524271121248603; 0,42327791918069124; 0,33133290661498904
0,8837161412932174; 0,08954889327287674; 0,768360092304647; 0,46416699467226863; 0,699604943394661; 0,7536517190746963; 0,6131742186844349; 0,4645962091162801; 0,058437594678252935; 0,7038196600042284; 0,9313501636497676
0,0416219589280589; 0,9013131558895111; 0,2804017970338464; 0,6174054881557822; 0,09127272013574839; 0,0714245573617518; 0,08899013651534915; 0,9819909897632897; 0,0037416955456137657; 0,3315643761307001; 0,01187413651496172
0,6796561313840584; 0,904711258597672; 0,306620548479259; 0,06630479823797941; 0,264992268756032; 0,48905672458931804; 0,7795117520727217; 0,11477864859625697; 0,9141747807152569; 0,001165654044598341; 0,7143101189285517
0,9855854622781387; 0,7290354105643928; 0,4205888104625046; 0,03380986209958792; 0,34029204538092017; 0,9904945590533316; 0,7915968257002532; 0,9889765838161111; 0,2520434311591089; 0,20325126871466637; 0,8120588939636946
0,3966825655538085; 0,3703783117234707; 0,19292553653940558; 0,2741457810625434; 0,564968918915838; 0,2744363504461944; 0,4160798117518425; 0,3741595013998449; 0,7523718969896436; 0,5516435010358691; 0,7785723428241909
0,7672715051291359; 0,8704677019268274; 0,7728295004926622; 0,5536034111864865; 0,8106958637945354; 0,6521521504037082; 0,6331187039613724; 0,9073330098763108; 0,41141141951084137; 0,3323930846527219; 0,3419658779166639
0,991017604685028; 0,5346284904517233; 0,45078055234625936; 0,6022606706246734; 0,5789013719186187; 0,9638897348195314; 0,7156237307935953; 0,26123127015307546; 0,2572496202774346; 0,7351854578591883; 0,5733439344912767
0,3953653300786542; 0,8127393568865955; 0,28390510380268097; 0,36093483166769147; 0,9819245217368007; 0,3378976150415838; 0,4301296970807016; 0,015050269197672606; 0,01066703675314784; 0,3389356420375407; 0,8692602063529193
0,29353145736859565; 0,055177618749439716; 0,8353346800431609; 0,6310262195765972; 0,25532216392457485; 0,3106162156909704; 0,3504652031697333; 0,6825810079462826; 0,03171895584091544; 0,3854226968251169; 0,981343190651387
0,3747858246680299; 0,7258199141360819; 0,2732263240031898; 0,4926345255225897; 0,3061536871828139; 0,5499266814440489; 0,35023763542994857; 0,7988118566572666; 0,5152018261142075; 0,19295267201960087; 0,12791683850809932
0,6524982897946578; 0,10745650669559836; 0,7339680753648281; 0,6264473935589194; 0,47063130140304565; 0,44471141602844; 0,8751680483110249; 0,7181799048557878; 0,07952867913991213; 0,6325306501239538; 0,09871769417077303
0,4429025941122215; 0,4800845296122134; 0,6937269004993141; 0,49027539091184735; 0,2829939550720155; 0,016939782071858644; 0,4533598721027374; 0,11091479705646634; 0,7796797310002148; 0,44594102539122105; 0,48458011634647846
0,9555558780501735; 0,27781007857993245; 0,28202075231820345; 0,44786766404286027; 0,3914764313958585; 0,8394716111943126; 0,039330446626991034; 0,25921115512028337; 0,5969724417664111; 0,4501173458993435; 0,9602999868802726
0,011565020632053885; 0,4194150283001363; 0,4216416794806719; 0,8064269060268998; 0,5395753188058734; 0,08847478544339538; 0,9729749704711139; 0,7220383076928556; 0,24483781540766358; 0,10710986331105232; 0,26648807898163795
0,9674847703162094; 0,2575508654117584; 0,07261805003508925; 0,331315441057086; 0,8316891272552311; 0,8862962061539292; 0,2816872983239591; 0,5845348709262908; 0,0525654461234808; 0,7974730720743537; 0,3821397586725652
0,49503824785977; 0,829538163729012; 0,49579915637150407; 0,5417751953937113; 0,4564012703485787; 0,2670459672808647; 0,3677781820297241; 0,35412792302668095; 0,6017216686159372; 0,21491818642243743; 0,3670925199985504
0,25721035883801996; 0,27855115896090865; 0,5624923314899206; 0,6247117593884468; 0,04960850486531854; 0,1983316787518561; 0,27618800569325686; 0,6926189209334552; 0,14180257730185986; 0,22460431372746825; 0,8637995151802897
-0,026400879923942546; 0,08761424524709582; 0,3517763181589544; 0,6247131847776473; 0,2994085205718875; 0,20963138062506914; 0,12335629481822252; 0,9108799491077662; 0,5810387451201677; 0,9502809746190906; 0,3059965125285089
0,6272637120718072; 0,8653211500495672; 0,746036191470921; 0,38109376141801476; 0,5057077715173364; 0,4394180839881301; 0,18377774115651846; 0,20890682423487306; 0,018448766320943832; 0,5975594031624496; 0,8429584507830441
0,12230301250012256; 0,20708737755194306; 0,9726855428889394; 0,6780531210824847; 0,10910285543650389; 0,20179140707477927; 0,7696026144549251; 0,8067569588311017; 0,6418831022456288; 0,8256486249156296; 0,19853286258876324
0,5418826270983421; 0,7513559269718826; 0,9673918490298092; 0,7868510782718658; 0,38457213900983334; 0,3975875722244382; 0,6459784954786301; 0,0784305315464735; 0,9260451314039528; 0,7953199688345194; 0,5988988582976162
0,7825574924668169; 0,17527023423463106; 0,29664927115663886; 0,31944883754476905; 0,26550667779520154; 0,6051462986506522; 0,34568402636796236; 0,19876414025202394; 0,6931030438281596; 0,49109941394999623; 0,8148061516694725
0,7312874524381171; 0,9528976273722947; 0,22969154734164476; 0,5128502990119159; 0,9165484779514372; 0,5659525552764535; 0,7655114149674773; 0,06691394839435816; 0,9262695647776127; 0,4350982354953885; 0,41380791598930955
0,41843488725083977; 0,4530520043335855; 0,6179617177695036; 0,8979967725463212; 0,9671826744452119; 0,3650293662212789; 0,3384130848571658; 0,6692309319041669; 0,5886701494455338; 0,36932865902781487; 0,09574015811085701
0,8577723954447448; 0,1496737077832222; 0,16159199085086584; 0,08001672942191362; 0,12342827161774039; 0,6924825347959995; 0,41205665143206716; 0,6367690525949001; 0,48324582539498806; 0,9931483245454729; 0,451489707455039
0,6854981156103809; 0,7907913364470005; 0,12469690851867199; 0,09138153214007616; 0,7598862098529935; 0,5151087995618582; 0,9896699767559767; 0,8015596568584442; 0,1892377408221364; 0,263695539906621; 0,4058863674290478
0,4266042009389814; 0,20144720282405615; 0,5519874971359968; 0,7652773903682828; 0,892540518194437; 0,2737687397748232; 0,7022164012305439; 0,22424243623390794; 0,18888717843219638; 0,8517859149724245; 0,29680625768378377
0,9827116371300788; 0,30084500554949045; 0,667940251994878; 0,017547372728586197; 0,5854986165650189; 0,9761702320538461; 0,6378873120993376; 0,28213883843272924; 0,7722664372995496; 0,06164659885689616; 0,7887346656061709
0,9199013617595019; 0,3253632471896708; 0,053243526723235846; 0,26446960819885135; 0,8744797855615616; 0,8304177559912205; 0,8271679156459868; 0,2018014625646174; 0,007907116319984198; 0,3980460138991475; 0,7413441287353635
0,9277853278382363; 0,7697393307462335; 0,9673331826925278; 0,6315568215213716; 0,3448738781735301; 0,9412246947176754; 0,11949997954070568; 0,8256787117570639; 0,7783054243773222; 0,5909891626797616; 0,20351591939106584
0,9886877362336044; 0,10194167448207736; 0,14515797840431333; 0,9186322130262852; 0,07517082616686821; 0,809352695941925; 0,6401859014295042; 0,07666240260004997; 0,950558964163065; 0,6945295198820531; 0,04047553613781929
0,6078535944907826; 0,10064050881192088; 0,32985275657847524; 0,5003526890650392; 0,43535792361944914; 0,4146888512186706; 0,7121914294548333; 0,5569606199860573; 0,49211933510378003; 0,37334738997742534; 0,47090524109080434
0,979684459013275; 0,3201537565328181; 0,9450179631821811; 0,20000173430889845; 0,13416495686396956; 0,869476247113198; 0,2909979894757271; 0,8882799190469086; 0,022614783141762018; 0,45643382566049695; 0,7885065972805023
0,7689193165595078; 0,10126771964132786; 0,3041254603303969; 0,9940025866962969; 0,9187630275264382; 0,5931282723322511; 0,01483954070135951; 0,2903340104967356; 0,004913973156362772; 0,17849097540602088; 0,2936341632157564
0,9945025100086751; 0,6017355211079121; 0,5392767786979675; 0,16680164681747556; 0,23952722689136863; 0,9889643588103354; 0,025398612953722477; 0,693841696716845; 0,00485251285135746; 0,6081027202308178; 0,5942189334891737
-0,05658453615890941; 0,8327090656384826; 0,14840802969411016; 0,8529120986349881; 0,7185062849894166; 0,0008054105564951897; 0,8342778440564871; 0,8018579357303679; 0,979375384747982; 0,3649711054749787; 0,0680695092305541
-0,14826533424097887; 0,9127944642677903; 0,8200681153684855; 0,9699931684881449; 0,5010364572517574; 0,05588692193850875; 0,6281767142936587; 0,8250376372598112; 0,30297333048656583; 0,21258660731837153; 0,08639851910993457
0,7130940938942484; 0,4062623009085655; 0,34753023693338037; 0,056001828983426094; 0,9105729670263827; 0,5274495980702341; 0,39054176211357117; 0,8594592409208417; 0,9349250830709934; 0,37352528842166066; 0,9084222638048232
0,9657861136475487; 0,09889864409342408; 0,3020629324018955; 0,9129991536028683; 0,4464442548342049; 0,8782682516612113; 0,2019019345752895; 0,037821078673005104; 0,17032106686383486; 0,48285075556486845; 0,21771916188299656
0,9971207023561355; 0,29414546908810735; 0,6929825930856168; 0,17082814034074545; 0,9935345468111336; 0,8663089210167527; 0,3412950346246362; 0,6530788815580308; 0,6070811720564961; 0,45749343698844314; 0,8556348783895373
0,897133143110922; 0,9901007800363004; 0,17027455335482955; 0,6772411037236452; 0,1318364916369319; 0,39072620030492544; 0,968344749417156; 0,6505240420810878; 0,5239778556860983; 0,84170823963359; 0,04216041276231408
0,39652616836759763; 0,9075023573823273; 0,45558700198307633; 0,4505945621058345; 0,12867806339636445; 0,34477842692285776; 0,1496606874279678; 0,5194444288499653; 0,17575884144753218; 0,4328552447259426; 0,7830477277748287
0,9378518415386338; 0,6196627570316195; 0,2764331614598632; 0,33139633666723967; 0,19634404964745045; 0,7414850280620158; 0,8472767877392471; 0,2452688431367278; 0,06812446331605315; 0,13331393245607615; 0,7584726284258068
0,8787914885957369; 0,6955719045363367; 0,14896742440760136; 0,010796022601425648; 0,607056125998497; 0,6260312222875655; 0,5723807998001575; 0,5483915251679718; 0,34347554109990597; 0,9207920678891242; 0,2693302184343338
-0,6881100882324676; 0,8246814752928913; 0,9562606080435216; 0,8415025104768574; 0,01889157947152853; 0,14624119410291314; 0,729801251552999; 0,03761414438486099; 0,7358946492895484; 0,09848881745710969; 0,003720257431268692
0,18870711188884162; 0,003766967449337244; 0,6271715271286666; 0,05304073262959719; 0,5723563861101866; 0,1415539300069213; 0,968289096839726; 0,3565414431504905; 0,9020293457433581; 0,14090366195887327; 0,8645128943026066
0,8332952954828788; 0,7035150993615389; 0,03281220095232129; 0,7494397386908531; 0,9001410147175193; 0,6231837216764688; 0,6479315781034529; 0,754442011937499; 0,3592251995578408; 0,5082038575783372; 0,8176881754770875
0,8167789145924795; 0,032381194178014994; 0,8872154671698809; 0,677141341380775; 0,8648296073079109; 0,5210614623501897; 0,3898921823129058; 0,026961977127939463; 0,9442758220247924; 0,33683538530021906; 0,2896088673733175
0,932931865595718; 0,4810083215124905; 0,42172121768817306; 0,9162562163546681; 0,7482366776093841; 0,8717468013055623; 0,1065086224116385; 0,5604999852366745; 0,3229733966290951; 0,8532541752792895; 0,8755153142847121
0,7547310540637856; 0,5366164818406105; 0,6592385824769735; 0,023153697606176138; 0,9142912747338414; 0,6237904666922987; 0,15682360995560884; 0,27958284690976143; 0,8591320682317019; 0,7519807727076113; 0,7660594824701548
0,21649426851536502; 0,08865547319874167; 0,3036368368193507; 0,5138367260806262; 0,6424896488897502; 0,1340258731506765; 0,7159190638922155; 0,3845932884141803; 0,08947168244048953; 0,2885502465069294; 0,8041179412975907
0,9717608567995161; 0,046092072036117315; 0,13252198975533247; 0,6089867977425456; 0,5128103252500296; 0,9233465692959726; 0,6659340709447861; 0,020687307231128216; 0,7343674348667264; 0,33579352404922247; 0,17110405210405588
0,9337387585856619; 0,4405316752381623; 0,21664948714897037; 0,8432992016896605; 0,5884127533063293; 0,821678408421576; 0,3401483870111406; 0,5725581860169768; 0,08216601703315973; 0,04464978817850351; 0,7617631535977125
0,04636666087448819; 0,7889545578509569; 0,6056462391279638; 0,8799847681075335; 0,2064208649098873; 0,23159434227272868; 0,9864878319203854; 0,16181495925411582; 0,6359216356649995; 0,8391900672577322; 0,4738152832724154
0,9555069875061107; 0,2102006934583187; 0,7848747107200325; 0,7150755850598216; 0,5694696349091828; 0,8515126360580325; 0,49148494750261307; 0,6976933642290533; 0,3929994897916913; 0,3457077406346798; 0,6681353868916631
0,2670581749633206; 0,974702397827059; 0,2512099710293114; 0,10934861144050956; 0,9036461575888097; 0,1830948474816978; 0,0857774754986167; 0,9913330487906933; 0,6876062536612153; 0,3921420774422586; 0,8641195008531213
0,7214938778224799; 0,37607914628461003; 0,9040956739336252; 0,5978403715416789; 0,9459938644431531; 0,6561144646257162; 0,8416659305803478; 0,18375614564865828; 0,724763966165483; 0,6545838960446417; 0,7961644595488906
0,8712682334372709; 0,6934449779801071; 0,34734804974868894; 0,4109430708922446; 0,1634919117204845; 0,7036623298190534; 0,6978204837068915; 0,2808702443726361; 0,7308405213989317; 0,08645396120846272; 0,5271323500201106
0,2060725266831734; 0,9747958397492766; 0,500119695905596; 0,6014513657428324; 0,5594344912096858; 0,09328640578314662; 0,6625033877789974; 0,9590894798748195; 0,7628856808878481; 0,848751035053283; 0,7428434174507856
0,15448974052078837; 0,486151035875082; 0,8645973233506083; 0,2228837595321238; 0,8171116481535137; 0,06107471464201808; 0,3812828338705003; 0,1820791675709188; 0,5616250038146973; 0,5810891203582287; 0,1714741694740951
0,9168410886729816; 0,8803445901721716; 0,3569689900614321; 0,8639443381689489; 0,8518328978680074; 0,7823240826837718; 0,5073728738352656; 0,030895825941115618; 0,31412816047668457; 0,6678378893993795; 0,19553046021610498
0,039286920083629565; 0,4527692901901901; 0,4615440904162824; 0,4009553175419569; 0,15107807517051697; 0,07010654965415597; 0,34610477508977056; 0,08786122314631939; 0,3474424467422068; 0,8613805803470314; 0,3399605634622276
0,27568016635504106; 0,6915695825591683; 0,40154604287818074; 0,629144155420363; 0,7904709195718169; 0,18384413560852408; 0,08260224713012576; 0,7863222826272249; 0,8801693953573704; 0,2994534159079194; 0,4528513001278043
0,7101238503400435; 0,8451851927675307; 0,6805925276130438; 0,6418131217360497; 0,6528334198519588; 0,5591196706518531; 0,9807689669542015; 0,19335604086518288; 0,5908529171720147; 0,0401477231644094; 0,4231676673516631
-0,8554263216578392; 0,6353271934203804; 0,14637189265340567; 0,09358527371659875; 0,8704004096798599; 0,3539868160150945; 0,7304814178496599; 0,019185086246579885; 0,3048706413246691; 0,8875320432707667; 0,3717709011398256
-0,015348708386292032; 0,06264882627874613; 0,24290625331923366; 0,4617520892061293; 0,2895615794695914; 0,07984080398455262; 0,32734299451112747; 0,5554329082369804; 0,7576697412878275; 0,3379286299459636; 0,3885876345448196
0,9836879413032649; 0,41621881537139416; 0,12170843128114939; 0,35161830903962255; 0,9183963960967958; 0,9144078334793448; 0,7115283724851906; 0,9419092303141952; 0,9805044960230589; 0,6416941964998841; 0,15299610560759902
0,5944445124938076; 0,8175091054290533; 0,21921472949907184; 0,6733030551113188; 0,8594339205883443; 0,3122272100299597; 0,5180212850682437; 0,7664503678679466; 0,027635845355689526; 0,21961879171431065; 0,3344550677575171
0,9937417779225818; 0,13048411486670375; 0,7492408626712859; 0,25572016555815935; 0,8888583909720182; 0,9753453428857028; 0,21213316451758146; 0,7570405043661594; 0,2579792086035013; 0,22694802936166525; 0,4953142125159502
0,848935369772748; 0,8356249127537012; 0,752250213176012; 0,18888652184978127; 0,1631442792713642; 0,6278802459128201; 0,9793452760204673; 0,1167903309687972; 0,17004183726385236; 0,42739316867664456; 0,1423091096803546
0,6964989367446703; 0,08784888032823801; 0,01188367698341608; 0,13426454830914736; 0,45536092203110456; 0,5314716007560492; 0,8600011584348977; 0,030878926161676645; 0,9055433836765587; 0,10568103659898043; 0,5623962501995265
0,9930584784722216; 0,7083649756386876; 0,8688225923106074; 0,669406614266336; 0,9276684918440878; 0,8843277674168348; 0,393755953758955; 0,24638770101591945; 0,05929112993180752; 0,9642517883330584; 0,9789573145098984
0,989826470605904; 0,3719454174861312; 0,23767293011769652; 0,010163094848394394; 0,12318993033841252; 0,9994487944059074; 0,015358280390501022; 0,8194265775382519; 0,5199062475003302; 0,6440702727995813; 0,8215520824305713
0,9187141642869767; 0,17552317399531603; 0,42647284269332886; 0,7781766522675753; 0,6127007817849517; 0,7883767047896981; 0,8100863201543689; 0,7403949415311217; 0,9322941387072206; 0,7435669065453112; 0,4939446924254298
0,9070157374189721; 0,5868953899480402; 0,18184159230440855; 0,26390017941594124; 0,6420366549864411; 0,7703787391074002; 0,5102563952095807; 0,7135059647262096; 0,9635243047960103; 0,5613289284519851; 0,05027238326147199
0,864353429735662; 0,9692288250662386; 0,25865719746798277; 0,34211668092757463; 0,6856462103314698; 0,6779815871268511; 0,3340277476236224; 0,6418089410290122; 0,2471315385773778; 0,07184571912512183; 0,31287869438529015
0,06947567338355311; 0,5943045746535063; 0,5289109745062888; 0,7145130136050284; 0,12865494703873992; 0,6081694611348212; 0,1593305659480393; 0,8022245396859944; 0,5657239649444818; 0,5490221357904375; 0,9188236757181585
0,8346297660382562; 0,8278266051784158; 0,8495612498372793; 0,1901682778261602; 0,10363466339185834; 0,6653746305964887; 0,5852398974820971; 0,8272843505255878; 0,9648858141154051; 0,9482064512558281; 0,9576576426625252
0,979977685845193; 0,3797074933536351; 0,5033340593799949; 0,6180929196998477; 0,13583615561947227; 0,8989658313803375; 0,6979537284933031; 0,9624262135475874; 0,8981964685954154; 0,09324995148926973; 0,8024272136390209
0,6726222352105987; 0,21660358924418688; 0,32529107201844454; 0,7368773189373314; 0,1862513143569231; 0,5111237009987235; 0,8859026776626706; 0,2505737137980759; 0,12306223530322313; 0,3323839958757162; 0,8840330862440169
0,09259821265003333; 0,5617067869752645; 0,5989852519705892; 0,4584533032029867; 0,9081886461935937; 0,025331065990030766; 0,15547467907890677; 0,7289435463026166; 0,6664365930482745; 0,3038197164423764; 0,014746188186109066
0,9529207696488492; 0,3451239154674113; 0,1836391189135611; 0,3582918029278517; 0,4196848841384053; 0,8864999548532069; 0,8516077934764326; 0,282220876775682; 0,6292830538004637; 0,8078501727432013; 0,010727353394031525
0,798089602203685; 0,7116926112212241; 0,8271588468924165; 0,40084609389305115; 0,6167214186862111; 0,6251315656118095; 0,46258070413023233; 0,9988130889832973; 0,40781591227278113; 0,5485925101675093; 0,6511825583875179
0,8435078734848732; 0,7845517322421074; 0,582510766107589; 0,6098581263795495; 0,6470716036856174; 0,6854704702273011; 0,7555608609691262; 0,6303509408608079; 0,21701259212568402; 0,3065996263176203; 0,9289095653221011
0,08221076587565027; 0,7213214477524161; 0,9979433249682188; 0,35207971511408687; 0,8683226187713444; 0,13750834437087178; 0,08510596165433526; 0,25619675777852535; 0,802492811344564; 0,4453863832168281; 0,17035541031509638
0,2872957655965542; 0,8558638361282647; 0,5878313719294965; 0,7639188766479492; 0,04114828957244754; 0,11973374523222446; 0,4072763896547258; 0,16432659653946757; 0,3920163777656853; 0,2974078985862434; 0,2462812694720924
0,8289704914680658; 0,6202881406061351; 0,1380419754423201; 0,47380676539614797; 0,14566322742030025; 0,8863298958167434; 0,4566482682712376; 0,3427185253240168; 0,14052024390548468; 0,9566901014186442; 0,7127933320589364
-0,18316489651627982; 0,008859064429998398; 0,9072970463894308; 0,3133409917354584; 0,1671388284303248; 0,05115461442619562; 0,7515301438979805; 0,16149289114400744; 0,30898810969665647; 0,5002356758341193; 0,3894814411178231
0,4292523263472036; 0,9677708307281137; 0,4683509599417448; 0,5492996368557215; 0,27957524731755257; 0,3106536311097443; 0,08965705381706357; 0,42242122115567327; 0,7327460926026106; 0,7639652169309556; 0,2928180145099759
0,6924129522968114; 0,22178894374519587; 0,1669254065491259; 0,44032926531508565; 0,5402520033530891; 0,5420420044101775; 0,48611988266929984; 0,777974009513855; 0,13728689728304744; 0,7008181405253708; 0,3599575203843415
-0,0408486269956344; 0,816195597872138; 0,8516041268594563; 0,18391622230410576; 0,2625572970137; 0,007987093646079302; 0,79719607392326; 0,29528174782171845; 0,7459429316222668; 0,9030347904190421; 0,5079640876501799
0,076736793466823; 0,46002197777852416; 0,48366597341373563; 0,9618577314540744; 0,23243804182857275; 0,42993908608332276; 0,5994031545706093; 0,5475622932426631; 0,7496059257537127; 0,32416920037940145; 0,3492062804289162
0,7959016514776066; 0,7420978085137904; 0,20298614352941513; 0,5302015533670783; 0,9492578646168113; 0,6227475795894861; 0,10225407825782895; 0,2754543316550553; 0,6284308019094169; 0,3648334052413702; 0,17844074685126543
0,9027092613587258; 0,2897196519188583; 0,9251693193800747; 0,6133444141596556; 0,7641908540390432; 0,8127875467762351; 0,5145709682255983; 0,24266281072050333; 0,9236855846829712; 0,6714400108903646; 0,9977893531322479
-0,24822851970196516; 0,22076666681095958; 0,3825554670765996; 0,8136676657013595; 0,33728317730128765; 0,31087804725393653; 0,33740096678957343; 0,8890119763091207; 0,45648913411423564; 0,5861019468866289; 0,24504208751022816
0,22550422333846087; 0,4343721722252667; 0,971652798820287; 0,219776657409966; 0,8700885847210884; 0,16168434312567115; 0,12580047640949488; 0,01206549210473895; 0,17392195668071508; 0,14360783202573657; 0,655680691357702
0,9401417708688045; 0,06909474590793252; 0,04727570479735732; 0,2001165822148323; 0,25425051525235176; 0,8153894785791636; 0,05634464183822274; 0,9142293334007263; 0,12340674502775073; 0,1483743842691183; 0,3092679283581674
0,577155695884354; 0,9487873828038573; 0,3182980106212199; 0,6702269501984119; 0,5191506990231574; 0,41499998793005943; 0,8949565528891981; 0,8137033530510962; 0,42746197199448943; 0,9231170997954905; 0,8419564347714186
0,9463845422134649; 0,43953391490504146; 0,4291029116138816; 0,042364942375570536; 0,5564263975247741; 0,8357697292231023; 0,4572326885536313; 0,7361234878189862; 0,7370059201493859; 0,7546187876723707; 0,8618722120299935
0,9432205931870925; 0,9543429361656308; 0,1655323994345963; 0,6227025077678263; 0,36830451199784875; 0,8320415890775621; 0,9880174249410629; 0,1567410584539175; 0,24554467992857099; 0,9312661630101502; 0,40500814700499177
0,6981458818805475; 0,307909706607461; 0,5661742249503732; 0,26927132438868284; 0,33878072118386626; 0,5073810969479382; 0,5874011404812336; 0,6454330459237099; 0,12768320459872484; 0,7383160162717104; 0,8336502504535019
0,6377317906690513; 0,6596974893473089; 0,9681077352724969; 0,34867722587659955; 0,865231562871486; 0,48150157276540995; 0,1349244867451489; 0,42504500038921833; 0,3089167927391827; 0,16137226158753037; 0,35153468511998653
0,9453510256542335; 0,2885575480759144; 0,6814528447575867; 0,9839249229989946; 0,32371176732704043; 0,9296298241242766; 0,8718392439186573; 0,18838628754019737; 0,5798613126389682; 0,5947760613635182; 0,7536714351736009
0,9752023731160732; 0,13088420312851667; 0,2293966393917799; 0,7325547495856881; 0,9995077508501709; 0,8260311987251043; 0,1440410134382546; 0,8555190842598677; 0,8445691303350031; 0,7386604775674641; 0,40192441549152136
-0,09215864427624591; 0,6534026013687253; 0,8220261763781309; 0,6591847757808864; 0,91900286776945; 0,40500626852735877; 0,2147823804989457; 0,6141826659440994; 0,4087120471522212; 0,4920402583666146; 0,5789721426554024
0,15076277531727023; 0,8157198666594923; 0,7021841430105269; 0,48520773835480213; 0,32831920124590397; 0,11212664702907205; 0,736069343984127; 0,4532680637203157; 0,26912363711744547; 0,977675826754421; 0,24879453424364328
0,6278019227127742; 0,00206188578158617; 0,43078468181192875; 0,8204164579510689; 0,4216837943531573; 0,32141824439167976; 0,013238911982625723; 0,8984522544778883; 0,09282403998076916; 0,023931005503982306; 0,09907748643308878
0,9951770760142392; 0,9726579417474568; 0,9542517163790762; 0,9445831407792866; 0,001441432163119316; 0,9737029289826751; 0,2619467284530401; 0,19612985663115978; 0,7544235102832317; 0,11123849079012871; 0,15928240632638335
-0,6542144683494541; 0,7145155011676252; 0,46954705845564604; 0,709026871714741; 0,6621690443716943; 0,29851898830384016; 0,5835761539638042; 0,2149038608185947; 0,5058329589664936; 0,5699490713886917; 0,17492861207574606
0,9165160006945687; 0,021007238421589136; 0,46208418952301145; 0,6524493382312357; 0,7904367726296186; 0,7965977569110692; 0,8934880890883505; 0,4588465979322791; 0,43637081841006875; 0,7904128381051123; 0,9523808937519789
0,7825449279195817; 0,1903157765045762; 0,9422426014207304; 0,9709520498290658; 0,44547488261014223; 0,5234678592532873; 0,7502037137746811; 0,7281038733199239; 0,6149001661688089; 0,07826215773820877; 0,747577978298068
0,6177763403463524; 0,17788001941516995; 0,8785626594908535; 0,6967083965428174; 0,025978130288422108; 0,40263071469962597; 0,8029268053360283; 0,6460618921555579; 0,5896888268180192; 0,40389284351840615; 0,8110930267721415
0,49930479407014317; 0,28613042272627354; 0,4422076540067792; 0,22732069250196218; 0,9143815916031599; 0,3638288537040353; 0,5348026491701603; 0,24969682097434998; 0,44919301103800535; 0,19344550091773272; 0,9931586398743093
0,8743593999770298; 0,6308819875121117; 0,12692262511700392; 0,24122063489630818; 0,24932906590402126; 0,5786763112992048; 0,2716073878109455; 0,48592954128980637; 0,8870067712850869; 0,3380138147622347; 0,32609947165474296
0,9157538403442306; 0,0011430475860834122; 0,4577280511148274; 0,3833909248933196; 0,9213526356033981; 0,7403767006471753; 0,6442795237526298; 0,913175311870873; 0,9267071983776987; 0,10492463922128081; 0,761457372456789
0,9891751173646294; 0,016473979223519564; 0,052579390816390514; 0,9606222999282181; 0,2510843202471733; 0,9759178068488836; 0,35836771689355373; 0,9581207023002207; 0,5469882925972342; 0,8494897843338549; 0,42415565624833107
0,7404643062879139; 0,6375069497153163; 0,08164200792089105; 0,04996600095182657; 0,7934632957912982; 0,9573303731158376; 0,8212587758898735; 0,5439425967633724; 0,2641460122540593; 0,16880610771477222; 0,03597873728722334
0,9650706667563016; 0,49188566394150257; 0,77486513229087; 0,35527070239186287; 0,9857256719842553; 0,8805055315606296; 0,7944763298146427; 0,0331064029596746; 0,18843748606741428; 0,5919395792298019; 0,29030520375818014
0,992506101691069; 0,5572482664138079; 0,3310917029157281; 0,5362409111112356; 0,28270412888377905; 0,9721205336973071; 0,7468431289307773; 0,05632339883595705; 0,7379097063094378; 0,6368070086464286; 0,5854627075605094
0,1723301319599324; 0,7634659227915108; 0,2622173842974007; 0,8083179746754467; 0,36153723346069455; 0,041717078536748886; 0,29941616440191865; 0,9277493059635162; 0,8656986257992685; 0,7249337090179324; 0,7500975234434009
0,06396247720672425; 0,166884561534971; 0,021224203053861856; 0,08940582955256104; 0,8914707372896373; 0,03882178943604231; 0,47833711514249444; 0,4687019963748753; 0,16009848518297076; 0,6261056708171964; 0,4748041392304003
0,965421350475963; 0,9070463036186993; 0,13170998450368643; 0,7643520925194025; 0,8599119083955884; 0,5786191029474139; 0,03902320051565766; 0,6810238603502512; 0,4211342316120863; 0,9900733334943652; 0,12133461702615023
0,571283270962916; 0,050444262102246284; 0,11586240632459521; 0,28948766458779573; 0,16891253972426057; 0,40927020786330104; 0,24018805846571922; 0,6566695696674287; 0,4265468465164304; 0,17097753332927823; 0,9407439222559333
0,6395823062224095; 0,5088732312433422; 0,4958390179090202; 0,4856073665432632; 0,16186241386458278; 0,5298598352819681; 0,5087504042312503; 0,4708648449741304; 0,18444610573351383; 0,5589140956290066; 0,9061812222935259
0,20961138537180465; 0,7952294931747019; 0,3586937924847007; 0,4496363499201834; 0,30927979853004217; 0,14291138062253594; 0,8959695133380592; 0,2973267138004303; 0,3973106094636023; 0,929947093129158; 0,9698526109568775
0,1945007986903065; 0,34816066455096006; 0,548534934874624; 0,9179964568465948; 0,3199159326031804; 0,0034648352302610874; 0,9186620246618986; 0,059812878258526325; 0,43306859815493226; 0,4636924099177122; 0,9663142543286085
0,3465264357868193; 0,5251983860507607; 0,021604874171316624; 0,8427166878245771; 0,14011123543605208; 0,24423906533047557; 0,015964224468916655; 0,18995566200464964; 0,8751898207701743; 0,9222920625470579; 0,3452346511185169
0,8732312999498223; 0,431872486602515; 0,9239133382216096; 0,8515853560529649; 0,5324790277518332; 0,6221844921819866; 0,3698705076240003; 0,5567156695760787; 0,5137489237822592; 0,1512763979844749; 0,029766655061393976
0,8788088628070588; 0,6871899869292974; 0,018068779725581408; 0,9474282236769795; 0,014302381779998541; 0,9444352323189378; 0,9545530509203672; 0,32151953876018524; 0,10641925316303968; 0,8718587118200958; 0,7764075337909162
0,9912798762763477; 0,9236030513420701; 0,01929286401718855; 0,2910640640184283; 0,6004250380210578; 0,9897283469326794; 0,47725280467420816; 0,15857844054698944; 0,10442592762410641; 0,06781968707218766; 0,013814499601721764
0,6773528912149497; 0,9305972419679165; 0,16023552557453513; 0,8618425345048308; 0,5845867712050676; 0,6537129175849259; 0,6515537044033408; 0,461155469994992; 0,8508767848834395; 0,7000513891689479; 0,460761777125299
0,4976354742754155; 0,44422940630465746; 0,19273823127150536; 0,214549177326262; 0,8791526849381626; 0,34846510272473097; 0,8271314688026905; 0,5021674227900803; 0,8781422921456397; 0,066829196177423; 0,2054969547316432
0,46541062539848227; 0,768541072960943; 0,2950768070295453; 0,5308225560002029; 0,4101841179654002; 0,33346692100167274; 0,30841326154768467; 0,8375630425289273; 0,693612867500633; 0,0815405142493546; 0,9828370087780058
0,6130263456463347; 0,47343501541763544; 0,3025206271559; 0,652143229264766; 0,5231584687717259; 0,39239410730078816; 0,6530742291361094; 0,5906302975490689; 0,49419027334079146; 0,5178047390654683; 0,3652898413129151
0,05994373918135879; 0,339293843600899; 0,1962228282354772; 0,7559922961518168; 0,5014502769336104; 0,03414098406210542; 0,9030696679838002; 0,38896756526082754; 0,10511045716702938; 0,9688039440661669; 0,3833110574632883
0,9050294754467435; 0,6027463339269161; 0,7689998531714082; 0,1267485017888248; 0,27865776140242815; 0,6885799751617014; 0,612600585911423; 0,15873648785054684; 0,870740027166903; 0,3442333759739995; 0,37075634859502316
0,7963566282482364; 0,3821867052465677; 0,9693950205110013; 0,3671439350582659; 0,29736321372911334; 0,6092602033168077; 0,1888005519285798; 0,5203264504671097; 0,2126280195079744; 0,4301604498177767; 0,965076488442719
0,9924342871101078; 0,8240469116717577; 0,5724450410343707; 0,042887105606496334; 0,525349450763315; 0,9417512444779277; 0,2353693931363523; 0,8841191427782178; 0,5553810792043805; 0,791478119790554; 0,9988301428966224
0,7563674044283982; 0,6939554316923022; 0,33126053772866726; 0,4221342313103378; 0,03294268390163779; 0,5068622729741037; 0,7494996660389006; 0,33516636909916997; 0,17054322035983205; 0,6530091669410467; 0,875438426155597
0,3063838442323403; 0,8685794407501817; 0,6889400752261281; 0,2942023864015937; 0,3069645273499191; 0,2853807806968689; 0,0393087612465024; 0,7784813088364899; 0,12856457335874438; 0,11089504975825548; 0,593323867302388
0,5726700035714619; 0,016925773583352566; 0,4103451450355351; 0,40867424197494984; 0,8685454628430307; 0,45060286624357104; 0,47006128123030066; 0,9036387214437127; 0,9995595491491258; 0,3464917130768299; 0,5597583199851215
0,6735093169162941; 0,8072677357122302; 0,1591702764853835; 0,9247365267947316; 0,006039291154593229; 0,5251151979900897; 0,3283966947346926; 0,39393929159268737; 0,2280117440968752; 0,8213221565820277; 0,039001268334686756
0,9675706315838598; 0,6451876517385244; 0,40786783723160625; 0,6667906646616757; 0,49015216436237097; 0,5020823660306633; 0,722356969024986; 0,5204222281463444; 0,17206712160259485; 0,9317293469794095; 0,20955305686220527
0,9964070895135008; 0,38635331485420465; 0,16439823294058442; 0,9212611117400229; 0,9542550598271191; 0,8433931400068104; 0,30227314773947; 0,10068765049800277; 0,7356361192651093; 0,1828338480554521; 0,4248616802506149
0,9318262318103498; 0,2557715685106814; 0,40700166299939156; 0,21178749995306134; 0,2788751437328756; 0,8416780452243984; 0,20992717938497663; 0,7486110371537507; 0,8564626006409526; 0,7992738476023078; 0,08871680963784456
0,017371744772115134; 0,5556966494768858; 0,3623218680731952; 0,4720275732688606; 0,8708491334691644; 0,25450649904087186; 0,08084573037922382; 0,8586160494014621; 0,48145379312336445; 0,006474786438047886; 0,5270802131853998
0,2987840044006397; 0,18210324738174677; 0,31963400915265083; 0,07275161007419229; 0,8763243975117803; 0,2406113320030272; 0,9443367794156075; 0,11121066892519593; 0,2896279231645167; 0,7027584202587605; 0,2603655164130032
0,9328970897914717; 0,6109975948929787; 0,9936036933213472; 0,45302585745230317; 0,041546647902578115; 0,7722667278721929; 0,8653841177001595; 0,3859066697768867; 0,49652652349323034; 0,12837457982823253; 0,6963782086968422
0,9473351460952651; 0,5294132716953754; 0,10504085570573807; 0,8270141580142081; 0,3079074718989432; 0,9566735029220581; 0,9400491286069155; 0,6089379834011197; 0,3001686977222562; 0,9882776737213135; 0,21060619316995144
0,9336739979286934; 0,704720544628799; 0,27572358725592494; 0,2706433068960905; 0,13491478562355042; 0,82262974511832; 0,23235131474211812; 0,22351308260113; 0,33559388760477304; 0,22640405781567097; 0,8493528487160802
0,9998067951508934; 0,13118066499009728; 0,24895102297887206; 0,6648808093741536; 0,04095334326848388; 0,5081474697217345; 0,4033757131546736; 0,37681003753095865; 0,7089983909390867; 0,594335874542594; 0,8831233540549874
0,25138790510512266; 0,21602546330541372; 0,5201161969453096; 0,18557432666420937; 0,43431617924943566; 0,1979985204525292; 0,5217244904488325; 0,6417716192081571; 0,6902382555417717; 0,009986533783376217; 0,9808718208223581
0,4954020506109205; 0,029368615243583918; 0,1786903217434883; 0,3615764491260052; 0,46070950478315353; 0,3429486542008817; 0,5609794165939093; 0,31596653815358877; 0,6742026912979782; 0,6269953437149525; 0,8035441637039185
0,9952899784765241; 0,5172319794073701; 0,9256633506156504; 0,35520532354712486; 0,24485017312690616; 0,9435460115782917; 0,8689789399504662; 0,9388340641744435; 0,7292888551019132; 0,16588050220161676; 0,3722539721056819
0,6096122786303033; 0,07909054914489388; 0,2295998646877706; 0,6564247529022396; 0,5906072841025889; 0,4720846824347973; 0,4821038288064301; 0,5314512928016484; 0,5565111637115479; 0,13800337631255388; 0,001429063268005848
0,5605858110149288; 0,8797628125175834; 0,8256500433199108; 0,31653884425759315; 0,740325749386102; 0,6153567908331752; 0,6308611850254238; 0,7035001995973289; 0,15196231799200177; 0,982861032243818; 0,3566782521083951
0,8457798959021701; 0,1701836185529828; 0,20480254758149385; 0,16336272470653057; 0,03754695923998952; 0,6663456303067505; 0,9380958089604974; 0,2824725122191012; 0,645690746139735; 0,6361889885738492; 0,4153170227073133
-0,04196147309735675; 0,6375784110277891; 0,349148559384048; 0,06916154082864523; 0,9166010790504515; 0,5441050641238689; 0,8597852122038603; 0,41228579450398684; 0,6915278807282448; 0,4075430203229189; 0,3841033782809973
0,2291087021536815; 0,3382024709135294; 0,8509578336961567; 0,08073663245886564; 0,8279382269829512; 0,1520555466413498; 0,23763204738497734; 0,44159698486328125; 0,24074246594682336; 0,4487969991751015; 0,8907462754286826
0,44594411936213013; 0,9379636445082724; 0,7770082610659301; 0,5888644633814692; 0,30454925121739507; 0,31248096842318773; 0,8460909924469888; 0,694777472410351; 0,2903563645668328; 0,9495598031207919; 0,87802690314129
0,9633229505767414; 0,7156046400777996; 0,3586844988167286; 0,10269862366840243; 0,7837852821685374; 0,9424275970086455; 0,24470174917951226; 0,4609475554898381; 0,5601941030472517; 0,40904091438278556; 0,44229750987142324
0,9674607197620723; 0,011902527417987585; 0,7955213482491672; 0,08569425949826837; 0,7155586443841457; 0,8285447601228952; 0,1407306892797351; 0,6918295864015818; 0,43840127484872937; 0,4735691729001701; 0,4151474107056856
0,5686531107355937; 0,026414995547384024; 0,6868857247754931; 0,03481425251811743; 0,35623596236109734; 0,27340968372300267; 0,34293920500203967; 0,07359276246279478; 0,8557140529155731; 0,4304199842736125; 0,43388390354812145
0,26486045585239404; 0,7956168758682907; 0,5682703722268343; 0,49481782549992204; 0,5364914769306779; 0,18061069305986166; 0,43482804112136364; 0,4489364419132471; 0,27546001598238945; 0,5486905639991164; 0,3938237000256777
0,6352491933465403; 0,4876805702224374; 0,12254744069650769; 0,14433175511658192; 0,7998191858641803; 0,4597722515463829; 0,567115806043148; 0,1329272910952568; 0,9124448066577315; 0,003383900038897991; 0,8948579779826105
0,9876319270547526; 0,9771094508469105; 0,7389634591527283; 0,3251491184346378; 0,11394422268494964; 0,9733701036311686; 0,12680738605558872; 0,5829108394682407; 0,8232846637256444; 0,3598713632673025; 0,8098506792448461
0,12096638335280328; 0,5863562878221273; 0,325563408434391; 0,039494399912655354; 0,34347039414569736; 0,10613630153238773; 0,5316928890533745; 0,38124975794926286; 0,3561009825207293; 0,11220438219606876; 0,48815669724717736
0,36211613725338837; 0,8141962015070021; 0,7507169921882451; 0,0865664561279118; 0,8346935347653925; 0,4849258651956916; 0,7942521995864809; 0,5855086944065988; 0,19980224780738354; 0,43580872379243374; 0,020679112523794174
0,8230690383843762; 0,5548783452250063; 0,5537662873975933; 0,4218236110173166; 0,21149741858243942; 0,8625014233402908; 0,30315261892974377; 0,7652532188221812; 0,8178635016083717; 0,4142746739089489; 0,989374078810215
0,857017186140936; 0,012856499757617712; 0,1806246074847877; 0,16809225780889392; 0,9198466092348099; 0,7417662609368563; 0,4699118360877037; 0,07396195037290454; 0,12569866003468633; 0,7439124272204936; 0,6485514603555202
0,019865600126128372; 0,8002783926203847; 0,5114752138033509; 0,7067382247187197; 0,1632338911294937; 0,11123231938108802; 0,12051678588613868; 0,799722327850759; 0,6621920075267553; 0,476202683057636; 0,7128333663567901
0,8048603173351179; 0,6838260190561414; 0,1732550128363073; 0,09305741265416145; 0,25396580435335636; 0,5863760868087411; 0,4111185073852539; 0,9201060184277594; 0,7105799661949277; 0,7791438070125878; 0,33733177464455366
0,8390557109896661; 0,8665626598522067; 0,17679422767832875; 0,2729613068513572; 0,7859893734566867; 0,6792524363845587; 0,5763062471523881; 0,8183260187506676; 0,6757430043071508; 0,10667339758947492; 0,80616594851017
0,7727119648586366; 0,9438755055889487; 0,7145002442412078; 0,8530017999000847; 0,07357684429734945; 0,922161566093564; 0,06594614125788212; 0,21894812677055597; 0,5158760896883905; 0,9932679743506014; 0,87689856486395
0,8697545691949026; 0,7453499110415578; 0,7245488162152469; 0,443482612259686; 0,45145180681720376; 0,713294661603868; 0,9355616732500494; 0,8736173249781132; 0,2425175062380731; 0,35251541854813695; 0,701489603612572
0,8081739701622178; 0,2766356230713427; 0,8333091004751623; 0,4858210003003478; 0,41131489304825664; 0,63642747560516; 0,917996774893254; 0,37810568138957024; 0,34277581982314587; 0,5766687993891537; 0,4685910935513675
0,25256210414129027; 0,29405580274760723; 0,1130073550157249; 0,5403084047138691; 0,31959009170532227; 0,13294729543849826; 0,3121970621868968; 0,28729710122570395; 0,6124341557733715; 0,968990913592279; 0,8393775867298245
0,9410547018399528; 0,9889347669668496; 0,14009565208107233; 0,641023846808821; 0,47556673316285014; 0,8227289649657905; 0,10917173093184829; 0,435577105730772; 0,8881442402489483; 0,758043768350035; 0,2973415181040764
0,5259696010936685; 0,1724639032036066; 0,14132339227944613; 0,6205114652402699; 0,15589703852310777; 0,2464564605616033; 0,45838182140141726; 0,14608790585771203; 0,26607824536040425; 0,7680866722948849; 0,4545612558722496
0,8140537024170935; 0,3791445726528764; 0,7855555010028183; 0,026694667991250753; 0,5080134673044086; 0,6207957989536226; 0,52631712006405; 0,16585029009729624; 0,7570526925846934; 0,2347221546806395; 0,3712322344072163
0,2986401455863573; 0,8659395379945636; 0,4275543540716171; 0,9059235276654363; 0,9391970131546259; 0,3626750032417476; 0,5663866228424013; 0,13846594979986548; 0,6647493890486658; 0,20821352116763592; 0,3140134885907173
0,8132340697506489; 0,9050283865071833; 0,1460012150928378; 0,48307029949501157; 0,19924376299604774; 0,6668023681268096; 0,5482693207450211; 0,6452543707564473; 0,6017756694927812; 0,6794803789816797; 0,984265657607466
0,3750307709223492; 0,14096222864463925; 0,8131873598322272; 0,9356912490911782; 0,8237416027113795; 0,27606876799836755; 0,9937572833150625; 0,355379194021225; 0,5472988355904818; 0,6566229276359081; 0,3777336501516402
-0,7361669209765155; 0,9172189673408866; 0,7253634133376181; 0,8213987862691283; 0,16879218257963657; 0,71683907834813; 0,5208156364969909; 0,4355171788483858; 0,9198029320687056; 0,29484937619417906; 0,4312819205224514
0,8878197085595491; 0,9410275053232908; 0,8558080289512873; 0,2852019499987364; 0,3971031652763486; 0,6754726441577077; 0,775245233438909; 0,5971609326079488; 0,7235462269745767; 0,2932259072549641; 0,24546576384454966
0,8651559945692635; 0,35599172906950116; 0,19105618866160512; 0,9878998561762273; 0,4588747634552419; 0,23880927916616201; 0,2686269925907254; 0,5036226497031748; 0,19797372817993164; 0,10723501117900014; 0,4775210963562131
0,9877137476308377; 0,5643295384943485; 0,8197090006433427; 0,32875516591593623; 0,8439883021637797; 0,9624577150680125; 0,891572177875787; 0,9820915362797678; 0,3718456793576479; 0,7060294235125184; 0,6251971540041268
0,4031976512654346; 0,03127590101212263; 0,8627872322686017; 0,6089860806241632; 0,3610932044684887; 0,34718265384435654; 0,47218818590044975; 0,8425293886102736; 0,061731626745313406; 0,31935123912990093; 0,1359177459962666
0,34766322227641755; 0,4536195322871208; 0,0885273008607328; 0,3054904364980757; 0,1896175886504352; 0,2797059207223356; 0,11189529160037637; 0,9668452241457999; 0,5677271974273026; 0,0006209984421730042; 0,20659775380045176
0,6898528653289303; 0,858752304688096; 0,996747151017189; 0,7297784513793886; 0,5766635234467685; 0,9397303205914795; 0,345754508394748; 0,4547234042547643; 0,9007762661203742; 0,5282900943420827; 0,7658620020374656
-0,6835177998961895; 0,9622048460878432; 0,8585359510034323; 0,6744401049800217; 0,07955983700230718; 0,47691844683140516; 0,9075535731390119; 0,018730790819972754; 0,8797154473140836; 0,1269006012007594; 0,3870908822864294
0,9501660547364569; 0,23387587210163474; 0,44878487288951874; 0,7155377115122974; 0,09203992038965225; 0,8388859136030078; 0,7257531667128205; 0,3981714639812708; 0,048409661278128624; 0,8229365726001561; 0,23489859839901328
0,3908495577790556; 0,17323186853900552; 0,017797766719013453; 0,5329247787594795; 0,6558393114246428; 0,30159225687384605; 0,2340575810521841; 0,861109436955303; 0,3269919170998037; 0,7122662453912199; 0,8292645826004446
0,9602339231514738; 0,5163902682252228; 0,4825742309913039; 0,45491063175722957; 0,9561561923474073; 0,8783134082332253; 0,8340499917976558; 0,03128587920218706; 0,7820253022946417; 0,8825076026841998; 0,09364932449534535
0,6100675718334753; 0,05148792266845703; 0,32509656623005867; 0,8220387096516788; 0,06010453123599291; 0,4441354889422655; 0,9343084935098886; 0,7070815940387547; 0,634316329844296; 0,2690333006903529; 0,8665079865604639
0,7544229789777226; 0,4457163168117404; 0,7724364148452878; 0,4773169052787125; 0,2386630796827376; 0,6136127901263535; 0,6668982282280922; 0,3593686679378152; 0,68023502221331; 0,6243301243521273; 0,9793239734135568
0,9996293716770948; 0,360382255166769; 0,9252903643064201; 0,8241900368593633; 0,5580000593326986; 0,7646609055809677; 0,8190794428810477; 0,9511895701289177; 0,709508191794157; 0,44211638206616044; 0,8502882872708142
0,7682975347039803; 0,13501809490844607; 0,5203318614512682; 0,5051257903687656; 0,2291839406825602; 0,6162165352143347; 0,7307511796243489; 0,272470795083791; 0,13056145515292883; 0,7455501235090196; 0,57011195179075
0,9485787794280267; 0,8177733244374394; 0,5731614665128291; 0,8076371820643544; 0,7848876588977873; 0,8323926525190473; 0,5714077446609735; 0,34072118857875466; 0,9267940451391041; 0,5206165350973606; 0,16244179522618651
0,4556720312776645; 0,696054610889405; 0,30252494756132364; 0,9435067460872233; 0,46415818575769663; 0,2529436727054417; 0,618635518476367; 0,13342693075537682; 0,7988920290954411; 0,5403789826668799; 0,8878803988918662
0,9970201392975632; 0,5084201619029045; 0,43676612665876746; 0,338235714007169; 0,8332702843472362; 0,4076735423877835; 0,47166844783350825; 0,6060577831231058; 0,7801375342532992; 0,2663708860054612; 0,7737788106314838
0,75124934819627; 0,40743592381477356; 0,08683455409482121; 0,8350538574159145; 0,6263030674308538; 0,6478462764061987; 0,3962919767946005; 0,5074396021664143; 0,5413723923265934; 0,8951205145567656; 0,103688545525074
0,3220860555967853; 0,6550255226902664; 0,5899304249323905; 0,2734845681115985; 0,024922018870711327; 0,8674688809551299; 0,39790164586156607; 0,22723524225875735; 0,21120705641806126; 0,4835219532251358; 0,9710810715332627
0,9676408226739862; 0,6381152081303298; 0,09622527798637748; 0,13896423811092973; 0,10965671949088573; 0,3870219960808754; 0,4198395935818553; 0,8168213702738285; 0,3719058921560645; 0,6373007232323289; 0,11424892907962203
0,7895186321699292; 0,08411040622740984; 0,8886761292815208; 0,43816005950793624; 0,5884703318588436; 0,7516111498698592; 0,12578312819823623; 0,04390738671645522; 0,7023909096606076; 0,2485099770128727; 0,5176102048717439
0,9013412619123619; 0,3877750118263066; 0,6851510247215629; 0,3866224344819784; 0,9657958657480776; 0,7381724244914949; 0,13849001983180642; 0,5493503799661994; 0,537943662609905; 0,9522378090769053; 0,43978608725592494
0,337120947075427; 0,9273285921663046; 0,814563165884465; 0,051827060990035534; 0,8266305271536112; 0,08004338527098298; 0,9868590710684657; 0,8300947835668921; 0,962092059198767; 0,05479104816913605; 0,8908786713145673
0,9201138702781327; 0,22250836668536067; 0,571360245347023; 0,6647966802120209; 0,7919831606559455; 0,2566670197993517; 0,9651695983484387; 0,8667548694647849; 0,9225080907344818; 0,04313913779333234; 0,34211843740195036
0,8985544563167684; 0,592209056019783; 0,19130762247368693; 0,38656304962933064; 0,6095060724765062; 0,8233341448940337; 0,18178499583154917; 0,8864509887062013; 0,22860957402735949; 0,8499246817082167; 0,7413614224642515
0,9412019498796974; 0,17253657896071672; 0,1519652185961604; 0,3525471091270447; 0,6586874080821872; 0,8675767444074154; 0,7516406583599746; 0,6183682763949037; 0,7905400907620788; 0,8495009471662343; 0,2681014887057245
0,9194290735571337; 0,6915813917294145; 0,4884295267984271; 0,3839141787029803; 0,20642120949923992; 0,8746720319613814; 0,931378907058388; 0,8031916129402816; 0,22498860210180283; 0,6990563082508743; 0,17107986705377698
0,9741499814557887; 0,038290333468467; 0,9627965502440929; 0,9345990405417979; 0,6050087814219296; 0,9742427822202444; 0,7560333795845509; 0,12947086477652192; 0,7091211243532598; 0,44881357764825225; 0,9093939503654838
0,007888626877240984; 0,8785290340892971; 0,07103966223075986; 0,2929849666543305; 0,8203492248430848; 0,03523591440171003; 0,4042301084846258; 0,14345852378755808; 0,8915346483699977; 0,7689528493210673; 0,49958575144410133
0,90228815755108; 0,5864474684931338; 0,6866572601720691; 0,7334987297654152; 0,8893401366658509; 0,4972088052891195; 0,5908427773974836; 0,10006208624690771; 0,6478140815161169; 0,5750393178313971; 0,05931437388062477
0,8385087470627257; 0,9770443742163479; 0,9021366876550019; 0,8585886401124299; 0,6768365949392319; 0,6717531341128051; 0,8713290086016059; 0,40533083118498325; 0,8878906350582838; 0,5381527272984385; 0,17273925291374326
0,5507951421835602; 0,3304109680466354; 0,813415365293622; 0,4777989243157208; 0,5766409616917372; 0,4118687519803643; 0,4010998527519405; 0,5828122417442501; 0,9458647361025214; 0,1030996828339994; 0,058737560641020536
0,8475360864889412; 0,008801839780062437; 0,8171485201455653; 0,9317433363758028; 0,6706289509311318; 0,6849474776536226; 0,9768971456214786; 0,13112861337140203; 0,9699830752797425; 0,5775872259400785; 0,7770859743468463
0,5421470923490938; 0,41788767371326685; 0,08070286130532622; 0,3751976238563657; 0,8692037016153336; 0,3818237097002566; 0,19846141198650002; 0,20839836541563272; 0,7897974653169513; 0,32620196463540196; 0,07764427829533815
0,5510409104976034; 0,9160689385607839; 0,6276462529785931; 0,99106356035918; 0,9284763820469379; 0,11403201799839735; 0,8405995266512036; 0,5955128315836191; 0,9401418319903314; 0,3968334263190627; 0,2451594090089202
0,245507417002568; 0,22873378777876496; 0,6393795306794345; 0,4449902824126184; 0,3481774521060288; 0,06844808161258698; 0,753798461984843; 0,9029006818309426; 0,679881798569113; 0,5672050477005541; 0,5887441774830222
0,8582214710843025; 0,32680174335837364; 0,6003487193956971; 0,6659425497055054; 0,5132468570955098; 0,6091194581240416; 0,5073866071179509; 0,9467313135974109; 0,31521032052114606; 0,6903533665463328; 0,0636319275945425
0,20979926924067083; 0,022928603924810886; 0,8449462470598519; 0,7477955613285303; 0,9924373743124306; 0,05491961957886815; 0,64366923738271; 0,4036560137756169; 0,1063678883947432; 0,429456090554595; 0,9594908249564469
0,7603355958710442; 0,13332231808453798; 0,9326097159646451; 0,015759884379804134; 0,9758825930766761; 0,8186309728771448; 0,7584523293189704; 0,5071486830711365; 0,8903363468125463; 0,7393542183563113; 0,19370304513722658
0,5146861673248414; 0,07264617644250393; 0,5989839606918395; 0,08627201523631811; 0,5709297093562782; 0,2807835270650685; 0,4005944146774709; 0,8720712601207197; 0,055199087131768465; 0,26128133200109005; 0,3114359024912119
0,7290342270378554; 0,5677839680574834; 0,5752252917736769; 0,7941909050568938; 0,3414995288476348; 0,08264133613556623; 0,5324264704249799; 0,7600766592659056; 0,9406938045285642; 0,851565430406481; 0,22806558851152658
0,8047831728710773; 0,35359493270516396; 0,12633982859551907; 0,9805452134460211; 0,8291771253570914; 0,6490217498503625; 0,22502632532268763; 0,9193652523681521; 0,09548107720911503; 0,5491312318481505; 0,4353274661116302
0,9023437198362523; 0,348482521250844; 0,7900692941620946; 0,8482984737493098; 0,2277720938436687; 0,8267368208616972; 0,0897349794395268; 0,6247332394123077; 0,8703194460831583; 0,1430993340909481; 0,9587994832545519
0,7309879659671054; 0,12235371069982648; 0,6645760494284332; 0,6209389832802117; 0,9569707526825368; 0,49878422729671; 0,8438961780630052; 0,9105211677961051; 0,9871727419085801; 0,0017082053236663342; 0,5793664865195751
0,1538291392013618; 0,7627364355139434; 0,5171054671518505; 0,9839828605763614; 0,8917863327078521; 0,19664068706333637; 0,7443034001626074; 0,4678116124123335; 0,9524759063497186; 0,4739102413877845; 0,5718387528322637
0,3456672712397665; 0,9444363829679787; 0,6639971937984228; 0,25467317271977663; 0,9485804145224392; 0,2167434054426849; 0,2585616782307625; 0,5655340738594532; 0,8204249106347561; 0,024791855365037918; 0,8024008055217564
0,24906733160355293; 0,41675096936523914; 0,5104986098594964; 0,25869853561744094; 0,8703821823000908; 0,2031564270146191; 0,2186781857162714; 0,6439570933580399; 0,9401860474608839; 0,8356371624395251; 0,2251569447107613
0,3832492363995578; 0,30843702517449856; 0,2439951952546835; 0,5337550514377654; 0,6804941962473094; 0,3006391660310328; 0,753138960339129; 0,41256801318377256; 0,38016949174925685; 0,6010276596061885; 0,20709249144420028
0,24673903551459467; 0,6775913285091519; 0,35788081120699644; 0,14713192032650113; 0,19386246474459767; 0,15940143587067723; 0,5093821035698056; 0,9540180996991694; 0,7634211867116392; 0,6201056241989136; 0,16995014203712344
0,9141335159532912; 0,041605927515774965; 0,7105704811401665; 0,8273862563073635; 0,9676946168765426; 0,7866010344587266; 0,26026155333966017; 0,9235838642343879; 0,798231353983283; 0,9424095288850367; 0,7134664501063526
0,967356448420087; 0,14731165999546647; 0,18352262815460563; 0,8135377881117165; 0,2914918530732393; 0,8711138642393053; 0,16687400406226516; 0,8557974547147751; 0,4085686872713268; 0,7374374628998339; 0,33425740990787745
0,892308337814027; 0,13923688139766455; 0,9582095933146775; 0,050295830238610506; 0,8420011173002422; 0,8636781992390752; 0,25001662503927946; 0,3024348500184715; 0,9425256508402526; 0,9893173165619373; 0,709916674066335
0,5338568766154821; 0,6056000711396337; 0,12538230931386352; 0,7638261993415654; 0,6196495424956083; 0,25658439891412854; 0,6608655746094882; 0,2338585527613759; 0,6844908399507403; 0,5731198922730982; 0,2837018738500774
-0,9958307564023086; 0,5100062172859907; 0,9788981187157333; 0,8393910177983344; 0,6033295071683824; 0,39897669944912195; 0,3320472124032676; 0,5645182132720947; 0,5804454744793475; 0,9080471233464777; 0,7088603377342224
0,10316891821557589; 0,024918193463236094; 0,3250395650975406; 0,08282030839473009; 0,1199915586039424; 0,0687189195305109; 0,9220091621391475; 0,39065953996032476; 0,7664717482402921; 0,4123020418919623; 0,7635618294589221
0,9389201912117519; 0,7073885831050575; 0,7956450222991407; 0,7780171949416399; 0,7621473618783057; 0,8022057181224227; 0,48977059219032526; 0,8593720351345837; 0,9705691672861576; 0,8744061421602964; 0,6838539829477668
0,972091833738427; 0,5457980339415371; 0,7941199457272887; 0,8598766829818487; 0,9784131227061152; 0,7338377223350108; 0,16616313438862562; 0,9431863659992814; 0,7519476520828903; 0,6120771621353924; 0,9806070518679917
0,5861008662652825; 0,6811939398758113; 0,5742344204336405; 0,523715334944427; 0,20767488237470388; 0,5556305306963623; 0,08033251902088523; 0,012685987167060375; 0,3984960000962019; 0,028155470732599497; 0,5911330035887659
0,7697559948965956; 0,4357803133316338; 0,09130841074511409; 0,7239872245118022; 0,5538220400922; 0,5947021786123514; 0,4391823736950755; 0,44106404995545745; 0,7798893158324063; 0,6787856053560972; 0,6821986837312579
0,7518436566441986; 0,5777565566822886; 0,38739119097590446; 0,9073462653905153; 0,3905662368051708; 0,8061925969086587; 0,7998129562474787; 0,10772221954539418; 0,5971331167966127; 0,2597493580542505; 0,543505234643817
0,32265603813904925; 0,051784697920084; 0,47392952581867576; 0,8042013878002763; 0,3714077193289995; 0,36448110453784466; 0,747789909131825; 0,45069839619100094; 0,5354565042071044; 0,630441730376333; 0,4005615948699415
0,4161412991889132; 0,07564752316102386; 0,0241873892955482; 0,5111289503984153; 0,7414305782876909; 0,2596918665803969; 0,8004960189573467; 0,5184689098969102; 0,2914627380669117; 0,8170329299755394; 0,46127587324008346
0,13819158977668194; 0,1288604475557804; 0,5026207608170807; 0,09602299053221941; 0,8677096394822001; 0,0972497551701963; 0,7796715181320906; 0,4726698789745569; 0,7155371820554137; 0,5199441579170525; 0,5270329648628831
0,9558054047768613; 0,9753446700051427; 0,143787223380059; 0,47636069217696786; 0,6398570761084557; 0,8574863513931632; 0,5272890808992088; 0,4094323655590415; 0,6550369807519019; 0,35942295007407665; 0,2257785303518176
0,6841497512903469; 0,8341273232363164; 0,9613821385428309; 0,701064680237323; 0,9299338567070663; 0,44513212237507105; 0,4332334669306874; 0,10608978988602757; 0,4550626454874873; 0,6453288220800459; 0,538732594344765
0,5837404784559472; 0,839946826454252; 0,3285214542411268; 0,3203559503890574; 0,5321427024900913; 0,40954477712512016; 0,9474912597797811; 0,7111679399386048; 0,9194526644423604; 0,2384158233180642; 0,7238605679012835
0,6510859925752793; 0,4662798745557666; 0,5825511021539569; 0,9330971380695701; 0,12584607303142548; 0,6528267608955503; 0,13753400230780244; 0,21238156501203775; 0,6734060114249587; 0,9613861446268857; 0,49531724071130157
0,9544841384738756; 0,7355321291834116; 0,19948579603806138; 0,1803257679566741; 0,21899905102327466; 0,8557453518733382; 0,39353706780821085; 0,020832753274589777; 0,7477499283850193; 0,9538619294762611; 0,4018545583821833
0,9876936300339797; 0,7870072349905968; 0,07663353253155947; 0,3965667365118861; 0,9893505512736738; 0,9933991655707359; 0,12198079284280539; 0,3198194024153054; 0,6163864014670253; 0,09866383578628302; 0,842388364020735
0,4084108969318105; 0,4791927603073418; 0,735828754492104; 0,7044637151993811; 0,3322241585701704; 0,303631863091141; 0,045109628699719906; 0,011919948272407055; 0,1955912671983242; 0,659079784527421; 0,7546849655918777
0,9033949822857221; 0,6646737032569945; 0,04196037212386727; 0,4139556116424501; 0,19079574150964618; 0,8570556230843067; 0,24777330365031958; 0,5656331870704889; 0,12303664581850171; 0,9805692215450108; 0,7098183063790202
0,8460062969796753; 0,3054330060258508; 0,6681124204769731; 0,396201201248914; 0,3940918603911996; 0,674912431742996; 0,30269110575318336; 0,2601265301927924; 0,2487161154858768; 0,6660991651006043; 0,058790890499949455
0,18016123092931582; 0,9426753600127995; 0,5635746633633971; 0,06858633039519191; 0,47146044950932264; 0,0660934904590249; 0,700684042647481; 0,8299091989174485; 0,1298623918555677; 0,42821884993463755; 0,8689111676067114
0,7882358211345372; 0,6761491145007312; 0,4754907418973744; 0,9207240976393223; 0,6960369367152452; 0,8692513760179281; 0,4125674944370985; 0,15620564110577106; 0,936704040504992; 0,0418852805159986; 0,5725180534645915
0,6262698241542857; 0,3598126024007797; 0,9251429848372936; 0,12622949527576566; 0,21702125249430537; 0,555745002347976; 0,8225610330700874; 0,46476801903918386; 0,2093037380836904; 0,562900519464165; 0,8442385131493211
0,8585607125774918; 0,46579271787777543; 0,8917258502915502; 0,6481810081750154; 0,484500449616462; 0,9774284567683935; 0,37494061468169093; 0,5089288894087076; 0,7450159029103816; 0,5107317687943578; 0,2387873916886747
0,995095732617124; 0,9645445053465664; 0,5108116511255503; 0,9786755414679646; 0,8076497372239828; 0,35802603885531425; 0,9870425388216972; 0,32950266310945153; 0,5403949716128409; 0,9270970989018679; 0,4023104798980057
0,8725288285773183; 0,880545902531594; 0,8186896913684905; 0,5526957390829921; 0,02158099040389061; 0,7458742582239211; 0,758650089148432; 0,646774826105684; 0,572355829179287; 0,6275965846143663; 0,8351229866966605
0,9817106034441816; 0,906797903124243; 0,3332645162008703; 0,6457625925540924; 0,14426850713789463; 0,8221470429562032; 0,005569751374423504; 0,12709730537608266; 0,4454651204869151; 0,37776996195316315; 0,03354900283738971
0,42420066830764075; 0,3862833892926574; 0,2570660961791873; 0,5506021147593856; 0,1896024658344686; 0,2838920271024108; 0,4411657936871052; 0,3720446787774563; 0,12703552283346653; 0,0005953535437583923; 0,9444679636508226
0,24787927714658256; 0,36652905121445656; 0,34145181719213724; 0,43099072109907866; 0,8518268037587404; 0,1287563000805676; 0,24054080108180642; 0,9737423164770007; 0,6585180382244289; 0,22096623154357076; 0,6415985892526805
-0,15310936559419847; 0,39382326416671276; 0,40750744519755244; 0,8496654015034437; 0,514019126072526; 0,41553629795089364; 0,568522572517395; 0,3342623491771519; 0,3759463708847761; 0,05666720913723111; 0,7944216355681419
0,3672901699603991; 0,057436380069702864; 0,617948048748076; 0,6104008886031806; 0,6819760389626026; 0,006747743580490351; 0,0669594700448215; 0,5790800820104778; 0,5837507960386574; 0,26892394898459315; 0,46393617847934365
0,987177570777916; 0,09043016145005822; 0,026604930870234966; 0,5079892929643393; 0,8152787960134447; 0,9561584303155541; 0,5579593339934945; 0,31914811208844185; 0,19345493521541357; 0,9488227004185319; 0,8063934557139874
0,9259082176801601; 0,014020032249391079; 0,000164862722158432; 0,7596051539294422; 0,4521947233006358; 0,7789331581443548; 0,5638919789344072; 0,9750066227279603; 0,5721278414130211; 0,081392593216151; 0,3634153278544545
0,35915152946253726; 0,45701061794534326; 0,31419222708791494; 0,9578537405468524; 0,9313652291893959; 0,43060945020988584; 0,2861819784156978; 0,07452463218942285; 0,5718542882241309; 0,11929327948018909; 0,3061437513679266
0,4757704723941967; 0,9908270281739533; 0,2741470388136804; 0,03861971106380224; 0,7400868213735521; 0,46342626493424177; 0,27244630409404635; 0,35781877813860774; 0,3330092462711036; 0,22792239859700203; 0,5274685989134014
0,20093177127582837; 0,05100833671167493; 0,3470921600237489; 0,6700782738626003; 0,42261748015880585; 0,08708699513226748; 0,5871871449053288; 0,42917234171181917; 0,5205353959463537; 0,7887694123201072; 0,8145872964523733
0,5367706631120434; 0,3013073573820293; 0,7758575682528317; 0,4083806658163667; 0,9953234363347292; 0,6265549371019006; 0,5746034979820251; 0,6511550704017282; 0,20628393394872546; 0,726955340243876; 0,8823585323989391
0,7440330974765451; 0,8424722515046597; 0,602042312733829; 0,9278423758223653; 0,11487855250015855; 0,6578190820291638; 0,7874641502276063; 0,11076273396611214; 0,2698987382464111; 0,8526388062164187; 0,6626494154334068
0,9360559197333632; 0,38526603346690536; 0,9007273409515619; 0,033047288190573454; 0,7315528662875295; 0,8704926408827305; 0,5373830017633736; 0,18374590715393424; 0,6745370621792972; 0,7175976857542992; 0,6927313418127596
0,038710303186700594; 0,8202194268815219; 0,059194101486355066; 0,10687719378620386; 0,1160834995098412; 0,013234744779765606; 0,21753054531291127; 0,8065689606592059; 0,43072471860796213; 0,4683912084437907; 0,7550183497369289
0,8356764900433596; 0,8292676415294409; 0,6473035616800189; 0,56460742931813; 0,09098865371197462; 0,5803289930336177; 0,6145079839043319; 0,36322439927607775; 0,07705954043194652; 0,01848939945921302; 0,10883832210674882
-0,9010107733058307; 0,6433084388263524; 0,40507953707128763; 0,7464075228199363; 0,26399989798665047; 0,5938387690111995; 0,3949630712158978; 0,49442512821406126; 0,590167660266161; 0,12958087353035808; 0,6516297431662679
0,5583127889836152; 0,30275719007477164; 0,447146094404161; 0,19786053011193871; 0,1132674771361053; 0,3586122374981642; 0,9114065072499216; 0,9260977529920638; 0,03822250245139003; 0,133711407892406; 0,2712954212911427
0,7723810876717491; 0,05419538356363773; 0,2646530116908252; 0,7159213055856526; 0,4297424489632249; 0,6242872145958245; 0,8719083988107741; 0,35942479968070984; 0,18257506843656301; 0,22733277827501297; 0,31029169959947467
0,9854607413693789; 0,03598141297698021; 0,8111357889138162; 0,4019194822758436; 0,32240213733166456; 0,9163934285752475; 0,06652374984696507; 0,33659431198611856; 0,26227816194295883; 0,43168975599110126; 0,2624900285154581
0,8199998780150682; 0,3019414055161178; 0,16903539327904582; 0,3611447266303003; 0,5460428432561457; 0,6559020625427365; 0,635052602738142; 0,38272254122421145; 0,6260822182521224; 0,3118452769704163; 0,47666308796033263
0,9956511668244903; 0,7952936594374478; 0,3600679859519005; 0,7290582619607449; 0,9544547246769071; 0,9889241643249989; 0,794479965697974; 0,4261743677780032; 0,12956549925729632; 0,553703935816884; 0,37207688204944134
0,4769924646388936; 0,9878199170343578; 0,5158780869096518; 0,9591469671577215; 0,6636833543889225; 0,35480921901762486; 0,35333418752998114; 0,9780408767983317; 0,418470049276948; 0,5869094361551106; 0,42356590228155255
0,7005443609402289; 0,5699924603104591; 0,9900720971636474; 0,5886580944061279; 0,5479043545201421; 0,2708242298103869; 0,0766148236580193; 0,08709307294338942; 0,5046769911423326; 0,38040627259761095; 0,6064369669184089
0,22581803184662638; 0,815994861535728; 0,7688860497437418; 0,7137042335234582; 0,83772800443694; 0,18055260321125388; 0,2783050276339054; 0,3555765454657376; 0,1550877341069281; 0,8005501087754965; 0,4863642696291208
0,7130717219913222; 0,11869731405749917; 0,6554473247379065; 0,9282424231059849; 0,510715089738369; 0,5401436346583068; 0,4623346240259707; 0,5634788814932108; 0,8877921532839537; 0,37279290426522493; 0,9604498436674476
0,6504903798791174; 0,3946250262670219; 0,7083160164766014; 0,5655255638994277; 0,3964864620938897; 0,1951975035481155; 0,1413393085822463; 0,5275620245374739; 0,8865188313648105; 0,06368554243817925; 0,2644223119132221
0,4369704974347417; 0,7157348608598113; 0,7639489662833512; 0,7429609205573797; 0,4539875383488834; 0,06769029097631574; 0,2610211898572743; 0,41292208759114146; 0,8478102497756481; 0,41350525710731745; 0,7211701581254601
0,9786467926166407; 0,4841319718398154; 0,9523657527752221; 0,2519433395937085; 0,04860942903906107; 0,9645927255041897; 0,4581946134567261; 0,8060213639400899; 0,3083648164756596; 0,7693158318288624; 0,8138653789646924
0,9493625652305312; 0,6413455354049802; 0,42553584929555655; 0,14982463838532567; 0,2412436418235302; 0,8787298211827874; 0,946762072853744; 0,010612587444484234; 0,18549936590716243; 0,42303105164319277; 0,41380223957821727
0,8431364630632174; 0,843424319755286; 0,11830547405406833; 0,1725209653377533; 0,20053977007046342; 0,6875166762620211; 0,8955077533610165; 0,6085081361234188; 0,11154453456401825; 0,6466334941796958; 0,7434822064824402
0,11852016923863208; 0,11209455691277981; 0,442015640437603; 0,6071159685961902; 0,5153055805712938; 0,05860502040013671; 0,25033640675246716; 0,516187088098377; 0,3734867931343615; 0,33395543368533254; 0,6436721640639007
0,2670105066114316; 0,027158190961927176; 0,743940984364599; 0,10734526067972183; 0,5105483462102711; 0,10715246293693781; 0,1967949653044343; 0,9922249731607735; 0,9022043221630156; 0,5554365161806345; 0,7044446496292949
0,8778987352670536; 0,34808598831295967; 0,03266517538577318; 0,05798789858818054; 0,036769884172827005; 0,693406708072871; 0,36632701847702265; 0,5646877265535295; 0,8423398872837424; 0,4974530478939414; 0,11773269809782505
0,8663847344783646; 0,9598564030602574; 0,24365978129208088; 0,5357569931074977; 0,5461484179832041; 0,7163771507330239; 0,5424777367152274; 0,2255428140051663; 0,193027853500098; 0,6422610315494239; 0,8137474157847464
0,05498846649434811; 0,005250907968729734; 0,3886556620709598; 0,6177998087368906; 0,7544986996799707; 0,0010300269350409508; 0,5813998030498624; 0,293566869571805; 0,7399151078425348; 0,6296844868920743; 0,504717628005892
0,3682525288512062; 0,9490794665180147; 0,09333165641874075; 0,1832819706760347; 0,02569152321666479; 0,26502756541594863; 0,44393610302358866; 0,010582373943179846; 0,5995586486533284; 0,11677420232445002; 0,26272539561614394
0,5908161449837342; 0,9274428891949356; 0,5665864930488169; 0,666099731810391; 0,903524084482342; 0,42783656157553196; 0,6376640936359763; 0,1451167119666934; 0,660938797518611; 0,9394318023696542; 0,7409370173700154
0,1492987365142363; 0,6696291277185082; 0,5944095607846975; 0,6152837504632771; 0,31451217364519835; 0,6119220722466707; 0,3613415500149131; 0,8491901685483754; 0,5873464262112975; 0,2352149155922234; 0,4019396770745516
0,948447919808407; 0,6027134284377098; 0,9367252141237259; 0,4146415777504444; 0,12763935886323452; 0,880091667175293; 0,4015590138733387; 0,13364330912008882; 0,39094804506748915; 0,9075390691868961; 0,9180915183387697
0,9877170259811258; 0,4813627819530666; 0,717723413836211; 0,9900612374767661; 0,3380502830259502; 0,9751851237379014; 0,6662400783970952; 0,947687781881541; 0,9633796708658338; 0,13296934869140387; 0,9920400148257613
0,6511840456838902; 0,8206634460948408; 0,1412153160199523; 0,33360466407611966; 0,10331678530201316; 0,49607642740011215; 0,4363997681066394; 0,012959380634129047; 0,5602753721177578; 0,03106389194726944; 0,8427423811517656
0,9228092857571011; 0,367538555059582; 0,6254934808239341; 0,22325422335416079; 0,004232153296470642; 0,9020033199340105; 0,2688371459953487; 0,267452210187912; 0,930040811188519; 0,2688221442513168; 0,5811343844980001
0,8905615877007895; 0,42466925038024783; 0,22966946521773934; 0,9489063457585871; 0,3099887385033071; 0,6084862193092704; 0,9906258396804333; 0,3238707142882049; 0,7745131198316813; 0,45000682678073645; 0,2642674623057246
0,9640274923299799; 0,3469552150927484; 0,6740523185580969; 0,2597503177821636; 0,22608151147142053; 0,9396727862767875; 0,16142549877986312; 0,6147758406586945; 0,6500468435697258; 0,1418303158134222; 0,5854229759424925
0,2141056902769276; 0,026213612873107195; 0,9216812183149159; 0,7187621872872114; 0,8692130609415472; 0,4644044400192797; 0,023543594405055046; 0,7221028981730342; 0,2592541347257793; 0,1738105216063559; 0,11264562187716365
0,7966542407307325; 0,470866315998137; 0,7878665253520012; 0,07740145642310381; 0,7386470003984869; 0,5673730112612247; 0,8290492165833712; 0,2611813875846565; 0,2540891976095736; 0,16997988149523735; 0,10158606432378292
0,996510949443905; 0,7470345604233444; 0,6318714465014637; 0,5824852571822703; 0,5129510336555541; 0,8183359405957162; 0,3889551693573594; 0,09746876265853643; 0,11603198805823922; 0,24362803157418966; 0,7841307227499783
0,862891619961298; 0,30264125717803836; 0,9467735434882343; 0,24823623150587082; 0,06754286773502827; 0,5766009562648833; 0,6203347868286073; 0,7630912601016462; 0,5028586369007826; 0,947790349368006; 0,11946800211444497
0,8718247957064258; 0,07555172126740217; 0,28139940090477467; 0,6613985188305378; 0,1164978826418519; 0,7067945692688227; 0,7018392505124211; 0,5647962670773268; 0,10837001353502274; 0,17797876941040158; 0,7624580468982458
0,08338698639579367; 0,8765033767558634; 0,04368963558226824; 0,6530853076837957; 0,9056809120811522; 0,07616517599672079; 0,37820333801209927; 0,26185136567801237; 0,4385092337615788; 0,6237549092620611; 0,44105262169614434
0,9981809932566816; 0,46242727199569345; 0,08746122568845749; 0,9769272399134934; 0,7981192488223314; 0,7162256711162627; 0,7458325088955462; 0,982521825004369; 0,7336340732872486; 0,8454643567092717; 0,06786668440327048
0,9818933509603863; 0,872831900138408; 0,1209148233756423; 0,265862385276705; 0,6603517332114279; 0,9703307524323463; 0,2661097696982324; 0,4897047206759453; 0,6987862880341709; 0,4629747928120196; 0,8009152803570032
0,484921707138777; 0,3537241593003273; 0,9551159045659006; 0,681603791192174; 0,14348261943086982; 0,07159522036090493; 0,9609312522225082; 0,7126552048139274; 0,2812861241400242; 0,9781399169005454; 0,9459380018524826
0,9965624590417397; 0,7537975772283971; 0,6067020944319665; 0,3552812277339399; 0,9321256335824728; 0,9078213488683105; 0,9552509565837681; 0,19947173073887825; 0,14000392751768231; 0,9871961246244609; 0,3203225675970316
0,9594638209495456; 0,8946078373119235; 0,4850303051061928; 0,2763254181481898; 0,06905775796622038; 0,8603916354477406; 0,9641458112746477; 0,3548953519202769; 0,1452531162649393; 0,9283167263492942; 0,5352298622019589
0,540449074593517; 0,00013520615175366402; 0,3674265453591943; 0,5083711561746895; 0,17223854130133986; 0,4208193481899798; 0,28421100275591016; 0,9361234763637185; 0,48719938937574625; 0,750826233997941; 0,5967966057360172
-0,2564203919502571; 0,3512816810980439; 0,922545955516398; 0,6143127558752894; 0,22432189341634512; 0,04859351646155119; 0,7428977186791599; 0,2466264101676643; 0,4349525268189609; 0,9037848426960409; 0,1753141526132822
0,952361084433444; 0,022212557960301638; 0,6335829989984632; 0,7146755056455731; 0,567035123705864; 0,9071333813481033; 0,8468744535930455; 0,7847251719795167; 0,06891151424497366; 0,21337350131943822; 0,5349217616021633
0,1728114703860931; 0,3641911349259317; 0,4251362909562886; 0,6549543510191143; 0,6693418459035456; 0,1676145545206964; 0,9146619443781674; 0,08507807506248355; 0,44188303127884865; 0,1165760075673461; 0,7984748622402549
0,893083506263849; 0,8942577731795609; 0,42385052889585495; 0,8069290891289711; 0,26845207577571273; 0,8139284662902355; 0,7110127313062549; 0,9333906569518149; 0,3787680836394429; 0,3651495142839849; 0,7992935352958739
0,9834375453315498; 0,7170724016614258; 0,3759184340015054; 0,9347308138385415; 0,8434899873100221; 0,9382280870340765; 0,4378072968684137; 0,7920516701415181; 0,41456379694864154; 0,9032119424082339; 0,21437467448413372
0,88225427045511; 0,886120636947453; 0,5557561800815165; 0,681400022469461; 0,5731866452842951; 0,7115870281122625; 0,033589549362659454; 0,148866874165833; 0,34059561835601926; 0,7048843656666577; 0,4636407340876758
0,7486014033521402; 0,6893236855976284; 0,42446561250835657; 0,2602338078431785; 0,7405650005675852; 0,6906240214593709; 0,5722331311553717; 0,1411587311886251; 0,21069946931675076; 0,8751661744900048; 0,6171480538323522
0,892205699789198; 0,6805480583570898; 0,09879892785102129; 0,6832356071099639; 0,8445275123231113; 0,7081554480828345; 0,98185193259269; 0,06399629358202219; 0,37006716849282384; 0,6500607174821198; 0,531997989397496
0,5056500197388157; 0,5319540877826512; 0,19896551128476858; 0,7752811242826283; 0,7788185751996934; 0,2483310727402568; 0,46116573456674814; 0,4682897785678506; 0,7088730540126562; 0,12208272377029061; 0,12070471839979291
-0,026520203994904262; 0,40539573412388563; 0,09134680591523647; 0,06143777398392558; 0,1464708768762648; 0,013895782176405191; 0,003534771967679262; 0,8655887474305928; 0,007232432719320059; 0,46200241753831506; 0,2954507782123983
0,3024876698354331; 0,1859563421458006; 0,8766730464994907; 0,719277641735971; 0,9045841856859624; 0,11860526166856289; 0,5764852701686323; 0,24890802707523108; 0,3084981981664896; 0,7150356182828546; 0,5034317807294428
0,21228005400634276; 0,4916037069633603; 0,9971380368806422; 0,1719250911846757; 0,6654305104166269; 0,10883680963888764; 0,7803628616966307; 0,9441516841761768; 0,5926279439590871; 0,4111580066382885; 0,5021839360706508
0,03268564219959671; 0,9344460321590304; 0,7934197359718382; 0,6798976506106555; 0,3377941809594631; 0,026504362002015114; 0,1308658206835389; 0,8764704237692058; 0,4801861229352653; 0,22875665267929435; 0,0988217587582767
0,4109236612117381; 0,9770872527733445; 0,9181562596932054; 0,6859358977526426; 0,8305774414911866; 0,23616010462865233; 0,7099428223446012; 0,8191845798864961; 0,0002287733368575573; 0,6017026575282216; 0,8455249257385731
0,9992515172989529; 0,7188481572084129; 0,8107629078440368; 0,11401250306516886; 0,4011818920262158; 0,9229827681556344; 0,3251200900413096; 0,18783159274607897; 0,7832660521380603; 0,3776586842723191; 0,920185356400907
0,7975147740138666; 0,4638756588101387; 0,6184248123317957; 0,5547626381739974; 0,9368865201249719; 0,6135984547436237; 0,5464825956150889; 0,13743718713521957; 0,45296391332522035; 0,28741911333054304; 0,9396943510510027
-0,7035920804893224; 0,6652870471589267; 0,44906869484111667; 0,6012854874134064; 0,09210227243602276; 0,2458459446206689; 0,9903828492388129; 0,040395026095211506; 0,7359790289774537; 0,9914885642938316; 0,30169932963326573
0,9882685484628225; 0,9901600228622556; 0,03563786298036575; 0,39525679033249617; 0,7848100811243057; 0,9285062719136477; 0,09706910280510783; 0,002122950740158558; 0,5093113305047154; 0,9769876538775861; 0,18061477644369006
0,9586030470002788; 0,4644739283248782; 0,8975794385187328; 0,7543931407853961; 0,03423986677080393; 0,25182625325396657; 0,6027138433419168; 0,6452573076821864; 0,6971148797310889; 0,3067510072141886; 0,5573615827597678
0,0334119837734386; 0,33961373567581177; 0,33378651598468423; 0,13812454184517264; 0,8358340803533792; 0,01831577578559518; 0,782436344306916; 0,04629145935177803; 0,08977545658126473; 0,5681180264800787; 0,20856110518798232
0,6755786840939171; 0,9393149935640395; 0,22836785949766636; 0,16944310441613197; 0,23446808569133282; 0,4829615391790867; 0,9525556927546859; 0,8648861292749643; 0,8190615558996797; 0,6937973122112453; 0,5933329835534096
0,8806605097447514; 0,013471027836203575; 0,634162527974695; 0,9610925242304802; 0,26954866433516145; 0,8177010277286172; 0,6899507381021976; 0,09098716359585524; 0,35215341905131936; 0,17901483178138733; 0,5942931002937257
0,9392243175242151; 0,8450200222432613; 0,7181034628301859; 0,01905605010688305; 0,5077249081805348; 0,7507840096950531; 0,855396959464997; 0,8467169222421944; 0,5408992907032371; 0,8129281741566956; 0,8192678177729249
0,895692385691335; 0,1024029403924942; 0,32433788338676095; 0,3880479237996042; 0,43225742504000664; 0,7993126325309277; 0,6269620372913778; 0,479776615742594; 0,34067782294005156; 0,39304122189059854; 0,7503488534130156
0,7652889472658898; 0,18049590662121773; 0,799490672070533; 0,35315792728215456; 0,17551957769319415; 0,6465666834264994; 0,1987970508635044; 0,1753585166297853; 0,46335457917302847; 0,9753846977837384; 0,9128113519400358
0,9793939127295572; 0,9027308374643326; 0,38764035515487194; 0,05321279214695096; 0,5844915974885225; 0,7203327645547688; 0,22247667284682393; 0,8096941644325852; 0,326585216447711; 0,8385335211642087; 0,3090609493665397
0,0033388788557981515; 0,7547329338267446; 0,2952240249142051; 0,7995364959351718; 0,4647421413101256; 0,030586804263293743; 0,8280562474392354; 0,42396861920133233; 0,8182142241857946; 0,45035078655928373; 0,4777450440451503
0,16125104961127767; 0,3722164914943278; 0,2411405500024557; 0,12232765974476933; 0,062291304115206; 0,1134642013348639; 0,9816721938550472; 0,38835244020447135; 0,9983134870417416; 0,7351538664661348; 0,18756101233884692
0,9581140608892262; 0,042313842102885246; 0,49988015182316303; 0,35435266653075814; 0,45468336250633; 0,838663867674768; 0,40963942697271705; 0,5209565190598369; 0,7518592835403979; 0,5153556475415826; 0,10791869787499309
0,5975550846920958; 0,46026189578697085; 0,4781519821844995; 0,5419842689298093; 0,5838994830846786; 0,4864510353654623; 0,2754465350881219; 0,21711252443492413; 0,444685154594481; 0,301070811226964; 0,09220183733850718
0,9856224106937848; 0,5190590620040894; 0,265231950674206; 0,5976303489878774; 0,3592243129387498; 0,8434397922828794; 0,6428598905913532; 0,8063523294404149; 0,1467163641937077; 0,6863181618973613; 0,5964082037098706
0,6221055273437786; 0,24896489642560482; 0,38986230827867985; 0,34825269505381584; 0,6944921580143273; 0,4371043429709971; 0,4886870034970343; 0,11684590158984065; 0,9849280146881938; 0,6370016154833138; 0,039474218152463436
0,07442947507928925; 0,35652305092662573; 0,5285125388763845; 0,6880635777488351; 0,4266359298489988; 0,12035097274929285; 0,9869439718313515; 0,41946137975901365; 0,7770660715177655; 0,6399685586802661; 0,10991354146972299
0,21068089076498042; 0,47152770310640335; 0,81875318614766; 0,8305186349898577; 0,8276370600797236; 0,10864179860800505; 0,016383119858801365; 0,21648178715258837; 0,8963226801715791; 0,5050307451747358; 0,037237548269331455
0,8783222493439672; 0,39164877496659756; 0,16897102817893028; 0,9035023148171604; 0,6747138919308782; 0,817465000320226; 0,9662083135917783; 0,311543351970613; 0,20071726944297552; 0,788239598274231; 0,9600212201476097
0,6415856251297744; 0,6883536824025214; 0,5774071970954537; 0,0393609507009387; 0,8774570217356086; 0,9298438504338264; 0,9820030592381954; 0,42419766588136554; 0,5195055799558759; 0,23319326806813478; 0,8921285192482173
0,5364118827821039; 0,28871853882446885; 0,24578820588067174; 0,5648221946321428; 0,3800717149861157; 0,3830134281888604; 0,012839078437536955; 0,3242046828381717; 0,31926241936162114; 0,3550621666945517; 0,07318094791844487
0,8641047151604915; 0,7243860866874456; 0,19223379204049706; 0,25570722576230764; 0,5503576127812266; 0,7432889537885785; 0,24658368062227964; 0,8110003438778222; 0,3874637372791767; 0,6171476496383548; 0,637692810036242
0,2995662303040757; 0,500973207410425; 0,3925172802992165; 0,07392757060006261; 0,30564221646636724; 0,18851932743564248; 0,7095202100463212; 0,755566346924752; 0,48198270378634334; 0,36102562490850687; 0,9396500117145479
0,032869562512973224; 0,3402300071902573; 0,2095928844064474; 0,03738023433834314; 0,6238271645270288; 0,01448508771136403; 0,03541214670985937; 0,5547594861127436; 0,5338382120244205; 0,1286426936276257; 0,6849442883394659
0,8740804419782158; 0,016760434955358505; 0,7570873145014048; 0,5809626416303217; 0,9945086147636175; 0,6594053846783936; 0,916381707880646; 0,6905633853748441; 0,560552479699254; 0,3194055072963238; 0,019177555572241545
0,9517925426243491; 0,9523679064586759; 0,4929687068797648; 0,04680916713550687; 0,28464938001707196; 0,7871226030401886; 0,18273390969261527; 0,9710500021465123; 0,27624149853363633; 0,5316034476272762; 0,6052452949807048
0,5587925455905097; 0,8397145480848849; 0,18216969724744558; 0,12417850224301219; 0,062304988503456116; 0,3913090666756034; 0,3704750631004572; 0,06298256758600473; 0,5301615814678371; 0,5203117206692696; 0,37744644889608026
0,5864816524422869; 0,5520614483393729; 0,8123082229867578; 0,8278419664129615; 0,6935392091982067; 0,6366450604982674; 0,9615625231526792; 0,3081977991387248; 0,6280974722467363; 0,8519263206981122; 0,41503258142620325
0,6544947900895358; 0,08519538538530469; 0,8867976893670857; 0,5304164295084774; 0,07022816222161055; 0,4948912924155593; 0,7074780212715268; 0,47609230736270547; 0,7307307315059006; 0,2999258036725223; 0,07704163063317537
-0,022781093060852943; 0,3879895149730146; 0,31315013114362955; 0,13624897599220276; 0,974655831232667; 0,004244791343808174; 0,019094777293503284; 0,18599165184423327; 0,8111048224382102; 0,4979943400248885; 0,3775872294791043
0,9952874708324776; 0,6553188185207546; 0,30095002241432667; 0,8421688587404788; 0,9781661750748754; 0,29615826485678554; 0,36992016853764653; 0,29383964417502284; 0,969406352378428; 0,22657225094735622; 0,9873221991583705
-0,28235315281170315; 0,4956508334726095; 0,8690147479064763; 0,8801958612166345; 0,07931630033999681; 0,48848170693963766; 0,11370338825508952; 0,34830914763733745; 0,236658806912601; 0,16241995245218277; 0,9067046656273305
0,7899218842735235; 0,9002406862564385; 0,4616271019913256; 0,9918063068762422; 0,9789540101774037; 0,6752631957642734; 0,7006908426992595; 0,4625192550010979; 0,41094058519229293; 0,20632996084168553; 0,5187708060257137
0,9794386458748923; 0,8111751107499003; 0,23974465392529964; 0,5995480255223811; 0,42209914745762944; 0,9189639282412827; 0,1636087754741311; 0,4298535827547312; 0,46718246350064874; 0,58191490592435; 0,6845672824420035
0,3947803670201568; 0,5864145173691213; 0,16826375061646104; 0,48725085193291306; 0,17864399636164308; 0,2531860563904047; 0,9408031394705176; 0,43452581856399775; 0,619394795037806; 0,3474072930403054; 0,4172219508327544
0,9322849992548957; 0,9291023691184819; 0,9651012616232038; 0,8228068188764155; 0,7501322315074503; 0,8780635553412139; 0,5690104891546071; 0,3456573956646025; 0,8618647316470742; 0,4839212321676314; 0,7454072344116867
0,36263095578164745; 0,058961774688214064; 0,7896862183697522; 0,6356668542139232; 0,5209896611049771; 0,29093943489715457; 0,7768069659359753; 0,7367735742591321; 0,7699555056169629; 0,33983529917895794; 0,46707084169611335
0,9573236348722572; 0,13993537100031972; 0,22553737089037895; 0,5839716522023082; 0,4246491491794586; 0,8505403827875853; 0,024770553689450026; 0,41821467177942395; 0,6604480626992881; 0,595739935990423; 0,1467117229476571
0,012138626701087101; 0,807040220592171; 0,9971701744943857; 0,4531805398873985; 0,15597485285252333; 0,226196872536093; 0,9501795964315534; 0,6066002952866256; 0,8215617602691054; 0,6701390007510781; 0,6814963649958372
0,023499877987226584; 0,39733773469924927; 0,22367045748978853; 0,8896514405496418; 0,9763383213430643; 0,1365415588952601; 0,03174484660848975; 0,9162787427194417; 0,5952842137776315; 0,09779014112427831; 0,07157576316967607
0,9952150001953907; 0,4387743500992656; 0,8040416189469397; 0,5730112986639142; 0,0867665153928101; 0,9830590328201652; 0,6064996626228094; 0,5550155998207629; 0,16851467220112681; 0,6179566360078752; 0,09582749893888831
0,8928664444349941; 0,22942188289016485; 0,06087968172505498; 0,010087266564369202; 0,35720441536977887; 0,7306008460000157; 0,10254154168069363; 0,6908746669068933; 0,404407296795398; 0,5944891790859401; 0,5084175560623407
0,6968785689881631; 0,8552122041583061; 0,5188424293883145; 0,6228609546087682; 0,1321121989749372; 0,5112553280778229; 0,5702736391685903; 0,5626422832719982; 0,13179485918954015; 0,686946080531925; 0,8358878190629184
0,2903938777466164; 0,05748882796615362; 0,772333303000778; 0,71692403126508; 0,5262319194152951; 0,20314409025013447; 0,3002237668260932; 0,7189431651495397; 0,5256461389362812; 0,7214000993408263; 0,1849098326638341
0,27207255887464715; 0,952172726392746; 0,940016811247915; 0,14341674465686083; 0,7245525694452226; 0,2812306764535606; 0,5625914572738111; 0,00997176906093955; 0,3461494348011911; 0,9143066257238388; 0,3292080257087946
0,9421375258919874; 0,22927639354020357; 0,5405760169960558; 0,11729525960981846; 0,4919911460019648; 0,781894261483103; 0,3569034682586789; 0,4882828202098608; 0,5941502270288765; 0,00559498043730855; 0,6706447703763843
0,9899610504780922; 0,8398493439890444; 0,6192342122085392; 0,9218294015154243; 0,23247633455321193; 0,9325078446418047; 0,2558639827184379; 0,2594211921095848; 0,3916117181070149; 0,2987694717012346; 0,05795246595516801
0,6668216465257963; 0,0307421600446105; 0,40106576634570956; 0,7900813990272582; 0,41794464737176895; 0,5993109615519643; 0,6179346684366465; 0,2601930168457329; 0,858013326767832; 0,12786765256896615; 0,21939038904383779
0,44198517814555577; 0,6016376665793359; 0,46229345677420497; 0,5366982743144035; 0,9981202092021704; 0,25912290113046765; 0,9505150415934622; 0,32385007617995143; 0,5460207844153047; 0,4002623441629112; 0,20249811140820384
0,950498829773387; 0,3746352782472968; 0,5851875841617584; 0,3119777478277683; 0,7963252062909305; 0,8356185853481293; 0,21513005485758185; 0,5912827742286026; 0,5085182040929794; 0,056704587303102016; 0,6803709473460913
0,002729890467035059; 0,7944494225084782; 0,2197703723795712; 0,09132610401138663; 0,8743812721222639; 0,11025885352864861; 0,2018696554005146; 0,1796402013860643; 0,284486532676965; 0,6068470920436084; 0,7675651456229389
0,4755633722413364; 0,060465309768915176; 0,9009818099439144; 0,6799465264193714; 0,5718281613662839; 0,28514334140345454; 0,6034129406325519; 0,6974736913107336; 0,23343705898150802; 0,5457641906104982; 0,8582729869522154
0,9550557451932952; 0,019345605745911598; 0,1645679003559053; 0,09853477915748954; 0,4914786061272025; 0,898733674082905; 0,7691805139183998; 0,06492780707776546; 0,8785833781585097; 0,6162590538151562; 0,06536503694951534
0,22439968513000177; 0,9729382572695613; 0,30844123754650354; 0,791197236161679; 0,019111507572233677; 0,4307640898041427; 0,5635451381094754; 0,017294344026595354; 0,13771347841247916; 0,4694364960305393; 0,7897804132662714
0,8201413796045186; 0,6410328052006662; 0,5584608656354249; 0,5671339775435627; 0,13608480617403984; 0,3220776142552495; 0,4019316849298775; 0,5417206920683384; 0,10657545924186707; 0,8304705210030079; 0,5851126979105175
0,3627004601570675; 0,43048781203106046; 0,1879833792336285; 0,15682599833235145; 0,951763256918639; 0,24522499227896333; 0,951108637265861; 0,9634791784919798; 0,19836557283997536; 0,20526424841955304; 0,09378126356750727
0,8938858663606513; 0,8592067388817668; 0,6601284118369222; 0,9870912083424628; 0,9564890461042523; 0,5336444587446749; 0,813915740698576; 0,7365894918330014; 0,6674885195679963; 0,7673559281975031; 0,9466894785873592
0,6687527601931877; 0,7811057358048856; 0,41211488004773855; 0,1533137233927846; 0,018200665712356567; 0,46266150660812855; 0,11513019492849708; 0,7737833736464381; 0,5179549609310925; 0,45693292561918497; 0,6297247856855392
0,8914672700965213; 0,8204075619578362; 0,5754017978906631; 0,1699179937131703; 0,14990311302244663; 0,7707941527478397; 0,22904185112565756; 0,9296339461579919; 0,7963435421697795; 0,6006362531334162; 0,6901343502104282
0,8398754922017319; 0,7488230979070067; 0,6135494369082153; 0,121828967705369; 0,7905528680421412; 0,8830098854377866; 0,9515320267528296; 0,42698178719729185; 0,6661660824902356; 0,18550054915249348; 0,37681461218744516
0,7295985012133805; 0,469925778452307; 0,612345146946609; 0,3349729278124869; 0,511722116265446; 0,5749402674846351; 0,1028200015425682; 0,28333250246942043; 0,7921366752125323; 0,1338977487757802; 0,6712557794526219
0,6171414943377735; 0,6308684600517154; 0,12902915058657527; 0,23312437627464533; 0,16870549647137523; 0,5618738224729896; 0,9328745054081082; 0,642169289290905; 0,04968910524621606; 0,21052921703085303; 0,3621443477459252
0,9976876502506888; 0,8163242749869823; 0,12469248659908772; 0,011287755332887173; 0,9582265834324062; 0,9441637634299695; 0,6947038173675537; 0,676511765923351; 0,1692590327002108; 0,49241654947400093; 0,0557561544701457
0,578695353450865; 0,8622431200928986; 0,3246248662471771; 0,3282020501792431; 0,41487510967999697; 0,40705921640619636; 0,9346379330381751; 0,5716647896915674; 0,322867592331022; 0,5744795417413116; 0,3746755598112941
0,8646250874432525; 0,03164370497688651; 0,38008229807019234; 0,48042883398011327; 0,44524557050317526; 0,7121294494718313; 0,7445737165398896; 0,18704845756292343; 0,5131227960810065; 0,2664840710349381; 0,10121504683047533
0,18102739313704377; 0,14240935444831848; 0,27472615614533424; 0,7560576694086194; 0,5659237378276885; 0,07646862557157874; 0,9629278294742107; 0,3178450115956366; 0,7623857692815363; 0,2955004111863673; 0,6807108256034553
-0,9713906410568243; 0,050492418464273214; 0,5778472102247179; 0,9628462218679488; 0,25019157910719514; 0,14093737257644534; 0,8452082388103008; 0,7754521644674242; 0,8901016307063401; 0,39666498405858874; 0,2557543250732124
-0,969833326525688; 0,653692867141217; 0,6565110059455037; 0,5744811776094139; 0,105681914370507; 0,49760307976976037; 0,36921083740890026; 0,26991985086351633; 0,193881556391716; 0,3475678311660886; 0,1398170688189566
0,8752000023234404; 0,6792294159531593; 0,549403422512114; 0,021275069564580917; 0,4948057923465967; 0,8642190783284605; 0,4869196987710893; 0,9179717809893191; 0,7859639385715127; 0,99435791419819; 0,7080988772213459
0,8566895827096165; 0,3719723969697952; 0,18782154750078917; 0,7459790110588074; 0,14297297410666943; 0,7132855798117816; 0,18556441040709615; 0,3275828789919615; 0,7214036346413195; 0,7514079590328038; 0,9015252096578479
0,5655478240580926; 0,3413681359961629; 0,5014208392240107; 0,633026675786823; 0,08851749077439308; 0,36995157366618514; 0,2165138623677194; 0,8944554487243295; 0,7290745000354946; 0,3039186540991068; 0,0640033045783639
0,690757651341397; 0,17540109995752573; 0,7026198930107057; 0,577469227835536; 0,5882851113565266; 0,515070476103574; 0,7789954082109034; 0,9909244724549353; 0,6474556303583086; 0,9785092086531222; 0,36042551696300507
0,8620273255917612; 0,7878871434368193; 0,5640029376372695; 0,5887730154208839; 0,9267843216657639; 0,6969526433385909; 0,19315044675022364; 0,41094715893268585; 0,5369398058392107; 0,37546515883877873; 0,7645451263524592
0,08324684697577794; 0,20641030929982662; 0,10383939230814576; 0,5350345536135137; 0,5102320332080126; 0,05355325620621443; 0,7467769808135927; 0,9635952194221318; 0,503155957441777; 0,1271943710744381; 0,9699633494019508
0,3844689551260874; 0,49632845586165786; 0,5335487043485045; 0,8407621346414089; 0,327436160761863; 0,34307874320074916; 0,4192193327471614; 0,35992744378745556; 0,6012344071641564; 0,43299650494009256; 0,5460162698291242
0,34338664491554266; 0,9657894414849579; 0,23781854985281825; 0,5793222589418292; 0,1405151062645018; 0,22676559071987867; 0,04571902705356479; 0,928359102923423; 0,038450855761766434; 0,34742087312042713; 0,9453286016359925
0,7699445656615104; 0,3497667438350618; 0,9325192114338279; 0,19942010566592216; 0,7872206182219088; 0,7637877902016044; 0,8778980085626245; 0,7323607243597507; 0,2865852559916675; 0,7143662758171558; 0,7234892109408975
0,9502958312854656; 0,8626911966130137; 0,4729834790341556; 0,792665584012866; 0,7788266292773187; 0,8165645455010235; 0,00882712658494711; 0,6602858630940318; 0,40557674411684275; 0,8970389259047806; 0,9531747931614518
0,8572488679123684; 0,11751743918284774; 0,8993479497730732; 0,13242024229839444; 0,8049328457564116; 0,48945311503484845; 0,27384405955672264; 0,33482989156618714; 0,10656965896487236; 0,005782136227935553; 0,5774675523862243
0,6807610725843533; 0,4913043351843953; 0,15194599935784936; 0,9444705173373222; 0,7671887902542949; 0,5316607826389372; 0,5019602281972766; 0,2126608518883586; 0,7500198972411454; 0,6175943990238011; 0,11573358485475183
0,9666575798849081; 0,675445404369384; 0,3996044918894768; 0,17298335954546928; 0,20426723454147577; 0,8424636167474091; 0,8250318458303809; 0,7267609257251024; 0,8475548750720918; 0,32532460056245327; 0,16527775768190622
-0,8024064111826578; 0,9749892735853791; 0,9205637746490538; 0,981355048250407; 0,6719935443252325; 0,5763626825064421; 0,15661539183929563; 0,014320625457912683; 0,5628911000676453; 0,4039816800504923; 0,9393480205908418
-0,9811900880873102; 0,6509703258052468; 0,980191093403846; 0,7774077095091343; 0,998545253649354; 0,46633914206176996; 0,8885318948887289; 0,016066687181591988; 0,9923982792533934; 0,5939431893639266; 0,7996170097030699
0,950410738504687; 0,18308580806478858; 0,749049914535135; 0,2596601974219084; 0,07424866361543536; 0,7840155432932079; 0,481066417414695; 0,9430725406855345; 0,9252705159597099; 0,5545988688245416; 0,8077204939909279
0,9159747598119434; 0,3425121083855629; 0,30595248471945524; 0,07221294613555074; 0,9156982959248126; 0,7933600638061762; 0,07283587008714676; 0,8957269401289523; 0,34067243617028; 0,3164148419164121; 0,4077850263565779
-0,022907508367108177; 0,9936459441669285; 0,10529960924759507; 0,30909589352086186; 0,0146975121460855; 0,004812778905034065; 0,7348683993332088; 0,953315656632185; 0,935298852622509; 0,2100673420354724; 0,5467351037077606
0,7001109242901089; 0,11561220092698932; 0,5569271561689675; 0,5493049817159772; 0,6912176935002208; 0,41659823013469577; 0,4456462445668876; 0,0195110272616148; 0,1602286952547729; 0,45133506832644343; 0,6864299471490085
0,9746884909491452; 0,3743151044473052; 0,3247092976234853; 0,4531846223399043; 0,082529759965837; 0,8237045761197805; 0,5062934053130448; 0,9207558715716004; 0,9838048527017236; 0,8526708432473242; 0,7196089364588261
0,35174105370018593; 0,9006520644761622; 0,7868873435072601; 0,33865206502377987; 0,17833580542355776; 0,25891287066042423; 0,0036154715344309807; 0,8503771084360778; 0,8059304221533239; 0,8005782049149275; 0,6678081736899912
0,5592806960809432; 0,877189511898905; 0,6415702383965254; 0,9887379980646074; 0,9888669266365469; 0,40571691934019327; 0,1766434209421277; 0,24707900593057275; 0,9442264079116285; 0,4937974223867059; 0,5927536031231284
0,036868460472921444; 0,6769265122711658; 0,6029025604948401; 0,6566788293421268; 0,7904279222711921; 0,2483800295740366; 0,10725622344762087; 0,3279641680419445; 0,3220578823238611; 0,7651025713421404; 0,4384162537753582
0,793138406011703; 0,5375451711006463; 0,28605436021462083; 0,39383154455572367; 0,9536110018379986; 0,5999316675588489; 0,027073107194155455; 0,9489528168924153; 0,9734737994149327; 0,7867541462182999; 0,7418350279331207
0,8394343932729437; 0,22685330267995596; 0,4368062983267009; 0,8865465288981795; 0,10086921695619822; 0,7268863124772906; 0,2517209071666002; 0,02526800613850355; 0,5417032889090478; 0,5993447727523744; 0,3734151781536639
0,9065655991790126; 0,9057674226351082; 0,02013826183974743; 0,913588818628341; 0,46482242038473487; 0,570410163141787; 0,6568209663964808; 0,27948747016489506; 0,770049144513905; 0,39335040422156453; 0,9035239005461335
0,9951303430062359; 0,7618422415107489; 0,032805933617055416; 0,9756242367438972; 0,456041001714766; 0,9669564953073859; 0,812650153413415; 0,23905809689313173; 0,6907153530046344; 0,07939522666856647; 0,5409734197892249
0,8641627730539176; 0,13158009760081768; 0,02194124273955822; 0,5379292578436434; 0,9158384753391147; 0,7006678506731987; 0,3464190517552197; 0,49178912630304694; 0,21007747668772936; 0,4390060664154589; 0,3700190889649093
0,7480168239874718; 0,04756994778290391; 0,019460199400782585; 0,3803831706754863; 0,9486396606080234; 0,5773562612012029; 0,29820821480825543; 0,16413072030991316; 0,03758575348183513; 0,9622821784578264; 0,003979016095399857
0,32972574732918636; 0,034379743970930576; 0,9741215989924967; 0,8083686265163124; 0,9138832250609994; 0,5379991014488041; 0,4389747208915651; 0,21165358880534768; 0,48662359127774835; 0,14861768204718828; 0,32110134279355407
0,9154116937914911; 0,07500863587483764; 0,9596891938708723; 0,5494726169854403; 0,260782765224576; 0,8061032262630761; 0,2966589848510921; 0,5874165343120694; 0,7566462140530348; 0,910045410040766; 0,17362842243164778
0,19309161119368812; 0,7380935158580542; 0,8773632901720703; 0,8034064159728587; 0,4654791527427733; 0,3375488230958581; 0,38207553094252944; 0,8031272101216018; 0,9674125094898045; 0,9261375912465155; 0,9388593723997474
0,6779797889156773; 0,9383169463835657; 0,26925003388896585; 0,07614654442295432; 0,16669141547754407; 0,46321413526311517; 0,37450021179392934; 0,7498867753893137; 0,9661117298528552; 0,16219793213531375; 0,5587662947364151
0,9699580502769677; 0,9537935587577522; 0,6049526552669704; 0,6140410616062582; 0,2835900289937854; 0,8891065753996372; 0,5361791178584099; 0,602503758855164; 0,10156106296926737; 0,09978373115882277; 0,5356199103407562
0,7820146948551449; 0,9928148067556322; 0,0978873111307621; 0,35814048955217004; 0,12835745932534337; 0,588383321184665; 0,9645380941219628; 0,8306491812691092; 0,08592917816713452; 0,5062787579372525; 0,15781400771811604
0,5508496093494452; 0,837296876590699; 0,2223389302380383; 0,3898098818026483; 0,46989135118201375; 0,4012665939517319; 0,025652520824223757; 0,19055768894031644; 0,12416401226073503; 0,6977418749593198; 0,2414364623837173
0,13140332235694135; 0,3102021156810224; 0,09871881641447544; 0,3208109065890312; 0,09998749103397131; 0,11637718928977847; 0,1588815776631236; 0,4983628876507282; 0,6325412224978209; 0,9151608156971633; 0,6253190925344825
0,8065745822154188; 0,48029819736257195; 0,6642941543832421; 0,4971926137804985; 0,4729076912626624; 0,6471571787260473; 0,4649118762463331; 0,2868049726821482; 0,7005212418735027; 0,4668350056745112; 0,1343586454167962
0,3800606368746946; 0,04015394626185298; 0,07780163222923875; 0,4646184821613133; 0,4970170883461833; 0,2830528882332146; 0,05345417000353336; 0,9502576035447419; 0,41009405720978975; 0,5637089791707695; 0,8982779388315976
0,3090422119771794; 0,21793926740065217; 0,503449144307524; 0,41257888497784734; 0,12687675468623638; 0,25439924420788884; 0,8126625060103834; 0,30913538485765457; 0,7240585838444531; 0,9814524436369538; 0,49995274748653173
0,7559350940354934; 0,16971287783235312; 0,3025797768495977; 0,7048414410091937; 0,17647610185667872; 0,5841407314874232; 0,4684813101775944; 0,2509975079447031; 0,0014771348796784878; 0,7728187399916351; 0,7504397039301693
0,43709649112315413; 0,5426681316457689; 0,5507060517556965; 0,948324266821146; 0,8338476740755141; 0,23853133199736476; 0,41082849632948637; 0,6922635864466429; 0,8650875273160636; 0,38973077293485403; 0,4202170460484922
0,973368419645858; 0,1080150012858212; 0,4560027215629816; 0,23480203142389655; 0,7996941604651511; 0,8820100985467434; 0,43809415213763714; 0,5751616111956537; 0,5996549599803984; 0,13568895356729627; 0,392031772993505
0,7977935188522174; 0,09485142538323998; 0,5884212078526616; 0,31567085161805153; 0,8344099754467607; 0,554628309328109; 0,054502821527421474; 0,1343091418966651; 0,1633347012102604; 0,2723206183873117; 0,839771268889308
0,2629309249054638; 0,8906265306286514; 0,3089516428299248; 0,7353034154511988; 0,6961548761464655; 0,33640517154708505; 0,6342599648050964; 0,9764574221335351; 0,9467842853628099; 0,3161041415296495; 0,019608059898018837
0,9941756505936815; 0,20760659547522664; 0,7698911214247346; 0,9543682304210961; 0,8485784288495779; 0,756421098485589; 0,7203335193917155; 0,7793983877636492; 0,9882250344380736; 0,10252159694209695; 0,6168080023489892
0,060723918785465694; 0,43621610244736075; 0,4445684175007045; 0,6124716750346124; 0,220727713778615; 0,038162571378052235; 0,003431625198572874; 0,7946435706689954; 0,9970132661983371; 0,8709287703968585; 0,8485540631227195
0,3425423173778552; 0,4878685693256557; 0,38212311547249556; 0,08911775331944227; 0,09892865968868136; 0,25900280801579356; 0,7069680076092482; 0,1284223571419716; 0,6373704858124256; 0,5635765958577394; 0,9804770131595433
0,9420567018815169; 0,8498450019396842; 0,1831324389204383; 0,5446946113370359; 0,45647844299674034; 0,8378894850611687; 0,9633341110311449; 0,9539574179798365; 0,3688358129002154; 0,4623695523478091; 0,40767537197098136
0,11532339226307281; 0,15733257867395878; 0,08649429213255644; 0,5554183409549296; 0,05370701104402542; 0,07208052556961775; 0,15052883001044393; 0,8378312094137073; 0,15531834866851568; 0,6671436256729066; 0,7709290836937726
0,7629129571197542; 0,9483717228285968; 0,7644230746664107; 0,15223619854077697; 0,24372631311416626; 0,5623237187974155; 0,7728177234530449; 0,14188185660168529; 0,24179362412542105; 0,06515393313020468; 0,42986047454178333
0,22760204561170927; 0,844174588099122; 0,830316511914134; 0,6648145597428083; 0,6200991347432137; 0,5946188597008586; 0,190992902033031; 0,0654027909040451; 0,47219801833853126; 0,1525720744393766; 0,1902612973935902
0,8782945197145345; 0,8166153449565172; 0,6498169167898595; 0,9675473822280765; 0,3755772481672466; 0,8640824197791517; 0,6608505435287952; 0,8382730684243143; 0,5989770437590778; 0,8752452586777508; 0,14444169774651527
0,30244836075543746; 0,23437112383544445; 0,08981190761551261; 0,4613561537116766; 0,5120881893672049; 0,2688951971940696; 0,7367564612068236; 0,0677003669552505; 0,3271333444863558; 0,641013640910387; 0,9698944599367678
0,9955027262765438; 0,3118539904244244; 0,897818308789283; 0,5444844141602516; 0,16624407609924674; 0,7889385176822543; 0,5903868437744677; 0,02521082991734147; 0,3569578700698912; 0,1723334463313222; 0,6525110104121268
0,19124537833757838; 0,0015476434491574764; 0,34340391447767615; 0,5407803962007165; 0,4813781543634832; 0,31294103572145104; 0,3023343454115093; 0,26061296509578824; 0,8979773954488337; 0,3259404548443854; 0,1882766862399876
-0,6834794052211877; 0,8095044638030231; 0,14826359832659364; 0,941328062210232; 0,34121986851096153; 0,2657790766097605; 0,7721708924509585; 0,884524249471724; 0,3978231521323323; 0,44162878300994635; 0,8239567675627768
0,09351104397518163; 0,6896784072741866; 0,4117256039753556; 0,4288027435541153; 0,7818893692456186; 0,060505772940814495; 0,31859178049489856; 0,051617706660181284; 0,5456348238512874; 0,4307484910823405; 0,27432402363047004
0,9640294628642717; 0,9891994767822325; 0,01035401038825512; 0,2534628543071449; 0,8418732499703765; 0,7922239662148058; 0,9849336119368672; 0,6683549876324832; 0,3297283723950386; 0,9006589553318918; 0,24490796262398362
0,6545904430682189; 0,3699583625420928; 0,25929836882278323; 0,15704834461212158; 0,5210658805444837; 0,4671932649798691; 0,2449341150932014; 0,7054892205633223; 0,08119437051936984; 0,6727622072212398; 0,1995364218018949
0,811818366423765; 0,31404712377116084; 0,04996179277077317; 0,44402517937123775; 0,8931877710856497; 0,6195465782657266; 0,7551273568533361; 0,9288009307347238; 0,21131103485822678; 0,48484291788190603; 0,23525745747610927
0,06579211663475097; 0,9963443377055228; 0,04362334730103612; 0,5153790190815926; 0,43966512894257903; 0,05274437740445137; 0,31550456676632166; 0,675276136957109; 0,7008371064439416; 0,7299270699732006; 0,8014827836304903
0,35918718046528386; 0,5879549952223897; 0,4548528525047004; 0,1716860788874328; 0,5378857478499413; 0,24704719800502062; 0,7630406655371189; 0,45656519988551736; 0,4151307879947126; 0,6536433859728277; 0,8140466581098735
-0,6259542074656427; 0,6850054739043117; 0,9544650879688561; 0,97825474338606; 0,00033315178006887436; 0,2896163142286241; 0,0026684110052883625; 0,5486507569439709; 0,13436863664537668; 0,29080935660749674; 0,24095394276082516
0,20462950382731607; 0,07797490758821368; 0,12212233943864703; 0,7781310696154833; 0,5101721505634487; 0,1269658231176436; 0,14259793516248465; 0,4966036146506667; 0,159401532728225; 0,05761917773634195; 0,12520499806851149
0,5228510668134769; 0,332161954138428; 0,03840843215584755; 0,023708927910774946; 0,30147655634209514; 0,3660043738782406; 0,9875964494422078; 0,45710415206849575; 0,33011717116460204; 0,6066504716873169; 0,9923989255912602
-0,4486738986929478; 0,6772918691858649; 0,9290799777954817; 0,11312280222773552; 0,5495854481123388; 0,21713368268683553; 0,10585551476106048; 0,6706751640886068; 0,6642974149435759; 0,1779166031628847; 0,9864160879515111
0,49005199191002435; 0,8628694899380207; 0,05106710270047188; 0,4975763880647719; 0,6763981175608933; 0,34825328830629587; 0,7517698057927191; 0,7116801487281919; 0,34613054897636175; 0,22214003140106797; 0,39869788801297545
0,9624340804204705; 0,3293206566013396; 0,9237857079133391; 0,1452767183072865; 0,7902209428139031; 0,925739882979542; 0,9073345586657524; 0,2891104072332382; 0,8692379910498857; 0,8445177809335291; 0,03214274672791362
0,9999880784594732; 0,35334385419264436; 0,7151374099776149; 0,987826501019299; 0,12907267874106765; 0,8689064872451127; 0,9442620011977851; 0,11378274811431766; 0,41451915819197893; 0,1915374887175858; 0,09630293631926179
0,4590256096328993; 0,013451377861201763; 0,525430201087147; 0,9499726854264736; 0,8195433397777379; 0,3685048730112612; 0,8045809669420123; 0,7108079814352095; 0,036047134548425674; 0,8913306538015604; 0,8787781381979585
0,7796682228717049; 0,906518601346761; 0,19881123723462224; 0,651030233129859; 0,9798473161645234; 0,6189147010445595; 0,5305846123956144; 0,43265734193846583; 0,1851442870683968; 0,2209237697534263; 0,11077828239649534
0,999935423360559; 0,40600269101560116; 0,3921568156220019; 0,1799227511510253; 0,922578492667526; 0,9592068754136562; 0,6980191115289927; 0,9052355531603098; 0,483801428694278; 0,9822156159207225; 0,7615051069296896
0,7683463077658952; 0,7866934146732092; 0,3764467011205852; 0,03748071240261197; 0,27285696286708117; 0,6591062345542014; 0,24632496293634176; 0,9567326735705137; 0,4965589204803109; 0,061184552032500505; 0,28454752918332815
0,9650634094822881; 0,8743613548576832; 0,3267611679621041; 0,07075815973803401; 0,6038789176382124; 0,9532092614099383; 0,5710720159113407; 0,41186585929244757; 0,3036398752592504; 0,5831863414496183; 0,5364190503023565
0,7042442135877537; 0,3773228512145579; 0,9650032687932253; 0,24244570033624768; 0,12621108163148165; 0,5024699894711375; 0,1471760207787156; 0,610775189474225; 0,7801927123218775; 0,28285690676420927; 0,02765130763873458
0,02111038879655634; 0,26598774595186114; 0,34012120962142944; 0,3320651426911354; 0,9475049003958702; 0,03242092439904809; 0,8120265593752265; 0,5405768509954214; 0,01978284725919366; 0,4095417889766395; 0,6258627139031887
0,9797193621554504; 0,19624260440468788; 0,7041401490569115; 0,38123256992548704; 0,01774834981188178; 0,8194396239705384; 0,43797584157437086; 0,8263572133146226; 0,5562379932962358; 0,4105270472355187; 0,8826358211226761
0,5021307481316578; 0,3276580008678138; 0,9404583964496851; 0,35579470498487353; 0,10151713062077761; 0,25556718930602074; 0,7436483399942517; 0,31005800794810057; 0,7476436318829656; 0,6010951958596706; 0,8519883761182427
-0,1944519573325297; 0,4151236405596137; 0,9732402083463967; 0,42058725468814373; 0,433550626039505; 0,15883599407970905; 0,8844837085343897; 0,8326522754505277; 0,32113815005868673; 0,19217352056875825; 0,7456095740199089
0,9934206275248653; 0,1865358487702906; 0,8006133516319096; 0,43018585769459605; 0,8217033999972045; 0,981254346203059; 0,5638047279790044; 0,9778768066316843; 0,9423395455814898; 0,5646712589077652; 0,6754474737681448
0,1218279240957793; 0,901917620562017; 0,9944110810756683; 0,11182300886139274; 0,8777898568660021; 0,1484571285545826; 0,3288522753864527; 0,2964789690449834; 0,11216272925958037; 0,1906921472400427; 0,10001742886379361
0,06438585601997858; 0,38419611332938075; 0,7923511974513531; 0,44978372752666473; 0,7481067199259996; 0,03135997289791703; 0,4985349914059043; 0,14391941018402576; 0,5217998153530061; 0,7071890183724463; 0,21087905252352357
0,4389288126396114; 0,6817687437869608; 0,5600219666957855; 0,4063579752109945; 0,7400647751055658; 0,31339859729632735; 0,1983777228742838; 0,38677210081368685; 0,4706002287566662; 0,9955306113697588; 0,5406704861670732
-0,01310695824191235; 0,948889974039048; 0,2506865938194096; 0,39869719464331865; 0,6551120649091899; 0,024873160291463137; 0,13153150025755167; 0,8064686059951782; 0,7604054687544703; 0,2097491016611457; 0,45405340241268277
0,19825603229634384; 0,1209092284552753; 0,572780289221555; 0,21620422368869185; 0,6453739902935922; 0,14460208034142852; 0,7302169199101627; 0,2697744248434901; 0,35135914012789726; 0,35090191941708326; 0,5978550924919546
0,9700080925763065; 0,6338942879810929; 0,4300755374133587; 0,5765977152623236; 0,38341612508520484; 0,9643428181298077; 0,3205959661863744; 0,11924703931435943; 0,25595254404470325; 0,30872403597459197; 0,5361737799830735
-0,7298582108900272; 0,6256062621250749; 0,8126236544921994; 0,8565272972919047; 0,28078290773555636; 0,8574245264753699; 0,2921801288612187; 0,7285657855682075; 0,9617495057173073; 0,17205847892910242; 0,021011808421462774
0,5834580531409186; 0,6447573741897941; 0,9838532526046038; 0,71752605214715; 0,7304490180686116; 0,40890605142340064; 0,4885575296357274; 0,7078951778821647; 0,9811823982745409; 0,8869931944645941; 0,05944350501522422
0,975889044154647; 0,4982389062643051; 0,9454227527603507; 0,6234336630441248; 0,17420159606263041; 0,21340817399322987; 0,9868315886706114; 0,6626754174940288; 0,2777778161689639; 0,49945307802408934; 0,5173709578812122
0,8698929371928461; 0,021771768108010292; 0,6317353481426835; 0,24503381317481399; 0,1630469774827361; 0,7307413420639932; 0,8183798845857382; 0,22889185836538672; 0,9744426445104182; 0,8036458301357925; 0,09035465680062771
0,5490971575223809; 0,906358287204057; 0,7254338101483881; 0,6591890994459391; 0,7036408674903214; 0,3952647214755416; 0,42459686612710357; 0,7507590623572469; 0,483834236394614; 0,6192291621118784; 0,3818773771636188
-0,7842432987589459; 0,17299484740942717; 0,7009543413296342; 0,012448068242520094; 0,4653468099422753; 0,0627697091549635; 0,18624413013458252; 0,3266656771302223; 0,1340283304452896; 0,7486048107966781; 0,9916253597475588
0,9991331766564003; 0,6789406901225448; 0,951866673771292; 0,4065994215197861; 0,3034619358368218; 0,596709412522614; 0,030118152033537626; 0,8488540900871158; 0,9087272305041552; 0,4975778446532786; 0,8433885299600661
0,18932123063245762; 0,4806037531234324; 0,502329143229872; 0,9554968439042568; 0,3812698102556169; 0,3609646684490144; 0,09596906695514917; 0,21732537960633636; 0,5063689053058624; 0,6158115332946181; 0,06166756898164749
0,7021253148039631; 0,1772454446181655; 0,6535673928447068; 0,08541939174756408; 0,31546232057735324; 0,5152575629763305; 0,6410446688532829; 0,25580676225945354; 0,007395732216536999; 0,737862111069262; 0,7714865189045668
0,9486962616437904; 0,3757906542159617; 0,2716909642331302; 0,8659924198873341; 0,10124077228829265; 0,9008863884955645; 0,8058449537493289; 0,6202011285349727; 0,8132868558168411; 0,2054879036732018; 0,6468398384749889
0,7801235105653872; 0,08939127204939723; 0,35192028479650617; 0,7215651478618383; 0,6501069189980626; 0,6379139120690525; 0,25850914930924773; 0,21918269712477922; 0,9609008156694472; 0,1444368902593851; 0,04208282893523574
0,116018287054207; 0,8197143897414207; 0,7850345429033041; 0,13447293592616916; 0,027495727874338627; 0,06905624456703663; 0,09932943480089307; 0,3664304055273533; 0,07863019220530987; 0,41278286976739764; 0,1115541304461658
0,686079498488592; 0,19724755641072989; 0,18211090192198753; 0,15284071443602443; 0,29970322782173753; 0,5332904271781445; 0,31757789850234985; 0,45218750229105353; 0,957822791300714; 0,3196808067150414; 0,4019373655319214
0,11057208847510244; 0,0009052762761712074; 0,4203724190592766; 0,5561787728220224; 0,7625848040916026; 0,09950583707541227; 0,6223770165815949; 0,11104463692754507; 0,09520618477836251; 0,7861626767553389; 0,9683750118128955
0,849019803227867; 0,502499227412045; 0,38834083173424006; 0,6416787370108068; 0,41032626759260893; 0,9625043985433877; 0,7746273623779416; 0,2966756606474519; 0,4840494957752526; 0,7218972807750106; 0,07029284769669175
0,47241065847982355; 0,8034336636774242; 0,8876711358316243; 0,156954659614712; 0,798927400726825; 0,4342146646231413; 0,49740098509937525; 0,153610581997782; 0,8716084067709744; 0,9557238328270614; 0,15020465571433306
0,9985878242986923; 0,5964490482583642; 0,2913750843144953; 0,926065796520561; 0,3306710640899837; 0,2934202579781413; 0,7345124804414809; 0,7667959611862898; 0,6497644195333123; 0,0012922408059239388; 0,9560222565196455
0,8588641775394779; 0,3348881872370839; 0,2667866386473179; 0,8759277304634452; 0,9780958709307015; 0,46302181854844093; 0,323874618858099; 0,3348110755905509; 0,554294784553349; 0,7483546659350395; 0,6522152759134769
0,9673498116831977; 0,264781370293349; 0,9865056239068508; 0,8881587185896933; 0,973009423352778; 0,997682876419276; 0,3683738191612065; 0,3084593596868217; 0,06069951131939888; 0,6931870528496802; 0,5154357720166445
0,7115669111756969; 0,4588883649557829; 0,17057179054245353; 0,24776683654636145; 0,13005463778972626; 0,5982019687071443; 0,9034464284777641; 0,7045037113130093; 0,8065865021198988; 0,2881731651723385; 0,9227244206704199
0,9573890555856079; 0,5463390513323247; 0,652626124676317; 0,7618539822287858; 0,5750941415317357; 0,9943143320269883; 0,8032430270686746; 0,28434651670977473; 0,06786186108365655; 0,7046363689005375; 0,44792751502245665
0,3016156286012088; 0,42592510767281055; 0,529609830584377; 0,16502722539007664; 0,014535099733620882; 0,14446796849370003; 0,024792490992695093; 0,8300667479634285; 0,07258353708311915; 0,907343206461519; 0,15906680189073086
0,57612801268359; 0,026865507941693068; 0,6969788502901793; 0,40564477955922484; 0,5404725479893386; 0,5350972604937851; 0,32396024465560913; 0,9653727812692523; 0,6223538513295352; 0,9681069822981954; 0,8648756146430969
0,5666965479062737; 0,24984662467613816; 0,20329694030806422; 0,4232189431786537; 0,9463941655121744; 0,385577944573015; 0,054522200021892786; 0,6312998360954225; 0,3907150328159332; 0,6820078478194773; 0,0414485577493906
0,7933694552476326; 0,29947298020124435; 0,02662253798916936; 0,40871262224391103; 0,5007032491266727; 0,6193538433872163; 0,11424200795590878; 0,4995684917084873; 0,5567872235551476; 0,4970173337496817; 0,5795625527389348
0,9842889668775333; 0,9613712201826274; 0,20525720017030835; 0,6800122293643653; 0,791497515514493; 0,8708845134824514; 0,7146543581038713; 0,6977966651320457; 0,5221723411232233; 0,7827025381848216; 0,8835846092551947
0,544348118210107; 0,2748966929502785; 0,6667291834019125; 0,6027271780185401; 0,9249078496359289; 0,3366027092561126; 0,544034237973392; 0,44655100582167506; 0,66154520586133; 0,6356298248283565; 0,026487340684980154
-0,8666720670050394; 0,9891453967429698; 0,5513375424779952; 0,9215941508300602; 0,8239281116984785; 0,9175366871058941; 0,2724778209812939; 0,7594389505684376; 0,4635638725012541; 0,5029547777958214; 0,7991869826801121
0,5767741777806011; 0,35475697880610824; 0,30302213365212083; 0,7577076400630176; 0,6923083490692079; 0,3824749020859599; 0,7323939464986324; 0,6974210999906063; 0,8522533308714628; 0,960603054612875; 0,7481310716830194
0,9977393011911804; 0,3610712676309049; 0,9248616443946958; 0,2819137219339609; 0,8558618905954063; 0,9961981810629368; 0,0582391913048923; 0,11394011694937944; 0,03603519033640623; 0,7508261953480542; 0,537320913746953
0,3305792150808956; 0,7990268021821976; 0,03760039946064353; 0,47188033256679773; 0,6223136056214571; 0,2277279132977128; 0,1975808860734105; 0,13467920664697886; 0,7631074232049286; 0,602738699875772; 0,05090058781206608
0,30279825977417735; 0,9892033846117556; 0,9000955214723945; 0,07998124323785305; 0,15571026038378477; 0,22082997532561421; 0,7270520082674921; 0,38556147646158934; 0,6276720217429101; 0,8588390909135342; 0,37846158258616924
0,5764888856249897; 0,639958068728447; 0,48162198066711426; 0,2799683194607496; 0,1949012684635818; 0,19297612272202969; 0,09244702011346817; 0,18809237610548735; 0,16307119885459542; 0,18285332387313247; 0,4296198086813092
0,06977724820276819; 0,4190765740349889; 0,7280839229933918; 0,9343934683129191; 0,3749426337890327; 0,43863996816799045; 0,8365337876603007; 0,6058270810171962; 0,1473554028198123; 0,005822531878948212; 0,9299987978301942
0,5472488655496411; 0,812462427187711; 0,1328577557578683; 0,8056290410459042; 0,5090557835064828; 0,6279642372392118; 0,5832381350919604; 0,7146378010511398; 0,7480008010752499; 0,04714013449847698; 0,8767485576681793
0,6309994129473996; 0,7603282704949379; 0,6029152935370803; 0,11644243029877543; 0,41195884300395846; 0,5538869607262313; 0,8263688539154828; 0,7127871601842344; 0,4326892653480172; 0,7445058398880064; 0,0426298757083714
0,6273202939441179; 0,45774053409695625; 0,24773995019495487; 0,24425647780299187; 0,4824193771928549; 0,48647799249738455; 0,11168109020218253; 0,12376689584925771; 0,6089776176959276; 0,659377044532448; 0,05054395366460085
0,8959728331842121; 0,4190404429100454; 0,8740202081389725; 0,06549602746963501; 0,6217946480028331; 0,7727255187928677; 0,8945602625608444; 0,8408135902136564; 0,15080260438844562; 0,4128920533694327; 0,5094999806024134
0,8136219029692233; 0,6602123975753784; 0,34605317935347557; 0,6662470591254532; 0,3620405192486942; 0,9117656806483865; 0,02965005673468113; 0,8305248585529625; 0,9859286993741989; 0,3686535246670246; 0,8765087760984898
0,9286475385003881; 0,8709507714956999; 0,05016684252768755; 0,32214302849024534; 0,6481145662255585; 0,8066175556741655; 0,4952291748486459; 0,5776977958157659; 0,37617579754441977; 0,36684177396818995; 0,10102529125288129
0,9941990959038982; 0,670143666677177; 0,6396395596675575; 0,7108791433274746; 0,2911131805740297; 0,580555081833154; 0,7973716566339135; 0,6013108706101775; 0,8758224253542721; 0,5618309574201703; 0,2787016942165792
-0,1697440090341579; 0,6376996827311814; 0,9259442570619285; 0,7609097203239799; 0,26523594092577696; 0,8839947790838778; 0,35757285403087735; 0,8047473328188062; 0,724974712356925; 0,19350973377004266; 0,14545681234449148
-0,7226196463931917; 0,9558197492733598; 0,9479298950172961; 0,5489788870327175; 0,29772608587518334; 0,23492565797641873; 0,5718635777011514; 0,3169731362722814; 0,6360814082436264; 0,7474762164056301; 0,006688794121146202
0,27349285748841884; 0,4721297468058765; 0,4170106500387192; 0,004876401275396347; 0,6987344967201352; 0,13030743412673473; 0,2630565850995481; 0,7430141661316156; 0,056551313027739525; 0,9385063489899039; 0,056662443559616804
0,8440148069618617; 0,0031965733505785465; 0,8685426106676459; 0,1268803235143423; 0,1428194954060018; 0,6844695284962654; 0,7111559556797147; 0,3060313886962831; 0,0820594490505755; 0,4432019586674869; 0,7078833105042577
0,5885141145654249; 0,22834292193874717; 0,13144361088052392; 0,9862089934758842; 0,9648108188994229; 0,41165872011333704; 0,4788996675051749; 0,27476069098338485; 0,3674198370426893; 0,14327604556456208; 0,5893251257948577
0,04145967238105343; 0,3974739471450448; 0,2584199896082282; 0,03970804763957858; 0,42782525112852454; 0,06231985427439213; 0,452396840788424; 0,16726197255775332; 0,41289419075474143; 0,7749697510153055; 0,2167030437849462
0,2711577149089924; 0,5683289337903261; 0,3839039350859821; 0,5295669259503484; 0,495603347197175; 0,12028162041679025; 0,2574889757670462; 0,2925559692084789; 0,79431695304811; 0,5153739373199642; 0,5798900173977017
0,6501443177622543; 0,9704531040042639; 0,9410186908207834; 0,06116374908015132; 0,026158541906625032; 0,5144602842628956; 0,27880447171628475; 0,046149030327796936; 0,6227112398482859; 0,5024081123992801; 0,22921865340322256
0,5522787619200684; 0,6975848460569978; 0,48520474787801504; 0,07542088767513633; 0,3485737293958664; 0,3041997868567705; 0,5122022870928049; 0,9040595563128591; 0,37479331949725747; 0,07451786193996668; 0,4255650485865772
0,2063421169352895; 0,03697064658626914; 0,76921441918239; 0,29158586729317904; 0,6604465753771365; 0,09228477766737342; 0,5431289481930435; 0,9188220584765077; 0,8520986023359001; 0,19765486661344767; 0,9207513681612909
0,9104258035821444; 0,748853387311101; 0,48545359866693616; 0,5124898357316852; 0,8563388995826244; 0,7628923812881112; 0,5399830602109432; 0,6146999862976372; 0,5596201377920806; 0,16786995716392994; 0,25803997786715627
0,8532337063128874; 0,22648842120543122; 0,6726425755769014; 0,28944891691207886; 0,4936742354184389; 0,6223740489222109; 0,6257575722411275; 0,12573645263910294; 0,33347056806087494; 0,3328115656040609; 0,46875112131237984
-0,07163087012964976; 0,853749465662986; 0,4879300557076931; 0,6876798253506422; 0,7886635498143733; 0,4075197256170213; 0,3217692351900041; 0,7382369814440608; 0,3561108340509236; 0,6649681306444108; 0,009556502103805542
0,5404156309919916; 0,3361972556449473; 0,3655320624820888; 0,17614107998088002; 0,7369683147408068; 0,3839287832379341; 0,6368708172813058; 0,19592999340966344; 0,7571787927299738; 0,9217128814198077; 0,026033041533082724
-0,04202200384820256; 0,4660229734145105; 0,016239758115261793; 0,2719276398420334; 0,07688761781901121; 0,061496717389672995; 0,2836819044314325; 0,8937033582478762; 0,5010188492015004; 0,49998624715954065; 0,8040693989023566
0,11535036996526045; 0,3916875086724758; 0,9481602553278208; 0,4571640049107373; 0,012788326013833284; 0,290122224483639; 0,425097166094929; 0,36110249161720276; 0,43653246853500605; 0,056606643833220005; 0,9767547943629324
0,9870066922185528; 0,1840280806645751; 0,2697100667282939; 0,6473564906045794; 0,23428374389186502; 0,9672260168008506; 0,9308959785848856; 0,5103748315013945; 0,41238341853022575; 0,49958736496046185; 0,9088659444823861
0,8776225453224538; 0,3314085095189512; 0,6955177467316389; 0,9144409890286624; 0,3496500048786402; 0,70400933874771; 0,42759370477870107; 0,25460056168958545; 0,05344670871272683; 0,4659609766677022; 0,6791233848780394
0,9479902437328099; 0,5073134852573276; 0,9706857395358384; 0,7801305199973285; 0,6958882636390626; 0,7846397282555699; 0,7785176746547222; 0,7093679131940007; 0,16795204440131783; 0,07483931398019195; 0,6982090128585696
0,8763419422594594; 0,8097807792946696; 0,07157936133444309; 0,267445411067456; 0,0978689338080585; 0,7254837583750486; 0,19658450037240982; 0,7995831798762083; 0,7277210988104343; 0,7887668861076236; 0,38260386418551207
0,725135967375949; 0,15566304698586464; 0,7579341577365994; 0,43464559130370617; 0,6165885659866035; 0,4675003094598651; 0,5453568147495389; 0,7652538828551769; 0,6039351550862193; 0,6132730864919722; 0,9453879371285439
0,602502102110398; 0,04858830478042364; 0,3022189363837242; 0,16598998894914985; 0,9966152291744947; 0,4399362076073885; 0,7997762863524258; 0,08434358658269048; 0,9774800064042211; 0,4625272345729172; 0,2967481720261276
-0,16961659272543697; 0,88521390222013; 0,9753995086066425; 0,8108898932114244; 0,2191003542393446; 0,19343242095783353; 0,34010348934680223; 0,16473704017698765; 0,6449392661452293; 0,698329484090209; 0,4224581606686115
0,6112562953725258; 0,1519607175141573; 0,3375195134431124; 0,7889689737930894; 0,5790543993934989; 0,5191282830201089; 0,9317514854483306; 0,9084271276369691; 0,6035901606082916; 0,1970754638314247; 0,8994009611196816
0,9914402394366615; 0,4779859404079616; 0,7790539539419115; 0,40967724844813347; 0,46437431359663606; 0,9039113558828831; 0,6287054526619613; 0,8032821179367602; 0,6986799482256174; 0,38098502857610583; 0,33968905499204993
0,8816050002895547; 0,5181930563412607; 0,8227665335871279; 0,9488590573891997; 0,03907104069367051; 0,7970082834362984; 0,1011138241738081; 0,6633561002090573; 0,6548617021180689; 0,18269761325791478; 0,14027748489752412
