 y; x1; x2; x3; x4; x5; x6; x7; x8; x9; x10
1,0421305012019646; 0,5712405890226364; 0,04010480362921953; 0,48276791675016284; 0,6996271433308721; 0,7764366725459695; 0,9370007528923452; 0,13250459684059024; 0,27163045573979616; 0,65529805701226; 0,7003697478212416
2,1338838765606534; 0,7980652446858585; 0,7708752490580082; 0,4330287449993193; 0,5275547886267304; 0,23035414749756455; 0,24220574274659157; 0,5259476718492806; 0,437102151568979; 0,5861663622781634; 0,6314839604310691
1,4319735689960782; 0,01421179436147213; 0,26342125376686454; 0,6386389192193747; 0,27059192350134254; 0,3668914111331105; 0,3834040863439441; 0,1823441623710096; 0,27972132852301; 0,4982594605535269; 0,16733240336179733
1,914835930093808; 0,45698839193210006; 0,9236897039227188; 0,9868035069666803; 0,39671293972060084; 0,9703548196703196; 0,6334470114670694; 0,6545365494675934; 0,7061529620550573; 0,02144052693620324; 0,914316566195339
1,869842380996951; 0,1911274162121117; 0,711589777842164; 0,354385735001415; 0,21073336899280548; 0,4123183572664857; 0,5419856016524136; 0,0962562495842576; 0,7228648173622787; 0,7386047076433897; 0,7902922090142965
1,3611165391368956; 0,9460894260555506; 0,1511609018780291; 0,19589314004406333; 0,4902451364323497; 0,09964503301307559; 0,6772091831080616; 0,6800207304768264; 0,8409606935456395; 0,8611085573211312; 0,612430278211832
-0,039633965744058974; 0,6109646856784821; 0,01230613375082612; 0,3277197605930269; 0,5553122088313103; 0,32388231391087174; 0,3829653454013169; 0,10203015152364969; 0,8260646886192262; 0,8088411055505276; 0,9884443776682019
0,09502709558504942; 0,07355088461190462; 0,029142718762159348; 0,28327841171994805; 0,8813530686311424; 0,3247042568400502; 0,9802211974747479; 0,5800186828710139; 0,4644997604191303; 0,8547458071261644; 0,37325544795021415
0,29327870259308797; 0,16920112213119864; 0,09037003107368946; 0,282541795168072; 0,4792774571105838; 0,8411006364040077; 0,8265489526093006; 0,24372517317533493; 0,7902158377692103; 0,5610986733809114; 0,5999758369289339
0,22822296815645332; 0,5031085684895515; 0,09266239404678345; 0,7265545935370028; 0,8793832003138959; 0,23731841798871756; 0,9311852743849158; 0,6719624549150467; 0,7150697312317789; 0,5499142361804843; 0,44570671021938324
1,2220440469808294; 0,950311629101634; 0,19901527278125286; 0,5309969051741064; 0,23004503129050136; 0,9554423885419965; 0,3264642106369138; 0,6867519896477461; 0,7105823690071702; 0,9953573611564934; 0,2102488107047975
2,0451888887462837; 0,9222409906797111; 0,11621854826807976; 0,6226723990403116; 0,2382061704993248; 0,4311109920963645; 0,43943057768046856; 0,8284837687388062; 0,19012199761345983; 0,7036660499870777; 0,19513637758791447
1,6793889560325457; 0,34989920631051064; 0,2147458316758275; 0,597166973631829; 0,03931738622486591; 0,7723473245278001; 0,24247648240998387; 0,34693796932697296; 0,8395634233020246; 0,8368511465378106; 0,492218644823879
0,9044983470571819; 0,6304847546853125; 0,1023900918662548; 0,07042455393821001; 0,48924595303833485; 0,9036524533294141; 0,29757067561149597; 0,39352327724918723; 0,8781483098864555; 0,6599415191449225; 0,532241724897176
-0,06285762194009199; 0,015596131794154644; 0,5634322986006737; 0,7128913812339306; 0,22552918922156096; 0,7946181325241923; 0,7026795204728842; 0,022240718826651573; 0,874650307931006; 0,45676962565630674; 0,8197217076085508
1,9976343934895535; 0,3453860329464078; 0,8075603265315294; 0,8028258550912142; 0,8360294788144529; 0,8385647782124579; 0,9767550639808178; 0,09615209838375449; 0,993229360319674; 0,2858405914157629; 0,8370833289809525
2,0320736034725817; 0,14162687957286835; 0,9761593141593039; 0,8366157910786569; 0,3450791402719915; 0,43935770634561777; 0,643862382043153; 0,06572436075657606; 0,9404113129712641; 0,3027941039763391; 0,28125762147828937
0,5394341264091851; 0,7623264929279685; 0,772494612261653; 0,5869696764275432; 0,8631424056366086; 0,12715619849041104; 0,9540554354898632; 0,4955507703125477; 0,0799237098544836; 0,37418231600895524; 0,2976916073821485
1,8289679012376427; 0,8169999928213656; 0,417521299328655; 0,40002631582319736; 0,5297652459703386; 0,37531783571466804; 0,1206331248395145; 0,22387913335114717; 0,2898437548428774; 0,5478864638134837; 0,6125007728114724
0,21780827626369434; 0,14062656741589308; 0,9667189694009721; 0,4098356803879142; 0,5744941001757979; 0,7144251931458712; 0,5882806009612978; 0,6587146976962686; 0,6676649241708219; 0,22297244565561414; 0,38919528014957905
2,076520317372741; 0,779561064671725; 0,046906898729503155; 0,5675877272151411; 0,8787323557771742; 0,6744702705182135; 0,6877105617895722; 0,29622871382161975; 0,06130064371973276; 0,9464724054560065; 0,17569887544959784
0,7594724002554775; 0,7964050862938166; 0,31210012501105666; 0,863835503347218; 0,14418256003409624; 0,9000714542344213; 0,5301331700757146; 0,4725893968716264; 0,07935822242870927; 0,6686481833457947; 0,6088600005023181
0,5973195621096499; 0,24393809540197253; 0,6762847509235144; 0,39055403927341104; 0,03397711832076311; 0,6356725818477571; 0,03435522457584739; 0,6885105324909091; 0,1783208567649126; 0,335536050144583; 0,00565771758556366
1,1916910462523556; 0,6303422660566866; 0,7484568259678781; 0,7754121455363929; 0,31302725290879607; 0,0031714001670479774; 0,40946667781099677; 0,6477997251786292; 0,8823007778264582; 0,6243558046407998; 0,37717633321881294
1,333799008490121; 0,46025885827839375; 0,4010375696234405; 0,33617623522877693; 0,26394888013601303; 0,6703210240229964; 0,621744935400784; 0,7075900146737695; 0,3998874663375318; 0,11320859007537365; 0,8376970584504306
0,9287609587931211; 0,2742007100023329; 0,8505910700187087; 0,10976488143205643; 0,31503286864608526; 0,528893870767206; 0,3664284311234951; 0,5485624605789781; 0,9503144645132124; 0,348574158269912; 0,46817051712423563
1,7571199174590502; 0,558523434214294; 0,26187068363651633; 0,9831910808570683; 0,36280099023133516; 0,03681088984012604; 0,01857314584776759; 0,4231371534988284; 0,2065167622640729; 0,36857324792072177; 0,32513349456712604
1,1108252641803222; 0,6647304301150143; 0,4236092553474009; 0,8911795415915549; 0,41024619014933705; 0,612945796456188; 0,48543060338124633; 0,7308749672956765; 0,9863108894787729; 0,19323917711153626; 0,3949081180617213
1,008627495990924; 0,041327614802867174; 0,000346524640917778; 0,9390312205068767; 0,31753704231232405; 0,9761632131412625; 0,30436735693365335; 0,6194026726298034; 0,6172915869392455; 0,2836433597840369; 0,36433745734393597
1,8431353113955176; 0,291513301897794; 0,8891068841330707; 0,30226732371374965; 0,22487171040847898; 0,46317806048318744; 0,4378685802221298; 0,21140086464583874; 0,5301094856113195; 0,4041342637501657; 0,8432976524345577
1,4827362952839898; 0,07359387120231986; 0,24324326310306787; 0,9463383695110679; 0,217570960521698; 0,6159241525456309; 0,5448296619579196; 0,3751299614086747; 0,7646557013504207; 0,21187189174816012; 0,4478655308485031
0,5188380169202924; 0,34242161083966494; 0,5914075947366655; 0,2828290853649378; 0,00021387357264757156; 0,06732888147234917; 0,7035079104825854; 0,7769880429841578; 0,7137300646863878; 0,2685589431785047; 0,22028825664892793
0,8812766454367211; 0,7326489677652717; 0,7077146340161562; 0,9475319376215339; 0,9241778613068163; 0,13225501496344805; 0,9470022353343666; 0,5433520181104541; 0,8145884829573333; 0,1684321677312255; 0,6723490050062537
0,7861666984757278; 0,9324428839609027; 0,4740829006768763; 0,6266502407379448; 0,9556331005878747; 0,745233191177249; 0,17556038219481707; 0,9235750543884933; 0,23405138356611133; 0,7245865762233734; 0,0941840996965766
0,6159134609787336; 0,5613626115955412; 0,8882866259664297; 0,684954640455544; 0,3326570652425289; 0,441745235119015; 0,6469933688640594; 0,7612575474195182; 0,8703374788165092; 0,11964588705450296; 0,6931625553406775
0,28780451613627567; 0,486027373932302; 0,8142182375304401; 0,7739388886839151; 0,936356935184449; 0,939800079446286; 0,6422634515911341; 0,39190771197900176; 0,13700075168162584; 0,3990289242938161; 0,5965500008314848
0,2540049089514001; 0,3619044926017523; 0,9252776284702122; 0,7411434757523239; 0,5982888862490654; 0,9211564119905233; 0,9448270904831588; 0,5687857177108526; 0,2609721119515598; 0,18047339236363769; 0,8696673954837024
0,48250804006622916; 0,5661861603148282; 0,6701509957201779; 0,097749431617558; 0,825254603754729; 0,8093580505810678; 0,11057592323049903; 0,20989705622196198; 0,9731685132719576; 0,6561688813380897; 0,8065939140506089
1,5178910504643286; 0,14328193943947554; 0,8160527646541595; 0,6331893382593989; 0,5461287638172507; 0,8718990702182055; 0,2886704043485224; 0,18376327119767666; 0,8670472642406821; 0,6465358166024089; 0,8728559971787035
1,9287205653830122; 0,6638079695403576; 0,7618983159773052; 0,49144892673939466; 0,2190631185658276; 0,9204893782734871; 0,46129178954288363; 0,4614224452525377; 0,9169510072097182; 0,16142924735322595; 0,8992313910275698
1,9220293068043746; 0,4370696577243507; 0,4344268594868481; 0,8661680375225842; 0,6053048954345286; 0,918082123156637; 0,18798868265002966; 0,016283026430755854; 0,21083731716498733; 0,8959789425134659; 0,8300046734511852
2,0274115694858192; 0,5388516881503165; 0,4669839134439826; 0,3935978217050433; 0,40932405972853303; 0,43888374557718635; 0,3937475197017193; 0,0893747634254396; 0,2059650062583387; 0,5634540934115648; 0,5699827140197158
0,9642480171294409; 0,5470351213589311; 0,4089222950860858; 0,053921548184007406; 0,8085592575371265; 0,0658438028767705; 0,005504742730408907; 0,38545378390699625; 0,25624462123960257; 0,533545633777976; 0,8073089034296572
0,37797396462859073; 0,7725780797190964; 0,3014531973749399; 0,4612382738851011; 0,9002431714907289; 0,1177345821633935; 0,1969294175505638; 0,8481591669842601; 0,5496139512397349; 0,5518247527070343; 0,9410929186269641
-0,2531733390652312; 0,18251515366137028; 0,22220746660605073; 0,5900916061364114; 0,2379346820525825; 0,8445628979243338; 0,9582355171442032; 0,8856600634753704; 0,5797309167683125; 0,8989123329520226; 0,39333927957341075
0,14660547336892332; 0,32343457406386733; 0,560769110918045; 0,5643970402888954; 0,4812995558604598; 0,2971386550925672; 0,7143700690940022; 0,7713339934125543; 0,04730496648699045; 0,7966376072727144; 0,4805657807737589
1,317288730386989; 0,05926606245338917; 0,8855048874393106; 0,6660436624661088; 0,8869782551191747; 0,5514832963235676; 0,927387673407793; 0,2890566843561828; 0,1349445371888578; 0,872246892657131; 0,4755724649876356
0,4734748846710717; 0,8008852186612785; 0,6962742060422897; 0,1929234047420323; 0,6902298131026328; 0,29610945703461766; 0,0021793199703097343; 0,1705704410560429; 0,050944643560796976; 0,1572380056604743; 0,3718138732947409
0,6738707132888933; 0,1326146712526679; 0,46892413031309843; 0,330467629712075; 0,4496679059229791; 0,7893103286623955; 0,9119175537489355; 0,43854008987545967; 0,9091449715197086; 0,6368602723814547; 0,8140594139695168
2,043216138402535; 0,5009391205385327; 0,5206596539355814; 0,4281529258005321; 0,552881374489516; 0,8809640072286129; 0,1664747055619955; 0,6123565905727446; 0,3656577612273395; 0,5432368903420866; 0,3199078463949263
0,2735190222282484; 0,8382522338069975; 0,34163697995245457; 0,3162618582136929; 0,17068038787692785; 0,2533466746099293; 0,7324028210714459; 0,3715965822339058; 0,9711107118055224; 0,3838585983030498; 0,1814841558225453
-0,04793722271289036; 0,46748059801757336; 0,3580645299516618; 0,11273720161989331; 0,6205649198964238; 0,5589533802121878; 0,5208954885601997; 0,4793710485100746; 0,05732105392962694; 0,23834780789911747; 0,44656629860401154
2,3161850871911027; 0,7858552718535066; 0,6341390614397824; 0,7408481827005744; 0,3721187789924443; 0,975411981344223; 0,9276056485250592; 0,07001041574403644; 0,34179919864982367; 0,04159242380410433; 0,35157830361276865
1,562488883768896; 0,16802331618964672; 0,49174351291731; 0,34392219176515937; 0,043228323105722666; 0,23728612856939435; 0,3400862142443657; 0,32913193805143237; 0,8428442287258804; 0,11312259268015623; 0,21016375347971916
1,6525956298377051; 0,4306018711067736; 0,6096331551671028; 0,17389145214110613; 0,4502478609792888; 0,7643602080643177; 0,8476490336470306; 0,8330924515612423; 0,7417445601895452; 0,08603076729923487; 0,19888306315988302
1,6969418613208511; 0,7898960034362972; 0,37786826211959124; 0,2792535782791674; 0,14827034063637257; 0,3525929762981832; 0,8927714158780873; 0,2893580235540867; 0,7781918980181217; 0,5057078767567873; 0,004581644665449858
0,6057849986581615; 0,8129805820062757; 0,6718718004412949; 0,6022077328525484; 0,9706571693532169; 0,8232243643142283; 0,5284133935347199; 0,31222078250721097; 0,3180092303082347; 0,45831455988809466; 0,7633155826479197
0,8594260838229748; 0,8798110568895936; 0,9732528259046376; 0,17365142377093434; 0,6666538384743035; 0,5694723385386169; 0,31996218767017126; 0,8722221869975328; 0,2289981134235859; 0,9219123376533389; 0,9595810011960566
0,035693697779177636; 0,39792601438239217; 0,6345387562178075; 0,35985892778262496; 0,5692175640724599; 0,024016225710511208; 0,1736070797778666; 0,5487065324559808; 0,8608455364592373; 0,953241812530905; 0,33126261131837964
-0,048007336761735575; 0,10048835491761565; 0,7772718770429492; 0,054866600316017866; 0,2147943889722228; 0,8838902111165226; 0,9958532266318798; 0,6769715799018741; 0,49018610874190927; 0,6676449910737574; 0,8300850638188422
0,9446271394207001; 0,03516304213553667; 0,5755402985960245; 0,42970625311136246; 0,7224893677048385; 0,7009330438449979; 0,5815161038190126; 0,9469891358166933; 0,8868701034225523; 0,8222746117971838; 0,7141402740962803
-0,23834357847063373; 0,16472182050347328; 0,5305934036150575; 0,31330065382644534; 0,41383909760043025; 0,10164290387183428; 0,22730507142841816; 0,7859337460249662; 0,1679654628969729; 0,1090876804664731; 0,6413669758476317
2,0434708704587923; 0,9804241508245468; 0,18189509864896536; 0,3645564652979374; 0,48926517367362976; 0,4304354772903025; 0,7710055215284228; 0,021094501484185457; 0,4824917512014508; 0,6150565766729414; 0,35992654925212264
0,23602568538686303; 0,42158052744343877; 0,20540693728253245; 0,03940004808828235; 0,46247129095718265; 0,46916161524131894; 0,8806741056032479; 0,35607566963881254; 0,035964534152299166; 0,6535609248094261; 0,8500684420578182
0,3506247500764857; 0,7419393151067197; 0,07305250689387321; 0,7891129618510604; 0,8871251880191267; 0,13995529292151332; 0,6734023066237569; 0,49126978451386094; 0,2928530885837972; 0,7824437380768359; 0,2699193246662617
0,36355858163785015; 0,15386895509436727; 0,6847867672331631; 0,09138888726010919; 0,5996838081628084; 0,6307745683006942; 0,49838690366595984; 0,26108609279617667; 0,9918596716597676; 0,5602330206893384; 0,2635043035261333
0,13820224736623266; 0,703537795227021; 0,11047064373269677; 0,787287259940058; 0,1335613839328289; 0,3053299495950341; 0,426287145819515; 0,9745670966804028; 0,3213959471322596; 0,3033418534323573; 0,16355782188475132
1,0258167628647081; 0,22422575019299984; 0,3252317379228771; 0,12854379881173372; 0,9982766089960933; 0,9383651311509311; 0,6919311257079244; 0,813779613468796; 0,3404763606376946; 0,38952199602499604; 0,7542793108150363
1,8317289748055932; 0,558225130662322; 0,5721665513701737; 0,30330418422818184; 0,3092157603241503; 0,9990772567689419; 0,6324920528568327; 0,7796349488198757; 0,8112063729204237; 0,17475626058876514; 0,856909601483494
0,4857025043327534; 0,6738486452959478; 0,23230422753840685; 0,9397410303354263; 0,8498425828292966; 0,49771645897999406; 0,526286406442523; 0,8778721652925014; 0,2610496045090258; 0,43492956506088376; 0,23480113688856363
0,48641575325063624; 0,24000904988497496; 0,8688078774139285; 0,05353906564414501; 0,9302826165221632; 0,356444020755589; 0,8332739504985511; 0,4870338812470436; 0,6693799127824605; 0,060871665831655264; 0,31668954575434327
0,014028618230587209; 0,37389285303652287; 0,09168379520997405; 0,6953230402432382; 0,4660789808258414; 0,5724326553754508; 0,2523065167479217; 0,9673866131342947; 0,02971496805548668; 0,7628019037656486; 0,22826078906655312
2,27470245952244; 0,9735418558120728; 0,14572690054774284; 0,8129649073816836; 0,5638052532449365; 0,7190985986962914; 0,9368061972782016; 0,8020265945233405; 0,9391488987021148; 0,9948766003362834; 0,5201138411648571
0,5271004163451285; 0,7729078084230423; 0,3295610793866217; 0,16524795908480883; 0,6237487494945526; 0,6917296936735511; 0,08210733346641064; 0,32634010817855597; 0,633463051635772; 0,7332269307225943; 0,5327309765852988
0,29466410877882904; 0,5149288913235068; 0,45355761190876365; 0,40871942741796374; 0,9070674176327884; 0,9765447536483407; 0,4321946552954614; 0,038382886443287134; 0,2975701908580959; 0,26340081728994846; 0,058564658276736736
1,8198537141058488; 0,6135396612808108; 0,7359593468718231; 0,5618907487951219; 0,44298106944188476; 0,41831778548657894; 0,9114488922059536; 0,6496621402911842; 0,9368760786019266; 0,19877376640215516; 0,49336468800902367
1,2201448213540236; 0,3521952638402581; 0,04803149262443185; 0,1571977655403316; 0,24334517400711775; 0,18632937036454678; 0,4921785178594291; 0,6445228313095868; 0,7700256961397827; 0,43905856320634484; 0,9622443914413452
1,5318066490731828; 0,6577694066800177; 0,4325949023477733; 0,1864504455588758; 0,4590750462375581; 0,7530806171707809; 0,3583588791079819; 0,673023478128016; 0,9652879671193659; 0,47061722772195935; 0,782065765466541
-0,20912891938260822; 0,24478545039892197; 0,12617979990318418; 0,540688896086067; 0,9123271801508963; 0,5209293495863676; 0,8118010796606541; 0,06575513863936067; 0,5466594127938151; 0,8279392817057669; 0,5544299460016191
1,5018182890308116; 0,21144672576338053; 0,1999196452088654; 0,4929542448371649; 0,5463794632814825; 0,7118102400563657; 0,9187039462849498; 0,019821214489638805; 0,44741032226011157; 0,05223082983866334; 0,40015915082767606
1,1507687569787879; 0,9803570434451103; 0,7600753703154624; 0,2258202275261283; 0,8475864981301129; 0,9036147929728031; 0,5303152678534389; 0,7718971488066018; 0,7775553013198078; 0,7276495997793972; 0,1600623638369143
1,730053581300211; 0,20347132766619325; 0,6146754012443125; 0,11883473303169012; 0,9753861357457936; 0,4754428481683135; 0,24715477880090475; 0,49585587391629815; 0,06669788435101509; 0,861603606492281; 0,8107348806224763
-0,04603355611571433; 0,20229210797697306; 0,7332309074699879; 0,961017815861851; 0,3543340223841369; 0,13414532458409667; 0,1947540957480669; 0,9261749000288546; 0,1026690760627389; 0,5129366484470665; 0,40725709218531847
1,6239168211766355; 0,2894636676646769; 0,08261900208890438; 0,9065427067689598; 0,5670309271663427; 0,038958645425736904; 0,15955282701179385; 0,34686724562197924; 0,5612943032756448; 0,3047684724442661; 0,6468445071950555
1,58304964954374; 0,6179941836744547; 0,5911023132503033; 0,9462967575527728; 0,9145261598750949; 0,8280807645060122; 0,837683882098645; 0,12811761582270265; 0,2221145099028945; 0,011055116541683674; 0,2791791041381657
1,8459220409075665; 0,0173518150113523; 0,8732690908946097; 0,4723576260730624; 0,989504071418196; 0,44514746125787497; 0,8528126943856478; 0,756980620790273; 0,7381799598224461; 0,397158260922879; 0,190897717140615
2,2380837921245735; 0,7276432025246322; 0,7975552398711443; 0,7882571057416499; 0,04959094198420644; 0,5034580770879984; 0,1631286535412073; 0,7193046091124415; 0,2342736921273172; 0,6817854717373848; 0,5666714208200574
1,7629069843646485; 0,04457902954891324; 0,9785670535638928; 0,11765145370736718; 0,01983183901757002; 0,25972188729792833; 0,6402664966881275; 0,30525220930576324; 0,8406726927496493; 0,4880604171194136; 0,6052901605144143
0,6041315105095515; 0,990805497393012; 0,5954054417088628; 0,4075517887249589; 0,31945399940013885; 0,5306825963780284; 0,48682571155950427; 0,7488435278646648; 0,8280276702716947; 0,5115706524811685; 0,983617274556309
1,9789675566006613; 0,8975919093936682; 0,9798388355411589; 0,7902068635448813; 0,26449707336723804; 0,8846003976650536; 0,6770434714853764; 0,18939215503633022; 0,7602120512165129; 0,5351090915501118; 0,6887564300559461
0,7903668442470901; 0,38267449755221605; 0,2824303098022938; 0,1507645770907402; 0,016894054133445024; 0,823578616604209; 0,9391395766288042; 0,07468199077993631; 0,5606980356387794; 0,9233342059887946; 0,2773966998793185
0,844721149530878; 0,6489836061373353; 0,40299317007884383; 0,4626315850764513; 0,16775901382789016; 0,5750883012078702; 0,6263809520751238; 0,6798637984320521; 0,08704488212242723; 0,26467140950262547; 0,2184328641742468
1,803537825884954; 0,7714324900880456; 0,5935171325691044; 0,8494494231417775; 0,7159763546660542; 0,5892814472317696; 0,5188064845278859; 0,941221400629729; 0,08814625721424818; 0,3484677132219076; 0,351180458907038
-0,07571597709808547; 0,2126337275840342; 0,6539493412710726; 0,3432086855173111; 0,22618862753733993; 0,4630223084241152; 0,6006758906878531; 0,16639321018010378; 0,16220523370429873; 0,10240451386198401; 0,6774514014832675
1,1264320967345909; 0,26532275043427944; 0,34448664681985974; 0,9797526216134429; 0,23769217636436224; 0,12353268591687083; 0,7666399944573641; 0,7164778066799045; 0,25540891103446484; 0,6275767972692847; 0,4418379897251725
1,8821073551737213; 0,6218252098187804; 0,8039069161750376; 0,1698228120803833; 0,7213980779051781; 0,3441907553933561; 0,9483145084232092; 0,0831647221930325; 0,7554964870214462; 0,49949578009545803; 0,656853215303272
2,058313795271266; 0,935286259278655; 0,4305453007109463; 0,9054329935461283; 0,4501279550604522; 0,9201909438706934; 0,2723730159923434; 0,9390171482227743; 0,37243857979774475; 0,2216641386039555; 0,6776121566072106
0,3564882846836415; 0,2756897769868374; 0,8486612141132355; 0,09340354055166245; 0,0209989408031106; 0,8710680906660855; 0,037295520305633545; 0,32964772591367364; 0,314358732663095; 0,48889026418328285; 0,08343321224674582
0,46127738212507; 0,3678419394418597; 0,7551137814298272; 0,5132766859605908; 0,2851512092165649; 0,25294627947732806; 0,9733644872903824; 0,2898771781474352; 0,9927379474975169; 0,7153277709148824; 0,23794128326699138
0,49055276607441844; 0,8598279352299869; 0,009533182717859745; 0,28469222877174616; 0,22551713092252612; 0,03467261977493763; 0,5516201080754399; 0,781908430159092; 0,1703933305107057; 0,12506668316200376; 0,1045832741074264
0,11405904632093877; 0,5402033291757107; 0,34040953824296594; 0,3352910396642983; 0,3784811603836715; 0,739948183298111; 0,7639967617578804; 0,23305730521678925; 0,48115842370316386; 0,6850696848705411; 0,7765134312212467
1,0951947468422654; 0,6921466691419482; 0,6390596344135702; 0,03716802457347512; 0,5094703617505729; 0,7122870553284883; 0,8706958210095763; 0,7883117189630866; 0,1815086817368865; 0,3587146052159369; 0,6703798635862768
0,568699935122601; 0,08081891434267163; 0,5058851880021393; 0,49768630415201187; 0,14727608673274517; 0,7107015810906887; 0,2244505574926734; 0,02278826665133238; 0,7491755215451121; 0,5557760326191783; 0,10591115383431315
2,0700275655125817; 0,7108558756299317; 0,27147401636466384; 0,9422702272422612; 0,05143557582050562; 0,42389063630253077; 0,8235660493373871; 0,898947564419359; 0,7397416061721742; 0,9387489482760429; 0,5437588286586106
1,6997966501617876; 0,4007016192190349; 0,14915013266727328; 0,35081195877864957; 0,30008728755638003; 0,533439973834902; 0,8571361317299306; 0,9533226285129786; 0,17259617941454053; 0,8495036121457815; 0,40852557262405753
1,923288128540955; 0,978867459576577; 0,6756185693666339; 0,7346386597491801; 0,48943866370245814; 0,24573196237906814; 0,22140666469931602; 0,05741128511726856; 0,17595773050561547; 0,3195642656646669; 0,10136713925749063
1,363065046725445; 0,5150059503503144; 0,9498836961574852; 0,8299360512755811; 0,330428637098521; 0,42592691630125046; 0,7619963698089123; 0,6348645808175206; 0,2508403626270592; 0,379894710611552; 0,1974776810966432
0,7026917287492584; 0,6346964868716896; 0,3560074679553509; 0,23523229267448187; 0,37802103720605373; 0,0938608362339437; 0,34797647409141064; 0,6431631091982126; 0,9210280980914831; 0,7849299209192395; 0,2186427447013557
1,9533869269448583; 0,6307962569408119; 0,03468923410400748; 0,2813611337915063; 0,7218602602370083; 0,7779519688338041; 0,773002106230706; 0,714145905803889; 0,31768515752628446; 0,6578979818150401; 0,4684340823441744
0,1038723890294117; 0,32124540908262134; 0,6138495565392077; 0,33015667321160436; 0,47310933470726013; 0,7637851792387664; 0,46439051115885377; 0,039863307029008865; 0,6218468039296567; 0,4029782530851662; 0,015382715966552496
1,2596702882239488; 0,6707636681385338; 0,7432054150849581; 0,5855888850055635; 0,08744928287342191; 0,021748246159404516; 0,6829597074538469; 0,45254522236064076; 0,4850455541163683; 0,946982380002737; 0,9304505004547536
-0,05402638918985597; 0,3019476910121739; 0,4329272322356701; 0,9623948009684682; 0,5316708404570818; 0,656069116666913; 0,4155517718754709; 0,37597476271912456; 0,20636788476258516; 0,19549913005903363; 0,3350484138354659
0,3674854208048921; 0,79460438946262; 0,3558949613943696; 0,03364728717133403; 0,44525671610608697; 0,8849863852374256; 0,39997550938278437; 0,5264882994815707; 0,083622673060745; 0,5187223670072854; 0,7722510555759072
-0,008673103053673303; 0,4871092475950718; 0,16725637624040246; 0,9731614212505519; 0,6765345707535744; 0,284908392932266; 0,9066788777709007; 0,0940870544873178; 0,24593634391203523; 0,03567097382619977; 0,007542072795331478
1,8615320254830605; 0,6597652845084667; 0,2303623240441084; 0,2422098028473556; 0,303393286652863; 0,8430636115372181; 0,14811814296990633; 0,06809428334236145; 0,02204624330624938; 0,289467332419008; 0,21137088956311345
0,22877978000534782; 0,32059740647673607; 0,441436009015888; 0,9325399189256132; 0,23161325324326754; 0,9873237698338926; 0,5083641544915736; 0,7337960614822805; 0,8515452314168215; 0,18274623900651932; 0,5525928856804967
2,5066839576854774; 0,9052595277316868; 0,7875457112677395; 0,6467393571510911; 0,6135118287056684; 0,5121156862005591; 0,6853010104969144; 0,5603082496672869; 0,4159163092263043; 0,2194148343987763; 0,9123001843690872
1,0689857530899225; 0,8948529297485948; 0,27007787860929966; 0,13275738712400198; 0,6756496806629002; 0,8751366091892123; 0,7301012030802667; 0,47564095724374056; 0,43417686177417636; 0,7854957217350602; 0,30165031738579273
1,6434486108535729; 0,16123753786087036; 0,4630383886396885; 0,05902598658576608; 0,5157829755917192; 0,6044193040579557; 0,6306431479752064; 0,3012372418306768; 0,6057477579452097; 0,8442964758723974; 0,9682510104030371
0,31341453525340573; 0,33377928799018264; 0,36008125403895974; 0,6065970784984529; 0,5897512757219374; 0,33673038240522146; 0,4744271021336317; 0,6737170596607029; 0,9584417357109487; 0,2386013208888471; 0,8938908837735653
2,039945855801459; 0,5469075366854668; 0,6046245186589658; 0,006007034331560135; 0,3292322512716055; 0,788463044911623; 0,0886017270386219; 0,3554891925305128; 0,29635437205433846; 0,28026680927723646; 0,14309492334723473
2,226635491039005; 0,45420804852619767; 0,8172208187170327; 0,4168654177337885; 0,25707532837986946; 0,012186067178845406; 0,4697336503304541; 0,6822751895524561; 0,5775298210792243; 0,39529707189649343; 0,12400515144690871
1,491087831237642; 0,9854212244972587; 0,6610725643113256; 0,36511949403211474; 0,7081123278476298; 0,4233301947824657; 0,14165753405541182; 0,7319600326009095; 0,22435239236801863; 0,6849068440496922; 0,5916277905926108
-0,3229221865673082; 0,1269445070065558; 0,375307597219944; 0,4928844114765525; 0,3093341472558677; 0,5817808797582984; 0,330076003447175; 0,2739385715685785; 0,5545209292322397; 0,39564561005681753; 0,8066279590129852
2,1981361780237703; 0,5573082412593067; 0,6711555919609964; 0,5294551304541528; 0,6938232956454158; 0,3784322701394558; 0,30395006015896797; 0,5992450453341007; 0,857645986136049; 0,7361795958131552; 0,5540758026763797
1,451565404977324; 0,33439373038709164; 0,9834780399687588; 0,955535554792732; 0,7781344093382359; 0,26838482823222876; 0,586418631952256; 0,54800596088171; 0,8307002577930689; 0,21508242143318057; 0,36416847445070744
-0,13321306355667467; 0,501459714025259; 0,07532845949754119; 0,3444348471239209; 0,8308656578883529; 0,6635551345534623; 0,9924033409915864; 0,7502971519716084; 0,5353437960147858; 0,8337471699342132; 0,3587796874344349
-0,05150805663832444; 0,0013927295804023743; 0,9176075980067253; 0,7360257776454091; 0,12808792758733034; 0,9784292378462851; 0,3227149434387684; 0,559932766482234; 0,9847595226019621; 0,8320143870078027; 0,4229737618006766
0,18540189583630212; 0,3600082010962069; 0,4125370429828763; 0,2945791119709611; 0,3988749645650387; 0,44080896815285087; 0,9764093714766204; 0,9953652685508132; 0,4885874753817916; 0,7915167552419007; 0,6121222185902297
0,4541004920306584; 0,8790356828831136; 0,23945896560326219; 0,939902467187494; 0,8017706535756588; 0,4305163072422147; 0,22792395344004035; 0,12614180706441402; 0,9198377407155931; 0,21521276142448187; 0,7713882587850094
0,585574484511887; 0,7027506572194397; 0,5401318268850446; 0,48778749583289027; 0,45394104486331344; 0,9878964433446527; 0,2762531917542219; 0,7803901033475995; 0,10147986188530922; 0,8226161156781018; 0,3187126028351486
0,46667222925216745; 0,6699354825541377; 0,39885823242366314; 0,01235978677868843; 0,9156009433791041; 0,278975086286664; 0,9858110728673637; 0,6843526712618768; 0,3830552729777992; 0,4462783741764724; 0,4942586296238005
1,5396677679404132; 0,3649948537349701; 0,2545562218874693; 0,788953188341111; 0,5464227832853794; 0,33253655582666397; 0,2533493572846055; 0,31097831344231963; 0,8400836233049631; 0,5414802553132176; 0,09323299722746015
1,8167224034690115; 0,7338469307869673; 0,06926390947774053; 0,4092646394856274; 0,554897157009691; 0,8696874626912177; 0,08178317407146096; 0,3159857774153352; 0,698754355777055; 0,4460630682297051; 0,10291216569021344
0,3960096313405087; 0,40726137813180685; 0,8383103809319437; 0,17899574851617217; 0,9562707645818591; 0,5613821148872375; 0,5164351207204163; 0,2384909000247717; 0,7228920822963119; 0,5094547271728516; 0,682842155918479
0,8535980430175794; 0,994036772288382; 0,23852642672136426; 0,88923629373312; 0,21978206606581807; 0,0566445323638618; 0,6978603741154075; 0,46553605515509844; 0,3215652145445347; 0,37430661264806986; 0,8559708725661039
0,35126880838757313; 0,7769770226441324; 0,022457838524132967; 0,8078885073773563; 0,07196946162730455; 0,9210290554910898; 0,07001601485535502; 0,3174196616746485; 0,1518803872168064; 0,5390297421254218; 0,9879498765803874
0,32562905891080607; 0,7489623068831861; 0,5835129399783909; 0,9498394089750946; 0,36010190285742283; 0,23448456916958094; 0,6257109297439456; 0,08922102162614465; 0,2139094495214522; 0,2019458170980215; 0,9060647757723927
1,4599328818451034; 0,2853005640208721; 0,41313383309170604; 0,8049774370156229; 0,7128060823306441; 0,7103284946642816; 0,7674491964280605; 0,5710462089627981; 0,9668486616574228; 0,5101709417067468; 0,9802663754671812
0,2324569100025914; 0,908154169563204; 0,02034799149259925; 0,32217003172263503; 0,23831163253635168; 0,19980485271662474; 0,6076656188815832; 0,017707709688693285; 0,21616453723981977; 0,2157258940860629; 0,8265469917096198
0,3502590966422557; 0,5806766683235765; 0,0861165402457118; 0,9363451185636222; 0,9748646668158472; 0,3294366504997015; 0,12420375738292933; 0,32691793562844396; 0,18171201460063457; 0,8301433632150292; 0,58015326410532
0,09886126960607591; 0,25693110143765807; 0,293528585229069; 0,7397813787683845; 0,05933315213769674; 0,4976021572947502; 0,06901658093556762; 0,7425786517560482; 0,1994280950166285; 0,35867222398519516; 0,07671187398955226
-0,21006115049468077; 0,37833270616829395; 0,24720583856105804; 0,9209946226328611; 0,888442843221128; 0,31770889135077596; 0,16180155985057354; 0,9378939047455788; 0,5855470155365765; 0,4364788536913693; 0,09467866225168109
-0,2934439029135404; 0,15476531721651554; 0,5023259744048119; 0,02737846691161394; 0,9731839238665998; 0,1717433389276266; 0,4114984516054392; 0,4900386817753315; 0,5629140278324485; 0,005943341180682182; 0,8426505527459085
1,5453333814604016; 0,20029365178197622; 0,4805545383132994; 0,3424120438285172; 0,24958975287154317; 0,24288007663562894; 0,4121907209046185; 0,4872851297259331; 0,42048989422619343; 0,2490457473322749; 0,48683489533141255
0,8480965841352127; 0,9537610970437527; 0,7148535111919045; 0,5089102084748447; 0,96536771254614; 0,31172475777566433; 0,9858630388043821; 0,25427811313420534; 0,6461567324586213; 0,5080110928975046; 0,4519947776570916
1,8911418698823965; 0,9408083166927099; 0,005793289747089148; 0,9199549583718181; 0,21721063321456313; 0,003775659017264843; 0,859539735596627; 0,15298849530518055; 0,7878989554010332; 0,45104657765477896; 0,9752355082891881
0,36855977396286654; 0,5507519827224314; 0,8512944942340255; 0,0785277085378766; 0,645579406991601; 0,8491397346369922; 0,44667425751686096; 0,7095782966352999; 0,2106307870708406; 0,8930614581331611; 0,3692800886929035
1,6460100133412916; 0,8625478981994092; 0,7128796349279583; 0,6860164329409599; 0,7231257185339928; 0,10915183369070292; 0,343727630097419; 0,058942222967743874; 0,2515286314301193; 0,8202414344996214; 0,44879044126719236
0,4396047155665923; 0,7968723508529365; 0,6700974404811859; 0,6319335619919002; 0,8016575137153268; 0,9743588450364769; 0,059075229335576296; 0,6148348622955382; 0,6062162476591766; 0,12299934821203351; 0,929672968108207
0,5081668018596522; 0,3696803613565862; 0,2594022713601589; 0,7342775417491794; 0,6814351817592978; 0,9157664091326296; 0,9120340216904879; 0,6213827705942094; 0,6409235745668411; 0,1982082356698811; 0,009913128335028887
1,0860792193358144; 0,04328151512891054; 0,20198577037081122; 0,9371209228411317; 0,6267845220863819; 0,0359339015558362; 0,5650875237770379; 0,2767514758743346; 0,2546497997827828; 0,8678340963087976; 0,014715828467160463
1,8697013277773302; 0,5504259425215423; 0,28822951996698976; 0,7673146175220609; 0,8940339237451553; 0,17300116689875722; 0,18660728074610233; 0,6201623897068202; 0,5009794640354812; 0,8828789610415697; 0,9030805747024715
2,1076406880177365; 0,4366609677672386; 0,9318473017774522; 0,18190489429980516; 0,295083224773407; 0,42381734075024724; 0,930353868752718; 0,29131098464131355; 0,3344547487795353; 0,7585319229401648; 0,4410593109205365
1,8948860768802103; 0,6267223213799298; 0,014917019288986921; 0,7203817316330969; 0,5142197795212269; 0,6408019755035639; 0,1700042663142085; 0,7714811209589243; 0,34769397927448153; 0,6297650444321334; 0,6311004911549389
1,4294403663295228; 0,6035197121091187; 0,8166386308148503; 0,6956387464888394; 0,42259689373895526; 0,9573222761973739; 0,36476588621735573; 0,26710792211815715; 0,32084352569654584; 0,24915611930191517; 0,41257430147379637
0,7669325954848011; 0,1475840243510902; 0,3780443239957094; 0,1050571002997458; 0,5044003580696881; 0,8907060939818621; 0,7246753280051053; 0,5449061570689082; 0,034463319927453995; 0,7758334917016327; 0,35971522331237793
0,5624162169073424; 0,1282693943940103; 0,7350478046573699; 0,5729844444431365; 0,4891216647811234; 0,9312918074429035; 0,1959197260439396; 0,8466314869001508; 0,11256063403561711; 0,7304698214866221; 0,7166627794504166
1,8603596724619291; 0,5363665549084544; 0,07504218071699142; 0,6562763890251517; 0,6554315560497344; 0,3319489094428718; 0,9131586565636098; 0,299642076715827; 0,7204054910689592; 0,2217186614871025; 0,9684101366437972
0,446877334720415; 0,06256250850856304; 0,7940633329562843; 0,9014666699804366; 0,3604341861791909; 0,42462687799707055; 0,6050585838966072; 0,2884687213227153; 0,24894630862399936; 0,941500446293503; 0,26424298295751214
1,4280289206540924; 0,7589928256347775; 0,16626489954069257; 0,91877626394853; 0,5140000930987298; 0,1665793382562697; 0,512416108045727; 0,8048640680499375; 0,8814253932796419; 0,9238384459167719; 0,015110217034816742
1,8657308540593316; 0,5657630139030516; 0,34948961762711406; 0,6932378495112062; 0,2511687967926264; 0,4976357747800648; 0,9050785056315362; 0,5935533894225955; 0,7004749407060444; 0,8909803600981832; 0,6019079331308603
2,1384576563478435; 0,578152968082577; 0,7105930806137621; 0,9216295615769923; 0,768756496720016; 0,3749950178898871; 0,6309299287386239; 0,2096872036345303; 0,5976612349040806; 0,22750854957848787; 0,7490607458166778
1,2926737854845185; 0,9817759715951979; 0,3801771402359009; 0,6666236291639507; 0,02451521996408701; 0,3167946105822921; 0,6674986453726888; 0,2425297568552196; 0,04850241355597973; 0,5877314195968211; 0,20581557229161263
0,52696808948737; 0,7240549488924444; 0,8762747910805047; 0,8539298628456891; 0,42675734031945467; 0,03641166863963008; 0,45761800836771727; 0,46314778877422214; 0,894490472972393; 0,4922976582311094; 0,22178106708452106
2,384677956376859; 0,7869536024518311; 0,7777367862872779; 0,5023224805481732; 0,5525770396925509; 0,91485561337322; 0,8835981353186071; 0,6339794634841383; 0,5101905511692166; 0,965027891099453; 0,5610460066236556
-0,3038885228563217; 0,31247632624581456; 0,07399661839008331; 0,5190719026140869; 0,06047267420217395; 0,7018990963697433; 0,16915443632751703; 0,6251953891478479; 0,4676710874773562; 0,7211612025275826; 0,9968461557291448
1,1476077708229608; 0,2208759058266878; 0,5189361926168203; 0,8013535370118916; 0,7230766410939395; 0,8530972017906606; 0,5896865171380341; 0,46573252929374576; 0,07084759185090661; 0,9222614606842399; 0,8409295710735023
1,1639486582574503; 0,4419269016943872; 0,48244247771799564; 0,35991298174485564; 0,7021806249395013; 0,8221645215526223; 0,6338529721833766; 0,8952632145956159; 0,28001181967556477; 0,3718439652584493; 0,8611910776235163
-0,20925158051712073; 0,27344764582812786; 0,46205524588003755; 0,6327220196835697; 0,7687456416897476; 0,5307388538494706; 0,7292316043749452; 0,7916631358675659; 0,4213173626922071; 0,09944181703031063; 0,8338491986505687
2,1759962489061437; 0,2978506535291672; 0,9881556862965226; 0,30110632767900825; 0,1257137986831367; 0,5708719925023615; 0,8192521031014621; 0,21154384734109044; 0,37651438592001796; 0,8384566833265126; 0,824489725753665
2,329085232964935; 0,8470948720350862; 0,6297757546417415; 0,3696978730149567; 0,015528499148786068; 0,009993505198508501; 0,3947469419799745; 0,1248888410627842; 0,8189758281223476; 0,6451866715215147; 0,691975214984268
2,094772252531002; 0,41697744373232126; 0,9754491583444178; 0,04611932812258601; 0,5634351540356874; 0,01302586542442441; 0,26139153772965074; 0,23272031173110008; 0,2563299988396466; 0,9342554532922804; 0,9712700233794749
2,0736772533566383; 0,3707096017897129; 0,9079761374741793; 0,36333896219730377; 0,5517678214237094; 0,8958546533249319; 0,5184530750848353; 0,7802094304934144; 0,3058537822216749; 0,12332551088184118; 0,3158687916584313
1,6380194832734711; 0,28149081068113446; 0,3910115035250783; 0,9104517642408609; 0,36839088378474116; 0,40707781072705984; 0,7778627783991396; 0,7096840613521636; 0,613781257532537; 0,2765848571434617; 0,5669787051156163
2,062698140278294; 0,29500241950154305; 0,816824896261096; 0,8945145076140761; 0,3487527114339173; 0,2210946185514331; 0,20296324230730534; 0,12940223794430494; 0,2767995409667492; 0,7029007407836616; 0,17061960650607944
0,14536445208985158; 0,06107277562841773; 0,6697990125976503; 0,5774445184506476; 0,8318995623849332; 0,7849154677242041; 0,8594761905260384; 0,8316386598162353; 0,7286693588830531; 0,9529103511013091; 0,1057726270519197
0,7005144608404275; 0,9891367587260902; 0,08889569714665413; 0,41495931055396795; 0,9335470697842538; 0,8220384358428419; 0,7943484275601804; 0,46855751145631075; 0,4941477170214057; 0,14564367523416877; 0,23565266700461507
0,5184600424276533; 0,8138538259081542; 0,6721516880206764; 0,8047420522198081; 0,4303617114201188; 0,4791617407463491; 0,27961773006245494; 0,5854171928949654; 0,603602193761617; 0,7022665357217193; 0,3614092683419585
0,131124480198133; 0,14880204387009144; 0,5674835490062833; 0,1206946512684226; 0,41254264395684004; 0,9421822768636048; 0,33205280313268304; 0,39095111144706607; 0,9342633904889226; 0,5376354772597551; 0,8386478195898235
0,9661387227371848; 0,09600680135190487; 0,6567035457119346; 0,2029075948521495; 0,4136793618090451; 0,9365908354520798; 0,6692787623032928; 0,09029544005170465; 0,2832876476459205; 0,5228802980855107; 0,5013727191835642
0,011425795605032929; 0,4782601115293801; 0,12058076495304704; 0,255962326657027; 0,059139955788850784; 0,055747856851667166; 0,8885917449370027; 0,587672455701977; 0,5238890605978668; 0,6350670582614839; 0,5786560396663845
0,4263408190282305; 0,5579423909075558; 0,8949759490787983; 0,8505222322419286; 0,35329803079366684; 0,4961015833541751; 0,45005917362868786; 0,45731048844754696; 0,6342662363313138; 0,8486257423646748; 0,07563456473872066
0,6261715061679133; 0,9601928777992725; 0,6753698722459376; 0,5379172777757049; 0,4856918891891837; 0,9435980813577771; 0,45605397317558527; 0,35827343817800283; 0,5830452279187739; 0,09533576713874936; 0,5740225384943187
1,0382383047090458; 0,46813927264884114; 0,9396769590675831; 0,8385052974335849; 0,8649972304701805; 0,08060056436806917; 0,5701256380416453; 0,021675169933587313; 0,3556089191697538; 0,3721763673238456; 0,31929375510662794
-0,16940931606075116; 0,18884491361677647; 0,1337632150389254; 0,29507576301693916; 0,9469795040786266; 0,015060750301927328; 0,8214087355881929; 0,7830865839496255; 0,32207362446933985; 0,5364993382245302; 0,3918053051456809
0,5434923113911948; 0,4369156388565898; 0,6492609065026045; 0,9299157676286995; 0,8773927064612508; 0,2628097082488239; 0,29212803207337856; 0,8279118887148798; 0,8325152066536248; 0,6751973852515221; 0,6255568722262979
2,6199207230079207; 0,8899119454436004; 0,7904965728521347; 0,6680662832222879; 0,15759263467043638; 0,2530552437528968; 0,3962160567753017; 0,9914964698255062; 0,41796392062678933; 0,41756069706752896; 0,4875474930740893
-0,21632594827852875; 0,08506305608898401; 0,511129705235362; 0,763381150085479; 0,753605886362493; 0,8808682831004262; 0,6610716935247183; 0,04834691761061549; 0,6862114774994552; 0,29451785096898675; 0,2377374954521656
1,9386295741551374; 0,1993184913881123; 0,7546336543746293; 0,6484612952917814; 0,4723100932314992; 0,49859115900471807; 0,7634095284156501; 0,4091301904991269; 0,35504663130268455; 0,2206054893322289; 0,5540501354262233
-0,020021058439751785; 0,011367470491677523; 0,4834733451716602; 0,5567374369129539; 0,6981537030078471; 0,9678318062797189; 0,6684334338642657; 0,08944314625114202; 0,45958702079951763; 0,6136452392674983; 0,7693168907426298
1,4230790497777024; 0,9954933882690966; 0,694403903093189; 0,5747935059480369; 0,8476900937967002; 0,8901023273356259; 0,44204148510470986; 0,8120750361122191; 0,029554619919508696; 0,03410806506872177; 0,20564439799636602
1,1921455834846713; 0,8539692657068372; 0,3580935401841998; 0,5340372300706804; 0,5856324657797813; 0,6350155514664948; 0,5981860477477312; 0,6480471645481884; 0,3161088591441512; 0,43881043093279004; 0,985348766669631
0,8504464120345898; 0,41829166701063514; 0,37050999561324716; 0,5013462570495903; 0,5114372037351131; 0,25182900251820683; 0,8234341014176607; 0,5743184257298708; 0,4859347539022565; 0,5117779388092458; 0,20665457751601934
0,9892439133996351; 0,5703865513205528; 0,8708165241405368; 0,2635816275142133; 0,29713304433971643; 0,9744251659139991; 0,28334307903423905; 0,8586400654166937; 0,06393987964838743; 0,46143021201714873; 0,4679080182686448
0,5659408631667144; 0,8205058462917805; 0,18886157870292664; 0,2709916322492063; 0,4537532087415457; 0,7648389874957502; 0,22926295641809702; 0,5156049020588398; 0,7449665581807494; 0,12202934175729752; 0,636257691308856
2,430419326625418; 0,832509642932564; 0,8579130554571748; 0,1833173707127571; 0,5113130984827876; 0,6758594214916229; 0,4686603294685483; 0,2121452484279871; 0,6223409860394895; 0,10616161348298192; 0,7365237539634109
1,1402375133075917; 0,9481483255513012; 0,8792087282054126; 0,5626884228549898; 0,29214889369904995; 0,46297972137108445; 0,037053854670375586; 0,9777117646299303; 0,8894220371730626; 0,7298984881490469; 0,3189889881759882
1,8241476710274043; 0,944479497615248; 0,606929013505578; 0,956758423242718; 0,930751028470695; 0,3298680461011827; 0,1985189993865788; 0,7160314945504069; 0,45831008115783334; 0,6884729517623782; 0,07200923468917608
1,61867934976426; 0,7939979159273207; 0,13089554151520133; 0,4371488820761442; 0,021484280470758677; 0,833862985484302; 0,9033057340420783; 0,8089301306754351; 0,2045908379368484; 0,12631786707788706; 0,2467845152132213
1,171015496567066; 0,2542783748358488; 0,4562062518671155; 0,9061904600821435; 0,6979478155262768; 0,1882172552868724; 0,04168641986325383; 0,049198804423213005; 0,8526902524754405; 0,5747462008148432; 0,775100601837039
1,2242009866205563; 0,03292295476421714; 0,6131157609634101; 0,10488026775419712; 0,7300690831616521; 0,8708665361627936; 0,9181765899993479; 0,22830220218747854; 0,6815029848366976; 0,972873330116272; 0,493952845223248
1,1763654421877183; 0,8347333604469895; 0,8009045794606209; 0,2670712904073298; 0,6533536138013005; 0,9804850546643138; 0,46553962491452694; 0,7715544472448528; 0,44929826725274324; 0,505794795230031; 0,6078389370813966
-0,09163087699167471; 0,4775711107067764; 0,12764295283704996; 0,49874749686568975; 0,24558465741574764; 0,3290293077006936; 0,11115039559081197; 0,05313955480232835; 0,7757744048722088; 0,2859263843856752; 0,9654730800539255
0,42234421489545315; 0,1797510148026049; 0,13141761301085353; 0,9825677210465074; 0,27314886497333646; 0,29557111021131277; 0,3072267402894795; 0,9723997702822089; 0,8340346454642713; 0,7942632376216352; 0,7178397527895868
2,0801825005341157; 0,21163691626861691; 0,9696399928070605; 0,5846606860868633; 0,0047860341146588326; 0,3515444970689714; 0,4470653422176838; 0,5185134191997349; 0,28140308894217014; 0,9055815930478275; 0,010694416705518961
1,8760520372541432; 0,4226439679041505; 0,4585481588728726; 0,19724828377366066; 0,8430498451925814; 0,1609874814748764; 0,2791620558127761; 0,5083910073153675; 0,7670009387657046; 0,37195905251428485; 0,6284401076845825
1,2929409308417033; 0,05133192706853151; 0,09387793019413948; 0,5078233652748168; 0,15945240249857306; 0,017316706012934446; 0,37181318551301956; 0,8441539648920298; 0,49839257495477796; 0,04873991757631302; 0,1689759287983179
1,8979584816653767; 0,12733152881264687; 0,92181341862306; 0,21724561974406242; 0,054340402130037546; 0,9177847974933684; 0,8732113251462579; 0,0099933547899127; 0,2661924525164068; 0,19210652448236942; 0,7190966266207397
0,9185470255213661; 0,7989620743319392; 0,6260124207474291; 0,9964123736135662; 0,948069860227406; 0,4748019818216562; 0,7956633144058287; 0,5739826974458992; 0,7723037702962756; 0,847154806368053; 0,5883000926114619
2,2479268102378827; 0,5009935973212123; 0,9063407317735255; 0,7847048239782453; 0,533529398497194; 0,0027238326147198677; 0,7807781905867159; 0,11148585192859173; 0,24296942679211497; 0,6641804720275104; 0,39665471762418747
1,6604031466861502; 0,16794639779254794; 0,5492880567908287; 0,10875895759090781; 0,15306557435542345; 0,9737631878815591; 0,5177009836770594; 0,1366786202415824; 0,4960771929472685; 0,7629688107408583; 0,029127599205821753
2,071990516375714; 0,8074416466988623; 0,27958501456305385; 0,04265427077189088; 0,6660107616335154; 0,7746881772764027; 0,08598325122147799; 0,2798954574391246; 0,06635767174884677; 0,3489352995529771; 0,3463816652074456
1,1121408142004472; 0,15480582555755973; 0,8131736470386386; 0,09056150866672397; 0,1776160760782659; 0,0005192318931221962; 0,6897031012922525; 0,8696278920397162; 0,1989951371215284; 0,13661583373323083; 0,06771634798496962
-0,1720356817421884; 0,1937884734943509; 0,5354959461838007; 0,3791075199842453; 0,8719642511568964; 0,05683784792199731; 0,20985037833452225; 0,2391870259307325; 0,16579597676172853; 0,2615114008076489; 0,6940928688272834
1,9937381695232466; 0,3381302207708359; 0,9396947138011456; 0,1285101235844195; 0,06605339283123612; 0,233676933683455; 0,7088959501124918; 0,6478928374126554; 0,9507294939830899; 0,35198292043060064; 0,24863598495721817
0,8937329748207489; 0,46993819950148463; 0,5774688757956028; 0,07865998009219766; 0,11846624407917261; 0,035123351495712996; 0,19951704144477844; 0,24717791518196464; 0,7499214722774923; 0,3442588369362056; 0,9686513445340097
1,7020302962195453; 0,940729517955333; 0,5960137927904725; 0,7895660549402237; 0,9439334222115576; 0,6139120892621577; 0,6539066596888006; 0,3926922627724707; 0,718886039685458; 0,4347504605539143; 0,9836989976465702
0,08087198831444176; 0,6439966657198966; 0,3534166784957051; 0,41577804228290915; 0,052020485047250986; 0,3104241965338588; 0,8458191128447652; 0,1930978735908866; 0,7072197264060378; 0,27009587828069925; 0,6310039488598704
0,2702511517981031; 0,9034096142277122; 0,18869784148409963; 0,35940007818862796; 0,7136070528067648; 0,4958998840302229; 0,23428689036518335; 0,4162491746246815; 0,6659824270755053; 0,3054469646885991; 0,6481896447949111
0,9897046542526945; 0,7070755092427135; 0,9439014620147645; 0,19335754634812474; 0,9190476168878376; 0,2883639931678772; 0,6471205190755427; 0,4143467051908374; 0,7076690588146448; 0,42547566909343004; 0,5202574995346367
2,015410422523943; 0,4834496513940394; 0,5056870221160352; 0,6968669379130006; 0,2907741707749665; 0,16423928271979094; 0,062389570754021406; 0,5741043933667243; 0,3483156324364245; 0,1873996644280851; 0,901645221747458
2,25463031225884; 0,6932224491611123; 0,6910444251261652; 0,3342380188405514; 0,13648572517558932; 0,17079125391319394; 0,8473893315531313; 0,03254596330225468; 0,6867775074206293; 0,26284863194450736; 0,9297879720106721
1,404190336605183; 0,2520756353624165; 0,4190500942058861; 0,47457533329725266; 0,6369165102951229; 0,6357329958118498; 0,9972470481880009; 0,4082959252409637; 0,6792105520144105; 0,9576444267295301; 0,33754482213407755
-0,28006300968968584; 0,05493313865736127; 0,6510252566076815; 0,07542133098468184; 0,05676660221070051; 0,5034113205038011; 0,41856124624609947; 0,060344195924699306; 0,2645580689422786; 0,24844980193302035; 0,383830139413476
0,9852511856755908; 0,9729941287077963; 0,42043856997042894; 0,5308973584324121; 0,93879375141114; 0,7233820166438818; 0,8635043920949101; 0,11028779251500964; 0,29085163678973913; 0,5590451345779002; 0,1495271665044129
0,900979696098053; 0,8913386105559766; 0,018526613246649504; 0,40002386784181; 0,4782872460782528; 0,9098948640748858; 0,11674133455380797; 0,2711557582952082; 0,7174494820646942; 0,16088050790131092; 0,13603155501186848
0,06868389748409973; 0,20745155541226268; 0,8338558948598802; 0,5261563598178327; 0,20074154762551188; 0,8586019477806985; 0,7009390285238624; 0,6431017466820776; 0,5373359648510814; 0,21973330061882734; 0,05831242445856333
1,8451058608615918; 0,7206814331002533; 0,2764182183891535; 0,48511564265936613; 0,11814087582752109; 0,3229448306374252; 0,058390813414007425; 0,9627230502665043; 0,10719830775633454; 0,17947748862206936; 0,7109614941291511
2,028912383832507; 0,9064703793264925; 0,4732664506882429; 0,771686090156436; 0,49466656986624; 0,8935145013965666; 0,6336603220552206; 0,061875380109995604; 0,3892724416218698; 0,42959841433912516; 0,4504987937398255
0,37050734607159697; 0,7684248997829854; 0,6155979735776782; 0,13126182230189443; 0,7977489903569221; 0,6993000167421997; 0,5666622868739069; 0,3887691218405962; 0,3925793538801372; 0,9903491293080151; 0,920850817579776
0,5597565291058479; 0,7288757530041039; 0,8743790895678103; 0,12395179038867354; 0,07036658423021436; 0,07955889962613583; 0,4398482493124902; 0,7052117618732154; 0,7338595031760633; 0,2568132868036628; 0,9948777873069048
0,49678885542956897; 0,05411308305338025; 0,28108556382358074; 0,9487602319568396; 0,5559262339957058; 0,3184123560786247; 0,7434343732893467; 0,26110510155558586; 0,27328272676095366; 0,06243797764182091; 0,23878769017755985
0,20765635569152474; 0,7551239700987935; 0,17010032385587692; 0,9799096318893135; 0,8058424023911357; 0,4407465672120452; 0,025978033896535635; 0,1543171047233045; 0,7103488617576659; 0,3905282337218523; 0,3420747029595077
1,026009207657918; 0,4829925801604986; 0,02101033041253686; 0,6658284119330347; 0,4279623148031533; 0,23556190636008978; 0,2474636770784855; 0,03426172723993659; 0,07348717283457518; 0,25598422484472394; 0,6879294076934457
0,2022825273840767; 0,5780260823667049; 0,00699575524777174; 0,0008484665304422379; 0,31385235069319606; 0,06197099760174751; 0,36156347347423434; 0,8821314489468932; 0,4574573393911123; 0,5684402729384601; 0,7121286345645785
2,1035341169321407; 0,7970081130042672; 0,401824202388525; 0,8614910934120417; 0,10738821187987924; 0,5711452681571245; 0,10927896481007338; 0,5763494046404958; 0,40372748021036386; 0,2532784091308713; 0,5913005820475519
0,19261428473854098; 0,3439016961492598; 0,9163889065384865; 0,11493224557489157; 0,4436556654982269; 0,4024241245351732; 0,30861206352710724; 0,1974047082476318; 0,8463119142688811; 0,5812385296449065; 0,8205827898345888
0,5304931132272556; 0,6603033519349992; 0,30626932717859745; 0,7275048391893506; 0,897557504940778; 0,000799983274191618; 0,4510148302651942; 0,15263234823942184; 0,9438904756680131; 0,32565609784796834; 0,5482865287922323
0,5786535551229414; 0,23707604501396418; 0,8575303610414267; 0,4762925188988447; 0,06577303679659963; 0,6443361807614565; 0,27526235999539495; 0,3042242028750479; 0,9123582812026143; 0,8355148416012526; 0,18618639511987567
1,6389559115659702; 0,433866944629699; 0,021818789187818766; 0,9526637373492122; 0,5718098557554185; 0,4478806401602924; 0,8506333441473544; 0,14827624196186662; 0,6489211809821427; 0,5897046066820621; 0,34054576558992267
2,286147199782532; 0,8481686445884407; 0,5154268951155245; 0,6334314243867993; 0,5202528680674732; 0,31444140896201134; 0,2918274961411953; 0,6758635258302093; 0,32618248276412487; 0,9826281224377453; 0,09564575320109725
0,9312036249605793; 0,6205690875649452; 0,7871847716160119; 0,3700705813243985; 0,6516534816473722; 0,8303295890800655; 0,23237632913514972; 0,5113579607568681; 0,6956121064722538; 0,8945670439861715; 0,21366811031475663
2,7284056569819968; 0,9621128886938095; 0,8452928499318659; 0,18097933195531368; 0,5621220013126731; 0,06266015907749534; 0,8807707689702511; 0,4216228979639709; 0,8649842711165547; 0,6205785907804966; 0,6801670813001692
1,961732707970946; 0,7468765778467059; 0,12162694428116083; 0,4393840907141566; 0,1455253935419023; 0,0008898894302546978; 0,03753939550369978; 0,6387121328152716; 0,561894862446934; 0,36227917624637485; 0,7099436917342246
-0,2553266826134621; 0,013940961100161076; 0,3076061033643782; 0,8757446706295013; 0,6336682219989598; 0,1726555754430592; 0,5977875869721174; 0,9929519342258573; 0,6125144632533193; 0,16193719021975994; 0,9549881340935826
1,4421308599557459; 0,605200236197561; 0,41469556838274; 0,9000364639796317; 0,7613491658121347; 0,1712779374793172; 0,04384462954476476; 0,6665174970403314; 0,3418070520274341; 0,7275820830836892; 0,47871587611734867
2,232273086391125; 0,83838583342731; 0,5201397556811571; 0,15734747610986233; 0,23104515066370368; 0,937276158016175; 0,33356904052197933; 0,25904481112957; 0,3411127389408648; 0,20073421904817224; 0,2550379578024149
0,3203481835207526; 0,5225929473526776; 0,2930497885681689; 0,38582123070955276; 0,4483693824149668; 0,6990673444233835; 0,8278639046475291; 0,5940153594128788; 0,6573268477804959; 0,6686447258107364; 0,056549583561718464
-0,14865691535296882; 0,11486173933371902; 0,5045437575317919; 0,2838612189516425; 0,590999593026936; 0,7174748885445297; 0,4744641385041177; 0,4132571378722787; 0,6355686015449464; 0,4676114208996296; 0,7415013746358454
0,3912522643313485; 0,5543526625260711; 0,5454936902970076; 0,3389006992802024; 0,45094815036281943; 0,6843880624510348; 0,05851438548415899; 0,28488804679363966; 0,6946224384009838; 0,7484631570987403; 0,40568224620074034
1,4486380766424811; 0,36495054280385375; 0,4792144475504756; 0,11747933505102992; 0,6803764649666846; 0,5987353879027069; 0,5492844670079648; 0,039195763412863016; 0,8001397899352014; 0,38270036363974214; 0,008904362563043833
1,4578850500009404; 0,30027121352031827; 0,18690072186291218; 0,545677627902478; 0,7059858245775104; 0,0479364232160151; 0,9012642507441342; 0,8757934747263789; 0,5586757049895823; 0,680132448207587; 0,509780730586499
2,1926079052386434; 0,7654816550202668; 0,4009093698114157; 0,12787544215098023; 0,6418868969194591; 0,8204881278797984; 0,7274760552681983; 0,47576686134561896; 0,2819879655726254; 0,7798105129040778; 0,632962463889271
1,8544020230395026; 0,5204808837734163; 0,30536996526643634; 0,5158159453421831; 0,40805285796523094; 0,1166587034240365; 0,21125700511038303; 0,8433250114321709; 0,05659438902512193; 0,9749259185045958; 0,4084876966662705
2,1110011781963016; 0,6198638388887048; 0,4686317858286202; 0,16707524890080094; 0,8382703489623964; 0,20309630874544382; 0,5262158941477537; 0,5312241176143289; 0,5913488189689815; 0,33072696067392826; 0,3848763294517994
0,7748789648870353; 0,0913496408611536; 0,5803921688348055; 0,582334769424051; 0,8038135776296258; 0,8052323395386338; 0,9966036817058921; 0,9574138359166682; 0,054557831492275; 0,8696375656872988; 0,16864735865965486
0,40307079162160786; 0,08833421533927321; 0,6518471133895218; 0,48900774493813515; 0,20902247494086623; 0,7907862109132111; 0,5914962543174624; 0,588478627614677; 0,6952390149235725; 0,9902147301472723; 0,037178666330873966
2,3314281148655853; 0,6671245284378529; 0,7583324923180044; 0,7964959028176963; 0,902746475301683; 0,032714725006371737; 0,8557029464282095; 0,16071968199685216; 0,11399006424471736; 0,915864089038223; 0,28933547670021653
0,8711082261553496; 0,26705671241506934; 0,1660527139902115; 0,4380446425639093; 0,7105867811478674; 0,12400898803025484; 0,15024663787335157; 0,29181254375725985; 0,7138628349639475; 0,3146342085674405; 0,765349430963397
0,7085080729760386; 0,1577466898597777; 0,38332354137673974; 0,4270680518820882; 0,7521973750554025; 0,9744977820664644; 0,5659000016748905; 0,3745541297830641; 0,11811656132340431; 0,13681280240416527; 0,2701752972789109
0,30513731324268933; 0,05367212975397706; 0,9545909273438156; 0,8993499861098826; 0,9519017809070647; 0,08331235870718956; 0,8802245012484491; 0,8484225482679904; 0,3349403855390847; 0,8742065727710724; 0,5543916956521571
0,9104477852496858; 0,766917479224503; 0,39238147297874093; 0,8516364516690373; 0,20276901172474027; 0,32221107883378863; 0,6839311658404768; 0,3209791649132967; 0,1441892208531499; 0,5830416330136359; 0,5416998881846666
1,942076650208947; 0,5197556251659989; 0,9263146677985787; 0,4077047659084201; 0,5190381682477891; 0,4590228861197829; 0,5622704764828086; 0,11538851819932461; 0,3919603079557419; 0,017646443098783493; 0,05012837238609791
1,773243258906171; 0,2529711611568928; 0,5990503155626357; 0,7428264864720404; 0,10909845307469368; 0,3115945332683623; 0,04773251432925463; 0,9878469649702311; 0,5369888106361032; 0,8850146736949682; 0,18726260494440794
1,6840203503303617; 0,807557221967727; 0,5284368600696325; 0,9029085324145854; 0,29272983269765973; 0,3942554327659309; 0,8712595794349909; 0,0663304552435875; 0,8495808006264269; 0,8280667453072965; 0,3576422589831054
2,2230927561656313; 0,5781065500341356; 0,7291919221170247; 0,5316154095344245; 0,6258969237096608; 0,7693198267370462; 0,10969932889565825; 0,16652320884168148; 0,362590117380023; 0,032504003029316664; 0,7460289602167904
0,8452082123025888; 0,6187273575924337; 0,3392788483761251; 0,8101297421380877; 0,6834670645184815; 0,087864700704813; 0,5896250945515931; 0,48514325357973576; 0,43069595796987414; 0,5417614602483809; 0,5625957818701863
1,5345526843529746; 0,4963945606723428; 0,0023119966499507427; 0,05130848055705428; 0,6863000243902206; 0,3006361359730363; 0,9413386173546314; 0,9088723072782159; 0,800322683993727; 0,1992728221230209; 0,12254029838368297
1,9546754587187436; 0,6586211980320513; 0,41866517812013626; 0,2708745338022709; 0,6778514105826616; 0,8686468349769711; 0,8489542515017092; 0,3664054814726114; 0,80284906597808; 0,9332254575565457; 0,6182529819197953
1,7654754589047768; 0,6496303109452128; 0,3402354051358998; 0,5264731887727976; 0,2174907997250557; 0,8801917182281613; 0,47852843394503; 0,7944964421913028; 0,5908833355642855; 0,8423489164561033; 0,667721170000732
1,0215968714924886; 0,25615274952724576; 0,96257863054052; 0,0012907390482723713; 0,8334625293500721; 0,05381389707326889; 0,6539900372736156; 0,008355823811143637; 0,22318059485405684; 0,004516182001680136; 0,9710163976997137
2,4540344101349536; 0,9001815072260797; 0,8030338529497385; 0,950394713319838; 0,6864606481976807; 0,85499775595963; 0,5395723497495055; 0,068308818154037; 0,3774919514544308; 0,7011995008215308; 0,197010001167655
2,470123498998661; 0,7757866433821619; 0,7412194921635091; 0,002066458575427532; 0,29042290756478906; 0,2633259152062237; 0,9821219793520868; 0,7567676664330065; 0,25926294922828674; 0,29152979189530015; 0,8264290913939476
1,7586133360053466; 0,8086276571266353; 0,4592745713889599; 0,19885037327185273; 0,4022415457293391; 0,722220272757113; 0,33484510611742735; 0,34593124547973275; 0,9558299952186644; 0,3422485636547208; 0,7576659475453198
2,362934188294401; 0,932835184969008; 0,5671960040926933; 0,16707640327513218; 0,34928944846615195; 0,7712850361131132; 0,790054926648736; 0,8033021269366145; 0,8029038473032415; 0,6204654308967292; 0,35944719379767776
1,256965261441031; 0,7224089312367141; 0,17644547624513507; 0,01662077521905303; 0,4878781368024647; 0,7289082654751837; 0,7968434430658817; 0,7719797068275511; 0,5847554560750723; 0,8887798595242202; 0,7779984548687935
1,0052142624468563; 0,00779370404779911; 0,00014461716637015343; 0,8585207187570632; 0,289849950466305; 0,7348621673882008; 0,9670321862213314; 0,424819169100374; 0,7304133246652782; 0,9757433822378516; 0,4593355655670166
0,030009849277347775; 0,1197986020706594; 0,2812460889108479; 0,9222015328705311; 0,13061385368928313; 0,40030961157754064; 0,8624896295368671; 0,6041987533681095; 0,7689746702089906; 0,4632016597315669; 0,789349127560854
0,4074208459123396; 0,21248521469533443; 0,18589997803792357; 0,9795611896552145; 0,6515602120198309; 0,7295863190665841; 0,17930791480466723; 0,9484867071732879; 0,1911021233536303; 0,7343082893639803; 0,6834318502806127
1,442145452240215; 0,8609210629947484; 0,5481839450076222; 0,9172194502316415; 0,93408781895414; 0,09825027687475085; 0,22684783628210425; 0,6500096856616437; 0,2915595471858978; 0,39397840667515993; 0,7968731471337378
1,286030878396246; 0,3330345922149718; 0,010158644523471594; 0,7260508621111512; 0,551058248616755; 0,8398883482441306; 0,10293107712641358; 0,3126977002248168; 0,29774198634549975; 0,5531572792679071; 0,35380128398537636
1,3935225735567276; 0,42601281637325883; 0,8991940664127469; 0,7158715752884746; 0,475982922129333; 0,4244547486305237; 0,028725665993988514; 0,6692514079622924; 0,007898698560893536; 0,14844837691634893; 0,957221819087863
2,4173650210811797; 0,9967052657157183; 0,8171996190212667; 0,9517079317010939; 0,3938049958087504; 0,8549144403077662; 0,5793875548988581; 0,49645151756703854; 0,5980683243833482; 0,619733099360019; 0,6211639679968357
1,6426954555851006; 0,35262668738141656; 0,10577705968171358; 0,6981557384133339; 0,03841483499854803; 0,49644992919638753; 0,7660730071365833; 0,6461490481160581; 0,0017989338375627995; 0,7660317644476891; 0,9171688216738403
1,3501423419917575; 0,12264842679724097; 0,6898122364655137; 0,6323155905120075; 0,09072545357048512; 0,15022883424535394; 0,16664463840425014; 0,4387992573902011; 0,6599425612948835; 0,14509629225358367; 0,27404186548665166
2,2119723093617725; 0,6192119712941349; 0,7212728871963918; 0,7058704164810479; 0,8093592217192054; 0,4586570393294096; 0,901944694109261; 0,8012452214024961; 0,5708290454931557; 0,6993970279581845; 0,4800074058584869
1,0932326430421935; 0,2675902722403407; 0,847358294762671; 0,21657839510589838; 0,261654210742563; 0,001582625787705183; 0,7303736503235996; 0,0010752775706350803; 0,6134185418486595; 0,6311418428085744; 0,8329521114937961
0,6245023629874299; 0,9044311554171145; 0,24075106997042894; 0,035627526231110096; 0,24558432400226593; 0,6233105873689055; 0,6792947887443006; 0,32060427498072386; 0,601281922776252; 0,5514519498683512; 0,07533715898171067
0,5869772128661352; 0,8453653417527676; 0,1741468464024365; 0,9953352543525398; 0,6543022110126913; 0,1937351138330996; 0,7289717402309179; 0,21306346310302615; 0,5757208168506622; 0,4021193664520979; 0,1996439010836184
2,1843507430457216; 0,3725805068388581; 0,8673087786883116; 0,20022443169727921; 0,868425321765244; 0,5433554099872708; 0,41959804203361273; 0,34111730055883527; 0,006552443373948336; 0,25508481729775667; 0,48897450556978583
0,6179523435362297; 0,6915265037678182; 0,8539809654466808; 0,9495161036029458; 0,8920806716196239; 0,4173965905793011; 0,2600901145488024; 0,16419826494529843; 0,20495754713192582; 0,5433723828755319; 0,38781474344432354
1,546827697163975; 0,054871374275535345; 0,9776756996288896; 0,6350810658186674; 0,9963904470205307; 0,5667453985661268; 0,17285277927294374; 0,1706929630599916; 0,3097439669072628; 0,43631414137780666; 0,26363958418369293
1,6701219199574961; 0,9890922084450722; 0,911647533532232; 0,08366350317373872; 0,7213358664885163; 0,9253767253831029; 0,034133327193558216; 0,2942171171307564; 0,7215363215655088; 0,4980065985582769; 0,5649266713298857
-0,11328541060147101; 0,3341385219246149; 0,3472467348910868; 0,8005362330004573; 0,6420656000263989; 0,6289136842824519; 0,8159064706414938; 0,38296233816072345; 0,20816902164369822; 0,590057319495827; 0,7422345345839858
2,2761551319662416; 0,5767901022918522; 0,9493242059834301; 0,03923112666234374; 0,6758777345530689; 0,48181883431971073; 0,7453728001564741; 0,9253106731921434; 0,4489310700446367; 0,79236771306023; 0,9500020975247025
-0,5296353265538509; 0,08788540260866284; 0,04939545691013336; 0,010036065708845854; 0,41980454279109836; 0,502682136837393; 0,6420469097793102; 0,17007507663220167; 0,5122158518061042; 0,4854667643085122; 0,1881435108371079
0,07035942033828951; 0,29116204008460045; 0,7995832967571914; 0,5539689846336842; 0,9295833120122552; 0,9168302905745804; 0,6745309322141111; 0,6533037149347365; 0,5098157161846757; 0,7633209275081754; 0,11869718879461288
0,24615729945532544; 0,3056655297987163; 0,8363128514029086; 0,3631960256025195; 0,33231259183958173; 0,1048597670160234; 0,03553287638351321; 0,5282601551152766; 0,25552064878866076; 0,6049220790155232; 0,33784561417996883
1,3830356741587093; 0,1926813987083733; 0,24361678818240762; 0,27186870155856013; 0,9774923492223024; 0,34095898177474737; 0,5180092798545957; 0,03501562541350722; 0,08334203436970711; 0,04566630348563194; 0,4229541686363518
1,5149202956474928; 0,8214625837281346; 0,41257365280762315; 0,898083820939064; 0,7392012267373502; 0,20321755344048142; 0,6812896272167563; 0,053487919736653566; 0,3262834567576647; 0,3359925118274987; 0,7479742802679539
0,7734845501528524; 0,22411882458254695; 0,31326161976903677; 0,10814077453687787; 0,48929095081984997; 0,7307909182272851; 0,3933923617005348; 0,025638287886977196; 0,4175079967826605; 0,46898747934028506; 0,7131607388146222
-0,32739063998148676; 0,19284385116770864; 0,33089554589241743; 0,31737463269382715; 0,41815093206241727; 0,6645919508300722; 0,32811451237648726; 0,9760211631655693; 0,8023675512522459; 0,4470115676522255; 0,854386854916811
2,0919215719816444; 0,7786763836629689; 0,20482745859771967; 0,24129390344023705; 0,1861676573753357; 0,3249086928553879; 0,10398030281066895; 0,05154432635754347; 0,4044263521209359; 0,3599434047937393; 0,7068196348845959
0,9131678779290846; 0,15746241807937622; 0,04689634218811989; 0,4777851440012455; 0,3692980878986418; 0,04783299146220088; 0,039188272785395384; 0,9400603431276977; 0,9870596341788769; 0,024048503953963518; 0,30314808478578925
0,8807790494926448; 0,5143043100833893; 1,4426186680793762E-06; 0,2743204450234771; 0,8234961815178394; 0,10214143805205822; 0,1089559905230999; 0,5771374208852649; 0,7659098017029464; 0,9395294422283769; 0,8088322463445365
1,0892689847622892; 0,6518569970503449; 0,9646389810368419; 0,18231273209676147; 0,6098020887002349; 0,23267902480438352; 0,3501662779599428; 0,09042387222871184; 0,3343035248108208; 0,9078869987279177; 0,5754253980703652
1,9493560787348925; 0,7086287867277861; 0,2748600011691451; 0,9561471990309656; 0,12407518737018108; 0,9366901242174208; 0,2537341839633882; 0,5174307595007122; 0,5021973578259349; 0,22079489566385746; 0,8608122183941305
1,4429938159957145; 0,9204467656090856; 0,9189228219911456; 0,889362521469593; 0,8099750173278153; 0,21169911557808518; 0,1568147107027471; 0,6253786161541939; 0,7283881837502122; 0,010518362745642662; 0,00986206391826272
1,176084879369566; 0,39247276494279504; 0,3873106064274907; 0,9168895846232772; 0,8535301499068737; 0,4671589997597039; 0,1393084144219756; 0,011790756601840258; 0,874099176377058; 0,0830465592443943; 0,48144225450232625
0,007329494438499062; 0,36275004921481013; 0,6419069585390389; 0,6456174333579838; 0,13122733775526285; 0,5842269002459943; 0,5654609478078783; 0,052247968036681414; 0,9255743338726461; 0,030032227281481028; 0,5295589021407068
0,5357060700088955; 0,539171701297164; 0,9572458039037883; 0,44801768381148577; 0,4855658207088709; 0,8114401586353779; 0,29024113854393363; 0,6965182167477906; 0,7474424373358488; 0,6433039922267199; 0,5242190258577466
-0,24666480526961843; 0,30302381981164217; 0,19407768454402685; 0,9073634636588395; 0,9681834932416677; 0,17704648850485682; 0,39521856838837266; 0,7931652860715985; 0,9181500491686165; 0,3153445958159864; 0,362311027944088
2,3182380437952363; 0,9430260015651584; 0,27283376501873136; 0,7754327361471951; 0,598846634849906; 0,22539018699899316; 0,7444736696779728; 0,43682098807767034; 0,5290257004089653; 0,15288142813369632; 0,21573463641107082
0,9356838211590738; 0,7699379613623023; 0,19655656954273582; 0,05336786760017276; 0,9077631048858166; 0,9739123894833028; 0,28121591033414006; 0,024231949355453253; 0,9645342510193586; 0,6104439049959183; 0,2078051301650703
1,261413380291061; 0,5747833657078445; 0,22604499850422144; 0,5795624074526131; 0,20483830198645592; 0,5621832683682442; 0,2746931416913867; 0,1365358210168779; 0,579864326864481; 0,2607085406780243; 0,5914751775562763
-0,5548069322764222; 0,07830104045569897; 0,05678460467606783; 0,6397154363803566; 0,38757555466145277; 0,16870329389348626; 0,43554858257994056; 0,9370842752978206; 0,2979843751527369; 0,9054929525591433; 0,538148382678628
0,12320042793007865; 0,2534681251272559; 0,2852142001502216; 0,8605909026227891; 0,4594684839248657; 0,18135961284860969; 0,47401134110987186; 0,8507983037270606; 0,31265475787222385; 0,07639012718573213; 0,6723144641146064
-0,5031872917260432; 0,10621411679312587; 0,10193772707134485; 0,4789187125861645; 0,19401658745482564; 0,6789439022541046; 0,45195608073845506; 0,8587255417369306; 0,7012755973264575; 0,39737448655068874; 0,5538325794041157
1,7714169422452433; 0,9887254722416401; 0,4745984640903771; 0,8119948394596577; 0,4899523560889065; 0,40826299088075757; 0,9188233222812414; 0,8280105912126601; 0,7641644407995045; 0,7039701361209154; 0,6178993037901819
-0,021181443435045355; 0,5342651326209307; 0,2875270927324891; 0,2762950202450156; 0,6730712600983679; 0,038629543501883745; 0,6051537641324103; 0,02693937299773097; 0,8490474028512836; 0,8034345218911767; 0,04830553010106087
1,2568272671787593; 0,12660160521045327; 0,12668988481163979; 0,5135155231691897; 0,3780660415068269; 0,02520935982465744; 0,32305261492729187; 0,49972499068826437; 0,3456964218057692; 0,9935623095370829; 0,19427076773718
1,1230080715001098; 0,12729999842122197; 0,5202848808839917; 0,6701361984014511; 0,2775417994707823; 0,8235428258776665; 0,863073687069118; 0,027244923636317253; 0,15234986785799265; 0,4102132967673242; 0,1506868968717754
1,9661561249570716; 0,9279783926904202; 0,7836715956218541; 0,7343948283232749; 0,00578344939276576; 0,5724045960232615; 0,6863943254575133; 0,09920910652726889; 0,7576730195432901; 0,10342294722795486; 0,0374049455858767
1,171931298190363; 0,24568333104252815; 0,28411197615787387; 0,6152111971750855; 0,06067680520936847; 0,10023593250662088; 0,5506834574043751; 0,8874584846198559; 0,6637823269702494; 0,9703721730038524; 0,724258707370609
0,20689875688102077; 0,8512599840760231; 0,11277118790894747; 0,716349164955318; 0,27680812450125813; 0,9958100849762559; 0,08714578254148364; 0,7062207576818764; 0,08047964703291655; 0,5064344597049057; 0,9373977272771299
0,3692849993863798; 0,05373910628259182; 0,7934408476576209; 0,40072527062147856; 0,2623314196243882; 0,25070303678512573; 0,48656787909567356; 0,7055807770229876; 0,713836575858295; 0,5243423972278833; 0,5235381089150906
1,6935087689121517; 0,20553100341930985; 0,4239878901280463; 0,19336023135110736; 0,5099433977156878; 0,35839111637324095; 0,39761061035096645; 0,3282899260520935; 0,5406892853789032; 0,17718305671587586; 0,026386608835309744
-0,10743059609022562; 0,018338724970817566; 0,8550201253965497; 0,15908079873770475; 0,14591383002698421; 0,6861429461278021; 0,3799012270756066; 0,5165311587043107; 0,4543255469761789; 0,8905930193141103; 0,5408264016732574
1,6917535709313212; 0,8281454560346901; 0,8286180775612593; 0,847332704346627; 0,8096476173959672; 0,0630392380990088; 0,7786621465347707; 0,28290275298058987; 0,6808049534447491; 0,6478212415240705; 0,8156386045739055
0,6996583596995964; 0,9807121222838759; 0,11522391904145479; 0,016951527446508408; 0,721410462167114; 0,2372708460316062; 0,8579371455125511; 0,4111269498243928; 0,634806442540139; 0,44403723115101457; 0,6484137633815408
-0,2406361763881821; 0,19032349484041333; 0,530917429830879; 0,5827760798856616; 0,7581617305986583; 0,2305323565378785; 0,9242459028027952; 0,9930628035217524; 0,5400752951391041; 0,5625796625390649; 0,6508909431286156
0,34064865147449236; 0,575257305521518; 0,04055505013093352; 0,6956944479607046; 0,07553916750475764; 0,6294220737181604; 0,6435926863923669; 0,8745274622924626; 0,47009055502712727; 0,842435518745333; 0,37574121495708823
1,4086488552503518; 0,7159275845624506; 0,43750250339508057; 0,9136630371212959; 0,05343247763812542; 0,5130680128931999; 0,947161115705967; 0,20621860679239035; 0,336015029810369; 0,09171187505126; 0,1720736976712942
1,1044654086857393; 0,30209948727861047; 0,19739113561809063; 0,9662156077101827; 0,700136021245271; 0,3035704963840544; 0,24805439915508032; 0,030738383065909147; 0,3334276550449431; 0,6847072951495647; 0,5703907296992838
1,8273522421700215; 0,4059548256918788; 0,9301775190979242; 0,028591373469680548; 0,7379792793653905; 0,7431063242256641; 0,31292276876047254; 0,8510438026860356; 0,02052863221615553; 0,3577926163561642; 0,8385219103656709
2,714226580834076; 0,9973635650239885; 0,9451865209266543; 0,40854096692055464; 0,9584154351614416; 0,5774042075499892; 0,873413790948689; 0,03112616715952754; 0,15325408056378365; 0,19882816262543201; 0,17674518609419465
0,8507088691548279; 0,5835494659841061; 0,4370741927996278; 0,43059998517856; 0,7292749523185194; 0,20568202389404178; 0,4836068279109895; 0,7934822896495461; 0,9990200521424413; 0,9670048425905406; 0,8753516525030136
1,0683282063499808; 0,15158936381340027; 0,15346396202221513; 0,7356983823701739; 0,8917207671329379; 0,7134980210103095; 0,8547799321822822; 0,8216663380153477; 0,03799752378836274; 0,5074214581400156; 0,7993895076215267
1,1675945165320074; 0,8560628849081695; 0,01516051683574915; 0,688713866751641; 0,3567222645506263; 0,7144744037650526; 0,7205186672508717; 0,45547526609152555; 0,7468499997630715; 0,2110271300189197; 0,0668283267877996
1,885259631579756; 0,7034035283140838; 0,525126816239208; 0,6232653469778597; 0,32061066944152117; 0,45362126268446445; 0,5275566531345248; 0,417545726057142; 0,6461487906053662; 0,8323649959638715; 0,236080439761281
1,3932981342949748; 0,456875273026526; 0,5015285494737327; 0,9841411653906107; 0,7264631153084338; 0,3903694390319288; 0,7628795225173235; 0,7368975812569261; 0,8116907640360296; 0,8408099804073572; 0,4580804454162717
0,48546230909899313; 0,886607626453042; 0,48071458702906966; 0,3421561527065933; 0,021800259593874216; 0,14047439536079764; 0,8515393068082631; 0,19872191734611988; 0,5760305286385119; 0,0003702421672642231; 0,16447640396654606
0,8468742217802846; 0,884909559506923; 0,7704704077914357; 0,027265675831586123; 0,9534240188077092; 0,3643440664745867; 0,45390313351526856; 0,6407590946182609; 0,8035614304244518; 0,7372284182347357; 0,3734968136996031
1,5754779582403784; 0,7391679207794368; 0,7555783079005778; 0,6433317912742496; 0,06441622925922275; 0,4881092170253396; 0,8148076767101884; 0,996743209194392; 0,011902891099452972; 0,8591243242844939; 0,7029248084872961
-0,36943124446341297; 0,09745963476598263; 0,4769234783016145; 0,8625130862928927; 0,9690138534642756; 0,47083575930446386; 0,7464876179583371; 0,059189841616898775; 0,48464673897251487; 0,2506971899420023; 0,19051940320059657
0,8558812315983543; 0,02471011597663164; 0,9600973590277135; 0,8488705395720899; 0,7797366939485073; 0,3531079404056072; 0,9125049994327128; 0,3000598275102675; 0,42570356698706746; 0,11203252244740725; 0,2284358157776296
1,7705031474499604; 0,9517687656916678; 0,2837509857490659; 0,1452431594952941; 0,7873556935228407; 0,00801121350377798; 0,3350523295812309; 0,021568323485553265; 0,2987270434387028; 0,15308663714677095; 0,3609186224639416
1,1916706484624922; 0,456211369484663; 0,946127085480839; 0,3158454685471952; 0,14268044475466013; 0,012935355305671692; 0,3562040254473686; 0,822741340380162; 0,7604618249461055; 0,7354521085508168; 0,4016705537214875
1,8989609667441987; 0,297092798165977; 0,883026123046875; 0,41588468197733164; 0,5754466685466468; 0,6731025758199394; 0,24530463013797998; 0,9304663208313286; 0,995048922020942; 0,8139391038566828; 0,5528645846061409
2,600048977900341; 0,9789793393574655; 0,8484308794140816; 0,9797220374457538; 0,20230263844132423; 0,2314976705238223; 0,457515649497509; 0,964160836301744; 0,5806070445105433; 0,7058509127236903; 0,24149739416316152
1,9668747055890445; 0,3226658725179732; 0,8279888844117522; 0,9465008033439517; 0,34807339357212186; 0,8548958748579025; 0,6909912941046059; 0,17662374721840024; 0,6801144257187843; 0,654034127946943; 0,19307281589135528
0,5133057326585794; 0,6463733683340251; 0,8350788005627692; 0,016701009590178728; 0,36208552960306406; 0,23592122737318277; 0,8301043161191046; 0,893873012624681; 0,2057788148522377; 0,13851107005029917; 0,9788617952726781
0,636199666147435; 0,7222402216866612; 0,887934707570821; 0,4141119997948408; 0,14703967422246933; 0,7235771408304572; 0,1540242489427328; 0,3356499937362969; 0,3258801572956145; 0,03815471427515149; 0,3707902505993843
-0,1752564380145667; 0,38473708694800735; 0,3365610842593014; 0,4836224736645818; 0,27340036258101463; 0,8363246265798807; 0,7766334353946149; 0,786697359289974; 0,3778007202781737; 0,48934082174673676; 0,1926018982194364
0,4414230143667782; 0,8680426343344152; 0,01246980344876647; 0,3306861207820475; 0,09166014986112714; 0,035270463675260544; 0,5096454652957618; 0,9080560323782265; 0,281242192722857; 0,4537877566181123; 0,21118795406073332
1,6729578388383737; 0,4291565902531147; 0,8143054959364235; 0,9962733285501599; 0,2925041802227497; 0,8090560380369425; 0,6741237030364573; 0,05125444196164608; 0,29233560850843787; 0,46354497177526355; 0,25378458155319095
0,5971424737778861; 0,7071040705777705; 0,28957706969231367; 0,4169039884582162; 0,9217385263182223; 0,46992585295811296; 0,24955846881493926; 0,5200247741304338; 0,8396928808651865; 0,7806306397542357; 0,8772212155163288
0,018778541270389026; 0,4005406987853348; 0,007803289219737053; 0,4846551460213959; 0,0678919143974781; 0,2243364998139441; 0,7626997889019549; 0,1771896881982684; 0,2140540205873549; 0,49616747815161943; 0,7494731293991208
-0,1720865542774478; 0,44194721756502986; 0,15350408433005214; 0,49888374051079154; 0,17180198337882757; 0,25460317311808467; 0,02538932068273425; 0,8115591104142368; 0,24018798302859068; 0,06686786934733391; 0,909306978341192
1,322953361010028; 0,2046621642075479; 0,9313964773900807; 0,0491824964992702; 0,6534659704193473; 0,7181108030490577; 0,15562951378524303; 0,5751918302848935; 0,4716878021135926; 0,4958799700252712; 0,8870258284732699
1,8639998276685656; 0,5563119347207248; 0,9515274311415851; 0,013632125686854124; 0,25326453940942883; 0,6124532823450863; 0,8300598319619894; 0,24125809129327536; 0,8221213608048856; 0,009860829915851355; 0,13162457989528775
0,15593384320073841; 0,023140839766710997; 0,38917723251506686; 0,31638260185718536; 0,8781250366009772; 0,5008424413390458; 0,9142871657386422; 0,28432769840583205; 0,8082371260970831; 0,9659522441215813; 0,4065517350099981
0,4312134227697593; 0,42295410856604576; 0,9028813391923904; 0,3318244148977101; 0,6372917173430324; 0,9803641960024834; 0,023421810008585453; 0,7588618379086256; 0,29895517602562904; 0,4938608268275857; 0,5494293021038175
0,46527236651620946; 0,41064742114394903; 0,4032436669804156; 0,4532831124961376; 0,7623598505742848; 0,6675019362010062; 0,10833151778206229; 0,24003108497709036; 0,6868369583971798; 0,0579396435059607; 0,7822874099947512
1,4235089154292815; 0,38262467132881284; 0,41913916962221265; 0,8015300370752811; 0,1025945395231247; 0,9015248366631567; 0,9069082709029317; 0,678881284315139; 0,6703173611313105; 0,11817310471087694; 0,6865999125875533
1,729898947955512; 0,35432503931224346; 0,24245330225676298; 0,14829481672495604; 0,6393440240062773; 0,31528066378086805; 0,8956499537453055; 0,457495569717139; 0,7152074449695647; 0,3383627380244434; 0,9726184830069542
0,8721654177015163; 0,49625141080468893; 0,46378175588324666; 0,8398506552912295; 0,7650471841916442; 0,9309872421436012; 0,29100480675697327; 0,6180018610320985; 0,5505900634452701; 0,7951842923648655; 0,4806276620365679
1,7341013895174116; 0,31247586803510785; 0,3470675144344568; 0,10790104838088155; 0,19893675297498703; 0,5584487253800035; 0,1129442285746336; 0,9870564863085747; 0,6337267197668552; 0,6212102128192782; 0,8044471507892013
0,9002986582353021; 0,3008087556809187; 0,19176898198202252; 0,5771052045747638; 0,8749663587659597; 0,6126188677735627; 0,07179713202640414; 0,4099719123914838; 0,34917145036160946; 0,3758419081568718; 0,4729236145503819
0,9370351161380899; 0,5598054300062358; 0,8009309847839177; 0,08008893160149455; 0,8800219837576151; 0,08091078838333488; 0,5927426633425057; 0,5254844906739891; 0,18582097627222538; 0,5587355038151145; 0,9651098260655999
1,4702592151578886; 0,25425198627635837; 0,8772307788021863; 0,14086894830688834; 0,3511081379838288; 0,6768054384738207; 0,8640447109937668; 0,5253938687965274; 0,8081458224914968; 0,48016885202378035; 0,21418828330934048
0,5910277968376259; 0,6928926091641188; 0,41967971762642264; 0,4501970177516341; 0,9270546524785459; 0,3391079818829894; 0,735834498424083; 0,8067766260355711; 0,7228454374708235; 0,5696663744747639; 0,8163136574439704
0,22028361899300464; 0,3465132713317871; 0,5090823867358267; 0,7442134371958673; 0,6253491244278848; 0,3147521195933223; 0,28934294637292624; 0,8247464736923575; 0,7662622253410518; 0,03400349197909236; 0,8143297070637345
1,4786109874574431; 0,08690128521993756; 0,615389259532094; 0,21500002313405275; 0,34512034617364407; 0,7139366883784533; 0,48325158609077334; 0,11407601833343506; 0,5451539866626263; 0,09633430978283286; 0,8196769496425986
1,8102782259861643; 0,42944056168198586; 0,6216347315348685; 0,8015813315287232; 0,68080043932423; 0,7392112943343818; 0,22354710986837745; 0,3402294763363898; 0,7469542804174125; 0,8974963212385774; 0,05864265002310276
0,9774577490476622; 0,577087459154427; 0,9328950550407171; 0,0992750427685678; 0,06196224084123969; 0,48469324596226215; 0,012075298931449652; 0,2949547739699483; 0,6356227737851441; 0,47137910639867187; 0,7575373370200396
1,0071344123880368; 0,6017297371290624; 0,9754261169582605; 0,8883610041812062; 0,30304492404684424; 0,5038634887896478; 0,8287413655780256; 0,42184770619496703; 0,5169079387560487; 0,923171027097851; 0,4835897390730679
1,3037908116432972; 0,8753727921284735; 0,7687027137726545; 0,5573080414906144; 0,563302377704531; 0,7011234145611525; 0,22912440355867147; 0,9109534732997417; 0,8617171328514814; 0,5318562984466553; 0,54945585783571
0,9135605961618161; 0,7702083899639547; 0,8254650169983506; 0,40289194555953145; 0,6340880114585161; 0,022918407805263996; 0,35433016857132316; 0,1387842814438045; 0,11459743604063988; 0,9637639569118619; 0,027157326228916645
1,20826511829335; 0,11918908171355724; 0,6892961915582418; 0,5549815068952739; 0,08683087676763535; 0,06972543569281697; 0,047016078140586615; 0,09440209250897169; 0,8581759119406343; 0,025400844868272543; 0,2626263680867851
-0,27163609680095757; 0,061497194692492485; 0,3712602034211159; 0,36648769211024046; 0,7721540224738419; 0,22591962479054928; 0,19364155316725373; 0,9866628921590745; 0,40115358028560877; 0,9414380686357617; 0,32720034942030907
1,5296077095927987; 0,005952521692961454; 0,9677817174233496; 0,0920036700554192; 0,3679464804008603; 0,434861124958843; 0,6102189933881164; 0,901041460223496; 0,2056328896433115; 0,7635542014613748; 0,8909869100898504
-0,12530731861010802; 0,3406848553568125; 0,251439212821424; 0,2516025514341891; 0,09609895758330822; 0,967687658034265; 0,2728442191146314; 0,3028962202370167; 0,602596053853631; 0,7494442006573081; 0,19721415964886546
0,605484911160795; 0,16878971690312028; 0,6721300017088652; 0,8054458471015096; 0,10006734263151884; 0,6103937793523073; 0,7062073084525764; 0,9616624675691128; 0,12212337413802743; 0,5846193502657115; 0,43950184155255556
2,6116817204010068; 0,9812186784110963; 0,9986421018838882; 0,15330802043899894; 0,3100517923012376; 0,2351234657689929; 0,9775942508131266; 0,14129939069971442; 0,5925242700614035; 0,13774944050237536; 0,769683436024934
0,041524680137800585; 0,5076196505688131; 0,41765438951551914; 0,3358034989796579; 0,8739943359978497; 0,7683482090942562; 0,9542168686166406; 0,10111226793378592; 0,21797911170870066; 0,3812078842893243; 0,6579173868522048
1,8151358676113545; 0,6385496747680008; 0,9929759060032666; 0,16324314242228866; 0,9192745657637715; 0,9641166999936104; 0,5853666071780026; 0,9336066362448037; 0,6623094128444791; 0,8670703391544521; 0,6126044625416398
1,4364581518976776; 0,4569587418809533; 0,708370250184089; 0,6684912974014878; 0,66740932315588; 0,029073454439640045; 0,05139694642275572; 0,7120315995998681; 0,7748963264748454; 0,29099203553050756; 0,022773855831474066
0,26990117534735225; 0,5567528335377574; 0,7040114202536643; 0,052191407419741154; 0,6763630788773298; 0,09670051420107484; 0,484905160497874; 0,5772220985963941; 0,05647356528788805; 0,11445686873048544; 0,4568262631073594
0,5898996194680681; 0,754359713755548; 0,4048937796615064; 0,07330184523016214; 0,9505338612943888; 0,8744185585528612; 0,5071204141713679; 0,5482783718034625; 0,8093366399407387; 0,8703882046975195; 0,7898308630101383
0,37667877120875437; 0,6015513865277171; 0,8280137022957206; 0,5134121612645686; 0,8547919695265591; 0,7202668450772762; 0,6842111693695188; 0,3531467244029045; 0,1127865076996386; 0,7435984965413809; 0,320986095815897
1,6024188373185633; 0,21765216579660773; 0,8363520670682192; 0,5463572540320456; 0,7262211674824357; 0,30782270478084683; 0,2559125404804945; 0,22917563514783978; 0,8075717431493104; 0,9163413750939071; 0,6936590219847858
2,050621276169467; 0,8176483209244907; 0,968358535785228; 0,7186596188694239; 0,6029813424684107; 0,7554337736219168; 0,017666767816990614; 0,3887612381950021; 0,11824644403532147; 0,9965233001857996; 0,8312126905657351
0,5557063108612579; 0,597059546969831; 0,6742223319597542; 0,7018823581747711; 0,20782755548134446; 0,4202415095642209; 0,038124922662973404; 0,8079319726675749; 0,3517235121689737; 0,5889714248478413; 0,5445781997404993
2,630923509553262; 0,8784155328758061; 0,9323972654528916; 0,3064231276512146; 0,5587275666184723; 0,5681203058920801; 0,94557776581496; 0,18889299407601357; 0,971467605791986; 0,9198185931891203; 0,5703452955931425
-0,12797445793205642; 0,47619540290907025; 0,06621332326903939; 0,2009431659244001; 0,6904593310318887; 0,9644971219822764; 0,4894080087542534; 0,775704181753099; 0,47022428177297115; 0,7673523984849453; 0,9675930310040712
0,9762869488026105; 0,5826196256093681; 0,9132147980853915; 0,6418942548334599; 0,9486642624251544; 0,3248017327859998; 0,9718518434092402; 0,7688273438252509; 0,9157131663523614; 0,533418929670006; 0,16658907709643245
0,8065360575610317; 0,3820379595272243; 0,9190452350303531; 0,07064529741182923; 0,08229322033002973; 0,1103345793671906; 0,7647119211032987; 0,4964409228414297; 0,8857839335687459; 0,03149159858003259; 0,915555106010288
1,7210829653511075; 0,13957012118771672; 0,8336844244040549; 0,6396454181522131; 0,27619880624115467; 0,6954953377135098; 0,021196092944592237; 0,34725782787427306; 0,7188789369538426; 0,32889320608228445; 0,22622203035280108
0,7377720172404254; 0,3062611906789243; 0,7072339681908488; 0,4501223135739565; 0,030652146320790052; 0,4408200606703758; 0,6807226757518947; 0,017215052619576454; 0,7694816687144339; 0,47342105209827423; 0,7870453665964305
2,1762012702214326; 0,5544957472011447; 0,6842681709676981; 0,27755453111603856; 0,31667980970814824; 0,279347260016948; 0,5389201771467924; 0,6262255953624845; 0,49980777129530907; 0,137807697057724; 0,12470261659473181
2,0067010697729883; 0,23459742357954383; 0,848369013518095; 0,7562939990311861; 0,7270350540056825; 0,9483317960985005; 0,37094737496227026; 0,48666537180542946; 0,19146838737651706; 0,9293044772930443; 0,006786821875721216
2,5893164760358656; 0,8016087575815618; 0,8620676686987281; 0,02984526287764311; 0,8780424864962697; 0,6107119992375374; 0,7617654949426651; 0,8524737870320678; 0,003977010492235422; 0,13102261442691088; 0,9797367947176099
1,206602910058371; 0,9889314793981612; 0,8440444744192064; 0,677617717999965; 0,8395408424548805; 0,4981567310169339; 0,24105360684916377; 0,3220951408147812; 0,8911030194722116; 0,6338941943831742; 0,20263869781047106
1,4545138515137275; 0,7773150415159762; 0,8491404466331005; 0,30341268982738256; 0,4940064689144492; 0,28243973245844245; 0,6048956573940814; 0,7069375459104776; 0,44874421460554004; 0,33315553795546293; 0,11453768564388156
1,7545223289768974; 0,4025693922303617; 0,07689141063019633; 0,045132702216506004; 0,5231265239417553; 0,5848553371615708; 0,9932060530409217; 0,6060015996918082; 0,26131966477259994; 0,11968135740607977; 0,9649971397593617
1,7950704414931717; 0,48427242832258344; 0,09257735358551145; 0,0758414133451879; 0,709664907772094; 0,019000571686774492; 0,5422772979363799; 0,7901485948823392; 0,10915151704102755; 0,9649187289178371; 0,912890434730798
-0,309382801148782; 0,10318151442334056; 0,5424617929384112; 0,35653432784602046; 0,16416628006845713; 0,3826024830341339; 0,11092363018542528; 0,41403329046443105; 0,4552875766530633; 0,5211733672767878; 0,6985623789951205
-0,4159364310681113; 0,16839753091335297; 0,19667024817317724; 0,9183898866176605; 0,9961731778457761; 0,2074718875810504; 0,7554986570030451; 0,9669195478782058; 0,13279735576361418; 0,9461172218434513; 0,43844935577362776
0,5503908414458538; 0,7746760537847877; 0,12293447414413095; 0,2890051840804517; 0,7851525847800076; 0,530185351613909; 0,35951337683945894; 0,9557816674932837; 0,7595708798617125; 0,5793174332939088; 0,5034028948284686
0,04789620612705478; 0,020242543425410986; 0,37457033386453986; 0,7281061839312315; 0,7611413737758994; 0,7008265433833003; 0,9509424939751625; 0,38212702330201864; 0,4465831113047898; 0,5398243912495673; 0,9942763731814921
1,8953422758921517; 0,028295920230448246; 0,9362780237570405; 0,9176051327958703; 0,3240127912722528; 0,6486628227867186; 0,21247678343206644; 0,6151634245179594; 0,35271529434248805; 0,5418567191809416; 0,6045769029296935
1,0246971711191544; 0,860172382555902; 0,8559060115367174; 0,9116231529042125; 0,37294466560706496; 0,12985024694353342; 0,1225498546846211; 0,9639182253740728; 0,38388891983777285; 0,6732431808486581; 0,2833532579243183
2,469673225375071; 0,6460661250166595; 0,949931456707418; 0,5752588859759271; 0,5800391118973494; 0,07884734822437167; 0,5749305528588593; 0,1271399543620646; 0,3672693748958409; 0,19121409812942147; 0,8400157690048218
1,303257494052998; 0,5906666191294789; 0,8893028786405921; 0,28784635895863175; 0,7696242914535105; 0,9858409990556538; 0,33087039925158024; 0,6237210128456354; 0,4163849907927215; 0,5883752023801208; 0,36143002146854997
0,15419494253209787; 0,6392396306619048; 0,03200307535007596; 0,37806579284369946; 0,032408719416707754; 0,5148627511225641; 0,002589473035186529; 0,1527888998389244; 0,44338249135762453; 0,5112402904778719; 0,8111148006282747
0,2463466881575767; 0,00032732216641306877; 0,49206444481387734; 0,9832593742758036; 0,11016947776079178; 0,7112841703929007; 0,4544695420190692; 0,22541906964033842; 0,5222870954312384; 0,5249111722223461; 0,19679904030635953
1,1952486448429522; 0,6397407245822251; 0,5098970257677138; 0,0030827894806861877; 0,22635398944839835; 0,6709791547618806; 0,4235839266330004; 0,24097187351435423; 0,5870272647589445; 0,09109635557979345; 0,01889403909444809
1,297538263878047; 0,7282725502736866; 0,09282799018546939; 0,5651806024834514; 0,14513583574444056; 0,12454634951427579; 0,08476827340200543; 0,9710898296907544; 0,8803278347477317; 0,9242349416017532; 0,38421185268089175
0,57532720470694; 0,31369455670937896; 0,3448890242725611; 0,38140817172825336; 0,8747317804954946; 0,9874350028112531; 0,93997523188591; 0,5577015527524054; 0,14024763740599155; 0,6045809336937964; 0,477461458183825
1,158162173499171; 0,8453205223195255; 0,7568218181841075; 0,45815904485061765; 0,84592289570719; 0,21631251787766814; 0,05661986907944083; 0,20812181802466512; 0,6224907916039228; 0,6640645684674382; 0,3187849894165993
1,5202289681928192; 0,3714545238763094; 0,11518723424524069; 0,7178114363923669; 0,22244365327060223; 0,8559839152731001; 0,12865862110629678; 0,5210830415599048; 0,17465454200282693; 0,9740376444533467; 0,6513715796172619
0,8266833098788197; 0,05701920855790377; 0,5740494290366769; 0,7489733565598726; 0,10384966572746634; 0,8270462113432586; 0,9033564985729754; 0,7347807167097926; 0,03162973280996084; 0,06590467970818281; 0,8928236071951687
1,8452656432671786; 0,5481634237803519; 0,2600906784646213; 0,6705906018614769; 0,808286938816309; 0,8752617998979986; 0,03136393567547202; 0,98734409827739; 0,4281617011874914; 0,018164140172302723; 0,21555685251951218
0,29416824766273253; 0,8698388943448663; 0,3230981398373842; 0,3949428452178836; 0,15493199694901705; 0,588576169218868; 0,43955974746495485; 0,7652241103351116; 0,6596055566333234; 0,3473320393823087; 0,1242365357466042
0,49287027918169546; 0,9417721480131149; 0,5311985528096557; 0,53170105535537; 0,9691398818977177; 0,7132363975979388; 0,8283389406278729; 0,6876882645301521; 0,516733955591917; 0,529618910048157; 0,1370475199073553
1,9443104830935873; 0,9433451336808503; 0,18992633372545242; 0,12480998830869794; 0,5633477750234306; 0,596831074450165; 0,3145655319094658; 0,822608548682183; 0,9998751683160663; 0,16295258374884725; 0,26058114878833294
0,2549691386398659; 0,13879484869539738; 0,38555719051510096; 0,9394948747940361; 0,09886484779417515; 0,4838491468690336; 0,5256628599017859; 0,38704936672002077; 0,014115939382463694; 0,5843822523020208; 0,6122015551663935
1,204956541417347; 0,3250164953060448; 0,7249038191512227; 0,9876460810191929; 0,6634498494677246; 0,3483457826077938; 0,48343064123764634; 0,20567845506593585; 0,1354506341740489; 0,07499492727220058; 0,4745130818337202
1,2977215094413737; 0,4626179444603622; 0,20170807326212525; 0,7183376308530569; 0,014316882006824017; 0,02261849632486701; 0,18110062321648002; 0,7456765277311206; 0,9343907665461302; 0,7195160598494112; 0,4502879208885133
0,830065168103842; 0,9080878631211817; 0,6518476880155504; 0,5601518792100251; 0,8005127254873514; 0,8991120411083102; 0,7315360051579773; 0,021313034929335117; 0,7307468662038445; 0,23484533233568072; 0,6611841726116836
-0,5755388425669853; 0,045897604431957006; 0,12632819591090083; 0,9182990547269583; 0,3438737075775862; 0,6751078208908439; 0,20421786280348897; 0,4500869079492986; 0,4177839462645352; 0,35155948158353567; 0,3136210064403713
2,0992424651245227; 0,8981873253360391; 0,06624758429825306; 0,713975930120796; 0,6725980280898511; 0,2053215866908431; 0,5354946772567928; 0,028776677791029215; 0,8191932635381818; 0,6087419935502112; 0,6390088540501893
0,792228282748606; 0,2906418335624039; 0,18565438967198133; 0,005389452911913395; 0,07532568229362369; 0,39208749402314425; 0,447531146928668; 0,48182093957439065; 0,17625384498387575; 0,7153205038048327; 0,3096014498732984
2,0977505942551957; 0,9386440049856901; 0,16907356586307287; 0,39424560219049454; 0,23296167701482773; 0,6114481138065457; 0,9593847240321338; 0,9776090332306921; 0,8584639211185277; 0,47279952140524983; 0,3606414720416069
1,971429339218234; 0,5093971649184823; 0,47679149731993675; 0,28579389676451683; 0,5090266936458647; 0,24717409815639257; 0,23541901353746653; 0,2271311031654477; 0,7656631376594305; 0,7974284458905458; 0,8247383912093937
1,713609570755171; 0,7618988864123821; 0,08252842491492629; 0,9795034448616207; 0,21998493233695626; 0,6473387363366783; 0,703848207835108; 0,296725838445127; 0,9586798860691488; 0,9343224409967661; 0,12849317910149693
0,47246302786902117; 0,8520973571576178; 0,30673394026234746; 0,8679743804968894; 0,8466566656716168; 0,10626720683649182; 0,391124224755913; 0,15571430046111345; 0,04943639785051346; 0,7058899449184537; 0,8331447537057102
-0,009734857646622075; 0,08385425200685859; 0,1486173691228032; 0,23051911313086748; 0,6565362145192921; 0,02362133888527751; 0,4929506373591721; 0,3729193536564708; 0,37628575041890144; 0,02875312604010105; 0,912517920602113
-0,10767917212280417; 0,04363132826983929; 0,787715959828347; 0,17952463356778026; 0,07571653369814157; 0,2635638928040862; 0,7038396177813411; 0,1982522839680314; 0,19100192561745644; 0,7050104653462768; 0,4618792333640158
0,01686718489567285; 0,2558858096599579; 0,3612719848752022; 0,21060109185054898; 0,6872953143902123; 0,8901866800151765; 0,3659785520285368; 0,1504404190927744; 0,11677737860009074; 0,8937716600485146; 0,24824098264798522
-0,38546868273319435; 0,012331250123679638; 0,21487929113209248; 0,6351445433683693; 0,9708653683774173; 0,7334109931252897; 0,6221533720381558; 0,9768098657950759; 0,33680712804198265; 0,9211483267135918; 0,3698419281281531
0,01393689012180363; 0,1463399501517415; 0,7038597366772592; 0,8654034030623734; 0,9285974008962512; 0,48865576228126884; 0,2858155155554414; 0,803644884377718; 0,8958089733496308; 0,3658500877209008; 0,29771286016330123
-0,18353102690206197; 0,36235329741612077; 0,1408242085017264; 0,23226383700966835; 0,757805485278368; 0,515708124730736; 0,7820644634775817; 0,3747890507802367; 0,3843155186623335; 0,7982901958748698; 0,6837406735867262
-0,24965677770274924; 0,3762787003070116; 0,09089471260085702; 0,24917179346084595; 0,8599519953131676; 0,1362360343337059; 0,07649303739890456; 0,3824266782030463; 0,5769469998776913; 0,7015614644624293; 0,0345281814225018
1,7993867542910535; 0,36651327880099416; 0,34776919800788164; 0,1508930749259889; 0,5956773399375379; 0,35518338391557336; 0,2216730834916234; 0,0950187910348177; 0,450139990542084; 0,263723521027714; 0,5290725859813392
0,2429275259801395; 0,025718587916344404; 0,5928661692887545; 0,804901359602809; 0,7621191763319075; 0,436772296205163; 0,7858796883374453; 0,46680655097588897; 0,3963647340424359; 0,5360795431770384; 0,23016351740807295
1,3273691354546928; 0,2814250038936734; 0,928000922780484; 0,5032152393832803; 0,8931280551478267; 0,9667361425235868; 0,5632964414544404; 0,5166922970674932; 0,2557296101003885; 0,34064718848094344; 0,4009043648838997
1,9619805928993894; 0,8041640780866146; 0,2173932259902358; 0,7669989783316851; 0,6827602703124285; 0,5572362584061921; 0,5025616991333663; 0,5848026257008314; 0,439901405479759; 0,7803359325043857; 0,47187830368056893
0,6702367749820479; 0,25290289614349604; 0,8583982074633241; 0,23973135743290186; 0,17436358332633972; 0,6107219788245857; 0,7231898298487067; 0,4921694518998265; 0,28451479133218527; 0,09337840927764773; 0,7219856772571802
1,976517700003904; 0,19983082776889205; 0,8307252880185843; 0,99333077063784; 0,902023779693991; 0,5794596849009395; 0,07113682990893722; 0,7331995093263686; 0,018942080438137054; 0,16558543918654323; 0,5384583249688148
2,111403905771694; 0,6443323320709169; 0,4179574945010245; 0,3744777673855424; 0,0798692312091589; 0,1485354988835752; 0,7126558939926326; 0,02806875528767705; 0,5063631907105446; 0,5813474613241851; 0,6542939408682287
0,30301107374872216; 0,8641335163265467; 0,3329201736487448; 0,34612421598285437; 0,007007872220128775; 0,3878496056422591; 0,8944429340772331; 0,3793952511623502; 0,23273058654740453; 0,03139390051364899; 0,23615081794559956
1,943047731546329; 0,3645884091965854; 0,7793181044980884; 0,5184522834606469; 0,10681379120796919; 0,9167228494770825; 0,1553173209540546; 0,4120318843051791; 0,6983781177550554; 0,16877483436837792; 0,10460123838856816
0,19112655130936745; 0,6420369548723102; 0,31698179384693503; 0,8594071851111948; 0,9991816496476531; 0,7483473345637321; 0,75797716435045; 0,05511313211172819; 0,6388895390555263; 0,5067264987155795; 0,0798735274001956
0,3576619935227049; 0,7680538618005812; 0,08152240281924605; 0,3271207925863564; 0,8240817110054195; 0,9305677688680589; 0,059346336871385574; 0,6745116794481874; 0,7738016010262072; 0,8927973615936935; 0,37756653036922216
1,558533989496143; 0,6667365357279778; 0,8247826178558171; 0,27267070254310966; 0,3940022625029087; 0,7161597805097699; 0,25841191224753857; 0,41492992360144854; 0,8936055577360094; 0,8844200456514955; 0,6033560391515493
1,882683441687792; 0,211521050427109; 0,7878506807610393; 0,38135232869535685; 0,34263858245685697; 0,31402741372585297; 0,11013783235102892; 0,49416164867579937; 0,5686749112792313; 0,8761928211897612; 0,44967164704576135
-0,48969925719979507; 0,02704644948244095; 0,19974154653027654; 0,635202803183347; 0,23604606557637453; 0,37406814005225897; 0,4954995969310403; 0,21959108347073197; 0,40656143287196755; 0,1286910194903612; 0,5893598785623908
-0,007400503540776995; 0,08862277213484049; 0,860217269975692; 0,45021568797528744; 0,9042109185829759; 0,5562733830884099; 0,9165495131164789; 0,5750233046710491; 0,654607820790261; 0,09068541368469596; 0,9160459460690618
1,126988630470158; 0,8606280642561615; 0,8467507199384272; 0,4613641193136573; 0,5726759037934244; 0,8728519985452294; 0,13854310801252723; 0,5446499958634377; 0,8073089588433504; 0,5323834721930325; 0,08935240330174565
0,42625357956737175; 0,9228360517881811; 0,48589557502418756; 0,6551512670703232; 0,3120754607953131; 0,33250710973516107; 0,2076107100583613; 0,17762685613706708; 0,26405546674504876; 0,9349150387570262; 0,959540125913918
0,09757613282251958; 0,12340405723080039; 0,5804479783400893; 0,8053161473944783; 0,09381455508992076; 0,7400448210537434; 0,9075647438876331; 0,4352889549918473; 0,3419572398997843; 0,465917007997632; 0,17975776037201285
-0,34054181580624193; 0,22159948106855154; 0,22705569164827466; 0,49831721000373363; 0,4581566392444074; 0,5973639665171504; 0,6304813884198666; 0,32713814498856664; 0,4093441483564675; 0,59024792117998; 0,059423503931611776
2,2420102771609614; 0,6512837111949921; 0,5994753357954323; 0,8664467516355217; 0,3760174997150898; 0,07700561685487628; 0,2005753656849265; 0,580378002487123; 0,8821210525929928; 0,28070502122864127; 0,6960650105029345
1,3176560956550092; 0,7327200816944242; 0,809787405654788; 0,41580017982050776; 0,3239805828779936; 0,45356263779103756; 0,7939112838357687; 0,18216082453727722; 0,9985699523240328; 0,431113722268492; 0,2946361219510436
0,28156864011690275; 0,4582122056744993; 0,5946779400110245; 0,10992946568876505; 0,23936006985604763; 0,1337359701283276; 0,36323258746415377; 0,3880160506814718; 0,4200382586568594; 0,6771115208975971; 0,09151961980387568
2,112655883323618; 0,8627232532016933; 0,5392850777134299; 0,6181106334552169; 0,9005588628351688; 0,879471629858017; 0,12263446627184749; 0,39003777503967285; 0,8626814736053348; 0,08338633039966226; 0,17876861756667495
1,0450624649787974; 0,5100955688394606; 0,6049679154530168; 0,28184576937928796; 0,4801432858221233; 0,3346711709164083; 0,21280773589387536; 0,27525431383401155; 0,4098942349664867; 0,3336536115966737; 0,7166886925697327
1,220175939951997; 0,2870131307281554; 0,33657564921304584; 0,31570278434082866; 0,131122007034719; 0,6441345596686006; 0,7354362765327096; 0,38827422773465514; 0,7926794327795506; 0,3734579551964998; 0,8091655862517655
1,8645030334758168; 0,5098992511630058; 0,12731588864699006; 0,6563004404306412; 0,30097159603610635; 0,5324587211944163; 0,09166284231469035; 0,6433722185902297; 0,5404863902367651; 0,4778518518432975; 0,8328854436986148
1,9522909816217104; 0,8196160523220897; 0,6890980815514922; 0,41053172620013356; 0,013953962363302708; 0,2573133334517479; 0,7093587135896087; 0,09750882303342223; 0,5315169356763363; 0,19626917550340295; 0,2639945838600397
1,4407546341192616; 0,9081674912013113; 0,920359353069216; 0,17565112560987473; 0,7801780216395855; 0,763920848723501; 0,8022377016022801; 0,3592549576424062; 0,31912937527522445; 0,06609569257125258; 0,14885820727795362
2,173961390429809; 0,7359817386604846; 0,4947927384637296; 0,199726153165102; 0,7825029515661299; 0,2447751178406179; 0,08516418747603893; 0,17510535195469856; 0,4538768855854869; 0,028364935889840126; 0,4706897232681513
2,0228809266963124; 0,7880776678211987; 0,21198176546022296; 0,15411198558285832; 0,6541309081949294; 0,583287910092622; 0,5019195470958948; 0,2212971313856542; 0,21533275162801147; 0,19409048417583108; 0,3744122930802405
1,3231743251774533; 0,31296378606930375; 0,40395472245290875; 0,1592907039448619; 0,735676665790379; 0,12403076142072678; 0,2075070273131132; 0,15232832357287407; 0,19456579256802797; 0,1748731113038957; 0,8765696715563536
1,717496593462669; 0,19385582022368908; 0,4712573979049921; 0,46363329887390137; 0,628741230815649; 0,5826352159492671; 0,8095803409814835; 0,23980409000068903; 0,21052238112315536; 0,6163964532315731; 0,33991534262895584
0,10057760520894093; 0,45380384661257267; 0,40039966255426407; 0,6091878805309534; 0,9064437909983099; 0,9994863462634385; 0,6152632008306682; 0,6076828525401652; 0,08804492931813002; 0,10906532593071461; 0,5386386793106794
0,6071140972389275; 0,6043339343741536; 0,8618108672089875; 0,6077578058466315; 0,19558561174198985; 0,017888231202960014; 0,14530599350109696; 0,060799163300544024; 0,6954993512481451; 0,08465169044211507; 0,6488350392319262
1,0805339112782055; 0,17683344753459096; 0,9938634326681495; 0,7122148964554071; 0,7551752710714936; 0,7919114287942648; 0,35517114540562034; 0,43819102738052607; 0,15800924180075526; 0,2167688189074397; 0,05596094811335206
1,7351021947638106; 0,08264909964054823; 0,6511277249082923; 0,37991569517180324; 0,9536721277981997; 0,6355475252494216; 0,5286316629499197; 0,96233174437657; 0,1104738456197083; 0,15308748744428158; 0,013615965843200684
-0,3033273743818; 0,18346970761194825; 0,4531114222481847; 0,8184138494543731; 0,19015798158943653; 0,6298614721745253; 0,1666745743714273; 0,900066795758903; 0,6524911057204008; 0,9518616478890181; 0,5041411379352212
0,7934012587620596; 0,19503219751641154; 0,8527779062278569; 0,2572521506808698; 0,7266847705468535; 0,9011708800680935; 0,2554168552160263; 0,8557957103475928; 0,13277671486139297; 0,37165964720770717; 0,03490441758185625
1,9490994097500383; 0,4760997351258993; 0,7106592734344304; 0,7619343302212656; 0,689054406248033; 0,7717288667336106; 0,12315402179956436; 0,672817116137594; 0,19607568951323628; 0,4679046096280217; 0,317462557926774
1,7673721749282412; 0,06948571465909481; 0,697148637380451; 0,5049795219674706; 0,9715054770931602; 0,6548589398153126; 0,839942348189652; 0,39562846114858985; 0,2188518508337438; 0,7208923026919365; 0,36278075398877263
0,30968270059814346; 0,02935448056086898; 0,042697600089013577; 0,8148038992658257; 0,454897144343704; 0,42916745878756046; 0,09225491154938936; 0,4434741581790149; 0,6454458967782557; 0,15328849060460925; 0,755383538082242
2,253365141346466; 0,5489363181404769; 0,9621518636122346; 0,24577310122549534; 0,9718559933826327; 0,2978808721527457; 0,7740719998255372; 0,6808028342202306; 0,04408675339072943; 0,2854987462051213; 0,7621506787836552
1,5808283394534346; 0,1462768609635532; 0,3959603626281023; 0,6215878357179463; 0,7438042666763067; 0,03756838943809271; 0,5002425122074783; 0,11219112481921911; 0,9278310998342931; 0,07920303894206882; 0,9163090465590358
0,9676793532428076; 0,19736506324261427; 0,9234898528084159; 0,7978178318589926; 0,7462737578898668; 0,7252442389726639; 0,10851222183555365; 0,22082618391141295; 0,8476991658098996; 0,17779564671218395; 0,05378640443086624
0,4994138073304322; 0,45581624982878566; 0,730426071677357; 0,7164838681928813; 0,6135986819863319; 0,42065027402713895; 0,2250700551085174; 0,8319867136888206; 0,9365192791447043; 0,9722023541107774; 0,19218673324212432
0,4207982988254714; 0,048158636782318354; 0,12170471018180251; 0,9576347074471414; 0,36154205771163106; 0,9434859580360353; 0,6862577223218977; 0,4028755770996213; 0,29165487503632903; 0,9758283975534141; 0,13296533981338143
-0,20783831068966474; 0,32247427571564913; 0,3399580284021795; 0,813723920378834; 0,6368703912012279; 0,6127778231166303; 0,938944963272661; 0,6286729802377522; 0,2991492380388081; 0,15676517179235816; 0,17933901166543365
-0,06680497129100288; 0,033445905428379774; 0,928300695028156; 0,7958342521451414; 0,6854997049085796; 0,8507940038107336; 0,11437961924821138; 0,03785526007413864; 0,2529430575668812; 0,9597111409530044; 0,8401851295493543
-0,2785429660764561; 0,3482548901811242; 0,1196700669825077; 0,5880960877984762; 0,9454006999731064; 0,5727267931215465; 0,6001462894491851; 0,3961752923205495; 0,7247990886680782; 0,8543971907347441; 0,3589705745689571
2,01974967762044; 0,38778613694012165; 0,7203004285693169; 0,67567651392892; 0,865639335475862; 0,566619505174458; 0,020077380817383528; 0,3775877528823912; 0,4117772076278925; 0,5911815483123064; 0,551688393112272
0,8238562516647248; 0,6250700047239661; 0,5998426782898605; 0,7015174911357462; 0,8960258131846786; 0,38015837827697396; 0,5134243378415704; 0,5187380546703935; 0,4329197076149285; 0,6173254428431392; 0,38530978141352534
1,4181976424616725; 0,529911904130131; 0,4611867512576282; 0,6274000615812838; 0,8712511057965457; 0,10577690461650491; 0,9311091010458767; 0,6478311140090227; 0,16065385611727834; 0,5742456493899226; 0,5822717295959592
1,6712869318632269; 0,9478167737834156; 0,8722352730110288; 0,2648380142636597; 0,6571691697463393; 0,483394103590399; 0,9453259571455419; 0,8263041917234659; 0,601892014965415; 0,11557446187362075; 0,9079220932908356
-0,03724948493245678; 0,4967758720740676; 0,28437930159270763; 0,9051704215817153; 0,3866102281026542; 0,4704298581928015; 0,34430733136832714; 0,4660438662394881; 0,8204628024250269; 0,854824089910835; 0,6513448958285153
2,0116659260116534; 0,6436558994464576; 0,22117493441328406; 0,2978025753982365; 0,12305779661983252; 0,5577325858175755; 0,2570148529484868; 0,9142478974536061; 0,9421285013668239; 0,26114252069965005; 0,37402603309601545
2,223208411140849; 0,8299060775898397; 0,37296509416773915; 0,8000544034875929; 0,5745041272602975; 0,8861628011800349; 0,40705645829439163; 0,15342561155557632; 0,13202366884797812; 0,12372537655755877; 0,81456633284688
1,5561155619206; 0,7573988451622427; 0,511838021222502; 0,9977617678232491; 0,07952081505209208; 0,9471652349457145; 0,3097455184906721; 0,8562981416471303; 0,07979847304522991; 0,17358598159626126; 0,22247408656403422
0,8361965017612685; 0,3183080833405256; 0,15639931010082364; 0,5189286284148693; 0,11636761436238885; 0,6566354762762785; 0,8056477829813957; 0,5612032166682184; 0,7501588119193912; 0,6383201978169382; 0,6019344748929143
0,20513325160753615; 0,2987112891860306; 0,8735675346106291; 0,23316486738622189; 0,3904482931829989; 0,9247478358447552; 0,1334361582994461; 0,6159162623807788; 0,36625233106315136; 0,321318996604532; 0,21471893042325974
2,0322703722835835; 0,8091131900437176; 0,5277569387108088; 0,8582565025426447; 0,32528883125633; 0,554403561167419; 0,8204438416287303; 0,7354393051937222; 0,8726553097367287; 0,2199653396382928; 0,6798943565227091
0,4919447534981056; 0,23771278886124492; 0,8198888679035008; 0,5815257495269179; 0,33744702534750104; 0,7486422914080322; 0,3060035156086087; 0,17215061094611883; 0,4232916906476021; 0,9153926782310009; 0,0782184861600399
1,2649734008863807; 0,663446479011327; 0,13966084271669388; 0,44386924896389246; 0,33010492473840714; 0,25496932165697217; 0,3950359062291682; 0,11976093426346779; 0,2675596261397004; 0,1603434649296105; 0,27278468990698457
-0,17464000205854174; 0,11765528609976172; 0,6743060145527124; 0,9062439864501357; 0,040949355345219374; 0,8781651775352657; 0,7169695789925754; 0,6746690217405558; 0,47794988937675953; 0,8768446748144925; 0,05306013347581029
1,5432783705850501; 0,09731169464066625; 0,7049995907582343; 0,570333753246814; 0,21084214933216572; 0,3988293628208339; 0,02274522092193365; 0,6149664297699928; 0,4001193502917886; 0,7995319981127977; 0,36290935426950455
0,6016967626525732; 0,6987639022991061; 0,6459592832252383; 0,0987285184673965; 0,47566440841183066; 0,855516314972192; 0,5728186350315809; 0,7222338444553316; 0,9075577091425657; 0,16560862911865115; 0,6000633812509477
1,3802246615685163; 0,00943750562146306; 0,28088024724274874; 0,27782579977065325; 0,19510585442185402; 0,37965672137215734; 0,0997851500287652; 0,635073987301439; 0,0016583651304244995; 0,9131388440728188; 0,6763522755354643
1,7467849317893929; 0,6839887755922973; 0,7906228830106556; 0,22232547216117382; 0,742809172719717; 0,8683202136307955; 0,1553194336593151; 0,30006102519109845; 0,7145423861220479; 0,22643891582265496; 0,02768877660855651
0,151668773837215; 0,8023980283178389; 0,10420804005116224; 0,6129239918664098; 0,18617791356518865; 0,6754490304738283; 0,8601172026246786; 0,02224448975175619; 0,38142841728404164; 0,6108401389792562; 0,7662565121427178
-0,10222677973580235; 0,3109034402295947; 0,020238874014467; 0,5974996094591916; 0,0910032601095736; 0,8900227323174477; 0,5839637373574078; 0,6264371131546795; 0,9129575933329761; 0,8064867067150772; 0,6807416132651269
2,586891549979473; 0,9931043465621769; 0,6656997939571738; 0,7898402973078191; 0,2982411799021065; 0,3233972853049636; 0,6375837223604321; 0,9945913692936301; 0,4961176672950387; 0,4906147983856499; 0,104380136821419
0,15976552463039662; 0,03280908474698663; 0,47897665994241834; 0,7531688651069999; 0,12463693460449576; 0,15185194369405508; 0,6777009819634259; 0,06412104424089193; 0,3104622554965317; 0,5912399450317025; 0,8324498352594674
0,0328831484667812; 0,585268396884203; 0,03735592123121023; 0,2637167298234999; 0,3042359775863588; 0,4694844475015998; 0,9430248993448913; 0,6453960184007883; 0,9795193448662758; 0,011825964786112309; 0,6384208011440933
0,12986049904619967; 0,7590966387651861; 0,21625014627352357; 0,05209698574617505; 0,8270846968516707; 0,6945614041760564; 0,40282515343278646; 0,8521432406269014; 0,8359991228207946; 0,06336491135880351; 0,542369557544589
-0,015479048476316704; 0,3805758305825293; 0,589138385374099; 0,2589478027075529; 0,046937298495322466; 0,0281403292901814; 0,12040133075788617; 0,06128551950678229; 0,13356597116217017; 0,5195440142415464; 0,05714810872450471
0,05651459907065709; 0,5112138241529465; 0,16527664195746183; 0,6581709021702409; 0,6788532924838364; 0,844300374854356; 0,5613114745356143; 0,787409754935652; 0,1840701806358993; 0,8410276803188026; 0,7861048555932939
1,24442026242365; 0,6114046359434724; 0,29110046150162816; 0,9445126601494849; 0,7875133599154651; 0,49107140535488725; 0,1061890684068203; 0,714578612241894; 0,6743673868477345; 0,39853902254253626; 0,023143276572227478
1,59539880359593; 0,7743823248893023; 0,4436358083039522; 0,1405892502516508; 0,2609773389995098; 0,4200388961471617; 0,5394673156552017; 0,2672158917412162; 0,4915641490370035; 0,16937332646921277; 0,45760880783200264
0,32296127873207015; 0,44674732768908143; 0,7124440474435687; 0,4905192027799785; 0,1528658652678132; 0,6435159710235894; 0,02980271400883794; 0,9318787236697972; 0,8482370227575302; 0,5875222943723202; 0,5976074691861868
-0,025599473763102704; 0,039858739357441664; 0,8887534230016172; 0,2955587194301188; 0,20811513671651483; 0,6198302363045514; 0,3364285435527563; 0,3141481005586684; 0,36088298354297876; 0,6707607903517783; 0,9910194524563849
0,35213437396337777; 0,8007091293111444; 0,524619142524898; 0,6023336285725236; 0,9901839145459235; 0,9204256325028837; 0,02936973748728633; 0,03886737348511815; 0,06292735924944282; 0,9463432095944881; 0,8235733434557915
0,370791268128705; 0,2578782024793327; 0,6988432910293341; 0,363912520930171; 0,13324809400364757; 0,2579784533008933; 0,7900798916816711; 0,8654167759232223; 0,10231682192534208; 0,05540890013799071; 0,8197441990487278
1,8237879656204352; 0,3259652811102569; 0,7603947450406849; 0,7179376087151468; 0,6879284903407097; 0,4414364118129015; 0,9842014834284782; 0,10860000411048532; 0,2896514660678804; 0,2052285522222519; 0,4146221913397312
1,4981745648181677; 0,09457433456555009; 0,4009992522187531; 0,11539100762456656; 0,32252850057557225; 0,9775295471772552; 0,6400406048633158; 0,9219141299836338; 0,2171995653770864; 0,21739001013338566; 0,34977488312870264
0,7094853201050634; 0,6326152631081641; 0,2721829726360738; 0,2693348238244653; 0,29175926139578223; 0,4528438951820135; 0,34447555849328637; 0,5196142406202853; 0,29534514620900154; 0,3358109388500452; 0,4398600794374943
0,3535824144556218; 0,8699285071343184; 0,286450729239732; 0,6286389054730535; 0,017786209005862474; 0,27902803383767605; 0,6581319835968316; 0,4827214521355927; 0,07200689613819122; 0,1532255532220006; 0,33013727655634284
0,48671196431921615; 0,6988274953328073; 0,8504860252141953; 0,1883589420467615; 0,48418021760880947; 0,9777183742262423; 0,9081809297204018; 0,10501009505242109; 0,9689959110692143; 0,36324095632880926; 0,25688125379383564
0,6895356722338201; 0,3349328590556979; 0,17668737890198827; 0,604247969109565; 0,8045876673422754; 0,4087656168267131; 0,6229731868952513; 0,47955397004261613; 0,4905332922935486; 0,2014356260187924; 0,456812032032758
0,012310833479057176; 0,17986013973131776; 0,8076463481411338; 0,4633989776484668; 0,5574958906508982; 0,9776109023950994; 0,22676153341308236; 0,2786488765850663; 0,03815672732889652; 0,843596060294658; 0,5232465444132686
0,02231682917086647; 0,43381990445777774; 0,2616542326286435; 0,2313849851489067; 0,14140521502122283; 0,23714591842144728; 0,6327827670611441; 0,4776374096982181; 0,7764713130891323; 0,3364470964297652; 0,026970218401402235
1,6977629961664875; 0,31017765682190657; 0,7452206467278302; 0,8890147213824093; 0,8452529706992209; 0,6566278054378927; 0,13050607219338417; 0,439191987272352; 0,7274549226276577; 0,833382929675281; 0,7014672192744911
0,6818843985358547; 0,7067322712391615; 0,8607963151298463; 0,7997908974066377; 0,8979092291556299; 0,20253050001338124; 0,02973620081320405; 0,1985249975696206; 0,23452248238027096; 0,7749711689539254; 0,15351541666314006
1,0794599117437782; 0,5019370191730559; 0,9387961006723344; 0,07726367469877005; 0,3222666275687516; 0,1446444932371378; 0,4473245735280216; 0,35939327580854297; 0,05990214925259352; 0,06280406657606363; 0,48870323318988085
-0,25686630256902604; 0,15960498386994004; 0,5462424014694989; 0,016131285578012466; 0,6470803706906736; 0,3220303854905069; 0,4289477616548538; 0,3811564012430608; 0,9875599397346377; 0,17133298609405756; 0,22717471281066537
0,4451681698343689; 0,7577432687394321; 0,7246336913667619; 0,4424105938524008; 0,04264466557651758; 0,06531032174825668; 0,6453107981942594; 0,8539715432561934; 0,5243799979798496; 0,3408057065680623; 0,4160843235440552
0,9800514614139164; 0,36774501018226147; 0,2121987915597856; 0,5999362696893513; 0,837340344209224; 0,6769859287887812; 0,05848571239039302; 0,23529628990218043; 0,20337280724197626; 0,9301376109942794; 0,15026060724630952
2,3331032838099177; 0,9709677607752383; 0,3001790829002857; 0,2821807134896517; 0,8281764569692314; 0,6537922364659607; 0,18463528901338577; 0,5005047167651355; 0,3050378472544253; 0,12287258869037032; 0,0748982117511332
0,7364062901501995; 0,6058498774655163; 0,3880818407051265; 0,847802184522152; 0,6813037050887942; 0,9531248826533556; 0,3541523842141032; 0,807474771514535; 0,1851374264806509; 0,1343802665360272; 0,20312597416341305
-0,1476097421386502; 0,31091687688604; 0,2878387630917132; 0,3717171107418835; 0,4164812075905502; 0,8963034767657518; 0,822340227663517; 0,7906461637467146; 0,3339617792516947; 0,06406731391325593; 0,8946981066837907
1,5354620044393006; 0,0696253003552556; 0,6920515079982579; 0,5813049846328795; 0,15264579514041543; 0,6287058875896037; 0,2596276174299419; 0,334152321331203; 0,9276500036939979; 0,8527437835000455; 0,18521925527602434
-0,448750507516798; 0,14015610981732607; 0,11093716602772474; 0,6750336727127433; 0,8433438814245164; 0,9962057010270655; 0,8135991743765771; 0,017060295213013887; 0,973939205519855; 0,23887991765514016; 0,6746772490441799
0,36034231738073735; 0,3500888431444764; 0,0007593664340674877; 0,01876777969300747; 0,07916893530637026; 0,7152229966595769; 0,224720592610538; 0,3265560236759484; 0,39344752533361316; 0,07818992575630546; 0,08910381840541959
0,9938787875404642; 0,5494958506897092; 0,18116289842873812; 0,0990130859427154; 0,4528449373319745; 0,6269602100364864; 0,5440022819675505; 0,3343824646435678; 0,2900999905541539; 0,9095196211710572; 0,4994666646234691
2,6238017022906543; 0,9822469698265195; 0,68193593993783; 0,9576248526573181; 0,3830065890215337; 0,23992381850257516; 0,031619987450540066; 0,7959732841700315; 0,7970843347720802; 0,6764460951089859; 0,39454045286402106
1,2388439008622645; 0,535480996593833; 0,15810184087604284; 0,8484107479453087; 0,7207498871721327; 0,6092505627311766; 0,4708544733002782; 0,16981626814231277; 0,5463613611645997; 0,6867519714869559; 0,5982869071885943
0,3461681353682648; 0,4807469309307635; 0,007838736288249493; 0,8584927273914218; 0,03749931138008833; 0,8856438877992332; 0,9236837876960635; 0,02425117837265134; 0,7582009076140821; 0,929570977576077; 0,7090711100026965
-0,5160696217853495; 0,09970793779939413; 0,06331876246258616; 0,24625249952077866; 0,6501228441484272; 0,5524726300500333; 0,18997575994580984; 0,3671751203946769; 0,5385693274438381; 0,4475078294053674; 0,3127127382904291
0,46805322792762616; 0,9602798311971128; 0,5002501755952835; 0,5524879228323698; 0,7024686960503459; 0,880431683268398; 0,8881013127975166; 0,06663851533085108; 0,016231265850365162; 0,9784977878443897; 0,8039497481659055
0,28045254752015103; 0,6423100791871548; 0,6119955223985016; 0,5683031743392348; 0,129754938185215; 0,964741563424468; 0,21281608752906322; 0,2733820737339556; 0,8462378145195544; 0,8907781601883471; 0,04474405897781253
2,1317915162328593; 0,6791989365592599; 0,4254267062060535; 0,8441534861922264; 0,441441741771996; 0,1380255096592009; 0,03726584743708372; 0,011970522813498974; 0,38249080814421177; 0,9304122282192111; 0,7069054329767823
0,11697342537797537; 0,20068403100594878; 0,02312031202018261; 0,568951619323343; 0,6067331894300878; 0,6571523724123836; 0,9540954092517495; 0,323238437063992; 0,37131848372519016; 0,18504259129986167; 0,1511186994612217
0,7813617545460498; 0,5418132357299328; 0,6299335630610585; 0,4740184601396322; 0,1331391977146268; 0,04156786995008588; 0,6944444142282009; 0,008268495555967093; 0,5460428465157747; 0,632071238476783; 0,15769749134778976
2,0431914645591034; 0,7724097329191864; 0,019589760806411505; 0,8683412256650627; 0,004591150674968958; 0,1312187695875764; 0,2310010688379407; 0,7228031200356781; 0,8724172548390925; 0,26248075626790524; 0,43032352067530155
1,807244383978953; 0,6048065605573356; 0,937703535426408; 0,23612664127722383; 0,11739339726045728; 0,1258192672394216; 0,7268739053979516; 0,06863283878192306; 0,39493523724377155; 0,9068971825763583; 0,9390151584520936
2,1035066803114257; 0,43047759030014277; 0,8488945779390633; 0,38500121142715216; 0,5367309087887406; 0,47108144545927644; 0,16266246046870947; 0,19411700312048197; 0,5037445211783051; 0,24820208782330155; 0,21434838138520718
1,8761786771738285; 0,5425653234124184; 0,6252150605432689; 0,8107105735689402; 0,022819386795163155; 0,6363741373643279; 0,4529948807321489; 0,9109624088741839; 0,3425872791558504; 0,7456355039030313; 0,46522665256634355
1,5046804600956643; 0,22574901347979903; 0,9446860277093947; 0,25477832136675715; 0,9975547515787184; 0,5762659627944231; 0,8304884326644242; 0,36371815018355846; 0,37008322728797793; 0,9914162778295577; 0,9933279198594391
1,2683843372027261; 0,2807912980206311; 0,9643136686645448; 0,379611745942384; 0,7935752477496862; 0,5079959402792156; 0,6243924857117236; 0,5547635587863624; 0,4694719258695841; 0,6051877452991903; 0,7698954190127552
1,8239772474992055; 0,42325673205778; 0,4337310758419335; 0,5966657511889935; 0,8837730111554265; 0,35816413536667824; 0,45091384509578347; 0,07424355670809746; 0,030265552457422018; 0,8514675172045827; 0,8209650195203722
1,5814126659889376; 0,801589556504041; 0,19010031037032604; 0,1502649779431522; 0,6396888019517064; 0,7864631130360067; 0,6712027182802558; 0,19976224238052964; 0,521458990406245; 0,8804251332767308; 0,8281852235086262
0,9143605416453633; 0,9843439697287977; 0,5479202643036842; 0,4435918964445591; 0,7298012748360634; 0,6856512636877596; 0,029039593879133463; 0,05860673123970628; 0,09279446536675096; 0,5601268666796386; 0,9430146501399577
2,640874191086376; 0,9753142045810819; 0,8924251706339419; 0,28696079226210713; 0,9488368551246822; 0,47766596218571067; 0,1903198203071952; 0,7936452799476683; 0,06166505627334118; 0,21560522308573127; 0,7543039359152317
1,6513036638865106; 0,40694525791332126; 0,17820620629936457; 0,5787994875572622; 0,5220801834948361; 0,5002128276973963; 0,35220053046941757; 0,6848194091580808; 0,0709627759642899; 0,989711138419807; 0,9097261778078973
1,6666988253310695; 0,7696423414163291; 0,5098528079688549; 0,5718461703509092; 0,39437240408733487; 0,6023496026173234; 0,20966533664613962; 0,5094560333527625; 0,29660696582868695; 0,30249664513394237; 0,11537808272987604
2,391927133833515; 0,7639528349973261; 0,9814086901023984; 0,2104445337317884; 0,38415798963978887; 0,19859932968392968; 0,14138085674494505; 0,9245200334116817; 0,3055847263894975; 0,7748219585046172; 0,43570246221497655
0,8794218198389592; 0,9077649614773691; 0,44003989174962044; 0,3875370775349438; 0,3596663372591138; 0,6865979116410017; 0,9277803981676698; 0,13456293335184455; 0,9027658277191222; 0,43500494584441185; 0,6056490004993975
0,31416389795528454; 0,17757496843114495; 0,08639529487118125; 0,6057354393415153; 0,3686486608348787; 0,874140574131161; 0,22356775123625994; 0,15979493176564574; 0,5352541985921562; 0,415199825540185; 0,5564918536692858
0,365850050859071; 0,8960692402906716; 0,3691816800273955; 0,37792122224345803; 0,3670203620567918; 0,617359530646354; 0,8330775406211615; 0,3122440674342215; 0,7292586620897055; 0,497288326267153; 0,5603941553272307
0,49899887170269674; 0,7206683391705155; 0,5249460339546204; 0,5407232935540378; 0,6712618069723248; 0,9931166064925492; 0,4341838229447603; 0,5121683152392507; 0,5873624798841774; 0,5562439169734716; 0,829170388635248
2,4300459171625914; 0,7402782803401351; 0,7567654205486178; 0,49368073092773557; 0,5576257728971541; 0,14813466696068645; 0,2433261345140636; 0,30752511881291866; 0,7712916294112802; 0,5034451452083886; 0,9188410411588848
0,5998308757391811; 0,4169161072932184; 0,20468056062236428; 0,7273768675513566; 0,599531102925539; 0,16576921055093408; 0,19382043462246656; 0,1300828685052693; 0,4357744911685586; 0,2323503433726728; 0,9789921981282532
2,2734046894691065; 0,6971534895710647; 0,6668798285536468; 0,2904937341809273; 0,28169329883530736; 0,24279207922518253; 0,31603657081723213; 0,958972878754139; 0,3346087485551834; 0,34162521408870816; 0,22197571210563183
-0,4157699355539078; 0,2044959357008338; 0,15127225872129202; 0,8407654371112585; 0,45506640523672104; 0,555169562343508; 0,40411580028012395; 0,321391046512872; 0,8688846863806248; 0,6747954301536083; 0,4145130827091634
0,8867583232839801; 0,05182143859565258; 0,6654672310687602; 0,9904978508129716; 0,4774006544612348; 0,33992136688902974; 0,11097362404689193; 0,4167033419944346; 0,6493182526901364; 0,8474520980380476; 0,5151917324401438
2,287539548483798; 0,5068880161270499; 0,9192750472575426; 0,6527716019190848; 0,22545245103538036; 0,6392097757197917; 0,8957708985544741; 0,6381086111068726; 0,13055745186284184; 0,5994435744360089; 0,9556638775393367
0,3265523591471894; 0,5594273093156517; 0,8112630313262343; 0,995989992748946; 0,22464869497343898; 0,013800889253616333; 0,7339886357076466; 0,553483568597585; 0,6270115729421377; 0,878657846711576; 0,4371442939154804
0,5106050666317958; 0,41637889482080936; 0,832259205635637; 0,2841758099384606; 0,39057532558217645; 0,71793930279091; 0,0816195635125041; 0,6292763529345393; 0,15072748670354486; 0,7785018244758248; 0,9833119967952371
0,6997439271685229; 0,6007610480301082; 0,05992911709472537; 0,5924991862848401; 0,7483418919146061; 0,4856690289452672; 0,8073401716537774; 0,16337584424763918; 0,04992775106802583; 0,8406883720308542; 0,46474115271121264
0,3698685626391255; 0,7828862592577934; 0,5172452344559133; 0,9136315565556288; 0,3303827396593988; 0,7684070984832942; 0,06422843411564827; 0,9000631361268461; 0,17393426457419991; 0,35877003287896514; 0,7539341882802546
1,9041361666999579; 0,44757571909576654; 0,4088818598538637; 0,942376546561718; 0,24347165040671825; 0,9356134692206979; 0,8983334167860448; 0,9120511445216835; 0,46467481181025505; 0,7279024324379861; 0,5934494598768651
2,024053556259925; 0,6245138891972601; 0,30726452404633164; 0,2909164223819971; 0,7463174676522613; 0,13017521100118756; 0,1597907803952694; 0,6637813434936106; 0,3843333018012345; 0,8584824213758111; 0,6998098790645599
1,332178019507848; 0,4632827853783965; 0,03447833051905036; 0,9957580473273993; 0,47127862088382244; 0,7582669337280095; 0,33900753501802683; 0,904038465116173; 0,6958984863013029; 0,6185143901966512; 0,5042367563582957
0,05797553341764314; 0,12258264468982816; 0,6249852739274502; 0,7116110501810908; 0,602815153542906; 0,5380318909883499; 0,9351093801669776; 0,22549652541056275; 0,19975272519513965; 0,3451936128549278; 0,6773734050802886
0,9013764871331387; 0,2662003547884524; 0,38219289807602763; 0,8007070906460285; 0,13970628520473838; 0,2935968190431595; 0,562544226180762; 0,5193282095715404; 0,7240131157450378; 0,7313471538946033; 0,236627496778965
0,3117033438031601; 0,17962780175730586; 0,32314420538023114; 0,14646718837320805; 0,5184347163885832; 0,2860447554849088; 0,8388146846555173; 0,019234286155551672; 0,2540423572063446; 0,8495963839814067; 0,9161438778974116
2,1029784264420996; 0,5401974665001035; 0,5511598414741457; 0,6776117901317775; 0,017269193194806576; 0,867010542191565; 0,5931743574328721; 0,5196170173585415; 0,871883544139564; 0,6308643240481615; 0,8913189014419913
0,23818083305737525; 0,30259000277146697; 0,05102570867165923; 0,6822996097616851; 0,12799663050100207; 0,8438324276357889; 0,33085358375683427; 0,6389362318441272; 0,6261907112784684; 0,3224949883297086; 0,5681077716872096
1,3277791593486434; 0,7199504370801151; 0,4085414847359061; 0,26347768725827336; 0,6871331525035203; 0,38372290367260575; 0,7307372828945518; 0,38493511686101556; 0,950534819625318; 0,3027734993956983; 0,4782290798611939
1,5201532025960403; 0,250010225456208; 0,015317301265895367; 0,3542988351546228; 0,2813948676921427; 0,0510397064499557; 0,3126680003479123; 0,5658111213706434; 0,5747333560138941; 0,0985523690469563; 0,06709316046908498
1,5798675575498184; 0,27480953885242343; 0,8483271235600114; 0,07834717817604542; 0,4237227397970855; 0,8984097549691796; 0,39026388712227345; 0,015545171219855547; 0,6546672144904733; 0,6993249198421836; 0,5718318670988083
0,7623349509609583; 0,27894851053133607; 0,13963059475645423; 0,6507174354046583; 0,15988501720130444; 0,15164693910628557; 0,94574826490134; 0,995421945117414; 0,6550156860612333; 0,07181762577965856; 0,016100204549729824
0,5877662359920444; 0,39224487403407693; 0,7335108504630625; 0,7411521305330098; 0,25187382381409407; 0,4585275948047638; 0,9601399512030184; 0,6562523664906621; 0,2480550752952695; 0,3555198283866048; 0,9481531167402864
0,33366009154974513; 0,3561810106039047; 0,3822233136743307; 0,12640876648947597; 0,013804050162434578; 0,179294859059155; 0,5294973594136536; 0,27164968429133296; 0,011855169665068388; 0,11654416797682643; 0,9518255712464452
1,4813332085425492; 0,8773258649744093; 0,6418740837834775; 0,08792392257601023; 0,7000165111385286; 0,5698790489695966; 0,7284236587584019; 0,7403731318190694; 0,6794060193933547; 0,1259195483289659; 0,33191961608827114
1,7730236314036782; 0,6298087099567056; 0,3768833102658391; 0,6352341319434345; 0,1974992216564715; 0,29654601449146867; 0,9426219197921455; 0,6490468299016356; 0,9359237318858504; 0,9645825484767556; 0,48219438176602125
0,6871479404198768; 0,885639663785696; 0,7836764696985483; 0,2890356476418674; 0,733498124871403; 0,5719145657494664; 0,6364153223112226; 0,10647307196632028; 0,5831785164773464; 0,25402797432616353; 0,5107942805625498
1,434315599945228; 0,58634496293962; 0,35501274559646845; 0,1456686556339264; 0,7358357557095587; 0,9947263328358531; 0,7065800949931145; 0,7716949260793626; 0,5167328878305852; 0,28599710762500763; 0,9297758284956217
0,6128997883912422; 0,266607650090009; 0,5198111101053655; 0,4533473099581897; 0,7090528230182827; 0,9480351046659052; 0,8908346174284816; 0,896703873295337; 0,45115023478865623; 0,07716325484216213; 0,6079548560082912
0,5231282115742792; 0,05344527307897806; 0,5466362657025456; 0,6206106790341437; 0,07668901467695832; 0,42091995757073164; 0,38643999258056283; 0,9967486285604537; 0,8895092271268368; 0,5131738190539181; 0,5523101817816496
1,3660295912249036; 0,1474444353953004; 0,44285932229831815; 0,03750275960192084; 0,6436905930750072; 0,4687166456133127; 0,9999751592986286; 0,22508536651730537; 0,8552955919876695; 0,26201362954452634; 0,3050834946334362
2,0725147107052457; 0,5577446264214814; 0,939270893111825; 0,1607205062173307; 0,6567559391260147; 0,3943757778033614; 0,20563774649053812; 0,22796160634607077; 0,6078165317885578; 0,3197370166890323; 0,2501247925683856
0,49979185613156096; 0,6493611261248589; 0,9457062603905797; 0,43761951848864555; 0,4390251524746418; 0,19974289694800973; 0,05649337265640497; 0,2522966372780502; 0,1836570273153484; 0,06168212275952101; 0,7023413348942995
-0,08049884356349396; 0,27624219190329313; 0,2873704098165035; 0,08285403437912464; 0,7619307045824826; 0,2312861755490303; 0,9794657630845904; 0,2551518897525966; 0,9289600555785; 0,48393777245655656; 0,447035341989249
1,3912069554392175; 0,7499975701794028; 0,8197755222208798; 0,6937691406346858; 0,2670426326803863; 0,017022992949932814; 0,1983760129660368; 0,3354572542011738; 0,9614329384639859; 0,1848163791000843; 0,3584881736896932
1,7826761568260368; 0,043977389112114906; 0,9974233834072948; 0,3151234737597406; 0,14488201308995485; 0,24459940288215876; 0,474902993068099; 0,46587663190439343; 0,891131550539285; 0,17176873655989766; 0,7948409118689597
0,49353662825709355; 0,6282489611767232; 0,2990178605541587; 0,6870030774734914; 0,6922347969375551; 0,7129072421230376; 0,5951439533382654; 0,8033553347922862; 0,8084740051999688; 0,4431371293030679; 0,2021173113025725
1,0945704353622372; 0,7307542054913938; 0,7065032287500799; 0,30927511025220156; 0,5737796346656978; 0,7361767366528511; 0,8901158412918448; 0,7886150227859616; 0,26288370741531253; 0,30700229899957776; 0,3450036523863673
1,193459402590689; 0,5196634153835475; 0,646983677521348; 0,33732647355645895; 0,6231432748027146; 0,36725387815386057; 0,9990833671763539; 0,44211521511897445; 0,8615678399801254; 0,6297930805012584; 0,2556581241078675
2,0898930786835126; 0,261440041474998; 0,8883838737383485; 0,5735252336598933; 0,2697114450857043; 0,4185956930741668; 0,878163761459291; 0,9003696967847645; 0,9886380243115127; 0,8698589592240751; 0,2666440512984991
-0,30590030958989306; 0,33654838846996427; 0,06427243165671825; 0,7182633844204247; 0,8973084609024227; 0,9521544245071709; 0,25889048585668206; 0,9562698402442038; 0,6255406206473708; 0,3132389555685222; 0,1530375755392015
1,5960955027801467; 0,635409738868475; 0,09477041428908706; 0,792192324064672; 0,529037615749985; 0,45516571030020714; 0,4773618709295988; 0,8504439140670002; 0,15313944220542908; 0,49224008107557893; 0,65222093090415
2,187928444851159; 0,7915760166943073; 0,30167753249406815; 0,159378323238343; 0,19421568978577852; 0,8681227737106383; 0,2791479863226414; 0,030754745937883854; 0,9663444655016065; 0,7585637215524912; 0,20412036776542664
0,7039183533036166; 0,8056212454102933; 0,16583998780697584; 0,38216835632920265; 0,36507055535912514; 0,4839321132749319; 0,9490560116246343; 0,23693464370444417; 0,7899333508685231; 0,650317941326648; 0,9940741723403335
2,725400640370894; 0,9926900449208915; 0,9864640412852168; 0,5133173991926014; 0,6253778240643442; 0,3466045269742608; 0,8898083469830453; 0,1533335205167532; 0,2545264856889844; 0,7560385330580175; 0,4381020017899573
0,5312784903240733; 0,3190143355168402; 0,33070025173947215; 0,7824883051216602; 0,5142005425877869; 0,5212059132754803; 0,5897809057496488; 0,8430347177200019; 0,2530764830298722; 0,6652638153173029; 0,8904061624780297
2,082239312867818; 0,7402929128147662; 0,694106129463762; 0,4373182989656925; 0,004623853135854006; 0,6357280225493014; 0,5848744646646082; 0,3525023781694472; 0,1379480790346861; 0,4732586913742125; 0,24786202982068062
0,8365486147010082; 0,532180099748075; 0,1847896915860474; 0,42556304344907403; 0,7976775891147554; 0,6358058359473944; 0,9953998257406056; 0,12247563898563385; 0,4680065931752324; 0,9563937480561435; 0,618184004444629
-0,14771346077099756; 0,3332837545312941; 0,34639039309695363; 0,11715488508343697; 0,5365631659515202; 0,29845611890777946; 0,4908745069988072; 0,5595948458649218; 0,905583587475121; 0,5867529450915754; 0,6414121016860008
-0,3658653416585622; 0,15303750103339553; 0,3834218578413129; 0,37366018956527114; 0,402467233594507; 0,1711488156579435; 0,4641170366667211; 0,4098485209979117; 0,3065477698110044; 0,9033840945921838; 0,07272835588082671
0,4276189894010354; 0,14420453691855073; 0,641653107944876; 0,38943474227562547; 0,5130170006304979; 0,947183373849839; 0,29884098330512643; 0,6295656743459404; 0,5429331785999238; 0,6728809201158583; 0,8992750491015613
1,29520826365871; 0,11863764747977257; 0,4750455371104181; 0,8558675986714661; 0,5405273651704192; 0,4280174318701029; 0,9423783365637064; 0,9812488513998687; 0,44084943551570177; 0,5345395230688155; 0,5205674199387431
1,6113916269336575; 0,9059521639719605; 0,2911767843179405; 0,4951341338455677; 0,8958849934861064; 0,37856738828122616; 0,4961537094786763; 0,03256784938275814; 0,15988516947254539; 0,025385664775967598; 0,40020261658355594
1,9907149549756105; 0,8650152804329991; 0,5162161327898502; 0,49908972904086113; 0,516129741910845; 0,8325395951978862; 0,3959139338694513; 0,21878509689122438; 0,7072534398175776; 0,41584373358637094; 0,8572241552174091
1,540219442609752; 0,9423480941914022; 0,19359846506267786; 0,995447444729507; 0,7410137830302119; 0,6303479643538594; 0,9288206733763218; 0,7437608018517494; 0,602835257537663; 0,7832031361758709; 0,10979887843132019
0,350236274950525; 0,6060679983347654; 0,6064380556344986; 0,3221238008700311; 0,5686549316160381; 0,1922743059694767; 0,3371953032910824; 0,6890822742134333; 0,7267349408939481; 0,30409417441114783; 0,5321957771666348
1,8582535189450697; 0,020611665677279234; 0,89754295675084; 0,3806803962215781; 0,027134148869663477; 0,20686780009418726; 0,984355584718287; 0,22412667470052838; 0,6723175286315382; 0,19617887027561665; 0,23868511989712715
-0,07548089155114587; 0,026070631109178066; 0,2615755866281688; 0,7148468228988349; 0,34488620050251484; 0,22656283807009459; 0,8005415564402938; 0,47989921597763896; 0,4381302543915808; 0,293915459420532; 0,02276876335963607
1,023816161345794; 0,6710117380134761; 0,5653554387390614; 0,16954495618119836; 0,5564615046605468; 0,11824693158268929; 0,3423675545491278; 0,2761529292911291; 0,4218634329736233; 0,37105996534228325; 0,13707367749884725
2,0847044811934827; 0,9209809741005301; 0,47375443764030933; 0,7861811425536871; 0,3158075548708439; 0,5687390412203968; 0,8373685320839286; 0,02966387663036585; 0,5655905241146684; 0,7735784542746842; 0,9967224909923971
0,2288918259796201; 0,21919179195538163; 0,9892845614813268; 0,44973349943757057; 0,7660253024660051; 0,10731672355905175; 0,9132928554899991; 0,5876836529932916; 0,5102855646982789; 0,31967826932668686; 0,8315779729746282
1,3982146041195858; 0,8199692112393677; 0,25879780761897564; 0,625236093532294; 0,40407656179741025; 0,9804915594868362; 0,7366145933046937; 0,4004145711660385; 0,5484188375994563; 0,4897731766104698; 0,3433940443210304
0,7923173259245806; 0,23652795748785138; 0,5943506476469338; 0,9180752374231815; 0,9750453908927739; 0,6777484850026667; 0,06220787484198809; 0,8237659861333668; 0,8085145424120128; 0,397295908536762; 0,05040565086528659
0,6322726850286488; 0,8021600996144116; 0,834973918274045; 0,09672851301729679; 0,1796926772221923; 0,1901787561364472; 0,8845538697205484; 0,8873449717648327; 0,8074220595881343; 0,5122212520800531; 0,9447475099004805
-0,23722801788807762; 0,35172500647604465; 0,04829181404784322; 0,5333987139165401; 0,6864087437279522; 0,6310816840268672; 0,29652803810313344; 0,6445330190472305; 0,785309114959091; 0,11273762490600348; 0,10991577943786979
0,39183597787798247; 0,7243015468120575; 0,12838740600273013; 0,867252582218498; 0,8501986041665077; 0,24497239431366324; 0,9389275386929512; 0,05363421095535159; 0,8754281522706151; 0,41488845692947507; 0,46103946352377534
1,0800073821502219; 0,6743769561871886; 0,6788030159659684; 0,46144199930131435; 0,20339319296181202; 0,5302696079015732; 0,1040434530004859; 0,39645039290189743; 0,860482637770474; 0,6501972009427845; 0,6577763645909727
-0,13803686853297326; 0,13570654718205333; 0,7337251589633524; 0,5275569334626198; 0,06104787392541766; 0,7559015448205173; 0,8126981584355235; 0,2233423488214612; 0,18823042744770646; 0,9038306926377118; 0,31735385907813907
0,9520437907166978; 0,05851725349202752; 0,25561000406742096; 0,6736463187262416; 0,051666592713445425; 0,8358949734829366; 0,9137655384838581; 0,891511638648808; 0,22243719920516014; 0,01765134511515498; 0,537769743707031
0,3722370741269503; 0,7363156070932746; 0,035595455672591925; 0,16738237952813506; 0,9749804949387908; 0,7414198140613735; 0,3221897315233946; 0,710302681196481; 0,5621325871907175; 0,37293941993266344; 0,831000723876059
0,32628243463245066; 0,8252069810405374; 0,38392991572618484; 0,9804775137454271; 0,7978336573578417; 0,1004251972772181; 0,19944567000493407; 0,7984878225252032; 0,9685236643999815; 0,2668399722315371; 0,0038479664362967014
2,3418782387476504; 0,5058746510185301; 0,9935816619545221; 0,7805576003156602; 0,15524988435208797; 0,682441902346909; 0,543853928335011; 0,8447278686799109; 0,04902091948315501; 0,024096312001347542; 0,3607885674573481
0,40802191668733656; 0,5172597537748516; 0,9281363668851554; 0,701267933472991; 0,044897980988025665; 0,8393079643137753; 0,9091135109774768; 0,4135879115201533; 0,5668869484215975; 0,6324866474606097; 0,5826606005430222
2,021763017589146; 0,978680903557688; 0,5937225040979683; 0,3897814233787358; 0,7452923441305757; 0,07535958709195256; 0,45811745012179017; 0,32056947192177176; 0,718438743147999; 0,9522200375795364; 0,7449462516233325
1,719723481168979; 0,41715373704209924; 0,5000909976661205; 0,3422427922487259; 0,30591262551024556; 0,43784128967672586; 0,8673356249928474; 0,3784294482320547; 0,6764692915603518; 0,4300331063568592; 0,9888571514748037
1,4096929782757117; 0,6041148439981043; 0,37482592184096575; 0,515804230235517; 0,3322576256468892; 0,9575312719680369; 0,056955463252961636; 0,8386383904144168; 0,9578237072564662; 0,030391838867217302; 0,6754153268411756
0,7240773762703725; 0,9455076614394784; 0,5944309830665588; 0,631854304112494; 0,3003431810066104; 0,8443884472362697; 0,14429342607036233; 0,5477310018613935; 0,8549586879089475; 0,30022035306319594; 0,9170409697107971
2,1989132988876525; 0,6542552025057375; 0,5355401379056275; 0,11222091550007463; 0,9300777427852154; 0,6330472072586417; 0,8830957910977304; 0,1697531221434474; 0,034519582986831665; 0,8166163354180753; 0,6559969447553158
-0,0912355150950745; 0,1701829917728901; 0,5694845551624894; 0,18112868396565318; 0,9501667241565883; 0,31608518678694963; 0,5471859313547611; 0,31664396030828357; 0,32497135922312737; 0,3299472904764116; 0,47767198272049427
1,6188491105994463; 0,3390265838243067; 0,5613888800144196; 0,3761112308129668; 0,3732901611365378; 0,3586599682457745; 0,4263423136435449; 0,2922388231381774; 0,4216711251065135; 0,7263079886324704; 0,9517858242616057
0,2713621895648196; 0,22652180399745703; 0,7770614204928279; 0,016868282109498978; 0,7135303528048098; 0,3913285448215902; 0,7874183245003223; 0,2758252192288637; 0,7447910597547889; 0,6652287254109979; 0,7628580708988011
0,1459359287785641; 0,40493677370250225; 0,5543676875531673; 0,26608714601024985; 0,8265345161780715; 0,9781974535435438; 0,18368770508095622; 0,597200769931078; 0,9578956635668874; 0,3393417480401695; 0,2871865634806454
2,4196435150229734; 0,7572679976001382; 0,9410289255902171; 0,3685304648242891; 0,2451903149485588; 0,11617896240204573; 0,8427130323834717; 0,2827741429209709; 0,31604878744110465; 0,6390952356159687; 0,5830817618407309
0,8587644095217072; 0,7593915462493896; 0,8361449334770441; 0,6567221297882497; 0,10224611451849341; 0,8879731367342174; 0,34430298302322626; 0,027057723607867956; 0,48371846973896027; 0,036573998630046844; 0,44111808063462377
0,45354861990137313; 0,11484750919044018; 0,7525063408538699; 0,18495961651206017; 0,21591259632259607; 0,11772362515330315; 0,9860620032995939; 0,12426673015579581; 0,09736408805474639; 0,12447245977818966; 0,5908521907404065
2,4750269773543634; 0,962457908783108; 0,5317982905544341; 0,4897597567178309; 0,980766830034554; 0,06925403140485287; 0,5291810394264758; 0,9894259260036051; 0,6033996972255409; 0,36731922440230846; 0,1071804822422564
1,6808181487870144; 0,7450820119120181; 0,9009524034336209; 0,9910990800708532; 0,4028669619001448; 0,20413329172879457; 0,9596910309046507; 0,7986598159186542; 0,7205129638314247; 0,6121813240461051; 0,10894047794863582
1,6537759041607105; 0,442338683642447; 0,33263603830710053; 0,4643835932947695; 0,4420604771003127; 0,9114259271882474; 0,500149299390614; 0,9733657855540514; 0,8677151910960674; 0,6862252554856241; 0,3795990417711437
0,3791899690039039; 0,9240516391582787; 0,1555026932619512; 0,9180565578863025; 0,87930862698704; 0,47318781167268753; 0,15039363224059343; 0,8878437969833612; 0,8147901282645762; 0,7477175067178905; 0,5991036938503385
-0,025555626271921483; 0,21241217385977507; 0,3407210181467235; 0,7341282656416297; 0,8290711287409067; 0,9034820063970983; 0,477047189604491; 0,7444851817563176; 0,6075434270314872; 0,15907098725438118; 0,6767418854869902
1,1208841856528378; 0,6524643255397677; 0,010227725841104984; 0,9288894324563444; 0,7110855244100094; 0,18214534828439355; 0,8731941361911595; 0,43126305704936385; 0,5822590570896864; 0,695663645863533; 0,1297797611914575
1,471790363523818; 0,45315019553527236; 0,5879328777082264; 0,6153254769742489; 0,4557593669742346; 0,050318325869739056; 0,5537849529646337; 0,24683895474299788; 0,18223683070391417; 0,17987566348165274; 0,5182753917761147
-0,18403440076074226; 0,2405915088020265; 0,17070012399926782; 0,4036443093791604; 0,5566411758773029; 0,0377849075011909; 0,7291585020720959; 0,46068800846114755; 0,9791369587182999; 0,5635234522633255; 0,4767936891876161
1,3444597324344887; 0,44863138953223825; 0,7970636542886496; 0,27079488802701235; 0,27507715625688434; 0,9687801580876112; 0,3409976651892066; 0,5167249254882336; 0,5960757960565388; 0,43605856224894524; 0,39493240555748343
1,8203316246249537; 0,6259016245603561; 0,9828418400138617; 0,5980905336327851; 0,1870645908638835; 0,3362870900891721; 0,4434234779328108; 0,040318950079381466; 0,24702614080160856; 0,8731038542464375; 0,5578048559837043
-0,16108809775083888; 0,0887931203469634; 0,7559599345549941; 0,01209883438423276; 0,9310967964120209; 0,12893803417682648; 0,8351035141386092; 0,06377819366753101; 0,11284961458295584; 0,17764333356171846; 0,7028205525130033
0,08305701901645132; 0,2386136818677187; 0,23934804648160934; 0,7559581073001027; 0,07360849902033806; 0,500319788698107; 0,5704959705471992; 0,38176785688847303; 0,6981955640949309; 0,5826262873597443; 0,4059118367731571
0,4504274394882357; 0,8540309835225344; 0,5577134168706834; 0,1786317122168839; 0,022686042357236147; 0,8146051065996289; 0,4277441678568721; 0,5926377438008785; 0,8947612615302205; 0,4793603913858533; 0,07612735265865922
1,815201970906254; 0,2392406794242561; 0,6298206704668701; 0,3815052732825279; 0,6074948371388018; 0,31818112451583147; 0,18107167817652225; 0,1108540496788919; 0,6253825332969427; 0,32453986210748553; 0,6562667121179402
0,5578757052753588; 0,6993447192944586; 0,85923868464306; 0,12603371404111385; 0,5005102590657771; 0,44463269505649805; 0,07737749721854925; 0,1807848890312016; 0,6422240100800991; 0,30773603403940797; 0,14240993093699217
1,8890129960224082; 0,20500537613406777; 0,842381018679589; 0,6537840235978365; 0,1424622880294919; 0,7820591651834548; 0,17658632853999734; 0,4692480987869203; 0,6249313312582672; 0,9944164035841823; 0,45401364332064986
-0,45840708042724165; 0,036163557786494493; 0,3008142174221575; 0,13831269834190607; 0,5236818236298859; 0,6184995509684086; 0,7627466153353453; 0,6405626838095486; 0,6443675449118018; 0,5838258299045265; 0,30094459746032953
-0,3291861171133239; 0,1947293495759368; 0,24233375443145633; 0,025969243608415127; 0,12139805220067501; 0,8807259681634605; 0,5766866342164576; 0,7282941844314337; 0,2281630034558475; 0,3800437627360225; 0,9983604070730507
0,9175676510397798; 0,8054595375433564; 0,7000850173644722; 0,5279116202145815; 0,8654145305044949; 0,5279346811585128; 0,9463984929025173; 0,3650968982838094; 0,8712591798976064; 0,42699917778372765; 0,6547288601286709
1,3586190122128534; 0,30047680297866464; 0,7688734317198396; 0,8359898398630321; 0,5767657165415585; 0,7462087012827396; 0,862025564070791; 0,06279581831768155; 0,7042449098080397; 0,21303140558302402; 0,5282763936556876
1,0819742675876631; 0,049764140509068966; 0,9499013698659837; 0,5511129801161587; 0,885714010335505; 0,016976123675704002; 0,5703325215727091; 0,6986089660786092; 0,6262147794477642; 0,37780551658943295; 0,9699936625547707
0,23930885205329938; 0,5418560220859945; 0,34278709487989545; 0,5363685386255383; 0,985888175200671; 0,8065508580766618; 0,6201663571409881; 0,4254150502383709; 0,5360223446041346; 0,5925872223451734; 0,06714949104934931
-0,23493478963014972; 0,24203288974240422; 0,44762364169582725; 0,4822386750020087; 0,9315791176632047; 0,48799982806667686; 0,7071517021395266; 0,3140237773768604; 0,38246285868808627; 0,4389666900970042; 0,9796603377908468
1,9603315298632404; 0,7031813156791031; 0,6149295140057802; 0,9240007288753986; 0,30777481850236654; 0,9058661884628236; 0,10690160235390067; 0,6723460075445473; 0,6930571552366018; 0,37741735065355897; 0,5783358160406351
1,1656861909423442; 0,8114072727039456; 0,11926719779148698; 0,554298940114677; 0,46714036352932453; 0,4813680602237582; 0,15506262192502618; 0,6236178893595934; 0,3628863072954118; 0,941650154069066; 0,2752051232382655
0,5738712308314228; 0,9453443377278745; 0,6187675138935447; 0,06260563526302576; 0,781550660263747; 0,16897727455943823; 0,5386728653684258; 0,6861237697303295; 0,981476619374007; 0,7538209897466004; 0,48093371791765094
1,9078176740229686; 0,9777799402363598; 0,06859021075069904; 0,012364242691546679; 0,5409258380532265; 0,06243803817778826; 0,3988356669433415; 0,2111463355831802; 0,4248068225570023; 0,7398685473017395; 0,039152318611741066
-0,21725493494849557; 0,31711273454129696; 0,23677322920411825; 0,7548065832816064; 0,8908182070590556; 0,7750159311108291; 0,07597751636058092; 0,044340371154248714; 0,5415017949417233; 0,4669212345033884; 0,9938298049382865
-0,04627746291337814; 0,23013278748840094; 0,30821202881634235; 0,4703854979015887; 0,8541498500853777; 0,6833268837071955; 0,8386089848354459; 0,9633447015658021; 0,3755818414501846; 0,7305834447033703; 0,08456471608951688
-0,22830176922218676; 0,051548298448324203; 0,36438176967203617; 0,8590491912327707; 0,9928801171481609; 0,3814627379179001; 0,4846084122546017; 0,9463759809732437; 0,40570669528096914; 0,22827454935759306; 0,23866507317870855
0,6963384486688216; 0,8869822723791003; 0,4001316479407251; 0,864253276027739; 0,16371619515120983; 0,2567189810797572; 0,37087424704805017; 0,4978278842754662; 0,11554726399481297; 0,6172123630531132; 0,30384665448218584
1,8526032822605738; 0,7476295554079115; 0,0244569662027061; 0,5853475676849484; 0,6181154022924602; 0,01938594225794077; 0,08537255460396409; 0,2965126079507172; 0,19848959473893046; 0,5166081138886511; 0,2796440124511719
0,9132842267192793; 0,3104219548404217; 0,9907680354081094; 0,47672773618251085; 0,5407360615208745; 0,478181516751647; 0,5660412781871855; 0,7399898520670831; 0,3575575058348477; 0,44184378907084465; 0,6308980053290725
-0,0006100305878674606; 0,38628142746165395; 0,4977301280014217; 0,916111450176686; 0,3708792054094374; 0,1557203158736229; 0,005829187110066414; 0,8481069351546466; 0,03407712047919631; 0,7729888577014208; 0,20803203992545605
0,8277463206317685; 0,0004976741038262844; 0,7632261705584824; 0,07655536709353328; 0,16922996612265706; 0,18594761984422803; 0,9824092742055655; 0,12579085119068623; 0,6206441395916045; 0,38913399865850806; 0,3809768036007881
0,6660807104180468; 0,8697621701285243; 0,33409095043316483; 0,768559985794127; 0,595869358163327; 0,013295823708176613; 0,38042546110227704; 0,654829238075763; 0,40919197257608175; 0,31362020736560225; 0,1751423692330718
2,4602868758414034; 0,6165910451672971; 0,9493143963627517; 0,9105781242251396; 0,45450814766809344; 0,18581981444731355; 0,935360983479768; 0,8572291079908609; 0,4790403572842479; 0,8575796633958817; 0,6680043158121407
2,436391668106958; 0,9213829129002988; 0,5118446839042008; 0,045672872103750706; 0,6979898000136018; 0,649969884660095; 0,4049630109220743; 0,895106356125325; 0,17552161077037454; 0,6578167742118239; 0,5772843430750072
-0,2494361827362805; 0,35401308722794056; 0,0030925003811717033; 0,6142876013182104; 0,2856054548174143; 0,09063456021249294; 0,2614829670637846; 0,8153929938562214; 0,44728351663798094; 0,9791201925836504; 0,2419508001767099
-0,32225613979420575; 0,002724498976022005; 0,4810944767668843; 0,7412004638463259; 0,008174770511686802; 0,5873717498034239; 0,6456362693570554; 0,8835803768597543; 0,36506914533674717; 0,1431383341550827; 0,7590937707573175
2,0905639498524606; 0,7012886009179056; 0,2748080277815461; 0,27457410655915737; 0,10750575363636017; 0,5810393951833248; 0,11283544870093465; 0,03255966538563371; 0,22306762589141726; 0,35639623226597905; 0,3147142003290355
2,2617911891925178; 0,967870891559869; 0,10009665787220001; 0,6420124005526304; 0,4880870431661606; 0,7262234198860824; 0,37077109422534704; 0,1744214864447713; 0,7914657527580857; 0,23721320508047938; 0,20527858985587955
1,153277309929115; 0,1802972611039877; 0,06013193121179938; 0,887619842775166; 0,7497915248386562; 0,6853752466849983; 0,5284765344113111; 0,7388451341539621; 0,5636142017319798; 0,594495237339288; 0,30974894762039185
0,8654407603147972; 0,8294457914307714; 0,05051327822729945; 0,07214537030085921; 0,002096804790198803; 0,38193193217739463; 0,12045535817742348; 0,7990579348988831; 0,5238305041566491; 0,8353286818601191; 0,48017979972064495
1,9912776716633664; 0,8072864655405283; 0,531122138723731; 0,5779925780370831; 0,506009862292558; 0,11384287662804127; 0,15281216287985444; 0,05594074307009578; 0,7537004449404776; 0,982809376437217; 0,1630889791995287
1,4096430264608921; 0,7109696003608406; 0,8856976456008852; 0,8251560418866575; 0,9777429238893092; 0,36422536289319396; 0,340567119885236; 0,4307162603363395; 0,9980377410538495; 0,30099247861653566; 0,376219283323735
-0,21358125983666496; 0,07868105545639992; 0,06801486760377884; 0,2030283617787063; 0,1754166125319898; 0,10722935805097222; 0,25050575844943523; 0,7439477015286684; 0,8208674066700041; 0,32335794856771827; 0,10361395077779889
0,028537106713579563; 0,24627498537302017; 0,8054371192120016; 0,6256376355886459; 0,5314268483780324; 0,9077973528765142; 0,6839495217427611; 0,256331158336252; 0,5858454490080476; 0,3402954349294305; 0,26015576953068376
1,2466960410935897; 0,9566672863438725; 0,6873555392958224; 0,08399832854047418; 0,6019762083888054; 0,18523118318989873; 0,21003189589828253; 0,14853542391210794; 0,39344113133847713; 0,06583082722499967; 0,004849978256970644
1,7845399829791937; 0,07998291635885835; 0,7073860582895577; 0,46239699609577656; 0,5947965029627085; 0,2654166426509619; 0,3044368186965585; 0,7735777101479471; 0,4818450310267508; 0,6708310544490814; 0,6053380370140076
1,233569890655186; 0,0818381030112505; 0,7444303254596889; 0,7888551708310843; 0,9076624382287264; 0,4047520970925689; 0,3076862087473273; 0,08253068197518587; 0,10142062045633793; 0,5675155515782535; 0,9796303692273796
0,5617620055723529; 0,9184867199510336; 0,2769522159360349; 0,577846662607044; 0,13238841528072953; 0,7722407644614577; 0,6898586102761328; 0,30310876946896315; 0,3040262199938297; 0,01850815210491419; 0,37825375655665994
0,6937949479814562; 0,9123236695304513; 0,007791983895003796; 0,8876239294186234; 0,16700268257409334; 0,7013765652664006; 0,2762658204883337; 0,49671230278909206; 0,31750240735709667; 0,5322777051478624; 0,022166476119309664
-0,31637005046385763; 0,24981299927458167; 0,3179986006580293; 0,763335706666112; 0,6376238474622369; 0,002440290991216898; 0,07516047451645136; 0,6214697551913559; 0,9016488650813699; 0,10095416940748692; 0,9009888619184494
1,572530433162609; 0,7374118831939995; 0,7883010194636881; 0,0693602436222136; 0,8051681532524526; 0,2946755364537239; 0,9525618548505008; 0,9364253003150225; 0,8616354335099459; 0,9066079631447792; 0,7591693238355219
1,578212208188478; 0,8761935029178858; 0,6122094416059554; 0,8098181653767824; 0,7941928585059941; 0,3523352495394647; 0,0343258548527956; 0,27791270008310676; 0,054547401145100594; 0,762450379319489; 0,5273488340899348
0,798111577410628; 0,9141132053919137; 0,3193762847222388; 0,9248699070885777; 0,41375570464879274; 0,5998171325773001; 0,8639640635810792; 0,07067249715328217; 0,1442277473397553; 0,8143332176841795; 0,4065209021791816
1,2141578643685809; 0,7737858090549707; 0,513159510679543; 0,5706380382180214; 0,460532262455672; 0,016087038442492485; 0,4548271307721734; 0,3005284359678626; 0,07369293970987201; 0,8907497064210474; 0,9258972448296845
1,903129329739341; 0,8581040650606155; 0,14790887013077736; 0,5002714646980166; 0,3128513968549669; 0,9362734854221344; 0,1265467251650989; 0,1803236873820424; 0,780962910503149; 0,3326083761639893; 0,36975080613046885
0,8681250453481759; 0,23593745101243258; 0,571752296295017; 0,9085194086655974; 0,5380108780227602; 0,5312296636402607; 0,9028063719160855; 0,668294036295265; 0,9779490283690393; 0,5371153145097196; 0,6094914274290204
0,2919707316509258; 0,6116989743895829; 0,6918751131743193; 0,23061197577044368; 0,6040865094400942; 0,7697344720363617; 0,5059640635736287; 0,9449596810154617; 0,25663071498274803; 0,9359791330061853; 0,3488578968681395
1,5875489725963732; 0,9339250540360808; 0,23079599486663938; 0,2154015195555985; 0,09483861457556486; 0,35404431400820613; 0,7957350970245898; 0,8512595375068486; 0,981307134963572; 0,710765277966857; 0,8300315230153501
1,75955737880458; 0,4257998908869922; 0,12874388927593827; 0,1900224075652659; 0,01359981531277299; 0,40569180669263005; 0,9268245059065521; 0,9669827898032963; 0,1800273540429771; 0,5748458439484239; 0,3645872622728348
1,9450716452694303; 0,7898935652337968; 0,3420773916877806; 0,5533389085903764; 0,4911188497208059; 0,020532578229904175; 0,7500789947807789; 0,44093320006504655; 0,7590822777710855; 0,7964943055994809; 0,1382116382010281
0,6861748606013224; 0,3321877592243254; 0,05749736586585641; 0,9873765972442925; 0,8173309969715774; 0,8369096112437546; 0,09530543396249413; 0,7531088297255337; 0,9573902408592403; 0,8697667145170271; 0,9082808033563197
0,037109887733486724; 0,4540939340367913; 0,2357173659838736; 0,664677616674453; 0,41730697685852647; 0,8843262018635869; 0,38083031633868814; 0,5342042725533247; 0,2805253774859011; 0,7415432347916067; 0,17959052650257945
1,7661776372650015; 0,6577147589996457; 0,41544336592778563; 0,47516302298754454; 0,5999357257969677; 0,8062995509244502; 0,46269140718504786; 0,17883627954870462; 0,11898514162749052; 0,6160105122253299; 0,4909144015982747
0,45940780176208923; 0,06933538289740682; 0,6289265914820135; 0,6653388566337526; 0,6968028079718351; 0,36532507091760635; 0,962970030028373; 0,7570229321718216; 0,4933325150050223; 0,04763774247840047; 0,8273085136897862
1,7419549816857836; 0,4401836902834475; 0,3381909574382007; 0,8311174330301583; 0,32964211050421; 0,3545818035490811; 0,5699527398683131; 0,39156837575137615; 0,16978019988164306; 0,3719999911263585; 0,5483471350744367
-0,2568819813236006; 0,02464085491374135; 0,5942090251483023; 0,11134104989469051; 0,5732071264646947; 0,8843443500809371; 0,541926029138267; 0,5660365582443774; 0,9364523743279278; 0,18065232364460826; 0,47465890971943736
0,6746964128589233; 0,843365591019392; 0,8860887754708529; 0,2105430862866342; 0,33198858285322785; 0,7092268043197691; 0,8895323136821389; 0,9039932456798851; 0,3576219864189625; 0,5696135070174932; 0,6926998728886247
-0,129013823230413; 0,2126614572480321; 0,020080996211618185; 0,02124999323859811; 0,07043716823682189; 0,6330697368830442; 0,524051992688328; 0,030354229267686605; 0,33109501050785184; 0,44206766597926617; 0,7067375448532403
1,808502031805311; 0,5952083696611226; 0,8475467185489833; 0,9462527856230736; 0,12500369641929865; 0,2680739099159837; 0,354801001958549; 0,2697210106998682; 0,3940072697587311; 0,13607163354754448; 0,847945346031338
2,0621891285592726; 0,9932513008825481; 0,4622977068647742; 0,971608255058527; 0,712752319406718; 0,3920330721884966; 0,8578160838223994; 0,9708867389708757; 0,9708100613206625; 0,49757924815639853; 0,418951322324574
0,7513956934313111; 0,9494749000295997; 0,19640557561069727; 0,27550479024648666; 0,18569860607385635; 0,35802495572716; 0,33193196123465896; 0,15955279441550374; 0,2841265182942152; 0,18476458173245192; 0,6908488487824798
1,1043861379369249; 0,35726595437154174; 0,962801203597337; 0,7369127632118762; 0,8430923693813384; 0,13703259034082294; 0,01696412544697523; 0,5428981995210052; 0,9820731575600803; 0,4860976440832019; 0,7755609629675746
0,6711307580699108; 0,5864778012037277; 0,14385877130553126; 0,872821188531816; 0,25457209115847945; 0,8037647888995707; 0,463970061391592; 0,1300923451781273; 0,23995504807680845; 0,9229160053655505; 0,6842966321855783
2,187645088715342; 0,8865361413918436; 0,6963523300364614; 0,49226232059299946; 0,6307099871337414; 0,8847970627248287; 0,44334374740719795; 0,1605442799627781; 0,22586281364783645; 0,7962868777103722; 0,30052972584962845
0,26292469263089924; 0,6851202403195202; 0,02428156416863203; 0,028469792567193508; 0,21373948827385902; 0,7228781650774181; 0,015824437607079744; 0,298142340965569; 0,7749574962072074; 0,046761089470237494; 0,3985780831426382
1,6956282835412178; 0,6991837327368557; 0,4089168603532016; 0,6557433726266026; 0,532418467104435; 0,8370742532424629; 0,788237455766648; 0,5943472641520202; 0,45352872274816036; 0,9381371946074069; 0,4612862947396934
0,3146063505326755; 0,8386786705814302; 0,44391978066414595; 0,8091066740453243; 0,05532693490386009; 0,26941353594884276; 0,06971641583368182; 0,8274093884974718; 0,5723639661446214; 0,0847193212248385; 0,760814051143825
1,6974098330355312; 0,6000818400643766; 0,21958524733781815; 0,6728612496517599; 0,2961127436719835; 0,14666649280115962; 0,6634755884297192; 0,0005566133186221123; 0,2325814152136445; 0,2539098346605897; 0,14828675193712115
-0,006111351257009977; 0,023971026297658682; 0,43514324026182294; 0,18268376355990767; 0,7278093765489757; 0,6673944601789117; 0,91256432980299; 0,8972474802285433; 0,8258771984837949; 0,6685603377409279; 0,6727787493728101
0,572773567116721; 0,8473344692029059; 0,43239783123135567; 0,9497647508978844; 0,5263397935777903; 0,03345086704939604; 0,9189041666686535; 0,030044108163565397; 0,4447432504966855; 0,9731531511060894; 0,9743835194967687
0,9003412979007369; 0,4746450553648174; 0,8649920322932303; 0,12563714245334268; 0,31930737057700753; 0,23003546614199877; 0,399405631236732; 0,0369156077504158; 0,66174550447613; 0,5604266463778913; 0,07541791116818786
0,35652587153696996; 0,5030481559224427; 0,40816538222134113; 0,15523016778752208; 0,250502722337842; 0,993247183971107; 0,4825878315605223; 0,7057109135203063; 0,9467228651046753; 0,15369533468037844; 0,04291628394275904
0,9648348697749709; 0,9547412982210517; 0,891915328335017; 0,0251689818687737; 0,9106057188473642; 0,32288235519081354; 0,07124073384329677; 0,6212695208378136; 0,6160111427307129; 0,5520516019314528; 0,46951686404645443
0,7065097699679845; 0,733847988769412; 0,6880719461478293; 0,6500030658207834; 0,3034696732647717; 0,11542913177981973; 0,5270874076522887; 0,08528914488852024; 0,848321121186018; 0,6397560825571418; 0,36055276822298765
1,220365061069258; 0,8952942225150764; 0,379052194301039; 0,981366737280041; 0,809564187657088; 0,72846640041098; 0,5932099898345768; 0,7266607531346381; 0,5342402746900916; 0,8352424325421453; 0,6508308425545692
0,9884333383978066; 0,18579722754657269; 0,7227700757794082; 0,996198171749711; 0,746450450271368; 0,07583892391994596; 0,5635168412700295; 0,34452245803549886; 0,3638038719072938; 0,12296198215335608; 0,6040603565052152
0,7712993919934201; 0,33838468696922064; 0,0968652619048953; 0,8321458264254034; 0,32708268612623215; 0,028468961361795664; 0,49889297178015113; 0,5870968783274293; 0,09755359496921301; 0,32063565496355295; 0,5898348395712674
1,6177673688514342; 0,36969099240377545; 0,5493533271364868; 0,4614419532008469; 0,1090078609995544; 0,3933255486190319; 0,9798291516490281; 0,5193471172824502; 0,6277348222211003; 0,25874474085867405; 0,03533804230391979
-0,5213208353354397; 0,07259391667321324; 0,1710566091351211; 0,5024241744540632; 0,8419897044077516; 0,40907294023782015; 0,06602516770362854; 0,40223142970353365; 0,83544313441962; 0,45627712504938245; 0,36018997337669134
2,4886248272601836; 0,9978430820629001; 0,837088709231466; 0,8402497018687427; 0,12743342854082584; 0,2915181559510529; 0,7772063952870667; 0,7704221364110708; 0,11986054014414549; 0,3212076770141721; 0,13772232411429286
-0,14286778573642342; 0,20888218190521002; 0,3232552818953991; 0,8287614262662828; 0,9743091110140085; 0,029324685223400593; 0,32727936236187816; 0,7922836253419518; 0,3192127728834748; 0,3463669093325734; 0,31176775926724076
1,566525479232572; 0,11567952018231153; 0,9478946081362665; 0,9649285427294672; 0,21878118393942714; 0,7970237242989242; 0,46825049445033073; 0,6736604501493275; 0,5157198440283537; 0,02134849689900875; 0,5321060130372643
0,796084974065126; 0,5522227552719414; 0,22003180300816894; 0,5170333152636886; 0,8042081990279257; 0,6953713027760386; 0,17100724065676332; 0,30324835423380136; 0,516557096503675; 0,15732242446392775; 0,23280050558969378
-0,16635669523806185; 0,4804764105938375; 0,09373336611315608; 0,05030479747802019; 0,9415262690745294; 0,5565848052501678; 0,4341625701636076; 0,3983917119912803; 0,6712716543115675; 0,7791265933774412; 0,5124123371206224
-0,3044631733051962; 0,0026536774821579456; 0,4128661695867777; 0,03170389635488391; 0,8807976651005447; 0,5584005513228476; 0,4155393401160836; 0,5600651707500219; 0,6933616171590984; 0,6477424507029355; 0,783518080599606
0,14725342429539912; 0,26968586072325706; 0,9573717177845538; 0,7633423712104559; 0,6863374495878816; 0,7329462771303952; 0,9861373854801059; 0,4285842841491103; 0,36048316210508347; 0,9597706878557801; 0,5716555938124657
0,796167282671939; 0,26427336875349283; 0,35559722362086177; 0,20146337198093534; 0,38162866700440645; 0,09849271457642317; 0,0019165794365108013; 0,6701960172504187; 0,3457936318591237; 0,9631489720195532; 0,10484416736289859
0,9867270347785345; 0,2493923925794661; 0,28261672193184495; 0,22183732455596328; 0,6063049100339413; 0,39599665300920606; 0,8796856263652444; 0,5398943834006786; 0,6496379845775664; 0,7578207533806562; 0,7298000338487327
0,6553621062637978; 0,5194270685315132; 0,3398881275206804; 0,564819058869034; 0,5439171702601016; 0,7809392623603344; 0,5309651149436831; 0,662340335547924; 0,8279705634340644; 0,28346288576722145; 0,6413949341513216
0,023333830756924412; 0,45890779001638293; 0,038879829458892345; 0,7874318296089768; 0,9930728171020746; 0,3641769872047007; 0,9584532654844224; 0,5845902096480131; 0,7289267107844353; 0,1981049277819693; 0,18160155648365617
1,2919362553604583; 0,5305656809359789; 0,920468979049474; 0,3812108589336276; 0,6432493599131703; 0,7280009719543159; 0,3120086742565036; 0,5931147080846131; 0,4235431104898453; 0,14586022263392806; 0,5834679966792464
0,37725162298822923; 0,6885040644556284; 0,7176584270782769; 0,17067696759477258; 0,31176253966987133; 0,9427951211109757; 0,5200952799059451; 0,14390716142952442; 0,08767330646514893; 0,24671492306515574; 0,609743510838598
-0,10240344065372256; 0,006339536048471928; 0,5992272021248937; 0,8890460920520127; 0,7457428053021431; 0,2702980893664062; 0,9193703327327967; 0,8040539934299886; 0,23353064712136984; 0,9263690249063075; 0,8461540145799518
1,1170284531025414; 0,6559118297882378; 0,8439817931503057; 0,003317934926599264; 0,2034496022388339; 0,8658217997290194; 0,48654543003067374; 0,7112049534916878; 0,16292656445875764; 0,7774558607488871; 0,794587001670152
2,3720451607028314; 0,9432484526187181; 0,45400618435814977; 0,531317331828177; 0,07268151501193643; 0,15257411310449243; 0,6228306754492223; 0,20928619895130396; 0,9913921719416976; 0,6381510621868074; 0,7015987331978977
1,7009017825472377; 0,10005981801077724; 0,730228990316391; 0,9651143862865865; 0,6022622031159699; 0,43524989765137434; 0,34339056350290775; 0,17344679636880755; 0,8492217981256545; 0,8253981922753155; 0,7743552443571389
1,2527742657527678; 0,8217426743358374; 0,2425958700478077; 0,5261333012022078; 0,6269853324629366; 0,6218698862940073; 0,46427426394075155; 0,45327089354395866; 0,7728432207368314; 0,7970172110944986; 0,4340317081660032
1,1901833702774502; 0,3371699983254075; 0,35903016943484545; 0,8668495528399944; 0,3432933851145208; 0,5246221856214106; 0,5879159569740295; 0,02018509665504098; 0,2581407115794718; 0,6628214083611965; 0,1991708530113101
0,886559507787908; 0,3761017620563507; 0,5571334734559059; 0,32662520837038755; 0,5247514280490577; 0,6508171819150448; 0,16727312235161662; 0,5795369995757937; 0,6400795886293054; 0,8539615855552256; 0,38959526969119906
0,7456698905391739; 0,07756525557488203; 0,3253594976849854; 0,379569286480546; 0,8986749202013016; 0,18197356071323156; 0,17112497566267848; 0,06738817971199751; 0,5417424985207617; 0,039912831503897905; 0,3413272169418633
0,346143781357157; 0,2690844926983118; 0,7018715245649219; 0,019472137093544006; 0,35156309697777033; 0,04478443134576082; 0,8392196847125888; 0,20234664296731353; 0,40928083658218384; 0,8319771480746567; 0,7325753774493933
1,9299728484705674; 0,9334766385145485; 0,700853425078094; 0,5195702067576349; 0,4339830055832863; 0,25909696193411946; 0,6635612221434712; 0,22315045539289713; 0,6037565697915852; 0,47005446162074804; 0,15998883685097098
1,8954842582908902; 0,0740429456345737; 0,9679640885442495; 0,1431180089712143; 0,6481435978785157; 0,08389308582991362; 0,5032749706879258; 0,7471387605182827; 0,49417037097737193; 0,7309247157536447; 0,5584950335323811
0,41560304713841567; 0,07329731341451406; 0,38542390055954456; 0,2184511930681765; 0,45864182338118553; 0,4775845995172858; 0,25369428656995296; 0,07855532458052039; 0,17643856070935726; 0,2533522010780871; 0,5631017391569912
-0,254912050335334; 0,3919047792442143; 0,06866011815145612; 0,5520253428258002; 0,15090353693813086; 0,8630654821172357; 0,31352976616472006; 0,3137300102971494; 0,4773351801559329; 0,15797816636040807; 0,3852157508954406
0,7038902168155103; 0,714726329781115; 0,34470477420836687; 0,9839357994496822; 0,4493706407956779; 0,03108383808284998; 0,6677935114130378; 0,2824455136433244; 0,456441858317703; 0,853047982789576; 0,8301511756144464
0,5660945885487734; 0,9344968260265887; 0,314961981959641; 0,5068756411783397; 0,45300458557903767; 0,2716909241862595; 0,12010480044409633; 0,5399214951321483; 0,22529645822942257; 0,06744373729452491; 0,9672013744711876
1,9695603055379025; 0,7488853456452489; 0,931405327282846; 0,8781255171634257; 0,7593823969364166; 0,7900623478926718; 0,6288028829731047; 0,15271470928564668; 0,8266598680056632; 0,08272189740091562; 0,4900378664024174
0,2845088890579134; 0,6013685595244169; 0,7093766047619283; 0,7961877253837883; 0,18257577065378428; 0,17230631411075592; 0,3294978588819504; 0,03706254716962576; 0,8019458199851215; 0,014588449615985155; 0,5965627944096923
0,5537707415640916; 0,46228632889688015; 0,8443940165452659; 0,23427765630185604; 0,3815480349585414; 0,8336942652240396; 0,3648843099363148; 0,6701863277703524; 0,6337053305469453; 0,06254204548895359; 0,015773986466228962
0,23599497025600483; 0,1411095131188631; 0,3253605547361076; 0,3330911877565086; 0,11758676543831825; 0,7689466536976397; 0,750807071570307; 0,7489191079512239; 0,438367510214448; 0,47425729501992464; 0,11755763879045844
1,852924125422879; 0,41251751966774464; 0,8702375460416079; 0,8827165234833956; 0,2390584573149681; 0,5035449080169201; 0,3821448846720159; 0,3034601956605911; 0,9035071418620646; 0,14421981247141957; 0,8907100646756589
0,533904572929125; 0,8283860362134874; 0,3209276422858238; 0,16424565389752388; 0,8880649851635098; 0,7492432375438511; 0,6814829953946173; 0,8914368720725179; 0,7797734132036567; 0,04151194402948022; 0,03340638382360339
1,7321031035065912; 0,2668832200579345; 0,4810323570854962; 0,45599366212263703; 0,09282976388931274; 0,7536229831166565; 0,6129752811975777; 0,038119097240269184; 0,009824267588555813; 0,6629882976412773; 0,41413402697071433
1,6478795838472515; 0,44819173915311694; 0,4359982688911259; 0,041236380115151405; 0,266684680711478; 0,8276698086410761; 0,3138065901584923; 0,16063776006922126; 0,27989195100963116; 0,5229362878017128; 0,47437032824382186
1,5929717745386849; 0,6788583099842072; 0,8628364647738636; 0,6268512294627726; 0,3568320809863508; 0,7312673712149262; 0,44460149575024843; 0,10670671379193664; 0,5444176462478936; 0,573334860149771; 0,4134395122528076
2,4118312059283067; 0,9769409438595176; 0,5257765892893076; 0,1422620532102883; 0,9572271448560059; 0,786158808041364; 0,5226938966661692; 0,9788140789605677; 0,4090642174705863; 0,6781620485708117; 0,3264157143421471
0,6855634978075192; 0,20708309998735785; 0,6187286647036672; 0,8263846603222191; 0,9960017860867083; 0,8202457106672227; 0,4030058151111007; 0,8538387366570532; 0,9163388931192458; 0,9046667516231537; 0,8577226055786014
2,487826116105337; 0,6565246898680925; 0,9168798620812595; 0,8043665634468198; 0,5413229204714298; 0,702062847558409; 0,6141148991882801; 0,03116894979029894; 0,1732423286885023; 0,29936506133526564; 0,39720533275976777
0,13004813717855823; 0,7110362187959254; 0,33741303347051144; 0,008129628375172615; 0,11857349006459117; 0,605844100471586; 0,787859148811549; 0,4229413364082575; 0,6464781784452498; 0,9841685206629336; 0,7269774917513132
0,902898444595563; 0,9689457193017006; 0,6285798181779683; 0,7843992714770138; 0,6685413718223572; 0,20377827202901244; 0,757557658944279; 0,4794129244983196; 0,9848687574267387; 0,6207379144616425; 0,14403612352907658
1,392249887140485; 0,5379646299406886; 0,46767576038837433; 0,6756907464005053; 0,45538901537656784; 0,23833869816735387; 0,5265359082259238; 0,9795156214386225; 0,1776811364106834; 0,05961286276578903; 0,8130193343386054
0,02956118415103512; 0,1537525113672018; 0,9374990346841514; 0,9684327896684408; 0,2121356688439846; 0,9465306219644845; 0,8901207842864096; 0,3014415050856769; 0,05871823010966182; 0,5094990413635969; 0,5859589711762965
1,6551996537102611; 0,5003193281590939; 0,8049611011520028; 0,221479756757617; 0,64232028555125; 0,512561603449285; 0,7581425495445728; 0,42244169441983104; 0,6885973429307342; 0,5417472245171666; 0,8940408863127232
1,591742723100608; 0,6274954876862466; 0,18447113502770662; 0,8591752992942929; 0,753413715865463; 0,49063699319958687; 0,6220753393135965; 0,8269453276880085; 0,9319644109345973; 0,25670312950387597; 0,8624327997677028
0,5349559498832751; 0,6083955178037286; 0,8620052710175514; 0,15524348337203264; 0,7256390023976564; 0,8647674084641039; 0,38854551082476974; 0,7083401242271066; 0,08946195896714926; 0,7558155315928161; 0,1227412037551403
1,3983753185449919; 0,016105472575873137; 0,14471942046657205; 0,048255824483931065; 0,3039091918617487; 0,6984178950078785; 0,9576374748721719; 0,1692096800543368; 0,004989007022231817; 0,9354946012608707; 0,14950205711647868
1,8917980279951423; 0,5241627912037075; 0,6951078753918409; 0,7268377155996859; 0,6972321202047169; 0,28483286732807755; 0,4239933621138334; 0,2772288420237601; 0,1082553737796843; 0,016458312049508095; 0,24669665144756436
1,845547746900663; 0,7289365464821458; 0,08001742931082845; 0,6411004234105349; 0,6489820689894259; 0,7517264964990318; 0,2063747583888471; 0,40949692483991385; 0,8234581043943763; 0,6048616613261402; 0,03638981515541673
1,6261352787140808; 0,7738091102801263; 0,395606632810086; 0,24781598104164004; 0,6916742688044906; 0,7103519891388714; 0,8868135581724346; 0,3525165277533233; 0,40463896188884974; 0,12184195313602686; 0,8020248101092875
1,2799990342797183; 0,3864518874324858; 0,7146936412900686; 0,12533954763785005; 0,4022561004385352; 0,4378113583661616; 0,4674259889870882; 0,8951449110172689; 0,31417059851810336; 0,5140352244488895; 0,7376552964560688
0,1364819835456781; 0,10117329005151987; 0,13451221119612455; 0,12003468722105026; 0,08481746958568692; 0,24822728661820292; 0,4008577666245401; 0,6770174470730126; 0,05295955063775182; 0,4255752000026405; 0,992495293263346
1,8827227957476356; 0,8535142708569765; 0,6309206197038293; 0,3728210153058171; 0,0015417211689054966; 0,1463254182599485; 0,6461817133240402; 0,4467530632391572; 0,3568890383467078; 0,8243450270965695; 0,09352466464042664
0,13729485242371398; 0,5875765425153077; 0,14121167873963714; 0,7091605737805367; 0,1649272539652884; 0,9015262136235833; 0,9430715311318636; 0,09934200532734394; 0,9681528029032052; 0,2647554874420166; 0,8560193669982255
0,3771835535073913; 0,6912007788196206; 0,5038880789652467; 0,9819677020423114; 0,004198790527880192; 0,14653112227097154; 0,32205749675631523; 0,723069760017097; 0,12866697600111365; 0,11248902650550008; 0,865714596118778
2,0806086945405675; 0,7389191091060638; 0,1209549237973988; 0,39018297428265214; 0,2719148378819227; 0,7115872516296804; 0,1182034513913095; 0,39688755851238966; 0,750208314973861; 0,13448675349354744; 0,1582545000128448
0,003237734927527769; 0,6203239406459033; 0,19669649796560407; 0,49099990725517273; 0,30829465109854937; 0,7410674639977515; 0,35386534687131643; 0,7171042943373322; 0,6034253477118909; 0,5703524970449507; 0,4966322248801589
1,7657247272265921; 0,4084010925143957; 0,13316536182537675; 0,6422606436535716; 0,7519205040298402; 0,805492153391242; 0,33094628993421793; 0,6626334893517196; 0,5237536877393723; 0,9280563369393349; 0,49837414594367146
0,9081921771167296; 0,7705878778360784; 0,9050968638621271; 0,6393003966659307; 0,46676486637443304; 0,602271577809006; 0,8738163905218244; 0,20885530347004533; 0,6783123533241451; 0,27198133431375027; 0,03583667939528823
1,211477382000305; 0,5020513390190899; 0,010372883640229702; 0,26090535521507263; 0,1805142927914858; 0,6151989218778908; 0,6270497841760516; 0,7142271129414439; 0,15632077679038048; 0,3491315538994968; 0,7923847907222807
1,027761294981598; 0,7526869126595557; 0,799348037224263; 0,5699052275158465; 0,5934691443108022; 0,8424498639069498; 0,040062214713543653; 0,6929878969676793; 0,2956707552075386; 0,7959074066020548; 0,79938087426126
1,1537617687883583; 0,2517517264932394; 0,510280676651746; 0,2973292046226561; 0,6273248586803675; 0,46613309858366847; 0,9821782535873353; 0,35128379007801414; 0,23026791540905833; 0,931874718517065; 0,5810837554745376
1,8774818989599504; 0,632697387598455; 0,051065484527498484; 0,596471946220845; 0,014970451593399048; 0,3824894321151078; 0,9702945174649358; 0,9483901271596551; 0,34917782386764884; 0,4340903447009623; 0,7434329208917916
1,4289853731004678; 0,006704505067318678; 0,26632837019860744; 0,18454266991466284; 0,11194797744974494; 0,6511544021777809; 0,575867211446166; 0,29708034358918667; 0,07822610810399055; 0,13650885969400406; 0,8131405520252883
0,7431314367595001; 0,9635610594414175; 0,8381182332523167; 0,39542829524725676; 0,9818374770693481; 0,32366035925224423; 0,9516818970441818; 0,2554864250123501; 0,46318861469626427; 0,9960820130072534; 0,026375734247267246
0,21665319231223978; 0,4792109285481274; 0,5700541362166405; 0,5930127948522568; 0,583840009290725; 0,5128038893453777; 0,4210563017986715; 0,5022170282900333; 0,631002152338624; 0,10780579829588532; 0,13547210162505507
0,4171603302500348; 0,1617631148546934; 0,7648946582339704; 0,06961940554901958; 0,2511238302104175; 0,1375444233417511; 0,38165170373395085; 0,8924931306391954; 0,9064250248484313; 0,48160814912989736; 0,5212251516059041
1,654234088865839; 0,696566968690604; 0,004545230884104967; 0,18388073099777102; 0,8265238427557051; 0,9387977570295334; 0,7468324843794107; 0,02707144943997264; 0,42423207126557827; 0,21071501215919852; 0,03396959416568279
2,002452812680992; 0,4925479865632951; 0,7538220630958676; 0,49975130474194884; 0,8988826666027308; 0,1414789971895516; 0,21487513044849038; 0,20488691655918956; 0,23053421173244715; 0,6292343698441982; 0,5244633830152452
-0,32922176139699977; 0,1616144608706236; 0,19166050758212805; 0,23461326537653804; 0,6368508976884186; 0,46104571828618646; 0,7653530645184219; 0,508945245295763; 0,3981393096037209; 0,16444431664422154; 0,598281763959676
1,4064694815085268; 0,294250110629946; 0,297125821467489; 0,6866128337569535; 0,44044277956709266; 0,6466504773125052; 0,4173206598497927; 0,9152829106897116; 0,6099252765998244; 0,43471706798300147; 0,6578983222134411
-0,19319831679943505; 0,23997112642973661; 0,5018146140500903; 0,6364409127272666; 0,4198545594699681; 0,13535985304042697; 0,08408251637592912; 0,8474472784437239; 0,4357183687388897; 0,4832036937586963; 0,36486813332885504
1,4138347543808942; 0,0925202826038003; 0,12884078826755285; 0,7629248984158039; 0,6277094394899905; 0,8015750199556351; 0,18992799846455455; 0,5437852903269231; 0,6530593470670283; 0,7944017709232867; 0,015424434095621109
0,7279899466491775; 0,148352122399956; 0,9537557163275778; 0,8164117368869483; 0,2685427302494645; 0,7014054576866329; 0,05355793237686157; 0,8692334042862058; 0,3837773925624788; 0,6642984785139561; 0,03443566896021366
1,8874122314935657; 0,9027777654118836; 0,48964308435097337; 0,6767473532818258; 0,13409650651738048; 0,15137405460700393; 0,5774478488601744; 0,7704977295361459; 0,2806451413780451; 0,3892334788106382; 0,42385893082246184
0,27984812116492824; 0,32501640683040023; 0,8380170548334718; 0,5745902163907886; 0,9326244695112109; 0,12192669231444597; 0,5405768076889217; 0,8551624729298055; 0,21520983707159758; 0,6141553102061152; 0,055286167189478874
0,16491601087995733; 0,5396309136413038; 0,0091126156039536; 0,3338837316259742; 0,3855962045490742; 0,762454304844141; 0,40790361166000366; 0,9675402618013322; 0,15480847610160708; 0,39635490952059627; 0,43715501530095935
0,33233583009084977; 0,11163717927411199; 0,21544920094311237; 0,9319791905581951; 0,7909460309892893; 0,45448523107916117; 0,49649895960465074; 0,1262515876442194; 0,19036736944690347; 0,5526212779805064; 0,15520010655745864
0,5079872306294925; 0,5875272857956588; 0,47045806841924787; 0,19108425546437502; 0,8052113647572696; 0,09419085551053286; 0,12478334177285433; 0,4739141152240336; 0,6407967233099043; 0,35464570531621575; 0,7959433034993708
1,635126953080647; 0,12892907997593284; 0,87103898730129; 0,8291051178239286; 0,03459779638797045; 0,1329489885829389; 0,12306076707318425; 0,7960260096006095; 0,10140116605907679; 0,4886327004060149; 0,3936723815277219
1,710010798693952; 0,9273164528422058; 0,3722145431675017; 0,6048873416148126; 0,7615310731343925; 0,04586413921788335; 0,11911326926201582; 0,2924607992172241; 0,08166634058579803; 0,9402598459273577; 0,1232492788694799
1,3215967570192704; 0,6264128983020782; 0,9543218594044447; 0,6380719779990613; 0,8388440441340208; 0,5718117631040514; 0,08528026472777128; 0,4475318896584213; 0,34313425375148654; 0,8407930736429989; 0,3914050469174981
1,4148286651263313; 0,6162448334507644; 0,46808828320354223; 0,31427275435999036; 0,6729099652729928; 0,13196621648967266; 0,9487177724950016; 0,008622317109256983; 0,6888816673308611; 0,8309701946564019; 0,8719672411680222
0,03709492486381699; 0,4578438769094646; 0,06420501973479986; 0,0874243313446641; 0,006721725221723318; 0,8725306871347129; 0,6981187472119927; 0,6808515726588666; 0,4186998479999602; 0,2695559994317591; 0,2888718447647989
1,625893647704651; 0,516555008944124; 0,563615441787988; 0,8475436861626804; 0,05011439463123679; 0,4340288732200861; 0,7123600696213543; 0,6689796503633261; 0,016979041043668985; 0,5583231700584292; 0,817303916439414
1,8855378564719745; 0,41310387244448066; 0,6589429508894682; 0,3301010369323194; 0,32467691460624337; 0,202525504399091; 0,10013376828283072; 0,25574184907600284; 0,8864837577566504; 0,07982508232817054; 0,12171514565125108
0,6845212057333698; 0,6120948297902942; 0,9802140439860523; 0,5848704050295055; 0,8086266540922225; 0,7588504310697317; 0,25924836471676826; 0,027982854284346104; 0,8465266791172326; 0,2314347457140684; 0,5316982618533075
0,4305680323683537; 0,7517019030638039; 0,7125632548704743; 0,4682842115871608; 0,08049958292394876; 0,6601793384179473; 0,29620423587039113; 0,21685229940339923; 0,9927895935252309; 0,35780635802075267; 0,6912386463955045
2,0286704964050553; 0,6028279373422265; 0,37151363072916865; 0,7989025264978409; 0,8292470201849937; 0,8452526708133519; 0,3548820735886693; 0,6941662314347923; 0,16074300184845924; 0,8841961016878486; 0,4550198125652969
0,33490974823480407; 0,3900147373788059; 0,46979331225156784; 0,30978592298924923; 0,858557001221925; 0,4755018772557378; 0,13811625447124243; 0,11378812370821834; 0,5791268637403846; 0,24896339233964682; 0,7525870278477669
1,256764841291567; 0,8325697546824813; 0,3035923270508647; 0,5756833455525339; 0,11773217236623168; 0,81877785269171; 0,3613169491291046; 0,1936439019627869; 0,19973866362124681; 0,2258990090340376; 0,6217305972240865
0,8886240394795191; 0,23124723229557276; 0,09630052093416452; 0,5187639323994517; 0,3391556213609874; 0,9585702503100038; 0,8314107754267752; 0,23937820876017213; 0,986024456564337; 0,18058008654043078; 0,250766453333199
1,719755674276209; 0,2594142952002585; 0,8723487192764878; 0,13448194367811084; 0,9505779584869742; 0,9647370474413037; 0,7190344892442226; 0,9392396779730916; 0,7951209368184209; 0,9541685990989208; 0,8490664912387729
1,039835063364597; 0,7240252234041691; 0,10612271074205637; 0,7992628561332822; 0,9634597823023796; 0,508615527767688; 0,8107698285020888; 0,8820958253927529; 0,24144903663545847; 0,10486780060455203; 0,6251407046802342
0,34006394524948935; 0,7888185996562243; 0,533868620172143; 0,3369286614470184; 0,7437321348115802; 0,9687000019475818; 0,13833952834829688; 0,45258135348558426; 0,8983704848214984; 0,964300864841789; 0,5196222108788788
-0,14247285563990408; 0,08474140148609877; 0,17844219040125608; 0,2235220754519105; 0,5748182809911668; 0,04263038234785199; 0,33203544095158577; 0,6609665923751891; 0,0035477206110954285; 0,26898497994989157; 0,0770539678633213
-0,25667145222311005; 0,07555254688486457; 0,33978488575667143; 0,9496723106130958; 0,18361146748065948; 0,5262037287466228; 0,19088377803564072; 0,18001433415338397; 0,03698998410254717; 0,14327132608741522; 0,983356820885092
1,117510765711345; 0,49791803769767284; 0,713381941895932; 0,9733492904342711; 0,9128410033881664; 0,1656573829241097; 0,6129277539439499; 0,0588003839366138; 0,6001264816150069; 0,9669570955447853; 0,17216073907911777
1,4656995835967512; 0,305322568397969; 0,843781110830605; 0,47722292179241776; 0,7629301170818508; 0,756123153027147; 0,03156596980988979; 0,16161960549652576; 0,5691245156340301; 0,8520978293381631; 0,4617123301140964
1,5395267630628058; 0,6270013502798975; 0,6292551001533866; 0,3842451823875308; 0,5105737703852355; 0,2295926040969789; 0,17630555806681514; 0,6321050603874028; 0,519334252923727; 0,5414792289957404; 0,7046011639758945
2,072333137667551; 0,5996828638017178; 0,5228911428712308; 0,989075742661953; 0,3009393787942827; 0,9519981718622148; 0,5879426090978086; 0,790557177271694; 0,8303821571171284; 0,5910759647376835; 0,10594616597518325
0,5936776510590931; 0,871573185082525; 0,5845018494874239; 0,5191852780990303; 0,3920102333649993; 0,25093630561605096; 0,8526622643694282; 0,08183855377137661; 0,6498020854778588; 0,051424752455204725; 0,5915394136682153
0,887146376511303; 0,09732859907671809; 0,4597367634996772; 0,1626944076269865; 0,7778812367469072; 0,5417791875079274; 0,45525094494223595; 0,43188222078606486; 0,6943120020441711; 0,6690246774815023; 0,52142174821347
2,34697832359109; 0,5793221611529589; 0,8427975736558437; 0,33438614290207624; 0,05690830713137984; 0,9084544237703085; 0,19990682182833552; 0,7053849217481911; 0,21803196799010038; 0,3629645830951631; 0,023969717789441347
1,373176624734296; 0,07219167752191424; 0,6389303160831332; 0,6505016176961362; 0,7138314330950379; 0,48521664598956704; 0,35150764090940356; 0,7689006887376308; 0,6189251407049596; 0,3584060394205153; 0,877840279135853
1,076249940161131; 0,5643693320453167; 0,5004305336624384; 0,8455822798423469; 0,9137645680457354; 0,6748531772755086; 0,7969957739114761; 0,8311068513430655; 0,3687939648516476; 0,9197359876707196; 0,10091135278344154
0,9570693609577486; 0,8418112830258906; 0,764613751322031; 0,7116857920773327; 0,02263872465118766; 0,8284708792343736; 0,9778732834383845; 0,7657547811977565; 0,6159354778937995; 0,9865271048620343; 0,6629617842845619
1,1295925167340406; 0,16097420966252685; 0,8593447944149375; 0,30745385494083166; 0,3515272606164217; 0,8616560571826994; 0,966450959444046; 0,071854202542454; 0,6549472841434181; 0,8150464361533523; 0,4251462137326598
1,411013252458969; 0,33890890423208475; 0,6468951632268727; 0,26482077268883586; 0,6163975247181952; 0,8733320040628314; 0,6763559742830694; 0,7096742144785821; 0,28635156946256757; 0,011405909433960915; 0,5082504097372293
-0,10836684433950261; 0,3740390967577696; 0,39071203116327524; 0,23944997461512685; 0,35792405903339386; 0,046935098711401224; 0,273176281247288; 0,11041624518111348; 0,25369435967877507; 0,32177858939394355; 0,3778044506907463
1,235998649334216; 0,35998191870748997; 0,5504986313171685; 0,8729348285123706; 0,0010772887617349625; 0,38354748813435435; 0,523099172860384; 0,6202708799391985; 0,6697893962264061; 0,2851004214026034; 0,5127007230184972
0,7160224209022337; 0,30396118480712175; 0,3603193159215152; 0,9641271019354463; 0,4639708292670548; 0,7262555193156004; 0,04081621207296848; 0,4593574800528586; 0,20814082399010658; 0,8253244534134865; 0,3079339894466102
1,9706145818277645; 0,9703357433900237; 0,5347166634164751; 0,09592689480632544; 0,9401067830622196; 0,2125359671190381; 0,6508333343081176; 0,7936937087215483; 0,42419167794287205; 0,11135824350640178; 0,3214292381890118
2,209417565883686; 0,893675718922168; 0,2152317725121975; 0,14553128648549318; 0,24776491522789001; 0,890707939863205; 0,0998501842841506; 0,19009291008114815; 0,3895749896764755; 0,6759827937930822; 0,7915940163657069
0,5746284612454611; 0,7035744274035096; 0,060097234323620796; 0,7890927214175463; 0,18554675625637174; 0,43988153990358114; 0,4205315741710365; 0,6825501192361116; 0,4995869961567223; 0,9353667721152306; 0,7272875914350152
1,610332557034205; 0,7858908963389695; 0,570250628516078; 0,8723463164642453; 0,09600161714479327; 0,31544704223051667; 0,12102395156398416; 0,3137549771927297; 0,8290333552286029; 0,5536207226105034; 0,2886204426176846
1,7525013627101658; 0,5372416800819337; 0,5059583066031337; 0,8625910300761461; 0,5482820882461965; 0,254972942173481; 0,947990647982806; 0,7230212106369436; 0,830539652146399; 0,7342058117501438; 0,20622615050524473
-0,3604020934199024; 0,20121091045439243; 0,09278778033331037; 0,040580048225820065; 0,3989262282848358; 0,2575998534448445; 0,31505758268758655; 0,2517815609462559; 0,14866555714979768; 0,96750876493752; 0,6037251385860145
0,5068707668874192; 0,4846496684476733; 0,17523492267355323; 0,6828061831183732; 0,34934674529358745; 0,7092524576000869; 0,47292949073016644; 0,7071351544000208; 0,6017056060954928; 0,6334943105466664; 0,33024231856688857
1,081226525952757; 0,8377480511553586; 0,026025541126728058; 0,7508159670978785; 0,7603862532414496; 0,6327683040872216; 0,9179683937691152; 0,5055565107613802; 0,023925867397338152; 0,3095713872462511; 0,35734547208994627
1,6996914724614138; 0,7295061303302646; 0,7419016561470926; 0,9470664076507092; 0,49398578982800245; 0,762816661503166; 0,07958890032023191; 0,4444177388213575; 0,6316289696842432; 0,36166767636314034; 0,7134250150993466
1,830155405864211; 0,9252696805633605; 0,8677294454537332; 0,1889436673372984; 0,6191358868964016; 0,5056856977753341; 0,2606160272844136; 0,5264962203800678; 0,8918475606478751; 0,7536683306097984; 0,24761341279372573
0,5808668150372132; 0,9835230405442417; 0,6211826433427632; 0,8631150447763503; 0,996230692602694; 0,27016685903072357; 0,9532310226932168; 0,5053032943978906; 0,22326111467555165; 0,1883576326072216; 0,9508581534028053
1,3282550716446355; 0,6839895187877119; 0,6685458282008767; 0,356594898737967; 0,9455466335639358; 0,5743693942204118; 0,08654160425066948; 0,012059970758855343; 0,5403010533191264; 0,34176776790991426; 0,48746802704408765
1,6568254171633985; 0,8028710470534861; 0,8105638497509062; 0,4097539088688791; 0,2564278272911906; 0,792974644806236; 0,053229331970214844; 0,28147193463519216; 0,13977136416360736; 0,9144181949086487; 0,8954030647873878
2,2544912944073534; 0,8488836544565856; 0,7286558086052537; 0,9206932168453932; 0,7761649517342448; 0,6102822246029973; 0,43454926274716854; 0,06475892895832658; 0,25997336441650987; 0,01692196587100625; 0,6173005974851549
0,2880923365582386; 0,18151476373896003; 0,004857014399021864; 0,6335877990350127; 0,026783865876495838; 0,5869128089398146; 0,39275551913306117; 0,3201873181387782; 0,5489140544086695; 0,8965598889626563; 0,8602250004187226
-0,19771020003887962; 0,2009533206000924; 0,5716668595559895; 0,3145962581038475; 0,1893680840730667; 0,5620096637867391; 0,8584035513922572; 0,7513683857396245; 0,13932469906285405; 0,32385364454239607; 0,5444223377853632
2,3278757631868157; 0,5250003323890269; 0,9491852512583137; 0,8811643933877349; 0,5650122324004769; 0,14123845472931862; 0,22129340562969446; 0,2759082354605198; 0,9475520858541131; 0,591795262414962; 0,6042274138890207
1,995518608853063; 0,8248002524487674; 0,7182658594101667; 0,8703688983805478; 0,1904268921352923; 0,8228419478982687; 0,401789765805006; 0,2292324318550527; 0,9583727885037661; 0,03574359370395541; 0,6984116644598544
0,6811016922979749; 0,999889004509896; 0,7099457276053727; 0,5558520606718957; 0,39342840341851115; 0,3739535133354366; 0,07542851055040956; 0,994130430277437; 0,15570066822692752; 0,6355369091033936; 0,792353400029242
2,154232711280408; 0,8087697876617312; 0,21810300555080175; 0,004667358938604593; 0,4646146157756448; 0,8911664853803813; 0,4946902613155544; 0,9377689622342587; 0,007055963389575481; 0,9998474284075201; 0,6294920486398041
1,3485941456645971; 0,8643990992568433; 0,6823563370853662; 0,8753236555494368; 0,45120197115466; 0,895704182330519; 0,23838556837290525; 0,46060293167829514; 0,038344515953212976; 0,5465682158246636; 0,5013421704061329
1,7776298127544572; 0,6447683633305132; 0,16700730519369245; 0,999387635383755; 0,750257299747318; 0,09995660278946161; 0,20932024531066418; 0,4568031127564609; 0,19630770618095994; 0,6150573431514204; 0,09936651261523366
2,6400005932286192; 0,8949962179176509; 0,8735740105621517; 0,8819541092962027; 0,47469880199059844; 0,43474597856402397; 0,6425176551565528; 0,4749040650203824; 0,18218160327523947; 0,11624151328578591; 0,3464659354649484
0,4320876465126836; 0,727555581368506; 0,5604203874245286; 0,5146418288350105; 0,3328792927786708; 0,9001066968776286; 0,830188141670078; 0,6672139703296125; 0,2638992965221405; 0,8097718502394855; 0,13490295875817537
1,0162507802807266; 0,9916718662716448; 0,7825984819792211; 0,4300903803668916; 0,019428446888923645; 0,03716755658388138; 0,012439293786883354; 0,7449023863300681; 0,4437940064817667; 0,404444167856127; 0,11367187509313226
0,06675678945158156; 0,17566526122391224; 0,742816642858088; 0,5847670650109649; 0,2723353635519743; 0,6662599816918373; 0,36555282305926085; 0,3259692136198282; 0,6566032604314387; 0,5144155682064593; 0,4733020360581577
0,9664370988479347; 0,7426971951499581; 0,6838763235136867; 0,661323806270957; 0,5151163740083575; 0,2126602428033948; 0,0488157388754189; 0,7533604875206947; 0,7114469325169921; 0,02670982712879777; 0,9525915835984051
0,29953068458410514; 0,8241738160140812; 0,4315109928138554; 0,8542610560543835; 0,7504950044676661; 0,9788662763312459; 0,16104186046868563; 0,4571003750897944; 0,716325746383518; 0,9782268116250634; 0,015606728848069906
2,181769096552239; 0,32651733700186014; 0,9285617764107883; 0,4955739672295749; 0,5419488358311355; 0,42898867232725024; 0,1912180525250733; 0,6279920293018222; 0,7592697744257748; 0,24971127975732088; 0,5777539163827896
0,8397873890667941; 0,07050529960542917; 0,17342033749446273; 0,48241581628099084; 0,8291711122728884; 0,6334542902186513; 0,6424958519637585; 0,13794375536963344; 0,8264465779066086; 0,12966563738882542; 0,3199213081970811
1,955915935960607; 0,9427242162637413; 0,7011998379603028; 0,11029754392802715; 0,4975306778214872; 0,23714468907564878; 0,5004955478943884; 0,49728857772424817; 0,9404808706603944; 0,3788328096270561; 0,8851283332332969
1,6349502779512868; 0,9364570267498493; 0,016712455544620752; 0,7401551743969321; 0,8812315189279616; 0,8212880669161677; 0,9273227388039231; 0,5236370773054659; 0,6471492727287114; 0,5381363229826093; 0,29803584050387144
1,6034468648979363; 0,636921985540539; 0,3585045621730387; 0,7890107468701899; 0,8906421870924532; 0,17688166350126266; 0,2509990385733545; 0,4230515914969146; 0,5024989722296596; 0,9234837973490357; 0,6549541032873094
0,0417974981184005; 0,6337565793655813; 0,23899669386446476; 0,6039063869975507; 0,39596857875585556; 0,1595337470062077; 0,3854163703508675; 0,20987347746267915; 0,6284731212072074; 0,19148035813122988; 0,030097004491835833
1,5690336523772273; 0,8781245187856257; 0,3651292324066162; 0,2917586863040924; 0,9330987841822207; 0,41284845350310206; 0,9911617944017053; 0,20055091381072998; 0,1323942500166595; 0,795949958730489; 0,8177527468651533
0,3896283736034135; 0,3514145081862807; 0,36182899260893464; 0,5534711284562945; 0,6134498482570052; 0,46286276262253523; 0,17232661927118897; 0,13634114991873503; 0,9035324901342392; 0,38208853639662266; 0,6319973431527615
1,736433647927988; 0,7234234223142266; 0,19057870004326105; 0,8342828880995512; 0,12579228915274143; 0,03934699576348066; 0,45907078264281154; 0,2416804707609117; 0,5085638780146837; 0,1155520393513143; 0,2656976734288037
0,86489642223462; 0,5594851821660995; 0,5232070274651051; 0,24345472641289234; 0,3640102637000382; 0,004270724020898342; 0,010978566948324442; 0,642059703823179; 0,5288751926273108; 0,2220963486470282; 0,25591120636090636
0,65441024137459; 0,08489366015419364; 0,6936134221032262; 0,32363930018618703; 0,03587856376543641; 0,7535391855053604; 0,9548691809177399; 0,46522807562723756; 0,02329417411237955; 0,9819861026480794; 0,6094212136231363
-0,04268057526539293; 0,14006121503189206; 0,5753135620616376; 0,45025024795904756; 0,9687209804542363; 0,05353805469349027; 0,6392019605264068; 0,7979096346534789; 0,7908292952924967; 0,3835985432378948; 0,8312622811645269
-0,23719727240195157; 0,028048490174114704; 0,3213917054235935; 0,6780994357541203; 0,08283379767090082; 0,3869690429419279; 0,019072022289037704; 0,0898662256076932; 0,6494171489030123; 0,27944431407377124; 0,29822137765586376
2,1588925181239764; 0,3146518017165363; 0,9685746775940061; 0,985277215950191; 0,43770555732771754; 0,2873692149296403; 0,10209351032972336; 0,2430678177624941; 0,14420069195330143; 0,8965129829011858; 0,9093061932362616
0,6681196439876175; 0,10754715139046311; 0,424398154951632; 0,5280804354697466; 0,17190302116796374; 0,46676160022616386; 0,18851829320192337; 0,20427809050306678; 0,09313965355977416; 0,5497884107753634; 0,6571178971789777
0,12121967295555502; 0,7522994815371931; 0,08828558446839452; 0,42254113452509046; 0,013601619750261307; 0,46508445451036096; 0,6811095238663256; 0,6229328522458673; 0,2810230473987758; 0,30769371520727873; 0,03642620472237468
0,6654013320382715; 0,32533054193481803; 0,6111729815602303; 0,9796370938420296; 0,4173686197027564; 0,493711712770164; 0,3029443146660924; 0,9845660240389407; 0,32471200358122587; 0,1953524649143219; 0,06929627573117614
0,47624185109611616; 0,5353866922669113; 0,8511583395302296; 0,9969148901291192; 0,016703655011951923; 0,958633666858077; 0,0015243827365338802; 0,31842141412198544; 0,37679732870310545; 0,8613479132764041; 0,7609092216007411
0,2313036299009712; 0,7020449670962989; 0,48565107537433505; 0,6693712584674358; 0,2444861545227468; 0,27181360544636846; 0,6450309487991035; 0,8178527019917965; 0,3532101381570101; 0,697448437102139; 0,07800090406090021
0,7043065952782174; 0,2063838392496109; 0,18917200900614262; 0,8626059242524207; 0,439352008048445; 0,9087927541695535; 0,7032886873930693; 0,9588526333682239; 0,3097063051536679; 0,5705766822211444; 0,4459802652709186
0,14414493569563513; 0,2421719077974558; 0,2068281196989119; 0,17765271896496415; 0,0015355739742517471; 0,7949689305387437; 0,4152926756069064; 0,5776700587011874; 0,7137230886146426; 0,39570936001837254; 0,5430336487479508
-0,5822230991931594; 0,03561533009633422; 0,046281618531793356; 0,024226117879152298; 0,682014231570065; 0,33909997111186385; 0,5788705172017217; 0,058326887898147106; 0,38664483092725277; 0,3049811124801636; 0,36298376601189375
0,18967263396088807; 0,15403275145217776; 0,6096281064674258; 0,2896171100437641; 0,4491036217659712; 0,1299124862998724; 0,2264805086888373; 0,31812461372464895; 0,8773570503108203; 0,8065735260024667; 0,1384054459631443
1,853439206553998; 0,9653516625985503; 0,7668075892142951; 0,8436057548969984; 0,5024340813979506; 0,4845194802619517; 0,8316765436902642; 0,7153659560717642; 0,7926329202018678; 0,9898809022270143; 0,4300982947461307
1,1655069662111843; 0,7864897544495761; 0,3001416134648025; 0,9674166380427778; 0,3059843755327165; 0,23953561997041106; 0,7533743805252016; 0,4498590766452253; 0,6073483359068632; 0,21538239810615778; 0,12478874670341611
-0,3797910374669228; 0,13794494327157736; 0,37537554651498795; 0,29880850249901414; 0,7587340287864208; 0,3835039339028299; 0,7752111661247909; 0,49617074709385633; 0,3681331556290388; 0,3422048706561327; 0,1928753610700369
2,1562618693833318; 0,4000921887345612; 0,8366042743436992; 0,3353733825497329; 0,40510308975353837; 0,38803094951435924; 0,9077309798449278; 0,3946916116401553; 0,643784299492836; 0,4089085068553686; 0,5365436808206141
0,27829904795141325; 0,7204918633215129; 0,39068137761205435; 0,4859330649487674; 0,13688817340880632; 0,040720424614846706; 0,4476372366771102; 0,24775736639276147; 0,2726786118000746; 0,16783680627122521; 0,6017404277808964
0,6608171903484489; 0,800891365390271; 0,9800031604245305; 0,4192626606673002; 0,6750656832009554; 0,3460972593165934; 0,6579002737998962; 0,3928839694708586; 0,25670589320361614; 0,8363540433347225; 0,11923251021653414
0,38800827705264906; 0,8576507992111146; 0,12530370149761438; 0,17735814908519387; 0,015189969446510077; 0,6319946711882949; 0,11860070517286658; 0,03741079941391945; 0,06841308064758778; 0,8887321134097874; 0,10072248242795467
0,1502813451003724; 0,5576808266341686; 0,5132191563025117; 0,498179467394948; 0,13099405588582158; 0,557600362226367; 0,12073181523010135; 0,1440215171314776; 0,2643725462257862; 0,23155914060771465; 0,40548806451261044
1,1029196523713574; 0,7109419372864068; 0,6049175579100847; 0,602318577002734; 0,5524620749056339; 0,22084996569901705; 0,4846787257120013; 0,4153272835537791; 0,5897862873971462; 0,8866769978776574; 0,0007452331483364105
0,558514713505514; 0,9863755684345961; 0,5462606032378972; 0,5126657332293689; 0,016600518953055143; 0,8809724957682192; 0,8380097979679704; 0,647329923696816; 0,3710965593345463; 0,5159218683838844; 0,4219889435917139
0,016064997397811143; 0,4526564525440335; 0,1748983534052968; 0,20092607848346233; 0,3926153057254851; 0,11429128888994455; 0,0019901380874216557; 0,302734789904207; 0,22674445481970906; 0,21399052580818534; 0,14548366330564022
1,725113952981476; 0,41315169585868716; 0,05394463427364826; 0,47990739764645696; 0,6734311119653285; 0,9046008712612092; 0,5690561002120376; 0,1968588000163436; 0,6888871043920517; 0,7844295278191566; 0,20620601950213313
0,7018361124373456; 0,171883306466043; 0,2930153594352305; 0,0054391855373978615; 0,4785376926884055; 0,32402493664994836; 0,007033773232251406; 0,13368929363787174; 0,32557396590709686; 0,6015925062820315; 0,9846567455679178
0,500547429656848; 0,08379885274916887; 0,5047738426364958; 0,07848775899037719; 0,4838480525650084; 0,9438309189863503; 0,7119076400995255; 0,11600994458422065; 0,5479383608326316; 0,5425482951104641; 0,7546907346695662
0,4519511959720292; 0,2913455576635897; 0,9216329092159867; 0,26248962292447686; 0,09790591429919004; 0,9945297003723681; 0,5783787476830184; 0,26119785802438855; 0,8503893110901117; 0,9292571642436087; 0,9918704871088266
0,8827660005505873; 0,3183260546065867; 0,06797585636377335; 0,8831768766976893; 0,2795946840196848; 0,9759286865592003; 0,8690509288571775; 0,5086829592473805; 0,3489140886813402; 0,07222695369273424; 0,11305197747424245
-0,03568286162759854; 0,34321064222604036; 0,614206837490201; 0,3906503049656749; 0,9985650829039514; 0,30455082282423973; 0,20687207160517573; 0,36659590620547533; 0,6727336863987148; 0,3454204578883946; 0,752133198082447
1,5121154549182698; 0,3323270748369396; 0,22839101124554873; 0,03863881900906563; 0,5882599949836731; 0,3451804737560451; 0,8594377310946584; 0,9534687171690166; 0,638452360406518; 0,08745392179116607; 0,9158969116397202
2,1674499492633124; 0,6644660206511617; 0,5182667528279126; 0,534327108412981; 0,6341654476709664; 0,8582283770665526; 0,2148203756660223; 0,9520413572899997; 0,585250049829483; 0,9093890702351928; 0,176884809974581
-0,5190175851457478; 0,0981330550275743; 0,10686541488394141; 0,6204505432397127; 0,9429791406728327; 0,06792267737910151; 0,8388482248410583; 0,9008379192091525; 0,18198078637942672; 0,148255726788193; 0,017158692702651024
1,5493020256548489; 0,03306939033791423; 0,5826744018122554; 0,06997230369597673; 0,19417816819623113; 0,5022176592610776; 0,27070952905341983; 0,09905141359195113; 0,5204263902269304; 0,554946843534708; 0,6355062806978822
-0,14000756296780115; 0,37643887707963586; 0,1932838405482471; 0,22501552058383822; 0,12252719746902585; 0,5505897062830627; 0,3906937655992806; 0,5336411967873573; 0,475518349558115; 0,43671985203400254; 0,18172896280884743
0,10582620606927096; 0,2650363342836499; 0,8997723264619708; 0,935195900965482; 0,9325769590213895; 0,4050605809316039; 0,23214296158403158; 0,5754512390121818; 0,5859603430144489; 0,3794320705346763; 0,21431971667334437
1,7879587374255408; 0,13949527870863676; 0,7492755451239645; 0,8014867068268359; 0,08754389174282551; 0,6089470977894962; 0,6294832220301032; 0,11492745019495487; 0,2555022710002959; 0,7682027881965041; 0,29488547751680017
-0,5361232915767776; 0,036152377258986235; 0,050448362715542316; 0,5556806633248925; 0,1579893440939486; 0,1697121155448258; 0,4677329151891172; 0,9406541218049824; 0,3396318582817912; 0,9306576140224934; 0,45261540077626705
1,760211224344768; 0,9618886047974229; 0,19095118762925267; 0,13796386402100325; 0,643965476192534; 0,6299926596693695; 0,5075389835983515; 0,18695493787527084; 0,36392287630587816; 0,7710374435409904; 0,20661410177126527
2,225154145599194; 0,9758024103939533; 0,9552757702767849; 0,1428732592612505; 0,20772013254463673; 0,734697122592479; 0,18196745635941625; 0,5664743254892528; 0,8021393311209977; 0,8505002646706998; 0,36694796197116375
0,8837448744834142; 0,9373524258844554; 0,916696943808347; 0,8790496592409909; 0,24339953577145934; 0,38776563946157694; 0,9231372233480215; 0,2763964175246656; 0,014633653219789267; 0,26713799638673663; 0,24042902560904622
0,362534425517546; 0,4544610227458179; 0,5553698213770986; 0,8209846448153257; 0,5389217208139598; 0,25434183329343796; 0,6655275598168373; 0,10003015957772732; 0,1538429562933743; 0,5098350057378411; 0,16143625741824508
2,209184031506613; 0,9280025414191186; 0,8506274498067796; 0,49805902829393744; 0,7830039677210152; 0,6605645138770342; 0,3939188616350293; 0,11111195804551244; 0,2608844665810466; 0,2407367443665862; 0,8994683772325516
0,5006911326976703; 0,4571846495382488; 0,4856453537940979; 0,27605443308129907; 0,7359656542539597; 0,5944167482666671; 0,4944855817593634; 0,3950391528196633; 0,5986770037561655; 0,3603161973878741; 0,5926820957101882
1,9695071667294495; 0,9755497328005731; 0,46231576334685087; 0,7798440316691995; 0,5049166027456522; 0,5856885476969182; 0,19351861719042063; 0,9108705320395529; 0,4698992408812046; 0,5633309334516525; 0,9517210824415088
0,8262559259230653; 0,42747762333601713; 0,30685538053512573; 0,4267271989956498; 0,5020026825368404; 0,580494835972786; 0,6668010205030441; 0,16405279468744993; 0,6918735420331359; 0,9948887787759304; 0,8123334418050945
0,8387653745177817; 0,11401602253317833; 0,34993907529860735; 0,18135983869433403; 0,28251651069149375; 0,8311255783773959; 0,13085618894547224; 0,3890602313913405; 0,6996779623441398; 0,2578366403467953; 0,6131150955334306
0,695318125271259; 0,20446832897141576; 0,4678895468823612; 0,22315368056297302; 0,05082064773887396; 0,9722327343188226; 0,6981097529642284; 0,5601511783897877; 0,5931845428422093; 0,30889116739854217; 0,2782717663794756
1,2753111025432986; 0,9704516339115798; 0,7206531628035009; 0,427089620847255; 0,797921322286129; 0,28335891338065267; 0,08357285987585783; 0,8321309527382255; 0,2391638713888824; 0,14073672099038959; 0,09522124100476503
0,42958530931972994; 0,9756223885342479; 0,045768617652356625; 0,0829512751661241; 0,05514099029824138; 0,8951628212817013; 0,3310793503187597; 0,6340491664595902; 0,2555718491785228; 0,9366834918037057; 0,7177392742596567
0,4010185129092555; 0,6117000821977854; 0,705528630875051; 0,03518567746505141; 0,31620914908125997; 0,05944087449461222; 0,3428258802741766; 0,31508569652214646; 0,5946598891168833; 0,17034928081557155; 0,4001019992865622
0,33696124630418656; 0,486222418025136; 0,21894529787823558; 0,9504099083133042; 0,990244616754353; 0,28456376446411014; 0,0935052982531488; 0,5844817589968443; 0,42392538907006383; 0,9277828424237669; 0,5222175880335271
0,5091678395687677; 0,0830688513815403; 0,2905686879530549; 0,7479922664351761; 0,7290589376352727; 0,5618024175055325; 0,8135072756558657; 0,5517082456499338; 0,16752833919599652; 0,21644453052431345; 0,9685204778797925
0,33443099942721155; 0,6118824677541852; 0,6813592202961445; 0,871831800788641; 0,6800991408526897; 0,06888182880356908; 0,8260981272906065; 0,5620907228440046; 0,9661816242150962; 0,9614156992174685; 0,9891917877830565
1,4955607003469427; 0,355771092697978; 0,067874850705266; 0,1123820822685957; 0,2411587438546121; 0,9723064620047808; 0,9116504122503102; 0,8594256872311234; 0,018622612114995718; 0,7070535318925977; 0,32753982674330473
0,4385062330657995; 0,58421790599823; 0,7028927737846971; 0,0542227984406054; 0,5765003291890025; 0,48640475794672966; 0,28709424333646894; 0,28423773031681776; 0,4623663271777332; 0,13918305933475494; 0,5722479829564691
2,197870053226482; 0,771574626211077; 0,3686352646909654; 0,44462260510772467; 0,08216105261817575; 0,9969318830408156; 0,3390344553627074; 0,6941574080847204; 0,8784188092686236; 0,6638634912669659; 0,6583728124387562
2,084760074564641; 0,7276995945721865; 0,35636691842228174; 0,3959938227199018; 0,5813526883721352; 0,47798447078093886; 0,9650287488475442; 0,4258952238596976; 0,39796809386461973; 0,9635357945226133; 0,38207596726715565
-0,10623193154488722; 0,2123943087644875; 0,3524040598422289; 0,9940299428999424; 0,8884780509397388; 0,18029878102242947; 0,7998696682043374; 0,9628889868035913; 0,5589125328697264; 0,879612862598151; 0,05892117181792855
0,39936915058473615; 0,02453300915658474; 0,1849580812267959; 0,7366263279691339; 0,09978515096008778; 0,12757436418905854; 0,7669791597872972; 0,8933681948110461; 0,626308289822191; 0,7663184516131878; 0,7716706548817456
0,4254510500228412; 0,7440796177834272; 0,6984789846464992; 0,11274506663903594; 0,7201993861235678; 0,9003822859376669; 0,157596945296973; 0,8266021492891014; 0,6148719624616206; 0,5026001767255366; 0,4188169175758958
0,9579671362963657; 0,3478975328616798; 0,5206089899875224; 0,3359767119400203; 0,5011857929639518; 0,6558481398969889; 0,09021956427022815; 0,3353032027371228; 0,725654449313879; 0,20270021446049213; 0,8755864189006388
0,38732382361136064; 0,028877750504761934; 0,6164757092483342; 0,556359214708209; 0,3668721131980419; 0,4997368953190744; 0,41005732165649533; 0,5391216077841818; 0,5519154402427375; 0,5220310986042023; 0,12836717860773206
1,4636436115181533; 0,7059153830632567; 0,42002885788679123; 0,9379251459613442; 0,20846525533124804; 0,21141832089051604; 0,3978914595209062; 0,2931992681697011; 0,5678206384181976; 0,3539996328763664; 0,8728083623573184
2,0160149713029756; 0,9280859408900142; 0,5945352795533836; 0,249173182528466; 0,38316791597753763; 0,21691569685935974; 0,20314673893153667; 0,2665349147282541; 0,615776292514056; 0,5835219700820744; 0,6688599945046008
1,537999712276449; 0,20151479402557015; 0,697917097248137; 0,17094356939196587; 0,3272108086384833; 0,8246428072452545; 0,21034649526700377; 0,033422255888581276; 0,478672762401402; 0,46400107769295573; 0,5382519932463765
0,7955333242179963; 0,9486943315714598; 0,8520161719061434; 0,9212635084986687; 0,20624287007376552; 0,16802802262827754; 0,11308737052604556; 0,2855084342882037; 0,12165054772049189; 0,167981899343431; 0,6725602429360151
0,8385779172646481; 0,3610722506418824; 0,3773730657994747; 0,2981330011971295; 0,5271949227899313; 0,6382696013897657; 0,11879181116819382; 0,7555330726318061; 0,9622109094634652; 0,47142756450921297; 0,18185620056465268
2,45143961557949; 0,7289647124707699; 0,8398721334524453; 0,8339445060119033; 0,5455761700868607; 0,851897279266268; 0,0123944035731256; 0,24010666739195585; 0,8751816381700337; 0,5856768731027842; 0,9594611348584294
0,32128444430834074; 0,45464501762762666; 0,7926705298013985; 0,159110258333385; 0,1440049447119236; 0,29778706561774015; 0,8939724704250693; 0,08609656058251858; 0,867425995413214; 0,3028724049217999; 0,4507514121942222
1,394641014251352; 0,2121542445383966; 0,5855913097038865; 0,5673151910305023; 0,7519726995378733; 0,5445861150510609; 0,33252084348350763; 0,09707800671458244; 0,8235313766635954; 0,09193000849336386; 0,2589891771785915
1,145980210997238; 0,5450821062549949; 0,8105982625856996; 0,6155601777136326; 0,7152101434767246; 0,41133109806105494; 0,737974158488214; 0,5453104698099196; 0,988018358591944; 0,9505890510044992; 0,06907614273950458
1,8848527485492383; 0,315612421836704; 0,8535844758152962; 0,904524973127991; 0,5021459748968482; 0,5567397703416646; 0,44490528479218483; 0,8766692178323865; 0,020012670662254095; 0,7260703016072512; 0,8901536879129708
0,8906505955954652; 0,4067640225403011; 0,5649456083774567; 0,8312000711448491; 0,24667486641556025; 0,35199087113142014; 0,7855651015415788; 0,3181546893902123; 0,374862696044147; 0,897561214864254; 0,9827902517281473
0,37960096380242353; 0,24415229680016637; 0,8459997209720314; 0,03551750956103206; 0,1976243886165321; 0,043722680769860744; 0,28273741621524096; 0,9869060241617262; 0,45173244969919324; 0,9465855215676129; 0,6900042234919965
-0,17995857944687632; 0,387451050337404; 0,20791809912770987; 0,3610587576404214; 0,7996400301344693; 0,8180180597119033; 0,20801792293787003; 0,10459135193377733; 0,49503137404099107; 0,8838326265104115; 0,8222562451846898
0,46870757335234675; 0,9782350375317037; 0,3377711586654186; 0,6332014999352396; 0,5404426315799356; 0,11043397430330515; 0,5428435332141817; 0,8885192833840847; 0,7338941711932421; 0,5533368936739862; 0,719691778998822
1,419101706387257; 0,9608685313723981; 0,3019305123016238; 0,9794745217077434; 0,6839274424128234; 0,5003593638539314; 0,5927799041382968; 0,6086174990050495; 0,6060943915508687; 0,6539879026822746; 0,2006346732378006
1,7002341028020926; 0,8540392960421741; 0,03656717296689749; 0,9406213480979204; 0,14110541949048638; 0,925673873629421; 0,031076122540980577; 0,573498094920069; 0,3044512583874166; 0,40464827232062817; 0,7659608912654221
1,6132785055145522; 0,816304515581578; 0,09722989844158292; 0,7757477536797523; 0,702877086121589; 0,662683711387217; 0,5625184727832675; 0,9251524307765067; 0,1286838841624558; 0,6476812982000411; 0,24209010833874345
1,6333936485741993; 0,40290284249931574; 0,7971943798474967; 0,10358720412477851; 0,9198658731766045; 0,6610551839694381; 0,7625601538456976; 0,9884605058468878; 0,9565064599737525; 0,5423256424255669; 0,944267941173166
1,7323456104134038; 0,31609407160431147; 0,28890786273404956; 0,4251647349447012; 0,25037265149876475; 0,299490996170789; 0,665364027954638; 0,48276058165356517; 0,9704185682348907; 0,9310306087136269; 0,935262740124017
1,422797615740928; 0,1470525343902409; 0,7132217474281788; 0,6008141725324094; 0,11010661255568266; 0,06798898568376899; 0,04473159648478031; 0,8983461940661073; 0,5240034097805619; 0,6704258802346885; 0,23621534276753664
-0,0846950508508224; 0,03745099017396569; 0,6550103561021388; 0,021762756165117025; 0,9874956109561026; 0,2772619337774813; 0,5881961984559894; 0,01321193715557456; 0,606153313536197; 0,036611400078982115; 0,2452504481188953
0,4913424346280899; 0,19715750450268388; 0,8056834400631487; 0,23448587208986282; 0,27894957829266787; 0,6980671305209398; 0,4613236077129841; 0,4422760880552232; 0,498841380700469; 0,4108632579445839; 0,8316327687352896
1,1884518539465312; 0,42355893598869443; 0,6974143399856985; 0,6565150995738804; 0,32463986286893487; 0,2996430955827236; 0,6962242084555328; 0,566239015199244; 0,12368023581802845; 0,9716279441490769; 0,5862970245070755
1,298821470295041; 0,6856718356721103; 0,9897822299972177; 0,8754535741172731; 0,7944156806915998; 0,1473866505548358; 0,7920672371983528; 0,7777259214781225; 0,9839156451635063; 0,02995382947847247; 0,921317808330059
1,4642598002051868; 0,8967777728103101; 0,06513166753575206; 0,30551732890307903; 0,4961254829540849; 0,012671584263443947; 0,43800673075020313; 0,5507143787108362; 0,8836228158324957; 0,07209243020042777; 0,4199293227866292
0,5059143315202796; 0,22991113271564245; 0,43924396578222513; 0,7793514863587916; 0,6818270613439381; 0,3088975013233721; 0,6751183546148241; 0,46554550947621465; 0,7258591470308602; 0,4075124063529074; 0,37886332906782627
1,8341464868216488; 0,47321409173309803; 0,3085668031126261; 0,7013601339422166; 0,23253902792930603; 0,40048368042334914; 0,8441228540614247; 0,03892027726396918; 0,05511349160224199; 0,347689488902688; 0,2596823093481362
0,7612286128417078; 0,9975513233803213; 0,18656535865738988; 0,405849005561322; 0,9388507441617548; 0,946111798286438; 0,7820803658105433; 0,5131013751961291; 0,7113578389398754; 0,9001291240565479; 0,6112397280521691
0,6968721118854911; 0,7913182773627341; 0,6269976855255663; 0,189841752871871; 0,48451467510312796; 0,16167568834498525; 0,6212513144128025; 0,39710433734580874; 0,3151622451841831; 0,3961132140830159; 0,6571609089151025
2,1767268386055125; 0,5340952826663852; 0,6718726796098053; 0,9517803536728024; 0,5253584361635149; 0,863826856482774; 0,5322497030720115; 0,26633208245038986; 0,17635057866573334; 0,9327940023504198; 0,41869640117511153
1,7785156578250634; 0,3652408802881837; 0,35492623457685113; 0,9104942716658115; 0,9934133202768862; 0,6285389941185713; 0,09793215151876211; 0,25153531320393085; 0,2378967464901507; 0,6364336498081684; 0,17114285472780466
0,5448924000085918; 0,30911691673099995; 0,27207682514563203; 0,5469570229761302; 0,15373993618413806; 0,4821590008214116; 0,03574293479323387; 0,6856197328306735; 0,33259539399296045; 0,3492882661521435; 0,39016321999952197
2,1470847733817378; 0,9174509453587234; 0,594943517819047; 0,59203524235636; 0,9722425951622427; 0,8853416936472058; 0,045858032535761595; 0,879403289873153; 0,2470053443685174; 0,946601530071348; 0,07361624576151371
0,3194101451562591; 0,9669525627978146; 0,08061977662146091; 0,267396055161953; 0,5718860337510705; 0,20671104965731502; 0,23334325198084116; 0,8697440107353032; 0,4593212781473994; 0,09397300379350781; 0,7557879099622369
