 y; x1; x2; x3; x4; x5; x6; x7; x8; x9; x10
-0,06057248292196321; 0,4228258286602795; 0,4743334702216089; 0,8006461295299232; 0,5392126911319792; 0,0787827093154192; 0,011845961213111877; 0,4673288152553141; 0,6985131953842938; 0,9936896138824522; 0,748436126857996
0,6768460842851992; 0,8700232552364469; 0,8838323843665421; 0,0557711087167263; 0,49111447716131806; 0,42505666241049767; 0,5969274337403476; 0,6865074685774744; 0,12443403666839004; 0,9686433817259967; 0,9329186943359673
0,32131719590111063; 0,7132209525443614; 0,4990590079687536; 0,2504468527622521; 0,1940585859119892; 0,16815539682283998; 0,2735175285488367; 0,9256241475231946; 0,7014427403919399; 0,9728456838056445; 0,5881955535151064
1,6335246312791711; 0,8379685240797698; 0,9186327047646046; 0,44502121629193425; 0,47132312459871173; 0,5274156513623893; 0,18949252273887396; 0,1491746618412435; 0,10808925656601787; 0,7255830285139382; 0,6161886183544993
-0,027276865776894033; 0,2200723742134869; 0,49751375848427415; 0,22602232079952955; 0,317499462980777; 0,866486445069313; 0,2906232732348144; 0,5885858288966119; 0,9792294139042497; 0,7119669015519321; 0,8050282523036003
0,922613165363437; 0,2079698764719069; 0,7193140792660415; 0,0799821806140244; 0,41290768422186375; 0,692574383225292; 0,18082463881000876; 0,962286873254925; 0,24091327376663685; 0,9073159107938409; 0,5713679036125541
2,1160166578476964; 0,6498649083077908; 0,9702146677300334; 0,24616271071135998; 0,5222087758593261; 0,8121242597699165; 0,7825824795290828; 0,8220089660026133; 0,17952697351574898; 0,8472896325401962; 0,6654088674113154
-0,07242970861004158; 0,007628679275512695; 0,52475053537637; 0,38134351186454296; 0,04416372487321496; 0,5840429528616369; 0,6388468625955284; 0,24748931732028723; 0,2809771625325084; 0,8020137138664722; 0,2055329200811684
1,3238327960189278; 0,8185984808951616; 0,9048302941955626; 0,6780370869673789; 0,46736630517989397; 0,8548932005651295; 0,16850193357095122; 0,09850240452215075; 0,2666726550087333; 0,29945483803749084; 0,43844521092250943
2,472291973310331; 0,824355102609843; 0,6969087147153914; 0,7160876886919141; 0,16168003482744098; 0,7363826301880181; 0,2929344857111573; 0,44423786038532853; 0,2736085238866508; 0,9012937541119754; 0,26530688535422087
1,046096343135245; 0,997984042391181; 0,8780075451359153; 0,8681352743878961; 0,7694204095751047; 0,8971834215335548; 0,17750754859298468; 0,013821417931467295; 0,010058108251541853; 0,532068666536361; 0,17949243122711778
1,4474990711734173; 0,3762245480902493; 0,9804819142445922; 0,8677973430603743; 0,4213067628443241; 0,5368182193487883; 0,45494085270911455; 0,5782855274155736; 0,1580979465506971; 0,7759113595820963; 0,03953224280849099
2,1412295455340207; 0,792937258258462; 0,16698263445869088; 0,9913508533500135; 0,0016530295833945274; 0,14760555094107985; 0,958430512342602; 0,25190951954573393; 0,14005261147394776; 0,30341591965407133; 0,39553868770599365
1,1490746585661327; 0,7996378242969513; 0,2362075336277485; 0,08470409922301769; 0,3775708847679198; 0,023398506920784712; 0,971669627353549; 0,5787884136661887; 0,7158536235801876; 0,3471590857952833; 0,3549184976145625
1,5576145236444732; 0,5856721214950085; 0,1972104934975505; 0,5677399076521397; 0,0802553235553205; 0,9544920241460204; 0,14814659021794796; 0,05727214040234685; 0,2795030204579234; 0,4974682233296335; 0,23655160004273057
1,8610889438623337; 0,4745292798615992; 0,3233731077052653; 0,9907813868485391; 0,7082323646172881; 0,10392444534227252; 0,05431978078559041; 0,9313625805079937; 0,18105089431628585; 0,8841788079589605; 0,8153239688836038
0,40433870402199423; 0,314166737254709; 0,707510837353766; 0,6025121854618192; 0,508018949534744; 0,7324300021864474; 0,9594821482896805; 0,6176439812406898; 0,4443873572163284; 0,8115049945190549; 0,24251119699329138
0,676172311782649; 0,30533343739807606; 0,14635111670941114; 0,1118888920173049; 0,5413163830526173; 0,5900432867929339; 0,038199433125555515; 0,19668323546648026; 0,1423689229413867; 0,8559196880087256; 0,9078617342747748
1,6004559990562652; 0,07967523159459233; 0,6364833768457174; 0,5808351240120828; 0,18942572781816125; 0,03869031695649028; 0,18227396719157696; 0,21440095221623778; 0,9648402603343129; 0,7654291125945747; 0,6258232612162828
0,4769397807029462; 0,5007105660624802; 0,5349435969255865; 0,8206753465346992; 0,8615396283566952; 0,15962807508185506; 0,19026516703888774; 0,3669842407107353; 0,934306409675628; 0,17245029425248504; 0,7059304029680789
0,46943689595744453; 0,4878385066986084; 0,9021813147701323; 0,903564378619194; 0,9224325399845839; 0,5246168673038483; 0,7934944350272417; 0,32426535012200475; 0,6079104547388852; 0,4661468109115958; 0,6843838049098849
2,092764159306419; 0,8948518792167306; 0,4922868572175503; 0,639197351410985; 0,5726302987895906; 0,8743586544878781; 0,5842103981412947; 0,14497283147647977; 0,03746248781681061; 0,4724555369466543; 0,602042737416923
0,8196960983648179; 0,3487101895734668; 0,9111428484320641; 0,02967427857220173; 0,3991444814018905; 0,08807180542498827; 0,9820017023012042; 0,22218256862834096; 0,17363464180380106; 0,3918055072426796; 0,7354215723462403
0,6417636775733069; 0,5087377158924937; 0,20883365673944354; 0,2337782410904765; 0,6394056011922657; 0,76953004905954; 0,2537623019888997; 0,738079332280904; 0,6203447044827044; 0,6419124682433903; 0,3156903637573123
0,7445711613209839; 0,47720687091350555; 0,5752817778848112; 0,5823935037478805; 0,299646386411041; 0,4038438373245299; 0,8468767167069018; 0,9379780446179211; 0,06754201417788863; 0,3912265026010573; 0,8558482332155108
0,7386809880261687; 0,8190801609307528; 0,5774043696001172; 0,8045134018175304; 0,8125761565752327; 0,476164938416332; 0,4220947348512709; 0,0201912191696465; 0,9500391501933336; 0,6409653224982321; 0,7312520490959287
2,040517214697603; 0,8955799527466297; 0,7189345033839345; 0,6811718200333416; 0,5580917256884277; 0,31069403095170856; 0,5894554806873202; 0,19564239028841257; 0,26745449751615524; 0,2806715304031968; 0,8943077395670116
1,0237470495634933; 0,47874597320333123; 0,5006815674714744; 0,0892143901437521; 0,4749951637350023; 0,48365617310628295; 0,6183993499726057; 0,2429432664066553; 0,548225574195385; 0,4426912758499384; 0,5845588929951191
-0,12452073993980867; 0,1527633094228804; 0,43403187626972795; 0,7426930195651948; 0,027506054379045963; 0,9807958453893661; 0,44224922684952617; 0,7760091605596244; 0,581665045581758; 0,7688459265045822; 0,054115367121994495
0,1437588078008738; 0,557536793872714; 0,3575230878777802; 0,030159781221300364; 0,8738155234605074; 0,5216424753889441; 0,915813977830112; 0,16163404751569033; 0,3960199165157974; 0,7026285384781659; 0,8069914570078254
1,8693302332099215; 0,8752912883646786; 0,5367264933884144; 0,7550043370574713; 0,7237478531897068; 0,7561655780300498; 0,49240715568885207; 0,5000255759805441; 0,01787757920101285; 0,39427830930799246; 0,4131709416396916
1,5227013673223646; 0,8911378043703735; 0,4850409235805273; 0,3856436042115092; 0,15491205314174294; 0,8075297796167433; 0,935822568833828; 0,2532529504969716; 0,14305925834923983; 0,2190732415765524; 0,2751922854222357
1,7236391409506746; 0,6843896727077663; 0,46172782871872187; 0,9016022505238652; 0,22414179658517241; 0,2112100115045905; 0,8694816417992115; 0,26552533730864525; 0,4392270562238991; 0,7813695059157908; 0,6414685514755547
1,0779778981840635; 0,17959487112239003; 0,8321609348058701; 0,13816461665555835; 0,23517473740503192; 0,8681739172898233; 0,28173965960741043; 0,6158350431360304; 0,008888838812708855; 0,8475317326374352; 0,5630838782526553
-0,24150657511768167; 0,21792741678655148; 0,003743235021829605; 0,4055704907514155; 0,7667512912303209; 0,6381577881984413; 0,03725955728441477; 0,9574470240622759; 0,4935355600900948; 0,18040932901203632; 0,40766387386247516
0,5210214863789674; 0,2718389709480107; 0,9754372187890112; 0,6786983371712267; 0,12561581516638398; 0,8658779039978981; 0,5871671992354095; 0,7612249408848584; 0,6261027883738279; 0,17595972027629614; 0,24997845757752657
0,675003991944089; 7,293233647942543E-05; 0,8848118572495878; 0,5758354421705008; 0,3472994170151651; 0,4998584850691259; 0,5183429513126612; 0,3500333772972226; 0,26766668912023306; 0,5565102105028927; 0,606147123966366
-0,13567058994256453; 0,11518815951421857; 0,468707918189466; 0,2621994251385331; 0,7319722529500723; 0,25051777018234134; 0,8737360001541674; 0,37913028383627534; 0,8067596168257296; 0,5023898580111563; 0,21404596278443933
0,8443767381129675; 0,13531618332490325; 0,8230253318324685; 0,717534629162401; 0,865880592726171; 0,8736994550563395; 0,5118700047023594; 0,7159316157922149; 0,22142813727259636; 0,6940780752338469; 0,4849807405844331
2,605433477215319; 0,9442012212239206; 0,7041266155429184; 0,48793949745595455; 0,2386869159527123; 0,4598960941657424; 0,7983661768957973; 0,9860058580525219; 0,07895554415881634; 0,7466883365996182; 0,4932951000519097
2,131451820155109; 0,8340306300669909; 0,45074434159323573; 0,9782967655919492; 0,7526899641379714; 0,05369337135925889; 0,3805070724338293; 0,09056554967537522; 0,330278730019927; 0,6797305815853179; 0,5352618978358805
0,8133908375493619; 0,891275498084724; 0,8504482181742787; 0,37736439937725663; 0,868187032174319; 0,43295847484841943; 0,006919155828654766; 0,7159544662572443; 0,39382782485336065; 0,7195663265883923; 0,5760989519767463
0,08955251780689194; 0,3851192742586136; 0,5336726550012827; 0,6065332414582372; 0,8151859999634326; 0,045269839465618134; 0,454559117089957; 0,752760746050626; 0,5680035930126905; 0,1725564580410719; 0,7110785874538124
2,1410566785054588; 0,8152931667864323; 0,017521265894174576; 0,3022215995006263; 0,6965476805344224; 0,8550349888391793; 0,23549099080264568; 0,5136933126486838; 0,7166044069454074; 0,4443836626596749; 0,02305205538868904
0,182081250466961; 0,553988840430975; 0,6312599861994386; 0,78204554785043; 0,9727809126488864; 0,8963300939649343; 0,588211860973388; 0,9992780811153352; 0,2782463673502207; 0,047247243113815784; 0,19861074350774288
0,15668206617801045; 0,284962666220963; 0,8415087545290589; 0,09991361014544964; 0,9199651898816228; 0,2231793999671936; 0,5273730899207294; 0,002288748975843191; 0,9897422208450735; 0,8403093749657273; 0,3709529126062989
1,7167033159993954; 0,9423048128373921; 0,943814623169601; 0,8271394800394773; 0,22864395705983043; 0,11547451047226787; 0,010301174130290747; 0,16591467009857297; 0,32715786108747125; 0,19838055223226547; 0,15906268870458007
2,383949641575385; 0,7859235517680645; 0,6223935042507946; 0,896199157461524; 0,05699965497478843; 0,33092049788683653; 0,3892521425150335; 0,9226473802700639; 0,36785315396264195; 0,702466185670346; 0,8793249065056443
0,5183236759386948; 0,5962245529517531; 0,6072677271440625; 0,5552248931489885; 0,7089413162320852; 0,23910843720659614; 0,036515045911073685; 0,6184419714845717; 0,76220662612468; 0,3087538303807378; 0,5623287577182055
2,2017991918878494; 0,5043557942844927; 0,7420640783384442; 0,6291010682471097; 0,534814546816051; 0,8835221258923411; 0,8811250822618604; 0,15037022158503532; 0,8888286743313074; 0,4540802063420415; 0,12322432873770595
2,2873198368725918; 0,7985186739824712; 0,4898238414898515; 0,9886301318183541; 0,7493677791208029; 0,1872353060171008; 0,4809129564091563; 0,1900950870476663; 0,23436135286465287; 0,380646503996104; 0,9456866532564163
1,52196780255336; 0,5751954293809831; 0,31891440553590655; 0,6299400050193071; 0,5909307235851884; 0,021910714451223612; 0,467560114338994; 0,791769715026021; 0,397396722342819; 0,7479912922717631; 0,3437759783118963
0,7995166049709235; 0,09639540174975991; 0,6405072924681008; 0,9922247966751456; 0,6671220562420785; 0,8511414215900004; 0,7234509391710162; 0,32944093039259315; 0,7320401538163424; 0,2510302308946848; 0,35075817815959454
1,5959532279886721; 0,7405674555338919; 0,18996816361323; 0,42818083288148046; 0,4339638240635395; 0,48534951265901327; 0,26037242263555527; 0,7722121300175786; 0,41058868542313576; 0,919154439587146; 0,5926195005886257
1,0989790332833498; 0,1843228368088603; 0,6406363355927169; 0,1345123704522848; 0,10804015817120671; 0,2952633951790631; 0,917088944464922; 0,6983753866516054; 0,9261337462812662; 0,08385932259261608; 0,8040049560368061
-0,18869018833644996; 0,23134486889466643; 0,436354398727417; 0,7657444481737912; 0,5728434077464044; 0,3876110794954002; 0,6685551563277841; 0,31438022246584296; 0,9279493135400116; 0,3664978384040296; 0,7700040838681161
0,6118281317289416; 0,30144408950582147; 0,8184929885901511; 0,1092948317527771; 0,15698295179754496; 0,2481862809509039; 0,6625242871232331; 0,39977607829496264; 0,8067766781896353; 0,720238592941314; 0,7851893780753016
0,32170738345233535; 0,0713310376740992; 0,6058209389448166; 0,18239091662690043; 0,9656559000723064; 0,9470570278353989; 0,81593226082623; 0,4635067731142044; 0,15648458944633603; 0,28807534743100405; 0,6209462890401483
2,4136045160328954; 0,6655525551177561; 0,9717109934426844; 0,29584035836160183; 0,4056096440181136; 0,75450354302302; 0,16168845631182194; 0,5116967214271426; 0,33489824971184134; 0,6768127935938537; 0,6542444685474038
1,3925820318730073; 0,8145737443119287; 0,3577356436289847; 0,9168378030881286; 0,6564440126530826; 0,2748050056397915; 0,7253916151821613; 0,9894703761674464; 0,19230915093794465; 0,7309510041959584; 0,5998823386617005
0,043789101364379725; 0,04003635887056589; 0,8888848843052983; 0,6406638426706195; 0,7015572665259242; 0,27647494710981846; 0,794606376439333; 0,47859191754832864; 0,013342277612537146; 0,48701009433716536; 0,9248133362270892
1,0093443625402987; 0,6910243234597147; 0,8786449641920626; 0,9720314205624163; 0,06822558352723718; 0,5930837043561041; 0,0065877423621714115; 0,2512336391955614; 0,911464196164161; 0,8637667275033891; 0,6253042677417397
1,123058546222301; 0,4035323462449014; 0,14015234494581819; 0,005292579531669617; 0,24585914565250278; 0,2172800381667912; 0,11090151499956846; 0,7939376370050013; 0,43960802536457777; 0,7326409975066781; 0,5293455687351525
0,8917674037533193; 0,7166353217326105; 0,5894874301739037; 0,36837047850713134; 0,7571893064305186; 0,8669882398098707; 0,058200448751449585; 0,2368370583280921; 0,27067030500620604; 0,060393053106963634; 0,1889796913601458
1,3726662424562919; 0,023990143090486526; 0,08715122891589999; 0,7177761159837246; 0,505365087185055; 0,6558021581731737; 0,8029928239993751; 0,4785424992442131; 0,02920536696910858; 0,707424599211663; 0,993213735986501
1,9593871865829542; 0,5415217000991106; 0,3595337336882949; 0,15360977593809366; 0,7617019256576896; 0,2559853792190552; 0,30746267223730683; 0,9944572299718857; 0,7947134175337851; 0,7887223674915731; 0,16115448577329516
0,6613804038015636; 0,45093892700970173; 0,16769910091534257; 0,6843214826658368; 0,5510274590924382; 0,48157347086817026; 0,13815517770126462; 0,938134397380054; 0,9848658065311611; 0,7671076487749815; 0,08971245680004358
0,2752280884498353; 0,6678622970357537; 0,3416535775177181; 0,6037511457689106; 0,21874643536284566; 0,33331381855532527; 0,7114241681993008; 0,3360954034142196; 0,6215492207556963; 0,4211967568844557; 0,13920575892552733
-0,221386874017553; 0,1538860434666276; 0,338949179276824; 0,6270550461485982; 0,5858248914591968; 0,6056099734269083; 0,9035160653293133; 0,4499518945813179; 0,13837251579388976; 0,9521288489922881; 0,4524240675382316
1,36083727392907; 0,5056211408227682; 0,7551385425031185; 0,7746969051659107; 0,14406595844775438; 0,15446940483525395; 0,37718840315937996; 0,20222986303269863; 0,10158717352896929; 0,4004459362477064; 0,4855602723546326
0,11071062038022456; 0,395040606148541; 0,44863313250243664; 0,03466338012367487; 0,0974072627723217; 0,46356785111129284; 0,7821693145669997; 0,24046052107587457; 0,34547812957316637; 0,3038239707238972; 0,39134110463783145
0,17144920668488267; 0,1815776010043919; 0,9875680636614561; 0,5435124170035124; 0,5954562118276954; 0,41042531188577414; 0,12359482143074274; 0,5356389079242945; 0,43404232105240226; 0,5467555210925639; 0,5393538940697908
0,4880362995276638; 0,9939858173020184; 0,4795305500738323; 0,19207693776115775; 0,13642120035365224; 0,4457885413430631; 0,1159620899707079; 0,44642634643241763; 0,19961818540468812; 0,7230760855600238; 0,8451577699743211
1,6096270612449302; 0,9251827774569392; 0,059750959277153015; 0,4146739481948316; 0,31783310463652015; 0,4827545522712171; 0,16885238932445645; 0,006474800407886505; 0,7358025908470154; 0,4119679369032383; 0,5542468288913369
0,735286768225781; 0,8071514992043376; 0,6243424615822732; 0,26425829669460654; 0,8365219254046679; 0,07657181331887841; 0,16877708723768592; 0,3538579996675253; 0,7470107260160148; 0,4913767925463617; 0,9404278546571732
0,7434095558073472; 0,09473383380100131; 0,27688484266400337; 0,4295132728293538; 0,3840168663300574; 0,47599457670003176; 0,1878053736872971; 0,9748269654810429; 0,9286328530870378; 0,26540374429896474; 0,822018283419311
1,0937187068366838; 0,34568073274567723; 0,39040040830150247; 0,6688181515783072; 0,025972848758101463; 0,6648891284130514; 0,25807575415819883; 0,3335610097274184; 0,385580375790596; 0,47650191467255354; 0,6918962146155536
2,0941335693223238; 0,7743515758775175; 0,06025917921215296; 0,5867406879551709; 0,15339257335290313; 0,2435804489068687; 0,3456142107024789; 0,41954962769523263; 0,4092272249981761; 0,5515477885492146; 0,018113705329596996
0,7811090915362251; 0,325298422947526; 0,13711127266287804; 0,24933435674756765; 0,1392718148417771; 0,27947600511834025; 0,6590480185113847; 0,21089537348598242; 0,1749548353254795; 0,21366107696667314; 0,1440557697787881
1,231724548924009; 0,9732682537287474; 0,6063691885210574; 0,24945626221597195; 0,11195339635014534; 0,6480250149033964; 0,9005467933602631; 0,23205076297745109; 0,3760763704776764; 0,8852115217596292; 0,329113126732409
0,30255170260166625; 0,3215234777890146; 0,02749339211732149; 0,05213623587042093; 0,3724746499210596; 0,46818837337195873; 0,24974325112998486; 0,9535498945042491; 0,46948996745049953; 0,8390951207838953; 0,5625711889006197
1,4987961063617323; 0,734161342959851; 0,25315202539786696; 0,8755123894661665; 0,33109309431165457; 0,3827521288767457; 0,3343406948260963; 0,7264656163752079; 0,9740155688486993; 0,47066716523841023; 0,5892013665288687
2,6219046707609275; 0,8844623537734151; 0,8228809558786452; 0,278885206207633; 0,4950853609479964; 0,9909196845255792; 0,42591486359015107; 0,008427058812230825; 0,5755015243776143; 0,031963036861270666; 0,13671970181167126
-0,06886883181026426; 0,3842278700321913; 0,3190929777920246; 0,1726901330985129; 0,05630291113629937; 0,5419719922356308; 0,3525563017465174; 0,8620372940786183; 0,6112035145051777; 0,8901355336420238; 0,6904970216564834
-0,1621885933950662; 0,12125153746455908; 0,24201091984286904; 0,1263414486311376; 0,696494905743748; 0,9949235748499632; 0,37772289849817753; 0,9968985691666603; 0,153498325496912; 0,2612580838613212; 0,6883212644606829
0,4846201357477772; 0,9206330515444279; 0,5656082252971828; 0,8637183732353151; 0,7642143401317298; 0,3644865117967129; 0,5696223536506295; 0,6635124599561095; 0,46801472175866365; 0,36053725332021713; 0,35820372588932514
-0,3911596358804533; 0,17774015292525291; 0,14755786303430796; 0,09735505795106292; 0,8572887177579105; 0,9604221284389496; 0,8901106351986527; 0,599098099861294; 0,9742374629713595; 0,9900143626146019; 0,929404045920819
0,02565398965324084; 0,5240526362322271; 0,26381430961191654; 0,19994061859324574; 0,7076393896713853; 0,4386142729781568; 0,47027741791680455; 0,18929391773417592; 0,7267873813398182; 0,5128922429867089; 0,8544762581586838
0,28458371861141923; 0,27661307994276285; 0,5389147363603115; 0,42335923248901963; 0,2512896624393761; 0,5260244980454445; 0,7378422813490033; 0,8547107330523431; 0,2435463760048151; 0,9587306845933199; 0,31622145557776093
2,1368985405169436; 0,9726763814687729; 0,05809071799740195; 0,502953025046736; 0,30811944836750627; 0,7367590530775487; 0,29274999583140016; 0,7793070618063211; 0,560512313619256; 0,8254843978211284; 0,07879158575087786
0,7958917742812893; 0,8368921843357384; 0,7060686871409416; 0,9385784207843244; 0,7202137457206845; 0,6084653986617923; 0,1596687505953014; 0,9258531015366316; 0,6696904897689819; 0,07457345724105835; 0,22936108708381653
2,735657330822664; 0,9484971673227847; 0,8720358214341104; 0,4549631210975349; 0,9532892648130655; 0,5117763779126108; 0,6910102916881442; 0,029753712937235832; 0,6451763436198235; 0,22073661629110575; 0,7207638891413808
1,7099224175540235; 0,31820500921458006; 0,6508743548765779; 0,5575520698912442; 0,15729579189792275; 0,8432375704869628; 0,5489464439451694; 0,8738286886364222; 0,8269091537222266; 0,9613710260018706; 0,27004586486145854
-0,37095500363480965; 0,012477620970457792; 0,32170206774026155; 0,2777235829271376; 0,06152215180918574; 0,5072849048301578; 0,04108041198924184; 0,5438341861590743; 0,4810323747806251; 0,06616860860958695; 0,23304285295307636
0,3727394532163705; 0,45853274827823043; 0,16251068282872438; 0,7326953895390034; 0,7688762601464987; 0,6402364154346287; 0,3471935330890119; 0,42630173405632377; 0,003960559144616127; 0,5867874738760293; 0,7652089926414192
1,7189497385970172; 0,7474561091512442; 0,6337706195190549; 0,5332534769549966; 0,4351435652934015; 0,10566958272829652; 0,3093745084479451; 0,8643290237523615; 0,6208263421431184; 0,9252065070904791; 0,2320655914954841
1,7926039848665967; 0,7637010891921818; 0,18480924842879176; 0,066419193521142; 0,4341173954308033; 0,633765603415668; 0,9390650009736419; 0,9051665589213371; 0,607143139000982; 0,7917663753032684; 0,05691140750423074
0,011704744287270391; 0,1835640794597566; 0,8504897030070424; 0,6087582670152187; 0,09452146990224719; 0,7788656689226627; 0,8252815064042807; 0,9534144746139646; 0,47590562468394637; 0,6386918351054192; 0,3595319944433868
1,8780229698644806; 0,24511603312566876; 0,8757156878709793; 0,28688454115763307; 0,27432573260739446; 0,5239444100297987; 0,06498503126204014; 0,8205492505803704; 0,2698165737092495; 0,7948031239211559; 0,8008408946916461
1,3216834150489924; 0,3887077970430255; 0,7025109003297985; 0,7230304111726582; 0,4162061447277665; 0,10415820078924298; 0,08778106234967709; 0,4148935005068779; 0,38794586760923266; 0,16145350644364953; 0,9705166053026915
-0,06151737501257658; 0,12968761520460248; 0,7534126043319702; 0,25062928069382906; 0,15248806355521083; 0,6178578604012728; 0,6366227068938315; 0,6648841490969062; 0,7811494208872318; 0,028894605115056038; 0,40756390476599336
0,02223611796773467; 0,42823579255491495; 0,3791754636913538; 0,29013194888830185; 0,5706462729722261; 0,9735938352532685; 0,08163055591285229; 0,4313123566098511; 0,32319861836731434; 0,2539406227879226; 0,4695622646249831
2,0764181549429765; 0,27158111007884145; 0,9947613584809005; 0,6796344751492143; 0,4912729994393885; 0,041058165486902; 0,6909322193823755; 0,9703150261193514; 0,642427637707442; 0,7251816685311496; 0,060706198681145906
0,6095005529635918; 0,7642555781640112; 0,8432142999954522; 0,2613373710773885; 0,12001482956111431; 0,9332557069137692; 0,8716782513074577; 0,6473340457305312; 0,4436033722013235; 0,8125385204330087; 0,24114931840449572
-0,281161460558148; 0,1461859829723835; 0,16408037208020687; 0,9334349916316569; 0,051238642539829016; 0,2918993989005685; 0,4092630222439766; 0,1667636060155928; 0,7832046938128769; 0,30429338198155165; 0,05787850311025977
1,4033115463215475; 0,679365970660001; 0,39624028047546744; 0,0965099292807281; 0,6245592120103538; 0,39694913756102324; 0,5002021286636591; 0,24989005364477634; 0,7245257617905736; 0,1869155396707356; 0,7764318468980491
-0,28144074441066513; 0,24850541073828936; 0,3266676119528711; 0,6915397425182164; 0,3390793204307556; 0,6014952957630157; 0,7886227602139115; 0,23782809544354677; 0,016332160215824842; 0,2552013215608895; 0,5667177406139672
0,47752458877355364; 0,744907284155488; 0,7819203566759825; 0,18122966587543488; 0,11347332736477256; 0,2007242552936077; 0,6471555703319609; 0,6377271520905197; 0,8535630940459669; 0,9866656167432666; 0,027860691770911217
0,48956775115488904; 0,7046101959422231; 0,4639158067293465; 0,23010398261249065; 0,19835237320512533; 0,5496083060279489; 0,8843089262954891; 0,5945127275772393; 0,5711853615939617; 0,529628646094352; 0,45525383902713656
0,9379352021895078; 0,38400575146079063; 0,22481082286685705; 0,07329360023140907; 0,22851152811199427; 0,15908591635525227; 0,4764593057334423; 0,4444405287504196; 0,7173601477406919; 0,3170953691005707; 0,876978138461709
0,027170664472105477; 0,655616142321378; 0,21757976058870554; 0,06216436484828591; 0,8851851401850581; 0,9646680857986212; 0,35400073509663343; 0,016324800439178944; 0,24019881384447217; 0,4110414180904627; 0,7982070986181498
0,728214917800724; 0,6560956039465964; 0,46098760049790144; 0,8108699112199247; 0,7258767299354076; 0,6919451095163822; 0,8634057678282261; 0,7330151228234172; 0,6020792885683477; 0,1881977473385632; 0,6755594010464847
0,22163993372753618; 0,13213252555578947; 0,7053884561173618; 0,9109833845868707; 0,8059055414050817; 0,4544874099083245; 0,38831938058137894; 0,23312958236783743; 0,5421695937402546; 0,20860830321907997; 0,06291031697764993
1,4247727174908786; 0,35142351035028696; 0,5621580947190523; 0,5052156145684421; 0,2796617513522506; 0,6589175793342292; 0,418858022429049; 0,26653073029592633; 0,7386551909148693; 0,3866604710929096; 0,8525888626463711
1,6552686479229148; 0,27044422226026654; 0,23962075728923082; 0,7474630768410861; 0,4952186504378915; 0,8937968299724162; 0,39969955338165164; 0,08035887917503715; 0,36787736928090453; 0,767746904399246; 0,21300779562443495
1,783003398283482; 0,6899488596245646; 0,5235967952758074; 0,10303555801510811; 0,06449214275926352; 0,6346717840060592; 0,4614612706936896; 0,40653195744380355; 0,42530724545940757; 0,0008763517253100872; 0,39802293851971626
2,3915530565582945; 0,6205894835293293; 0,9537584376521409; 0,2448472953401506; 0,49095908692106605; 0,08408180996775627; 0,6720771938562393; 0,8772027362138033; 0,9015571591444314; 0,751850051805377; 0,03003369038924575
2,2115267881133867; 0,3930070740170777; 0,8761677034199238; 0,9132371316663921; 0,4284964744001627; 0,9074273258447647; 0,4246107111684978; 0,7913943263702095; 0,15729186031967402; 0,6632445985451341; 0,3701662407256663
0,9458305601056552; 0,3236641911789775; 0,3463381351903081; 0,6355909109115601; 0,8926649265922606; 0,41629023058339953; 0,49514268431812525; 0,4251339458860457; 0,6449488536454737; 0,25621107406914234; 0,20109659153968096
0,8778391333572121; 0,9484638767316937; 0,5482786726206541; 0,45827412372455; 0,6182566341012716; 0,09455785946920514; 0,2922568991780281; 0,7104700389318168; 0,10353781143203378; 0,6465939972549677; 0,3959881588816643
0,6329554347448737; 0,8551530931144953; 0,7963075586594641; 0,3426556489430368; 0,7878227070905268; 0,28230075305327773; 0,3358888500370085; 0,7575619416311383; 0,4843855341896415; 0,07738226046785712; 0,6288803690113127
1,421237368337733; 0,10959057230502367; 0,39433043263852596; 0,053770110476762056; 0,36720923613756895; 0,19689633511006832; 0,7571044475771487; 0,8243192327208817; 0,5281948489136994; 0,5400218144059181; 0,7749738963320851
1,312778668821658; 0,12565645156428218; 0,09419972775503993; 0,39322562934830785; 0,526101388502866; 0,9954653633758426; 0,05446169152855873; 0,23080810951068997; 0,7888139351271093; 0,5038185208104551; 0,015925294253975153
0,5569453068178956; 0,5562034375034273; 0,2327678631991148; 0,4111194973811507; 0,9444151441566646; 0,39836580865085125; 0,9200285864062607; 0,477252512704581; 0,6395065868273377; 0,11174964299425483; 0,7546943593770266
0,715943322891357; 0,8273711707442999; 0,7726917900145054; 0,01727025955915451; 0,34848342882469296; 0,9984330171719193; 0,2612642734311521; 0,09869678504765034; 0,9422082616947591; 0,7692121067084372; 0,5933123282156885
0,5680138983704102; 0,6839292538352311; 0,9805926103144884; 0,4016439034603536; 0,9148657717742026; 0,9170993757434189; 0,31452353950589895; 0,6551096346229315; 0,9098464511334896; 0,2335937414318323; 0,3118739686906338
0,23450211868119628; 0,26344259455800056; 0,9677388360723853; 0,6690922188572586; 0,3227670374326408; 0,5932343718595803; 0,5532547789625823; 0,41809982899576426; 0,2465584664605558; 0,3478947770781815; 0,7730668461881578
0,25513694832320044; 0,9159171190112829; 0,14865553099662066; 0,008474220987409353; 0,97899179905653; 0,8617307916283607; 0,5373525726608932; 0,816692897118628; 0,8248577010817826; 0,8657380016520619; 0,16933562932536006
2,1017000755988424; 0,42292998917400837; 0,9416460311040282; 0,14624995924532413; 0,7594848303124309; 0,5291076847352087; 0,044041070621460676; 0,6701648933812976; 0,021553317084908485; 0,11773402849212289; 0,15003527840599418
1,4924076337991177; 0,9506049850024283; 0,8275529248639941; 0,8259307993575931; 0,6944802855141461; 0,5839744415134192; 0,5730496775358915; 0,7540707774460316; 0,2288810512982309; 0,32931287679821253; 0,3628990254364908
0,27418211534425874; 0,789947081822902; 0,3114854097366333; 0,4531377130188048; 0,11755209369584918; 0,10908989002928138; 0,7222192492336035; 0,789966853801161; 0,4166769995354116; 0,10819039214402437; 0,7229272811673582
1,972024011017864; 0,660627341363579; 0,5948148868046701; 0,06473313039168715; 0,15499308332800865; 0,4689984954893589; 0,8112366637215018; 0,30250138556584716; 0,02569752372801304; 0,9852074314840138; 0,3538864878937602
-0,053653787172144085; 0,5741104041226208; 0,20382473804056644; 0,48919828655198216; 0,8957052729092538; 0,6946402066387236; 0,9159172629006207; 0,46513076638802886; 0,9545046766288579; 0,8520737146027386; 0,9846202041953802
1,4027627977758528; 0,11171111138537526; 0,2333566378802061; 0,9230472212657332; 0,5651626652106643; 0,27014600904658437; 0,5793654574081302; 0,11724205501377583; 0,9815902085974813; 0,9850139445625246; 0,8876629741862416
1,4548561664878834; 0,8775419909507036; 0,31507752602919936; 0,8898674533702433; 0,9373179203830659; 0,227460955735296; 0,17517520394176245; 0,7356716594658792; 0,9507780843414366; 0,1239820048213005; 0,9405876700766385
2,248383719678028; 0,9193044020794332; 0,15809779008850455; 0,8650903329253197; 0,49918937822803855; 0,15842275321483612; 0,7844518567435443; 0,631674634758383; 0,5325815179385245; 0,8228243896737695; 0,584028409793973
0,332372265189263; 0,622361573856324; 0,676503679715097; 0,35756896482780576; 0,850091865286231; 0,8691256050951779; 0,032307276502251625; 0,12018295004963875; 0,23254937259480357; 0,11305567063391209; 0,24913280177861452
-0,24202379758364032; 0,008872788865119219; 0,4782109181396663; 0,9324201075360179; 0,9107066998258233; 0,7526456410996616; 0,8550719772465527; 0,677927905227989; 0,3944275602698326; 0,8121960205025971; 0,22666914807632565
0,40924496483995776; 0,9461307213641703; 0,37016197480261326; 0,9380042641423643; 0,9912121025845408; 0,6340416073799133; 0,9165143696591258; 0,0745972846634686; 0,9325220207683742; 0,7877089390531182; 0,15460595162585378
0,7526005935548333; 0,9499486451968551; 0,8268487202003598; 0,13136038510128856; 0,6473807748407125; 0,16290456196293235; 0,5994522194378078; 0,7436223835684359; 0,8102438426576555; 0,27626676484942436; 0,45072841504588723
1,7591368361666806; 0,239138369448483; 0,5777251622639596; 0,11927523836493492; 0,4841606253758073; 0,5247350041754544; 0,22784190718084574; 0,38306752126663923; 0,5881063621491194; 0,7214522478170693; 0,1152536403387785
1,2667246268701289; 0,9834319842047989; 0,11597413942217827; 0,17945100273936987; 0,22850979678332806; 0,8193578138016164; 0,30552339274436235; 0,9001216548494995; 0,12949679885059595; 0,9776202272623777; 0,014465354848653078
1,966547028096525; 0,5926166968420148; 0,5082018347457051; 0,32424799306318164; 0,9417309490963817; 0,7901614233851433; 0,5195346171967685; 0,8477978319860995; 0,5136024244129658; 0,03756769606843591; 0,5501863877288997
-0,4282415009084888; 0,11904278583824635; 0,28046479169279337; 0,7456311653368175; 0,9819744187407196; 0,15816741343587637; 0,042018420062959194; 0,7262496361508965; 0,3359480523504317; 0,5781083325855434; 0,5819170111790299
1,7985686287308225; 0,46499619632959366; 0,14774481439962983; 0,2540604076348245; 0,06923596188426018; 0,16170178959146142; 0,6008854857645929; 0,5355644412338734; 0,32782263681292534; 0,3155016335658729; 0,32860300317406654
-0,551731658159038; 0,040407240856438875; 0,2226425907574594; 0,3006385564804077; 0,890073767863214; 0,15723625291138887; 0,9127371832728386; 0,0647960570640862; 0,17795190261676908; 0,0037719393149018288; 0,6283221538178623
-0,08267118298130122; 0,00841098977252841; 0,36320372857153416; 0,8950452953577042; 0,5364817869849503; 0,7013840558938682; 0,22131130006164312; 0,8161153551191092; 0,9353520330041647; 0,19574181316420436; 0,20468733692541718
2,0138624563255014; 0,5127235986292362; 0,9594208062626421; 0,14951892662793398; 0,12589377257972956; 0,6763072479516268; 0,7363173505291343; 0,6751060243695974; 0,34578869957476854; 0,9018466668203473; 0,6279276069253683
1,3773675664225817; 0,5649677459150553; 0,896694686729461; 0,9733508438803256; 0,6529054925777018; 0,23375436989590526; 0,6936475555412471; 0,14454119699075818; 0,6451133023947477; 0,1481376402080059; 0,01292295753955841
1,8473665834180164; 0,1341749718412757; 0,7178137847222388; 0,9399480209685862; 0,5224713841453195; 0,42630190635100007; 0,8062288500368595; 0,2392780240625143; 0,7401619837619364; 0,757291954010725; 0,15335086546838284
1,2851766751923763; 0,0690354690887034; 0,463799306191504; 0,3451696112751961; 0,43427493842318654; 0,11140137584879994; 0,7147913523949683; 0,02869767602533102; 0,05220798775553703; 0,21295539755374193; 0,3932745042257011
0,052329056498026105; 0,652089393697679; 0,2786593995988369; 0,3171538822352886; 0,34592542285099626; 0,5160125312395394; 0,4511468689888716; 0,6421168055385351; 0,5324566136114299; 0,7781488783657551; 0,2740608942694962
0,2602738727307664; 0,9287350946106017; 0,11673882929608226; 0,4908725395798683; 0,485708805732429; 0,6127610523253679; 0,5857270630076528; 0,6562162470072508; 0,3794240807183087; 0,07342259725555778; 0,09213426662608981
-0,16183593402131713; 0,3688892861828208; 0,1928413389250636; 0,4894975279457867; 0,8578665237873793; 0,9762140400707722; 0,2189980922266841; 0,22242934443056583; 0,043966720812022686; 0,7317872187122703; 0,0036372672766447067
1,1287733932755903; 0,6939682019874454; 0,6948194173164666; 0,7255863538011909; 0,795497499871999; 0,2724544396623969; 0,03257948299869895; 0,6878843954764307; 0,33816152019426227; 0,9336042706854641; 0,37083074171096087
1,9449878518030226; 0,1485438491217792; 0,9972130693495274; 0,07872395822778344; 0,23820235021412373; 0,1764543578028679; 0,5977833005599678; 0,7110568219795823; 0,36604380421340466; 0,06719921203330159; 0,7948647867888212
0,544445152890677; 0,26361097441986203; 0,7124487827531993; 0,22417950769886374; 0,06309870257973671; 0,7027932861819863; 0,11522795911878347; 0,23284435644745827; 0,0759568396024406; 0,9508736445568502; 0,07545302854850888
2,096662621583768; 0,9557768423110247; 0,4101924770511687; 0,9740427825599909; 0,42774177761748433; 0,9683076441287994; 0,5484151672571898; 0,6401488487608731; 0,8044329956173897; 0,14049900276586413; 0,5362194157205522
1,0922807212130068; 0,17719808360561728; 0,6077549080364406; 0,01972255017608404; 0,6310228831134737; 0,4210472949780524; 0,3709068554453552; 0,2493556523695588; 0,7932561892084777; 0,9373434162698686; 0,1866131923161447
0,5578112183184794; 0,7487331288866699; 0,8879514527507126; 0,6250121449120343; 0,6281035700812936; 0,4705314473249018; 0,1134617174975574; 0,7302773608826101; 0,25356712006032467; 0,6161656714975834; 0,8726891712285578
1,4203596683791524; 0,9963766979053617; 0,944449046626687; 0,5167717058211565; 0,12032067123800516; 0,45672935293987393; 0,7487293551675975; 0,38694310281425714; 0,09021854121237993; 0,00918377609923482; 0,8515591723844409
2,066058189828428; 0,8057847921736538; 0,11309197917580605; 0,8187178042717278; 0,965062246657908; 0,031078181695193052; 0,5244704578071833; 0,9270813162438571; 0,4074859246611595; 0,7926712911576033; 0,31893306924030185
1,0500083733012282; 0,07885357504710555; 0,9782091034576297; 0,3286504801362753; 0,16109180683270097; 0,255869765765965; 0,8907022178173065; 0,6401368174701929; 0,37742095394060016; 0,14124063169583678; 0,9086481695994735
0,9041006485115972; 0,29229136696085334; 0,8735076622106135; 0,7190559632144868; 0,7260146965272725; 0,4297283636406064; 0,25450760405510664; 0,3486729641444981; 0,00019388645887374878; 0,47695681266486645; 0,004098787438124418
-0,3095422629932368; 0,30101585667580366; 0,15920203737914562; 0,6165737244300544; 0,969961547292769; 0,8064931854605675; 0,9263257905840874; 0,8120693853124976; 0,30122212367132306; 0,19392956560477614; 0,7540518818423152
1,7591518353103373; 0,06641079252585769; 0,7288133651018143; 0,6322640650905669; 0,17581953620538116; 0,24389804806560278; 0,10106034204363823; 0,3484611879102886; 0,37545644398778677; 0,8711355980485678; 0,24813010497018695
1,9156203025863907; 0,7550422549247742; 0,3069773903116584; 0,5221970248967409; 0,5688023059628904; 0,011195444967597723; 0,989173661917448; 0,04990548873320222; 0,45744571881368756; 0,6075895954854786; 0,7050748686306179
-0,04294966619360585; 0,5521265976130962; 0,1274769902229309; 0,9220576942898333; 0,6502194991335273; 0,9149374160915613; 0,8437684015370905; 0,4158004242926836; 0,415084068197757; 0,2927001053467393; 0,6039303480647504
1,6492554105485588; 0,4927353020757437; 0,013737688772380352; 0,23225200083106756; 0,4756328705698252; 0,10042082844302058; 0,2209660867229104; 0,6468464187346399; 0,7682879935018718; 0,4561192225664854; 0,7665138836018741
1,3237179876100904; 0,8648236626759171; 0,42712170677259564; 0,22294806176796556; 0,18055091192945838; 0,8555190078914165; 0,03634880343452096; 0,6562883905135095; 0,2597294496372342; 0,5113253965973854; 0,9801872186362743
0,8079054000967981; 0,27520214347168803; 0,9088435815647244; 0,35635373555123806; 0,8013830338604748; 0,08840763475745916; 0,6890847319737077; 0,14535664347931743; 0,8218664103187621; 0,7922708974219859; 0,2690447117201984
2,166183737935473; 0,8163753771223128; 0,17514907382428646; 0,454161296132952; 0,1916218064725399; 0,055124398320913315; 0,5932108000852168; 0,9908020384609699; 0,7418290199711919; 0,3361914660781622; 0,1482433583587408
1,6701467613590397; 0,93794119451195; 0,03125289501622319; 0,8589670169167221; 0,39305466692894697; 0,4522181339561939; 0,4815918863750994; 0,5401055472902954; 0,08835354074835777; 0,2520625521428883; 0,46536216931417584
2,235840539042409; 0,8714334373362362; 0,22997494181618094; 0,263647542335093; 0,23013751953840256; 0,3419352127239108; 0,5685317981988192; 0,13079032162204385; 0,2839152212254703; 0,3427713788114488; 0,6156190792098641
0,9804590108132976; 0,4055650318041444; 0,355828492436558; 0,9527989034540951; 0,6507207257673144; 0,3451037942431867; 0,7468774812296033; 0,09947541356086731; 0,0741022378206253; 0,5585084222257137; 0,6681261374615133
1,7938417172666423; 0,043362520169466734; 0,8588180616497993; 0,528317139018327; 0,4932873700745404; 0,7339848526753485; 0,735275489743799; 0,7701954338699579; 0,980397539678961; 0,44883544743061066; 0,08844721876084805
0,24214162190100985; 0,5593212326057255; 0,6811356861144304; 0,9178438712842762; 0,8699647854082286; 0,17582341050729156; 0,4580300352536142; 0,12655510660260916; 0,3072159131988883; 0,459088402800262; 0,03955059824511409
0,478353078884228; 0,0162335024215281; 0,40033790841698647; 0,14531103568151593; 0,817356729414314; 0,918537172023207; 0,41222133953124285; 0,831490988843143; 0,9631763943471014; 0,21659214096143842; 0,3948565307073295
0,24545049970320554; 0,329207060392946; 0,21637397957965732; 0,5824594916775823; 0,3566377442330122; 0,2193417395465076; 0,17212462332099676; 0,347600428853184; 0,4040021449327469; 0,40810484532266855; 0,7777227414771914
0,1145655909236768; 0,48787012370303273; 0,49978017807006836; 0,8567691119387746; 0,8554572323337197; 0,5556209958158433; 0,4882748816162348; 0,055110237095505; 0,17263044463470578; 0,28906704066321254; 0,7923416239209473
0,2753262254269535; 0,09661882882937789; 0,7236280553042889; 0,9378486881032586; 0,54897027509287; 0,4603648311458528; 0,1919093457981944; 0,4672967395745218; 0,6890946626663208; 0,08919381769374013; 0,12901647295802832
0,5588244858390451; 0,3194120656698942; 0,6456325952894986; 0,09812952158972621; 0,006974274292588234; 0,46316533256322145; 0,5754732917994261; 0,4474706370383501; 0,23258205503225327; 0,8631637329235673; 0,8675145925953984
0,9339493228214784; 0,7812124975025654; 0,6870839707553387; 0,6928939083591104; 0,7714376193471253; 0,9335378943942487; 0,39238656777888536; 0,8686327412724495; 0,9901859178207815; 0,9384117815643549; 0,05528162606060505
-0,42859971588155266; 0,14811126003041863; 0,24251924501731992; 0,06654606200754642; 0,15785008249804378; 0,3477712399326265; 0,7946751397103071; 0,5759850041940808; 0,9866152983158827; 0,6004901761189103; 0,1748114968650043
0,16046300805995417; 0,13171971263363957; 0,296133684925735; 0,1207509208470583; 0,1937174890190363; 0,8236849890090525; 0,884590947534889; 0,6896659526973963; 0,23171297647058964; 0,0061266375705599785; 0,27648931834846735
0,09803144600317293; 0,5978948934935033; 0,18646994326263666; 0,6396364262327552; 0,6463891970925033; 0,25604759622365236; 0,5509078050963581; 0,8373794676735997; 0,735678278375417; 0,6223856080323458; 0,3155870824120939
1,859171365823519; 0,4520133533515036; 0,3935306533239782; 0,3696090839803219; 0,36260553542524576; 0,5879432633519173; 0,007030809763818979; 0,6694766916334629; 0,4210697147063911; 0,9037550473585725; 0,507264357060194
1,2208266592990014; 0,24065463431179523; 0,05735419597476721; 0,03947535529732704; 0,41497790440917015; 0,5433344664052129; 0,9525827337056398; 0,12648827861994505; 0,5781252784654498; 0,6274249437265098; 0,6909279604442418
0,011620958564350414; 0,6128607080318034; 0,03254903433844447; 0,37406113371253014; 0,9205642705783248; 0,3337842938490212; 0,9554443284869194; 0,7220779047347605; 0,011834175325930119; 0,75266317371279; 0,5451226043514907
2,618991142820527; 0,8905146075412631; 0,860424795653671; 0,40667272405698895; 0,5440902020782232; 0,6818110938183963; 0,3332655103877187; 0,8803686704486609; 0,1294065760448575; 0,835994784720242; 0,021893732715398073
-0,07933191785536975; 0,10302741033956409; 0,23521758150309324; 0,9568532626144588; 0,14896472543478012; 0,23559858137741685; 0,7192951263859868; 0,9343157880939543; 0,8645730470307171; 0,37980850087478757; 0,7712532747536898
0,2992995984183487; 0,3135415716096759; 0,16086976928636432; 0,5650601107627153; 0,8252378585748374; 0,6264877412468195; 0,9922885168343782; 0,3132894649170339; 0,5819417512975633; 0,22348880767822266; 0,9455047361552715
1,111382046446198; 0,24650299409404397; 0,48325621988624334; 0,9630987704731524; 0,37839167611673474; 0,5376433138735592; 0,2801110460422933; 0,8652902911417186; 0,3084725202061236; 0,8133027050644159; 0,24097655760124326
0,7297841915968087; 0,9907692186534405; 0,45174242556095123; 0,028266714420169592; 0,7467385120689869; 0,35164171643555164; 0,011153782717883587; 0,9019212564453483; 0,043603118509054184; 0,47594165336340666; 0,6760830958373845
-0,2092296217000349; 0,4113585692830384; 0,18248428963124752; 0,9291520295664668; 0,8739833263680339; 0,7565925833769143; 0,33498161053285; 0,368490616325289; 0,4146284651942551; 0,17086021415889263; 0,460779604036361
0,7912551535942453; 0,5014800317585468; 0,7607110757380724; 0,008622666820883751; 0,8562000305391848; 0,36423105373978615; 0,44187253899872303; 0,852593342307955; 0,49485588166862726; 0,8272184426896274; 0,34043918550014496
0,9569970840049449; 0,5697006769478321; 0,5993745136074722; 0,4372669216245413; 0,006206073332577944; 0,1848918586038053; 0,19881349988281727; 0,8484355630353093; 0,4251243229955435; 0,916309209074825; 0,9527509761974216
0,6000794874808978; 0,69922581827268; 0,4747802233323455; 0,041127198841422796; 0,7629290982149541; 0,4464583690278232; 0,3220652174204588; 0,38565542874857783; 0,854963487945497; 0,9394031055271626; 0,20762660959735513
0,5063540294234374; 0,5182816721498966; 0,6573170484043658; 0,7418590770103037; 0,6948813740164042; 0,2710782210342586; 0,761097093578428; 0,17622318072244525; 0,50641023600474; 0,9360649324953556; 0,5863777250051498
1,764012816137535; 0,3612100691534579; 0,9870955026708543; 0,11497658537700772; 0,4250061339698732; 0,946072572376579; 0,616192470304668; 0,9704020959325135; 0,989161113742739; 0,5001701759174466; 0,9201575857587159
0,17793947076506195; 0,4427181864157319; 0,2541729127988219; 0,5975917233154178; 0,03296178625896573; 0,8366463449783623; 0,11027770908549428; 0,3581141671165824; 0,8248941274359822; 0,46490770718082786; 0,702115754596889
1,8537982221120837; 0,5110499765723944; 0,1967603312805295; 0,39654981158673763; 0,2254885728470981; 0,10181954363361001; 0,8696281868033111; 0,5979411257430911; 0,42452409071847796; 0,9448591899126768; 0,8154902402311563
0,651458038240998; 0,8614244065247476; 0,866353509016335; 0,24458989454433322; 0,9382132259197533; 0,12201692862436175; 0,5346223548986018; 0,36374690337106586; 0,8451291997916996; 0,13524186750873923; 0,2586522242054343
2,4947728668032276; 0,9204468913376331; 0,878576603718102; 0,22702696360647678; 0,7522417302243412; 0,22087057400494814; 0,5467678876593709; 0,26044123293831944; 0,0826193317770958; 0,47670851834118366; 0,21647519757971168
0,06598246940307473; 0,08911906508728862; 0,21295911027118564; 0,000809443648904562; 0,3765681264922023; 0,9459652896039188; 0,8998426664620638; 0,3071424085646868; 0,0965280057862401; 0,7344846078194678; 0,7301562996581197
0,5503532108471754; 0,945656091440469; 0,35720600793138146; 0,8692149892449379; 0,22519145160913467; 0,49540165113285184; 0,6665650624781847; 0,3208857257850468; 0,35409676330164075; 0,694267064332962; 0,23250943329185247
-0,30969509731279005; 0,27086962340399623; 0,18439593212679029; 0,2695553582161665; 0,32210555486381054; 0,6696115056984127; 0,12609436037018895; 0,40888085728511214; 0,5906412210315466; 0,38255335204303265; 0,4901050026528537
1,4793136508183293; 0,466853111051023; 0,26013447856530547; 0,356675086542964; 0,6086738468147814; 0,9384866249747574; 0,4461965598165989; 0,313019298017025; 0,3578991969116032; 0,6852472857572138; 0,07581336563453078
1,0491320428971942; 0,3253446933813393; 0,9500488117337227; 0,24796226248145103; 0,40740988217294216; 0,45424538664519787; 0,20724506443366408; 0,8485569995827973; 0,8140201824717224; 0,9353366023860872; 0,6684647416695952
0,13805643584236715; 0,665441018063575; 0,4022189541719854; 0,09855491807684302; 0,7138603469356894; 0,8090913067571819; 0,08833347959443927; 0,844740032684058; 0,5736752538941801; 0,3473474998027086; 0,6548848892562091
1,2785977354063132; 0,4734937632456422; 0,037451562471687794; 0,05607618624344468; 0,6138852699659765; 0,32334008906036615; 0,9123152429237962; 0,24637578707188368; 0,621983545832336; 0,9991719359531999; 0,48891610745340586
1,2313267860850656; 0,8175241551361978; 0,6122561101801693; 0,18011924112215638; 0,12056000297889113; 0,5198596883565187; 0,9935800526291132; 0,19848636211827397; 0,7727398448623717; 0,9291476304642856; 0,7880060034804046
0,65548722976387; 0,4838352114893496; 0,17729854490607977; 0,14167852699756622; 0,23033431638032198; 0,6456657866947353; 0,5756967971101403; 0,6189553518779576; 0,11137458123266697; 0,9215732840821147; 0,49983728118240833
0,12764857974007066; 0,4974840055219829; 0,4825382432900369; 0,9382615946233273; 0,1469977144151926; 0,5145561504177749; 0,7674917350523174; 0,7285059113055468; 0,5774696343578398; 0,8739887243136764; 0,7828031969256699
0,8622619630019681; 0,5339732938446105; 0,7001137607730925; 0,5018573645502329; 0,4010126846842468; 0,49138795398175716; 0,10805352684110403; 0,3411587309092283; 0,46480134315788746; 0,34316127514466643; 0,02359622437506914
1,0382797571381177; 0,882195495069027; 0,4978302516974509; 0,8882250357419252; 0,715003018733114; 0,914117933716625; 0,10910406336188316; 0,9287120518274605; 0,037815443240106106; 0,9933284213766456; 0,5829692767001688
-0,031484277386120973; 0,47078877221792936; 0,009744078852236271; 0,6668674093671143; 0,8290953687392175; 0,5040452778339386; 0,4617510181851685; 0,3867530534043908; 0,2923243553377688; 0,511493450962007; 0,3734815753996372
0,2555331858602443; 0,17212816886603832; 0,7813618900254369; 0,7621709080412984; 0,49934485414996743; 0,8392145442776382; 0,14664475340396166; 0,04185044392943382; 0,8602162664756179; 0,7367611839435995; 0,7986285393126309
1,095566171519038; 0,44856064207851887; 0,0921338377520442; 0,2865289691835642; 0,0748926536180079; 0,7767746467143297; 0,3760055252350867; 0,8991330405697227; 0,5786465536803007; 0,5284968763589859; 0,9112926698289812
0,4037531141383943; 0,3877652636729181; 0,9006674382835627; 0,23657912947237492; 0,5261092493310571; 0,753919952083379; 0,7139288517646492; 0,03298987727612257; 0,9644673462025821; 0,19162846822291613; 0,6485651060938835
1,8354886900070553; 0,24927413696423173; 0,9467266597785056; 0,7132270867004991; 0,32271632784977555; 0,9355658246204257; 0,9713123016990721; 0,9973172298632562; 0,2509628045372665; 0,6512319203466177; 0,3777665924280882
1,5401214108979646; 0,1247535734437406; 0,65089828427881; 0,7191954073496163; 0,4457912757061422; 0,07172617549076676; 0,7440440338104963; 0,9362891102209687; 0,3989688465371728; 0,5650250460021198; 0,8904438149183989
2,0893765198094716; 0,535326802637428; 0,9757914654910564; 0,26187996473163366; 0,002894223667681217; 0,8127107862383127; 0,26005927473306656; 0,32830484164878726; 0,7195393568836153; 0,02349393256008625; 0,866194402333349
1,4110362776980037; 0,8396993963979185; 0,9461871245875955; 0,912951035425067; 0,7596362386830151; 0,6277256347239017; 0,5985919353552163; 0,7836815873160958; 0,7138163149356842; 0,5126807033084333; 0,9448292516171932
0,4362635475786074; 0,7601235178299248; 0,5670784735120833; 0,9150304165668786; 0,09594369307160378; 0,3779616109095514; 0,56810342380777; 0,5008352980948985; 0,9023346100002527; 0,5935289426706731; 0,4989143335260451
-0,060019656527035836; 0,2903501340188086; 0,3418507087044418; 0,3025487163104117; 0,959930510725826; 0,10968678630888462; 0,3433399614877999; 0,5192331001162529; 0,5014023059047759; 0,24816292664036155; 0,25039559323340654
2,2723000147814623; 0,6513339509256184; 0,9709356892853975; 0,9797948868945241; 0,45756313716992736; 0,23932037176564336; 0,7368795010261238; 0,8500978406518698; 0,7275017388164997; 0,6510102478787303; 0,23250278923660517
1,2587922181027764; 0,8901987778954208; 0,7065632077865303; 0,3377672666683793; 0,2756235753186047; 0,5161324059590697; 0,23001378495246172; 0,8249496831558645; 0,9364950926974416; 0,3792666788212955; 0,2916513471864164
0,8675134063769631; 0,8987159808166325; 0,9709685482084751; 0,14326218189671636; 0,1379345189779997; 0,3365618069656193; 0,14408278884366155; 0,404919883236289; 0,22584080509841442; 0,15905899414792657; 0,09976554336026311
-0,12087795909674176; 0,2212086576037109; 0,5207840763032436; 0,428633542265743; 0,14685097662732005; 0,08208996104076505; 0,006161021068692207; 0,7343740239739418; 0,373870977666229; 0,32992619881406426; 0,7904692199081182
0,36393864154308625; 0,5570433652028441; 0,3782157958485186; 0,5199009031057358; 0,6871511512435973; 0,94934171019122; 0,020217091776430607; 0,25290285609662533; 0,6549638486467302; 0,08361056866124272; 0,46774151362478733
2,1009069915293392; 0,7787520722486079; 0,24076000647619367; 0,08557358849793673; 0,5490485969930887; 0,6588569488376379; 0,5261779753491282; 0,8251316118985415; 0,17916506249457598; 0,8213461670093238; 0,7857362148351967
0,9885654372161907; 0,7677332041785121; 0,029351817909628153; 0,7890608892776072; 0,1921611065044999; 0,6421043737791479; 0,7469236422330141; 0,5384612306952477; 0,1975118755362928; 0,5656314007937908; 0,6168998037464917
1,9056518084485066; 0,8153622760437429; 0,3848147029057145; 0,6072778543457389; 0,43465320114046335; 0,38810479221865535; 0,09414618974551558; 0,2118769376538694; 0,4464383744634688; 0,7774919886142015; 0,0642151441425085
2,6409364469860175; 0,7895250804722309; 0,9653921723365784; 0,4847512901760638; 0,9365450977347791; 0,8374194274656475; 0,24661818938329816; 0,5304460609331727; 0,3855820819735527; 0,7421697839163244; 0,5625663148239255
1,787593473066941; 0,3030310124158859; 0,5152474683709443; 0,7886502924375236; 0,4827726553194225; 0,677089205943048; 0,08245323365554214; 0,9841794869862497; 0,21193335810676217; 0,21745073609054089; 0,9971455736085773
1,4809734430515085; 0,6119977859780192; 0,6320056729018688; 0,7570719365030527; 0,09825041564181447; 0,852888336405158; 0,13906012382358313; 0,5950788594782352; 0,7143059093505144; 0,8553732428699732; 0,19929527351632714
1,2272808523059715; 0,07724670972675085; 0,26291148643940687; 0,3293120823800564; 0,30976923927664757; 0,43430827278643847; 0,3633506796322763; 0,40302841644734144; 0,2502039559185505; 0,3463071039877832; 0,13178830780088902
-0,30734823868790434; 0,13048748206347227; 0,04563299100846052; 0,43661032849922776; 0,662973849568516; 0,706147201359272; 0,7920479062013328; 0,5343335708603263; 0,8951101694256067; 0,3785187741741538; 0,7178452145308256
0,902985977895371; 0,43547347374260426; 0,6447933609597385; 0,939369058702141; 0,3849689271301031; 0,835036363452673; 0,9748885878361762; 0,8521638172678649; 0,8250271305441856; 0,1310118450783193; 0,28935571014881134
1,194616397858416; 0,6663571866229177; 0,8672701558098197; 0,6916927518323064; 0,38831227272748947; 0,480287863407284; 0,5598440361209214; 0,6614017733372748; 0,5329421046189964; 0,3219125894829631; 0,3231699732132256
1,9913932398720995; 0,467984005343169; 0,5370196169242263; 0,6169139449484646; 0,08591351471841335; 0,04809353593736887; 0,3344201329164207; 0,7189310183748603; 0,3691380489617586; 0,17821635864675045; 0,616280070040375
0,28315510795063087; 0,4797118087299168; 0,8543571620248258; 0,044117390643805265; 0,6993547738529742; 0,7301370901986957; 0,8439312130212784; 0,5357390064746141; 0,4864846495911479; 0,5804095906205475; 0,07463658601045609
1,938146901800562; 0,6642703549005091; 0,5223571257665753; 0,741660526022315; 0,4535985663533211; 0,6960084936581552; 0,9933178024366498; 0,6580802169628441; 0,14718030858784914; 0,9832835556007922; 0,33114648098126054
-0,37384539450942267; 0,2623552680015564; 0,04327151412144303; 0,19664018461480737; 0,3431028607301414; 0,3487965171225369; 0,7985931425355375; 0,28019828349351883; 0,7349204416386783; 0,6902120900340378; 0,9737033420242369
0,33536333893197134; 0,40224750712513924; 0,7794823194853961; 0,9801374487578869; 0,15443655289709568; 0,5520230513066053; 0,1689788536168635; 0,5089946785010397; 0,9240987850353122; 0,9210413782857358; 0,8130544438026845
-0,12977699563362138; 0,22384485602378845; 0,34512761794030666; 0,9717267663218081; 0,045499362517148256; 0,3655146178789437; 0,8399467505514622; 0,21306532202288508; 0,07347085047513247; 0,8652084139175713; 0,2367106406018138
0,48327889305777527; 0,31604057224467397; 0,20949285617098212; 0,10772263910621405; 0,9353457954712212; 0,9992366409860551; 0,7530014240182936; 0,27537168422713876; 0,24570332560688257; 0,6815803437493742; 0,2959214448928833
1,3042764279626973; 0,9770330376923084; 0,9676995645277202; 0,7262585130520165; 0,9979605255648494; 0,9525539064779878; 0,8595511671155691; 0,018087411299347878; 0,16132685681805015; 0,0591497253626585; 0,5623084637336433
0,2808842068337119; 0,5014477502554655; 0,8042377349920571; 0,8773084636777639; 0,9605131163261831; 0,5108104129321873; 0,3586205164901912; 0,00512628024443984; 0,8359327670186758; 0,4584944201633334; 0,35864549223333597
-0,40815214494165447; 0,14167341124266386; 0,047237041406333447; 0,5268168970942497; 0,36450480250641704; 0,3622779166325927; 0,9288335209712386; 0,502919658087194; 0,3644575015641749; 0,9400717951357365; 0,36147987470030785
-0,36300891324838386; 0,1521215089596808; 0,07507999427616596; 0,6502788485959172; 0,7048006043769419; 0,09878993825986981; 0,7857806948013604; 0,6692927437834442; 0,4438302740454674; 0,23435432743281126; 0,7079423284158111
1,7507790201131685; 0,6575817242264748; 0,1862460426054895; 0,88166648382321; 0,5363329173997045; 0,6024938211776316; 0,856464670971036; 0,6156534026376903; 0,4916761005297303; 0,057967289350926876; 0,8725673952139914
1,1281080252902698; 0,5978568713180721; 0,08881124993786216; 0,6850317707285285; 0,45886555267497897; 0,5221528322435915; 0,4426219193264842; 0,18214091751724482; 0,6088849250227213; 0,25722034787759185; 0,3038140037097037
1,7159720307269726; 0,39457595301792026; 0,006693845149129629; 0,532917199190706; 0,9486244469881058; 0,5069315414875746; 0,20807491755113006; 0,8393084690906107; 0,9270849181339145; 0,36815120186656713; 0,2822816949337721
0,036172174096979204; 0,4724908880889416; 0,24452419858425856; 0,5947371968068182; 0,7995658977888525; 0,11659725196659565; 0,9206172814592719; 0,464410662651062; 0,22588583501055837; 0,931028489023447; 0,41373773384839296
0,00047200876035530075; 0,013965127523988485; 0,655760332942009; 0,9640174675732851; 0,7954941284842789; 0,3166972897015512; 0,03836499806493521; 0,6930228597484529; 0,3366312887519598; 0,618674898520112; 0,017186928540468216
2,337401038595752; 0,9780391547828913; 0,7805002355016768; 0,327780582010746; 0,39598440006375313; 0,6013622777536511; 0,16170265804976225; 0,19130829256027937; 0,6753640752285719; 0,6371771059930325; 0,6278631552122533
0,22631143512340685; 0,3636817131191492; 0,8327788473106921; 0,5281083742156625; 0,9801365709863603; 0,4630387118086219; 0,14110279642045498; 0,19861941831186414; 0,594942674972117; 0,638172441162169; 0,4887446775101125
0,8784835167616284; 0,5467362361960113; 0,38329883571714163; 0,23142907721921802; 0,7044564224779606; 0,5337243904359639; 0,0853844927623868; 0,8489626157097518; 0,8359391884878278; 0,31031744508072734; 0,5173410377465189
0,28248480920329955; 0,9442305029369891; 0,15059612784534693; 0,9316894626244903; 0,9112268751487136; 0,8144370261579752; 0,6132898004725575; 0,4176992387510836; 0,6958088763058186; 0,5818911669775844; 0,051097335293889046
1,1041361076086182; 0,07935026055201888; 0,6405081250704825; 0,5063883159309626; 0,15879451530054212; 0,7422339608892798; 0,87163320556283; 0,2940116352401674; 0,3318353844806552; 0,9455214077606797; 0,21190857468172908
0,6887862734101668; 0,37438657646998763; 0,5728484485298395; 0,04960978217422962; 0,7747941394336522; 0,152545474935323; 0,5218731071799994; 0,06419849954545498; 0,06817002920433879; 0,3748065927065909; 0,06607953924685717
1,8667939942352911; 0,4782702401280403; 0,9655119637027383; 0,1973379272967577; 0,46728246519342065; 0,45184528129175305; 0,8573108147829771; 0,7969218571670353; 0,26762583712115884; 0,34061778895556927; 0,2873738477937877
0,46358029487014085; 0,6126697091385722; 0,7540673678740859; 0,012375741731375456; 0,7571040764451027; 0,8838740051724017; 0,46732617169618607; 0,178241272456944; 0,3814837825484574; 0,6823012670502067; 0,8004578333348036
0,6583886839270916; 0,9127988610416651; 0,8105105878785253; 0,22851537447422743; 0,6303780353628099; 0,12965390738099813; 0,01012234017252922; 0,777152699418366; 0,39285885356366634; 0,761607812717557; 0,4797945483587682
0,0067960438400968826; 0,1510012117214501; 0,8198718042112887; 0,8429384427145123; 0,19719502562657; 0,3346327329054475; 0,6150288889184594; 0,1161443623714149; 0,9563603540882468; 0,9475867967121303; 0,9791648462414742
1,1872086842109464; 0,22964117862284184; 0,4298186982050538; 0,20565410098060966; 0,6045054490678012; 0,935069683007896; 0,7677592923864722; 0,8664125883951783; 0,2514964221045375; 0,6688301018439233; 0,19070489378646016
2,082337457414225; 0,5198123515583575; 0,8307915339246392; 0,7359423795714974; 0,11080440180376172; 0,04384424118325114; 0,6571811912581325; 0,1252469471655786; 0,8196945660747588; 0,06708631990477443; 0,31408489495515823
0,7295957124806468; 0,9401571536436677; 0,6096513667143881; 0,9131822227500379; 0,5243851318955421; 0,02753607928752899; 0,04673777660354972; 0,8147260323166847; 0,6486230511218309; 0,7683924180455506; 0,4687432018108666
0,07901529526013676; 0,16071923403069377; 0,9361560964025557; 0,5022032633423805; 0,041196427308022976; 0,017750015016645193; 0,8342925272881985; 0,8403755738399923; 0,51256895205006; 0,8671387592330575; 0,6585006550885737
0,09391079597473972; 0,40875761304050684; 0,3415091256611049; 0,42908371053636074; 0,37313286727294326; 0,08151137549430132; 0,1666939789429307; 0,5182260884903371; 0,9659560448490083; 0,04689242830500007; 0,26665272330865264
0,170645174663983; 0,5723576317541301; 0,13804636429995298; 0,1540558161213994; 0,4755771695636213; 0,8541115950793028; 0,25546539574861526; 0,9030356504954398; 0,39635851699858904; 0,5245333118364215; 0,9653449901379645
0,7326737672227238; 0,48146269749850035; 0,6325393207371235; 0,09601586684584618; 0,9084205031394958; 0,6079138512723148; 0,2943381522782147; 0,9433771758340299; 0,40793404914438725; 0,9481803528033197; 0,45536504220217466
0,169450476211641; 0,5536831323988736; 0,5904485285282135; 0,7271402888000011; 0,3485198589041829; 0,14291932713240385; 0,558834663592279; 0,1028355248272419; 0,5281015238724649; 0,06962495297193527; 0,88041080115363
0,18763439528520204; 0,3783944989554584; 0,42064240062609315; 0,9276819261722267; 0,09464766923338175; 0,5420874864794314; 0,6004645526409149; 0,5675814356654882; 0,36758970469236374; 0,8928459933958948; 0,7350519332103431
1,802388953590115; 0,2684765509329736; 0,7849630848504603; 0,630778375081718; 0,49365687370300293; 0,9267807328142226; 0,747458494734019; 0,7924712095409632; 0,7134276474826038; 0,3360549323260784; 0,13938557682558894
1,789345414544493; 0,0718554905615747; 0,7378684366121888; 0,8363247946836054; 0,5109452684409916; 0,7242783163674176; 0,13484174571931362; 0,24825073825195432; 0,8391371252946556; 0,23533365363255143; 0,22399170137941837
1,6869710511808458; 0,42354780714958906; 0,21242115227505565; 0,9884221726097167; 0,4724516882561147; 0,471041907556355; 0,27766287373378873; 0,9503673180006444; 0,11947447061538696; 0,8372264849022031; 0,21852097800001502
1,3650635150078763; 0,6220233389176428; 0,17994147073477507; 0,35543444054201245; 0,9191910824738443; 0,57537832390517; 0,22594065498560667; 0,5492719793692231; 0,9003299945034087; 0,16809445386752486; 0,6705079609528184
1,2003016499575585; 0,8082620506174862; 0,7876933966763318; 0,6333482293412089; 0,2279454404488206; 0,6531376834027469; 0,3607779173180461; 0,9028686261735857; 0,033579675015062094; 0,060856844298541546; 0,553773105610162
1,0638547164435086; 0,4696957226842642; 0,7070786925032735; 0,09657538123428822; 0,7042306731455028; 0,13364524859935045; 0,5596914431080222; 0,37303749984130263; 0,6618685573339462; 0,24331277050077915; 0,5556535152718425
-0,14341216346502397; 0,16775171039626002; 0,012071253266185522; 0,44473805697634816; 0,023088241461664438; 0,6310014012269676; 0,10530995251610875; 0,7202066900208592; 0,9573997315019369; 0,1212917142547667; 0,6638425881974399
0,7612921892164798; 0,9153529782779515; 0,8682919195853174; 0,6561005851253867; 0,5100253731943667; 0,8012441787868738; 0,31939690094441175; 0,2755507295951247; 0,2978399251587689; 0,4479318247176707; 0,23754966165870428
1,0014792451545933; 0,1591786677017808; 0,6165045564994216; 0,6994720185175538; 0,058896859642118216; 0,8439461360685527; 0,8639409756287932; 0,9170746440067887; 0,4831208004616201; 0,7726299627684057; 0,25595468236133456
1,4921298084381944; 0,5067396117374301; 0,5798585494048893; 0,03408767469227314; 0,4754699724726379; 0,20389368990436196; 0,17862476827576756; 0,9141633557155728; 0,31724716257303953; 0,96340511739254; 0,03207657020539045
1,0575268030726799; 0,8361654658801854; 0,2468452570028603; 0,7688894052989781; 0,4844793672673404; 0,8639613529667258; 0,41273936489596963; 0,009431068319827318; 0,2873766734264791; 0,9397794590331614; 0,8215965651907027
1,7999809306148862; 0,5076339729130268; 0,2715529119595885; 0,12251693848520517; 0,4228895721025765; 0,3123024790547788; 0,16405967436730862; 0,8652175008319318; 0,6393850496970117; 0,4569581435061991; 0,6380529655143619
0,02225757719626914; 0,5318113090470433; 0,369942853692919; 0,9503353466279805; 0,916106668766588; 0,27061167219653726; 0,7444024221040308; 0,015762371476739645; 0,7536979331634939; 0,701971678994596; 0,5208027828484774
0,802661453796154; 0,7815528148785233; 0,6073542851954699; 0,5412109233438969; 0,5796849792823195; 0,7612327365204692; 0,5206932746805251; 0,4112656111828983; 0,7985193780623376; 0,06043123081326485; 0,9176682089455426
1,165821537820178; 0,7777063925750554; 0,3351862211711705; 0,5982077196240425; 0,0632138610817492; 0,40773251093924046; 0,29127532709389925; 0,9459865842945874; 0,5825234362855554; 0,9546390250325203; 0,21130532678216696
1,8728918442759306; 0,6437572613358498; 0,20102118607610464; 0,8679434456862509; 0,16027322644367814; 0,9030943689867854; 0,39542356319725513; 0,21113254828378558; 0,13786744652315974; 0,30320224771276116; 0,9795906902290881
1,7628401603154022; 0,6712683225050569; 0,8235690011642873; 0,41698996676132083; 0,6331187388859689; 0,7823951942846179; 0,694334177300334; 0,14162569353356957; 0,15566510800272226; 0,7125816713087261; 0,9708457011729479
0,6114031466432959; 0,81358173629269; 0,23115474730730057; 0,8229302116669714; 0,3762325453571975; 0,530601320322603; 0,8556535746902227; 0,32919493643566966; 0,6983322571031749; 0,6205320050939918; 0,14663950400426984
0,09222285995104473; 0,2514163819141686; 0,8602934442460537; 0,6049101809039712; 0,9353114380501211; 0,2856010403484106; 0,45549036422744393; 0,20763511396944523; 0,36982674337923527; 0,9966290746815503; 0,3211271930485964
1,7192028268465436; 0,3574545355513692; 0,38547766814008355; 0,5185552854090929; 0,488985656760633; 0,21474028704687953; 0,1291596032679081; 0,644598301500082; 0,6578669780865312; 0,34250814048573375; 0,9523816965520382
0,10637180395096613; 0,4547529285773635; 0,57091976236552; 0,6885121786035597; 0,2199562923051417; 0,09577295137569308; 0,7048107939772308; 0,08646440040320158; 0,3412536261603236; 0,4199096695519984; 0,6758068613708019
0,37770060900108365; 0,6801492036320269; 0,1087646521627903; 0,5377811607904732; 0,16162622580304742; 0,4539003218524158; 0,6843524966388941; 0,2783434041775763; 0,42863256437703967; 0,5589523408561945; 0,6788590312935412
0,9436201362657429; 0,9017339111305773; 0,36403342755511403; 0,43390978779643774; 0,5570327118039131; 0,6607022099196911; 0,4946043035015464; 0,7068118760362267; 0,9637787062674761; 0,25029496289789677; 0,8011679695919156
0,7521629595838114; 0,9538109032437205; 0,8249145117588341; 0,03614808106794953; 0,05711370287463069; 0,6161500294692814; 0,1363804000429809; 0,13538976199924946; 0,8350531761534512; 0,6565941595472395; 0,7657534340396523
0,13544809175136996; 0,6288971700705588; 0,26759255956858397; 0,35147681273519993; 0,8716353084892035; 0,5223800912499428; 0,780885735526681; 0,2990085552446544; 0,5332438298501074; 0,8513975087553263; 0,37351376516744494
2,067209080683328; 0,3032151944935322; 0,8157885340042412; 0,6256921249441803; 0,04224113281816244; 0,7301155375316739; 0,8415535199455917; 0,1143921623006463; 0,5842920243740082; 0,41138418670743704; 0,24655247572809458
1,4634247711833934; 0,3925457699224353; 0,31471610302105546; 0,7299970304593444; 0,4558342443779111; 0,9972910094074905; 0,15586019307374954; 0,582457241602242; 0,4228234845213592; 0,8761268109083176; 0,9535364871844649
1,0642162216611242; 0,7465352788567543; 0,14051782805472612; 0,5541025740094483; 0,681091942358762; 0,9663935392163694; 0,0731011270545423; 0,3221962805837393; 0,11029704986140132; 0,7775137084536254; 0,3830942567437887
0,354148733053382; 0,9151029861532152; 0,08173223119229078; 0,5405582739040256; 0,4774347576312721; 0,6922208513133228; 0,7757056844420731; 0,36077204579487443; 0,9316667513921857; 0,9598880801349878; 0,5874429326504469
-0,025498422349164065; 0,08907004445791245; 0,9535740003921092; 0,8487452063709497; 0,35890263691544533; 0,15252669295296073; 0,22433661669492722; 0,8521680515259504; 0,5382923274300992; 0,9387928890064359; 0,7208869382739067
1,6720690527413553; 0,36802958836779; 0,7311140410602093; 0,9373156041838229; 0,21863074926659465; 0,8138350415974855; 0,2256749700754881; 0,2815595790743828; 0,7475699153728783; 0,8307829741388559; 0,7649129815399647
0,6285868692704478; 0,157720357645303; 0,5755288191139698; 0,21810323791578412; 0,49607934756204486; 0,32937486795708537; 0,4136214139871299; 0,950264654122293; 0,4582504378631711; 0,6857821294106543; 0,8696807441301644
-0,20232415561183226; 0,036776263266801834; 0,012134056072682142; 0,8363030618056655; 0,0756314154714346; 0,29376298375427723; 0,5636123134754598; 0,9750746204517782; 0,05691423825919628; 0,8912181216292083; 0,19759292714297771
0,4682304081488512; 0,22627893835306168; 0,7248326414264739; 0,4162279204465449; 0,9456841573119164; 0,6326098386198282; 0,42478674184530973; 0,4120334964245558; 0,3458359194919467; 0,4294587899930775; 0,9658615593798459
1,6140628985930578; 0,27635197807103395; 0,3582446714863181; 0,7449676827527583; 0,3660623305477202; 0,8894243258982897; 0,09206511406227946; 0,09651749674230814; 0,9647664525546134; 0,619673783890903; 0,019686971325427294
0,47398001819706426; 0,7147527132183313; 0,591186695266515; 0,12482484895735979; 0,29319076146930456; 0,1790686985477805; 0,483629850205034; 0,7565307240001857; 0,9960918859578669; 0,40696977311745286; 0,4206714709289372
0,8852788910383537; 0,9550525555387139; 0,9551624655723572; 0,8941299393773079; 0,02623270032927394; 0,005244854371994734; 0,8445225139148533; 0,0645668632350862; 0,6833917996846139; 0,07729505281895399; 0,3738288073800504
0,010826742926431265; 0,459943272639066; 0,2984985522925854; 0,07083910936489701; 0,8345171152614057; 0,3364595896564424; 0,2827532673254609; 0,3061259053647518; 0,5525108287110925; 0,7956135631538928; 0,5926293688826263
0,6356696880676194; 0,16587863396853209; 0,1750147412531078; 0,5523288603872061; 0,6817532861605287; 0,23949290718883276; 0,4956163610331714; 0,8448364934884012; 0,29792566411197186; 0,03925061319023371; 0,4419292649254203
2,4395811901020443; 0,5669885450042784; 0,9836672125384212; 0,5745464726351202; 0,9429012085311115; 0,31906045228242874; 0,15578071121126413; 0,11765428353101015; 0,8800080791115761; 0,8683285326696932; 0,9392217490822077
1,8134647649268416; 0,10251398477703333; 0,7323537222109735; 0,20123056787997484; 0,26642855862155557; 0,6766394828446209; 0,7905281060375273; 0,8986060195602477; 0,02571210451424122; 0,4149142331443727; 0,6288398741744459
1,5316065256855345; 0,1175017599016428; 0,6939079430885613; 0,39766303077340126; 0,09558754228055477; 0,6370449303649366; 0,048874800093472004; 0,0027853050269186497; 0,853320823982358; 0,8258861713111401; 0,7793278931640089
0,22659904061175073; 0,448443585075438; 0,19195235101506114; 0,5381232714280486; 0,37043155590072274; 0,2679114989005029; 0,4210391156375408; 0,9414648725651205; 0,04682390904054046; 0,87615512823686; 0,7632007203064859
0,5229879601328489; 0,1765365214087069; 0,7620490929111838; 0,49410107964649796; 0,7077228864654899; 0,07129108440130949; 0,4845334212295711; 0,9087877226993442; 0,21400940185412765; 0,142905802000314; 0,041975520085543394
1,3681131417737138; 0,8192939632572234; 0,6739427396096289; 0,13796279206871986; 0,8684124788269401; 0,9030046951957047; 0,46159446565434337; 0,8473097300156951; 0,5228364081121981; 0,2257198658771813; 0,09274129429832101
1,3619616206563872; 0,5178980664350092; 0,7689141165465117; 0,7318000211380422; 0,2586596538312733; 0,37594045512378216; 0,09721793420612812; 0,10276635643094778; 0,8930722703225911; 0,4062681598588824; 0,4211851884610951
1,7662592217387212; 0,026789113879203796; 0,8771881484426558; 0,5016260086558759; 0,48856740118935704; 0,6489946893416345; 0,2344980794005096; 0,913232637103647; 0,008648189716041088; 0,5066063944250345; 0,9853999204933643
0,32615785895018745; 0,35068093286827207; 0,9233477604575455; 0,915788293350488; 0,06075416272506118; 0,40596900414675474; 0,5596301308833063; 0,9277411377988756; 0,5615735845640302; 0,5177143784239888; 0,08214912749826908
0,888921877542879; 0,9800158585421741; 0,43747224612161517; 0,6752095874398947; 0,5203962218947709; 0,42479428136721253; 0,9518593838438392; 0,5440661516040564; 0,7939703380689025; 0,3628492276184261; 0,7798855789005756
0,6272812224746855; 0,4455524883233011; 0,709328206256032; 0,9581659273244441; 0,030173709150403738; 0,03679856564849615; 0,03406680002808571; 0,6823821179568768; 0,38847762113437057; 0,21593151334673166; 0,983934239950031
0,5563067489057278; 0,8153120917268097; 0,16049105068668723; 0,1448149625211954; 0,7772306874394417; 0,8321926719509065; 0,3244906850159168; 0,8869267730042338; 0,8801007778383791; 0,3765408918261528; 0,7391666728071868
1,7111407730016714; 0,1979054524563253; 0,6257701255381107; 0,9054878083989024; 0,5417220545932651; 0,961158387362957; 0,7726350594311953; 0,3279833234846592; 0,6718640122562647; 0,18255295185372233; 0,6900067310780287
-0,30606191464587235; 0,3361211293376982; 0,029783704318106174; 0,966897286940366; 0,39672411512583494; 0,32402849523350596; 0,6705612656660378; 0,411277137696743; 0,4392023500986397; 0,7463830281049013; 0,35702549992129207
1,120422148025684; 0,4751983634196222; 0,45801520720124245; 0,36646266374737024; 0,2185406917706132; 0,48372156266123056; 0,05083457799628377; 0,8279882688075304; 0,4644132540561259; 0,6427835556678474; 0,6969829951412976
2,0002085810128567; 0,8462143717333674; 0,6928870216943324; 0,49449364049360156; 0,6521296733990312; 0,44748724019154906; 0,7892958908341825; 0,05192587757483125; 0,14185957564041018; 0,1402647541835904; 0,5743776382878423
0,24472953971474265; 0,7735804421827197; 0,3974520736373961; 0,019886682741343975; 0,7678359714336693; 0,2886387971229851; 0,8422820712439716; 0,411843525711447; 0,16629531234502792; 0,26083027804270387; 0,4143380932509899
0,8721141290236457; 0,4648295626975596; 0,8064953126013279; 0,6364763155579567; 0,34921126067638397; 0,8383094570599496; 0,6650422173552215; 0,5369725287891924; 0,9966250723227859; 0,9458314729854465; 0,3454398517496884
0,14015531067511444; 0,4078442929312587; 0,5007929163984954; 0,3902064203284681; 0,3061469024978578; 0,3935852446593344; 0,4818295449949801; 0,24001788860186934; 0,5575050697661936; 0,980638553854078; 0,2834898275323212
0,6297784219371105; 0,9772903043776751; 0,6910927444696426; 0,07527155289426446; 0,8021281496621668; 0,2905915924347937; 0,6280232411809266; 0,58323137415573; 0,6062078904360533; 0,9397095032036304; 0,38201382011175156
0,35141636585107994; 0,5012289099395275; 0,6015279707498848; 0,9353194572031498; 0,8272269791923463; 0,8392970240674913; 0,6394065138883889; 0,7710282979533076; 0,24780808435752988; 0,03809182345867157; 0,16594406915828586
0,4334880204392031; 0,9968045949935913; 0,2585047739557922; 0,28493896313011646; 0,718770285602659; 0,19953034818172455; 0,10892855422571301; 0,8662410723045468; 0,4328692923299968; 0,9962564664892852; 0,9415468126535416
1,8735189388380178; 0,13608340453356504; 0,7841921513900161; 0,3874409315176308; 0,8522484973073006; 0,291257974691689; 0,5157710034400225; 0,6157042975537479; 0,1314492579549551; 0,07841951213777065; 0,8608128880150616
2,112793340540872; 0,718581828288734; 0,636753470171243; 0,1756518161855638; 0,0013757944107055664; 0,06412792857736349; 0,6286308029666543; 0,19398537883535028; 0,88064578268677; 0,6440071403048933; 0,41566630685701966
-0,3268485245808524; 0,07637771451845765; 0,3888250435702503; 0,16469536675140262; 0,034080854151397943; 0,44396683806553483; 0,25909232906997204; 0,13608709070831537; 0,9043786711990833; 0,6565115870907903; 0,4585210271179676
2,239458847926554; 0,8904583905823529; 0,1850540153682232; 0,05972521984949708; 0,4619363807141781; 0,23573395563289523; 0,934783814009279; 0,6930968468077481; 0,8042293284088373; 0,22349912393838167; 0,7190831620246172
1,721117330765668; 0,4995124232955277; 0,7345384205691516; 0,23959164088591933; 0,16789120435714722; 0,33294362341985106; 0,7361623817123473; 0,1863892157562077; 0,8277640487067401; 0,3476616251282394; 0,3026493317447603
1,4249770571974052; 0,8592886100523174; 0,29398801689967513; 0,06945980200544; 0,5557529199868441; 0,5234686862677336; 0,853489336092025; 0,5433280114084482; 0,16560335829854012; 0,736960347276181; 0,5811904887668788
0,7139552545601946; 0,635550701059401; 0,6796952541917562; 0,3443808052688837; 0,542977356351912; 0,6955849048681557; 0,09637058759108186; 0,03968966007232666; 0,5161900855600834; 0,7259761346504092; 0,9873972875066102
0,5262810053980811; 0,7441070713102818; 0,07690547546371818; 0,40453584073111415; 0,6642045257613063; 0,9777223952114582; 0,4099284103140235; 0,4499075161293149; 0,5769422096200287; 0,03702921932563186; 0,9135774122551084
1,4993028270012596; 0,9484192575328052; 0,9515549000352621; 0,18271686555817723; 0,7788460575975478; 0,4094558176584542; 0,32667007530108094; 0,2821970181539655; 0,6139676561579108; 0,39360567228868604; 0,19540777197107673
0,38770325625532; 0,5430024121887982; 0,44158823881298304; 0,05880714952945709; 0,050707267597317696; 0,5928578190505505; 0,7208591550588608; 0,8477342976257205; 0,04732786910608411; 0,7162830731831491; 0,3748050192371011
0,25731850607002216; 0,6832962133921683; 0,31053892709314823; 0,04288389952853322; 0,7970197759568691; 0,02414658898487687; 0,6960568940266967; 0,420172156766057; 0,9295859611593187; 0,5953144677914679; 0,6724363905377686
0,14418401157293642; 0,2710619103163481; 0,38857519859448075; 0,8067653682082891; 0,27127455174922943; 0,13647858938202262; 0,552605951204896; 0,012064394075423479; 0,8371289628557861; 0,4649769705720246; 0,2769429865293205
1,655369293568537; 0,9392492375336587; 0,3405950856395066; 0,3977649537846446; 0,06150887627154589; 0,4206915511749685; 0,7098261448554695; 0,3085045348852873; 0,722403047606349; 0,2506892462261021; 0,2998463180847466
0,43236927567127637; 0,8227343084290624; 0,06857074610888958; 0,22199365869164467; 0,37739085080102086; 0,27973484294489026; 0,22167761297896504; 0,6422673254273832; 0,12518744310364127; 0,5143726184032857; 0,2704739300534129
2,085263745810904; 0,7368483608588576; 0,9947832352481782; 0,07249782793223858; 0,7232315395958722; 0,08561885403469205; 0,730572828091681; 0,8178577446378767; 0,27124227583408356; 0,031833641696721315; 0,5165459625422955
0,5213756190124346; 0,6730235097929835; 0,41377551248297095; 0,31661670422181487; 0,21702373679727316; 0,7503309855237603; 0,7556426599621773; 0,9964269180782139; 0,7467428673990071; 0,8236494702287018; 0,6153158927336335
1,6388774760890308; 0,7985244658775628; 0,15623110672459006; 0,13152437144890428; 0,5904063684865832; 0,23119754763320088; 0,9144431133754551; 0,5875247674994171; 0,152411799877882; 0,3846294991672039; 0,30785252060741186
2,142223890998395; 0,5990976984612644; 0,6169924773275852; 0,27733475202694535; 0,44684430304914713; 0,09733675792813301; 0,11664625350385904; 0,6282679392024875; 0,9412862546741962; 0,6920951940119267; 0,2859392440877855
-0,1065181556594692; 0,35015219217166305; 0,41206298395991325; 0,6942944321781397; 0,3901062626391649; 0,1511113434098661; 0,6638295478187501; 0,9498773305676877; 0,3805923485197127; 0,2432244741357863; 0,07523852540180087
1,890173654263032; 0,7247704062610865; 0,6794588719494641; 0,5478417766280472; 0,5346610280685127; 0,39388376101851463; 0,2505394956097007; 0,2175956442952156; 0,258837201166898; 0,5423782491125166; 0,8143499991856515
0,14741112439780252; 0,2678396478295326; 0,11993996193632483; 0,3721607564948499; 0,27655010391026735; 0,545079919975251; 0,21323734754696488; 0,276493810582906; 0,3749421355314553; 0,5251962784677744; 0,022199884988367558
-0,2502249098668547; 0,003922689240425825; 0,7457716148346663; 0,6391410711221397; 0,8139783879742026; 0,8514121538028121; 0,1911438088864088; 0,40173756424337626; 0,6932079195976257; 0,8506504571996629; 0,6212695077992976
0,6776725612587371; 0,227907529566437; 0,2332744305022061; 0,7591593880206347; 0,002762298099696636; 0,9813311444595456; 0,49984930409118533; 0,4942363081499934; 0,8423865637741983; 0,9121956271119416; 0,14943495066836476
0,24600972902929058; 0,4165317905135453; 0,5344128469005227; 0,2996652703732252; 0,3756204736419022; 0,021298961248248816; 0,9665593677200377; 0,050218358635902405; 0,15857328101992607; 0,7020601956173778; 0,7803376051597297
1,8555689812033935; 0,07484681392088532; 0,9698830088600516; 0,6022652643732727; 0,4908481761813164; 0,1545724286697805; 0,5526087824255228; 0,4013799629174173; 0,3539355001412332; 0,9249016186222434; 0,873622165992856
0,11933744608687347; 0,7488954095169902; 0,2247337456792593; 0,8994395839981735; 0,08020739909261465; 0,09321318473666906; 0,4300618898123503; 0,5227561015635729; 0,8234061575494707; 0,13834977941587567; 0,5334754134528339
1,5183484503752331; 0,5883447071537375; 0,06310672080144286; 0,39099876675754786; 0,38400330021977425; 0,10831689974293113; 0,20574611891061068; 0,5776739777065814; 0,507521971128881; 0,311897702049464; 0,14113584673032165
0,06894742008606158; 0,6476377043873072; 0,2594731878489256; 0,7852694159373641; 0,9018161818385124; 0,12211437663063407; 0,2330181603319943; 0,7813555225729942; 0,7683280659839511; 0,804223473649472; 0,8081901269033551
1,5273645392981843; 0,19261419819667935; 0,4867701237089932; 0,7345471438020468; 0,37278490513563156; 0,09072841424494982; 0,548862440045923; 0,4187000817619264; 0,2648905455134809; 0,6054596863687038; 0,027796064969152212
0,8240026465439276; 0,07537243468686938; 0,18100672867149115; 0,3123697116971016; 0,6411811327561736; 0,9179169042035937; 0,46314633497968316; 0,5083463559858501; 0,01592684257775545; 0,03979869186878204; 0,9775474104098976
2,2969627051752797; 0,4299846785143018; 0,9603623994626105; 0,49456052063032985; 0,5049662324599922; 0,4547941484488547; 0,3239109111018479; 0,9451858596876264; 0,3579761912114918; 0,27263039676472545; 0,2879334478639066
1,246948337641065; 0,017934252973645926; 0,4876279169693589; 0,37834889302030206; 0,6000060788355768; 0,1524379001930356; 0,9509508381597698; 0,2845615898258984; 0,12075832486152649; 0,03379763709381223; 0,4676023558713496
2,6240069499932397; 0,9642192777246237; 0,7200893922708929; 0,5292379204183817; 0,3372317934408784; 0,09505108837038279; 0,11814672453328967; 0,473447282332927; 0,5351988752372563; 0,2334126685746014; 0,8241912443190813
0,712395257878895; 0,2092422698624432; 0,669256241992116; 0,5893267313949764; 0,7054305071942508; 0,02544315718114376; 0,061937399208545685; 0,41232287324965; 0,39320753514766693; 0,4716441472992301; 0,6825156011618674
2,1138886858939454; 0,659631559625268; 0,5220928667113185; 0,06961605278775096; 0,45584834180772305; 0,19046959141269326; 0,5462910044007003; 0,036448415368795395; 0,936789957806468; 0,7963284673169255; 0,5491154887713492
0,08699376648207965; 0,125454509165138; 0,2698221602477133; 0,4318866250105202; 0,45583607582375407; 0,7271889015100896; 0,3999450746923685; 0,534744655713439; 0,4406619123183191; 0,5136456759646535; 0,9494009907357395
-0,09733439832274127; 0,3260932117700577; 0,353461604565382; 0,16870947973802686; 0,523867575917393; 0,012227959930896759; 0,7276837229728699; 0,08419207856059074; 0,4474643776193261; 0,4779748716391623; 0,5438887239433825
1,004280410465111; 0,9460000582039356; 0,9084271616302431; 0,4655979764647782; 0,1179285766556859; 0,5194898946210742; 0,09612650284543633; 0,8953894465230405; 0,4926096508279443; 0,06971760094165802; 0,8339698943309486
0,9329174765092723; 0,9397421199828386; 0,3222377048805356; 0,5445061679929495; 0,6498810364864767; 0,7546239169314504; 0,38547666696831584; 0,8102395837195218; 0,6121180807240307; 0,1460887212306261; 0,19953316496685147
0,2863097496286623; 0,6329783308319747; 0,631126819178462; 0,7087720967829227; 0,1334423846565187; 0,8365186718292534; 0,9792163390666246; 0,8683855147100985; 0,7156140697188675; 0,31349746882915497; 0,7699159039184451
-0,1478419787312782; 0,4371210797689855; 0,2936878209002316; 0,0693779569119215; 0,11517560295760632; 0,29143604869022965; 0,4747121282853186; 0,4932318408973515; 0,5153165436349809; 0,08024328108876944; 0,3461820064112544
-0,0906748661453414; 0,019771880470216274; 0,8456736323423684; 0,6020529759116471; 0,2228808905929327; 0,25907503068447113; 0,42013187520205975; 0,9416558849625289; 0,7405540151521564; 0,41796710388734937; 0,43137347837910056
0,8332461787148173; 0,11689083464443684; 0,031116383615881205; 0,5771211464889348; 0,5556328361853957; 0,9682418024167418; 0,28670907067134976; 0,16419816995039582; 0,2927899588830769; 0,2837868146598339; 0,18171456130221486
0,023698275577567374; 0,26074792351573706; 0,6704029659740627; 0,8135805940255523; 0,8478052872233093; 0,5958518353290856; 0,8065700405277312; 0,15749713219702244; 0,7457905244082212; 0,415150148794055; 0,49937058705836535
1,7367536455869619; 0,8553713774308562; 0,022700092289596796; 0,3355322992429137; 0,617125284858048; 0,5464865360409021; 0,9460951653309166; 0,5474633555859327; 0,812475741840899; 0,4450994487851858; 0,10154113499447703
1,6729324654490205; 0,6292670383118093; 0,6117772106081247; 0,4912420907057822; 0,5629557641223073; 0,5517334276810288; 0,9791197190061212; 0,5912688747048378; 0,913296177983284; 0,5926927239634097; 0,31791970832273364
-0,15700722341471524; 0,17356970673426986; 0,664537756703794; 0,9073697030544281; 0,6254671085625887; 0,9595778053626418; 0,6552893556654453; 0,020127953961491585; 0,3146247696131468; 0,5773863606154919; 0,24208970787003636
1,3351219170385404; 0,004807754885405302; 0,03620325727388263; 0,9017616100609303; 0,09148608846589923; 0,809280002489686; 0,8893303419463336; 0,7912646089680493; 0,5029218564741313; 0,1638213600963354; 0,577519569080323
1,8684901104772966; 0,8575780368410051; 0,631513093598187; 0,036626043263822794; 0,34956720704212785; 0,8227964546531439; 0,14165797410532832; 0,1823795991949737; 0,6195315043441951; 0,35817598458379507; 0,38806641241535544
0,4739385158775835; 0,8092439542524517; 0,6135215628892183; 0,3015275145880878; 0,9232394685968757; 0,46504142973572016; 0,5863926601596177; 0,36191843217238784; 0,47862489987164736; 0,41893734503537416; 0,07801128271967173
0,565155795720315; 0,48160236747935414; 0,22564895590767264; 0,6590739451348782; 0,4959574597887695; 0,3389259334653616; 0,3050105622969568; 0,18071953672915697; 0,9139648941345513; 0,6279078600928187; 0,2741134352982044
-0,11930053091282544; 0,4542398531921208; 0,31356995226815343; 0,0161565481685102; 0,13001012755557895; 0,11225485522300005; 0,4860309506766498; 0,43731508776545525; 0,05236220872029662; 0,9609053926542401; 0,9246969600208104
-0,008764401927922535; 0,11215894762426615; 0,17188801057636738; 0,21407209895551205; 0,11272563086822629; 0,6966232317499816; 0,6003051376901567; 0,7708056992851198; 0,02335088513791561; 0,099632419180125; 0,9262506626546383
2,064483023641386; 0,7079118080437183; 0,3848017295822501; 0,4648851156234741; 0,4262236845679581; 0,0819008992984891; 0,39417490595951676; 0,024302341043949127; 0,5521265179850161; 0,1392909698188305; 0,01290367403998971
2,0792129938441364; 0,7572555462829769; 0,5488515361212194; 0,9174131723120809; 0,5225455989129841; 0,6249097906984389; 0,12007677787914872; 0,15977496607229114; 0,5035436740145087; 0,8121492965146899; 0,22827689722180367
1,3536470256307074; 0,17039975197985768; 0,9153084233403206; 0,42624224023893476; 0,8281311714090407; 0,018641037866473198; 0,3858990459702909; 0,9999048099853098; 0,15653936378657818; 0,0028569349087774754; 0,1894032759591937
0,7490184879272517; 0,006397324148565531; 0,7489595972001553; 0,40238833567127585; 0,7010284997522831; 0,6631482029333711; 0,7835911056026816; 0,7208830686286092; 0,7468016999773681; 0,21396107086911798; 0,2078454759903252
0,20385506107941864; 0,8244617157615721; 0,12022246792912483; 0,09862973634153605; 0,5291589489206672; 0,17076426092535257; 0,013345935381948948; 0,8938171416521072; 0,8328973767347634; 0,2762888306751847; 0,06486520636826754
0,11016523762575658; 0,4872643919661641; 0,43187177227810025; 0,9933876567520201; 0,21511356299743056; 0,6284972042776644; 0,7121207979507744; 0,23709255596622825; 0,5250895153731108; 0,06071438221260905; 0,8339677937328815
0,13819760147985483; 0,47522737458348274; 0,6133026387542486; 0,7656483491882682; 0,898739249445498; 0,857489590998739; 0,2974544819444418; 0,518822209443897; 0,9865490044467151; 0,017372308298945427; 0,4058292703703046
1,529487525183584; 0,43163170432671905; 0,8777416753582656; 0,4385789637453854; 0,20527431787922978; 0,6257940861396492; 0,8655871138907969; 0,5982107473537326; 0,789649847894907; 0,7940443530678749; 0,6810904736630619
0,7273765432848927; 0,0837918478064239; 0,927191476803273; 0,07836346887052059; 0,3932242183946073; 0,9154085395857692; 0,8919554469175637; 0,5477182865142822; 0,7308047576807439; 0,5657297815196216; 0,8020138270221651
2,8077455343121414; 0,9822014477103949; 0,9385773995891213; 0,9914146158844233; 0,7145896442234516; 0,752061640843749; 0,018967149313539267; 0,5753208613023162; 0,3698421260342002; 0,6531723542138934; 0,476778628770262
1,3877629917015637; 0,6612304328009486; 0,597948893904686; 0,5482983817346394; 0,5274733062833548; 0,11318973824381828; 0,11144183622673154; 0,4804548267275095; 0,7455959361977875; 0,44891601614654064; 0,3313367376103997
1,3460535976035675; 0,8363712206482887; 0,5723625123500824; 0,5048547238111496; 0,2765421117655933; 0,4512831964530051; 0,8219827418215573; 0,6343572526238859; 0,7422914993949234; 0,9632133622653782; 0,30837268102914095
0,3515780560379913; 0,7694419845938683; 0,30448904167860746; 0,07051475485786796; 0,8130899183452129; 0,7694471147842705; 0,11770600778982043; 0,403786594979465; 0,5110609601251781; 0,5814534337259829; 0,5163994627073407
1,4580607365269904; 0,08801596239209175; 0,19668317073956132; 0,46790834749117494; 0,3979893117211759; 0,19743373896926641; 0,8107661982066929; 0,9992171968333423; 0,5599972270429134; 0,8929676418192685; 0,3489937474951148
1,2692470861923963; 0,7600817480124533; 0,5753859248943627; 0,7334800395183265; 0,37227471452206373; 0,2227116171270609; 0,7863889834843576; 0,3468754799105227; 0,42431053752079606; 0,28807568922638893; 0,03097883053123951
1,8503698174591363; 0,22159508848562837; 0,6615265593864024; 0,10921019781380892; 0,4286108370870352; 0,5285228863358498; 0,8793390798382461; 0,32329935068264604; 0,9583754823543131; 0,10078765219077468; 0,10253569763153791
-0,18323216732887154; 0,3292722809128463; 0,3824067758396268; 0,06484804069623351; 0,9550537872128189; 0,9754917207174003; 0,69675497058779; 0,42218554951250553; 0,4191915434785187; 0,36042109597474337; 0,10194528475403786
1,7026955984096215; 0,8323198780417442; 0,2448737253434956; 0,2811309131793678; 0,5801242268644273; 0,8378999484702945; 0,40950529370456934; 0,9344988805241883; 0,38329039281234145; 0,6940747732296586; 0,44555484550073743
0,19346728757288623; 0,2756000719964504; 0,8731652772985399; 0,0976032093167305; 0,08180929254740477; 0,24841579655185342; 0,8747241823002696; 0,13618068909272552; 0,7385843219235539; 0,25828394666314125; 0,9498277199454606
1,382149169465144; 0,2103710426017642; 0,09007907612249255; 0,6348891877569258; 0,4302552305161953; 0,5473366286605597; 0,8793565537780523; 0,010735971853137016; 0,27140055084601045; 0,2269926881417632; 0,21524807903915644
0,9364345501120146; 0,7886684257537127; 0,3437588098458946; 0,5129069839604199; 0,4035562835633755; 0,6180050959810615; 0,7615944198332727; 0,18624274525791407; 0,2003432041965425; 0,007468333002179861; 0,49099901830777526
-0,12847468888787159; 0,24430765910074115; 0,25470094196498394; 0,04336133785545826; 0,9009133465588093; 0,5579113569110632; 0,43217777786776423; 0,6588140297681093; 0,36695011239498854; 0,28145147394388914; 0,24325957894325256
0,22225790773210174; 0,8410157132893801; 0,0387077322229743; 0,1577953528612852; 0,1454364932142198; 0,5808834484778345; 0,8513143737800419; 0,8544530943036079; 0,14798026578500867; 0,09126038802787662; 0,6991938562132418
2,160493947805304; 0,5154268937185407; 0,7124582417309284; 0,275260747410357; 0,02825684053823352; 0,11696827597916126; 0,7166674914769828; 0,28938782028853893; 0,5715329949744046; 0,008770771324634552; 0,032841078005731106
0,4205443122673353; 0,9065294098109007; 0,016908039338886738; 0,9412793931551278; 0,7343055503442883; 0,7575458055362105; 0,3933231085538864; 0,16197656700387597; 0,2831240859813988; 0,9845809349790215; 0,12026528036221862
0,41064783916517955; 0,5525382193736732; 0,07068825187161565; 0,5174870514310896; 0,836979930754751; 0,757984490133822; 0,08502899995073676; 0,256501498632133; 0,7092619421891868; 0,17647389229387045; 0,10718247899785638
-0,5239177638077437; 0,04448291938751936; 0,18486490426585078; 0,40669099148362875; 0,9395976425148547; 0,8833714937791228; 0,3386459518224001; 0,8480017194524407; 0,39014208782464266; 0,640884546097368; 0,4979289462789893
-0,29119802100912795; 0,07475233497098088; 0,44707015715539455; 0,3725212854333222; 0,8894550278782845; 0,8997462494298816; 0,04800406424328685; 0,7454803013242781; 0,7754594464786351; 0,5612833485938609; 0,7980690626427531
1,8165638012081025; 0,8045856398530304; 0,185703850351274; 0,13342952821403742; 0,6164562357589602; 0,6082535996101797; 0,8986510196700692; 0,526429820805788; 0,6037913612090051; 0,7035382948815823; 0,23994463123381138
0,49140714237616867; 0,6048839720897377; 0,5656909272074699; 0,9884212980978191; 0,6568323718383908; 0,9990303074009717; 0,9062264123931527; 0,3210440259426832; 0,7959596295841038; 0,21243494609370828; 0,13345409324392676
-0,0432579246825881; 0,05736831808462739; 0,8968116524629295; 0,7608629139140248; 0,6913837320171297; 0,7603661050088704; 0,5504515157081187; 0,4437803835608065; 0,20337297953665257; 0,7992625688202679; 0,07699817977845669
0,5512799134554008; 0,7469827798195183; 0,037588595412671566; 0,1520149940624833; 0,5225559039972723; 0,9083687881939113; 0,10877807158976793; 0,433179825078696; 0,8529810858890414; 0,39335202099755406; 0,7255713455379009
2,6508840547071375; 0,9449489316903055; 0,8016094006597996; 0,23747755633667111; 0,48602475970983505; 0,8020939319394529; 0,6960448236204684; 0,832533186301589; 0,7837447379715741; 0,705827699508518; 0,4751278245821595
0,8386360113120637; 0,6659522159025073; 0,476529526989907; 0,2678008731454611; 0,2012974894605577; 0,278413746971637; 0,8148628515191376; 0,8786162883043289; 0,5773484483361244; 0,8945348719134927; 0,8839721819385886
0,01951417047999332; 0,3979180925525725; 0,6180259459652007; 0,4812638657167554; 0,9764953511767089; 0,44925595773383975; 0,3575952178798616; 0,5028385017067194; 0,6472139190882444; 0,766797584015876; 0,7701324746012688
0,15612498915056072; 0,581978986505419; 0,3084313874132931; 0,929179438855499; 0,07496446976438165; 0,38338444102555513; 0,5266732345335186; 0,6199306189082563; 0,042697020806372166; 0,2631541616283357; 0,39392496552318335
1,737791279577783; 0,39166269917041063; 0,11853569932281971; 0,6763337454758584; 0,04094680631533265; 0,31040502712130547; 0,5748619316145778; 0,11780163506045938; 0,810205576941371; 0,20416993275284767; 0,9671959322877228
1,7272433073580067; 0,6565879257395864; 0,16775655327364802; 0,24013265082612634; 0,10542913153767586; 0,011136829387396574; 0,7194646699354053; 0,30875730281695724; 0,7470206394791603; 0,44846699107438326; 0,7368123731575906
0,6582043558368403; 0,6530795814469457; 0,9868675945326686; 0,9793460867367685; 0,7286683828569949; 0,6145833223126829; 0,4834905550815165; 0,2006689328700304; 0,8443814762867987; 0,937055598013103; 0,6411844161339104
2,3057646419991573; 0,43312029261142015; 0,9855020754039288; 0,02079207170754671; 0,5224127741530538; 0,9255482363514602; 0,370641372166574; 0,809204732067883; 0,6768841710872948; 0,7696035648696125; 0,5330819766968489
1,6193526671014522; 0,02947665937244892; 0,9065461521968246; 0,03562676440924406; 0,25130036287009716; 0,10066900821402669; 0,41750607592985034; 0,5808050991035998; 0,4914698931388557; 0,31119527807459235; 0,16114087775349617
0,7073538331670308; 0,7505262843333185; 0,23359641898423433; 0,1544462302699685; 0,042458557058125734; 0,8467360963113606; 0,5219717449508607; 0,9265431258827448; 0,07254305016249418; 0,8399657602421939; 0,6734561268240213
0,464901867389876; 0,8096526791341603; 0,30139083601534367; 0,6415865710005164; 0,2080001113936305; 0,8152070036157966; 0,6386308930814266; 0,9970357730053365; 0,18839196534827352; 0,42162107257172465; 0,13806677283719182
0,7183333126432019; 0,18974360497668386; 0,8278706199489534; 0,7609780239872634; 0,13949752878397703; 0,5420909933745861; 0,13723386684432626; 0,6091714473441243; 0,032084515783935785; 0,693426345475018; 0,6156229702755809
-0,05425197643472168; 0,5747505282051861; 0,18040627893060446; 0,7388499709777534; 0,9192848615348339; 0,4345603473484516; 0,2211662419140339; 0,6835977118462324; 0,9650099817663431; 0,3882881999015808; 0,6601027483120561
0,33983812477148645; 0,016647011041641235; 0,6437885323539376; 0,9419556870125234; 0,731940096244216; 0,6636518272571266; 0,46261626575142145; 0,6544655552133918; 0,1180990170687437; 0,624750857707113; 0,5964353554882109
0,1528309215519722; 0,40510408906266093; 0,6432080855593085; 0,2764405836351216; 0,626619509421289; 0,3795167524367571; 0,5553022008389235; 0,9334579408168793; 0,1229645162820816; 0,24767728988081217; 0,9522118549793959
0,4943950620179318; 0,6471116002649069; 0,43277343874797225; 0,4319998724386096; 0,7372853085398674; 0,3130211653187871; 0,43451698357239366; 0,7348733791150153; 0,9570358814671636; 0,7084795921109617; 0,24955904996022582
1,3524352917953564; 0,5241956394165754; 0,4401111542247236; 0,19895631400868297; 0,08585089026018977; 0,12004788359627128; 0,21788104437291622; 0,4453897518105805; 0,705800152849406; 0,4393798727542162; 0,4955042344518006
-0,0008160021062661726; 0,1407236964441836; 0,9176607960835099; 0,26027657138183713; 0,9653403926640749; 0,8810986168682575; 0,333421734161675; 0,11451756581664085; 0,9331155340187252; 0,447713493835181; 0,9933118429034948
-0,045566645991881705; 0,4165408546105027; 0,5075621730647981; 0,09432145114988089; 0,6665809410624206; 0,8208265053108335; 0,18338893679901958; 0,11521499557420611; 0,6180727113969624; 0,2567197228781879; 0,9782527172937989
0,9855944837762043; 0,07492405083030462; 0,36427550949156284; 0,8727145744487643; 0,3227788060903549; 0,1881500892341137; 0,3963767411187291; 0,9193598735146224; 0,7096419418230653; 0,8132464424706995; 0,4471956701017916
1,7852095136428063; 0,2550524100661278; 0,6788982944563031; 0,9802570892497897; 0,32596661569550633; 0,29216165840625763; 0,5193197526969016; 0,9352497216314077; 0,15911240736022592; 0,2332854545675218; 0,18460296653211117
1,904094925111782; 0,6467471676878631; 0,3140760138630867; 0,6870584753341973; 0,5683857621625066; 0,7382158120162785; 0,8427719371393323; 0,3804948814213276; 0,9907301855273545; 0,6115063061006367; 0,7076769694685936
1,0419828373794877; 0,580159517005086; 0,4147031093016267; 0,6641947771422565; 0,2980717602185905; 0,948629102203995; 0,8360659177415073; 0,2215325147844851; 0,030113196931779385; 0,24827526370063424; 0,668948273640126
1,1790941977328608; 0,1276082149706781; 0,5519903004169464; 0,7703262390568852; 0,43096434976905584; 0,0975666637532413; 0,9283077931031585; 0,5321317845955491; 0,4842325043864548; 0,6982809905894101; 0,4453877476043999
1,825420361746897; 0,20783038390800357; 0,9776437846012414; 0,3612500508315861; 0,03260425478219986; 0,6172277466394007; 0,3259199419990182; 0,8459462504833937; 0,08637097664177418; 0,6115113501437008; 0,707548710051924
1,39359706575996; 0,07223760895431042; 0,9055687836371362; 0,10430586244910955; 0,6304358597844839; 0,2645103121176362; 0,24512065527960658; 0,729382046032697; 0,23304087342694402; 0,8105377592146397; 0,9426444531418383
0,9772559968400529; 0,5540195875801146; 0,9513422776944935; 0,7772305244579911; 0,7499564187601209; 0,5735988044179976; 0,22121498174965382; 0,23035069089382887; 0,42757006036117673; 0,2673658672720194; 0,4403538787737489
0,6147615440950498; 0,5337204551324248; 0,3038684204220772; 0,601009854581207; 0,19349724426865578; 0,713219849858433; 0,6633537323214114; 0,9298855806700885; 0,5926007269881666; 0,553237060084939; 0,6570136309601367
1,1404847367707853; 0,13059620000422; 0,07268699910491705; 0,5985738760791719; 0,6266253776848316; 0,9622551472857594; 0,2262006844393909; 0,25277472427114844; 0,7031491631641984; 0,9404447325505316; 0,5434416802600026
0,2392277185090187; 0,3926460649818182; 0,8616676684468985; 0,1689904211089015; 0,3430692288093269; 0,06858641607686877; 0,4939413792453706; 0,2643231526017189; 0,557151036337018; 0,9072545510716736; 0,005177672021090984
1,1153123565398848; 0,08828757889568806; 0,5747686251997948; 0,45385288121178746; 0,9314028937369585; 0,15702353697270155; 0,6052066464908421; 0,5755378636531532; 0,9964489205740392; 0,26205755583941936; 0,6855719820596278
0,6853805303207219; 0,556386814918369; 0,7931382493115962; 0,21994406497105956; 0,6065175123512745; 0,4304392677731812; 0,9900581920519471; 0,7127836002036929; 0,03259752877056599; 0,9244622895494103; 0,6958324536681175
1,7889210399082165; 0,760864426381886; 0,03180046612396836; 0,6613965267315507; 0,04020638670772314; 0,5355020766146481; 0,63086355663836; 0,5105156945064664; 0,867673659697175; 0,884355251211673; 0,25573065504431725
1,5281626621040796; 0,295131788123399; 0,4153084917925298; 0,6255905376747251; 0,36400436982512474; 0,4708420201204717; 0,6191062051802874; 0,04422025382518768; 0,17683164589107037; 0,11010184790939093; 0,43295231787487864
0,9294425232741037; 0,9579245783388615; 0,9951240178197622; 0,6234905417077243; 0,3681320855394006; 0,49405681155622005; 0,51494265999645; 0,955606332514435; 0,26590568106621504; 0,9328055432997644; 0,9620284647680819
1,631778352289035; 0,0895271310582757; 0,754003394395113; 0,30283361999318004; 0,5076710158027709; 0,8020191825926304; 0,24722371762618423; 0,2802327647805214; 0,4479610896669328; 0,2136271637864411; 0,34754906920716166
0,9466765370525823; 0,9541887724772096; 0,9156737606972456; 0,36825424106791615; 0,753608494065702; 0,0968179595656693; 0,7452067681588233; 0,8074734043329954; 0,4222732516936958; 0,2421434074640274; 0,6733345747925341
2,1063184118258054; 0,8400713787414134; 0,41559314634650946; 0,7448483658954501; 0,9320737617090344; 0,30623226007446647; 0,02427109144628048; 0,790437784511596; 0,776816378813237; 0,6297878767363727; 0,07309997826814651
-0,5157023045863729; 0,0390079440549016; 0,14668379072099924; 0,2925130194053054; 0,9277688744477928; 0,031021715607494116; 0,29193469416350126; 0,0628206068649888; 0,9355243504978716; 0,38012890703976154; 0,7953501241281629
0,1110274789480663; 0,44589289277791977; 0,4119128827005625; 0,5381644326262176; 0,6404514131136239; 0,8783540511503816; 0,06497219391167164; 0,6909265606664121; 0,7184849097393453; 0,5369700901210308; 0,5388210308738053
0,6177369079570353; 0,2388589628972113; 0,9962998535484076; 0,7528904876671731; 0,7817914593033493; 0,8592233536764979; 0,28671968961134553; 0,3848027321510017; 0,6936596026644111; 0,8532770527526736; 0,632289360743016
0,766344954098903; 0,8138796994462609; 0,9863725448958576; 0,6455298061482608; 0,9078640784136951; 0,9157213857397437; 0,0011668256483972073; 0,680238626897335; 0,03451968263834715; 0,5256181424483657; 0,8921163720078766
0,285502561371246; 0,414921335875988; 0,8167397161014378; 0,1255197273567319; 0,7861738014034927; 0,38118750927969813; 0,11783644277602434; 0,18463835353031754; 0,9517774623818696; 0,24595473520457745; 0,4596854569390416
0,2665327706381462; 0,4698668229393661; 0,7133804010227323; 0,24906774470582604; 0,14411442074924707; 0,0784480101428926; 0,6359229143708944; 0,543382833711803; 0,5450466880574822; 0,2167020346969366; 0,7912424332462251
0,7162661291097512; 0,5971472878009081; 0,3278255518525839; 0,668615204282105; 0,08962074154987931; 0,4781868290156126; 0,2957468209788203; 0,6973898080177605; 0,18336311588063836; 0,02805348066613078; 0,9917282811366022
1,5206197767672975; 0,0566688128747046; 0,6554574710316956; 0,8302591345272958; 0,15485075255855918; 0,155802134424448; 0,8772839233279228; 0,415810601785779; 0,4363862266764045; 0,3646216532215476; 0,06983404466882348
0,5630370014173439; 0,937233358155936; 0,22072998387739062; 0,8552920543588698; 0,8091870830394328; 0,3335008970461786; 0,3897074214182794; 0,10184302134439349; 0,8901256518438458; 0,7047785725444555; 0,7821966516785324
0,4013943271399752; 0,2528020078316331; 0,3486882597208023; 0,5548654603771865; 0,7123497263528407; 0,28945175278931856; 0,05487777013331652; 0,8617233340628445; 0,5624802983365953; 0,036949827801436186; 0,393884657882154
0,3103659397030906; 0,46258211554959416; 0,05182973574846983; 0,6632976680994034; 0,37963110068812966; 0,2858409630134702; 0,3826571577228606; 0,6522952513769269; 0,7335470989346504; 0,5789493736810982; 0,35746660782024264
1,243714603160712; 0,10420186258852482; 0,9233758975751698; 0,7862236672081053; 0,5233155493624508; 0,972180257551372; 0,025804079603403807; 0,8773553152568638; 0,641475535929203; 0,3568224096670747; 0,5228430461138487
2,329405529123566; 0,7174696275033057; 0,6813873653300107; 0,18792784120887518; 0,4916578261181712; 0,6682297945953906; 0,49833765905350447; 0,6838490613736212; 0,21908701490610838; 0,10534807993099093; 0,9920767401345074
0,9755628434654753; 0,8402349343523383; 0,37192209158092737; 0,5222133533097804; 0,7402542755007744; 0,6507143336348236; 0,29303306713700294; 0,6889909720048308; 0,024292229674756527; 0,035480950493365526; 0,3897007158957422
0,6844732249366974; 0,8737452263012528; 0,09881756035611033; 0,7335037519223988; 0,7581429071724415; 0,44596609892323613; 0,04594422550871968; 0,526338956784457; 0,9140357370488346; 0,8021984151564538; 0,8732554386369884
1,6428463932459327; 0,6619688509963453; 0,6890731137245893; 0,601823937613517; 0,16196627635508776; 0,21600756188854575; 0,7475604894571006; 0,6775452275760472; 0,1928901090286672; 0,39581375382840633; 0,8533621919341385
1,3769162557084278; 0,9175228299573064; 0,8213413879275322; 0,09260044898837805; 0,3876048307865858; 0,6213634191080928; 0,34358204202726483; 0,8974516484886408; 0,34267024463042617; 0,2728353589773178; 0,7077242559753358
1,0103913908402082; 0,6706203292123973; 0,20481892302632332; 0,7088657962158322; 0,41746034240350127; 0,6817326629534364; 0,8857390373013914; 0,5875206883065403; 0,036441920790821314; 0,586144438944757; 0,5428390949964523
1,6661000461127902; 0,13360290601849556; 0,5342256417497993; 0,4464444718323648; 0,27168943686410785; 0,9702816870994866; 0,41065075248479843; 0,29375902097672224; 0,3948123576119542; 0,744733695872128; 0,8347150553017855
0,007467523124023172; 0,00044568488374352455; 0,967171348631382; 0,497171176597476; 0,8294320539571345; 0,2384624811820686; 0,06234169099479914; 0,2699200282804668; 0,23608559323474765; 0,3676377790980041; 0,9855191800743341
0,30658631060514824; 0,4454596461728215; 0,8088822290301323; 0,49093834264203906; 0,8385941232554615; 0,913040688727051; 0,6905670114792883; 0,7363053406588733; 0,1040501231327653; 0,10682911844924092; 0,9242208069190383
0,28840920819231397; 0,6470129042863846; 0,6492944187484682; 0,45524477679282427; 0,33524704817682505; 0,8978701522573829; 0,5146508757025003; 0,6258319723419845; 0,3873063279315829; 0,3135498622432351; 0,8252110658213496
0,9405323704083839; 0,7786085596308112; 0,5631744326092303; 0,9040664560161531; 0,23694908525794744; 0,42464975034818053; 0,6130468230694532; 0,9875739826820791; 0,5217256061732769; 0,2782711084000766; 0,37405842589214444
0,08116022237929399; 0,18094011629000306; 0,8334891716949642; 0,4607167383655906; 0,22324036667123437; 0,5251740706153214; 0,6810553502291441; 0,33618600061163306; 0,3633392248302698; 0,3283175537362695; 0,2112377192825079
1,5859786785406558; 0,8852316299453378; 0,6317670461721718; 0,5642575169913471; 0,23310884926468134; 0,17760110599920154; 0,337277855258435; 0,37249763403087854; 0,04905212251469493; 0,6066634776070714; 0,45034912694245577
2,3380646914823817; 0,7993687149137259; 0,7075856244191527; 0,362831212580204; 0,4968233173713088; 0,6610067961737514; 0,246623903978616; 0,46297975024208426; 0,4615997509099543; 0,38632848439738154; 0,2855544160120189
-0,5102259089712438; 0,06442127283662558; 0,23556921584531665; 0,42423995677381754; 0,9564477205276489; 0,03942513791844249; 0,2697012647986412; 0,9951420109719038; 0,7703030337579548; 0,44410797907039523; 0,4239051965996623
1,327433043963758; 0,6199418613687158; 0,8064654292538762; 0,21202903846278787; 0,45285119535401464; 0,2830220479518175; 0,13402358209714293; 0,15730300452560186; 0,1712955068796873; 0,7630466613918543; 0,6082217530347407
1,9861346052926245; 0,6089313221164048; 0,37864573718979955; 0,10534510761499405; 0,13340312195941806; 0,6803329335525632; 0,7254886920563877; 0,11631059926003218; 0,044196012895554304; 0,964398211799562; 0,5123916822485626
0,3909430792640237; 0,6699738162569702; 0,13738131849095225; 0,7627248377539217; 0,12990365643054247; 0,563628607429564; 0,9081203932873905; 0,14669290650635958; 0,05485531222075224; 0,8131689201109111; 0,925573946442455
2,083784790939134; 0,6421434893272817; 0,9913920443505049; 0,4525504391640425; 0,04699029726907611; 0,7069754851981997; 0,08751348126679659; 0,7143523525446653; 0,5297082816250622; 0,8201275998726487; 0,9882231145165861
2,5211267606122374; 0,7078632437624037; 0,8957270700484514; 0,667915285564959; 0,7171661844477057; 0,7172213387675583; 0,12778301304206252; 0,41398981073871255; 0,11930688703432679; 0,46854535676538944; 0,8976862845011055
1,685235624684689; 0,3296840554103255; 0,11154286889359355; 0,9967422559857368; 0,4231281359679997; 0,03597855381667614; 0,39553215773776174; 0,8115424797870219; 0,1970122791826725; 0,5854994072578847; 0,9845096319913864
0,4621641013724594; 0,23419337440282106; 0,4491974036209285; 0,9873427739366889; 0,27694973116740584; 0,8644971712492406; 0,3592823650687933; 0,7036636928096414; 0,7611281671561301; 0,3839243445545435; 0,9659926341846585
1,7424647801575377; 0,3463204698637128; 0,3169671259820461; 0,4556572362780571; 0,848070474807173; 0,7578550074249506; 0,7045686151832342; 0,9345591217279434; 0,9298112001270056; 0,23278643004596233; 0,48179964907467365
2,149893256546118; 0,43504993012174964; 0,7505385163240135; 0,2658958933316171; 0,5244466001167893; 0,07806812692433596; 0,782518885564059; 0,009984430391341448; 0,5833145543001592; 0,39244460221379995; 0,2078854339197278
-0,0804337295350574; 0,2714540525339544; 0,44063803646713495; 0,6742248306982219; 0,1560431425459683; 0,574754836037755; 0,5578521746210754; 0,9249456613324583; 0,34770580288022757; 0,8270610026083887; 0,15508395992219448
2,01642717945162; 0,5086477259173989; 0,7639089822769165; 0,7582524758763611; 0,4716284042224288; 0,30608945013955235; 0,9384096008725464; 0,8347086464054883; 0,28739441372454166; 0,8490988444536924; 0,9557706145569682
1,4910298953018484; 0,35189907159656286; 0,5240636002272367; 0,6642966899089515; 0,2038242369890213; 0,8696952215395868; 0,06645033927634358; 0,7503232778981328; 0,6092578852549195; 0,39997721556574106; 0,3808217141777277
-0,5203810972435825; 0,03314609732478857; 0,3174505466595292; 0,06690547615289688; 0,6115914219990373; 0,4614041093736887; 0,022141314577311277; 0,06301923003047705; 0,02610768284648657; 0,5178465442731977; 0,8478354001417756
1,0963110099679412; 0,8439995269291103; 0,6571979816071689; 0,625444954726845; 0,14256704598665237; 0,499621054623276; 0,15435648150742054; 0,43211746821179986; 0,691639285068959; 0,9686925518326461; 0,808706846088171
1,6286507285435796; 0,3556575239636004; 0,5699064657092094; 0,5309772933833301; 0,44663368770852685; 0,29143905732780695; 0,944752742536366; 0,026463836431503296; 0,7577043040655553; 0,3358103698119521; 0,49806478759273887
1,3232125613038273; 0,2963731666095555; 0,3023598059080541; 0,6450289627537131; 0,826956928241998; 0,375890722963959; 0,09261949919164181; 0,7178557468578219; 0,9947239430621266; 0,30395978409796953; 0,9593439842574298
0,0791402024547504; 0,4137178296223283; 0,6497123069129884; 0,4110692976973951; 0,12665773136541247; 0,01532430900260806; 0,22595779923722148; 0,562119928188622; 0,7966021751053631; 0,6649499670602381; 0,3161485558375716
2,0839982232517604; 0,8985136304982007; 0,3658423009328544; 0,15111483447253704; 0,06073984783142805; 0,8110909354873002; 0,675249386113137; 0,9438282162882388; 0,6067639961838722; 0,2855755793862045; 0,05331406509503722
1,2440923633837284; 0,03493914380669594; 0,20917175989598036; 0,6518025603145361; 0,5223345961421728; 0,01532269874587655; 0,32827220391482115; 0,09310109820216894; 0,18201201548799872; 0,3030986147932708; 0,33072031755000353
2,1880766213572183; 0,910319865681231; 0,022612431086599827; 0,9662191485986114; 0,9502821089699864; 0,30950675904750824; 0,022790271323174238; 0,1355470665730536; 0,9908737000077963; 0,42452393285930157; 0,7675046040676534
0,45552342116122474; 0,4951219568029046; 0,8004723121412098; 0,7990074525587261; 0,8148484579287469; 0,6783105693757534; 0,24944755202159286; 0,6749011953361332; 0,6992914350703359; 0,18831095984205604; 0,8137946529313922
0,2848136165116588; 0,3069762452505529; 0,8559519653208554; 0,2641390454955399; 0,20498256105929613; 0,8319582459516823; 0,9515810655429959; 0,26705281250178814; 0,7391392351128161; 0,6932359132915735; 0,5830172230489552
-0,27066495106265465; 0,23486647754907608; 0,2526886658743024; 0,3107398902066052; 0,8738201772794127; 0,8867501462809741; 0,13991857273504138; 0,03231385722756386; 0,26493883319199085; 0,6927419421263039; 0,12317718612030149
1,5475442244500812; 0,23114109644666314; 0,8765380526892841; 0,9237036164849997; 0,714701313059777; 0,9219026737846434; 0,1709416378289461; 0,4741064156405628; 0,48426008224487305; 0,5960896434262395; 0,6474719033576548
0,2931518076830345; 0,1418957719579339; 0,6125953770242631; 0,8075842363759875; 0,4311956404708326; 0,815668152179569; 0,8300735102966428; 0,9584214389324188; 0,5505687394179404; 0,13120045559480786; 0,03644799208268523
1,1540204423427904; 0,1484085558913648; 0,22078294679522514; 0,6692363638430834; 0,025716521311551332; 0,8219812056049705; 0,7583085284568369; 0,9407960111275315; 0,3602941087447107; 0,8907493986189365; 0,14015801111236215
0,9224293381742309; 0,07041308330371976; 0,6851790752261877; 0,04666560934856534; 0,1330907312221825; 0,02170006651431322; 0,5833021681755781; 0,050793023314327; 0,7480241353623569; 0,7951896577142179; 0,7680377452634275
0,348654353331031; 0,8075236543081701; 0,5180659359320998; 0,7623997079208493; 0,9667959790676832; 0,9655808950774372; 0,5471815383061767; 0,17032145196571946; 0,13444152101874352; 0,3372526606544852; 0,4798630690202117
1,4350331059404338; 0,5069424328394234; 0,956235034391284; 0,07421757560223341; 0,6715990826487541; 0,11438979301601648; 0,7134524742141366; 0,35481007769703865; 0,6197918653488159; 0,7794247320853174; 0,33665068820118904
1,5613928845680949; 0,6706045009195805; 0,3778971009887755; 0,8934555412270129; 0,7787841185927391; 0,03454644372686744; 0,5273734913207591; 0,6819467432796955; 0,6048151268623769; 0,3263655458576977; 0,8576974817551672
0,6600578061728374; 0,8299323185347021; 0,9013798432424664; 0,8161687511019409; 0,6067929128184915; 0,9874485228210688; 0,11052540317177773; 0,30694505013525486; 0,38998923264443874; 0,8310845433734357; 0,5777781629003584
1,7251078532277604; 0,2624633712694049; 0,5765864714048803; 0,28574726497754455; 0,5634521646425128; 0,33078847313299775; 0,12160455482080579; 0,3853690386749804; 0,003168725408613682; 0,125682117883116; 0,2102999398484826
1,5399079905537576; 0,41973411990329623; 0,0881735379807651; 0,32171250926330686; 0,8426165343262255; 0,13182358862832189; 0,6366681978106499; 0,1803161008283496; 0,3295036004856229; 0,549740488640964; 0,7910151006653905
0,6944077356771436; 0,6743185529485345; 0,1668144753202796; 0,4728103531524539; 0,3006844031624496; 0,878235500305891; 0,4110686434432864; 0,2571314792148769; 0,7522316938266158; 0,5012714089825749; 0,21686610393226147
0,6256544734717849; 0,9237976353615522; 0,7449056380428374; 0,6423035473562777; 0,717568629886955; 0,6672854814678431; 0,5169808440841734; 0,31995381647720933; 0,4527412769384682; 0,2568928371183574; 0,011773788835853338
0,13724637322137; 0,06658264296129346; 0,3338899747468531; 0,03202100098133087; 0,08968863124027848; 0,35461763478815556; 0,7526233070529997; 0,3603437002748251; 0,8979289270937443; 0,9991590366698802; 0,38138886960223317
0,7235355423032939; 0,7806852390058339; 0,837040760088712; 0,4304138799197972; 0,1030681855045259; 0,040273633785545826; 0,6249698852188885; 0,5511229680851102; 0,5080930357798934; 0,9524875478819013; 0,6150184855796397
0,4385231260584639; 0,6384459445253015; 0,6968785496428609; 0,9422637494280934; 0,8890034928917885; 0,7822615667246282; 0,3073136047460139; 0,4930292684584856; 0,1882604556158185; 0,9216873305849731; 0,7681310996413231
1,083330100121401; 0,007815127726644278; 0,7392269046977162; 0,7935069496743381; 0,18568696221336722; 0,17936654295772314; 0,4933832688257098; 0,682003955822438; 0,785312601365149; 0,6958505022339523; 0,7482420788146555
0,055408964387790194; 0,685404306743294; 0,2113867881707847; 0,6231607832014561; 0,2793810963630676; 0,3658716422505677; 0,5035301987081766; 0,1464310926385224; 0,30753411166369915; 0,35980613110587; 0,9046383122913539
-0,0860079594105391; 0,14933983515948057; 0,7360002463683486; 0,010766062419861555; 0,3398697432130575; 0,659436350222677; 0,2511419323273003; 0,30861634481698275; 0,08585402928292751; 0,23273511650040746; 0,1776599334552884
0,11644547283591933; 0,4097628863528371; 0,6636002487502992; 0,2180190565995872; 0,7603456149809062; 0,6048969714902341; 0,24699144391342998; 0,5375297996215522; 0,48382358625531197; 0,208839847240597; 0,8594318623654544
1,4215853953963427; 0,5376229314133525; 0,17275766748934984; 0,6756556848995388; 0,42960294848307967; 0,9086828855797648; 0,04495101096108556; 0,09884844906628132; 0,6548093748278916; 0,7056525186635554; 0,6929653594270349
2,128487566341442; 0,8449417352676392; 0,45297553297132254; 0,917723591439426; 0,4195225369185209; 0,7590845408849418; 0,003019663505256176; 0,585095641668886; 0,8175230850465596; 0,5338248703628778; 0,6501294495537877
0,7898374047678591; 0,45670714508742094; 0,9245614823885262; 0,12958699138835073; 0,9433978572487831; 0,8255882482044399; 0,7498860415071249; 0,9783682879060507; 0,1220158007927239; 0,00967442849650979; 0,4715875321999192
1,1362220782327555; 0,19250419409945607; 0,8004813687875867; 0,12273987522348762; 0,6593342856504023; 0,6489365519955754; 0,03375925775617361; 0,2871820325963199; 0,6903513381257653; 0,07270015450194478; 0,22073153732344508
-0,05056964940622599; 0,33785023959353566; 0,18868993315845728; 0,7575889872387052; 0,9634329173713923; 0,29568196926265955; 0,08004100155085325; 0,36754276137799025; 0,7033593310043216; 0,44130983017385006; 0,5389045239426196
2,025751324765037; 0,42292653024196625; 0,6381537388078868; 0,12269367324188352; 0,23274929821491241; 0,44074351200833917; 0,13478677812963724; 0,4780610939487815; 0,9171974221244454; 0,24324722727760673; 0,08976174332201481
1,3178230467113679; 0,4853901332244277; 0,9905479256995022; 0,9076852323487401; 0,16952574020251632; 0,26348983496427536; 0,1049416996538639; 0,011276144534349442; 0,09693040000274777; 0,9796242509037256; 0,044070993550121784
1,1615923211328893; 0,12227367283776402; 0,5213115229271352; 0,22751896968111396; 0,44080505706369877; 0,01755569176748395; 0,1456632441841066; 0,921096587087959; 0,3727577584795654; 0,6869956678710878; 0,8578710192814469
0,6574571248600402; 0,3368944963440299; 0,37914695776998997; 0,2191889127716422; 0,038243149407207966; 0,6715483828447759; 0,7061934368684888; 0,4183046710677445; 0,19108997471630573; 0,8095209137536585; 0,19810645235702395
2,262321860511291; 0,9116921219974756; 0,5109154153615236; 0,6671064030379057; 0,12572867888957262; 0,9247185881249607; 0,20500789443030953; 0,6437507681548595; 0,9793173363432288; 0,7692165370099247; 0,16922977101057768
2,023212701563265; 0,9123836713843048; 0,7115541570819914; 0,1626417855732143; 0,5915120099671185; 0,9427119065076113; 0,018658671528100967; 0,2323038731701672; 0,7785480418242514; 0,6046902448870242; 0,6591336284764111
0,46756720163029797; 0,31689263926818967; 0,8809278882108629; 0,11089049046859145; 0,3214549762196839; 0,988175893202424; 0,24347718339413404; 0,22553526237607002; 0,2345935837365687; 0,03125134343281388; 0,5777080138213933
0,3004949753459437; 0,3082619686610997; 0,004691885318607092; 0,033440480940043926; 0,7489713807590306; 0,637805440928787; 0,218883172608912; 0,3027733280323446; 0,09301823796704412; 0,5534794498234987; 0,941767044365406
0,5451324711711951; 0,6587052475661039; 0,2451161528006196; 0,20956895826384425; 0,47590557439252734; 0,8421948375180364; 0,08815063070505857; 0,0675952690653503; 0,8079174072481692; 0,7887438535690308; 0,34261402348056436
-0,1456077548663057; 0,16365179372951388; 0,4805294210091233; 0,916167473886162; 0,06903731357306242; 0,06597544299438596; 0,4542820085771382; 0,8202502322383225; 0,633945438079536; 0,6778124761767685; 0,5292830620892346
2,0344904061432145; 0,5344363758340478; 0,47883667331188917; 0,9976804708130658; 0,5064290994778275; 0,5583467571996152; 0,36319618579000235; 0,6161352647468448; 0,21103440411388874; 0,7796774986200035; 0,2872920883819461
1,2413001270674926; 0,04745974252000451; 0,038736465852707624; 0,03900459315627813; 0,11979560321196914; 0,1255031661130488; 0,49034055368974805; 0,5788794443942606; 0,8660860112868249; 0,9784726616926491; 0,6879096613265574
0,4500406089345601; 0,6865227897651494; 0,8004698534496129; 0,8749402579851449; 0,7198483790270984; 0,9062671326100826; 0,4717990951612592; 0,27992299059405923; 0,7527552382089198; 0,12766914116218686; 0,4012111984193325
0,8106048518438942; 0,40748551581054926; 0,05092870909720659; 0,3577668913640082; 0,5736763286404312; 0,4869259390980005; 0,2368362993001938; 0,8212254014797509; 0,6368948873132467; 0,9004550417885184; 0,8144172951579094
1,8799607790511064; 0,8665368179790676; 0,1346660084091127; 0,8984340196475387; 0,8497327202931046; 0,6872660294175148; 0,2759692147374153; 0,3649476347491145; 0,768906157463789; 0,9310340359807014; 0,5304730609059334
2,0405495487383982; 0,7001757472753525; 0,8078706036321819; 0,8764360160566866; 0,05794247332960367; 0,2815461028367281; 0,009110047947615385; 0,07802545325830579; 0,714896472170949; 0,3944897963665426; 0,8058396498672664
0,2219022196424096; 0,08846900518983603; 0,7331289621070027; 0,20937350345775485; 0,6496383179910481; 0,6247267834842205; 0,34080152539536357; 0,6811087219975889; 0,4856461388990283; 0,5764745506457984; 0,1998639120720327
0,050574404601501755; 0,45338668301701546; 0,5774710662662983; 0,6249324684031308; 0,9997645919211209; 0,00851682061329484; 0,22618673602119088; 0,48351621767506003; 0,0033026630990207195; 0,452167724724859; 0,4447169811464846
2,0538890627321367; 0,21327933249995112; 0,9532707487232983; 0,5495260744355619; 0,2266499251127243; 0,7760433494113386; 0,4939137054607272; 0,6242810506373644; 0,5354705173522234; 0,09414307633414865; 0,9320215629413724
2,2832836622934765; 0,9619241012260318; 0,8544558854773641; 0,04845589632168412; 0,14231763873249292; 0,8383485628291965; 0,8823612304404378; 0,8141653556376696; 0,5126792816445231; 0,6467443043366075; 0,3433583634905517
0,778271498675378; 0,933875500690192; 0,6044997279532254; 0,7157527855597436; 0,824522836599499; 0,6827843561768532; 0,21642658580094576; 0,3659551916643977; 0,06490072561427951; 0,9103362690657377; 0,8856574050150812
0,8640589817105702; 0,7767842896282673; 0,23474114015698433; 0,5460624336265028; 0,7296977806836367; 0,6548603819683194; 0,14755852846428752; 0,9772033165208995; 0,16796673322096467; 0,6705837952904403; 0,7356193661689758
0,0004253541812523805; 0,03206471214070916; 0,8630355130881071; 0,17866978654637933; 0,11213473230600357; 0,742286330088973; 0,11089603696018457; 0,8572674575261772; 0,3774180030450225; 0,924884314648807; 0,9250746513716877
1,7927492139705354; 0,6009885356761515; 0,04464355343952775; 0,807904145680368; 0,6832875590771437; 0,8922195984050632; 0,5056833904236555; 0,8459001267328858; 0,1596890022046864; 0,5358721581287682; 0,6670476850122213
1,4371056728904383; 0,08095900248736143; 0,212830463424325; 0,7850806671194732; 0,49840799206867814; 0,6489574345760047; 0,44527054857462645; 0,376124472822994; 0,6339190597645938; 0,08307324955239892; 0,5552324946038425
0,095170359480379; 0,6398278912529349; 0,270552474539727; 0,45116178039461374; 0,8767781225033104; 0,11070867674425244; 0,3092947737313807; 0,7790262727066875; 0,5092945108190179; 0,14322157856076956; 0,02024142863228917
2,000020925913648; 0,6907634953968227; 0,22753281891345978; 0,31144020333886147; 0,24883655784651637; 0,12687683617696166; 0,8992933514527977; 0,4893479091115296; 0,8645466649904847; 0,1438158843666315; 0,01357949385419488
1,5204929336610693; 0,31767061725258827; 0,10246439650654793; 0,7137359604239464; 0,4788014623336494; 0,7378443516790867; 0,4990245862863958; 0,4503478240221739; 0,6129201399162412; 0,22799180587753654; 0,2713769618421793
1,3340800171820524; 0,47253988683223724; 0,6499463166110218; 0,4402836072258651; 0,9487782353535295; 0,2866100459359586; 0,9746275623328984; 0,22897029668092728; 0,8188172630034387; 0,38389807660132647; 0,5771351899020374
-0,24284674433486647; 0,275741764344275; 0,3992933821864426; 0,23443602863699198; 0,34319657320156693; 0,6588609791360795; 0,060778392013162374; 0,17700284626334906; 0,6556665725074708; 0,3413862637244165; 0,13277145102620125
0,5064850415017996; 0,5526067307218909; 0,8978579095564783; 0,6033974951133132; 0,3172031519934535; 0,37646805215626955; 0,3308024094440043; 0,049310166388750076; 0,9866498312912881; 0,6102667758241296; 0,6992465178482234
1,5681690593600823; 0,2610620241612196; 0,09276242926716805; 0,348734047729522; 0,8923973822966218; 0,0035756765864789486; 0,9238600386306643; 0,5067642768844962; 0,768418500199914; 0,592287733219564; 0,4156088721938431
-0,377849457727576; 0,191042039077729; 0,3036267105489969; 0,858722785487771; 0,6027569039724767; 0,9213218875229359; 0,45374554209411144; 0,02150713372975588; 0,9221413033083081; 0,8476233049295843; 0,9089943044818938
0,7342477027638696; 0,9016470210626721; 0,500888230279088; 0,7159961867146194; 0,7548868665471673; 0,7043598922900856; 0,8927462683059275; 0,05515576573088765; 0,7997697331011295; 0,9987517944537103; 0,26071866136044264
0,8330421898242867; 0,7259942311793566; 0,5973349562846124; 0,08737722737714648; 0,6522727636620402; 0,7865928020328283; 0,031116225756704807; 0,8890549796633422; 0,6243599150329828; 0,6507959025911987; 0,09787809895351529
1,549156253581397; 0,19689370086416602; 0,11705518094822764; 0,4312177374958992; 0,013055828399956226; 0,05173436738550663; 0,6711123073473573; 0,9050191165879369; 0,34480653423815966; 0,6530844648368657; 0,4883492449298501
0,46781944239684115; 0,8774342918768525; 0,5674839983694255; 0,6954994830302894; 0,9255467574112117; 0,9383362708613276; 0,33143302891403437; 0,5158226564526558; 0,9242445933632553; 0,670312664937228; 0,22485198127105832
1,79261736081376; 0,854518452193588; 0,9265953847207129; 0,5396948154084384; 0,8000799748115242; 0,10549540678039193; 0,36188439885154366; 0,6164468415081501; 0,7503315573558211; 0,8436769121326506; 0,6582895615138113
-0,312442123478037; 0,30862493021413684; 0,13547666184604168; 0,1756237600930035; 0,65876046102494; 0,9673015167936683; 0,6271983925253153; 0,12710765097290277; 0,6741706724278629; 0,32561539905145764; 0,4511256334371865
0,6354870507751812; 0,013722946867346764; 0,11568998266011477; 0,5760199469514191; 0,02880550315603614; 0,1172343222424388; 0,9246088792569935; 0,8075963845476508; 0,2166973315179348; 0,1950761009939015; 0,2671104082837701
2,0175063468341015; 0,4959064847789705; 0,5145546719431877; 0,21856146398931742; 0,46906008711084723; 0,6087258663028479; 0,8436099346727133; 0,4903674437664449; 0,6556006786413491; 0,5922019565477967; 0,9633452212437987
1,955244656076299; 0,8121519088745117; 0,7602776987478137; 0,5003948770463467; 0,6007395396009088; 0,1177594093605876; 0,8132829093374312; 0,6225917106494308; 0,3434035340324044; 0,3872303771786392; 0,1567516247741878
0,7229019067570627; 0,6545419422909617; 0,7275201864540577; 0,8293037000112236; 0,9794609672389925; 0,8650861089117825; 0,5629589702002704; 0,17219532933086157; 0,22310661058872938; 0,3369263531640172; 0,21337504079565406
0,22058736295702946; 0,7380582592450082; 0,4068539976142347; 0,22373814694583416; 0,9528051447123289; 0,7704316824674606; 0,5698730731382966; 0,6233287765644491; 0,20555144641548395; 0,15892293024808168; 0,6302702999673784
1,0087484558879845; 0,675955240149051; 0,38062861980870366; 0,1911114091053605; 0,3553467602469027; 0,6728181168437004; 0,2956523606553674; 0,12301612459123135; 0,5159585764631629; 0,777792502194643; 0,9472024608403444
-0,5992900835624028; 0,012060352135449648; 0,15934044122695923; 0,018512673676013947; 0,16028180019930005; 0,5965482634492218; 0,89174625556916; 0,034669643733650446; 0,3801849070005119; 0,2651307890191674; 0,9253727439790964
1,1942655522954713; 0,8942534406669438; 0,10601009707897902; 0,6470927037298679; 0,37628976767882705; 0,9156935969367623; 0,9164287666790187; 0,4388279472477734; 0,7068251837044954; 0,0314911506138742; 0,2274807938374579
2,269147500664328; 0,9515583198517561; 0,8309683790430427; 0,6354590505361557; 0,46962669491767883; 0,25004449021071196; 0,2734594433568418; 0,5621801814995706; 0,24129977030679584; 0,42094504833221436; 0,15257091028615832
0,7376022341773737; 0,9389784377999604; 0,887276612687856; 0,5698879975825548; 0,7563796769827604; 0,215165460947901; 0,9435703428462148; 0,2564863641746342; 0,5627983785234392; 0,05936079332605004; 0,5692596570588648
2,1811922338549126; 0,5962222311645746; 0,5852408385835588; 0,03265219973400235; 0,2525739003904164; 0,7877717376686633; 0,8115517939440906; 0,09920148178935051; 0,11619608104228973; 0,5615588622167706; 0,3051674496382475
1,8825923305741044; 0,48994407383725047; 0,5976635152474046; 0,01876690285280347; 0,6944390810094774; 0,6659677792340517; 0,1920375064946711; 0,35858237836509943; 0,8657018225640059; 0,5635463069193065; 0,9214450200088322
0,7319593460636643; 0,8140314491465688; 0,9756112326867878; 0,30323989083990455; 0,723247077781707; 0,29046427411958575; 0,7467926922254264; 0,9834194546565413; 0,4635116304270923; 0,8888094779103994; 0,19934040866792202
0,6793043765295552; 0,7624908918514848; 0,9384287591092288; 0,35636202339082956; 0,3397421767003834; 0,005112104583531618; 0,09196425043046474; 0,5953712402842939; 0,022219497244805098; 0,487081709317863; 0,2372321323491633
1,5370924538409574; 0,9566576341167092; 0,4403244429267943; 0,5308798742480576; 0,38397306064143777; 0,6698813932016492; 0,07297210255637765; 0,6601785165257752; 0,6688331118784845; 0,9170353328809142; 0,5445819874294102
1,493000683351428; 0,15781979076564312; 0,27387644117698073; 0,7333452166058123; 0,4877715944312513; 0,38920530024915934; 0,7587824058718979; 0,6123733138665557; 0,08340358966961503; 0,37945831194519997; 0,36974521866068244
2,224582972765625; 0,8755811117589474; 0,22713380260393023; 0,481224843300879; 0,09788999194279313; 0,7825075569562614; 0,8471727431751788; 0,1848086449317634; 0,3034549904987216; 0,08966315072029829; 0,7980771232396364
0,9112010348541044; 0,6197283640503883; 0,6716698855161667; 0,11672150902450085; 0,6536838123574853; 0,05271728569641709; 0,20223681116476655; 0,14693019492551684; 0,23936476418748498; 0,7804241199046373; 0,8526126593351364
0,8809172772472179; 0,08851717785000801; 0,07412210386246443; 0,6082878992892802; 0,40074074966832995; 0,2192329508252442; 0,9001125595532358; 0,7324729226529598; 0,415350622497499; 0,6864373651333153; 0,153949954546988
0,27634148149510374; 0,5294341966509819; 0,3097749068401754; 0,19662376260384917; 0,37226670095697045; 0,6249311668798327; 0,7298297313973308; 0,14997055334970355; 0,12072612484917045; 0,3542769351042807; 0,3147849175147712
1,400660300828323; 0,33286442095413804; 0,45976146729663014; 0,6326277167536318; 0,3610740089789033; 0,7359999213367701; 0,3684376575984061; 0,3808915037661791; 0,2736629182472825; 0,6617178730666637; 0,47497534938156605
1,4171309270667993; 0,034133100882172585; 0,22529932809993625; 0,6364305121824145; 0,39204238448292017; 0,5414477931335568; 0,8548976476304233; 0,06294211465865374; 0,5736919902265072; 0,9794570384547114; 0,9569495930336416
-0,17672840762569705; 0,015046519227325916; 0,4831200996413827; 0,4241514611057937; 0,3027096791192889; 0,6240645051002502; 0,5445689777843654; 0,3075808798894286; 0,9431289224885404; 0,47924996726214886; 0,714593059848994
1,3739596727026966; 0,08213146775960922; 0,387407046277076; 0,5992320808582008; 0,32742931647226214; 0,44724075961858034; 0,4707801123149693; 0,8571990453638136; 0,10207308130338788; 0,6021902142092586; 0,7915317825973034
0,4073205443506286; 0,6081010312773287; 0,5397553094662726; 0,35078466683626175; 0,6140958652831614; 0,3884981470182538; 0,5137262581847608; 0,6965099684894085; 0,5209195725619793; 0,25786494882777333; 0,8656754167750478
1,1047332398545027; 0,11234623473137617; 0,30925547145307064; 0,0900701992213726; 0,17411934630945325; 0,14283392671495676; 0,18848797352984548; 0,31479412969201803; 0,8910872284322977; 0,27809287142008543; 0,4482348314486444
0,22886434471356965; 0,5664585465565324; 0,5248430161736906; 0,2827685009688139; 0,7791444412432611; 0,29913707450032234; 0,16521473415195942; 0,4936161329969764; 0,032354329247027636; 0,893731084652245; 0,5778218149207532
0,0010654386537177242; 0,004412481095641851; 0,2963785151951015; 0,9486046130768955; 0,006868858356028795; 0,037145454436540604; 0,720208628103137; 0,9561675181612372; 0,8958627316169441; 0,9966552052646875; 0,7324582119472325
1,8217372699041836; 0,4557658829726279; 0,1667698328383267; 0,9455830431543291; 0,35239186277613044; 0,2776210177689791; 0,9001257317140698; 0,6009418899193406; 0,4408407104201615; 0,6533321388997138; 0,2056198911741376
0,32457376733458987; 0,08899857616052032; 0,6945079048164189; 0,06679862132295966; 0,224977295845747; 0,4213904123753309; 0,5035653081722558; 0,365657779853791; 0,6450093425810337; 0,8104641265235841; 0,009297109209001064
0,6049732316971035; 0,5098688341677189; 0,86106211040169; 0,7795761888846755; 0,8111534621566534; 0,478653013240546; 0,8272624076344073; 0,5251492746174335; 0,46143530448898673; 0,27192396204918623; 0,6775422124192119
1,3077934633527193; 0,6697209989652038; 0,8510523946024477; 0,47891052113845944; 0,30317622888833284; 0,439408618491143; 0,35937564680352807; 0,9068338815122843; 0,26062391232699156; 0,8592456467449665; 0,5273009943775833
1,0438383767720174; 0,36374048003926873; 0,8743921392597258; 0,7203206354752183; 0,8374301800504327; 0,47691318998113275; 0,39303752267733216; 0,9140744698233902; 0,1958312625065446; 0,9966769553720951; 0,42173822689801455
1,53210867153527; 0,5248600617051125; 0,7333097346127033; 0,4593259426765144; 0,6522288769483566; 0,7856425354257226; 0,6355236079543829; 0,3943638843484223; 0,0026608826592564583; 0,2165903658606112; 0,09586775302886963
1,0740976956999835; 0,8318465114571154; 0,6494066682644188; 0,012998150661587715; 0,3038296941667795; 0,028734355699270964; 0,36378773767501116; 0,7506270110607147; 0,7026083106175065; 0,42298219772055745; 0,22153817815706134
0,5447101505052759; 0,6901128510944545; 0,9499042136594653; 0,8562312657013535; 0,3428489016368985; 0,747627108823508; 0,17086095781996846; 0,496574429795146; 0,059504142962396145; 0,5748373735696077; 0,3282971093431115
0,26551005886977275; 0,8381987353786826; 0,01640459755435586; 0,8265783782117069; 0,861876096110791; 0,6710375598631799; 0,2143157017417252; 0,18894509319216013; 0,9510156717151403; 0,06908098189160228; 0,7989716297015548
-0,36002588089845633; 0,03795154299587011; 0,33406807854771614; 0,24251886177808046; 0,7193528739735484; 0,03383412305265665; 0,4636364495381713; 0,8966745305806398; 0,37981579219922423; 0,1367754745297134; 0,8213523072190583
2,0054322190169476; 0,335877844132483; 0,9087954252026975; 0,8404343933798373; 0,14735925756394863; 0,5675220927223563; 0,30750824930146337; 0,6751440004445612; 0,2585558104328811; 0,6079722987487912; 0,07211446715518832
0,16676434963042133; 0,05995052447542548; 0,7816548580303788; 0,44752807915210724; 0,8163158320821822; 0,09860015846788883; 0,017456934321671724; 0,9981721783988178; 0,9957585646770895; 0,03810834465548396; 0,7970470213331282
0,3795704786919042; 0,44745829375460744; 0,8615146046504378; 0,8747612768784165; 0,2865798487327993; 0,37020650086924434; 0,887457009870559; 0,7433166527189314; 0,11261693947017193; 0,4285093485377729; 0,054400105495005846
0,8781750055495325; 0,8839274467900395; 0,3655983773060143; 0,6506627420894802; 0,7589533561840653; 0,4068093989044428; 0,5450390921905637; 0,6389866839163005; 0,21644928585737944; 0,4815937429666519; 0,8009705957956612
0,694130052062507; 0,7952056443318725; 0,7041980982758105; 0,5153105799108744; 0,17207180662080646; 0,4454315290786326; 0,9545247335918248; 0,17308699432760477; 0,4029311924241483; 0,164217927493155; 0,01033067237585783
0,013738927864503037; 0,3313337601721287; 0,001431726384907961; 0,48171500908210874; 0,31984508829191327; 0,5923631647601724; 0,47542122518643737; 0,5603743116371334; 0,8330077743157744; 0,420955300796777; 0,7265950683504343
2,2170001470201814; 0,5697426623664796; 0,7312841298989952; 0,8020134568214417; 0,4059245362877846; 0,13783979322761297; 0,1955875912681222; 0,4726806147955358; 0,2949912501499057; 0,13322281604632735; 0,5022092363797128
1,7004005116708245; 0,9575590887106955; 0,6038604397326708; 0,4312589759938419; 0,41293904837220907; 0,534304307308048; 0,655160668771714; 0,9975588941015303; 0,14431475196033716; 0,9244146062992513; 0,5570949874818325
0,3097365367887248; 0,44206109549850225; 0,855707433540374; 0,019685434643179178; 0,39356940146535635; 0,2602487322874367; 0,8948608129285276; 0,6898815045133233; 0,8224090253934264; 0,4253034903667867; 0,14632848370820284
0,5729758195566963; 0,45754975359886885; 0,9262671433389187; 0,5198067622259259; 0,06116146082058549; 0,45378139056265354; 0,4007719331420958; 0,4528369535692036; 0,2429307703860104; 0,07453715242445469; 0,702255274169147
0,2696991987404103; 0,6593351047486067; 0,07789974007755518; 0,6513591292314231; 0,17555094230920076; 0,8309432929381728; 0,3055039835162461; 0,07449116231873631; 0,7228088630363345; 0,6571562294848263; 0,2929423013702035
0,2926457747974758; 0,8383905892260373; 0,2470793635584414; 0,3014049092307687; 0,9542912691831589; 0,1410525212995708; 0,12050780653953552; 0,07813595980405807; 0,5104638221673667; 0,27858149632811546; 0,5843310956843197
1,6457357347291464; 0,5203936039470136; 0,40807349933311343; 0,6485375976189971; 0,5291812545619905; 0,7778134671971202; 0,07697863131761551; 0,5052918428555131; 0,769639709033072; 0,9547873213887215; 0,2522657704539597
0,6568588108659029; 0,09342305595055223; 0,9171954188495874; 0,47161055356264114; 0,6021559555083513; 0,8480440238490701; 0,34706135792657733; 0,9765631025657058; 0,34252282604575157; 0,26920551247894764; 0,8309573661535978
1,3777825897439857; 0,183887442573905; 0,015811791643500328; 0,08128599589690566; 0,05308850295841694; 0,7296143984422088; 0,8683935478329659; 0,7017843588255346; 0,02394661633297801; 0,9843963356688619; 0,3582982043735683
0,5017948798166969; 0,6640301337465644; 0,6415437087416649; 0,32772510265931487; 0,7646268256939948; 0,5195689126849174; 0,7570918248966336; 0,738742143381387; 0,5438987943343818; 0,1136327083222568; 0,35804311465471983
0,22741433527686328; 0,09128019167110324; 0,4826966878026724; 0,8726139916107059; 0,7514697299338877; 0,15142627665773034; 0,8034458067268133; 0,058657631278038025; 0,797504446003586; 0,9537400924600661; 0,29982748813927174
1,7658644653443196; 0,38508814526721835; 0,8914883970282972; 0,3236505063250661; 0,08460638485848904; 0,8706293702125549; 0,9973561833612621; 0,480944209266454; 0,1639509261585772; 0,9775894703343511; 0,568779747467488
-0,02275787509666645; 0,0713194771669805; 0,9993555815890431; 0,11760096764191985; 0,32678564032539725; 0,3086919025518; 0,1196587854065001; 0,8505022451281548; 0,7960636373609304; 0,7178521091118455; 0,6557579007931054
0,36238520807710795; 0,6658867248333991; 0,21381936548277736; 0,6634525419212878; 0,9516923716291785; 0,8932001437060535; 0,20375079847872257; 0,3659076616168022; 0,7463155882433057; 0,11366419307887554; 0,38020947203040123
1,8432673532298742; 0,3602776909247041; 0,5925337593071163; 0,2606408763676882; 0,5328013016842306; 0,049298116471618414; 0,09542374685406685; 0,5693199951201677; 0,2076786537654698; 0,8052884256467223; 0,7293932419270277
2,399439524273026; 0,8623844725079834; 0,7339494125917554; 0,3055499168112874; 0,22620061226189137; 0,7970726815983653; 0,3424899806268513; 0,8641413017176092; 0,6560040935873985; 0,050490052439272404; 0,19187122723087668
1,8886462536018627; 0,1868248018436134; 0,9686276591382921; 0,6099352701567113; 0,36792153399437666; 0,930943694896996; 0,6492639486677945; 0,12141609285026789; 0,7544508315622807; 0,7405787822790444; 0,6718105212785304
0,5440167616922053; 0,11463774740695953; 0,7505389624275267; 0,7858476336114109; 0,73661103611812; 0,40286357747390866; 0,7354974108748138; 0,12006286671385169; 0,21224452462047338; 0,2560143293812871; 0,6924562202766538
0,13683640347509074; 0,2988357753492892; 0,8361810292117298; 0,7799205360934138; 0,31652356730774045; 0,09688427485525608; 0,694441603962332; 0,18782371282577515; 0,3632233664393425; 0,17971380008384585; 0,6607609111815691
1,1855991128485401; 0,19169709691777825; 0,5506195081397891; 0,6840662071481347; 0,23304939595982432; 0,5720152403227985; 0,7052958663553; 0,923768034670502; 0,6236540698446333; 0,43993244459852576; 0,7187407109886408
0,4587333972830791; 0,7341565978713334; 0,1081521650776267; 0,5701668686233461; 0,8609102079644799; 0,9213423663750291; 0,5584483514539897; 0,6778563377447426; 0,33593700686469674; 0,3383565447293222; 0,4162764591164887
1,2373153134523798; 0,9744423096999526; 0,32661960599943995; 0,9410341498441994; 0,07159964460879564; 0,2620949777774513; 0,9824471408501267; 0,2119691171683371; 0,5251907212659717; 0,002631557174026966; 0,9683274780400097
2,5362397524092932; 0,8645041505806148; 0,8008248130790889; 0,6854863530024886; 0,4774167793802917; 0,152792998123914; 0,9846579553559422; 0,7007639859803021; 0,46270813327282667; 0,7272482961416245; 0,8205494047142565
1,167529204007203; 0,2923209248110652; 0,6138600222766399; 0,2552899504080415; 0,9367663417942822; 0,03379357513040304; 0,7314534983597696; 0,1835193084552884; 0,7499764231033623; 0,5154595230706036; 0,23925809981301427
1,3300683469016636; 0,7918338663876057; 0,5259437002241611; 0,676846694201231; 0,5668652574531734; 0,9617205974645913; 0,3155603022314608; 0,8226171806454659; 0,7004153896123171; 0,8730503804981709; 0,7935626590624452
0,6815336029986491; 0,6271072276867926; 0,3804634283296764; 0,7458313312381506; 0,2591143501922488; 0,6987963328137994; 0,8895829156972468; 0,16783342324197292; 0,7607714892365038; 0,3251618570648134; 0,42232883302494884
0,8217636004751074; 0,9978872509673238; 0,19978432217612863; 0,561769490595907; 0,06146539282053709; 0,3626270308159292; 0,2751204906962812; 0,28784392308443785; 0,6501973802223802; 0,3254950186237693; 0,403667735401541
1,7371545838797895; 0,6804661038331687; 0,5735432263463736; 0,36498443642631173; 0,5539294052869081; 0,7304260302335024; 0,7107769222930074; 0,5793244685046375; 0,4217221993021667; 0,22170669818297029; 0,15193182928487659
0,8923212597282959; 0,7796457461081445; 0,012762011494487524; 0,20547692850232124; 0,22841028403490782; 0,29477194510400295; 0,41766110761091113; 0,5566838793456554; 0,48748783487826586; 0,5240012016147375; 0,6965270126238465
-0,43765158940808335; 0,16786125488579273; 0,21163325058296323; 0,5864563840441406; 0,34524567192420363; 0,7063564076088369; 0,9350998303852975; 0,4132970655336976; 0,13204989535734057; 0,043078680988401175; 0,9414355088956654
2,351219803647639; 0,9667109288275242; 0,6554159866645932; 0,5795633043162525; 0,4217374427244067; 0,30995974596589804; 0,6396645354107022; 0,773143969476223; 0,09825804363936186; 0,6047556214034557; 0,19060416892170906
0,24869897812252206; 0,5766504951752722; 0,6918027335777879; 0,6280194940045476; 0,7934498828835785; 0,6329162470065057; 0,8622878734022379; 0,32375028915703297; 0,39271556539461017; 0,9433471942320466; 0,8545700176618993
0,9684673095638998; 0,5120932520367205; 0,6824310622178018; 0,653704238589853; 0,33447642298415303; 0,0767678483389318; 0,1340127345174551; 0,301513999234885; 0,09860195312649012; 0,20225659618154168; 0,39688599528744817
0,25780346038971297; 0,6613264181651175; 0,3684950238093734; 0,3288124823011458; 0,8889301042072475; 0,18191515794023871; 0,866019843146205; 0,882116383407265; 0,5166713823564351; 0,1468973606824875; 0,38528354139998555
1,3604207442886753; 0,06264631729573011; 0,6932187182828784; 0,3030846011824906; 0,13213653536513448; 0,4890269157476723; 0,4765690602362156; 0,5036951825022697; 0,23834919510409236; 0,7743985173292458; 0,7430341863073409
0,35236873646052647; 0,6856043948791921; 0,6915040076710284; 0,5070926179178059; 0,5157804782502353; 0,20337665360420942; 0,718088517896831; 0,68970021372661; 0,3976506502367556; 0,8265931867063046; 0,7555621806532145
1,0677266798947684; 0,9385704514570534; 0,964753947686404; 0,9709057761356235; 0,3649272210896015; 0,6165331583470106; 0,7339451275765896; 0,16313846549019217; 0,16939687356352806; 0,12235198868438601; 0,7286907411180437
1,1557237259344597; 0,5388225689530373; 0,30794730596244335; 0,7642642017453909; 0,1367705357261002; 0,16329785156995058; 0,7926084077917039; 0,2469387431629002; 0,027993582654744387; 0,25285545364022255; 0,7882234533317387
0,9181792305192921; 0,30272440798580647; 0,11995402025058866; 0,5254402398131788; 0,030558796133846045; 0,6947662038728595; 0,01821489864960313; 0,6004245150834322; 0,04067551949992776; 0,3532800246030092; 0,07535151531919837
-0,3824574966351304; 0,12725628446787596; 0,4026256576180458; 0,7256880262866616; 0,977218886371702; 0,269407719373703; 0,6908632381819189; 0,23462769575417042; 0,6200421992689371; 0,3966528382152319; 0,21598705416545272
0,32343198031569353; 0,5571027304977179; 0,7843661732040346; 0,9537364384159446; 0,5797338825650513; 0,9132873001508415; 0,25557793863117695; 0,9546021022833884; 0,16532887984067202; 0,6701339525170624; 0,5302583510056138
2,1815049805641067; 0,458015569485724; 0,7826758935116231; 0,05134015716612339; 0,45292732352390885; 0,011046793777495623; 0,12978350650519133; 0,03593032108619809; 0,8885240079835057; 0,4943154635839164; 0,5848322766833007
-0,4499815642008739; 0,03442082926630974; 0,3498695162124932; 0,49055499071255326; 0,3339968449436128; 0,13409545877948403; 0,9471358577720821; 0,15307037718594074; 0,45882907370105386; 0,9648580201901495; 0,7452544481493533
2,2257062826208114; 0,8956745909526944; 0,24791090283542871; 0,8124536271207035; 0,21185093838721514; 0,5183648113161325; 0,015461507253348827; 0,1701392848044634; 0,7645679973065853; 0,8569724932312965; 0,44711517728865147
0,726372320193555; 0,1615905947983265; 0,24660242721438408; 0,9410683494061232; 0,20025339303538203; 0,9170849821530282; 0,8687028530985117; 0,3823747797869146; 0,30076328897848725; 0,5869769616983831; 0,3226334396749735
0,5717347595706381; 0,1582346921786666; 0,5754984403029084; 0,14592544129118323; 0,7168931807391346; 0,5573829491622746; 0,5117772025987506; 0,4856283674016595; 0,9733323785476387; 0,947849705349654; 0,43208953412249684
-0,08638336391482843; 0,5078440085053444; 0,10072799399495125; 0,8499491736292839; 0,3626290769316256; 0,811538603156805; 0,6137787750922143; 0,9686639956198633; 0,0030988529324531555; 0,7819897658191621; 0,31765085738152266
0,17184672826714686; 0,45859175082296133; 0,17291487893089652; 0,40585525007918477; 0,7339194533415139; 0,9917882806621492; 0,9438253552652895; 0,6529508479870856; 0,04795283265411854; 0,8740492351353168; 0,851867834571749
1,5368319712733323; 0,2612578929401934; 0,47861442994326353; 0,6604481404647231; 0,8219055994413793; 0,6236229268833995; 0,8423997042700648; 0,90448581520468; 0,4620874235406518; 0,7748329266905785; 0,1761648370884359
0,19261603087068313; 0,6567213833332062; 0,5219270274974406; 0,5947362096048892; 0,4868414564989507; 0,13581023877486587; 0,30918963393196464; 0,8240372557193041; 0,6329073021188378; 0,6344994730316103; 0,833325058221817
1,0099782385676912; 0,6525044124573469; 0,20378250116482377; 0,8863232149742544; 0,564787033945322; 0,384148015640676; 0,05725850025191903; 0,8602942107245326; 0,8887768518179655; 0,23533422173932195; 0,4420498013496399
1,6136568141597127; 0,2998912753537297; 0,600067806430161; 0,32230587862432003; 0,4526485288515687; 0,0708201453089714; 0,4787451163865626; 0,23951711133122444; 0,2849854361265898; 0,3160785143263638; 0,3211447889916599
1,7531264136233538; 0,9069574526511133; 0,028408714570105076; 0,009883454535156488; 0,8947247597388923; 0,4934192793443799; 0,3374825604259968; 0,41057221172377467; 0,909725776873529; 0,07626837771385908; 0,43582126032561064
2,190552384132793; 0,8639646773226559; 0,165885288733989; 0,044072933960705996; 0,9214256843551993; 0,3130677994340658; 0,751602450851351; 0,5371370781213045; 0,4685213062912226; 0,05904282443225384; 0,5306601012125611
0,54370847961438; 0,005278618540614843; 0,997289405670017; 0,10459367744624615; 0,3395339665003121; 0,5975421164184809; 0,08162388810887933; 0,23135154508054256; 0,18866736767813563; 0,4248287552036345; 0,32602753210812807
0,5093341067403236; 0,6539968233555555; 0,9511407488025725; 0,575232963077724; 0,4550998047925532; 0,6895629926584661; 0,6768867503851652; 0,17662895703688264; 0,3225849000737071; 0,8515773178078234; 0,20409591868519783
1,7003124280750992; 0,6441668947227299; 0,32002972019836307; 0,5545130483806133; 0,26575785828754306; 0,6327744913287461; 0,603870471008122; 0,7021960108540952; 0,7008936339989305; 0,9992547500878572; 0,8689334103837609
1,5420364458742033; 0,4567172680981457; 0,6573002245277166; 0,18474050983786583; 0,3873352608643472; 0,29905116837471724; 0,7611445388756692; 0,7103968770243227; 0,5817624852061272; 0,6744528147391975; 0,7365743895061314
0,3436822671638623; 0,9241204061545432; 0,041221721563488245; 0,8761318260803819; 0,8671063473448157; 0,6606643269769847; 0,8116384036839008; 0,49749283492565155; 0,4681754168123007; 0,832894042134285; 0,14956809533759952
-0,08699885557188086; 0,5203467323444784; 0,13102362304925919; 0,1952084512449801; 0,27741120429709554; 0,41241047251969576; 0,11895386967808008; 0,8984463619999588; 0,5126501410268247; 0,4629868748597801; 0,9624619018286467
-0,24754728583871766; 0,08258967055007815; 0,49663996836170554; 0,22886926354840398; 0,824773273896426; 0,8904536319896579; 0,511082137003541; 0,006503439508378506; 0,9444148726761341; 0,7043955996632576; 0,5217090705409646
0,34137303004783676; 0,8353325268253684; 0,05333587387576699; 0,14043364906683564; 0,8213429767638445; 0,7670460506342351; 0,9476221827790141; 0,2907884009182453; 0,5184477488510311; 0,6592184971086681; 0,8825344564393163
-0,3567586562324788; 0,138684228528291; 0,37728410214185715; 0,862113808747381; 0,32777341129258275; 0,4656979260034859; 0,7340139159932733; 0,9880516012199223; 0,908796998206526; 0,13104809960350394; 0,844443560577929
1,5185971108810952; 0,6376937478780746; 0,484782253857702; 0,2466992875561118; 0,5511694867163897; 0,8137924703769386; 0,4741697651334107; 0,4775265930220485; 0,24189217062667012; 0,2829219261184335; 0,1637399480678141
0,5863634176872661; 0,6645659664645791; 0,9521062090061605; 0,8375000967644155; 0,6604056200012565; 0,017264039255678654; 0,12133982870727777; 0,9797876607626677; 0,8138022664934397; 0,559403876774013; 0,06932370690628886
0,42401300548466875; 0,4449114417657256; 0,03920120373368263; 0,1783281289972365; 0,7711109933443367; 0,599191133864224; 0,8577825273387134; 0,7515856618992984; 0,22175021981820464; 0,5181495798751712; 0,8838130878284574
1,4736131224377103; 0,11545596830546856; 0,006541695445775986; 0,680629386100918; 0,25406490871682763; 0,16309422394260764; 0,30352106504142284; 0,055116749834269285; 0,11002452345564961; 0,18993479246273637; 0,881074498873204
1,4581280071469682; 0,06032969430088997; 0,27969786804169416; 0,5439716400578618; 0,10387650737538934; 0,6065303599461913; 0,06039620144292712; 0,5331528401002288; 0,18152336729690433; 0,5941918413154781; 0,1555843991227448
0,04156620802948291; 0,290648452937603; 0,6541554746218026; 0,8503905250690877; 0,3668675017543137; 0,1622159406542778; 0,23143567331135273; 0,4775433335453272; 0,49444664362818; 0,382133717648685; 0,6284082233905792
2,0776154176929538; 0,8470794083550572; 0,03079045657068491; 0,9797505042515695; 0,6277116127312183; 0,6638694331049919; 0,6290797721594572; 0,8663411480374634; 0,9413870158605278; 0,7655305806547403; 0,22632945701479912
2,2497955520904958; 0,6284948298707604; 0,6443617404438555; 0,658202760387212; 0,08158635487779975; 0,612357487436384; 0,6175025925040245; 0,7888782415539026; 0,7955980054102838; 0,3018645606935024; 0,4623159538023174
-0,20559688560524175; 0,13126005604863167; 0,5386262559331954; 0,9459318947046995; 0,3413506606593728; 0,6410161093808711; 0,21142620081081986; 0,5039655640721321; 0,7507094228640199; 0,6575167127884924; 0,6191021045669913
0,6921925893034531; 0,003810148686170578; 0,6975871818140149; 0,5152756716124713; 0,9616090296767652; 0,23250455409288406; 0,13130171364173293; 0,9156343229115009; 0,4875213373452425; 0,42582190642133355; 0,6667728275060654
0,2908592002459598; 0,46903000865131617; 0,45421388652175665; 0,04854551423341036; 0,16413374384865165; 0,7546698884107172; 0,5618922328576446; 0,9102550689131021; 0,8997746156528592; 0,7164465035311878; 0,9712728718295693
1,645552910045216; 0,13559871912002563; 0,4753858600743115; 0,5289469477720559; 0,33460071217268705; 0,7627034932374954; 0,17588487826287746; 0,8873547636903822; 0,9558733417652547; 0,20107274316251278; 0,1569956624880433
2,289677893118533; 0,5264201364479959; 0,8273790562525392; 0,17698817048221827; 0,5083028501830995; 0,12397548090666533; 0,7077924911864102; 0,8786204364150763; 0,3881225511431694; 0,6045713042840362; 0,6321240933611989
0,5472045018238358; 0,16631466569378972; 0,5880703548900783; 0,14660102780908346; 0,07202354678884149; 0,6430255654267967; 0,42536736745387316; 0,4543938599526882; 0,9048556727357209; 0,6596914553083479; 0,8879276742227376
1,557445175109108; 0,061751208268105984; 0,7981204818934202; 0,4112061192281544; 0,9502328936941922; 0,5414849356748164; 0,7947084340266883; 0,5159747819416225; 0,3906314503401518; 0,10131657542660832; 0,26511909486725926
0,1878333215953153; 0,4398455866612494; 0,09227728378027678; 0,4415123756043613; 0,7683056751266122; 0,4737551403231919; 0,5855150548741221; 0,8243391090072691; 0,4194895550608635; 0,32105215126648545; 0,8941500000655651
1,1442988066208328; 0,0315962927415967; 0,4934720164164901; 0,6855460526421666; 0,44668000377714634; 0,8104892610572278; 0,06451313802972436; 0,25484375189989805; 0,9928746661171317; 0,8152547529898584; 0,8683848911896348
1,0523515265527301; 0,4584471918642521; 0,8891967195086181; 0,5904939295724034; 0,226783717982471; 0,6586468196474016; 0,3472382198087871; 0,6090759360231459; 0,8254489609971642; 0,5744936899282038; 0,9311282737180591
-0,36822978861673905; 0,09177585551515222; 0,2559460732154548; 0,2644237168133259; 0,36943617602810264; 0,7420157343149185; 0,8180183577351272; 0,09472314035519958; 0,8656757157295942; 0,7715196134522557; 0,34867656137794256
0,38365964409823283; 0,7487742425873876; 0,5211553322151303; 0,32138704555109143; 0,1157980808056891; 0,8693857118487358; 0,03639110364019871; 0,4068688661791384; 0,32515031564980745; 0,04902312811464071; 0,5086870659142733
0,17937195675718653; 0,6847419762052596; 0,08065112540498376; 0,4941287310793996; 0,21692993538454175; 0,7625564057379961; 0,9834184590727091; 0,48819473292678595; 0,057672033086419106; 0,47920267935842276; 0,5425200718455017
-0,3213322178691015; 0,14095145324245095; 0,21493116207420826; 0,14668091060593724; 0,7273414367809892; 0,20920738112181425; 0,18075088737532496; 0,42775549087673426; 0,30839656200259924; 0,06188410194590688; 0,05109425773844123
0,14890169799894126; 0,4214069698937237; 0,7396509610116482; 0,05534592876210809; 0,6545064174570143; 0,7795975194312632; 0,7056683734990656; 0,8903551851399243; 0,15805002255365252; 0,4458578694611788; 0,9470404554158449
0,23633260734694111; 0,38482695911079645; 0,8976574568077922; 0,5407551229000092; 0,9397908435203135; 0,7010606992989779; 0,18845779681578279; 0,8037288337945938; 0,5472620693035424; 0,9790260973386467; 0,24000416044145823
2,6561770380133787; 0,9730111001990736; 0,7486461088992655; 0,3098977664485574; 0,9602437173016369; 0,7170102554373443; 0,19733935222029686; 0,8383081071078777; 0,7164677511900663; 0,4331131987273693; 0,48376439698040485
1,2567071408723574; 0,4634009818546474; 0,5717588132247329; 0,9759707390330732; 0,23469130275771022; 0,2513740621507168; 0,14123700885102153; 0,08395949983969331; 0,5474600419402122; 0,11541697941720486; 0,4730421034619212
0,7094503831526149; 0,622892560902983; 0,12631576182320714; 0,3872546232305467; 0,8194188303314149; 0,8773275739513338; 0,4396016811951995; 0,03959539998322725; 0,943001015111804; 0,8340653534978628; 0,9133798573166132
1,6883022513931678; 0,9591114991344512; 0,2511041462421417; 0,7432563076727092; 0,8046849658712745; 0,48203885834664106; 0,4718051990494132; 0,9623541682958603; 0,7665352975018322; 0,5317573728971183; 0,6918590771965683
0,699296119215874; 0,6325634778477252; 0,7209374820813537; 0,22727201553061604; 0,40244966838508844; 0,7315233051776886; 0,47202882496640086; 0,19258038885891438; 0,38114233035594225; 0,9477554918266833; 0,23714350536465645
0,21676928697987785; 0,4188385149464011; 0,6212127963081002; 0,427755412645638; 0,9838453219272196; 0,3448285376653075; 0,9747622897848487; 0,6227186005562544; 0,5622139251790941; 0,8894071038812399; 0,2957816100679338
1,9517273834315685; 0,5312106171622872; 0,39047844614833593; 0,005316657014191151; 0,5383709999732673; 0,8910114602185786; 0,20346388220787048; 0,8432305138558149; 0,794549394864589; 0,8937611891888082; 0,37869618320837617
1,7006262918757489; 0,34650409035384655; 0,6819248930551112; 0,15459667658433318; 0,8410323793068528; 0,17940099723637104; 0,09103147638961673; 0,6769159184768796; 0,08033455070108175; 0,320122882258147; 0,16190183721482754
1,0359266120707034; 0,840380750130862; 0,2707789856940508; 0,5350786442868412; 0,19925286574289203; 0,9898273125290871; 0,21807414293289185; 0,40712351258844137; 0,2928961832076311; 0,6127427304163575; 0,21504831546917558
0,3347424820855597; 0,5876054856926203; 0,023209754843264818; 0,48824805673211813; 0,1325155310332775; 0,8671332420781255; 0,3128738761879504; 0,7614725059829652; 0,523611803073436; 0,7237089253030717; 0,17890400160104036
1,6378660781072902; 0,5643732822500169; 0,3000242612324655; 0,8240283699706197; 0,6027744244784117; 0,8606006470508873; 0,8896376183256507; 0,6725721270777285; 0,30429245764389634; 0,07615952333435416; 0,04507949901744723
0,5075879031412309; 0,7894359626807272; 0,7163262921385467; 0,36503265891224146; 0,015659432858228683; 0,05418000789359212; 0,6963922227732837; 0,4717006580904126; 0,4329928597435355; 0,5862358789891005; 0,0772246546112001
0,15334314414677186; 0,38099842611700296; 0,7931882790289819; 0,7557437275536358; 0,9550349758937955; 0,8602657471783459; 0,3967989683151245; 0,40504163736477494; 0,48315920773893595; 0,4551881030201912; 0,7075634705834091
0,6224263291787127; 0,33220673305913806; 0,6750771794468164; 0,8777287690900266; 0,25871774880215526; 0,29383853962644935; 0,4105185833759606; 0,1229618233628571; 0,5284086652100086; 0,019454370718449354; 0,8195510162040591
0,3171779557160124; 0,11353956023231149; 0,7096969489939511; 0,39926577312871814; 0,7796946642920375; 0,36519489996135235; 0,6154150790534914; 0,28578440099954605; 0,37174071185290813; 0,9127953527495265; 0,16933775879442692
-0,13909480045572062; 0,16854547150433064; 0,14920539828017354; 0,6629453701898456; 0,3077485733665526; 0,2957519181072712; 0,994766493793577; 0,8800874664448202; 0,919642636552453; 0,07052537426352501; 0,6413697493262589
-0,12366097712696503; 0,18645492428913713; 0,6632328419946134; 0,8286505108699203; 0,9659167872741818; 0,016024657525122166; 0,8796757198870182; 0,14971016207709908; 0,8877622536383569; 0,210981207434088; 0,26633125310763717
1,2576979312916583; 0,972621529828757; 0,22413883451372385; 0,09633513120934367; 0,18345602322369814; 0,22982047405093908; 0,042137222830206156; 0,3453564806841314; 0,7531150742433965; 0,34208235144615173; 0,06286131776869297
-0,31889474259718265; 0,01243381667882204; 0,638446144759655; 0,381066067609936; 0,8021270367316902; 0,7261600224301219; 0,5746046537533402; 0,6240990101359785; 0,5742863905616105; 0,02552191913127899; 0,36956370575353503
1,9107625925316771; 0,9002691451460123; 0,3387866639532149; 0,08066317578777671; 0,587622897233814; 0,6894393065012991; 0,20139442523941398; 0,0847615203820169; 0,9437773753888905; 0,7204235014505684; 0,9962500846013427
0,4502355103697891; 0,48548502940684557; 0,34323645615950227; 0,5117706279270351; 0,17702414002269506; 0,08535765018314123; 0,6890245759859681; 0,16324400156736374; 0,5570694468915462; 0,3296232223510742; 0,980465077329427
0,5423877135843109; 0,5022232248447835; 0,9323801095597446; 0,6644245143979788; 0,6835891255177557; 0,6406103186309338; 0,8108172542415559; 0,84907550457865; 0,5405687405727804; 0,818538483697921; 0,5765666356310248
0,03175268937747444; 0,6403281409293413; 0,23690509516745806; 0,6924672569148242; 0,9275959925726056; 0,16799215786159039; 0,2218184624798596; 0,6419129138812423; 0,9962478308007121; 0,8492590254172683; 0,6604339168407023
0,18599050219788965; 0,6855149422772229; 0,0002483632415533066; 0,5692227585241199; 0,656278878916055; 0,9120801817625761; 0,42130537517368793; 0,2485086270608008; 0,5980942505411804; 0,5069998879916966; 0,2498305570334196
0,9111330866286187; 0,9519096161238849; 0,5603521396405995; 0,3538930416107178; 0,7611913266591728; 0,6985706989653409; 0,6458612135611475; 0,23316723108291626; 0,07517088344320655; 0,05385174322873354; 0,06559165613725781
0,5548014873077488; 0,6721076150424778; 0,30029787542298436; 0,03808557987213135; 0,3041129019111395; 0,6014029341749847; 0,8429113179445267; 0,1262306128628552; 0,7487078323028982; 0,5399798690341413; 0,07862126268446445
1,8691815415391586; 0,6949379201978445; 0,3325352524407208; 0,2441544937901199; 0,18211396457627416; 0,6423173346556723; 0,9694340792484581; 0,7531828135251999; 0,09258354362100363; 0,7667713146656752; 0,3569150432012975
0,22958098512395803; 0,11908078053966165; 0,5789297386072576; 0,03169088950380683; 0,6432059914804995; 0,35821637278422713; 0,41545735532417893; 0,5178172406740487; 0,4097562460228801; 0,5747296079061925; 0,13875414803624153
1,3230204048464187; 0,8542257342487574; 0,6104368176311255; 0,016269228421151638; 0,04891177546232939; 0,6397753125056624; 0,07641255343332887; 0,278119511436671; 0,3761536213569343; 0,5035158791579306; 0,9225377906113863
0,06633874798780581; 0,23609730321913958; 0,0032280455343425274; 0,7024405049160123; 0,020285161212086678; 0,7461030567064881; 0,13335091760382056; 0,038972553331404924; 0,5234569562599063; 0,2396723749116063; 0,01967047154903412
0,3393962953786007; 0,8671507891267538; 0,3135313941165805; 0,7095520705915987; 0,973141323775053; 0,7854547691531479; 0,5181199559010565; 0,098515585064888; 0,1228231256827712; 0,2918379679322243; 0,8227185788564384
-0,28673617390511347; 0,03498018067330122; 0,6157226990908384; 0,4720062781125307; 0,2736406777985394; 0,925325995311141; 0,4408313622698188; 0,6402390319854021; 0,5556838191114366; 0,44552625995129347; 0,8198520694859326
0,7752962514237498; 0,27816003607586026; 0,7643369678407907; 0,7527761575765908; 0,1174536133185029; 0,9499636315740645; 0,42857562424615026; 0,011420739348977804; 0,593471325468272; 0,8833098355680704; 0,21602653292939067
1,6200336598117788; 0,33986287377774715; 0,6755685755051672; 0,2950965338386595; 0,06841820618137717; 0,300193693023175; 0,4390948563814163; 0,37648869398981333; 0,43049697671085596; 0,9085715641267598; 0,8630199255421758
0,2076890109040216; 0,6890061339363456; 0,4686277713626623; 0,3727639876306057; 0,9602691433392465; 0,31528660748153925; 0,5991758084855974; 0,6780654112808406; 0,9707548748701811; 0,110072020906955; 0,5952818552032113
0,9031696581937956; 0,5956905982457101; 0,4775118986144662; 0,04325033305212855; 0,6950583038851619; 0,8188446299172938; 0,3551036911085248; 0,7647027452476323; 0,03658992797136307; 0,15436167549341917; 0,24189723888412118
0,5131468131305794; 0,8849158422090113; 0,021908148657530546; 0,015148609410971403; 0,3458242458291352; 0,9546467773616314; 0,17990340059623122; 0,1711568678729236; 0,2995709008537233; 0,6440890529192984; 0,9785723737441003
0,5072560342290571; 0,34183060517534614; 0,6194915613159537; 0,14014357700943947; 0,7705705431289971; 0,5124385487288237; 0,6657300586812198; 0,5398839898407459; 0,4354236666113138; 0,5811045062728226; 0,33267039339989424
0,2561338110596647; 0,4396090912632644; 0,6300455913878977; 0,18007950903847814; 0,20779655082151294; 0,08343737525865436; 0,8816740484908223; 0,014799129217863083; 0,6499515175819397; 0,3280898192897439; 0,09811130445450544
0,32477284142719764; 0,3343731160275638; 0,9162274273112416; 0,33300962671637535; 0,6337594925425947; 0,23814230179414153; 0,7263949206098914; 0,9260729951784015; 0,7461012504063547; 0,2045277776196599; 0,14692465355619788
0,17857743228220158; 0,3127331002615392; 0,9233007347211242; 0,029664198867976665; 0,7659102124162018; 0,9297164753079414; 0,9107260522432625; 0,18333752639591694; 0,4966513901017606; 0,620930821634829; 0,36203182814642787
0,49818088132468824; 0,04193148156628013; 0,31492273788899183; 0,39764399267733097; 0,2879754789173603; 0,6357792811468244; 0,022649073507636786; 0,2490974236279726; 0,6949035008437932; 0,00739255640655756; 0,40204535285010934
0,9270925569609678; 0,4999376959167421; 0,9027053881436586; 0,7657130630686879; 0,751483793836087; 0,38061243621632457; 0,2332842107862234; 0,8144063944928348; 0,09465350629761815; 0,03032421926036477; 0,9710782077163458
1,709204901983889; 0,8073229291476309; 0,06208044523373246; 0,07674214569851756; 0,18223711615428329; 0,516019846778363; 0,6830890900455415; 0,592751401476562; 0,5027489312924445; 0,7925661508925259; 0,5743931951001287
2,6876550203097564; 0,9439143217168748; 0,8126616696827114; 0,21834029629826546; 0,9973688623867929; 0,17515889648348093; 0,6625301260501146; 0,712201583199203; 0,8355134092271328; 0,2502953405492008; 0,20467389514669776
0,18562331510345867; 0,0807189829647541; 0,8793665170669556; 0,23047402268275619; 0,1383758489973843; 0,47022564709186554; 0,4072093009017408; 0,3194118137471378; 0,09039090853184462; 0,4202350890263915; 0,9561715214513242
1,8594548529547126; 0,5105379391461611; 0,5440508965402842; 0,2662829593755305; 0,5484032928943634; 0,6022146102041006; 0,1544662187807262; 0,23158535966649652; 0,5928346128202975; 0,35067190369591117; 0,15614530630409718
1,5967833674196048; 0,330795232206583; 0,8898897795006633; 0,5875955000519753; 0,4742315127514303; 0,35184066090732813; 0,7765030399896204; 0,20340722287073731; 0,4563269545324147; 0,7455773144029081; 0,24876346811652184
0,15157167116509812; 0,6012607961893082; 0,3846531119197607; 0,17902139713987708; 0,3925966084934771; 0,6104602180421352; 0,22891564667224884; 0,7070966875180602; 0,8490071594715118; 0,4855440715327859; 0,59191162744537
0,5410852755098725; 0,0013802493922412395; 0,1107769450172782; 0,01907135872170329; 0,6870732149109244; 0,48743113735690713; 0,7434878568165004; 0,7045364654622972; 0,2306313901208341; 0,018428155221045017; 0,0750700319185853
0,5160205069302239; 0,26258128974586725; 0,17616989370435476; 0,5810369434766471; 0,2244477323256433; 0,745893991086632; 0,35082414746284485; 0,2329290695488453; 0,6602606722153723; 0,5023391488939524; 0,6468493579886854
1,9056629487687933; 0,589569641277194; 0,038208337500691414; 0,2635623710229993; 0,35032540699467063; 0,7497506593354046; 0,9658545819111168; 0,4459493597969413; 0,3623300273902714; 0,6197922080755234; 0,47256060130894184
1,0743018164080647; 0,27359227603301406; 0,0930670453235507; 0,8639617199078202; 0,41299983533099294; 0,4980896352790296; 0,9382421462796628; 0,28281849529594183; 0,9520936775952578; 0,6024839663878083; 0,93507065391168
1,1568991611688317; 0,5632293475791812; 0,5069752354174852; 0,9748737714253366; 0,06753759272396564; 0,9996455982327461; 0,21828423161059618; 0,2719356706365943; 0,022242747712880373; 0,7414786932058632; 0,5029515558853745
1,5844877276058982; 0,1579310861416161; 0,6281227613799274; 0,5675830263644457; 0,1071923696435988; 0,26209048461169004; 0,5240625529550016; 0,4976203562691808; 0,8872753954492509; 0,3841652278788388; 0,6328878495842218
0,8628618702722883; 0,98581587895751; 0,2399489446543157; 0,6041676620952785; 0,11979279341176152; 0,06867041299119592; 0,2771632866933942; 0,5363025437109172; 0,7627928871661425; 0,44315204210579395; 0,5898950989358127
0,0844237217298659; 0,2749800640158355; 0,7186787161044776; 0,3326333351433277; 0,8447586386464536; 0,7186067490838468; 0,8545068171806633; 0,7036680313758552; 0,49011570354923606; 0,4976907749660313; 0,6362099852412939
1,7651692075953762; 0,04641422117128968; 0,7184651549905539; 0,5505828852765262; 0,8563400693237782; 0,8699659556150436; 0,012433862779289484; 0,09852403728291392; 0,045906894374638796; 0,39328922610729933; 0,06288870004937053
2,384669058389666; 0,8086865497753024; 0,7525367406196892; 0,8155919201672077; 0,04593476979061961; 0,9555161851458251; 0,016362734138965607; 0,5056398115120828; 0,6002113758586347; 0,5332290213555098; 0,05856532230973244
-0,32376835480022553; 0,013194900937378407; 0,6327346852049232; 0,14620508439838886; 0,8533470234833658; 0,8632731847465038; 0,6650493340566754; 0,8904984383843839; 0,622621881775558; 0,7245171312242746; 0,08967477781698108
0,8249349596148208; 0,28503572242334485; 0,9650306375697255; 0,5063523817807436; 0,18966475082561374; 0,7195266792550683; 0,18096312321722507; 0,6720319921150804; 0,9459560038521886; 0,8594333049841225; 0,43032121704891324
1,1025762151921166; 0,5686441236175597; 0,19717960059642792; 0,9381510610692203; 0,8257048949599266; 0,8388270582072437; 0,21389227826148272; 0,574610086157918; 0,29119449434801936; 0,46483371732756495; 0,2974049746990204
-0,29892139649437766; 0,07533659972250462; 0,015911349561065435; 0,5385227901861072; 0,814389537088573; 0,5369982291013002; 0,10878382343798876; 0,4624093850143254; 0,471620527561754; 0,20389019651338458; 0,8914655474945903
-0,050405942550858285; 0,5647524478845298; 0,03632205817848444; 0,6795281856320798; 0,9421145846135914; 0,9897445375099778; 0,5869413046166301; 0,5890622353181243; 0,0830049579963088; 0,09102294454351068; 0,5580562255345285
1,9472786675410338; 0,49466624669730663; 0,585799366235733; 0,9139713165350258; 0,5053823399357498; 0,926697688177228; 0,8065873747691512; 0,9670242643915117; 0,4514094227924943; 0,4990953248925507; 0,33408660162240267
1,8149866000648673; 0,8310445556417108; 0,8543220325373113; 0,5023584449663758; 0,8784874193370342; 0,8077073316089809; 0,7022613380104303; 0,9044339517131448; 0,1357616800814867; 0,7642800859175622; 0,2923748744651675
0,8317337040139923; 0,9186964128166437; 0,7655994449742138; 0,2471370860002935; 0,7372480458579957; 0,16998296789824963; 0,10865798778831959; 0,025559895671904087; 0,3482093499042094; 0,3268503784202039; 0,7538277413696051
0,9953659296122749; 0,6233044313266873; 0,8992883232422173; 0,8361920462921262; 0,7506505595520139; 0,8463480332866311; 0,5032662712037563; 0,8237507604062557; 0,2784797386266291; 0,8025616379454732; 0,9878785097971559
0,7351532947883995; 0,1464721029624343; 0,19415734196081758; 0,3467919463291764; 0,5319209028966725; 0,33241243101656437; 0,7788393036462367; 0,6410577762871981; 0,45067186979576945; 0,8790941066108644; 0,21339389635249972
0,32804714258765333; 0,43792888475582004; 0,9768654983490705; 0,47609391482546926; 0,2877686754800379; 0,8515043617226183; 0,7395148738287389; 0,8108143666759133; 0,8730999175459146; 0,9053341378457844; 0,8649688186123967
1,8610833176835344; 0,6191813633777201; 0,3517292425967753; 0,6362646040506661; 0,046395980287343264; 0,5066237519495189; 0,5541737335734069; 0,24381725722923875; 0,1928459363989532; 0,12985069723799825; 0,3720660428516567
1,786379812030237; 0,21598922740668058; 0,9574212883599102; 0,22955227782949805; 0,5961362365633249; 0,9617903768084943; 0,8101960709318519; 0,9181915200315416; 0,5702215051278472; 0,8501567430794239; 0,37253552535548806
1,4149722735264345; 0,7539765420369804; 0,5076596052385867; 0,2750843116082251; 0,915999498218298; 0,05575332650914788; 0,13001928525045514; 0,2240794813260436; 0,14730685716494918; 0,016058136243373156; 0,3857330125756562
1,8455539670970245; 0,6879823347553611; 0,23082534177228808; 0,8671036874875426; 0,26923963567242026; 0,032690605614334345; 0,5321677550673485; 0,5029526860453188; 0,6330978027544916; 0,3515192992053926; 0,1895018992945552
0,8891997341416527; 0,7373129627667367; 0,540790191385895; 0,22810502164065838; 0,07173653924837708; 0,6697367308661342; 0,6633242703974247; 0,7265873118303716; 0,2626868742518127; 0,46715512685477734; 0,6385698923841119
0,13344917617289442; 0,08126775827258825; 0,6751934457570314; 0,37624651566147804; 0,03822502074763179; 0,4523059716448188; 0,08457076316699386; 0,9748940099962056; 0,7263483596034348; 0,5959042985923588; 0,7436833437532187
1,1370623007674374; 0,8228626847267151; 0,8939547166228294; 0,08153920760378242; 0,7278314037248492; 0,3167677982710302; 0,39556775661185384; 0,5603318838402629; 0,6729205860756338; 0,2507579196244478; 0,23202228546142578
0,36978831883529956; 0,2318787518888712; 0,6977635738439858; 0,4961252370849252; 0,4216620000079274; 0,7003366807475686; 0,016843239776790142; 0,4165100045502186; 0,5663185627199709; 0,41144409077242017; 0,07745595695450902
1,4116161264518263; 0,477284527849406; 0,22487178817391396; 0,9501345581375062; 0,25537700671702623; 0,25297982385382056; 0,9432214563712478; 0,8847106210887432; 0,626096935942769; 0,9788687746040523; 0,7347380830906332
1,2211865418078183; 0,7393081672489643; 0,13878651382401586; 0,3807050082832575; 0,3837355659343302; 0,7685334160923958; 0,8563870168291032; 0,08433247217908502; 0,5853359391912818; 0,6467207362875342; 0,6246132641099393
1,6287000895534884; 0,2395574003458023; 0,4228776628151536; 0,6991482703015208; 0,0997636248357594; 0,720397662371397; 0,8472399292513728; 0,6932732379063964; 0,9703074754215777; 0,12188365217298269; 0,8889206722378731
1,1647902953504659; 0,5053618075326085; 0,28273396333679557; 0,7849328932352364; 0,6579882358200848; 0,8221038123592734; 0,56372504029423; 0,8243199996650219; 0,9532226268202066; 0,551325011998415; 0,6177948620170355
1,9399018482895731; 0,4719667169265449; 0,7470233645290136; 0,1820342717692256; 0,556404905859381; 0,3796471180394292; 0,22349285474047065; 0,8483526185154915; 0,8212489825673401; 0,2168763456866145; 0,7212444376200438
-0,457225157319346; 0,04742390988394618; 0,21037238603457808; 0,17156471777707338; 0,535741338506341; 0,6088740029372275; 0,46997370570898056; 0,057122123427689075; 0,7061071894131601; 0,8405107627622783; 0,17995245195925236
0,4430963434170111; 0,8595824800431728; 0,4488376616500318; 0,9763632942922413; 0,36593698896467686; 0,9290286721661687; 0,6534756044857204; 0,7826179089024663; 0,892656690441072; 0,6857763105072081; 0,349027706310153
0,19566534472878833; 0,36390087800100446; 0,5637323772534728; 0,2783573726192117; 0,8184235217049718; 0,7828436000272632; 0,8718283693306148; 0,5401667766273022; 0,4828776326030493; 0,9413933805190027; 0,686400652397424
0,2888999359465579; 0,40140739688649774; 0,9500865349546075; 0,9826492620632052; 0,9200617359019816; 0,5944321085698903; 0,6751975482329726; 0,13251626025885344; 0,5100794620811939; 0,4994288240559399; 0,1195507631637156
0,36600362547239174; 0,3578541986644268; 0,4907885198481381; 0,837395635433495; 0,12126496154814959; 0,6505105160176754; 0,9724828531034291; 0,8241361766122282; 0,5799100445583463; 0,04957256838679314; 0,3166309273801744
0,2147826589173053; 0,34093441581353545; 0,3940520859323442; 0,9319916111417115; 0,7947836662642658; 0,6506304619833827; 0,7764976476319134; 0,5666155274957418; 0,9240471734665334; 0,21247104089707136; 0,7081406186334789
0,25105294532699907; 0,28517537377774715; 0,8390095578506589; 0,7723969295620918; 0,2056175945326686; 0,4644753336906433; 0,9144046744331717; 0,9444478191435337; 0,8695700685493648; 0,589536418672651; 0,8076356784440577
-0,5617344173596461; 0,017176934983581305; 0,2338998094201088; 0,9457627758383751; 0,20572155667468905; 0,11058651097118855; 0,1262149945832789; 0,2475457675755024; 0,3585076401941478; 0,2412323676981032; 0,37821188382804394
1,9003718426979959; 0,6525556505657732; 0,7730813166126609; 0,9458538433536887; 0,0036904658190906048; 0,7819364983588457; 0,285232899710536; 0,6254618461243808; 0,1864695493131876; 0,5071267583407462; 0,8812379939481616
2,111116126128672; 0,6990855829790235; 0,4969524936750531; 0,4044760330580175; 0,25276521826162934; 0,28277853410691023; 0,9564800378866494; 0,8106092740781605; 0,14888333156704903; 0,31036948086693883; 0,3926675613038242
0,07327978016447229; 0,5404322766698897; 0,26644516875967383; 0,6614178260788321; 0,884747670032084; 0,6495844172313809; 0,2991634630598128; 0,44370278157293797; 0,39225324522703886; 0,6076379115693271; 0,4693730282597244
0,28736687975788877; 0,736092031467706; 0,5488379122689366; 0,40099525498226285; 0,34796940442174673; 0,38043888891115785; 0,9074244773946702; 0,6980106113478541; 0,30651254253461957; 0,050208845641463995; 0,5111480955965817
0,46417631681044663; 0,7178973047994077; 0,27179035311564803; 0,6072439062409103; 0,8014033902436495; 0,23399039451032877; 0,8749493849463761; 0,9023488843813539; 0,4279466588050127; 0,37594143813475966; 0,35762085672467947
0,4482442373347387; 0,7494186456315219; 0,7386871362105012; 0,19236974092200398; 0,01494164066389203; 0,4503447525203228; 0,10534162912517786; 0,8208774393424392; 0,2845049714669585; 0,46081562247127295; 0,8279139576479793
1,8236750283973429; 0,15670602209866047; 0,7915044515393674; 0,49591175746172667; 0,2348460229113698; 0,9836779003962874; 0,19118881039321423; 0,9308878313750029; 0,14613562682643533; 0,30210724333301187; 0,9449099502526224
0,8727189620053059; 0,4155553113669157; 0,0244638011790812; 0,9877349133603275; 0,12924522813409567; 0,2723816675134003; 0,34750582557171583; 0,26844390761107206; 0,8340900056064129; 0,2768460987135768; 0,6831508944742382
1,9345605540293875; 0,18433007271960378; 0,8016042578965425; 0,43849358707666397; 0,7882392248138785; 0,39204169204458594; 0,025223779026418924; 0,49855814687907696; 0,9050284684635699; 0,3933217003941536; 0,7926790853962302
2,016666559529426; 0,7195272799581289; 0,12728659203276038; 0,7504451381973922; 0,38847523648291826; 0,3004564163275063; 0,7622712780721486; 0,9157875748351216; 0,06686740787699819; 0,03265808615833521; 0,9187912959605455
0,4226980680292063; 0,5323699838481843; 0,407959365285933; 0,5115975607186556; 0,7765161520801485; 0,021277728956192732; 0,9251871635206044; 0,6839283700101078; 0,1535241212695837; 0,6875229314900935; 0,583921929821372
1,2847585574629696; 0,5820558713749051; 0,847099510487169; 0,39605406066402793; 0,1799460262991488; 0,7163105420768261; 0,7017329391092062; 0,7845482877455652; 0,38250031834468246; 0,8367960066534579; 0,258330374956131
-0,17018796414142184; 0,2956690960563719; 0,46565934643149376; 0,386778614949435; 0,18718846468254924; 0,8841139264404774; 0,24278519116342068; 0,26261050207540393; 0,19154154183343053; 0,4698366168886423; 0,4970040959306061
2,506810051206147; 0,9300778754986823; 0,5958253866992891; 0,8485957514494658; 0,48017520923167467; 0,34955762466415763; 0,504725600592792; 0,7096612527966499; 0,6612241719849408; 0,08341601630672812; 0,2219347101636231
0,9123829023486583; 0,9347305865958333; 0,4079581615515053; 0,6716662216931581; 0,09050026582553983; 0,6791578349657357; 0,7312736716121435; 0,5135134696029127; 0,7974476581439376; 0,5466742184944451; 0,5892629818990827
1,2512126997990656; 0,7204710408113897; 0,34975455375388265; 0,27291147178038955; 0,11278754658997059; 0,135793577414006; 0,21586595987901092; 0,6211398686282337; 0,49641446443274617; 0,27391381934285164; 0,4046000260859728
1,6449724160176458; 0,8758874945342541; 0,21432027593255043; 0,5382026238366961; 0,4428296689875424; 0,25042302533984184; 0,6076956731267273; 0,1867664773017168; 0,7080309488810599; 0,16037711733952165; 0,23448373936116695
2,049117088162098; 0,429506896995008; 0,828822179697454; 0,5613614083267748; 0,5418332712724805; 0,2764124101959169; 0,9993137423880398; 0,852753717917949; 0,9900363073684275; 0,6731745386496186; 0,796231193933636
0,03241145278876445; 0,3778621000237763; 0,017734418157488108; 0,006091360934078693; 0,3917624056339264; 0,8471326287835836; 0,5544987483881414; 0,9595343749970198; 0,7716446979902685; 0,9379016757011414; 0,8826163904741406
-0,13209654088938644; 0,21034510992467403; 0,6437396155670285; 0,5250985245220363; 0,9952633236534894; 0,009869735222309828; 0,7753041284158826; 0,15302761970087886; 0,5851002805866301; 0,6325475270859897; 0,7037161816842854
2,190023688967094; 0,9599713180214167; 0,15959204221144319; 0,9880759781226516; 0,4869198980741203; 0,5504088466987014; 0,4921449413523078; 0,08215166302397847; 0,3697754377499223; 0,9345521228387952; 0,4842598498798907
-0,22180033753780992; 0,31622368888929486; 0,26411079661920667; 0,3547027804888785; 0,883500742726028; 0,07569138379767537; 0,7159243184141815; 0,5110912136733532; 0,0338028883561492; 0,12019591964781284; 0,6192232663743198
0,585824929661304; 0,6664131432771683; 0,5995695516467094; 0,6866566124372184; 0,1041853022761643; 0,3755052858032286; 0,07106118183583021; 0,9717065128497779; 0,7351855761371553; 0,8343304819427431; 0,3075477909296751
2,3576685369894945; 0,7211338174529374; 0,6729191150516272; 0,7999213617295027; 0,3494268604554236; 0,005857094656676054; 0,5619865888729692; 0,4990827147848904; 0,5234613288193941; 0,4699099431745708; 0,016546042636036873
0,837691728245268; 0,3927532131783664; 0,9316219035536051; 0,9650614438578486; 0,06324375979602337; 0,18480621464550495; 0,21103884559124708; 0,6979910666123033; 0,15226959949359298; 0,44651531148701906; 0,43910390604287386
0,806556058191745; 0,7475472292862833; 0,2510377075523138; 0,27173676853999496; 0,48501196037977934; 0,2196229281835258; 0,34795721247792244; 0,5940157915465534; 0,6639764639548957; 0,3499870137311518; 0,6114094778895378
0,5769125596113749; 0,558085729368031; 0,9598936839029193; 0,41117118624970317; 0,8704676819033921; 0,6477918196469545; 0,5546023044735193; 0,9408543207682669; 0,5962938093580306; 0,5664332937449217; 0,8083545030094683
1,4997958156545266; 0,8775113471783698; 0,3012596112675965; 0,8229423491284251; 0,6191483289003372; 0,35271407617256045; 0,9225965244695544; 0,3632667725905776; 0,7809913908131421; 0,7788729090243578; 0,3147640749812126
0,7614387964485526; 0,959582329262048; 0,29146903194487095; 0,6783307055011392; 0,3741428218781948; 0,5709971287287772; 0,2094908021390438; 0,6258108140900731; 0,753968570381403; 0,20772541034966707; 0,03594651445746422
-0,12084019189459384; 0,00033979862928390503; 0,8764549433253706; 0,7455486147664487; 0,16081975540146232; 0,6041266485117376; 0,5005303388461471; 0,8616244066506624; 0,6839132211171091; 0,4579498339444399; 0,8887359094806015
2,081556924831905; 0,6446343511343002; 0,6773186270147562; 0,2200641925446689; 0,978554935194552; 0,40663563180714846; 0,8904044474475086; 0,41475215135142207; 0,5190078085288405; 0,15344719355925918; 0,2833788157440722
-0,005796044782273468; 0,29379979660734534; 0,13699916331097484; 0,27628193655982614; 0,3211902165785432; 0,6689821486361325; 0,10504877287894487; 0,5606396594084799; 0,06659819791093469; 0,6627024416811764; 0,5652480782009661
-0,35456131156169973; 0,1803024341352284; 0,35528011433780193; 0,7704172530211508; 0,9588411967270076; 0,5950575354509056; 0,37292734486982226; 0,29228011379018426; 0,04313864978030324; 0,24580670055001974; 0,6303673693910241
1,0694904866388155; 0,4908121363259852; 0,18724586395546794; 0,4759178454987705; 0,15566236525774002; 0,4561477256938815; 0,13180846394971013; 0,9638663181103766; 0,10698717087507248; 0,36778212152421474; 0,5578664792701602
1,2934310459842697; 0,530974536202848; 0,5063202907331288; 0,9065243564546108; 0,8964645061641932; 0,05433478392660618; 0,4907511514611542; 0,10156709980219603; 0,04289956158027053; 0,2511300821788609; 0,20080905919894576
1,7576505350453957; 0,1644493700005114; 0,9825874660164118; 0,916716449894011; 0,5954737546853721; 0,47017692402005196; 0,834647024050355; 0,3161063762381673; 0,30952809005975723; 0,8551379786804318; 0,3306372491642833
1,4490285908029295; 0,4013288663700223; 0,753840109333396; 0,28535831719636917; 0,2265064287930727; 0,7075937236659229; 0,6623559687286615; 0,5324248084798455; 0,3240009746514261; 0,7563990117050707; 0,9114221292547882
1,793555685134072; 0,027367241214960814; 0,8515245695598423; 0,01332631940022111; 0,49185195844620466; 0,4675296740606427; 0,26326725305989385; 0,04128864360973239; 0,15335618006065488; 0,8172508385032415; 0,7261668159626424
-0,3259625697527127; 0,24147992208600044; 0,036747150123119354; 0,39053556602448225; 0,9183542924001813; 0,35349552473053336; 0,0636401274241507; 0,6332721663638949; 0,5117924283258617; 0,17436707904562354; 0,4118225835263729
-0,0737454096346257; 0,23386620311066508; 0,6205921503715217; 0,6635038293898106; 0,6565731125883758; 0,3993386598303914; 0,005974407307803631; 0,44614655850455165; 0,45028173038735986; 0,7996734324842691; 0,9424189017154276
1,7008937743129953; 0,21476588491350412; 0,41283523105084896; 0,12207037955522537; 0,9845298673026264; 0,11029314203187823; 0,03528552129864693; 0,08737288787961006; 0,7335337963886559; 0,27476981608197093; 0,054005528800189495
1,0533872777185334; 0,9175576320849359; 0,08653655415400863; 0,9181014960631728; 0,4853363181464374; 0,7438354827463627; 0,5760031845420599; 0,23550611548125744; 0,7224241341464221; 0,39950696751475334; 0,32630834355950356
-0,07773022475938535; 0,2486624103039503; 0,004577013198286295; 0,338114770129323; 0,26023576967418194; 0,24994364473968744; 0,37947722245007753; 0,2580049652606249; 0,9623333211056888; 0,16428386373445392; 0,3798074722290039
-0,22806949658506048; 0,28114545019343495; 0,41504195192828774; 0,20749357994645834; 0,5512200105004013; 0,008860813919454813; 0,4137678202241659; 0,6848341869190335; 0,7663570865988731; 0,8860299466177821; 0,9324185843579471
0,9161644706093118; 0,7953818342648447; 0,44471903098747134; 0,01809134753420949; 0,4910566848702729; 0,27429055562242866; 0,9982607932761312; 0,9617554703727365; 0,1423705155029893; 0,8613853068090975; 0,32674465188756585
0,9547771560506947; 0,03150886669754982; 0,7458939370699227; 0,49332847259938717; 0,007270414847880602; 0,5585273536853492; 0,652787153609097; 0,559774735942483; 0,4286124692298472; 0,24660656321793795; 0,437674927059561
1,6978639574201755; 0,580308751668781; 0,20618548756465316; 0,027440205216407776; 0,17799051385372877; 0,7503912793472409; 0,6882747267372906; 0,5217755935154855; 0,18704929947853088; 0,1360232187435031; 0,023079372942447662
-0,4235934258617254; 0,09680363116785884; 0,1431005299091339; 0,5804247823543847; 0,8281683488748968; 0,5484858616255224; 0,7191616869531572; 0,5940362885594368; 0,35315796779468656; 0,6066857967525721; 0,9606546452268958
2,2725203392279805; 0,984018333721906; 0,8940766011364758; 0,0014315219596028328; 0,6234908150509; 0,12808909732848406; 0,8339701914228499; 0,2316228225827217; 0,3022652203217149; 0,24334543524309993; 0,07240917859598994
1,2790813083391117; 0,4558955868706107; 0,2014862704090774; 0,32680241018533707; 0,03995768027380109; 0,8271918990649283; 0,2659363797865808; 0,364029788877815; 0,5097933318465948; 0,2785531380213797; 0,6288570193573833
2,0962250948420653; 0,45476807886734605; 0,9721769723109901; 0,7715437510050833; 0,5079606883227825; 0,6688424209132791; 0,34225340420380235; 0,5503839938901365; 0,26395086850970984; 0,1397127159871161; 0,6083268453367054
1,224617063830261; 0,2197994263842702; 0,9072684291750193; 0,9149104608222842; 0,6669043055735528; 0,7063480508513749; 0,28368192119523883; 0,11885257484391332; 0,3916153619065881; 0,2868709242902696; 0,9818477085791528
0,4966677366265635; 0,5536418333649635; 0,9322043852880597; 0,14411420188844204; 0,04858222510665655; 0,352657625451684; 0,5770346163772047; 0,5743016828782856; 0,8751527955755591; 0,5195458419620991; 0,8231900734826922
2,0532697108595586; 0,41593449702486396; 0,8549109227024019; 0,3515563476830721; 0,43689678190276027; 0,814131329767406; 0,8133755228482187; 0,4556538909673691; 0,8454108228906989; 0,37024535704404116; 0,27314201230183244
1,2050807643828352; 0,1164289889857173; 0,6353100086562335; 0,7432349901646376; 0,619578855112195; 0,9431017627939582; 0,30509309144690633; 0,8356106234714389; 0,6828489229083061; 0,1514629852026701; 0,7378516397438943
0,19698953995096222; 0,23473225999623537; 0,9196921344846487; 0,9945614505559206; 0,3597547197714448; 0,8584953085519373; 0,7122602411545813; 0,5832112273201346; 0,06194552453234792; 0,9032772914506495; 0,8909876812249422
1,3631276989946968; 0,10157229052856565; 0,7822579313069582; 0,7734473655000329; 0,6149144191294909; 0,5091350865550339; 0,3544752071611583; 0,5988980103284121; 0,3622923572547734; 0,41681074211373925; 0,7802679240703583
1,8548178839672094; 0,831890172790736; 0,44296148465946317; 0,7295744265429676; 0,5053170183673501; 0,8896567672491074; 0,7407118543051183; 0,1751436199992895; 0,30979521991685033; 0,6610051356256008; 0,936418975237757
1,8595066719949123; 0,45020533772185445; 0,2885446036234498; 0,36697768000885844; 0,477888192050159; 0,05129761528223753; 0,7080000941641629; 0,4765498423948884; 0,7048335350118577; 0,7185784205794334; 0,9704810646362603
1,0709791148794372; 0,47393636824563146; 0,7000131472013891; 0,6400455832481384; 0,8136455961503088; 0,21423389110714197; 0,14650698890909553; 0,3361908681690693; 0,8683476285077631; 0,15674865944311023; 0,02473033731803298
0,29129049744156793; 0,8291076547466218; 0,4162575495429337; 0,27714310633018613; 0,8977736309170723; 0,1970656798221171; 0,1494112415239215; 0,9641571864485741; 0,6940978104248643; 0,07928649242967367; 0,7975782174617052
0,3674273269020366; 0,6390508962795138; 0,5634337211959064; 0,8943084091879427; 0,35088644037023187; 0,24061608174815774; 0,27081976598128676; 0,1713900533504784; 0,9315650733187795; 0,10559681477025151; 0,9852199265733361
1,3045875101595814; 0,840861817356199; 0,8805574416182935; 0,7191287381574512; 0,9983740942552686; 0,23766746930778027; 0,7364516560919583; 0,7597534982487559; 0,5905899270437658; 0,08334674639627337; 0,9136705691926181
0,8488530948658874; 0,8243238092400134; 0,7619653292931616; 0,39965927973389626; 0,7419278034940362; 0,3480365313589573; 0,10568097978830338; 0,9850402628071606; 0,21422452293336391; 0,6609111870639026; 0,8595874793827534
1,7590640519308587; 0,4894504309631884; 0,9386990368366241; 0,8225231016986072; 0,38001837208867073; 0,4760924382135272; 0,9865608522668481; 0,6629370162263513; 0,5577707588672638; 0,9993608379736543; 0,4721055463887751
0,10286668179693442; 0,3812484871596098; 0,7423373819328845; 0,9432055209763348; 0,3410102385096252; 0,97841840935871; 0,04327584244310856; 0,33364632399752736; 0,380892735440284; 0,3429439766332507; 0,986149943433702
2,2841208654322034; 0,9053582642227411; 0,587081185542047; 0,5972603829577565; 0,7747849985025823; 0,04759433353319764; 0,801677830517292; 0,3907432770356536; 0,3755122357979417; 0,08338773204013705; 0,056275290902704
0,48627665746542226; 0,32896673819050193; 0,2263984577730298; 0,9191967248916626; 0,6406843890435994; 0,2833489174954593; 0,8440275574102998; 0,6952353632077575; 0,04054566938430071; 0,06060276785865426; 0,2787637705914676
1,041002566353657; 0,12621133588254452; 0,1355924136005342; 0,19303301768377423; 0,6207184526138008; 0,7691297028213739; 0,33877415116876364; 0,20049756113439798; 0,5866262963972986; 0,4935362981632352; 0,9033344248309731
0,07834791817786885; 0,29603923251852393; 0,7040335452184081; 0,0389104806818068; 0,9109002789482474; 0,9147175378166139; 0,5085444012656808; 0,23114042403176427; 0,32968164421617985; 0,9086315813474357; 0,08185457019135356
0,7448473230600636; 0,3072199276648462; 0,17002664087340236; 0,13550585228949785; 0,5807661688886583; 0,9602260407991707; 0,9088062667287886; 0,30722235329449177; 0,7003884194418788; 0,7973548676818609; 0,09893819829449058
2,0806003035226235; 0,40017743268981576; 0,694681107532233; 0,5289413738064468; 0,24453693395480514; 0,7818033564835787; 0,8007844304665923; 0,05943647399544716; 0,9984139073640108; 0,08313250169157982; 0,8444570787250996
1,5941924026670804; 0,4315674896351993; 0,31913201231509447; 0,02321176789700985; 0,6865746006369591; 0,09632060723379254; 0,8624868988990784; 0,3127504410222173; 0,8933874098584056; 0,7499298970215023; 0,2391931302845478
0,9417639773351362; 0,9363623284734786; 0,6328275259584188; 0,7798095978796482; 0,14233287936076522; 0,37925659492611885; 0,7707980773411691; 0,06215610867366195; 0,33480922132730484; 0,5111204204149544; 0,8748808824457228
1,1901395249138613; 0,6089872578158975; 0,4990296415053308; 0,22683209273964167; 0,14251099061220884; 0,544988352805376; 0,966677840333432; 0,25596323935315013; 0,7257162281312048; 0,06736918352544308; 0,15586214186623693
0,044449381229043516; 0,3140256474725902; 0,6761708334088326; 0,2659532427787781; 0,3409261303022504; 0,09586016414687037; 0,4714923552237451; 0,5677218739874661; 0,9376598414964974; 0,7329026549123228; 0,37112088734284043
2,298749377366047; 0,494925856590271; 0,8665690151974559; 0,6059332271106541; 0,7908448642119765; 0,18583125714212656; 0,28368915896862745; 0,1266484623774886; 0,3009652872569859; 0,9657754087820649; 0,253035050816834
-0,5984572985753932; 0,00265597365796566; 0,1794777773320675; 0,20173658523708582; 0,27016787277534604; 0,20913025364279747; 0,542229738086462; 0,5640137973241508; 0,5957698915153742; 0,8752373619936407; 0,09274143865332007
0,20990439021851137; 0,6249605328775942; 0,14361567329615355; 0,7231764970347285; 0,25143984518945217; 0,20546716079115868; 0,057021964341402054; 0,6516325599513948; 0,08534949459135532; 0,919080994091928; 0,13659397326409817
1,72103377055545; 0,055340894497931004; 0,8148581529967487; 0,4897002847865224; 0,8814030485227704; 0,7197392410598695; 0,7364423261024058; 0,15519072115421295; 0,8591170837171376; 0,39728750567883253; 0,8844526805914938
0,16483017834061092; 0,06837160559371114; 0,6954927388578653; 0,4469850747846067; 0,7942214561626315; 0,8659146968275309; 0,18830044427886605; 0,18234984343871474; 0,45460051065310836; 0,8002077504061162; 0,37433500634506345
1,385149498862145; 0,011519537307322025; 0,4470846909098327; 0,4253535410389304; 0,5686207171529531; 0,01746557606384158; 0,8397920154966414; 0,6471803747117519; 0,738782717846334; 0,48591615445911884; 0,3058452014811337
-0,06720095253933667; 0,5304031460545957; 0,23721914691850543; 0,4122507721185684; 0,4732984146103263; 0,727054778020829; 0,32939887046813965; 0,46428832737728953; 0,3728907769545913; 0,9060958507470787; 0,15834178309887648
1,161131083775647; 0,5125244394876063; 0,4476416939869523; 0,22674402128905058; 0,35669988906010985; 0,4967158050276339; 0,7819364885799587; 0,6773873385973275; 0,4477445534430444; 0,2916919612325728; 0,8936396269127727
0,5658245705527185; 0,008882103022187948; 0,5401656911708415; 0,6380049125291407; 0,41726509761065245; 0,3452591095119715; 0,5683819209225476; 0,5645441901870072; 0,4556372119113803; 0,2333448207937181; 0,6306973788887262
0,07432538461864643; 0,12086550565436482; 0,3090105806477368; 0,592238134238869; 0,6169834067113698; 0,04590716678649187; 0,6240903767757118; 0,9314050576649606; 0,9041166575625539; 0,9107731496915221; 0,33314132038503885
0,1258424809099135; 0,2467730427160859; 0,47506550792604685; 0,8220386966131628; 0,7610809174366295; 0,5957741532474756; 0,05729346536099911; 0,33408634969964623; 0,15509457746520638; 0,604251713026315; 0,76179373357445
0,10427749108033202; 0,6389844864606857; 0,1508246730081737; 0,241623364854604; 0,8492983630858362; 0,8480460359714925; 0,1125506293028593; 0,9759203693829477; 0,4913826482370496; 0,4086237736046314; 0,9537088656798005
0,18565845405339965; 0,6365302009508014; 0,5160177811048925; 0,19428521487861872; 0,9658482046797872; 0,7838287027552724; 0,5042531588114798; 0,33237966895103455; 0,6765338564291596; 0,1364333126693964; 0,0905507025308907
0,7163185484016805; 0,9588485364802182; 0,8279543803073466; 0,6016895859502256; 0,9996037520468235; 0,6995335756801069; 0,7739092106930912; 0,11888292385265231; 0,8125925757922232; 0,7775193070992827; 0,9664908261038363
0,06707218798749126; 0,5683831656351686; 0,44504281831905246; 0,9197424347512424; 0,2587547549046576; 0,8724460392259061; 0,8639880754053593; 0,5936772539280355; 0,22817465709522367; 0,13219706853851676; 0,5576595510356128
1,286072809348849; 0,7526242681778967; 0,7130280607379973; 0,16632343968376517; 0,699154413305223; 0,17212113784626126; 0,8258353830315173; 0,34796349238604307; 0,21007908741012216; 0,5955594293773174; 0,01598128816112876
1,789521098488748; 0,9880081960000098; 0,956304379273206; 0,8481985097751021; 0,40341188525781035; 0,9177760551683605; 0,6122468817047775; 0,34799404721707106; 0,05868318863213062; 0,49411546252667904; 0,008027880918234587
1,3856569234729923; 0,9176398627460003; 0,789706377312541; 0,27767959143966436; 0,2050954131409526; 0,5518139223568141; 0,09133860375732183; 0,8811522754840553; 0,860351410228759; 0,29892843728885055; 0,3291677264496684
1,5343276439463271; 0,17283807881176472; 0,05774887278676033; 0,4634048556908965; 0,0005397615022957325; 0,8326255758292973; 0,6237646914087236; 0,894276681356132; 0,9928510738536716; 0,11508368887007236; 0,9781702780164778
0,3118709143066758; 0,39282366493716836; 0,7577177938073874; 0,42915377393364906; 0,8631095397286117; 0,21965456288307905; 0,2132247146219015; 0,6987566868774593; 0,7913419832475483; 0,16033989656716585; 0,6920254249125719
-0,07951634826566403; 0,06165663618594408; 0,434193036518991; 0,14908635709434748; 0,8255614107474685; 0,5976679231971502; 0,7978555564768612; 0,7428096625953913; 0,8276868420653045; 0,3022813368588686; 0,5115421833470464
0,5493859459148103; 0,4768964210525155; 0,6971503384411335; 0,9267473723739386; 0,8028445853851736; 0,09506065770983696; 0,4133740128017962; 0,4940913561731577; 0,5421073827892542; 0,2384722614660859; 0,7623353111557662
1,7727909259039623; 0,35509697487577796; 0,9255966912023723; 0,709035336971283; 0,20474341651424766; 0,3281167889945209; 0,1260321605950594; 0,5579803339205682; 0,9193909117020667; 0,2606796156615019; 0,49956221925094724
-0,024452471584895386; 0,30616279412060976; 0,2993168272078037; 0,8192083002068102; 0,7042769603431225; 0,992591701913625; 0,7023676163516939; 0,8672119765542448; 0,1926403734833002; 0,11542290728539228; 0,8610011576674879
0,49598506160509775; 0,06025647511705756; 0,7207516734488308; 0,7799123907461762; 0,30799994338303804; 0,14993527112528682; 0,5281489561311901; 0,014352689031511545; 0,5170802171342075; 0,7003340576775372; 0,5720830261707306
0,5282894811749905; 0,9543252685107291; 0,5453599360771477; 0,4436104753986001; 0,2639504964463413; 0,7581284563057125; 0,6769675486721098; 0,37319814832881093; 0,558013069909066; 0,9103426071815193; 0,1580714308656752
1,3649254474521422; 0,2251265081577003; 0,47544988710433245; 0,9395735585130751; 0,38901276094838977; 0,3325394964776933; 0,5858906251378357; 0,35767794074490666; 0,5407606866210699; 0,8296959167346358; 0,6504538650624454
1,8553281375731727; 0,4825682872906327; 0,5400393172167242; 0,4115293323993683; 0,9355091154575348; 0,8476606425829232; 0,3277590796351433; 0,9607438966631889; 0,9637698139995337; 0,17649965826421976; 0,2498146677389741
0,9543180164874481; 0,3166541429236531; 0,41554461792111397; 0,2450666604563594; 0,6220004418864846; 0,3087769318372011; 0,17188685201108456; 0,9644344905391335; 0,7022131434641778; 0,6129978238604963; 0,7146196151152253
0,49224063926881595; 0,412687283474952; 0,9809489017352462; 0,05228795204311609; 0,19071174459531903; 0,4640720942988992; 0,46262306487187743; 0,43320220708847046; 0,8025840264745057; 0,8194724740460515; 0,8285518502816558
1,573603350408276; 0,5316454488784075; 0,9540875358507037; 0,3865359900519252; 0,4108697078190744; 0,18023942783474922; 0,13944630604237318; 0,8775994223542511; 0,9944624081254005; 0,9409327525645494; 0,2729789298027754
0,6948681495750589; 0,9614450400695205; 0,6302382606081665; 0,34180879313498735; 0,11219294695183635; 0,8769104718230665; 0,9820880433544517; 0,6699958299286664; 0,45141423493623734; 0,48181475372985005; 0,8178781033493578
-0,14583221859357115; 0,36596523132175207; 0,31734769279137254; 0,915753809735179; 0,22437495226040483; 0,10864279326051474; 0,6553865554742515; 0,22873874567449093; 0,5248110257089138; 0,10957695636898279; 0,5042809885926545
2,3349292602741283; 0,8091232902370393; 0,5984103456139565; 0,9283988396637142; 0,6584287523292005; 0,45250673685222864; 0,37758558709174395; 0,8200349966064095; 0,058453971054404974; 0,774223396088928; 0,9263681038282812
0,3374921068487127; 0,32408093428239226; 0,9182030279189348; 0,6892078216187656; 0,4344668351113796; 0,5452283336780965; 0,1088679670356214; 0,8324884469620883; 0,450162744615227; 0,34446420473977923; 0,7039607632905245
1,6460955058788094; 0,5571648604236543; 0,07395496685057878; 0,24067439325153828; 0,2481449074111879; 0,6382119418121874; 0,7709296094253659; 0,12374906986951828; 0,07130578113719821; 0,7473400025628507; 0,6531792199239135
1,1501940699476663; 0,7844291846267879; 0,8214136552996933; 0,8761992529034615; 0,9392025964334607; 0,727464537601918; 0,162880539894104; 0,7408709856681526; 0,1950141699053347; 0,3255757773295045; 0,9298046687617898
-0,1433096498930383; 0,11954052792862058; 0,29960339702665806; 0,8477636324241757; 0,04586738254874945; 0,7705499483272433; 0,12252146797254682; 0,9959631534293294; 0,10195086896419525; 0,7875904915854335; 0,22938223835080862
1,9889611673330971; 0,49434543726965785; 0,6869463501498103; 0,6027796631678939; 0,40358344512060285; 0,45179381826892495; 0,002858792431652546; 0,8953259722329676; 0,04490107670426369; 0,2458521774969995; 0,89559326460585
0,9593592041228232; 0,6274088583886623; 0,36727218702435493; 0,879191673360765; 0,157524686306715; 0,40014094626531005; 0,08005905291065574; 0,377870574593544; 0,8284642654471099; 0,8065532092005014; 0,17930521443486214
0,45348566844222815; 0,679098698310554; 0,7830485445447266; 0,8289902172982693; 0,809914548881352; 0,6587683097459376; 0,8057089415378869; 0,8748224955052137; 0,6431182315573096; 0,14391321130096912; 0,9874876737594604
1,8798081627961982; 0,5065522184595466; 0,2445446364581585; 0,625647415407002; 0,014444123487919569; 0,9093423564918339; 0,021179553121328354; 0,9642875352874398; 0,3793819760903716; 0,8598802024498582; 0,7188686178997159
-0,07955713096303163; 0,572584449313581; 0,0409153844229877; 0,8723684954456985; 0,34720994299277663; 0,4234064114280045; 0,6784329409711063; 0,933230287861079; 0,6260624239221215; 0,9356991392560303; 0,1790830292738974
1,2689076962002293; 0,515367615967989; 0,055233994498848915; 0,6869930373504758; 0,25776940351352096; 0,733984274789691; 0,6691936245188117; 0,9487893814221025; 0,35866953851655126; 0,8226704718545079; 0,9835858489386737
0,06431527932585768; 0,08643602533265948; 0,7579068010672927; 0,7689784318208694; 0,3664536690339446; 0,3071712478995323; 0,7388834594748914; 0,6554615660570562; 0,5210536667145789; 0,86197679489851; 0,35816015768796206
0,2826094881476823; 0,6176053881645203; 0,018747909925878048; 0,5506853028200567; 0,3340439382009208; 0,06551442202180624; 0,43806883320212364; 0,19213323015719652; 0,4838359523564577; 0,2784619187004864; 0,11349049862474203
0,13292851779289017; 0,3175599304959178; 0,8063337206840515; 0,7580849137157202; 0,702515471726656; 0,7471079742535949; 0,18604760384187102; 0,3835304006934166; 0,06997844390571117; 0,7372180256061256; 0,5808870303444564
1,152106138812702; 0,5581580298021436; 0,8108469643630087; 0,6282899053767323; 0,6104631540365517; 0,03808592213317752; 0,35223024152219296; 0,2743510496802628; 0,8764029084704816; 0,09349831100553274; 0,0774953649379313
0,6772515769665977; 0,5449713235720992; 0,7084990018047392; 0,8747331113554537; 0,47457508370280266; 0,9199293772689998; 0,3743118057027459; 0,9590647197328508; 0,38834033673629165; 0,5465799886733294; 0,26474947994574904
1,1855508040931242; 0,6152953081764281; 0,6795272659510374; 0,2603030437603593; 0,21061707474291325; 0,7113185785710812; 0,6917472304776311; 0,9147505112923682; 0,5299454792402685; 0,9610611931420863; 0,956421775277704
1,4977185932299717; 0,46387937664985657; 0,6473364341072738; 0,0734992865473032; 0,14956523338332772; 0,33834294928237796; 0,298952572979033; 0,8477733442559838; 0,6929726391099393; 0,0445154532790184; 0,02685242472216487
0,5187754312338693; 0,888061716221273; 0,40051003685221076; 0,27795675629749894; 0,7437744280323386; 0,613444637041539; 0,7668204926885664; 0,7578783901408315; 0,24053769744932652; 0,9608231596648693; 0,26086521428078413
0,5014004204798745; 0,6392711885273457; 0,006124909035861492; 0,1927119749598205; 0,1957938801497221; 0,6644266499206424; 0,12590460572391748; 0,735844153445214; 0,44849286740645766; 0,403200282715261; 0,6161973155103624
1,8611378777102476; 0,13334958022460341; 0,825917636975646; 0,4604591750539839; 0,06593933189287782; 0,1657152329571545; 0,5082736015319824; 0,9519963110797107; 0,9121073232963681; 0,6322240065783262; 0,8220918611623347
1,0606581883312698; 0,5692898472771049; 0,5281986226327717; 0,9296601158566773; 0,6019566566683352; 0,9258835460059345; 0,6652005263604224; 0,7111263023689389; 0,8863498293794692; 0,2327889008447528; 0,7677481137216091
0,9503816944631247; 0,06907773250713944; 0,8007950312457979; 0,21115722274407744; 0,6641745427623391; 0,7592950933612883; 0,0334834991954267; 0,30437782127410173; 0,8623420880176127; 0,08651914075016975; 0,5500658815726638
1,4075616363959211; 0,6153767048381269; 0,3247009846381843; 0,4567543347366154; 0,44055434223264456; 0,6485815495252609; 0,03682359401136637; 0,0753738060593605; 0,14027269883081317; 0,8067962271161377; 0,674547687638551
2,03956788350623; 0,8837786773219705; 0,5272516468539834; 0,09558642888441682; 0,7978618363849819; 0,8355935444124043; 0,6169409034773707; 0,2797302193939686; 0,5565042868256569; 0,0651115421205759; 0,9455840005539358
1,7938027346823369; 0,3363608089275658; 0,3823159635066986; 0,16037796158343554; 0,32902624644339085; 0,8682367317378521; 0,2682799128815532; 0,09673702949658036; 0,5858026244677603; 0,4231265722773969; 0,2779052252881229
-0,22944685916741106; 0,257591397035867; 0,4272965150885284; 0,5698552466928959; 0,9451958183199167; 0,2414562269113958; 0,2955802190117538; 0,7951070223934948; 0,971008911728859; 0,2710492736659944; 0,34356140345335007
1,6743536406930828; 0,9913180726580322; 0,6459020739421248; 0,9786003110930324; 0,1939085046760738; 0,9552366696298122; 0,6212867968715727; 0,28213083976879716; 0,4036080162040889; 0,7514743893407285; 0,2290108255110681
1,0748217078218203; 0,7492132564075291; 0,30752239702269435; 0,5395079734735191; 0,6958735208027065; 0,43240331672132015; 0,936610883101821; 0,5515949982218444; 0,09630534844473004; 0,9693756299093366; 0,234229635912925
1,0687399005482465; 0,11437869211658835; 0,24411883438006043; 0,5620898194611073; 0,028609839733690023; 0,14586080750450492; 0,9313989439979196; 0,2880972186103463; 0,8468229924328625; 0,2697758707217872; 0,16902469843626022
0,513827554993342; 0,40288742259144783; 0,9584209029562771; 0,19064547820016742; 0,19956657756119967; 0,2862227871082723; 0,3931732880882919; 0,14468510076403618; 0,6319132107309997; 0,7765307435765862; 0,6024226848967373
0,8750098134755213; 0,9333244785666466; 0,4028531131334603; 0,9598541134037077; 0,6763350181281567; 0,18953086016699672; 0,3662988832220435; 0,43629465252161026; 0,8762144548818469; 0,9690479864366353; 0,5419657970778644
0,28634373510452477; 0,4292894471436739; 0,9396956968121231; 0,5850126915611327; 0,9225514214485884; 0,6866061454638839; 0,1324506620876491; 0,6856646602973342; 0,1309598684310913; 0,646905907895416; 0,7748193410225213
-0,24560662611998552; 0,33422332908958197; 0,25653093168511987; 0,21994211338460445; 0,1698776027187705; 0,014125639107078314; 0,1329186325892806; 0,418021940626204; 0,6580217331647873; 0,28077504877001047; 0,3255520947277546
1,251943353565056; 0,1358637516386807; 0,16548901936039329; 0,41408694302663207; 0,5144052146933973; 0,6204607160761952; 0,3735719257965684; 0,21907950472086668; 0,2299391902051866; 0,06339469412341714; 0,36552511528134346
0,499497804028059; 0,7844702429138124; 0,09578598290681839; 0,8609804045408964; 0,09499346651136875; 0,28331392584368587; 0,48145781084895134; 0,9299001744948328; 0,4887760882265866; 0,06156560638919473; 0,44705762760713696
2,0965653358311185; 0,9511507437564433; 0,5481060389429331; 0,5842336737550795; 0,45681256521493196; 0,44683061446994543; 0,4778064163401723; 0,42338041635230184; 0,5788902714848518; 0,9915336682461202; 0,044332887046039104
0,090158251355139; 0,44542649667710066; 0,4610802405513823; 0,1356889964081347; 0,8831603317521513; 0,6703517697751522; 0,5878875707276165; 0,31288419757038355; 0,019631838891655207; 0,30743246665224433; 0,15530634997412562
0,3152394921694488; 0,7428659270517528; 0,5572469248436391; 0,37065016478300095; 0,4114855104126036; 0,7034613471478224; 0,026898857206106186; 0,3091825917363167; 0,6183213447220623; 0,6018060576170683; 0,5400819699279964
2,0981993395399554; 0,9439538791775703; 0,23569742031395435; 0,8439505724236369; 0,2721728039905429; 0,5136254164390266; 0,04283216642215848; 0,7280796514824033; 0,5861266423016787; 0,951906890142709; 0,25222172820940614
1,2336540425206928; 0,8798723295331001; 0,08173080766573548; 0,4001861992292106; 0,6679095104336739; 0,6888716849498451; 0,7801568172872066; 0,20669610099866986; 0,4987371265888214; 0,006406303029507399; 0,022541966289281845
1,1957342335205006; 0,37895142706111073; 0,46236493764445186; 0,4115921212360263; 0,27660020999610424; 0,1878150231204927; 0,6706582098267972; 0,20203758869320154; 0,056167352478951216; 0,6046267822384834; 0,6967190313152969
-0,29128373784563627; 0,2693022033199668; 0,2979698716662824; 0,5693723326548934; 0,7602555952034891; 0,0018615801818668842; 0,450325979385525; 0,9418455539271235; 0,19769636262208223; 0,8836588831618428; 0,8351098764687777
0,09453705551252434; 0,7600114694796503; 0,06268255645409226; 0,2884929124265909; 0,8266448732465506; 0,5650652535259724; 0,8724682722240686; 0,2627468854188919; 0,3985169264487922; 0,71709841536358; 0,7202681330963969
1,5410231478665781; 0,876743383705616; 0,6820788914337754; 0,5283025442622602; 0,14475107612088323; 0,33604948641732335; 0,1097373622469604; 0,42956214724108577; 0,2341224984265864; 0,3367006671614945; 0,9667822541669011
1,315026466887333; 0,14496207516640425; 0,3913408345542848; 0,635810520965606; 0,6792267682030797; 0,4134728815406561; 0,47914576809853315; 0,9775332659482956; 0,3478469764813781; 0,9830460990779102; 0,7942077466286719
2,5353553486814553; 0,7992914239875972; 0,962252143304795; 0,2891809572465718; 0,037161747459322214; 0,217859024181962; 0,4397728010080755; 0,01947134081274271; 0,09022491751238704; 0,051166131626814604; 0,8584111388772726
0,8504344720406716; 0,24730823701247573; 0,9348271624185145; 0,16511256387457252; 0,9685293068177998; 0,7041074065491557; 0,866465135011822; 0,812770830001682; 0,6711505795828998; 0,11413200432434678; 0,26944060204550624
1,235366828351843; 0,09876107983291149; 0,21299669705331326; 0,582402799744159; 0,00023981183767318726; 0,35208554519340396; 0,3563426621258259; 0,04972004424780607; 0,439259628765285; 0,21925277495756745; 0,6626914874650538
1,0075335772859355; 0,46234166249632835; 0,6143916039727628; 0,639876218046993; 0,22951651783660054; 0,6724286745302379; 0,4631789792329073; 0,636300340294838; 0,5852437107823789; 0,1062078014947474; 0,9782307855784893
1,6758572574747184; 0,4909320268779993; 0,48925188230350614; 0,8981669917702675; 0,45987564139068127; 0,39359796745702624; 0,8968590218573809; 0,4484267155639827; 0,8304336569271982; 0,6507417252287269; 0,5283536859788001
0,4759172396312955; 0,5825601951219141; 0,9833634914830327; 0,8951385235413909; 0,4513637078925967; 0,9472592687234282; 0,896387976128608; 0,24963160883635283; 0,1598978671245277; 0,1492397920228541; 0,05884566530585289
1,4432074918950604; 0,05537439975887537; 0,3675844627432525; 0,8595863175578415; 0,3418848291039467; 0,19111455604434013; 0,7437698058784008; 0,04715033760294318; 0,46074590226635337; 0,1341820009984076; 0,6295187850482762
0,8064119772198952; 0,2382413656450808; 0,8219659035094082; 0,24942846316844225; 0,8719418849796057; 0,03533886885270476; 0,7189186359755695; 0,3218318298459053; 0,19380667060613632; 0,40427617775276303; 0,5272860485129058
1,6435896031466046; 0,7861389820463955; 0,07234481582418084; 0,5051249703392386; 0,9000841518864036; 0,17526036594063044; 0,09337007347494364; 0,9126395941711962; 0,31301227770745754; 0,5774889225140214; 0,7375709866173565
1,4467240720466443; 0,25566802453249693; 0,11173404939472675; 0,23801593808457255; 0,04136228235438466; 0,8186395820230246; 0,09403739683330059; 0,3176585789769888; 0,9365858077071607; 0,6757476390339434; 0,1398364994674921
0,9802682661135741; 0,8859140337444842; 0,17363059567287564; 0,43232217663899064; 0,18641289416700602; 0,5930731357075274; 0,13825297262519598; 0,15856444090604782; 0,7570473230443895; 0,7898619845509529; 0,8009059987962246
1,1717288017859313; 0,34920311626046896; 0,9680823786184192; 0,623540495056659; 0,07525117555633187; 0,3801945927552879; 0,21556380903348327; 0,6674606297165155; 0,6478722803294659; 0,3993357033468783; 0,15966573590412736
1,586121798227085; 0,4639784866012633; 0,018650283571332693; 0,705667382106185; 0,3885961500927806; 0,18619750114157796; 0,09870418207719922; 0,5959857730194926; 0,13718867162242532; 0,3508803304284811; 0,39356726314872503
0,14430989815787226; 0,4079395863227546; 0,742108189035207; 0,49491848377510905; 0,11535169696435332; 0,0004999418742954731; 0,42130369506776333; 0,509085217025131; 0,6346205309964716; 0,6457142541185021; 0,10278883436694741
1,1408255130419076; 0,013171422760933638; 0,07747111888602376; 0,857146377209574; 0,2591385510750115; 0,7243259968236089; 0,012437320780009031; 0,7166970185935497; 0,26125099370256066; 0,5632894928567111; 0,9213253855705261
2,390311724498175; 0,591734781395644; 0,8713449840433896; 0,8233314645476639; 0,906038012355566; 0,6862804698757827; 0,9463620921596885; 0,061335917096585035; 0,4762729969806969; 0,34349674033001065; 0,5086408802308142
-0,07781809583689281; 0,06922343512997031; 0,0017689960077404976; 0,17786113498732448; 0,11622690688818693; 0,7838289891369641; 0,3367208717390895; 0,22121808538213372; 0,17252046056091785; 0,6762995631434023; 0,38049802277237177
1,2862990857801093; 0,3320378875359893; 0,16888493113219738; 0,5312742819078267; 0,6670849076472223; 0,9918643897399306; 0,2120731812901795; 0,697087689768523; 0,1629139045253396; 0,5133951818570495; 0,899140767287463
2,2297417067925522; 0,9687412385828793; 0,48061660677194595; 0,5914173796772957; 0,0016068192198872566; 0,05057570477947593; 0,23157656379044056; 0,5802127346396446; 0,8701789323240519; 0,2756696343421936; 0,22444361448287964
0,2457734500059232; 0,9169434076175094; 0,08534243144094944; 0,7532912255264819; 0,3131546755321324; 0,36703587090596557; 0,5075932443141937; 0,987663940526545; 0,9796059452928603; 0,0912569398060441; 0,10421584127470851
1,7262046530474167; 0,3530391501262784; 0,6045309877954423; 0,40830537443980575; 0,11040671775117517; 0,25511983782052994; 0,8059720555320382; 0,5745244608260691; 0,573209676425904; 0,685704167932272; 0,7570110731758177
0,5307765355051931; 0,9518400020897388; 0,5571012506261468; 0,4516326729208231; 0,9066953645087779; 0,2668701931834221; 0,22730615688487887; 0,7255211253650486; 0,7220522500574589; 0,4436989985406399; 0,8124209009110928
1,8263972322238988; 0,656792133115232; 0,8235599999316037; 0,06858196295797825; 0,03483164124190807; 0,7354550356976688; 0,7823238782584667; 0,6762477173469961; 0,942975708283484; 0,4827525466680527; 0,5006890227086842
2,1071685160430906; 0,8514744793064892; 0,119175233412534; 0,7875828202813864; 0,12652945471927524; 0,15741280326619744; 0,1480676168575883; 0,07985723158344626; 0,08123521413654089; 0,36491169640794396; 0,2754788063466549
1,9909487540772117; 0,8685946501791477; 0,5799632859416306; 0,6202980009838939; 0,9613811601884663; 0,7880559582263231; 0,6224887082353234; 0,36957969376817346; 0,25397353805601597; 0,47186085768043995; 0,23645951552316546
0,3763960977489799; 0,5219442551024258; 0,905265387147665; 0,7565753497183323; 0,725537424441427; 0,7980091907083988; 0,8132141269743443; 0,39975675381720066; 0,2232241532765329; 0,6536413854919374; 0,002763092517852783
2,4223576987845763; 0,8344419770874083; 0,7659737858921289; 0,7933574407361448; 0,38934947922825813; 0,3471945975907147; 0,16541707050055265; 0,16614495404064655; 0,16953051835298538; 0,49275053292512894; 0,57713673543185
2,276703945790958; 0,9826730587519705; 0,8876726706512272; 0,7322127525694668; 0,818273848388344; 0,6606974732130766; 0,7428573765791953; 0,5866167969070375; 0,5839282190427184; 0,14911043317988515; 0,7766659953631461
1,0060678242850418; 0,20374586852267385; 0,2604669095017016; 0,015758019872009754; 0,36780028650537133; 0,18338825087994337; 0,015116284601390362; 0,2623603316023946; 0,3607743796892464; 0,9035915499553084; 0,06714657368138433
1,5606404247666512; 0,00913005555048585; 0,508324337657541; 0,9186702240258455; 0,4987300136126578; 0,8107502004131675; 0,25578366219997406; 0,7698413501493633; 0,8653618399985135; 0,46963159646838903; 0,877286281902343
-0,01692200139027389; 0,5290972804650664; 0,1003712103702128; 0,683775236364454; 0,8807932138442993; 0,9385331552475691; 0,3986709243617952; 0,5930515201762319; 0,6709829652681947; 0,27636923268437386; 0,35428763972595334
1,8056602483627109; 0,36592411808669567; 0,8583683227188885; 0,6139419837854803; 0,32650221325457096; 0,4006870575249195; 0,30152698373422027; 0,5457579367794096; 0,460641470272094; 0,538704123813659; 0,2613691962324083
1,1455234067807183; 0,492985098157078; 0,42972402414307; 0,6376443742774427; 0,6616883762180805; 0,4556860369630158; 0,035135810263454914; 0,30785220582038164; 0,7672045873478055; 0,5593703864142299; 0,4471632963977754
1,922027489521673; 0,276191430632025; 0,7422367138788104; 0,6524595702067018; 0,11961889453232288; 0,9807776645757258; 0,36519754957407713; 0,7747890986502171; 0,14019464189186692; 0,47010617749765515; 0,7818272826261818
1,3115778304873893; 0,7924652216024697; 0,9662951957434416; 0,2841729372739792; 0,6829442158341408; 0,6141523029655218; 0,5764236208051443; 0,1559607172384858; 0,13783076917752624; 0,4669594136066735; 0,40219659451395273
-0,23917399332245434; 0,16018327791243792; 0,30142000736668706; 0,43247025879099965; 0,7316460297442973; 0,6103591327555478; 0,6193683939054608; 0,25810728780925274; 0,5653071678243577; 0,06079274695366621; 0,9047483145259321
1,6031529862268676; 0,24553717579692602; 0,06836878322064877; 0,6229206677526236; 0,5793188931420445; 0,4659214555285871; 0,3876608335413039; 0,25287485448643565; 0,6480465945787728; 0,9019396584481001; 0,41300420509651303
2,194555850034707; 0,7925633122213185; 0,3616990437731147; 0,5921158385463059; 0,1707285544835031; 0,7924680258147418; 0,33469338482245803; 0,3952715783379972; 0,9136905507184565; 0,8533169864676893; 0,9854002501815557
0,5257942642835247; 0,11608208762481809; 0,7870001792907715; 0,5219194595701993; 0,37787855230271816; 0,753310312051326; 0,8102975524961948; 0,6818621112033725; 0,16612793551757932; 0,17514697462320328; 0,6182139520533383
-0,14119678760926302; 0,26965360436588526; 0,3339408286847174; 0,7939740442670882; 0,30735619086772203; 0,29501187801361084; 0,9626434105448425; 0,20303446659818292; 0,04401904810220003; 0,4358772994019091; 0,9026066497899592
0,8499676867133094; 0,02149519370868802; 0,1611507129855454; 0,9147162190638483; 0,5214979951269925; 0,522161309607327; 0,6433097305707633; 0,09968704963102937; 0,6040556682273746; 0,4882935769855976; 0,6558608254417777
1,7619784273065844; 0,5934324963018298; 0,09342430345714092; 0,42541109630838037; 0,9702165955677629; 0,21795756090432405; 0,4583992478437722; 0,14065248845145106; 0,8611221290193498; 0,5444575464352965; 0,20205448288470507
0,3137692132538368; 0,1014864630997181; 0,34071763372048736; 0,8176565831527114; 0,1783538432791829; 0,928480182774365; 0,4384476840496063; 0,18252358073368669; 0,28026673570275307; 0,17336199851706624; 0,6758374953642488
0,5138887221458386; 0,2996579413302243; 0,9640888595022261; 0,8167347018606961; 0,38225445384159684; 0,6191819757223129; 0,11313675623387098; 0,3815033002756536; 0,858027801848948; 0,3125033238902688; 0,9741222220472991
0,2790846273601002; 0,7827166630886495; 0,185785046312958; 0,49365377239882946; 0,5290325712412596; 0,30545282270759344; 0,11011056089773774; 0,3850268726237118; 0,5639704177156091; 0,3074134406633675; 0,8270624675787985
1,6528803503777396; 0,21962176635861397; 0,6646723258309066; 0,43901687394827604; 0,4383123083971441; 0,5076220147311687; 0,08191952994093299; 0,4949896251782775; 0,655173733830452; 0,728373855818063; 0,41874187951907516
0,402119819002723; 0,6615036162547767; 0,7664649528451264; 0,7925174054689705; 0,20888024615123868; 0,37161485059186816; 0,13296168763190508; 0,9821705212816596; 0,02543197153136134; 0,28458149498328567; 0,1427023853175342
0,7882292385680219; 0,6341437520459294; 0,6891441689804196; 0,16995813185349107; 0,3097245879471302; 0,33183345617726445; 0,7283046822994947; 0,5109050152823329; 0,6112927999347448; 0,312722853384912; 0,48120747692883015
1,2972657372177703; 0,6775394473224878; 0,8633635155856609; 0,9764688736759126; 0,001946801319718361; 0,20687021082267165; 0,7584164431318641; 0,9531374801881611; 0,03193347854539752; 0,5931308972649276; 0,412804595194757
0,5803777849602079; 0,6087155514396727; 0,9560639755800366; 0,8450016076676548; 0,8613968952558935; 0,8796322653070092; 0,06545527605339885; 0,3511977712623775; 0,6312585221603513; 0,24041769420728087; 0,12979618925601244
