 y; x1; x2; x3; x4; x5; x6; x7; x8; x9; x10
-0,01613830758221141; 0,11246931226924062; 0,7386362571269274; 0,7305005281232297; 0,8837246266193688; 0,659973509144038; 0,6865863827988505; 0,022533176001161337; 0,22248470271006227; 0,19227529224008322; 0,7478384054265916
0,10184715366369307; 0,6183081502094865; 0,004578163381665945; 0,9658606634475291; 0,8542288248427212; 0,06141793029382825; 0,43241730192676187; 0,5516029675491154; 0,13611058378592134; 0,8946716240607202; 0,11110836127772927
0,11854541346133254; 0,24497542437165976; 0,8658463703468442; 0,4436828317120671; 0,8777448059991002; 0,41849815333262086; 0,9640419259667397; 0,18389888806268573; 0,319553064648062; 0,18013745360076427; 0,5152357164770365
0,21423767038351885; 0,19823710713535547; 0,07238568039610982; 0,8387543051503599; 0,3985841954126954; 0,6569797196425498; 0,5174255263991654; 0,586153794080019; 0,7412779051810503; 0,4166324194520712; 0,2501300536096096
0,028467618959895802; 0,654409977607429; 0,22170489048585296; 0,06300005177035928; 0,08208880061283708; 0,5325320768170059; 0,7405827874317765; 0,6701047848910093; 0,6276771924458444; 0,5390364583581686; 0,5147792524658144
0,5153012427111132; 0,4622030430473387; 0,6785896169021726; 0,8413880281150341; 0,07030402310192585; 0,9406434958800673; 0,6113193770870566; 0,3838068670593202; 0,5384868397377431; 0,03729836689308286; 0,4335627709515393
0,39007075881478653; 0,017616014927625656; 0,3718838281929493; 0,21000695368275046; 0,7089532064273953; 0,637531753629446; 0,3866766393184662; 0,30547755490988493; 0,08490463579073548; 0,11229901993647218; 0,5904188007116318
1,0360398185994923; 0,27711864886805415; 0,69436548743397; 0,3148299395106733; 0,9159135580994189; 0,14349508006125689; 0,6044504288583994; 0,05956878326833248; 0,18008981505408883; 0,9174487725831568; 0,6017353557981551
0,03612182220628374; 0,4178226115182042; 0,5897996043786407; 0,5752645442262292; 0,3249390651471913; 0,5444549019448459; 0,9539876403287053; 0,26378197176381946; 0,4068233761936426; 0,9099026485346258; 0,8501287563703954
1,0374745413774424; 0,640257487539202; 0,9027646286413074; 0,45479189418256283; 0,7354873814620078; 0,13041482539847493; 0,10515774926170707; 0,02523632301017642; 0,9880834175273776; 0,7902196375653148; 0,5510918600484729
-0,4412567542760847; 0,14381728367879987; 0,2539356788620353; 0,8298735404387116; 0,982673360966146; 0,33693300373852253; 0,09917203709483147; 0,3473518821410835; 0,12838484067469835; 0,4967805505730212; 0,48815996013581753
1,607785645467211; 0,2705230386927724; 0,5466747051104903; 0,6166385211981833; 0,1286666253581643; 0,38686442002654076; 0,4925950882025063; 0,014009300153702497; 0,6312690270133317; 0,5581598938442767; 0,14799581887200475
0,4528571497490709; 0,5866409568116069; 0,878984231967479; 0,4491602275520563; 0,30584837310016155; 0,6614471389912069; 0,3768734601326287; 0,95025898469612; 0,8653437928296626; 0,8166828835383058; 0,4058407028205693
0,7970676931942775; 0,7034125467762351; 0,317090034019202; 0,0682353968732059; 0,36995582608506083; 0,4893291061744094; 0,29346939641982317; 0,8946419805288315; 0,06301228376105428; 0,28268390288576484; 0,02068745857104659
0,5935789599356559; 0,8539665858261287; 0,7781543871387839; 0,37512653786689043; 0,23131510382518172; 0,05448715062811971; 0,389282938092947; 0,25325886020436883; 0,7533236257731915; 0,3565292856656015; 0,4709772923961282
0,27190678713221406; 0,5790554913692176; 0,6030717436224222; 0,9271016274578869; 0,10373580316081643; 0,4066315400414169; 0,8933354271575809; 0,7421293929219246; 0,8299023415893316; 0,4600220341235399; 0,11363721545785666
-0,2095201803637076; 0,25094721792265773; 0,21452544862404466; 0,38456203741952777; 0,7710347007960081; 0,458763113245368; 0,1090674283914268; 0,9225576343014836; 0,24076424865052104; 0,7649468248710036; 0,530325177591294
-0,5562336790767333; 0,06060036225244403; 0,15147624351084232; 0,47356867836788297; 0,8916638041846454; 0,9682455416768789; 0,9108182000927627; 0,3079812126234174; 0,5428306655958295; 0,5416970630176365; 0,21961488015949726
1,6997926542811506; 0,788177452981472; 0,9553962568752468; 0,10770552372559905; 0,8990049962885678; 0,0038745608180761337; 0,3239991180598736; 0,8646633396856487; 0,07507348572835326; 0,9893887648358941; 0,1357227279804647
0,2587046479817179; 0,16969634126871824; 0,9715987369418144; 0,25738306483253837; 0,5870061190798879; 0,20441930182278156; 0,09882259787991643; 0,2740860930643976; 0,880996975582093; 0,4486280018463731; 0,0368544040247798
1,7451407921852704; 0,10686282953247428; 0,6967700920067728; 0,044821176677942276; 0,47350028716027737; 0,7199028776958585; 0,9625360062345862; 0,21443890174850821; 0,9554034513421357; 0,06363640585914254; 0,630874807946384
0,6236032900596329; 0,7413183664903045; 0,8852077843621373; 0,6263547213748097; 0,03672843798995018; 0,5526021965779364; 0,532216111663729; 0,934603851288557; 0,8684639409184456; 0,9086970402859151; 0,6070705186575651
-0,1471368100743588; 0,39162727212533355; 0,15003099106252193; 0,8040533354505897; 0,06902991374954581; 0,47256229678168893; 0,11533238412812352; 0,3893686565570533; 0,17490020301193; 0,6062643732875586; 0,7109098173677921
0,7249977103356506; 0,7267627106048167; 0,6475581163540483; 0,6207690462470055; 0,8561500613577664; 0,031319249887019396; 0,6236402858048677; 0,32916652504354715; 0,9214289989322424; 0,775460000615567; 0,43195583391934633
0,29355971792803665; 0,10024541663005948; 0,8969174274243414; 0,02596269827336073; 0,7996923485770822; 0,5986016052775085; 0,619815890211612; 0,6983969262801111; 0,7319500166922808; 0,7989672455005348; 0,1906939959153533
0,4608962924128169; 0,8275152901187539; 0,3812045091763139; 0,8922656304202974; 0,3733258442953229; 0,30102391727268696; 0,59666569205001; 0,12605769326910377; 0,9271286469884217; 0,8686506054364145; 0,7428194680251181
1,128419604573949; 0,7106905076652765; 0,609192839358002; 0,728943295776844; 0,30501311318948865; 0,5222245212644339; 0,7461226084269583; 0,8984118653461337; 0,00281774764880538; 0,00398947112262249; 0,6936912848614156
1,3721149488570528; 0,6560625080019236; 0,38576200418174267; 0,28636650275439024; 0,3427901831455529; 0,4247382031753659; 0,01735925441607833; 0,21302019897848368; 0,4133599582128227; 0,847646945156157; 0,3172627151943743
0,1862586961314055; 0,14126691315323114; 0,7606189125217497; 0,8767748014070094; 0,44465147657319903; 0,015719670802354813; 0,47098199278116226; 0,22713065333664417; 0,9308450701646507; 0,8549014260061085; 0,18980475468561053
1,2528131528641944; 0,1338131558150053; 0,571724955458194; 0,6211714432574809; 0,08691514981910586; 0,2209265590645373; 0,30536595545709133; 0,9693149849772453; 0,9331365954130888; 0,6368089341558516; 0,5612937966361642
1,2394756241170288; 0,3728479342535138; 0,6298754382878542; 0,17575674410909414; 0,14789920020848513; 0,9251123918220401; 0,6897706077434123; 0,43584467098116875; 0,6847159299068153; 0,8887226432561874; 0,9587797420099378
0,40532298677650935; 0,024217504542320967; 0,8974888613447547; 0,11385573958978057; 0,48633331432938576; 0,8862299695611; 0,03257356258109212; 0,22438990883529186; 0,2781899608671665; 0,3526749983429909; 0,8996346867643297
1,8490744440612539; 0,32186186918988824; 0,683699291665107; 0,6956516564823687; 0,14999657357111573; 0,3483471511863172; 0,7535136663354933; 0,7583533166907728; 0,8289368571713567; 0,9025926073081791; 0,07874371809884906
2,397282226346837; 0,8021435728296638; 0,6941601312719285; 0,8309379955753684; 0,518103988841176; 0,51079793414101; 0,5691868443973362; 0,5265194815583527; 0,06361266691237688; 0,5553974909707904; 0,6852722093462944
1,6663784174053642; 0,4051142008975148; 0,1911910017952323; 0,7894319836050272; 0,044103783555328846; 0,7527984138578176; 0,4994610077701509; 0,45886965515092015; 0,1777310692705214; 0,34228247962892056; 0,8034735769033432
1,4340706821382256; 0,4829732063226402; 0,6574181113392115; 0,007363120559602976; 0,30692691495642066; 0,08352764928713441; 0,8498534937389195; 0,8012351924553514; 0,07933035911992192; 0,06497694179415703; 0,7127520684152842
0,46816567205040793; 0,5925999199971557; 0,9547943375073373; 0,962595924269408; 0,9658236317336559; 0,768567786552012; 0,3516301130875945; 0,7832972994074225; 0,24434428894892335; 0,9895263919606805; 0,5170668056234717
-0,05802358417819947; 0,48630522191524506; 0,16162220668047667; 0,34594990266487; 0,18484591227024794; 0,6264337059110403; 0,5332244811579585; 0,3189923013560474; 0,9305736515671015; 0,6309343730099499; 0,139471722766757
0,28761496651705765; 0,22586974361911416; 0,028555764351040125; 0,5004769810475409; 0,005648909602314234; 0,6749022542499006; 0,8145285830833018; 0,6716760140843689; 0,22936927946284413; 0,6476022652350366; 0,3211286934092641
2,273249106616698; 0,4310195902362466; 0,91763452347368; 0,0227665388956666; 0,9919912940822542; 0,1604980304837227; 0,576213204767555; 0,2179325269535184; 0,3222053828649223; 0,7841991349123418; 0,3063804944977164
0,6971930920195033; 0,17054114677011967; 0,593946214299649; 0,3524979273788631; 0,38659132784232497; 0,05318224895745516; 0,9519045283086598; 0,25909161334857345; 0,6144110923632979; 0,483897200319916; 0,03216912364587188
0,9104646176333817; 0,8288070419803262; 0,10143215721473098; 0,4027056498453021; 0,5551877962425351; 0,24676227709278464; 0,6165683306753635; 0,27598779276013374; 0,8057126980274916; 0,6856917045079172; 0,5316193015314639
2,1415212688502745; 0,9642039337195456; 0,12985017290338874; 0,7724372358061373; 0,5525064365938306; 0,7946188785135746; 0,021441427525132895; 0,19689375907182693; 0,2165092877112329; 0,6154774310998619; 0,4390454045496881
0,5532134375155031; 0,49616277823224664; 0,12913963058963418; 0,7579986471682787; 0,5978949759155512; 0,7592899957671762; 0,5993502084165812; 0,23182629002258182; 0,8734447415918112; 0,10394468018785119; 0,9767636437900364
1,0433905541601165; 0,02766343066468835; 0,03553977282717824; 0,951380000449717; 0,38047570921480656; 0,7550121834501624; 0,001996670849621296; 0,6232897494919598; 0,7867411077022552; 0,2949050241149962; 0,3603344433940947
1,4260674566487328; 0,7344937594607472; 0,29485378600656986; 0,9670925866812468; 0,3632960133254528; 0,8741292981430888; 0,2867310391739011; 0,14674413949251175; 0,49399997759610415; 0,5931425704620779; 0,9000771632418036
1,837844415154391; 0,2945393375121057; 0,5140778585337102; 0,834426533896476; 0,4098754469305277; 0,08020006027072668; 0,2600129097700119; 0,44505475694313645; 0,45998810371384025; 0,3730563442222774; 0,6111693293787539
0,7439142573358114; 0,5832213656976819; 0,9366743741557002; 0,7066155085340142; 0,5200116047635674; 0,4975365502759814; 0,867522123735398; 0,29852057434618473; 0,19852340081706643; 0,7244650353677571; 0,7866558348760009
1,504714642240577; 0,8588016778230667; 0,4834970524534583; 0,46458285953849554; 0,6733585805632174; 0,6439506397582591; 0,9292605840601027; 0,9228043435141444; 0,2818987355567515; 0,1369613497518003; 0,9298476930707693
1,7079251063368468; 0,8945907992310822; 0,9694002331234515; 0,6417280989699066; 0,09770531952381134; 0,8896842012181878; 0,31123227858915925; 0,657560768071562; 0,6637647426687181; 0,3481323248706758; 0,44437351915985346
0,5158948765585796; 0,4635106325149536; 0,7360448497347534; 0,11052687978371978; 0,4936426905915141; 0,3001143569126725; 0,6018893453292549; 0,8669903478585184; 0,35096161672845483; 0,7137671667151153; 0,5302899880334735
1,2065560845322185; 0,7649813084863126; 0,3687539268285036; 0,13741424167528749; 0,678932776208967; 0,7537086103111506; 0,6669459692202508; 0,8925423282198608; 0,23492634622380137; 0,3942716079764068; 0,1596035761758685
-0,06490062671541613; 0,13117140857502818; 0,24116810411214828; 0,18602828355506063; 0,845945852342993; 0,35549904918298125; 0,5581636666320264; 0,3624596046283841; 0,9829173977486789; 0,6800523437559605; 0,24962594080716372
0,29805551444349415; 0,199587716255337; 0,7951018023304641; 0,8545821695588529; 0,8701805747114122; 0,17333480203524232; 0,7229735227301717; 0,29702571872621775; 0,6993638137355447; 0,3861756445840001; 0,4902390204370022
2,006463513952641; 0,4943779790773988; 0,5057244040071964; 0,0016385470516979694; 0,4999275472946465; 0,4883899106644094; 0,2674100734293461; 0,11851305840536952; 0,7267449065111578; 0,9987956988625228; 0,11234666127711535
0,12598290761637598; 0,7061445219442248; 0,31460143392905593; 0,1556239970959723; 0,17235367093235254; 0,7122824732214212; 0,6681739157065749; 0,2324344958178699; 0,9247934492304921; 0,6082671540789306; 0,35904464637860656
-0,1046737355769739; 0,4015243328176439; 0,4393333923071623; 0,31549836974591017; 0,35124809527769685; 0,42367718275636435; 0,8653364656493068; 0,6570519097149372; 0,667790399864316; 0,4668300114572048; 0,622725791297853
0,31825799035087576; 0,5751448376104236; 0,6083702174946666; 0,9883615747094154; 0,20336216874420643; 0,2648435505107045; 0,15692220767959952; 0,9995643571019173; 0,7147951195947826; 0,5756555115804076; 0,8567546186968684
-0,2314255288440725; 0,24918123800307512; 0,4331977781839669; 0,049269764218479395; 0,45940467715263367; 0,09581206366419792; 0,27481267182156444; 0,6744080255739391; 0,018682032823562622; 0,14238363737240434; 0,7002494568005204
0,21629502255987643; 0,18142544524744153; 0,4110673042014241; 0,8398277629166842; 0,4704803149215877; 0,8459302051924169; 0,42441476648673415; 0,3004100825637579; 0,7472428712062538; 0,06402837857604027; 0,3048857469111681
0,8553494143359341; 0,24994054343551397; 0,8561106738634408; 0,9148049685172737; 0,7652258570306003; 0,11360517237335443; 0,5868091033771634; 0,9731846759095788; 0,08034944348037243; 0,6284808488562703; 0,9979775105603039
0,13309363273099506; 0,07314900495111942; 0,5334061980247498; 0,03562851855531335; 0,17925163311883807; 0,9438850241713226; 0,0769933806732297; 0,9250404597260058; 0,8530316804535687; 0,2254526843316853; 0,519702238496393
1,63829455267811; 0,0773918735794723; 0,7937245843932033; 0,2857409482821822; 0,5794116579927504; 0,9700724282301962; 0,7437464306131005; 0,7723239893093705; 0,9502256126143038; 0,7424199213273823; 0,19412542413920164
0,02652973293718225; 0,2980299200862646; 0,6917127757333219; 0,46496580820530653; 0,8425992922857404; 0,7789929830469191; 0,839302712585777; 0,622771646361798; 0,9222558662295341; 0,2910049958154559; 0,471778258215636
0,425909972696077; 0,5347920837812126; 0,6345892711542547; 0,07749143429100513; 0,34751264937222004; 0,5655091875232756; 0,5673022763803601; 0,1937362104654312; 0,8601686013862491; 0,3941359082236886; 0,12644762266427279
0,9582921805594917; 0,8344767047092319; 0,6600816450081766; 0,98808683315292; 0,16997747449204326; 0,9918707273900509; 0,5527758128009737; 0,9180749761871994; 0,8655659155920148; 0,47340751672163606; 0,8772305985912681
-0,3308828562890834; 0,2420808388851583; 0,300025490578264; 0,7380188498646021; 0,8025664552114904; 0,22040133830159903; 0,02879300294443965; 0,7972405329346657; 0,6562424399890006; 0,996290672570467; 0,06033133435994387
1,0130881126190636; 0,4909777897410095; 0,15279484586790204; 0,7449932969175279; 0,2489169859327376; 0,7742115468718112; 0,04842556966468692; 0,050177727825939655; 0,9791038227267563; 0,6604781872592866; 0,533721343614161
0,27784678261428514; 0,27396160876378417; 0,5357748037204146; 0,5350006311200559; 0,06007728958502412; 0,35496686212718487; 0,5916460207663476; 0,6945256073959172; 0,7164114620536566; 0,08505930518731475; 0,20116062927991152
0,7604876801748719; 0,8791603087447584; 0,38321589678525925; 0,26722652977332473; 0,5537793068215251; 0,9082622090354562; 0,3489976436831057; 0,3577465717680752; 0,9576308666728437; 0,010388610884547234; 0,8959938469342887
1,897766468010437; 0,07823516055941582; 0,8542514545843005; 0,6201652623713017; 0,520831267349422; 0,6591565939597785; 0,9516054345294833; 0,4606327209621668; 0,343759233597666; 0,011747801676392555; 0,07327448856085539
-0,3774222077302707; 0,02365877339616418; 0,35750947752967477; 0,3386713871732354; 0,3305102144367993; 0,15579461166635156; 0,32025378569960594; 0,6204956024885178; 0,1619954165071249; 0,11942327627912164; 0,6871629129163921
2,169118392176116; 0,965083088260144; 0,10490237874910235; 0,5661958921700716; 0,44042499735951424; 0,9814637280069292; 0,21620072796940804; 0,21139490697532892; 0,7329993634484708; 0,2878654971718788; 0,7203960809856653
0,5091534142667018; 0,3769512460567057; 0,9591410295106471; 0,1897456436417997; 0,8363458951935172; 0,2889645816758275; 0,9373419070616364; 0,2795760571025312; 0,2796234809793532; 0,762695936486125; 0,5074821240268648
0,3510998058808963; 0,33183095371350646; 0,7215487780049443; 0,4781420864164829; 0,6624641721136868; 0,41936041601002216; 0,4089675163850188; 0,18645282788202167; 0,23528632381930947; 0,5563976615667343; 0,46863810205832124
0,5957097599861232; 0,5089766168966889; 0,3881494994275272; 0,4286681576631963; 0,8696656599640846; 0,24357800045982003; 0,7014841279014945; 0,21190533274784684; 0,9808028051629663; 0,11591086816042662; 0,04928214522078633
1,7582110787912621; 0,7500561526976526; 0,5796873173676431; 0,9183409963734448; 0,03684409009292722; 0,8349734186194837; 0,44573046872392297; 0,355486701708287; 0,15222260355949402; 0,958503833040595; 0,3630401254631579
0,45326255034090956; 0,06167867546901107; 0,9127296209335327; 0,09459809493273497; 0,7716990602202713; 0,6073186714202166; 0,21211345493793488; 0,5761004574596882; 0,15159242879599333; 0,4570488780736923; 0,1663951389491558
0,8038515218674438; 0,383376978803426; 0,19796236790716648; 0,3122343928553164; 0,6382389236241579; 0,902123311534524; 0,7237643576227129; 0,5122622405178845; 0,23822304932400584; 0,3400035770609975; 0,6651727138087153
1,9566643410945832; 0,207132862880826; 0,9115496706217527; 0,924290909897536; 0,004525259602814913; 0,001590327825397253; 0,20137586491182446; 0,17451307363808155; 0,40740620298311114; 0,1627237554639578; 0,44359341263771057
-0,21213402544304283; 0,23224327573552728; 0,04747367603704333; 0,40612855553627014; 0,4249331746250391; 0,9588902704417706; 0,7560386834666133; 0,4043025351129472; 0,28214910719543695; 0,448507362511009; 0,9249176569283009
-0,11015786141233419; 0,5384199507534504; 0,09015468554571271; 0,9345057583414018; 0,21902106096968055; 0,1210391572676599; 0,6693276227451861; 0,6072437730617821; 0,17893599160015583; 0,8190914825536311; 0,7027163081802428
0,40137554061767666; 0,5438085212372243; 0,8256830773316324; 0,49041161965578794; 0,8996359221637249; 0,8320742114447057; 0,9718537605367601; 0,8458984042517841; 0,2890893267467618; 0,5362348225899041; 0,1696462007239461
2,0291912466322617; 0,5829788804985583; 0,8180443816818297; 0,4293577172793448; 0,16290439199656248; 0,29777713352814317; 0,7773673860356212; 0,9757759841158986; 0,43799329409375787; 0,8924248279072344; 0,18303310591727495
2,3681502720683554; 0,7077483865432441; 0,7807129444554448; 0,5478823445737362; 0,4702454162761569; 0,7283088490366936; 0,6050201333127916; 0,02782344026491046; 0,43387285992503166; 0,2768393009901047; 0,7870154539123178
1,9672256576066691; 0,20660776877775788; 0,7826931951567531; 0,47154462104663253; 0,4923597192391753; 0,41801767610013485; 0,342883437871933; 0,5883513749577105; 0,6991543909534812; 0,7506799283437431; 0,6803251500241458
0,5228657997426883; 0,7861357186920941; 0,6429250235669315; 0,005434445105493069; 0,8784557110629976; 0,15986083634197712; 0,22150447219610214; 0,10067888628691435; 0,9145330586470664; 0,6548153613694012; 0,22916971566155553
-0,1594321280694112; 0,07420066650956869; 0,0597209888510406; 0,6546365725807846; 0,7919672881253064; 0,18017850629985332; 0,4368754168972373; 0,47774510690942407; 0,25869259936735034; 0,4271720377728343; 0,7336831041611731
0,3325438957628065; 0,6740672052837908; 0,13802470453083515; 0,5882340022362769; 0,7200551116839051; 0,40751953748986125; 0,8993406207300723; 0,7677069990895689; 0,8145879642106593; 0,12768972804769874; 0,12028265465050936
0,02286738983783576; 0,5989456567913294; 0,06243400229141116; 0,6790825165808201; 0,8968847854994237; 0,8475141590461135; 0,045813195407390594; 0,3940063929185271; 0,31490797083824873; 0,23643131973221898; 0,8932395153678954
1,703618138502773; 0,4264556150883436; 0,8221334810368717; 0,8471910767257214; 0,40318262157961726; 0,4203113913536072; 0,008572349790483713; 0,8402283112518489; 0,02808340499177575; 0,6297378079034388; 0,1754555501975119
0,030186754847763425; 0,20098532224074006; 0,7150509185157716; 0,6438125227577984; 0,8652182230725884; 0,4436205676756799; 0,6673986725509167; 0,5313681280240417; 0,6361643690615892; 0,35649591172114015; 0,14446443691849709
0,669744848449121; 0,5650491151027381; 0,9310830812901258; 0,6830833461135626; 0,33651000540703535; 0,9973478149622679; 0,7952166269533336; 0,5681417565792799; 0,9141582394950092; 0,5206257794052362; 0,8283243919722736
0,1404010208279719; 0,7872296110726893; 0,06409224914386868; 0,6574439024552703; 0,0799302184022963; 0,8869468602351844; 0,6912862444296479; 0,41255701892077923; 0,8055615196935833; 0,3563754456117749; 0,17052549589425325
0,964244419905515; 0,656373071949929; 0,6720213829539716; 0,17938306741416454; 0,22712671710178256; 0,8252267884090543; 0,19562120642513037; 0,4954604380764067; 0,38331150403246284; 0,6255157603882253; 0,20117091480642557
0,5770057276232403; 0,9983334201388061; 0,5987990479916334; 0,2174894311465323; 0,9819571347907186; 0,5727793723344803; 0,363324211910367; 0,007482316344976425; 0,9615974766202271; 0,41136257257312536; 0,13476704340428114
2,2228951884155372; 0,4408382289111614; 0,8646406773477793; 0,7986274100840092; 0,93137411121279; 0,28569365246221423; 0,36261963937431574; 0,028204043861478567; 0,6114789685234427; 0,7977749691344798; 0,2039749613031745
0,2942262606026732; 0,9443563809618354; 0,13890018919482827; 0,2205842644907534; 0,6888700411655009; 0,2923011318780482; 0,12007410731166601; 0,9006670610979199; 0,6015345091000199; 0,44618198601529; 0,5160510670393705
2,225547927686634; 0,9494799268431962; 0,604807190131396; 0,18173173069953918; 0,45563764963299036; 0,05909678665921092; 0,19502931088209152; 0,19015214685350657; 0,3789480025880039; 0,41245528077706695; 0,19785672146826982
0,23741720178561643; 0,42640149081125855; 0,10054048802703619; 0,7721834792755544; 0,7614071578718722; 0,9209669884294271; 0,10795885138213634; 0,6921076425351202; 0,18351437523961067; 0,9024393055588007; 0,8911235183477402
-0,008658342835658667; 0,22815743274986744; 0,7618459369987249; 0,09281072439625859; 0,9662727117538452; 0,5331880236044526; 0,03259473433718085; 0,047160066198557615; 0,09138898411765695; 0,40037624910473824; 0,6832493487745523
1,110316029026302; 0,21127706486731768; 0,04070580564439297; 0,5819733166135848; 0,4399345703423023; 0,9571887454949319; 0,6392634874209762; 0,8420377685688436; 0,3553187348879874; 0,9913555830717087; 0,409529373049736
2,0950582589512496; 0,7567900205031037; 0,16784773813560605; 0,6145220487378538; 0,26193479588255286; 0,39638595236465335; 0,5621008765883744; 0,5943965557962656; 0,6692390334792435; 0,011326460633426905; 0,6371511635370553
1,845602184810792; 0,4102714448235929; 0,3577959523536265; 0,41451498307287693; 0,17172082467004657; 0,4951495067216456; 0,8822463327087462; 0,4042220707051456; 0,8872202844358981; 0,5487861507572234; 0,7333266572095454
-0,08960071039698175; 0,02233939478173852; 0,8811028134077787; 0,5172274513170123; 0,8942628502845764; 0,13216326339170337; 0,7476395163685083; 0,4488116828724742; 0,8977749180048704; 0,4300425718538463; 0,9825809877365828
0,5741543616294524; 0,6353007382713258; 0,8893298525363207; 0,21192227816209197; 0,6212446563877165; 0,1430282136425376; 0,6189780216664076; 0,6769020464271307; 0,4904614705592394; 0,6997865498997271; 0,5267866291105747
0,8587864301555524; 0,3824792876839638; 0,41598661011084914; 0,9431347558274865; 0,6762632890604436; 0,6114528430625796; 0,025957189965993166; 0,4866187172010541; 0,17344892909750342; 0,9426501118578017; 0,8742679324932396
1,538152835167827; 0,23042851453647017; 0,18258831463754177; 0,3270053304731846; 0,05113023519515991; 0,8627343606203794; 0,009287498891353607; 0,8976113279350102; 0,3695806423202157; 0,383675382938236; 0,394715862814337
0,5924808734699; 0,8113983874209225; 0,461443857755512; 0,8197290878742933; 0,8285288065671921; 0,6471608649007976; 0,8575461772270501; 0,7707822304219007; 0,7655349904671311; 0,01656559854745865; 0,6172591969370842
2,245571951480288; 0,834962182212621; 0,7808553292416036; 0,1839527185074985; 0,5790941002778709; 0,2521641063503921; 0,7169377305544913; 0,14548300625756383; 0,3027267623692751; 0,3877140828408301; 0,6130226706154644
1,831232704010083; 0,2928496156819165; 0,9773639189079404; 0,5655559492297471; 0,45577863324433565; 0,9934781421907246; 0,6252855714410543; 0,4501123200170696; 0,40930176619440317; 0,19698094436898828; 0,031046686694025993
2,059206119944543; 0,6253007589839399; 0,5388551279902458; 0,8182552759535611; 0,2636536490172148; 0,4999999525025487; 0,39184649335220456; 0,48970278864726424; 0,7886815019883215; 0,28664062824100256; 0,6787019851617515
0,08282872794779839; 0,21969530498608947; 0,7815606100484729; 0,5392413856461644; 0,8659115214832127; 0,042398080695420504; 0,3769139382056892; 0,7125354809686542; 0,037099283654242754; 0,8426176807843149; 0,3641323857009411
0,6256962725745084; 0,6811762084253132; 0,36072789737954736; 0,14358878042548895; 0,778004799503833; 0,39616445172578096; 0,9878585101105273; 0,7843734100461006; 0,3356756214052439; 0,4101006928831339; 0,7132943845354021
0,27869532249531836; 0,1070945686660707; 0,2229654872789979; 0,6982018919661641; 0,8434713818132877; 0,6003048955462873; 0,01177922310307622; 0,35243892576545477; 0,8808970502577722; 0,0800444120541215; 0,034516877960413694
1,3827223372264612; 0,5976839936338365; 0,42067387886345387; 0,5640488527715206; 0,15922954911366105; 0,749489457346499; 0,3741798992268741; 0,8870871341787279; 0,8156401836313307; 0,6017581066116691; 0,5929679688997567
1,05058685296714; 0,7102815303951502; 0,04287898587062955; 0,9630060084164143; 0,016673064790666103; 0,09999167872592807; 0,7628351897001266; 0,03312518959864974; 0,15776936197653413; 0,9697988415136933; 0,45241679390892386
1,0400637329637359; 0,6771195600740612; 0,5999386822804809; 0,26919143414124846; 0,7283549108542502; 0,6664272989146411; 0,6234822431579232; 0,5924462326802313; 0,5251991194672883; 0,9775566104799509; 0,5034856675192714
0,0025720339531621617; 0,2616954082623124; 0,36731486255303025; 0,6739696869626641; 0,05738683557137847; 0,7470171293243766; 0,6403552647680044; 0,2684564902447164; 0,7997191585600376; 0,5888709034770727; 0,2750838124193251
0,6476385615150688; 0,8080817088484764; 0,8137683453969657; 0,27720510261133313; 0,36963045643642545; 0,3897718056105077; 0,16470334632322192; 0,8530537337064743; 0,5168454358354211; 0,6485982495360076; 0,7606548513285816
1,7865286743543907; 0,08536455454304814; 0,9363113320432603; 0,11349019920453429; 0,053017332684248686; 0,7893400182947516; 0,7034419998526573; 0,7691240580752492; 0,3660884303972125; 0,029316971078515053; 0,08478644443675876
1,5901547681909967; 0,9774801908060908; 0,10029323352500796; 0,0846240040846169; 0,6413535233587027; 0,742842678911984; 0,7556269052438438; 0,604895630851388; 0,2611202048137784; 0,6703350567258894; 0,924606085754931
0,974174156815864; 0,6470440649427474; 0,1280529974028468; 0,3222722769714892; 0,1627470892854035; 0,6640284550376236; 0,7888781623914838; 0,5990992370061576; 0,9952416522428393; 0,723948982078582; 0,9362076087854803
0,058001084711111206; 0,5080931847915053; 0,2388413087464869; 0,13157729897648096; 0,5853837006725371; 0,5192905608564615; 0,6149582955986261; 0,7733935369178653; 0,5499382009729743; 0,5388627620413899; 0,47724135452881455
1,5232101356431373; 0,3400746649131179; 0,6208706120960414; 0,5052899261936545; 0,5957845114171505; 0,7175996149890125; 0,634076030459255; 0,9616336668841541; 0,2683312217704952; 0,34294799622148275; 0,3861314123496413
0,6520949462943322; 0,970995997544378; 0,2118360958993435; 0,2323185340501368; 0,5824998714961112; 0,9545914302580059; 0,08063331246376038; 0,9023153046146035; 0,5280985734425485; 0,45094449911266565; 0,2732986081391573
0,1005369572901808; 0,3243565373122692; 0,3732055276632309; 0,6437194524332881; 0,34326968900859356; 0,3039434221573174; 0,2515843170695007; 0,7001624410040677; 0,88139951787889; 0,8309933510608971; 0,6679935860447586
2,0329861618332803; 0,9634630987420678; 0,05390452919527888; 0,026054907124489546; 0,625144743360579; 0,4817264834418893; 0,07240379555150867; 0,28219947032630444; 0,6337837143801153; 0,29272121377289295; 0,06757794041186571
1,789134207681835; 0,6562637751922011; 0,9621931193396449; 0,7644200045615435; 0,7100729425437748; 0,10669699311256409; 0,49671030370518565; 0,2067650044336915; 0,7309505259618163; 0,13335414230823517; 0,11900395574048162
1,6566544313134337; 0,36987509299069643; 0,09568513464182615; 0,12741608079522848; 0,5277085020206869; 0,3492884454317391; 0,7164860367774963; 0,396959678735584; 0,3615240240469575; 0,3255203887820244; 0,7221148707903922
-0,08475585269128899; 0,14424189180135727; 0,12473885295912623; 0,8991331453435123; 0,732493088580668; 0,9665252482518554; 0,6210539964959025; 0,08565582567825913; 0,541533512994647; 0,05028986232355237; 0,47068944200873375
-0,16239710854786468; 0,006733949761837721; 0,519903440028429; 0,46646403009071946; 0,9659132836386561; 0,23710774863138795; 0,47973339445888996; 0,3671518648043275; 0,6045235469937325; 0,24771826434880495; 0,23375359131023288
-0,0437847688295796; 0,5460724630393088; 0,003704785369336605; 0,42680179327726364; 0,9224814474582672; 0,23439613543450832; 0,6649610879831016; 0,8127037603408098; 0,00023160642012953758; 0,21554151456803083; 0,2947413446381688
2,38275908039265; 0,9417706597596407; 0,5353394001722336; 0,8268901533447206; 0,22034540679305792; 0,46190172992646694; 0,6205475996248424; 0,2082156427204609; 0,2819031127728522; 0,773719938006252; 0,7191321621648967
0,7793175125037102; 0,8788410020060837; 0,9986015395261347; 0,6755515621043742; 0,8623882234096527; 0,8819786538369954; 0,24019660986959934; 0,08675769669935107; 0,8781081810593605; 0,2909373380243778; 0,6050624512135983
-0,2019039029007381; 0,1383732263930142; 0,6232837429270148; 0,010214254725724459; 0,6961006666533649; 0,9509857012890279; 0,06714197620749474; 0,9705033828504384; 0,8372751781716943; 0,7311627389863133; 0,1648931852541864
1,547334212664948; 0,2672839635051787; 0,17975004203617573; 0,9926788448356092; 0,39861100632697344; 0,2792997411452234; 0,2861413932405412; 0,714906616602093; 0,5420538373291492; 0,8027760754339397; 0,5075780688785017
0,5930850421177738; 0,08823667000979185; 0,7408840442076325; 0,3952113250270486; 0,38207865227013826; 0,7640353618189692; 0,16908920742571354; 0,17154647130519152; 0,20891726482659578; 0,2852026978507638; 0,16154601471498609
0,3636681391185313; 0,3165418291464448; 0,7198864021338522; 0,91116504650563; 0,09490951942279935; 0,05566608440130949; 0,895211139228195; 0,11110369535163045; 0,3576814723201096; 0,33131447713822126; 0,8282763394527137
0,11153687669725187; 0,26457499852404; 0,5659675188362598; 0,30021182587370276; 0,8361881766468287; 0,30197981419041753; 0,7729208366945386; 0,3629175624810159; 0,03418453363701701; 0,19463198445737362; 0,016222220845520496
1,4576721773988937; 0,09961151983588934; 0,07715485291555524; 0,7248388910666108; 0,5177081008441746; 0,6135239629074931; 0,5488603981211782; 0,2992227324284613; 0,5545185091905296; 0,4349533887580037; 0,9479505917988718
0,9497914198521065; 0,4387824172154069; 0,35516424383968115; 0,9873840915970504; 0,4097124454565346; 0,7196924313902855; 0,5144430808722973; 0,3398987455293536; 0,16332012508064508; 0,49511108500882983; 0,41136908205226064
-0,23544771264929573; 0,1360222427174449; 0,43954662466421723; 0,9510357556864619; 0,8826514021493495; 0,3174334582872689; 0,06838466227054596; 0,3559443522244692; 0,06314073130488396; 0,3581057055853307; 0,2752008647657931
1,8068062002334098; 0,8928941912017763; 0,7306988183408976; 0,5238160300068557; 0,3640660918317735; 0,11064740270376205; 0,8711015768349171; 0,6217868104577065; 0,3501558257266879; 0,8727540881372988; 0,02218326274305582
2,2999589133289065; 0,942046529147774; 0,7136647393926978; 0,05507662473246455; 0,397287973202765; 0,8577133226208389; 0,9720640764571726; 0,22658953024074435; 0,9810284115374088; 0,7196295973844826; 0,5364711391739547
0,3672786224455148; 0,7393800201825798; 0,39011099049821496; 0,08879620721563697; 0,18634131597355008; 0,8245123196393251; 0,2651193104684353; 0,5600705603137612; 0,007322887424379587; 0,29071507696062326; 0,9993914519436657
2,0189575768088956; 0,46667191851884127; 0,5316740516573191; 0,6296801348216832; 0,6177925933152437; 0,34335237508639693; 0,007737690582871437; 0,20800881506875157; 0,5897641377523541; 0,9331183573231101; 0,21492775157094002
0,406274861746428; 0,015485875774174929; 0,261935330927372; 0,6710072020068765; 0,6946294261142612; 0,018036232329905033; 0,21166561683639884; 0,6425238116644323; 0,552127122413367; 0,47309253830462694; 0,20225041126832366
0,8362651579370308; 0,4589091632515192; 0,22241549054160714; 0,6437478750012815; 0,6346771395765245; 0,05953593598678708; 0,7175486064516008; 0,4685865486972034; 0,017196995206177235; 0,8994492189958692; 0,8547542151063681
-0,5255213252264223; 0,03009356651455164; 0,23344192700460553; 0,8050861288793385; 0,6170728104189038; 0,22791053168475628; 0,09171444736421108; 0,033225125167518854; 0,3397472510114312; 0,6820148513652384; 0,42543559707701206
1,1013166802032592; 0,43316637305542827; 0,9605987430550158; 0,6177987479604781; 0,7231470490805805; 0,7826631870120764; 0,45083939004689455; 0,6753552509471774; 0,07882181275635958; 0,22545260656625032; 0,10670789377763867
0,4377190237615557; 0,5883503891527653; 0,9321022545918822; 0,4285002928227186; 0,9955255407840014; 0,5983877112157643; 0,5182459787465632; 0,4703707783482969; 0,31445828825235367; 0,7156803412362933; 0,4272823268547654
0,9138302015053459; 0,2690573572181165; 0,09191286843270063; 0,09053998487070203; 0,41331867035478354; 0,1715053920634091; 0,006278010085225105; 0,479672783985734; 0,40655049961060286; 0,4876949996687472; 0,655827724840492
0,4320890905441775; 0,5142301856540143; 0,4680009367875755; 0,7774329874664545; 0,26171671133488417; 0,8956814301200211; 0,8975131614133716; 0,05038673523813486; 0,6925588119775057; 0,061401591170579195; 0,9448936032131314
1,2643860070804291; 0,8011240977793932; 0,13266972685232759; 0,9321168223395944; 0,23362163780257106; 0,27109395852312446; 0,8169158743694425; 0,7773969396948814; 0,533302306663245; 0,9955023713409901; 0,14091243408620358
2,1326460413847084; 0,9694585069082677; 0,26142356963828206; 0,456790566444397; 0,7808019407093525; 0,29763392824679613; 0,417103988584131; 0,621374418027699; 0,2976761916652322; 0,5473824092186987; 0,8639493123628199
1,7338092756332042; 0,812792036216706; 0,22560899890959263; 0,7475845315493643; 0,2403692537918687; 0,4601849038153887; 0,25069755921140313; 0,9508002302609384; 0,535695293918252; 0,5371254626661539; 0,6454152250662446
0,6880337646616363; 0,42075441777706146; 0,9750222591683269; 0,4724838496185839; 0,07352059660479426; 0,8037946210242808; 0,9219960048794746; 0,19023086689412594; 0,6995347696356475; 0,3355743205174804; 0,5246200966648757
-0,37200041883913393; 0,13127088686451316; 0,21178639633581042; 0,13423209404572845; 0,7890580152161419; 0,24345583887770772; 0,7070225300267339; 0,49290420208126307; 0,2900873958133161; 0,9230827135033906; 0,6389506389386952
0,8775807977386121; 0,66588235180825; 0,9694900359027088; 0,42521149571985006; 0,3608153574168682; 0,29725823225453496; 0,21361292153596878; 0,5567118898034096; 0,13031248096376657; 0,6452229358255863; 0,9120946084149182
0,03721170411783464; 0,25801702728495; 0,5110549055971205; 0,2991058574989438; 0,36227794643491507; 0,4594930396415293; 0,3305715271271765; 0,5330163519829512; 0,1429811092093587; 0,35516208969056606; 0,05350915575399995
1,498892911069899; 0,10846933117136359; 0,9255172689445317; 0,9110161364078522; 0,4497732282616198; 0,3045197753235698; 0,8324584481306374; 0,999455648008734; 0,6801373166963458; 0,2934231758117676; 0,25765110505744815
1,4577473653934; 0,3659363556653261; 0,09820319944992661; 0,7416295199654996; 0,3423682297579944; 0,481149569619447; 0,48747020307928324; 0,10159346554428339; 0,40366446832194924; 0,47106658574193716; 0,3269069087691605
1,010565173613198; 0,34576559206470847; 0,5446543507277966; 0,3034867160022259; 0,6232463675551116; 0,9050510637462139; 0,1195424497127533; 0,8461528224870563; 0,18530435534194112; 0,26080578565597534; 0,5595455495640635
1,5463123675879427; 0,7356749693863094; 0,0715792728587985; 0,44013318698853254; 0,05436164606362581; 0,09430877631530166; 0,5775554911233485; 0,5270756622776389; 0,8689666949212551; 0,8851526766084135; 0,6422834214754403
0,27042353869126184; 0,3165060607716441; 0,17100538406521082; 0,010181365069001913; 0,7628641221672297; 0,6542463391087949; 0,7098762798123062; 0,42989393323659897; 0,9584360625594854; 0,7183143990114331; 0,8149758288636804
1,16010268158074; 0,8226133859716356; 0,7787166936323047; 0,4161441773176193; 0,6597394021227956; 0,801834368146956; 0,7686338112689555; 0,9258225741796196; 0,37927541602402925; 0,5219020820222795; 0,40930263698101044
0,477555403307019; 0,5648259115405381; 0,1940379897132516; 0,4320042375475168; 0,27345713693648577; 0,08484584651887417; 0,2794862207956612; 0,587537809740752; 0,857152100186795; 0,053357075434178114; 0,1573161967098713
1,5575500105258582; 0,9725594199262559; 0,3191123395226896; 0,10222029685974121; 0,11167691880837083; 0,16163904778659344; 0,9484570533968508; 0,6885984907858074; 0,10798697685822845; 0,232634452637285; 0,7203257735818624
-0,2069135083761924; 0,21197250625118613; 0,017876215279102325; 0,3133703232742846; 0,8240495324134827; 0,9774751802906394; 0,38857631804421544; 0,9827287788502872; 0,5561117166653275; 0,6670502205379307; 0,02323025558143854
0,8425335455970893; 0,3705265913158655; 0,22778936475515366; 0,5558197097852826; 0,09556411625817418; 0,568377248942852; 0,16142593836411834; 0,9662525192834437; 0,3461202643811703; 0,7533822450786829; 0,44361548870801926
0,35526408964653017; 0,3916111239232123; 0,9020148674026132; 0,7944220807403326; 0,24022058257833123; 0,36471060989424586; 0,9084575814194977; 0,8556484668515623; 0,12288946378976107; 0,6835542041808367; 0,7594104092568159
0,18612679445003255; 0,28075062576681376; 0,9585027107968926; 0,693798067048192; 0,2136233584024012; 0,5429319394752383; 0,48467925004661083; 0,17127629788592458; 0,6131541072390974; 0,9799653221853077; 0,0963858924806118
1,1251171669856797; 0,9551094630733132; 0,828173229470849; 0,8391391248442233; 0,671746093314141; 0,31249200366437435; 0,5135566829703748; 0,8530751653015614; 0,8043438005261123; 0,47431614669039845; 0,22191282967105508
2,3667073420749167; 0,9823848940432072; 0,491693576797843; 0,3864723313599825; 0,12636890821158886; 0,2136116586625576; 0,7147647207602859; 0,6710107666440308; 0,2763799363747239; 0,03962260764092207; 0,41477849474176764
2,5506954004446336; 0,9828499844297767; 0,7332083652727306; 0,582287173718214; 0,5361389312893152; 0,5730661195702851; 0,7049706056714058; 0,6497608632780612; 0,17446882231160998; 0,11175695015117526; 0,43441892974078655
0,3460584532974906; 0,4868445354513824; 0,11919715441763401; 0,8874522550031543; 0,23621259024366736; 0,3050071820616722; 0,30162133229896426; 0,18344049295410514; 0,8168884445913136; 0,2245158744044602; 0,7999630412086844
0,018148247056414657; 0,301161655690521; 0,382411892991513; 0,592061925213784; 0,034195125102996826; 0,5083421394228935; 0,8065868327394128; 0,8243127861060202; 0,8276353944092989; 0,27254938473924994; 0,41149964975193143
0,6630227559344183; 0,5466493056155741; 0,6535051101818681; 0,8036714531481266; 0,39099542750045657; 0,40333304600790143; 0,625614766497165; 0,5273326891474426; 0,1306885313242674; 0,2537957392632961; 0,6382185905240476
1,5213872720170585; 0,8704016846604645; 0,3488241722807288; 0,8720259601250291; 0,43639256758615375; 0,14463320700451732; 0,09822077862918377; 0,1819044235162437; 0,9826663653366268; 0,9177641263231635; 0,8322969460859895
1,7631086628009704; 0,4430345259606838; 0,04565149312838912; 0,4553967732936144; 0,1702705300413072; 0,0604122132062912; 0,48111568205058575; 0,6620700634084642; 0,20601351698860526; 0,5121225258335471; 0,6687910710461438
2,2641428351670667; 0,9078533384017646; 0,2163184117525816; 0,4008140559308231; 0,38489249954000115; 0,7651029913686216; 0,944012850522995; 0,2908595809713006; 0,41542645171284676; 0,27722506364807487; 0,8805211358703673
-0,20968260077531442; 0,022589356638491154; 0,645184192340821; 0,13897376600652933; 0,5546804871410131; 0,7935398314148188; 0,2213220875710249; 0,5224845036864281; 0,9535730355419219; 0,08082600217312574; 0,40976494224742055
2,699358283997263; 0,8787444839254022; 0,9963463461026549; 0,3873211182653904; 0,22382624726742506; 0,45217950036749244; 0,0381939965300262; 0,31799651589244604; 0,04716453328728676; 0,4374128608033061; 0,3737070243805647
1,9947596145742452; 0,3088699225336313; 0,8294615377672017; 0,4072292926721275; 0,42952079977840185; 0,7029360947199166; 0,8533899281173944; 0,6999614210799336; 0,4671803927049041; 0,3464357894845307; 0,24113098857924342
1,6212734428271087; 0,04253589501604438; 0,710308619774878; 0,42820519767701626; 0,5306823081336915; 0,5630115405656397; 0,5771142807789147; 0,03272518655285239; 0,3465337916277349; 0,7665136596187949; 0,7262857616879046
2,136978888215876; 0,7067315122112632; 0,36796913435682654; 0,2928026020526886; 0,6099718678742647; 0,2959690564312041; 0,5507410829886794; 0,4338113139383495; 0,7944943555630744; 0,6477041384205222; 0,7603220432065427
2,105129982528722; 0,8697473923675716; 0,042174088302999735; 0,8178647006861866; 0,19390612561255693; 0,8202281100675464; 0,5204227198846638; 0,659879810642451; 0,5303730671294034; 0,5234329882077873; 0,8239823537878692
-0,0438454425544232; 0,08121232595294714; 0,6543461792171001; 0,8697313242591918; 0,5314867198467255; 0,805273624137044; 0,4404708012007177; 0,6064060595817864; 0,4330261996947229; 0,5754013312980533; 0,9663753067143261
1,8344429100627493; 0,5283628776669502; 0,24731723219156265; 0,7534432276152074; 0,08462994312867522; 0,5201524216681719; 0,2293042321689427; 0,9673119569197297; 0,6883982103317976; 0,4433380370028317; 0,8364246003329754
-0,27543439137630815; 0,18473408883437514; 0,2890235320664942; 0,8040523258969188; 0,8926003226079047; 0,6188481017015874; 0,24075562180951238; 0,2654911922290921; 0,6766675198450685; 0,33221686631441116; 0,4718391397036612
0,5421943197506365; 0,5082993945106864; 0,9958724337629974; 0,7913831607438624; 0,8784255608916283; 0,6124125588685274; 0,908997219055891; 0,8851294727064669; 0,00560761010274291; 0,6465258975513279; 0,9264511559158564
2,065687416275226; 0,6880268971435726; 0,8015260091051459; 0,4874148555099964; 0,8062688275240362; 0,4213857729919255; 0,13213470811024308; 0,3967750873416662; 0,5862716580741107; 0,011219635140150785; 0,7425227859057486
1,7267877285727442; 0,26199307944625616; 0,47675896948203444; 0,5096890893764794; 0,5731161977164447; 0,37392354337498546; 0,26429764134809375; 0,08730724127963185; 0,21949474699795246; 0,6747735003009439; 0,6486138249747455
1,6393475068980612; 0,4947770144790411; 0,7512428336776793; 0,5118658728897572; 0,47475722059607506; 0,2957423282787204; 0,0008090701885521412; 0,807863861322403; 0,9801965416409075; 0,12343025533482432; 0,7155082584358752
0,9085705149757966; 0,976075460202992; 0,44844556087628007; 0,6465236572548747; 0,3052780912257731; 0,7132787625305355; 0,6832895283587277; 0,11828494817018509; 0,3973569250665605; 0,0942913293838501; 0,8418152942322195
2,254304665506224; 0,9669020907022059; 0,35895607667043805; 0,34405765775591135; 0,5269040251150727; 0,2794878757558763; 0,2198895658366382; 0,7535854042507708; 0,3745628399774432; 0,48608261765912175; 0,06734701944515109
0,8645911799294416; 0,5255211838521063; 0,7651925790123641; 0,753048850223422; 0,23531568236649036; 0,9961645738221705; 0,1306271655485034; 0,8679273845627904; 0,062205142341554165; 0,8323343801312149; 0,45125571079552174
-0,29155384493161; 0,17970967665314674; 0,26928284764289856; 0,05607432825490832; 0,3377006878145039; 0,4530021119862795; 0,29646772472187877; 0,5761427576653659; 0,35029035387560725; 0,5821130350232124; 0,96084288880229
2,2318690394799505; 0,5874014250002801; 0,6671234001405537; 0,08037115773186088; 0,18049276806414127; 0,2793936859816313; 0,6618019421584904; 0,14782680850476027; 0,6732538547366858; 0,8492521909065545; 0,18417338794097304
2,1810078950212084; 0,7059673378244042; 0,7908400199376047; 0,33683305513113737; 0,33975355699658394; 0,19169359933584929; 0,3510974543169141; 0,8549768822267652; 0,3596975076943636; 0,9805760425515473; 0,6820963327772915
0,07823685402754754; 0,5448042689822614; 0,49826396303251386; 0,7384458985179663; 0,9852810925804079; 0,7045447630807757; 0,7306580650620162; 0,3154152100905776; 0,4675102485343814; 0,17166932625696063; 0,9468987635336816
0,06775053991460467; 0,3519412078894675; 0,3582281554117799; 0,8938513677567244; 0,1594528965651989; 0,7064336836338043; 0,2818619478493929; 0,21508753392845392; 0,5674509522505105; 0,8842010078951716; 0,9205975281074643
1,0596171408585122; 0,6376266027800739; 0,06427488010376692; 0,14797093346714973; 0,6756610642187297; 0,8291363529860973; 0,4024746725335717; 0,28378056548535824; 0,1476625045761466; 0,8884988692589104; 0,7577446205541492
1,7497284852762922; 0,6504913484677672; 0,920564197935164; 0,6790010542608798; 0,692816324532032; 0,1348637747578323; 0,595035292673856; 0,6783458068966866; 0,9958398258313537; 0,9338022284209728; 0,8427290227264166
1,4068288382934795; 0,22816509660333395; 0,7494608289562166; 0,23875166941434145; 0,008454261347651482; 0,4376483126543462; 0,16745194280520082; 0,8814990557730198; 0,6978513640351593; 0,5598157960921526; 0,3295671623200178
0,7188467692767035; 0,9813392492942512; 0,47665965743362904; 0,45675489818677306; 0,8321654312312603; 0,9039144744165242; 0,6868918295949697; 0,7038986473344266; 0,15601535746827722; 0,9678610651753843; 0,5950866122730076
0,1575643502809183; 0,7259773937985301; 0,10328612523153424; 0,7563216844573617; 0,8951481794938445; 0,5692358431406319; 0,054588005412369967; 0,24693175125867128; 0,6007399782538414; 0,764357986394316; 0,016686131712049246
-0,042264399474338576; 0,5493419915437698; 0,26711545418947935; 0,8781923381611705; 0,7848226712085307; 0,283698829356581; 0,007411300670355558; 0,4137196000665426; 0,9394784374162555; 0,7287443936802447; 0,5932760201394558
1,422132398324706; 0,6956221652217209; 0,3053809078410268; 0,514132053591311; 0,07644321955740452; 0,010976765770465136; 0,149597670417279; 0,33161724591627717; 0,787773986812681; 0,6909243608824909; 0,9635187508538365
-0,017623248385379764; 0,5226830998435616; 0,06839707959443331; 0,634894847869873; 0,11644357023760676; 0,9239811142906547; 0,9367469176650047; 0,06017356365919113; 0,4149761004373431; 0,8407065682113171; 0,30187902273610234
0,42635821602026674; 0,4934759330935776; 0,7935508810915053; 0,8449755506590009; 0,6715374393388629; 0,4683057893998921; 0,5470357765443623; 0,838051991071552; 0,19730792799964547; 0,3246446535922587; 0,5410497118718922
1,3882988095863968; 0,0354114375077188; 0,17424028227105737; 0,6260880255140364; 0,22853164607658982; 0,7142310598865151; 0,2643824270926416; 0,8438043869100511; 0,9173307940363884; 0,8859827830456197; 0,8354320470243692
-0,4754521472557849; 0,06876212451606989; 0,2912601768039167; 0,8394632800482213; 0,9605362666770816; 0,2171228863298893; 0,9920775112695992; 0,07213717186823487; 0,7965262001380324; 0,33614499401301146; 0,4242460737004876
0,24077462818426582; 0,761312348768115; 0,25656749214977026; 0,4816950475797057; 0,8021954274736345; 0,147399989888072; 0,0874215648509562; 0,9341776273213327; 0,7743750121444464; 0,01292792847380042; 0,11770618846639991
2,5953697836461602; 0,7608064874075353; 0,9348453260026872; 0,5803611697629094; 0,5168991568498313; 0,40140941832214594; 0,09667969448491931; 0,0946040521375835; 0,005775371100753546; 0,4450147692114115; 0,4070474044419825
1,0043836126282863; 0,8100674548186362; 0,11031226394698024; 0,059148370288312435; 0,7726411037147045; 0,057708227541297674; 0,9703761367127299; 0,8345464626327157; 0,31056571332737803; 0,43699147505685687; 0,759897789452225
0,7322384362574919; 0,18916998617351055; 0,4659783220849931; 0,9274380272254348; 0,41859546722844243; 0,19363874150440097; 0,08267401531338692; 0,6110785668715835; 0,7458730638027191; 0,11218101484701037; 0,3443401916883886
1,2515760611496058; 0,7207110286690295; 0,5393013660795987; 0,15703182108700275; 0,26987913716584444; 0,9728711228817701; 0,057780261151492596; 0,7487511336803436; 0,30149928014725447; 0,7697674045339227; 0,6245303465984762
0,5404697079961602; 0,3192996298894286; 0,3977604527026415; 0,8542790962383151; 0,30080021638423204; 0,9451772100292146; 0,03448527306318283; 0,2633625562302768; 0,026853365823626518; 0,3103261454962194; 0,8993285181932151
0,29963304257756274; 0,9750467678532004; 0,0014431276358664036; 0,7604101221077144; 0,9668452925980091; 0,9192308089695871; 0,11873870063573122; 0,549713792745024; 0,38557954877614975; 0,11022394243627787; 0,1841971124522388
1,3356913902746195; 0,4476503157056868; 0,7319222348742187; 0,10887076752260327; 0,038084021769464016; 0,6999140693806112; 0,9461785992607474; 0,12367853429168463; 0,9106307276524603; 0,21241983352229; 0,009644283913075924
0,48249912421593827; 0,34250137442722917; 0,27886517997831106; 0,4690934740938246; 0,7296958174556494; 0,6136764846742153; 0,7794557423330843; 0,0401097503490746; 0,8578352616168559; 0,5386851201765239; 0,11601521074771881
-0,2411476554005716; 0,20250446815043688; 0,19123202236369252; 0,5098384483717382; 0,03053527930751443; 0,5591814368963242; 0,10891376854851842; 0,7497497564181685; 0,19128229515627027; 0,5408399845473468; 0,6198572493158281
0,42478248053070594; 0,36057470878586173; 0,8250361001119018; 0,9824463147670031; 0,07205169089138508; 0,230129714589566; 0,26619166834279895; 0,6973209548741579; 0,1864249357022345; 0,35589312110096216; 0,21598877990618348
1,9280545182084978; 0,59920389438048; 0,478094560559839; 0,9942132718861103; 0,5701236240565777; 0,13790488801896572; 0,47774064913392067; 0,6329332464374602; 0,6797013664618134; 0,8784644603729248; 0,9494244889356196
0,18418193635172742; 0,433009484782815; 0,7742474745027721; 0,24338548351079226; 0,6524504451081157; 0,022724848240613937; 0,414584394544363; 0,12573839770630002; 0,6927209398709238; 0,24349174043163657; 0,27178097097203135
1,8705295188040592; 0,8989581190980971; 0,899208664894104; 0,4501689691096544; 0,6794945821166039; 0,35479486593976617; 0,1631330125965178; 0,6613174071535468; 0,6223658877424896; 0,35528803430497646; 0,4205348361283541
1,216727766766541; 0,6402963232249022; 0,6495959172025323; 0,363352014683187; 0,468142821919173; 0,5251432526856661; 0,4981251829303801; 0,0307665029540658; 0,692013040650636; 0,28903735568746924; 0,117729761172086
1,433347529476803; 0,10651542665436864; 0,5812727613374591; 0,18496879749000072; 0,17271325923502445; 0,07640483696013689; 0,9607367222197354; 0,04193911515176296; 0,5680580604821444; 0,9752384694293141; 0,6035869130864739
1,6579959203087287; 0,45694604702293873; 0,5288552562706172; 0,21353142615407705; 0,5388593971729279; 0,1874240105971694; 0,6931445454247296; 0,7825868236832321; 0,8290616916492581; 0,1332006105221808; 0,1095084585249424
-0,05124827385731251; 0,4132522535510361; 0,3391140541061759; 0,7474876758642495; 0,902139840181917; 0,8484506634995341; 0,0600354284979403; 0,420671122148633; 0,0943584949709475; 0,3785729189403355; 0,6155111971311271
0,8895113651912437; 0,49636929808184505; 0,34796434035524726; 0,4099556989967823; 0,39181818533688784; 0,5420554457232356; 0,44799089105799794; 0,5526405973359942; 0,5964435199275613; 0,19905458996072412; 0,23601701110601425
0,5510669388745257; 0,49421202996745706; 0,38681943947449327; 0,970798677764833; 0,5954347215592861; 0,7651184485293925; 0,5830984418280423; 0,3674602257087827; 0,7102540316991508; 0,5051829558797181; 0,23108833143487573
1,2361877640164955; 0,9143838481977582; 0,7783211534842849; 0,8567372774705291; 0,6477440386079252; 0,9023357569240034; 0,12903951341286302; 0,3868901999667287; 0,3262511524371803; 0,3111630566418171; 0,16837054584175348
0,9659824002935871; 0,06946018664166331; 0,41661751130595803; 0,40254376037046313; 0,6182680162601173; 0,8085095351561904; 0,6231066938489676; 0,563930637203157; 0,21953908912837505; 0,14080859534442425; 0,6419043564237654
2,2399702081482484; 0,8530351961962879; 0,49321414437144995; 0,231609464623034; 0,003478940110653639; 0,868178382050246; 0,7271462311036885; 0,8362111300230026; 0,7816514004953206; 0,06644573016092181; 0,5963120637461543
0,5393083529741474; 0,75233950978145; 0,8551405277103186; 0,8725538393482566; 0,4692043107934296; 0,44575700256973505; 0,9788295109756291; 0,8453390067443252; 0,30791302490979433; 0,8333946489728987; 0,5391067862510681
0,03709318598481029; 0,0778087149374187; 0,7811172874644399; 0,8491510474123061; 0,2686491161584854; 0,04797809990122914; 0,4439865876920521; 0,651035784278065; 0,8265862087719142; 0,6124720582738519; 0,6466941507533193
-0,2361756190186604; 0,31610927917063236; 0,3526604911312461; 0,5645473394542933; 0,34851788403466344; 0,42451599705964327; 0,03574765659868717; 0,6616886127740145; 0,1971450336277485; 0,21273063076660037; 0,03706460306420922
1,7585089412913293; 0,5115527547895908; 0,44032532116398215; 0,9152105366811156; 0,04420629469677806; 0,12680872762575746; 0,594700186047703; 0,16845938470214605; 0,6568421116098762; 0,23656060034409165; 0,34351701755076647
2,185259649487441; 0,4873245619237423; 0,8870567213743925; 0,6493851831182837; 0,45613274443894625; 0,008199017494916916; 0,31806499790400267; 0,030756087508052588; 0,35415967274457216; 0,5776132578030229; 0,6491616307757795
-0,20076087120511849; 0,359466684050858; 0,34005334693938494; 0,214854100253433; 0,9153637820854783; 0,5280580054968596; 0,7381924213841558; 0,5611254014074802; 0,8068841933272779; 0,24282214045524597; 0,3274466088041663
0,6152743946099266; 0,9473590543493629; 0,2579934326931834; 0,19501983234658837; 0,9946764670312405; 0,2387180714868009; 0,1321990010328591; 0,46439628722146153; 0,5636055101640522; 0,2833543037995696; 0,8421661937609315
1,5926828108135285; 0,7089780699461699; 0,40037635480985045; 0,38165277522057295; 0,4672392630018294; 0,24260381376370788; 0,6269257296808064; 0,37029772950336337; 0,8094366495497525; 0,166206541005522; 0,4804744189605117
-0,10198940277395663; 0,47821382572874427; 0,05373771581798792; 0,25823444966226816; 0,22892622742801905; 0,12561692111194134; 0,13623431883752346; 0,7397118448279798; 0,3180677145719528; 0,20053288200870156; 0,07645207829773426
1,5851953850367637; 0,2562232566997409; 0,46428352501243353; 0,9568636757321656; 0,45334607921540737; 0,5454366086050868; 0,15066140424460173; 0,48091120831668377; 0,49215006781741977; 0,9805317125283182; 0,31557506415992975
1,2202963739838242; 0,8034719885326922; 0,36529106833040714; 0,5287958602420986; 0,6081912568770349; 0,8318777671083808; 0,5803093751892447; 0,9179212246090174; 0,8873129626736045; 0,598383885808289; 0,45484601939097047
0,6332206026843791; 0,47101667104288936; 0,6755235977470875; 0,28652128344401717; 0,7288338053040206; 0,40527194319292903; 0,7009040610864758; 0,1918689631856978; 0,17296950053423643; 0,7083664750680327; 0,4548300467431545
0,38234258711761127; 0,7154859574511647; 0,6549287377856672; 0,6835517990402877; 0,6541276117786765; 0,2501651681959629; 0,6759098577313125; 0,9089443720877171; 0,9121964094229043; 0,9961133152246475; 0,06460661115124822
2,0942102145553956; 0,49203544994816184; 0,7190879988484085; 0,29931990150362253; 0,047157212160527706; 0,755399227142334; 0,7824033396318555; 0,5212976564653218; 0,1056448775343597; 0,829680462833494; 0,2542148963548243
0,5139258477007586; 0,3531442675739527; 0,11517554149031639; 0,9038181472569704; 0,024499145336449146; 0,37903505470603704; 0,6159612853080034; 0,4929057704284787; 0,33538723504170775; 0,46274982392787933; 0,586511337198317
1,1717231805960449; 0,5687332465313375; 0,102686517406255; 0,8586611556820571; 0,37727791303768754; 0,20453507779166102; 0,3869314785115421; 0,18829294806346297; 0,9771149982698262; 0,17538679018616676; 0,1303792861290276
1,006501659541629; 0,5596810835413635; 0,33233414590358734; 0,28455566335469484; 0,4251494789496064; 0,8446018327958882; 0,07473447825759649; 0,6188056352548301; 0,2798110912553966; 0,12664725119248033; 0,23517787968739867
0,7347029795904592; 0,9523767316713929; 0,7255488634109497; 0,7775254752486944; 0,3724247217178345; 0,8581042345613241; 0,56183224869892; 0,08595710713416338; 0,9428839120082557; 0,31132300244644284; 0,3815791322849691
0,5321335226514501; 0,4881216096691787; 0,5424018856137991; 0,32170661073178053; 0,2956638098694384; 0,6087775067426264; 0,7795836478471756; 0,30730246054008603; 0,5006173704750836; 0,863525836262852; 0,5489673209376633
0,04201469231293098; 0,5968029680661857; 0,35372763499617577; 0,03117674868553877; 0,7628926741890609; 0,10935744177550077; 0,18507698317989707; 0,9447632553055882; 0,32931075943633914; 0,7249309946782887; 0,6190017056651413
0,893129130324309; 0,561317564919591; 0,716479660011828; 0,6540532726794481; 0,5586731880903244; 0,5849059768952429; 0,4825703087262809; 0,3655817802064121; 0,9788127075880766; 0,5525933327153325; 0,7308865557424724
0,6675653804881312; 0,31747196381911635; 0,18930382234975696; 0,0437953332439065; 0,4150646133348346; 0,08505429048091173; 0,5841248827055097; 0,18108011269941926; 0,2816244065761566; 0,4220281261950731; 0,691247122362256
0,033322766173379426; 0,27142014540731907; 0,7876453283242881; 0,9564980105496943; 0,9087909893132746; 0,4456344423815608; 0,6351493406109512; 0,7469098926521838; 0,3885907270014286; 0,7245944016613066; 0,826674587558955
0,28393156481314696; 0,7749894475564361; 0,44478685734793544; 0,19442263478413224; 0,8950440096668899; 0,0586717133410275; 0,5748970620334148; 0,5605645850300789; 0,4047264205291867; 0,25535413064062595; 0,688042791094631
0,7296894013471666; 0,21260485285893083; 0,6924331979826093; 0,030040604528039694; 0,6705880397930741; 0,9676347705535591; 0,3601715415716171; 0,8746858229860663; 0,15999149810522795; 0,41136681381613016; 0,5824108864180744
-0,314652579892337; 0,06715154089033604; 0,5697620175778866; 0,5123336226679385; 0,8180443979799747; 0,2791038607247174; 0,033289264887571335; 0,7820173129439354; 0,25802780222147703; 0,6227856217883527; 0,7300945590250194
0,8605341797828685; 0,8779962905682623; 0,8207064946182072; 0,23279484128579497; 0,7311847023665905; 0,4756449875421822; 0,3958680280484259; 0,6122629842720926; 0,3164433897472918; 0,21220575412735343; 0,933690826408565
1,3811561207697207; 0,6013056593947113; 0,8587644374929368; 0,4600291191600263; 0,6600746395997703; 0,28763302508741617; 0,17947390163317323; 0,48387297708541155; 0,029024844523519278; 0,35980921564623713; 0,8801402053795755
0,14768337127769343; 0,38976190611720085; 0,08105190144851804; 0,6708285952918231; 0,7988084219396114; 0,5844264999032021; 0,49321362748742104; 0,06215613940730691; 0,21493096696212888; 0,2662063823081553; 0,1405974216759205
0,1371049248635957; 0,40583690674975514; 0,489286030177027; 0,03852599486708641; 0,8573333122767508; 0,6082455688156188; 0,9113280694000423; 0,03040953353047371; 0,051410846412181854; 0,22440574411302805; 0,7145944493822753
0,6722108249921439; 0,9657806474715471; 0,6885378835722804; 0,11193626513704658; 0,8429053286090493; 0,7924433690495789; 0,3522900566458702; 0,4745654556900263; 0,9179912968538702; 0,7986788572743535; 0,918182191438973
1,9563757623363902; 0,4808365632779896; 0,6061332551762462; 0,9008447998203337; 0,3904329352080822; 0,8458175747655332; 0,11741783237084746; 0,08795236377045512; 0,9326533242128789; 0,04541713185608387; 0,42595204757526517
1,9773626173084102; 0,3590048304758966; 0,6530118440277874; 0,6842613876797259; 0,6038867449387908; 0,9881176697090268; 0,021025482565164566; 0,9558696574531496; 0,6753154876641929; 0,9823952987790108; 0,9394088503904641
1,1094071724138008; 0,6068291002884507; 0,2414733935147524; 0,20591888204216957; 0,17619530763477087; 0,49278926756232977; 0,7923636441119015; 0,2780706472694874; 0,6985669010318816; 0,9639972974546254; 0,99549725279212
1,0200053579775408; 0,7689171936362982; 0,8599246512167156; 0,43520113406702876; 0,34295139322057366; 0,17346738139167428; 0,8148901080712676; 0,9547622217796743; 0,9996116403490305; 0,5634411359205842; 0,6467034062370658
1,7909000852085122; 0,043626395519822836; 0,7554541653953493; 0,7354844030924141; 0,4170571705326438; 0,22447435418143868; 0,822100215125829; 0,16946382680907845; 0,38666592724621296; 0,8837596089579165; 0,5955681367777288
1,5983794515024465; 0,7418770398944616; 0,23388552013784647; 0,16207489464432; 0,03542727092280984; 0,9106515585444868; 0,17340302001684904; 0,9069983046501875; 0,4362814179621637; 0,5188868497498333; 0,5376575565896928
0,2511931050527939; 0,9126180075109005; 0,030814602971076965; 0,17667106771841645; 0,7281616716645658; 0,3457206073217094; 0,27252199687063694; 0,7324919388629496; 0,27925826981663704; 0,08800593856722116; 0,44587775226682425
1,1553296818679355; 0,9278162205591798; 0,25229115691035986; 0,41525954846292734; 0,18914668867364526; 0,9638823005370796; 0,0297648711130023; 0,11840910650789738; 0,43753308104351163; 0,5034105777740479; 0,4528615763410926
0,487411985913211; 0,9232456921599805; 0,5522847669199109; 0,9409448495134711; 0,9684227555990219; 0,8288982952944934; 0,30297444853931665; 0,697378555778414; 0,06885300343856215; 0,3193126544356346; 0,3823199886828661
1,201441337666428; 0,913638215046376; 0,9789205072447658; 0,34884235402569175; 0,7725581149570644; 0,05235946364700794; 0,13509151339530945; 0,0866759936325252; 0,8826273623853922; 0,839154776185751; 0,37139612063765526
0,48820306675908454; 0,7913885321468115; 0,7108731563203037; 0,9596969727426767; 0,21086558606475592; 0,2418349483050406; 0,33684175089001656; 0,838114651851356; 0,22194752283394337; 0,2594450740143657; 0,8077865433879197
0,22570653202493823; 0,42410592921078205; 0,8461213777773082; 0,7971853385679424; 0,35357330879196525; 0,6495750048197806; 0,642989301122725; 0,7903576376847923; 0,5573379816487432; 0,49005637085065246; 0,05491075245663524
1,5299519069875798; 0,387470368295908; 0,5073593743145466; 0,37068752152845263; 0,1430163448676467; 0,8020705794915557; 0,37223863089457154; 0,17137891333550215; 0,9189813253469765; 0,5176153536885977; 0,5154020609334111
1,9199621197501808; 0,32065545627847314; 0,6691301106475294; 0,24166483571752906; 0,207911963108927; 0,8281383658759296; 0,12262499053031206; 0,8068972639739513; 0,21457919059321284; 0,8915518885478377; 0,8502626470290124
0,4778321472372228; 0,5703072403557599; 0,8246141248382628; 0,8234924026764929; 0,36506973346695304; 0,19470644649118185; 0,17809515167027712; 0,4852511715143919; 0,5355030884966254; 0,4784810193814337; 0,9154683323577046
0,0575036257861431; 0,3615696234628558; 0,3806497813202441; 0,9619618775323033; 0,9847992975264788; 0,8678503083065152; 0,17856734059751034; 0,7618906404823065; 0,8799835885874927; 0,39613135578110814; 0,9919666908681393
0,9575540111874914; 0,39644137490540743; 0,6923196273855865; 0,5765706798993051; 0,8833311689086258; 0,4361023036763072; 0,0007174154743552208; 0,2612492134794593; 0,6826734910719097; 0,8832886097952724; 0,6031764349900186
2,2541554461828017; 0,8166541298851371; 0,38629360496997833; 0,47459396766498685; 0,6754420134238899; 0,9857908748090267; 0,7456231471151114; 0,19527054810896516; 0,8274249541573226; 0,7842922466807067; 0,4954407229088247
1,0755307741654656; 0,6482386528514326; 0,9047016557306051; 0,08076951373368502; 0,7580449585802853; 0,9392174710519612; 0,7651570555754006; 0,7355701448395848; 0,02384230913594365; 0,4469792051240802; 0,7340789488516748
1,9483222580655601; 0,4607779188081622; 0,6484616748057306; 0,7407591119408607; 0,38417775416746736; 0,7309607951901853; 0,06701093539595604; 0,7430189899168909; 0,09008698584511876; 0,6735231936909258; 0,5053721233271062
1,4906852027951927; 0,5494867381639779; 0,8956747995689511; 0,15933930547907948; 0,6626221863552928; 0,48661718936637044; 0,8082014257088304; 0,7069234955124557; 0,06690029939636588; 0,9837052933871746; 0,029325710143893957
-0,0664507461018552; 0,4591557141393423; 0,40135590685531497; 0,23757599387317896; 0,20810772711411119; 0,09846588969230652; 0,5195801653899252; 0,21627880074083805; 0,2167331175878644; 0,5254451157525182; 0,10829545045271516
2,156600752815258; 0,864274038001895; 0,2080316967330873; 0,6866697128862143; 0,49462961265817285; 0,6707337438128889; 0,5753310336731374; 0,4446234777569771; 0,05985755333676934; 0,051801924128085375; 0,8514166120439768
0,06423777130789216; 0,24613193748518825; 0,6535843810997903; 0,7350070984102786; 0,8367651714943349; 0,9886905918829143; 0,8167124735191464; 0,15498118475079536; 0,25410581659525633; 0,4165130667388439; 0,10268579423427582
0,8740379267833582; 0,35306811332702637; 0,44884294737130404; 0,11285626143217087; 0,2893846109509468; 0,02088521746918559; 0,29710933892056346; 0,4413087838329375; 0,5739666763693094; 0,3228934817016125; 0,3957037478685379
2,0071891753574906; 0,8473992901854217; 0,1884489730000496; 0,16652239533141255; 0,15753286704421043; 0,5326809464022517; 0,2858171663247049; 0,41834925999864936; 0,8840877949260175; 0,5168809457682073; 0,5894788787700236
1,6442737183422615; 0,23101214272901416; 0,27175836218521; 0,32689924258738756; 0,5200536837801337; 0,6396870412863791; 0,4110796097666025; 0,27692147716879845; 0,8269845573231578; 0,3983965232037008; 0,9075885158963501
0,7826592660610624; 0,5519414679147303; 0,9553944608196616; 0,4780671764165163; 0,1860986198298633; 0,762892821803689; 0,5754527836106718; 0,9872828330844641; 0,9504637513309717; 0,3367458493448794; 0,2638636427000165
1,680128925055348; 0,2956674201413989; 0,2036713445559144; 0,7701451373286545; 0,8868592125363648; 0,18197282450273633; 0,019248752389103174; 0,5023673246614635; 0,16644646087661386; 0,6665393630973995; 0,7686141347512603
0,04584628338619645; 0,6139180096797645; 0,3383651664480567; 0,9338935506530106; 0,20753982104361057; 0,894535543397069; 0,2928901417180896; 0,22152474988251925; 0,02747023059055209; 0,8815766046755016; 0,4843859518878162
0,6608484794871592; 0,9215041291899979; 0,6831886116415262; 0,218186488840729; 0,3051727917045355; 0,5962017122656107; 0,11462206533178687; 0,9528413168154657; 0,25848449720069766; 0,8728948528878391; 0,4901649560779333
1,7625400032897591; 0,8917549680918455; 0,7737688394263387; 0,6612440757453442; 0,05469020875170827; 0,7327236398123205; 0,8177836737595499; 0,26506847282871604; 0,2997966823168099; 0,4072114871814847; 0,41913674399256706
0,5140661605667846; 0,9577762130647898; 0,26155803073197603; 0,8252389123663306; 0,8607919025234878; 0,6857443968765438; 0,2741161836311221; 0,5134401875548065; 0,7257677624002099; 0,4414366711862385; 0,33537418860942125
0,07616136324516809; 0,3170381039381027; 0,7160677709616721; 0,7885168669745326; 0,27007886534556746; 0,3685119436122477; 0,40840610768646; 0,25230693724006414; 0,10530548030510545; 0,9459289875812829; 0,9406158565543592
1,2778754935869583; 0,03852905612438917; 0,7226336374878883; 0,032476110849529505; 0,5999460117891431; 0,47254906594753265; 0,20482885697856545; 0,7436618967913091; 0,5923147760331631; 0,1607692977413535; 0,37990293512120843
1,1749433050295122; 0,8577985400334001; 0,258403932210058; 0,16429556207731366; 0,25648590736091137; 0,3684756546281278; 0,16824343986809254; 0,4823673735372722; 0,45177455386146903; 0,5598604562692344; 0,20700484048575163
1,9612568921409865; 0,6775941513478756; 0,8960557482205331; 0,9461962445639074; 0,20761354453861713; 0,18042646767571568; 0,8317731381393969; 0,9130512536503375; 0,9251347808167338; 0,25058345310389996; 0,928858928848058
1,2888603334234743; 0,9086995222605765; 0,6568080745637417; 0,8460479192435741; 0,47425078647211194; 0,5796724101528525; 0,09513630392029881; 0,4546748958528042; 0,307745274156332; 0,938900507055223; 0,24263313738629222
1,7086307864939427; 0,4051506328396499; 0,4153740582987666; 0,2710694489069283; 0,5743729965761304; 0,2928562518209219; 0,5616899798624218; 0,9246914410032332; 0,1862758961506188; 0,62836456252262; 0,4750792905688286
0,005476520382153849; 0,31906271632760763; 0,0015848008915781975; 0,2579260431230068; 0,8019000650383532; 0,9258879325352609; 0,8231792016886175; 0,6650784648954868; 0,1722545176744461; 0,9615840520709753; 0,9781465055420995
-0,05305854083217798; 0,26640412118285894; 0,684495591558516; 0,04417802486568689; 0,8108701980672777; 0,07424247777089477; 0,39694775082170963; 0,08060263050720096; 0,4485309040173888; 0,428658168297261; 0,9815191137604415
2,2993677885974266; 0,988727172371; 0,09943587379530072; 0,5628138389438391; 0,30171113135293126; 0,3515553274191916; 0,8954830183647573; 0,8147671017795801; 0,4785816092044115; 0,8745618546381593; 0,7882573935203254
1,4465592076988867; 0,741073596291244; 0,8982376679778099; 0,1313052517361939; 0,6919326414354146; 0,7280367659404874; 0,7885079304687679; 0,0011358181945979595; 0,6335731656290591; 0,11376021569594741; 0,034896052442491055
-0,08181634468926113; 0,3575644940137863; 0,462320648599416; 0,5693108318373561; 0,936449077911675; 0,995682364795357; 0,36022860184311867; 0,24311306327581406; 0,033976991195231676; 0,8703914592042565; 0,2365272189490497
2,3829734793412323; 0,9029824971221387; 0,47944545513018966; 0,16772681381553411; 0,493287168443203; 0,836595066357404; 0,2908572140149772; 0,8790533673018217; 0,8709150794893503; 0,3186142211779952; 0,7185354265384376
1,5471673865834126; 0,10335604380816221; 0,4050009548664093; 0,6971182660199702; 0,5400343225337565; 0,240866391453892; 0,16879096115007997; 0,16794652864336967; 0,36018863040953875; 0,1667661783285439; 0,6799851497635245
1,5420414533070632; 0,4430251279845834; 0,5282327490858734; 0,14321533450856805; 0,09188424469903111; 0,21502753300592303; 0,38848986523225904; 0,033745856024324894; 0,20243754470720887; 0,3938518585637212; 0,6561231794767082
1,7366492282951806; 0,6984268734231591; 0,09048361051827669; 0,9132086401805282; 0,9517766335047781; 0,1305789276957512; 0,4741900316439569; 0,813751089386642; 0,1217290828935802; 0,3281023809686303; 0,06207241676747799
-0,17791746018816668; 0,3125606747344136; 0,009287936612963676; 0,6410817997530103; 0,7040548445656896; 0,979483790230006; 0,9895906746387482; 0,712856512516737; 0,8928694785572588; 0,8973026322200894; 0,7156943050213158
0,5268096195723753; 0,9338326989673078; 0,5747079150751233; 0,8549428964033723; 0,81273502856493; 0,26497920555993915; 0,8127516130916774; 0,9012221284210682; 0,3014385551214218; 0,6346869706176221; 0,9407308087684214
0,838941022222536; 0,647495228331536; 0,6890056813135743; 0,772213616874069; 0,663310379255563; 0,11039684573188424; 0,7262641550041735; 0,014364598784595728; 0,8674852047115564; 0,8355599618516862; 0,0557480719871819
-0,02238176244972967; 0,40111684519797564; 0,1442184024490416; 0,7926675565540791; 0,9121096688322723; 0,9513262575492263; 0,5503557939082384; 0,14730975171551108; 0,8045769133605063; 0,43410479789599776; 0,7640568176284432
1,668516323516765; 0,3399362317286432; 0,36304141860455275; 0,22403531707823277; 0,19963399227708578; 0,3321374556981027; 0,5445902985520661; 0,3822790211997926; 0,5452936156652868; 0,9075088589452207; 0,19447391713038087
0,5917410523989997; 0,7258323347195983; 0,9449310479685664; 0,5538481413386762; 0,9538446026854217; 0,804337349254638; 0,02254783408716321; 0,8092095516622066; 0,2648536046035588; 0,7765239300206304; 0,9322599279694259
1,6402247291360703; 0,38608570769429207; 0,2954512410797179; 0,8703857916407287; 0,4546279003843665; 0,6346549768932164; 0,984594480600208; 0,681130722630769; 0,7838220247067511; 0,6808259752579033; 0,1322293090634048
1,1314518389851749; 0,4822951746173203; 0,9654646832495928; 0,05265868129208684; 0,8845267677679658; 0,1458055735565722; 0,5870047975331545; 0,26067072339355946; 0,13840797590091825; 0,6077983467839658; 0,13658110378310084
1,1785399402991277; 0,7279966417700052; 0,9287360617890954; 0,6968821003101766; 0,15552156744524837; 0,45018579065799713; 0,5749820559285581; 0,0907661416567862; 0,7006609477102757; 0,23016258189454675; 0,22234899317845702
0,4414744859041507; 0,8036267762072384; 0,5449695363640785; 0,9354172172024846; 0,535445399582386; 0,5872624171897769; 0,018486445769667625; 0,3383000553585589; 0,2814869345165789; 0,4134969566948712; 0,6894706874154508
-0,44614057582449734; 0,19218681193888187; 0,01636134134605527; 0,7272068541496992; 0,008418056182563305; 0,6699489369057119; 0,17666035238653421; 0,7741047590970993; 0,9699567719362676; 0,3607682432048023; 0,7398075712844729
0,4046181882395165; 0,148475153837353; 0,6503834784962237; 0,13218956161290407; 0,7346964413300157; 0,5336780236102641; 0,8241315581835806; 0,2922867638990283; 0,3684962769038975; 0,1845897352322936; 0,1873003258369863
2,024399784348384; 0,9941465840674937; 0,058730206452310085; 0,16507308278232813; 0,5755657739937305; 0,4344840911217034; 0,15601777099072933; 0,11082923226058483; 0,29853700939565897; 0,938003231305629; 0,31370812840759754
1,7671171628583298; 0,7132832081988454; 0,615256579592824; 0,4199349582195282; 0,2638948308303952; 0,2255843007005751; 0,6798850297927856; 0,7626533866859972; 0,9584988551214337; 0,19624517997726798; 0,9781546262092888
0,294247129675173; 0,8260632278397679; 0,15085455775260925; 0,9864454106427729; 0,27314022881910205; 0,3146016797982156; 0,5195057168602943; 0,26864284137263894; 0,3913013059645891; 0,47012670850381255; 0,05980149982497096
-0,10479113728678635; 0,3939173021353781; 0,3883250751532614; 0,7941942270845175; 0,7396892034448683; 0,3995997365564108; 0,3051980989985168; 0,02624697284772992; 0,3460613735951483; 0,37311831349506974; 0,10282999696210027
0,70896015091848; 0,8665235312655568; 0,24784908024594188; 0,2694263504818082; 0,7797919567674398; 0,7262211600318551; 0,11892417399212718; 0,570397068746388; 0,33961643232032657; 0,6363288247957826; 0,1973144612275064
0,02909785045438762; 0,5485580544918776; 0,32642505317926407; 0,7635283851996064; 0,9072891543619335; 0,09258284466341138; 0,7550217290408909; 0,716995810624212; 0,4992867452092469; 0,9569452162832022; 0,4919426846317947
0,06938550677219735; 0,6404058476909995; 0,3431660532951355; 0,4448406691662967; 0,45181202329695225; 0,36107581155374646; 0,7810788052156568; 0,7459012395702302; 0,5116243776865304; 0,6407221797853708; 0,7721848101355135
1,8487103613309033; 0,8766297721303999; 0,6732625933364034; 0,22743326611816883; 0,566478141117841; 0,15087947761639953; 0,3671631794422865; 0,6825797627680004; 0,10834755282849073; 0,23619056213647127; 0,5746115306392312
0,17497502995953174; 0,818451807834208; 0,1819792059250176; 0,6466655675321817; 0,980995237827301; 0,10234645335003734; 0,518462544772774; 0,493012307677418; 0,5701223453506827; 0,06356216128915548; 0,3516779635101557
0,5817667118149404; 0,5803240719251335; 0,5982033628970385; 0,6434641657397151; 0,7590710003860295; 0,8364914823323488; 0,3138439725153148; 0,1410579178482294; 0,4562789727933705; 0,5016596456989646; 0,06257491046562791
1,9867167797171827; 0,8365355124697089; 0,8378897588700056; 0,1907426523976028; 0,025901721324771643; 0,9137905980460346; 0,7546972208656371; 0,33360273763537407; 0,3446797179058194; 0,7509101000614464; 0,6206929218024015
0,4282316304643812; 0,9884106311947107; 0,26555486442521214; 0,3749146410264075; 0,9236628613434732; 0,3206606679596007; 0,79028211068362; 0,2774356734007597; 0,013375882990658283; 0,9026570138521492; 0,3223145268857479
0,6213028054628461; 0,1436128537170589; 0,25818523205816746; 0,005651209037750959; 0,28945633117109537; 0,44382123788818717; 0,9391510896384716; 0,38405699096620083; 0,9012307431548834; 0,39277450647205114; 0,9602746460586786
1,0530562088086082; 0,10577152762562037; 0,2677762322127819; 0,28112343745306134; 0,09002677956596017; 0,5747627262026072; 0,6887473328970373; 0,2928694956935942; 0,009025990962982178; 0,5500689609907568; 0,688648764975369
1,0019688784883387; 0,19441979937255383; 0,3078084154985845; 0,28743929974734783; 0,6386182880960405; 0,7239516298286617; 0,5739863538183272; 0,46670175762847066; 0,2134207426570356; 0,15940654091537; 0,23441442800685763
1,4560902356032273; 0,5230044480413198; 0,6544999065808952; 0,9763530702330172; 0,818171828519553; 0,2890285602770746; 0,5226907040923834; 0,9312196178361773; 0,636486551258713; 0,018039935268461704; 0,9720795378088951
-0,06943556971878681; 0,20785730285570025; 0,06885804096236825; 0,9056309778243303; 0,81065554311499; 0,293517401907593; 0,3746082172729075; 0,008206643164157867; 0,9592384048737586; 0,6259953170083463; 0,7983072898350656
-0,4687826954657517; 0,004601249471306801; 0,4409602922387421; 0,8510660310275853; 0,9777614553458989; 0,5876319739036262; 0,9408527626655996; 0,826469948515296; 0,36637532943859696; 0,6999470144510269; 0,6212338004261255
1,1661499051319435; 0,8147509004920721; 0,8569768271408975; 0,07937107980251312; 0,7651921841315925; 0,5552113298326731; 0,2623277078382671; 0,8540243250317872; 0,017706430051475763; 0,5999449170194566; 0,8927415465004742
0,1340660881249134; 0,20824396749958396; 0,4483056394383311; 0,2716706949286163; 0,9535176884382963; 0,7335276580415666; 0,9105763607658446; 0,8012230251915753; 0,956503757275641; 0,052043947856873274; 0,21970180934295058
1,41115045177149; 0,07260361686348915; 0,051359573379158974; 0,5933857676573098; 0,3597541246563196; 0,9925817912444472; 0,8600367791950703; 0,04339920496568084; 0,5678015658631921; 0,6280969092622399; 0,1506616217084229
2,197175939890957; 0,7999544781632721; 0,5247258166782558; 0,4405201533809304; 0,8511993950232863; 0,3522195485420525; 0,4928091145120561; 0,1322778002358973; 0,7228439915925264; 0,7280076155439019; 0,5065060677006841
0,600866589044259; 0,2738209734670818; 0,6118225213140249; 0,824601567350328; 0,0016542994417250156; 0,5584496725350618; 0,06637079454958439; 0,0441258167847991; 0,4065088937059045; 0,32682159543037415; 0,6826767437160015
1,5745019276547891; 0,9785031974315643; 0,07904694136232138; 0,07113570300862193; 0,6386458943597972; 0,626927665900439; 0,3395011289976537; 0,9217786542139947; 0,729340570513159; 0,907172882463783; 0,9514375990256667
1,5650507706132915; 0,8289002715609968; 0,8712864168919623; 0,8354525356553495; 0,6732391444966197; 0,9350419114343822; 0,33171143708750606; 0,5054089021869004; 0,9039307804778218; 0,9977757404558361; 0,9525570212863386
0,8513506593127506; 0,3787938440218568; 0,7782044666819274; 0,2851570462808013; 0,42883488070219755; 0,7871757415123284; 0,8007070543244481; 0,5228365124203265; 0,663190942723304; 0,2593146674335003; 0,34211896592751145
1,0025731844590124; 0,09332921681925654; 0,5378716178238392; 0,847957887686789; 0,15099901100620627; 0,07062152773141861; 0,07814251026138663; 0,32594233890995383; 0,28990647196769714; 0,9788546054624021; 0,9048492102883756
0,8521348066224064; 0,19787714257836342; 0,7581034325994551; 0,533067787066102; 0,306642756331712; 0,24131280556321144; 0,4024572898633778; 0,33707243436947465; 0,09612692566588521; 0,06343687232583761; 0,3003180380910635
-0,08751106754908333; 0,28770436299964786; 0,5577723640017211; 0,45795733761042356; 0,2059344328008592; 0,2912789471447468; 0,5854417509399354; 0,019454296678304672; 0,9424620694480836; 0,19180974690243602; 0,3465814087539911
1,4202992194933959; 0,5438183383084834; 0,3248285003937781; 0,6926789283752441; 0,14073859434574842; 0,07585826748982072; 0,49437508918344975; 0,3309026397764683; 0,2895619482733309; 0,014029485639184713; 0,027117755264043808
1,7978017904098196; 0,8864025599323213; 0,6733213872648776; 0,08222643844783306; 0,6091467645019293; 0,13517930498346686; 0,475785163231194; 0,04259413434192538; 0,09892646595835686; 0,889912236481905; 0,9511474035680294
1,1713560627569495; 0,7587819923646748; 0,26210839534178376; 0,1716303415596485; 0,1669046115130186; 0,08570158947259188; 0,6061859931796789; 0,8053903640247881; 0,21278601232916117; 0,6495461510494351; 0,2717051664367318
0,2984360407980584; 0,9789770948700607; 0,016593671403825283; 0,9016777887009084; 0,8190662711858749; 0,8546491013839841; 0,14779733354225755; 0,38132143672555685; 0,7580113252624869; 0,2931419312953949; 0,8714372776448727
0,27008980273318944; 0,3021820872090757; 0,9013834497891366; 0,9652053616009653; 0,6150132580660284; 0,0577433817088604; 0,8803961048834026; 0,6666581868194044; 0,7298713191412389; 0,9627349022775888; 0,10505458200350404
0,49013140241252395; 0,880243151448667; 0,610190836712718; 0,76666075643152; 0,9697330864146352; 0,6469967057928443; 0,5706881298683584; 0,283338924869895; 0,6966558657586575; 0,10857335943728685; 0,2986614340916276
0,29991806645305746; 0,26465645898133516; 0,19001868832856417; 0,4437808324582875; 0,5803421451710165; 0,824747899081558; 0,7933811484836042; 0,4017771426588297; 0,47353278286755085; 0,7487895982339978; 0,6779729095287621
1,6519495651456633; 0,10953117674216628; 0,6838336768560112; 0,5815938985906541; 0,2722771856933832; 0,031581529416143894; 0,8555083051323891; 0,33148540928959846; 0,5551261506043375; 0,16598225617781281; 0,8947447133250535
-0,16905610508559932; 0,31918842159211636; 0,23137798672541976; 0,992247445974499; 0,454808727838099; 0,5921018877997994; 0,44525730004534125; 0,5681646089069545; 0,5931679187342525; 0,6197555172257125; 0,05386336427181959
1,1673779915086984; 0,020759665872901678; 0,36331273475661874; 0,5003651697188616; 0,7635250301100314; 0,2643520166166127; 0,05619772803038359; 0,18844732781872153; 0,25480409944429994; 0,3990215165540576; 0,4983879392966628
0,7293890673633707; 0,7451898036524653; 0,16337320022284985; 0,49050755985081196; 0,6918041920289397; 0,16144314780831337; 0,5884119160473347; 0,39445638144388795; 0,016150943003594875; 0,5558052728883922; 0,03567824838683009
2,3298286138534525; 0,7103590457700193; 0,6379572651349008; 0,4016846460290253; 0,4932122309692204; 0,10261940443888307; 0,18910014210268855; 0,9415913629345596; 0,5914481626823545; 0,6523970663547516; 0,8161964495666325
0,8604756788739687; 0,25541941868141294; 0,6209852094762027; 0,13554912013933063; 0,3750438676215708; 0,22436499642208219; 0,378311560023576; 0,8440680312924087; 0,6860236134380102; 0,9075684705749154; 0,2502677799202502
-0,1949510702058813; 0,2452169992029667; 0,41401856718584895; 0,19803523179143667; 0,9923610864207149; 0,955379908438772; 0,4574068197980523; 0,8299246402457356; 0,44082279270514846; 0,1058359919115901; 0,6693343869410455
0,31709023541738435; 0,8156857695430517; 0,4323483123444021; 0,7066583591513336; 0,8286563851870596; 0,5113289351575077; 0,6186173530295491; 0,08712388155981898; 0,828933376353234; 0,39837805647403; 0,08773761475458741
1,785778764655058; 0,43067972222343087; 0,11261604493483901; 0,5955938776023686; 0,12676801858469844; 0,27492285054177046; 0,969593919813633; 0,6549124275334179; 0,09994968539103866; 0,3339228294789791; 0,08782679960131645
0,9272518965945096; 0,9513630256988108; 0,35099172592163086; 0,8264162680134177; 0,10416586278006434; 0,5528328320942819; 0,004179059993475676; 0,3279355177655816; 0,11325369589030743; 0,634167265612632; 0,17872593319043517
0,2189094244108012; 0,8880014787428081; 0,057780190370976925; 0,4208950432948768; 0,2560061002150178; 0,012125367764383554; 0,35153892496600747; 0,8043870916590095; 0,7520398702472448; 0,09140535211190581; 0,7365977996960282
0,036045801302039424; 0,07686851266771555; 0,9990094839595258; 0,856539823114872; 0,920005090534687; 0,5836714771576226; 0,576116151176393; 0,4701777626760304; 0,7215851983055472; 0,46850104397162795; 0,024086739402264357
0,499538626689761; 0,5719756949692965; 0,8977994373999536; 0,9347340175881982; 0,739518343936652; 0,2820763667114079; 0,11248878668993711; 0,6519789197482169; 0,5746331163682044; 0,42024961533024907; 0,09229172673076391
0,656796658912668; 0,9378563547506928; 0,7284101978875697; 0,4842631248757243; 0,4345376342535019; 0,1472977977246046; 0,3360508498735726; 0,9066322268918157; 0,412035564891994; 0,8992677303031087; 0,5437299897894263
0,42310727018288946; 0,6696339850313962; 0,10515263909474015; 0,30785864079371095; 0,29641641955822706; 0,5326931476593018; 0,7839538212865591; 0,9720755754970014; 0,7380074937827885; 0,7516547539271414; 0,5001333532854915
1,0863900304389094; 0,7164474972523749; 0,4773352579213679; 0,845404920168221; 0,11052610911428928; 0,8869402259588242; 0,0545499580912292; 0,7129937969148159; 0,941544322296977; 0,4006138504482806; 0,8598797414451838
1,3525113928554486; 0,3640286992304027; 0,897999825887382; 0,9666535169817507; 0,13724233396351337; 0,9693684722296894; 0,03022653004154563; 0,27098318189382553; 0,46018407167866826; 0,7855777991935611; 0,16088203061372042
2,0895758890473015; 0,5858148909173906; 0,5850368635728955; 0,5030548423528671; 0,8328643133863807; 0,9975073584355414; 0,3042721776291728; 0,5525438939221203; 0,9254012648016214; 0,9668359109200537; 0,6105611766688526
1,1395868576732675; 0,5470778271555901; 0,3514578230679035; 0,734117737505585; 0,29575826693326235; 0,6759477574378252; 0,2401976794935763; 0,9933890020474792; 0,013792406767606735; 0,9696508273482323; 0,16146477777510881
1,7886745443708678; 0,6347366492263973; 0,6209257706068456; 0,744700875133276; 0,22066877409815788; 0,4165020901709795; 0,32709096744656563; 0,7821060344576836; 0,11104961670935154; 0,5367993591353297; 0,2294200980104506
1,5979092831668238; 0,20026678685098886; 0,2603130848146975; 0,587556573562324; 0,4649305855855346; 0,37570265447720885; 0,24155744723975658; 0,9830073835328221; 0,6308548329398036; 0,6919776070863008; 0,22192858904600143
2,3430141543752834; 0,9424882046878338; 0,6796228899620473; 0,21793051064014435; 0,5541942766867578; 0,29343914706259966; 0,22544797603040934; 0,3603978957980871; 0,17389731714501977; 0,569219577126205; 0,12175972992554307
-0,20380415191191847; 0,3531230832450092; 0,3268561325967312; 0,0028307712636888027; 0,2616320173256099; 0,17098385281860828; 0,12066416954621673; 0,8230813313275576; 0,2591812238097191; 0,2708044038154185; 0,26742809591814876
1,8469555652055374; 0,23462153133004904; 0,7006434379145503; 0,4284646143205464; 0,5956371654756367; 0,1468223761767149; 0,48585054092109203; 0,42979451175779104; 0,16532154427841306; 0,743740280624479; 0,7769677974283695
-0,015240485433265949; 0,5690399971790612; 0,18497199332341552; 0,7449547555297613; 0,2589522753842175; 0,713942286092788; 0,296811870764941; 0,3732326556928456; 0,2861841884441674; 0,844872732181102; 0,29982940293848515
0,7248739457228646; 0,4456215458922088; 0,12858865084126592; 0,7093031909316778; 0,9604506557807326; 0,1450675423257053; 0,3625036454759538; 0,30635956348851323; 0,7293742732144892; 0,5294904275797307; 0,700111685320735
2,3956446481490126; 0,5656947512179613; 0,9071720382198691; 0,03967630164697766; 0,42313010105863214; 0,46633115550503135; 0,48534469911828637; 0,21709332382306457; 0,7860031682066619; 0,7109111556783319; 0,20763333048671484
1,681186033070141; 0,5955268037505448; 0,926538631785661; 0,6668714894913137; 0,641481040045619; 0,6209882674738765; 0,9990034629590809; 0,5813679816201329; 0,9424984785728157; 0,6537279849871993; 0,6734806420281529
0,229244542922853; 0,6164046907797456; 0,31595840817317367; 0,13461480289697647; 0,7780034095048904; 0,24821332516148686; 0,4809288983233273; 0,9066086923703551; 0,46667996887117624; 0,12449351698160172; 0,5782858952879906
0,3754926049102504; 0,7510968064889312; 0,4579965188167989; 0,6151910605840385; 0,3668937706388533; 0,6342568346299231; 0,1757017569616437; 0,34658252354711294; 0,3884099908173084; 0,20837856084108353; 0,8048501433804631
0,16379826082205096; 0,3521771375089884; 0,30813447618857026; 0,7194763482548296; 0,1405626912601292; 0,23420513840392232; 0,4819581098854542; 0,7474690331146121; 0,2618467132560909; 0,8693867777474225; 0,6576630086638033
1,1731482390737793; 0,7749595334753394; 0,7753455629572272; 0,6005342453718185; 0,830054038669914; 0,05953540140762925; 0,12966148415580392; 0,35972194373607635; 0,47681891871616244; 0,5995718874037266; 0,19561685109511018
0,7942915894737842; 0,8556304024532437; 0,1505414075218141; 0,3236357858404517; 0,9959527063183486; 0,44023396726697683; 0,09910343121737242; 0,516607154160738; 0,804489569272846; 0,14372464455664158; 0,7921040006913245
1,414750645027805; 0,300525292288512; 0,09942330839112401; 0,39792623883113265; 0,5838323319330812; 0,630398808978498; 0,1558778202161193; 0,6889093276113272; 0,583104885648936; 0,23070674994960427; 0,1257017394527793
0,41499062127236064; 0,4483640929684043; 0,8350046477280557; 0,5753998374566436; 0,8624064968898892; 0,5650256080552936; 0,3215171997435391; 0,6670079864561558; 0,2638963647186756; 0,998822832480073; 0,8526299591176212
0,9708745729037398; 0,4704427230171859; 0,3062273422256112; 0,15008690813556314; 0,8261085925623775; 0,8647981029935181; 0,7079553417861462; 0,9524821424856782; 0,9939262364059687; 0,22485468070954084; 0,4082084894180298
1,3656570869163929; 0,20699365669861436; 0,2710716906003654; 0,9875738089904189; 0,5895323073491454; 0,3067137342877686; 0,17237290926277637; 0,36169518949463964; 0,5861691483296454; 0,9988969792611897; 0,8386576762422919
1,306717326216003; 0,2920538722537458; 0,6458607711829245; 0,9026141026988626; 0,6396595533005893; 0,7821221263147891; 0,8339703693054616; 0,7450270638801157; 0,09789044223725796; 0,09780180919915438; 0,20684022223576903
0,31024978606038056; 0,35779951233416796; 0,22358383378013968; 0,4226187686435878; 0,7605640301480889; 0,3644877653568983; 0,515603001229465; 0,42122188257053494; 0,045309099834412336; 0,1815863149240613; 0,3496409710496664
0,6823942620692192; 0,6054913122206926; 0,35688617592677474; 0,5914881881326437; 0,8679232145659626; 0,30648632580414414; 0,9481030493043363; 0,23139345180243254; 0,39420988829806447; 0,5210571340285242; 0,7523552654311061
1,0980852029562744; 0,12387709552422166; 0,17548001883551478; 0,5358535693958402; 0,6033318503759801; 0,21165749290958047; 0,4711441178806126; 0,6125078028999269; 0,5941971046850085; 0,8360417881049216; 0,28589726937934756
0,5106203416411126; 0,7479070611298084; 0,7985930885188282; 0,1727837990038097; 0,8760907514952123; 0,9083703625947237; 0,6268170508556068; 0,3154924735426903; 0,5450271340087056; 0,20747792534530163; 0,17912251874804497
0,7235019975671886; 0,36141675477847457; 0,8811041018925607; 0,24410453997552395; 0,7678956459276378; 0,7151543507352471; 0,8385473806411028; 0,015887954737991095; 0,40087747666984797; 0,4463856015354395; 0,9852261622436345
1,2049005020790235; 0,44320964999496937; 0,9069830127991736; 0,6627805433236063; 0,9203991647809744; 0,17056063236668706; 0,2646331386640668; 0,7031546961516142; 0,647275963332504; 0,7562841060571373; 0,4547705031000078
2,5211250423958007; 0,8056694529950619; 0,9562400463037193; 0,9214884778484702; 0,7541511543095112; 0,05199225805699825; 0,5946185239590704; 0,27870250353589654; 0,025129239074885845; 0,4442867422476411; 0,1855497513897717
1,7100589860907305; 0,629742649383843; 0,8197899609804153; 0,2764217983931303; 0,4099062983877957; 0,4972757459618151; 0,2564287153072655; 0,10396490478888154; 0,056927201338112354; 0,10741764912381768; 0,44456096552312374
1,549596850755659; 0,5046330043114722; 0,09415402170270681; 0,9972462160512805; 0,9784519602544606; 0,030017179902642965; 0,803411872126162; 0,43160694697871804; 0,29195785988122225; 0,21010443195700645; 0,609371128026396
0,1979790576038306; 0,10677507985383272; 0,747257384005934; 0,7568398090079427; 0,6509046647697687; 0,06895502377301455; 0,7973996382206678; 0,059181177988648415; 0,6432732539251447; 0,5523985764011741; 0,3226816523820162
1,0643889134419937; 0,4315574048087001; 0,6501059215515852; 0,3914779177866876; 0,9266710192896426; 0,34235557029023767; 0,6083806902170181; 0,25193094927817583; 0,49226908339187503; 0,047736430540680885; 0,37636849097907543
2,3139348437491853; 0,8351522488519549; 0,5013577346689999; 0,3048765854910016; 0,884813338983804; 0,326957022305578; 0,08380443044006824; 0,22057898109778762; 0,7579868757165968; 0,04230538569390774; 0,7489632810465991
-0,07073672919416032; 0,22126639308407903; 0,6263823322951794; 0,058901154436171055; 0,318392978515476; 0,3063006172887981; 0,23038190323859453; 0,5836708419956267; 0,8328761239536107; 0,8432916915044188; 0,2442101971246302
1,2455756811313368; 0,9404219393618405; 0,6213806252926588; 0,2758445031940937; 0,36514403810724616; 0,3368853712454438; 0,36819920456036925; 0,959016066044569; 0,4720297013409436; 0,8700415347702801; 0,57363524986431
0,29036015228210915; 0,4653832926414907; 0,7215713411569595; 0,7473606201820076; 0,8897367212921381; 0,5602318183518946; 0,9438194893300533; 0,8432317213155329; 0,10789632052183151; 0,812256105709821; 0,805986347142607
2,235719618104903; 0,9137176056392491; 0,04361625947058201; 0,2722880379296839; 0,13475619442760944; 0,5003941245377064; 0,8479114817455411; 0,22310015326365829; 0,8816738566383719; 0,6845791074447334; 0,9486749414354563
-0,06537688595527513; 0,13542770640924573; 0,4113974296487868; 0,7583964942023158; 0,8243617406114936; 0,6709672836586833; 0,28824406675994396; 0,7234263513237238; 0,12629981618374586; 0,6797802839428186; 0,7077722577378154
0,3813153352885556; 0,6207493380643427; 0,09105100575834513; 0,5330035351216793; 0,7263733451254666; 0,4282620386220515; 0,009538372047245502; 0,11436992883682251; 0,219817616045475; 0,25091095780953765; 0,7933738077990711
1,557966247141288; 0,9245951483026147; 0,981892959214747; 0,39993163803592324; 0,4735390809364617; 0,026628893800079823; 0,090570411644876; 0,4979971032589674; 0,7857834207825363; 0,27835471741855145; 0,17573380144312978
0,2092474863191524; 0,7187043372541666; 0,21296151401475072; 0,38907296815887094; 0,6628869641572237; 0,9614154896698892; 0,8931097355671227; 0,3310642698779702; 0,4214174225926399; 0,40398078598082066; 0,5841707997024059
2,380556851305959; 0,7660409966483712; 0,7484667235985398; 0,509926853235811; 0,46605149656534195; 0,4074751394800842; 0,04185868101194501; 0,86493567423895; 0,8245856482535601; 0,222427889239043; 0,5389391076751053
0,9594569691137416; 0,21583063574507833; 0,1448900755494833; 0,5784271350130439; 0,6351966159418225; 0,5684680063277483; 0,03188323322683573; 0,01304854080080986; 0,25584328547120094; 0,908765310421586; 0,6648141904734075
1,0586587712981088; 0,07003346597775817; 0,6512017715722322; 0,41162969917058945; 0,2868007104843855; 0,20432399306446314; 0,23318761121481657; 0,3407665737904608; 0,2555421553552151; 0,0038375058211386204; 0,6663354090414941
-0,24191901419362027; 0,12425452563911676; 0,027640802785754204; 0,8663096348755062; 0,8162701847031713; 0,7166584231890738; 0,16511170798912644; 0,7688327343203127; 0,679272398352623; 0,6796167441643775; 0,6314340261742473
2,363258509937599; 0,9566097878850996; 0,4993466502055526; 0,03415021300315857; 0,5190289211459458; 0,32771265180781484; 0,5178792988881469; 0,48574160737916827; 0,005256265867501497; 0,4571396824903786; 0,4235093635506928
1,4936058056151116; 0,8632264877669513; 0,12369819218292832; 0,32510334393009543; 0,40440112305805087; 0,3439457807689905; 0,0765199726447463; 0,5624376907944679; 0,8732298919931054; 0,8754420448094606; 0,2722131251357496
0,9166548687424723; 0,07936946116387844; 0,5846870709210634; 0,572135510854423; 0,6599143645726144; 0,19258851511403918; 0,8336937543936074; 0,9921021782793105; 0,828326968010515; 0,5576510657556355; 0,23726659547537565
-0,08455536871268167; 0,074905501678586; 0,6816140017472208; 0,19482981087639928; 0,877107732463628; 0,6086787865497172; 0,7811704664491117; 0,9561625882051885; 0,2732501057907939; 0,3000959320925176; 0,361165136564523
1,1170929698425085; 0,566101873293519; 0,28527573496103287; 0,6160065457224846; 0,42085561621934175; 0,6085657342337072; 0,9223568313755095; 0,8923865077085793; 0,4052876066416502; 0,6696831732988358; 0,7339027016423643
1,8925271054896093; 0,7671509105712175; 0,643212828785181; 0,5475233267061412; 0,24258330464363098; 0,857877227012068; 0,19568785652518272; 0,9258699789643288; 0,11098673567175865; 0,15815770253539085; 0,868544255848974
-0,4428867928108629; 0,11370093654841185; 0,3012834112159908; 0,5535005363635719; 0,5845862301066518; 0,3338117627426982; 0,11854197923094034; 0,012796634342521429; 0,6787775852717459; 0,3623113217763603; 0,5210549435578287
1,264504696654565; 0,6994019481353462; 0,23715476924553514; 0,38408744614571333; 0,9704809472896159; 0,17044249409809709; 0,6562456656247377; 0,34427346754819155; 0,16655108565464616; 0,0656458199955523; 0,2922608098015189
1,1826622434636629; 0,007006487809121609; 0,20273337699472904; 0,3206953527405858; 0,5814707092940807; 0,8013018206693232; 0,7984673161990941; 0,34110001754015684; 0,09708375949412584; 0,7686840500682592; 0,2968095038086176
0,06273233758741698; 0,5616683843545616; 0,26564924977719784; 0,760194702539593; 0,3333836318925023; 0,5651199440471828; 0,8489418486133218; 0,9809549213387072; 0,4174606679007411; 0,648968490306288; 0,8595549413003027
0,9178554411744465; 0,8474907269701362; 0,2779931416735053; 0,9682080778293312; 0,4570696661248803; 0,018336183857172728; 0,09374601254239678; 0,011103624012321234; 0,3850124841555953; 0,9212740990333259; 0,004483789671212435
0,19727109044350533; 0,7429627696983516; 0,3600735832005739; 0,4460145039483905; 0,3668222208507359; 0,4590510721318424; 0,276757690589875; 0,2694223877042532; 0,3493709401227534; 0,059883699752390385; 0,5223871632479131
0,22326382469006012; 0,024125305004417896; 0,8612528750672936; 0,4640289186500013; 0,1660063792951405; 0,27208545291796327; 0,25519623840227723; 0,38853517500683665; 0,7030951059423387; 0,8008525571785867; 0,1636719866655767
2,055199725140423; 0,9457714888267219; 0,6911657452583313; 0,3456774549558759; 0,2607520977035165; 0,2557440376840532; 0,4426497155800462; 0,8517984398640692; 0,6161228362470865; 0,12413343228399754; 0,8965447638183832
-0,18229885887481506; 0,2719471352174878; 0,0377097106538713; 0,18330859346315265; 0,8329766760580242; 0,384919888805598; 0,3149709324352443; 0,0799394347704947; 0,18697161925956607; 0,11532379454001784; 0,2578294142149389
0,31798860314671507; 0,8813107656314969; 0,1425172514282167; 0,09050073521211743; 0,3661952265538275; 0,3145592203363776; 0,5826894585043192; 0,8563894145190716; 0,4410949097946286; 0,09212853899225593; 0,8570213387720287
1,0038401177841583; 0,8899174081161618; 0,8118083034642041; 0,4535870742984116; 0,506076097022742; 0,9344152421690524; 0,7105689207091928; 0,19624963076785207; 0,7650870103389025; 0,508209656458348; 0,03791682794690132
1,8407401428958416; 0,816457714419812; 0,961083872243762; 0,6463773921132088; 0,04376800078898668; 0,750117723364383; 0,48061066772788763; 0,09756560623645782; 0,693114320281893; 0,29756728978827596; 0,486125314142555
1,0612071609986518; 0,7079194574616849; 0,48093086713925004; 0,3667058991268277; 0,7102055125869811; 0,8169481349177659; 0,3515142435207963; 0,030308581423014402; 0,1957674310542643; 0,9957559388130903; 0,25429500406607985
1,775208339282352; 0,33450896805152297; 0,5346807222813368; 0,22404208779335022; 0,6995997033081949; 0,9607808482833207; 0,4773692786693573; 0,5784576283767819; 0,8818833245895803; 0,7253422602079809; 0,3931278991512954
0,1362228037290672; 0,37474386440590024; 0,6486366433091462; 0,620035179425031; 0,8531416160985827; 0,9886508891358972; 0,20196334458887577; 0,469784933142364; 0,5983323724940419; 0,6475306628271937; 0,03587897168472409
0,980920171507456; 0,4357923623174429; 0,58295464143157; 0,0818964489735663; 0,4033451662398875; 0,5372675871476531; 0,975956893991679; 0,33522884268313646; 0,24996295664459467; 0,895972466096282; 0,870139364618808
1,5672658465010794; 0,026319820433855057; 0,8321246318519115; 0,7649281756021082; 0,08750776713714004; 0,9651065650396049; 0,07433190988376737; 0,262414357624948; 0,383541455026716; 0,11539432872086763; 0,2107134973630309
-0,527950422663444; 0,10256566293537617; 0,024853326845914125; 0,2822916596196592; 0,9629594837315381; 0,8794088447466493; 0,007095603737980127; 0,4213593644089997; 0,7209790777415037; 0,3704444984905422; 0,8385981419123709
0,7716413571818107; 0,30179925449192524; 0,39583328645676374; 0,5661557302810252; 0,20344303594902158; 0,4246348734013736; 0,6388258226215839; 0,30539024574682117; 0,8597151557914913; 0,09227159898728132; 0,8918564449995756
0,5211356747106836; 0,852295417804271; 0,7075029276311398; 0,35368109541013837; 0,2308725262992084; 0,37577412044629455; 0,13729164190590382; 0,18118548532947898; 0,777847555000335; 0,2001166963018477; 0,23554117558524013
0,04447704120469001; 0,009543701075017452; 0,8036614703014493; 0,16277313977479935; 0,4641378610394895; 0,9982445137575269; 0,8282948923297226; 0,6282359627075493; 0,35582850920036435; 0,764129230286926; 0,30483118910342455
1,1515872653980406; 0,30979195330291986; 0,6606524689123034; 0,5169705091975629; 0,5000254553742707; 0,73144955560565; 0,08942583575844765; 0,3265164322219789; 0,8721139980480075; 0,4043346610851586; 0,33472118107602
0,4307515925622605; 0,7007515826262534; 0,4766919366084039; 0,05935387592762709; 0,8441498642787337; 0,28631461039185524; 0,44004800263792276; 0,9436181215569377; 0,9732590592466295; 0,9342469666153193; 0,6607730062678456
1,5287666129877149; 0,8726627696305513; 0,10375722544267774; 0,6382605182006955; 0,28510512551292777; 0,6286299233324826; 0,7682658266276121; 0,3050471586175263; 0,888502299785614; 0,17759553156793118; 0,5038157920353115
-0,16213671777621258; 0,4514107294380665; 0,21739427791908383; 0,6738169509917498; 0,9854733780957758; 0,9491628566756845; 0,9898042636923492; 0,6696557882241905; 0,410998058039695; 0,47426212718710303; 0,607768198940903
0,8297335717265419; 0,27089393697679043; 0,5855667130090296; 0,6457381057552993; 0,5445140148513019; 0,022519336082041264; 0,6761139715090394; 0,4422959270887077; 0,8157898117788136; 0,7951820972375572; 0,7850150144658983
0,5518507814340348; 0,4184256251901388; 0,025044266134500504; 0,2688874858431518; 0,2253101198002696; 0,7372503019869328; 0,9450943977572024; 0,10433359164744616; 0,29752906458452344; 0,07308933697640896; 0,43211236223578453
1,1084652634561714; 0,8487024707719684; 0,7602467038668692; 0,4972523362375796; 0,9028228018432856; 0,10210088407620788; 0,14738811133429408; 0,018524556886404753; 0,09600960556417704; 0,10137233696877956; 0,8960806583054364
-0,14845529404954633; 0,062939518596977; 0,6586876632645726; 0,1783010340295732; 0,8920830548740923; 0,07364061707630754; 0,26603564713150263; 0,25654228823259473; 0,35003042640164495; 0,6070519625209272; 0,03372846683487296
-0,13654465067183305; 0,18411602824926376; 0,6718185315839946; 0,055446682032197714; 0,08554557943716645; 0,16860349755734205; 0,3905138992704451; 0,8840152588672936; 0,7657879032194614; 0,634987779892981; 0,015873645897954702
0,3830585226470058; 0,5639315033331513; 0,0026634675450623035; 0,8381341127678752; 0,31356004998087883; 0,183158571831882; 0,35286717070266604; 0,9486556900665164; 0,5317458803765476; 0,738790544681251; 0,2911295830272138
2,197698255411396; 0,3778853197582066; 0,9215898076072335; 0,36521099228411913; 0,17271445551887155; 0,6474457737058401; 0,14712220523506403; 0,5420664441771805; 0,12295662658289075; 0,2600767808035016; 0,15719991503283381
1,6172690119172888; 0,5223390138708055; 0,2954522459767759; 0,667810068000108; 0,4378455434925854; 0,20691791269928217; 0,41050468711182475; 0,43425623467192054; 0,6711873235180974; 0,3527530413120985; 0,5201580435968935
0,31941567190618947; 0,6890129749663174; 0,554580238647759; 0,6550797200761735; 0,42103845439851284; 0,7587800519540906; 0,5363495196215808; 0,7097017532214522; 0,5866161501035094; 0,6852546939626336; 0,3409404503181577
0,39901752951355884; 0,6024401788599789; 0,43040353059768677; 0,6498340503312647; 0,8106893361546099; 0,5969054391607642; 0,5061237532645464; 0,9824428460560739; 0,49313159147277474; 0,5674790539778769; 0,6064492519944906
0,8842069062108731; 0,4211254883557558; 0,9828209290280938; 0,34390388475731015; 0,7529876437038183; 0,8597956690937281; 0,9631814453750849; 0,9931574007496238; 0,12988297222182155; 0,1282693143002689; 0,30985644506290555
1,7920869272171813; 0,3044132674112916; 0,42422731313854456; 0,9992874022573233; 0,14988644048571587; 0,10431110672652721; 0,6556699206121266; 0,8246129779145122; 0,012686620000749826; 0,7236206727102399; 0,8176564262248576
0,30118337583185073; 0,8042876669205725; 0,2044011508114636; 0,4553001541644335; 0,1716728126630187; 0,7877747905440629; 0,37993342196568847; 0,3775247917510569; 0,87144526373595; 0,2928378782235086; 0,19249439192935824
1,574717971025851; 0,477035375777632; 0,11385773401707411; 0,9267815281637013; 0,9001802825368941; 0,4181721736676991; 0,3482326213270426; 0,7262342986650765; 0,8060288359411061; 0,8085356089286506; 0,7207282921299338
0,03753431413555647; 0,32196780713275075; 0,13461006665602326; 0,047408262733370066; 0,7193473177030683; 0,5376195181161165; 0,016264276579022408; 0,12313561234623194; 0,6212384635582566; 0,1107875038869679; 0,34015014860779047
0,13726961655293357; 0,40293582202866673; 0,6997725982218981; 0,2892918619327247; 0,7354835267178714; 0,9231817405670881; 0,4863409376703203; 0,31246841326355934; 0,7124627390876412; 0,9625996691174805; 0,5473881843499839
-0,2534705802414047; 0,17206306476145983; 0,5211836183443666; 0,08552911225706339; 0,5831890567205846; 0,8576748762279749; 0,23942330945283175; 0,005628899671137333; 0,7967429449781775; 0,5805282886140049; 0,9940226078033447
0,7998549862675739; 0,4712641420774162; 0,03859374625608325; 0,4376168651506305; 0,30230110324919224; 0,07317553414031863; 0,06405507028102875; 0,36099825240671635; 0,049059157725423574; 0,7654839996248484; 0,9917311812750995
1,782952090896476; 0,9474239968694746; 0,5285704638808966; 0,9521515276283026; 0,11741485958918929; 0,7428793041035533; 0,7319290162995458; 0,28886469919234514; 0,1275546201504767; 0,956707046367228; 0,6969306166283786
0,4524319233988091; 0,382859047036618; 0,4722428317181766; 0,8580763801001012; 0,22059757774695754; 0,2632910409010947; 0,11675919173285365; 0,5698808133602142; 0,37798799155279994; 0,10758344968780875; 0,09415775677189231
0,5835227897638233; 0,585346233099699; 0,9178086533211172; 0,6426699887961149; 0,41249717166647315; 0,21530722919851542; 0,4403847870416939; 0,896580358967185; 0,27705029118806124; 0,5147773516364396; 0,10778930922970176
0,6293802596633322; 0,7992463796399534; 0,9236447969451547; 0,17940509179607034; 0,9650021130219102; 0,8820775435306132; 0,5710070640780032; 0,8336368668824434; 0,44043438136577606; 0,9344960241578519; 0,06564925936982036
1,600614780287331; 0,5506229042075574; 0,9929403341375291; 0,7859085812233388; 0,669961272738874; 0,5455932775512338; 0,9974721446633339; 0,7396291014738381; 0,014680091291666031; 0,9083212045952678; 0,7670461479574442
0,3771686336378083; 0,7336892234161496; 0,6625185264274478; 0,48877474991604686; 0,31359008699655533; 0,45220110239461064; 0,05331159895285964; 0,4502915241755545; 0,09741130890324712; 0,4408005471341312; 0,3281118697486818
1,0563377445734985; 0,0724030127748847; 0,45540019031614065; 0,775638553313911; 0,429084210190922; 0,2150281583890319; 0,9164986372925341; 0,6746316612698138; 0,009543497115373611; 0,3340476877056062; 0,2624659785069525
1,57213923950831; 0,2959798234514892; 0,7645162767730653; 0,7166488990187645; 0,45021249633282423; 0,0715068238787353; 0,418785301502794; 0,43038929905742407; 0,08234888035804033; 0,453392150811851; 0,7030135267414153
1,8919920534785328; 0,6958812228403986; 0,0039911470375955105; 0,9726001974195242; 0,5585458083078265; 0,08760393038392067; 0,2296078004874289; 0,13179445080459118; 0,2849861290305853; 0,21225901693105698; 0,19155912147834897
1,6143709183304278; 0,9814934497699142; 0,0843369485810399; 0,5921640088781714; 0,9680960979312658; 0,08313965611159801; 0,7213662187568843; 0,9340715017169714; 0,6904053702019155; 0,8817335688509047; 0,009155267383903265
-0,4591848061450347; 0,08653578022494912; 0,3304835483431816; 0,4975021411664784; 0,7628328874707222; 0,9293588302098215; 0,4238250316120684; 0,9408210613764822; 0,48136830795556307; 0,7724663242697716; 0,3371182600967586
0,5742097775377795; 0,41638885671272874; 0,7761015202850103; 0,0018753535114228725; 0,23834547167643905; 0,5843983422964811; 0,15309697482734919; 0,9439304773695767; 0,9261222640052438; 0,6280550505034626; 0,053659878205507994
2,356407762603143; 0,8386107734404504; 0,5358361001126468; 0,41302741365507245; 0,507123357616365; 0,18460629554465413; 0,7653255965560675; 0,2950677713379264; 0,3671409427188337; 0,37644464522600174; 0,750319201964885
2,1841425812150685; 0,7769685094244778; 0,4891200945712626; 0,9085147567093372; 0,5614817389287055; 0,44878473272547126; 0,7258961442857981; 0,9469219404272735; 0,5881775533780456; 0,9743186137638986; 0,8867290928028524
1,7352018675673864; 0,35203731060028076; 0,35503796907141805; 0,7680576127022505; 0,1331409178674221; 0,5013494892045856; 0,7728721052408218; 0,9769531595520675; 0,45577398501336575; 0,2156292013823986; 0,14224087540060282
0,29356231254259746; 0,07653449010103941; 0,04673398192971945; 0,6548597910441458; 0,8028767104260623; 0,38156719505786896; 0,8631217055954039; 0,36304481560364366; 0,8569507319480181; 0,7882072790525854; 0,7230338114313781
0,07342581143082566; 0,37980096554383636; 0,6970870583318174; 0,2728863013908267; 0,2199219143949449; 0,5501225427724421; 0,6125724599696696; 0,02569431345909834; 0,3512362139299512; 0,44802685594186187; 0,3870107620023191
0,8238602858013251; 0,9809725168161094; 0,9654544149525464; 0,040998675394803286; 0,9396817591041327; 0,012735930271446705; 0,7108115130104125; 0,28675989154726267; 0,8075939663685858; 0,8462126106023788; 0,8151332996785641
2,4053249339740757; 0,8125170450657606; 0,9231167268007994; 0,24312791600823402; 0,5458775879815221; 0,3223953484557569; 0,209890257101506; 0,8998017404228449; 0,5997463362291455; 0,5550204035826027; 0,38159972056746483
-0,08815952484667239; 0,3028197749517858; 0,5746697769500315; 0,6977730938233435; 0,3430769615806639; 0,21461712522432208; 0,2886385703459382; 0,9451084961183369; 0,2218605657108128; 0,5299658589065075; 0,9359518266282976
1,574658850471752; 0,5430887243710458; 0,9277206580154598; 0,20972094452008605; 0,05613040504977107; 0,7306234608404338; 0,6862533558160067; 0,09578230185434222; 0,8881672243587673; 0,033723143860697746; 0,8309298548847437
2,4759718975394556; 0,8965022936463356; 0,9399600815959275; 0,9129783459939063; 0,5152648026123643; 0,43311477173119783; 0,5876819607801735; 0,7205188693478703; 0,47064686426892877; 0,07455845084041357; 0,09364948747679591
0,125782260123098; 0,19055471755564213; 0,6667220094241202; 0,04298322647809982; 0,8375300294719636; 0,6537523348815739; 0,4939504247158766; 0,4488660180941224; 0,9019410386681557; 0,634721405338496; 0,25652044266462326
0,23318719990581432; 0,4586086985655129; 0,744475164450705; 0,9548757378943264; 0,930996700655669; 0,6267918772064149; 0,693670678883791; 0,817923235706985; 0,5627973307855427; 0,6058435458689928; 0,5338272666558623
1,63987080417114; 0,26305827824398875; 0,28778826678171754; 0,09148001810535789; 0,8484885506331921; 0,14770809561014175; 0,05751757975667715; 0,25190722942352295; 0,17374555487185717; 0,5375330839306116; 0,30128782195970416
1,2719188966283537; 0,9181276271119714; 0,07515796413645148; 0,26887066196650267; 0,0006070532836019993; 0,7220730413682759; 0,275150038767606; 0,6559560047462583; 0,5964425415731966; 0,930241821333766; 0,16135839838534594
2,5179111495995357; 0,9208511156029999; 0,9442942501045763; 0,23746220907196403; 0,38913288759067655; 0,43015674222260714; 0,45942499302327633; 0,1081381025724113; 0,5355052719824016; 0,0647671390324831; 0,5140404780395329
2,448098969595965; 0,9369004140608013; 0,8166091935709119; 0,396724009886384; 0,14874802576377988; 0,05179249355569482; 0,7131769233383238; 0,6822212347760797; 0,1717612356878817; 0,2052511819638312; 0,07866538362577558
0,11836861649183339; 0,5447337361983955; 0,39157509058713913; 0,04444074863567948; 0,016072347294539213; 0,07477604784071445; 0,5178817021660507; 0,5477808485738933; 0,38771590730175376; 0,33394788252189755; 0,31196015095338225
1,1179854855702809; 0,09908945066854358; 0,44032352278009057; 0,7876460859552026; 0,38333423621952534; 0,5815594824962318; 0,17856136383488774; 0,9868448181077838; 0,5565506219863892; 0,07688949350267649; 0,5588611289858818
0,5780447979485799; 0,48692965926602483; 0,13409349974244833; 0,28384985495358706; 0,29528523329645395; 0,04723946563899517; 0,6890449346974492; 0,6670906054787338; 0,371665992308408; 0,9241435443982482; 0,4593153828755021
0,5782074077753994; 0,9231550679542124; 0,617192164529115; 0,8418576763942838; 0,0596509613096714; 0,48623795434832573; 0,8811657805927098; 0,15721463225781918; 0,047238708939403296; 0,6268388708122075; 0,8790380083955824
1,7092625456488404; 0,18885472510010004; 0,5089959758333862; 0,9034489146433771; 0,26539224525913596; 0,7074338840320706; 0,3584382622502744; 0,9931992338970304; 0,220899005420506; 0,3746347767300904; 0,06843119207769632
2,5892901582500296; 0,9896608698181808; 0,6376074342988431; 0,7355006826110184; 0,5326903560198843; 0,6503203557804227; 0,8354289196431637; 0,1534978924319148; 0,36047015944495797; 0,126609378028661; 0,00703160185366869
1,7387733801254979; 0,4800930027849972; 0,10130411013960838; 0,44987423857674; 0,08234887663275003; 0,3347533466294408; 0,20598744647577405; 0,06689196592196822; 0,6376889795064926; 0,39213367318734527; 0,5529547180049121
0,8005678703241976; 0,39004120882600546; 0,2386411246843636; 0,31246025301516056; 0,6915421430021524; 0,11943966336548328; 0,6236575497314334; 0,22987029422074556; 0,7972612679004669; 0,31153558613732457; 0,564880617428571
0,15795754685110375; 0,4238999937660992; 0,4145406191237271; 0,1358755398541689; 0,32429600646719337; 0,10703594237565994; 0,540119203273207; 0,9257916486822069; 0,593738067895174; 0,7192134694196284; 0,10155064659193158
1,4176276548837858; 0,9390310915187001; 0,6222476433031261; 0,8315868829376996; 0,20783646870404482; 0,9032275341451168; 0,14174150815233588; 0,904025754891336; 0,4605005085468292; 0,36196107557043433; 0,19461806444451213
2,3627541115640205; 0,6521008578129113; 0,7874829731881618; 0,8749919938854873; 0,48982757749035954; 0,3557822573930025; 0,313861645758152; 0,4582393793389201; 0,1397281549870968; 0,8610932850278914; 0,2669243272393942
-0,308922280063708; 0,28317676903679967; 0,2635952876880765; 0,10819338168948889; 0,9617027165368199; 0,3040865631774068; 0,8512943387031555; 0,3386053401045501; 0,19449386186897755; 0,7205251138657331; 0,07557160267606378
1,2229828378669962; 0,19679571501910686; 0,31647002045065165; 0,29201395250856876; 0,613390747923404; 0,6561895902268589; 0,8433737996965647; 0,5900711752474308; 0,20222710771486163; 0,45381856756284833; 0,601139476057142
0,23644340575319078; 0,473480231128633; 0,3900014874525368; 0,4893307122401893; 0,7780425860546529; 0,06179825169965625; 0,8350581461563706; 0,562037461437285; 0,1523596872575581; 0,7240006881766021; 0,37326451344415545
2,275540885159625; 0,861610040999949; 0,9488393771462142; 0,5433646417222917; 0,6547989528626204; 0,9089959897100925; 0,1387676284648478; 0,39972816314548254; 0,7790377829223871; 0,6918244739063084; 0,6279219044372439
0,26356540888374236; 0,3887446937151253; 0,8652006792835891; 0,7120642573572695; 0,9268574942834675; 0,6588502628728747; 0,6081837518140674; 0,38961872598156333; 0,7280671619810164; 0,2518673767335713; 0,334686744492501
2,209330828574339; 0,7810041159391403; 0,40923434356227517; 0,9809814654290676; 0,8733578426763415; 0,4055978050455451; 0,07722936384379864; 0,8978972528129816; 0,5946822608821094; 0,3287706905975938; 0,42473598290234804
1,5686590136263683; 0,42833847971633077; 0,1140085943043232; 0,10358171910047531; 0,6775327459909022; 0,9853175655007362; 0,6099325334653258; 0,6416004849597812; 0,6181618738919497; 0,5517157264985144; 0,20677470974624157
1,7746321881543219; 0,43317914102226496; 0,05617755884304643; 0,4212508946657181; 0,14859456848353148; 0,43369860108941793; 0,42719244956970215; 0,7483266559429467; 0,7918277992866933; 0,5745049980469048; 0,10986616741865873
0,23555582604935937; 0,1921508233062923; 0,32114618737250566; 0,3367154342122376; 0,2912007812410593; 0,9856795584782958; 0,10381142050027847; 0,8583509945310652; 0,9376222169958055; 0,6522846939042211; 0,15618808008730412
0,9218161475415668; 0,10296615399420261; 0,6677298485301435; 0,9267915515229106; 0,08509685005992651; 0,8153976984322071; 0,9759954079054296; 0,022770801093429327; 0,34008688665926456; 0,4129508729092777; 0,28095590556040406
2,171637901215411; 0,8824815037660301; 0,7840048940852284; 0,10151668079197407; 0,23433246929198503; 0,5383694157935679; 0,8957733283750713; 0,10415481077507138; 0,7859683306887746; 0,8335733362473547; 0,7282546940259635
0,9554459260232242; 0,9318326232023537; 0,5550979408435524; 0,44918361119925976; 0,7477468843571842; 0,21001059655100107; 0,4245736012235284; 0,9502245541661978; 0,18078098632395267; 0,0024742567911744118; 0,9145615580491722
-0,5311472636077634; 0,09291972033679485; 0,022710293531417847; 0,08341664634644985; 0,9812571834772825; 0,6291596107184887; 0,1522763529792428; 0,8915210086852312; 0,5124913370236754; 0,6555527485907078; 0,36513889441266656
0,07898730978811341; 0,42856906447559595; 0,4828627067618072; 0,30486489878967404; 0,8713750219903886; 0,03080453025177121; 0,6054362510330975; 0,5347798126749694; 0,7687834710814059; 0,8293404798023403; 0,6257376582361758
1,268475823685408; 0,07724020397290587; 0,6261150599457324; 0,03487125504761934; 0,16506164241582155; 0,0379671286791563; 0,880935778375715; 0,5141405165195465; 0,6373412599787116; 0,42158727860078216; 0,6393902180716395
0,27918004922065287; 0,8318440648727119; 0,18899522861465812; 0,2017901260405779; 0,9072685395367444; 0,6255527171306312; 0,6233567595481873; 0,9118531192652881; 0,09304386377334595; 0,5888079842552543; 0,6657361472025514
0,8366796211537901; 0,23131680907681584; 0,6316559193655849; 0,8380670975893736; 0,06775198923423886; 0,5909500713460147; 0,5874469000846148; 0,11679885815829039; 0,8002998796291649; 0,1229928657412529; 0,620174597017467
0,25882532427122984; 0,711697384249419; 0,4746288303285837; 0,5222005723044276; 0,01935618882998824; 0,24061291897669435; 0,3060529953800142; 0,7401606882922351; 0,11366139724850655; 0,8986317529343069; 0,38760341610759497
1,7526556982947108; 0,02922315848991275; 0,8631470445543528; 0,36963561037555337; 0,9488016087561846; 0,1722477786242962; 0,28188202856108546; 0,08337220177054405; 0,7584325508214533; 0,1745336726307869; 0,18300575017929077
0,017755968010689016; 0,5163469188846648; 0,010087044443935156; 0,3732802141457796; 0,726737457793206; 0,27203457662835717; 0,9301638472825289; 0,7925392258912325; 0,1668009078130126; 0,30475423065945506; 0,3464737497270107
1,082051096617906; 0,5519275492988527; 0,2382753686979413; 0,31413730466738343; 0,6096641174517572; 0,2868952779099345; 0,5337653928436339; 0,5143883917480707; 0,5317860562354326; 0,30987698398530483; 0,8811773769557476
-0,22070645871582767; 0,07970199687406421; 0,5189374671317637; 0,4166622534394264; 0,1748060924001038; 0,012774481438100338; 0,3066331990994513; 0,4644988412037492; 0,35830024909228086; 0,44274420803412795; 0,7636903906241059
1,855707372936665; 0,9980245800688863; 0,40950550278648734; 0,6453765900805593; 0,43276121467351913; 0,3943389290943742; 0,6492636702023447; 0,7194339414127171; 0,6143169230781496; 0,3843451286666095; 0,45855481550097466
1,492428860189964; 0,6680381884798408; 0,1610322156921029; 0,4085236703976989; 0,013015726115554571; 0,5536031937226653; 0,4302055179141462; 0,6815570066682994; 0,04089300148189068; 0,2501200274564326; 0,12818346126005054
0,4342859069155614; 0,3592626410536468; 0,9357813070528209; 0,5668263044208288; 0,20852999109774828; 0,664352604188025; 0,24563579726964235; 0,4474733523093164; 0,3400657423771918; 0,3914594380185008; 0,32813790487125516
0,7861678563620246; 0,29485477320849895; 0,40705888718366623; 0,7253214502707124; 0,9188319356180727; 0,4844568292610347; 0,7379047712311149; 0,4406750830821693; 0,3722198340110481; 0,03510523308068514; 0,554693222977221
0,9475222071737103; 0,49817542312666774; 0,43635287415236235; 0,5152194215916097; 0,05627606762573123; 0,20205377042293549; 0,9818015340715647; 0,325294844340533; 0,11617957847192883; 0,881469629239291; 0,630652314517647
0,31803885851091346; 0,7792553673498333; 0,20992353232577443; 0,9148989664390683; 0,843846348579973; 0,9547518114559352; 0,1735421260818839; 0,43963145185261965; 0,6089613628573716; 0,22955477889627218; 0,48783852718770504
1,416067496130065; 0,3133874605409801; 0,9267664696089923; 0,9621316455304623; 0,6138515984639525; 0,11655954970046878; 0,9607898802496493; 0,4421359500847757; 0,7762832152657211; 0,42191293416544795; 0,16469754045829177
0,4661527679019507; 0,1429960890673101; 0,19453698117285967; 0,3059658813290298; 0,15986969973891973; 0,8424654272384942; 0,559965908061713; 0,37462067883461714; 0,12318189907819033; 0,5904780975542963; 0,8411809541285038
0,5181251699625576; 0,6912571904249489; 0,9098695516586304; 0,1974442396312952; 0,34623642498627305; 0,3497980101965368; 0,8488786667585373; 0,715116364415735; 0,9703131159767509; 0,7586560905911028; 0,608779639005661
0,9759440028224299; 0,6371684744954109; 0,4070624369196594; 0,06718384707346559; 0,30239920085296035; 0,01938892947509885; 0,7732089152559638; 0,2613832978531718; 0,3704926590435207; 0,9374633119441569; 0,6343779331073165
0,6871040328476694; 0,6943062376230955; 0,16464917222037911; 0,1605702517554164; 0,7474313387647271; 0,9991073966957629; 0,9001397178508341; 0,09196127811446786; 0,08043588837608695; 0,7793865869753063; 0,3594319694675505
1,7625426677421614; 0,11317809810861945; 0,7004925003275275; 0,35630724392831326; 0,10807507438585162; 0,8102714270353317; 0,9056691098958254; 0,041495030745863914; 0,2775674262084067; 0,899742690846324; 0,8079614834859967
1,5742517319850244; 0,24561913218349218; 0,05312262149527669; 0,28047413751482964; 0,24174950551241636; 0,015922555699944496; 0,7607644777745008; 0,9222906953655183; 0,7910570022650063; 0,32044014567509294; 0,6081493212841451
2,148993908203037; 0,6814114623703063; 0,4398934580385685; 0,3804967412725091; 0,5284008500166237; 0,6827157870866358; 0,21899939514696598; 0,0965716359205544; 0,7047331184148788; 0,15825872495770454; 0,5777631364762783
-0,0034009935156885662; 0,30015187058597803; 0,6967600574716926; 0,5265871440060437; 0,33862481312826276; 0,6742252893745899; 0,9118613009341061; 0,10947067057713866; 0,7912153135985136; 0,7160821403376758; 0,13418865017592907
1,2832842192606384; 0,048262614756822586; 0,6826798440888524; 0,5700494372285903; 0,38367048650979996; 0,7235678895376623; 0,21741005359217525; 0,8152676527388394; 0,45305705396458507; 0,09110839478671551; 0,3826799322851002
0,315567427787132; 0,1023814189247787; 0,7070607901550829; 0,20646113948896527; 0,9356909999623895; 0,3450140953063965; 0,8890009927563369; 0,010618048720061779; 0,648600953631103; 0,40757419634610415; 0,1484544314444065
1,5424988800130686; 0,6049952581524849; 0,40886723389849067; 0,7163365366868675; 0,6003227042965591; 0,019812897313386202; 0,1938841757364571; 0,5385152054950595; 0,392145914491266; 0,9503992265090346; 0,8199491617269814
0,8864615234287984; 0,7239337344653904; 0,7506821830756962; 0,3479112102650106; 0,7848124033771455; 0,9232702329754829; 0,28313333820551634; 0,5785425379872322; 0,09290840150788426; 0,12947755912318826; 0,7017257208935916
2,542173577807433; 0,988661942537874; 0,6729077878408134; 0,6520343190059066; 0,21291995141655207; 0,04766889661550522; 0,7411613739095628; 0,2789382943883538; 0,49878913909196854; 0,8245164565742016; 0,5350260632112622
0,7651847737559613; 0,5414513605646789; 0,4414007496088743; 0,24497467745095491; 0,05389504134654999; 0,38789563812315464; 0,9341209740377963; 0,39195869164541364; 0,03296196274459362; 0,012454658281058073; 0,9746579597704113
0,22704303827729264; 0,149262307677418; 0,6845726491883397; 0,1723820809274912; 0,8016678197309375; 0,3592171473428607; 0,9536506161093712; 0,8163746572099626; 0,8009533132426441; 0,231284168548882; 0,8648006916046143
0,36403683272576304; 0,8859596266411245; 0,45470931148156524; 0,8916261489503086; 0,1416620840318501; 0,7035721307620406; 0,9944301946088672; 0,09314226638525724; 0,17228833260014653; 0,4461202099919319; 0,10592799261212349
0,16401902004499336; 0,7980951713398099; 0,22297331877052784; 0,9240151876583695; 0,026355727575719357; 0,7108706925064325; 0,1691307183355093; 0,6420592642389238; 0,3549875686876476; 0,19744120258837938; 0,475480651948601
1,6103069921445012; 0,1966677950695157; 0,4193293913267553; 0,022241665050387383; 0,7049139654263854; 0,2550307037308812; 0,8864234536886215; 0,4174232939258218; 0,46621964080259204; 0,4827702231705189; 0,9876039191149175
0,34705094477797005; 0,4590011518448591; 0,8208281127735972; 0,12049202900379896; 0,49818509723991156; 0,010722319595515728; 0,8675430929288268; 0,01788092451170087; 0,19669965701177716; 0,7715773335658014; 0,6273781857453287
1,1144858323938784; 0,23174224374815822; 0,8697751532308757; 0,16952630737796426; 0,32948661828413606; 0,9532459401525557; 0,4045517109334469; 0,49008948961272836; 0,8801800501532853; 0,17174841789528728; 0,7856241133995354
-0,1369661368225672; 0,002574814949184656; 0,47790438449010253; 0,924138059373945; 0,8202685150317848; 0,5815612906590104; 0,3163413810543716; 0,12255099974572659; 0,15398979606106877; 0,7326153237372637; 0,2110512014478445
1,9699023747950886; 0,8349522650241852; 0,6784123973920941; 0,45145365688949823; 0,4922534143552184; 0,3198544946499169; 0,6209988789632916; 0,49303640983998775; 0,13625472458079457; 0,48635525768622756; 0,17740032682195306
0,9759291510790907; 0,9357371954247355; 0,7537262458354235; 0,6962701878510416; 0,8123402744531631; 0,2626636424101889; 0,13294820114970207; 0,40003346372395754; 0,02240781858563423; 0,6612587235867977; 0,8007848588749766
2,120202569111411; 0,9373286250047386; 0,056873791851103306; 0,8913544127717614; 0,15636121109127998; 0,3773810067214072; 0,07948024431243539; 0,5566633846610785; 0,6166217364370823; 0,11552884289994836; 0,8108024490065873
-0,2825522014641866; 0,2909290948882699; 0,006022182758897543; 0,5312007963657379; 0,8001818363554776; 0,3304444644600153; 0,0004541180096566677; 0,38166502537205815; 0,4095613658428192; 0,9873775206506252; 0,0708258030936122
1,2890740113620818; 0,828951673116535; 0,45440395222976804; 0,6811877181753516; 0,6885161842219532; 0,8339204741641879; 0,24329839646816254; 0,5082656601443887; 0,149390060454607; 0,1726362006738782; 0,3337257127277553
0,8073021165428681; 0,2325935149565339; 0,929847801104188; 0,299056604038924; 0,3815632490441203; 0,014562875498086214; 0,7226793980225921; 0,5136411958374083; 0,5773169044405222; 0,2637626468203962; 0,965144972782582
0,2258188477624618; 0,6051136055029929; 0,319266845472157; 0,24129693349823356; 0,33718240913003683; 0,5338659631088376; 0,013134273700416088; 0,07665477367118001; 0,7837534346617758; 0,10291999438777566; 0,9951940532773733
-0,01481720651598771; 0,06874953350052238; 0,9699832270853221; 0,14212064631283283; 0,9462490128353238; 0,18347026128321886; 0,3136148354969919; 0,39149506809189916; 0,4887382984161377; 0,9266666094772518; 0,9573621787130833
1,1971465915936772; 0,34634449798613787; 0,7910963641479611; 0,9674789267592132; 0,6811681524850428; 0,654304335359484; 0,28004948142915964; 0,8285009558312595; 0,44760752422735095; 0,8373261862434447; 0,10428514098748565
1,7981054851825373; 0,04150755237787962; 0,7918598051182926; 0,7731981687247753; 0,30361119052395225; 0,27727384865283966; 0,21746645914390683; 0,43984045600518584; 0,9651188561692834; 0,4186832485720515; 0,015192633960396051
0,5860812510929619; 0,7258884836919606; 0,8695496008731425; 0,7625094256363809; 0,8656921572983265; 0,9803097699768841; 0,9455018029548228; 0,683237168006599; 0,5130849182605743; 0,8295354647561908; 0,2734213718213141
1,6373752354918472; 0,6833780165761709; 0,877492684405297; 0,8426102977246046; 0,3923740843310952; 0,27062450675293803; 0,7499523172155023; 0,7588441101834178; 0,19833895564079285; 0,29626356111839414; 0,07598832156509161
1,435941670643289; 0,7976492876186967; 0,7979818703606725; 0,22274538921192288; 0,7079062922857702; 0,9282408715225756; 0,39526553079485893; 0,4516361844725907; 0,047345403116196394; 0,913440344389528; 0,05461802380159497
0,07267451615276777; 0,5490016308613122; 0,46800743229687214; 0,15441765217110515; 0,9422877277247608; 0,1545911217108369; 0,17186120385304093; 0,19608033448457718; 0,05104618798941374; 0,6932794754393399; 0,3889564531855285
0,4231327536487872; 0,7639386313967407; 0,27295743208378553; 0,14015508443117142; 0,8309082919731736; 0,6160314134322107; 0,8646741220727563; 0,9655937687493861; 0,5698237116448581; 0,6785753886215389; 0,6667384812608361
2,149565967923936; 0,8353512948378921; 0,7297962228767574; 0,6860265559516847; 0,4965280736796558; 0,4002130748704076; 0,26130439154803753; 0,09110909979790449; 0,5406475584022701; 0,30564220855012536; 0,16991649474948645
1,0326910626290582; 0,6670717787928879; 0,11745189223438501; 0,6450122063979506; 0,45159186562523246; 0,9390764683485031; 0,39643397787585855; 0,2346618575975299; 0,5745385210029781; 0,3447184069082141; 0,844985079485923
0,5839617853787313; 0,45137317292392254; 0,2736154538579285; 0,8913297895342112; 0,7330429996363819; 0,6277841334231198; 0,734041019808501; 0,18290465185418725; 0,8130127773620188; 0,7586193443275988; 0,15942737786099315
1,9694661026726346; 0,5626886058598757; 0,30137556605041027; 0,15801787143573165; 0,5071826716884971; 0,45230837585404515; 0,03518431633710861; 0,7465086197480559; 0,5397988469339907; 0,6679789507761598; 0,6784972217865288
0,5927024258506955; 0,790262358263135; 0,763552921358496; 0,4240721785463393; 0,3122558011673391; 0,9415936656296253; 0,9485593060962856; 0,8778688386082649; 0,8187851901166141; 0,26279421616345644; 0,0918730110861361
-0,537618063522984; 0,09035453386604786; 0,09979108069092035; 0,4078300134278834; 0,3485375791788101; 0,27258669352158904; 0,008805402088910341; 0,34013796132057905; 0,7526785982772708; 0,771684177685529; 0,8099338230676949
0,44009582534310976; 0,014796285890042782; 0,7480706875212491; 0,07179238460958004; 0,38994401041418314; 0,1751618799753487; 0,6195230009034276; 0,5431901519186795; 0,4524522703140974; 0,8938988018780947; 0,7006968427449465
1,893452060780728; 0,3028164030984044; 0,6325965421274304; 0,9418600457720459; 0,2665204764343798; 0,13612198270857334; 0,049814708065241575; 0,06315148714929819; 0,5038705924525857; 0,39794716611504555; 0,4270940674468875
1,233966252681958; 0,15881427749991417; 0,2674266193062067; 0,8744881399907172; 0,012178157456219196; 0,42073756689205766; 0,6197345866821706; 0,6990914111956954; 0,253033216111362; 0,5004249126650393; 0,1581570510752499
0,13081847384374223; 0,15125196194276214; 0,31761927995830774; 0,05780987394973636; 0,7525605293922126; 0,14618268935009837; 0,06231428496539593; 0,3957717511802912; 0,6034554061479867; 0,873060954734683; 0,3096247846260667
1,961301867533282; 0,6312964055687189; 0,8553331019356847; 0,01487413002178073; 0,31374498130753636; 0,08460835088044405; 0,46429900266230106; 0,00861771171912551; 0,8711419785395265; 0,5502601908519864; 0,10132587933912873
2,2402656572623885; 0,735492070671171; 0,4834805694408715; 0,10025369469076395; 0,512469639070332; 0,46153851598501205; 0,15523473313078284; 0,43579189013689756; 0,3946080873720348; 0,1580254277214408; 0,897217829246074
1,3016938403260618; 0,041910537984222174; 0,2801849595271051; 0,7990875481627882; 0,6633092253468931; 0,4632975268177688; 0,8756409529596567; 0,6444816128350794; 0,47265470400452614; 0,8577268407680094; 0,4141010716557503
1,574495815374905; 0,16514207143336535; 0,6720950626768172; 0,9071353590115905; 0,5917895128950477; 0,5435286625288427; 0,3343192683532834; 0,4286065767519176; 0,029514115303754807; 0,6583570851944387; 0,325949776917696
0,47331342036952395; 0,9653980415314436; 0,5047852136194706; 0,47246739780530334; 0,6321524772793055; 0,45993843488395214; 0,22311969194561243; 0,8670268575660884; 0,8508412963710725; 0,3471133825369179; 0,5779416603036225
0,5721104072131857; 0,8934071795083582; 0,7220967165194452; 0,015092984307557344; 0,05765517195686698; 0,34588468819856644; 0,23276461707428098; 0,8152415901422501; 0,8028385257348418; 0,7899717190302908; 0,2640350628644228
1,3188228247458946; 0,0587707064114511; 0,9567369427531958; 0,8884413335472345; 0,12281277822330594; 0,30051127495244145; 0,8598851636052132; 0,7190647814422846; 0,13955843821167946; 0,10983813786879182; 0,795185977127403
0,5804182542698154; 0,8420645808801055; 0,14465911034494638; 0,7896957779303193; 0,541229335591197; 0,816872603725642; 0,7127977814525366; 0,19463256420567632; 0,7916880883276463; 0,9300530687905848; 0,5870023691095412
1,819916590377083; 0,24109531566500664; 0,5866530546918511; 0,7763889352791011; 0,49390817154198885; 0,5013407482765615; 0,3776882765814662; 0,675203001126647; 0,3298661378212273; 0,4215617226436734; 0,5462173763662577
0,31361278473423637; 0,9634706862270832; 0,19841384794563055; 0,014904642477631569; 0,1801709746941924; 0,9116450427100062; 0,5087628220207989; 0,024299526121467352; 0,8342030462808907; 0,18951894296333194; 0,2537232474423945
0,17320022872182766; 0,5194480745121837; 0,13852425757795572; 0,1928989039734006; 0,8143442166037858; 0,5027878722175956; 0,06949202623218298; 0,17969890730455518; 0,22473765816539526; 0,053436809219419956; 0,30447079008445144
1,151094748149662; 0,3989496985450387; 0,11552215833216906; 0,3790015154518187; 0,6380289867520332; 0,7835226501338184; 0,2594742113724351; 0,07336929719895124; 0,11866832757368684; 0,4418810810893774; 0,32961352728307247
-0,3583068719600511; 0,020963634364306927; 0,07146666571497917; 0,6061946447007358; 0,7597164544276893; 0,1570114237256348; 0,40296304365620017; 0,5056651229970157; 0,6448292378336191; 0,014431010466068983; 0,12907403521239758
-0,41537041572037736; 0,22761884750798345; 0,009108689613640308; 0,5563041344285011; 0,9761047759093344; 0,9194357800297439; 0,3047264153137803; 0,55956527357921; 0,4030941375531256; 0,5531950271688402; 0,8384080259129405
0,07329857761210079; 0,6434276821091771; 0,2930258931592107; 0,21634162263944745; 0,9311257475055754; 0,9671868812292814; 0,6297832354903221; 0,524114869069308; 0,6030286103487015; 0,6317678377963603; 0,7895997958257794
-0,02367123709903357; 0,18665634701028466; 0,709357229527086; 0,7815828858874738; 0,10290230205282569; 0,4389027846045792; 0,026595856994390488; 0,3758954214863479; 0,7723442576825619; 0,4188547977246344; 0,10703164339065552
0,6448154463809239; 0,6820830767974257; 0,6599175566807389; 0,078042883425951; 0,2299327407963574; 0,4529058397747576; 0,3513334677554667; 0,6181621574796736; 0,26082004606723785; 0,7414937280118465; 0,38317165430635214
-0,40694518085149606; 0,00892701093107462; 0,4070458090864122; 0,25214499421417713; 0,6173349572345614; 0,8333975304849446; 0,11180354095995426; 0,22143246978521347; 0,918859738856554; 0,949856388848275; 0,09012424433603883
0,04514772331203265; 0,3187296176329255; 0,4129727561958134; 0,8335327138192952; 0,3163347290828824; 0,7614381788298488; 0,43483067816123366; 0,6592747438699007; 0,13365961331874132; 0,5530142341740429; 0,416583442594856
1,1125771942185434; 0,9459887444972992; 0,42438303399831057; 0,4514636555686593; 0,19442947721108794; 0,6326727117411792; 0,9372933898121119; 0,021243940107524395; 0,02240391168743372; 0,07775917137041688; 0,4327916228212416
1,5435279395707746; 0,9172151163220406; 0,05296923918649554; 0,37121253134682775; 0,4201242043636739; 0,9540536575950682; 0,51525849243626; 0,8858615718781948; 0,8842624044045806; 0,9436538107693195; 0,30103309033438563
0,7062614188308636; 0,5648905145935714; 0,5427728006616235; 0,8763007968664169; 0,1582934306934476; 0,36422693356871605; 0,3109329850412905; 0,029234935995191336; 0,0024627684615552425; 0,7026661620475352; 0,21709738671779633
0,7719209107792422; 0,9324652338400483; 0,8913566623814404; 0,34419798851013184; 0,947921481449157; 0,6722286138683558; 0,2118138992227614; 0,5174393691122532; 0,12748351832851768; 0,21005012607201934; 0,7831671447493136
0,7482383164590707; 0,9823133451864123; 0,8006701595149934; 0,8433369747363031; 0,9516448536887765; 0,8076631780713797; 0,7810523207299411; 0,21710188873112202; 0,20293236523866653; 0,8944450626149774; 0,7306683729402721
0,07787103397024192; 0,07368126744404435; 0,7286142446100712; 0,5531321610324085; 0,37079244619235396; 0,6716340309940279; 0,13787485240027308; 0,4922059830278158; 0,26498620910570025; 0,4126867107115686; 0,08084331266582012
0,3071924207135205; 0,3884926289319992; 0,563575663138181; 0,8401508242823184; 0,32053371611982584; 0,5771069312468171; 0,19014788372442126; 0,2780863712541759; 0,40191708551719785; 0,11764352675527334; 0,26434829644858837
1,5074943315124196; 0,5000981856137514; 0,780928407330066; 0,21510301157832146; 0,09079365385696292; 0,6482096458785236; 0,206784691195935; 0,5220080162398517; 0,3808123180642724; 0,29750820714980364; 0,02819092385470867
1,0589029388206377; 0,5646237879991531; 0,09042353136464953; 0,07008268311619759; 0,6653676670975983; 0,38448156183585525; 0,357555175665766; 0,8024380938149989; 0,7908883458003402; 0,7578448778949678; 0,865106638520956
1,704703556117855; 0,45354051142930984; 0,009266761597245932; 0,8182102823629975; 0,6890630931593478; 0,11342998128384352; 0,8940018648281693; 0,5200030356645584; 0,025293296203017235; 0,34317894373089075; 0,34952316898852587
0,0777547411711785; 0,16523725911974907; 0,8751071835868061; 0,3897214997559786; 0,9139506807550788; 0,6447819801978767; 0,48825996462255716; 0,21950663486495614; 0,08487496012821794; 0,1990989251062274; 0,7318354053422809
-0,12044543552090198; 0,06026087561622262; 0,7890031225979328; 0,22989952703937888; 0,30251652002334595; 0,16193208191543818; 0,0019510909914970398; 0,9330151923932135; 0,18217706866562366; 0,6457703169435263; 0,3525303336791694
1,7125518030906743; 0,39624708285555243; 0,3228295538574457; 0,49404874816536903; 0,8732259152457118; 0,2208560463041067; 0,3005768107250333; 0,9880106672644615; 0,4930719085969031; 0,09362372383475304; 0,8048956170678139
0,13339258197947834; 0,2511913338676095; 0,943008900154382; 0,3554565547965467; 0,9699179665185511; 0,7877246895805001; 0,4383618482388556; 0,8242045659571886; 0,31040037935599685; 0,7726926165632904; 0,4672831348143518
0,09554048179625768; 0,36662183655425906; 0,6264872485771775; 0,11483224295079708; 0,5801338879391551; 0,12008856190368533; 0,7101377160288393; 0,5183816771022975; 0,05277833389118314; 0,8835361232049763; 0,045460743829607964
0,18966910164801504; 0,16596929961815476; 0,1949546909891069; 0,6610962646082044; 0,7228122861124575; 0,45723549043759704; 0,003782271407544613; 0,2669838694855571; 0,6775672258809209; 0,7009709696285427; 0,04988032253459096
1,7444424718537723; 0,5053950566798449; 0,5206909910775721; 0,631619269028306; 0,5467814970761538; 0,029385442845523357; 0,8872886872850358; 0,8041419959627092; 0,5336109758354723; 0,6302783954888582; 0,4081265917047858
-0,26712164693137636; 0,2674156748689711; 0,09921973664313555; 0,46569673623889685; 0,7858480652794242; 0,14994454942643642; 0,05312776332721114; 0,7669050092808902; 0,4039433295838535; 0,3363436791114509; 0,5800689337775111
0,9534065521020355; 0,8100606012158096; 0,9357122834771872; 0,42539850063622; 0,011119118891656399; 0,8026685398072004; 0,460702171549201; 0,1839850703254342; 0,9124863836914301; 0,9708389667794108; 0,0355189791880548
0,8246213686894104; 0,9209968121722341; 0,776789415627718; 0,47590091824531555; 0,8060420360416174; 0,08919496554881334; 0,048034136183559895; 0,8179876040667295; 0,8442067969590425; 0,3932516062632203; 0,21503710420802236
0,6838078674909495; 0,8577059376984835; 0,9249026095494628; 0,9119702209718525; 0,728389055468142; 0,9541627685539424; 0,16423261165618896; 0,45374583126977086; 0,4491714402101934; 0,6542115332558751; 0,8288937797769904
1,6929932841897561; 0,891923104878515; 0,441623124293983; 0,01663084700703621; 0,2587179923430085; 0,06137256836518645; 0,05488502839580178; 0,019968032836914062; 0,6133185289800167; 0,14034644747152925; 0,29307699482887983
0,06778189049177485; 0,6679009078070521; 0,14838982047513127; 0,4166595283895731; 0,09421543963253498; 0,4374673315323889; 0,6787621057592332; 0,5928497510030866; 0,4773241663351655; 0,9787948434241116; 0,30159814935177565
0,5820725728937506; 0,9504055450670421; 0,03070778213441372; 0,4307096740230918; 0,5619567818939686; 0,07110914634540677; 0,967603946570307; 0,5562503775581717; 0,8862966164015234; 0,3156712194904685; 0,0001372084952890873
0,8132283113584658; 0,7410651915706694; 0,48920123977586627; 0,3261127136647701; 0,08149527199566364; 0,10917471209540963; 0,5196407213807106; 0,2156241494230926; 0,7730064014904201; 0,28273816918954253; 0,9560528299771249
0,25758518884152204; 0,3516482696868479; 0,5108167924918234; 0,7767905932851136; 0,8023900273256004; 0,7301928899250925; 0,11940899910405278; 0,01827609445899725; 0,5086172055453062; 0,3371928003616631; 0,7730301124975085
0,7809901623924771; 0,6789289824664593; 0,5438357768580317; 0,3068451015278697; 0,6286457991227508; 0,4948530034162104; 0,19643548503518105; 0,08918960811570287; 0,7524195821024477; 0,7940390734001994; 0,7098032189533114
-0,5352610389816531; 0,04623137228190899; 0,24978073500096798; 0,7710827547125518; 0,8614448546431959; 0,4706261376850307; 0,7898445967584848; 0,13601202424615622; 0,7637430257163942; 0,4255875116214156; 0,23674544179812074
0,4042883367054091; 0,5727172293700278; 0,45975269889459014; 0,5150646455585957; 0,3922910559922457; 0,10271758725866675; 0,9913975489325821; 0,6463631680235267; 0,6617168458178639; 0,9333955636247993; 0,4471082300879061
0,47030940101609; 0,09025982161983848; 0,5540460324846208; 0,9776574564166367; 0,14293940318748355; 0,9117089728824794; 0,790004774928093; 0,057325275149196386; 0,5890424363315105; 0,318283767439425; 0,45466391230002046
1,1615700934271922; 0,1145688476972282; 0,8191465828567743; 0,3442002348601818; 0,04685506643727422; 0,7032282762229443; 0,9697427633218467; 0,30037125712260604; 0,6969201173633337; 0,19055240601301193; 0,7540195155888796
0,17600132328192114; 0,6427619191817939; 0,36241482850164175; 0,17640171525999904; 0,842647876124829; 0,07671096455305815; 0,46386480750516057; 0,11990801664069295; 0,4659309829585254; 0,4933830532245338; 0,9637643462046981
0,5159789690642004; 0,4797707279212773; 0,2143190181814134; 0,2316769678145647; 0,030731610488146544; 0,9333141050301492; 0,20327209308743477; 0,46656708186492324; 0,5056114457547665; 0,013233368750661612; 0,4767660815268755
1,9212257593050244; 0,5391968037001789; 0,455502528231591; 0,42958582751452923; 0,4857328590005636; 0,6951531507074833; 0,10653884708881378; 0,7408750369213521; 0,029819851275533438; 0,10642680432647467; 0,1927570984698832
0,6091132077141835; 0,765245443675667; 0,8413160159252584; 0,23035015119239688; 0,8063665209338069; 0,20488211000338197; 0,879452298860997; 0,10914939595386386; 0,6461692238226533; 0,03342169988900423; 0,9613591176457703
0,18037584883266394; 0,3937873486429453; 0,6078932983800769; 0,8786938022822142; 0,7961125979200006; 0,8394696363247931; 0,7274848888628185; 0,789611351210624; 0,4379643411375582; 0,6164469178766012; 0,7663919469341636
1,5372016871765575; 0,06649505347013474; 0,573883124627173; 0,45501445746049285; 0,13681541522964835; 0,11210886156186461; 0,873333633877337; 0,45650233374908566; 0,39216169575229287; 0,8790095434524119; 0,658294272609055
0,6973447520875282; 0,21662551909685135; 0,4686628468334675; 0,625189945101738; 0,15538714360445738; 0,7111196331679821; 0,07071712054312229; 0,8174332734197378; 0,8008611830882728; 0,14297660812735558; 0,8882715883664787
-0,06204481980406906; 0,16249663848429918; 0,7990858713164926; 0,222977711353451; 0,9594691921956837; 0,08956209663301706; 0,36359971575438976; 0,8011727705597878; 0,7759220721200109; 0,7358531313948333; 0,2752716848626733
0,5556120012689129; 0,27400066005066037; 0,5936236246488988; 0,1752107422798872; 0,6699438956566155; 0,7911202143877745; 0,8824032340198755; 0,09430436417460442; 0,7248323052190244; 0,2661401452496648; 0,5522623034194112
1,073956308793175; 0,7181746503338218; 0,47840298991650343; 0,18760346341878176; 0,7055273386649787; 0,8182896696962416; 0,4308948568068445; 0,4079810632392764; 0,2117828680202365; 0,23514471156522632; 0,16959438426420093
1,9163963942405966; 0,786794456653297; 0,2691385322250426; 0,9217446316033602; 0,5807832665741444; 0,026162591762840748; 0,44226604560390115; 0,12587279826402664; 0,7685659974813461; 0,3373352945782244; 0,8909896989353001
1,8272868102339435; 0,052219938952475786; 0,7995908195152879; 0,27624572115018964; 0,11233464628458023; 0,8834416759200394; 0,6289779338985682; 0,1539834551513195; 0,20332068437710404; 0,6223245826549828; 0,10263021336868405
-0,2164177338425612; 0,40234048990532756; 0,20791352353990078; 0,1806155713275075; 0,10752398334443569; 0,5104331145994365; 0,4764588922262192; 0,6899228077381849; 0,6200970713980496; 0,25486257765442133; 0,9447292289696634
1,9320691246041415; 0,7157973391003907; 0,8657090831547976; 0,40798866422846913; 0,3423672830685973; 0,07097335625439882; 0,212696791626513; 0,8141301479190588; 0,6786769051104784; 0,8970402488484979; 0,2816628124564886
0,4313824996314255; 0,8061209670267999; 0,5490088947117329; 0,2953082942403853; 0,8534661782905459; 0,9787031384184957; 0,15654582809656858; 0,6584971039555967; 0,5849702940322459; 0,049248002003878355; 0,742714696098119
1,7470307296759349; 0,5493544014170766; 0,1096825203858316; 0,7987962956540287; 0,4006677302531898; 0,9737044246867299; 0,26890704687684774; 0,4014618918299675; 0,5700013297609985; 0,30457253521308303; 0,6931115915067494
0,9331174599446961; 0,9037113846279681; 0,16657104808837175; 0,6422713883221149; 0,4213311327621341; 0,2564615299925208; 0,28602886060252786; 0,7012809757143259; 0,22670056251809; 0,2554861241951585; 0,7563643930479884
0,3199587716792859; 0,2954093790613115; 0,22471312945708632; 0,2688509696163237; 0,5526941949501634; 0,22169727040454745; 0,21163548063486814; 0,9080681260675192; 0,5605901214294136; 0,7432539663277566; 0,8975058449432254
0,1153279589321331; 0,7103923060931265; 0,17352251568809152; 0,7406910778954625; 0,3091736719943583; 0,09968236833810806; 0,4154251222498715; 0,22619451256468892; 0,27620277646929026; 0,47380209574475884; 0,8509881151840091
2,1579160697488518; 0,871748214121908; 0,19039525417611003; 0,06286403769627213; 0,1020185868255794; 0,5727481166832149; 0,3087947992607951; 0,8804972721263766; 0,08444834034889936; 0,47890359489247203; 0,3666139906272292
1,1437202831520399; 0,9930120962671936; 0,09397528599947691; 0,6574428523890674; 0,14956814795732498; 0,41163843777030706; 0,02778052492067218; 0,8747315625660121; 0,6566740036942065; 0,785360851790756; 0,16425873106345534
1,9366091584333014; 0,5236328653991222; 0,9381973710842431; 0,3272646088153124; 0,11874521756544709; 0,9996200264431536; 0,38587327068671584; 0,052862747106701136; 0,13845785846933722; 0,8968675048090518; 0,7648688238114119
0,5822577005436773; 0,5518372659571469; 0,12627357337623835; 0,047759957145899534; 0,7413965649902821; 0,09579407004639506; 0,6399752227589488; 0,3782892762683332; 0,7366566671989858; 0,5411540190689266; 0,5117270369082689
0,5961724982936558; 0,36932821152731776; 0,3097103387117386; 0,5529309860430658; 0,04423909727483988; 0,21769235143437982; 0,189936101436615; 0,8590896031819284; 0,28967882273718715; 0,6603520247153938; 0,3961010593920946
1,1408178625605223; 0,8335669953376055; 0,8648148844949901; 0,07427344284951687; 0,25096847489476204; 0,6895731226541102; 0,281414823140949; 0,2760333144105971; 0,9879772639833391; 0,44550033565610647; 0,42753581097349524
1,2411780585394678; 0,47746096830815077; 0,9016894618980587; 0,9675900912843645; 0,05027380073443055; 0,6299921711906791; 0,9303409839048982; 0,5280595934018493; 0,49991004075855017; 0,9001587154343724; 0,37304244469851255
0,3880416711847582; 0,6872534505091608; 0,005601356737315655; 0,3792459573596716; 0,7593750958330929; 0,07379560125991702; 0,41912506334483624; 0,7249205731786788; 0,2861812268383801; 0,47537901252508163; 0,3044614139944315
1,5355484356977114; 0,34118166007101536; 0,024028419516980648; 0,9257483575493097; 0,16307146474719048; 0,7634545862674713; 0,9401155882515013; 0,947598512750119; 0,13504916429519653; 0,43252694979310036; 0,7691779560409486
1,8316320049518127; 0,596287869848311; 0,18424695078283548; 0,5649161054752767; 0,07106210524216294; 0,7214091480709612; 0,7521172175183892; 0,639810380525887; 0,22025941079482436; 0,9460277082398534; 0,39151779282838106
2,1625364686990824; 0,5737419039942324; 0,7419553645886481; 0,2251505027525127; 0,5360944932326674; 0,12384209362789989; 0,14532640809193254; 0,0234609367325902; 0,3973217876628041; 0,8528113439679146; 0,36725423764437437
0,5675326122809403; 0,3331006430089474; 0,5240766955539584; 0,8239381201565266; 0,6851868103258312; 0,7924810699187219; 0,012201675213873386; 0,7405175296589732; 0,31320754950866103; 0,606758005451411; 0,3965572020970285
0,11173701079656556; 0,2980309138074517; 0,43241869378834963; 0,33665243210271; 0,08506869990378618; 0,029643038287758827; 0,9968823683448136; 0,870744819752872; 0,9511135467328131; 0,2544741188175976; 0,13675335282459855
0,3424248072756161; 0,7087997957132757; 0,6502492423169315; 0,8105635242536664; 0,994478000793606; 0,8318746965378523; 0,7746489834971726; 0,0027457159012556076; 0,310705816373229; 0,21455385815352201; 0,543786411639303
-0,06667493122008933; 0,08036126010119915; 0,03248552046716213; 0,34326884848996997; 0,44242848875001073; 0,9419153360649943; 0,49308678694069386; 0,1648289761506021; 0,300367365591228; 0,7142046391963959; 0,11806884314864874
0,5098076415245344; 0,6422521113418043; 0,8081810041330755; 0,7884643687866628; 0,09428384201601148; 0,9127514702267945; 0,0048477728851139545; 0,06059038592502475; 0,005080550909042358; 0,7264919127337635; 0,3341588987968862
0,7237360427305094; 0,30027952045202255; 0,16932693449780345; 0,28608029801398516; 0,27822569478303194; 0,951690080575645; 0,06664797756820917; 0,7418451602570713; 0,20797289768233895; 0,7844252004288137; 0,6486250418238342
-0,06512222448009614; 0,33824853226542473; 0,5576717997901142; 0,7769133313558996; 0,013560730498284101; 0,9322405690327287; 0,4857088872231543; 0,645416877232492; 0,3876664307899773; 0,7178694009780884; 0,44142759777605534
-0,09756967576929618; 0,019970580469816923; 0,5914710098877549; 0,07216323958709836; 0,4109419588930905; 0,5413971319794655; 0,28159860195592046; 0,5660038311034441; 0,38995551876723766; 0,12906927661970258; 0,8716746475547552
2,0203189757665685; 0,3885829048231244; 0,6311466163024306; 0,8304011640138924; 0,23367739655077457; 0,5322401849552989; 0,7441089549101889; 0,764778639189899; 0,417755794711411; 0,8910202016122639; 0,70435327058658
0,025282196527851686; 0,20062327198684216; 0,7814491419121623; 0,8830094691365957; 0,8344210311770439; 0,024601899087429047; 0,6544384825974703; 0,13385126180946827; 0,07432328071445227; 0,46614861162379384; 0,6056994101963937
2,29592293991901; 0,5970080746337771; 0,735279378015548; 0,401032124646008; 0,5221010581590235; 0,6889992370270193; 0,8402194483205676; 0,8820944987237453; 0,15599908167496324; 0,5162306874990463; 0,5891990414820611
2,2700916394525827; 0,9450170872732997; 0,6647185320034623; 0,07121201232075691; 0,15687510697171092; 0,7394830891862512; 0,25553820049390197; 0,5158563014119864; 0,9177882112562656; 0,12667317129671574; 0,21699660643935204
0,45405510727426823; 0,7899715565145016; 0,5072735277935863; 0,8037900011986494; 0,576669433619827; 0,5198685340583324; 0,8779654097743332; 0,017823449335992336; 0,5760920797474682; 0,654488445725292; 0,33212312357500196
0,4329937665778616; 0,8185550523921847; 0,5843723588623106; 0,3423803597688675; 0,2028531883843243; 0,5205460116267204; 0,8591231252066791; 0,7412903453223407; 0,9925487325526774; 0,43267004750669; 0,8066069893538952
-0,1853518508128183; 0,35762515757232904; 0,09659301908686757; 0,42472180956974626; 0,29972600331529975; 0,4905179454945028; 0,7126053585670888; 0,05816170573234558; 0,5800216412171721; 0,48699605092406273; 0,6305318539962173
2,1563749476352196; 0,7027385900728405; 0,7677942258305848; 0,8990621990524232; 0,07421344658359885; 0,5818990529514849; 0,13086126325652003; 0,5060552600771189; 0,43219892866909504; 0,2531334459781647; 0,37721635960042477
0,7709035354089385; 0,5284694256260991; 0,797137335408479; 0,8989626825787127; 0,0521757616661489; 0,7732889940962195; 0,5006240978837013; 0,4556764969602227; 0,6368746017105877; 0,8345997021533549; 0,07596698589622974
0,03499482994702252; 0,3676848979666829; 0,6735540525987744; 0,23356131464242935; 0,7409000103361905; 0,8987803445197642; 0,234052793122828; 0,3326991917565465; 0,7055237656459212; 0,8803870868869126; 0,5545203071087599
0,48564997173151553; 0,5269207404926419; 0,8535248339176178; 0,20083797676488757; 0,08956052362918854; 0,6975904363207519; 0,4223566739819944; 0,05821086931973696; 0,44904844276607037; 0,41482923552393913; 0,977356281131506
0,6827285965915304; 0,7643121578730643; 0,08686411008238792; 0,9220110904425383; 0,7160251317545772; 0,22988725639879704; 0,788469894323498; 0,38335100235417485; 0,7492736331187189; 0,29243557900190353; 0,2901808600872755
0,7010054733940935; 0,20029920153319836; 0,05674563767388463; 0,6779540134593844; 0,6740859257988632; 0,662672954145819; 0,5667288219556212; 0,3100984147749841; 0,39820440113544464; 0,9204247021116316; 0,8264618739485741
0,38860697441696346; 0,5362942907959223; 0,41235399059951305; 0,5214337343350053; 0,8112664022482932; 0,07252744631841779; 0,9837552788667381; 0,6043832520954311; 0,17425792384892702; 0,7141687786206603; 0,9660972864367068
0,8592185736952868; 0,665348902810365; 0,4036137661896646; 0,30747945653274655; 0,15900246612727642; 0,1312579927034676; 0,8708072518929839; 0,15003533149138093; 0,6728907218202949; 0,36261637695133686; 0,915111084934324
1,8766161880273338; 0,5389187228865921; 0,19353052228689194; 0,8116856934502721; 0,0020001870580017567; 0,23764600278809667; 0,3302973876707256; 0,8117607366293669; 0,839723517652601; 0,3450154410675168; 0,492404084187001
0,9079346734033032; 0,7972996891476214; 0,8555191084742546; 0,08169933268800378; 0,10704035498201847; 0,03429093072190881; 0,7866556602530181; 0,5516284382902086; 0,6270249052904546; 0,5747613660059869; 0,2832920062355697
0,3555894202830169; 0,47132798936218023; 0,9845503964461386; 0,44865426467731595; 0,08059026766568422; 0,1706172632984817; 0,5506043056957424; 0,15444280626252294; 0,24881790718063712; 0,4718834450468421; 0,340515892021358
0,6060967265734623; 0,23553544888272882; 0,587573163677007; 0,5172066632658243; 0,6957046175375581; 0,9311731532216072; 0,13004333851858974; 0,5963629502803087; 0,9036895730532706; 0,008620901964604855; 0,4653670862317085
1,0728275296153122; 0,7176556405611336; 0,5678703216835856; 0,20353856682777405; 0,31733819423243403; 0,14766378235071898; 0,2944981479085982; 0,65343904402107; 0,12243974767625332; 0,31841343361884356; 0,23177287820726633
1,6431219695970238; 0,6394662307575345; 0,490265223197639; 0,19183283345773816; 0,6265171286650002; 0,6354385921731591; 0,8103011380881071; 0,12593870284035802; 0,603705829475075; 0,3445743890479207; 0,9091843920759857
1,1688204984228867; 0,14488960430026054; 0,8666216838173568; 0,20781658729538321; 0,8688788823783398; 0,25010357424616814; 0,29516369197517633; 0,897159275598824; 0,2995599303394556; 0,2288054684177041; 0,05810972535982728
2,181350279371816; 0,5395436193794012; 0,719451995100826; 0,0855663176625967; 0,09839453361928463; 0,4312596246600151; 0,6544986725784838; 0,5552789340727031; 0,08444903045892715; 0,2639188142493367; 0,5512627931311727
0,4658723396468946; 0,2093143449164927; 0,8259416581131518; 0,06771245924755931; 0,37617292953655124; 0,9755854462273419; 0,6751697859726846; 0,07000277377665043; 0,09109501633793116; 0,06380868190899491; 0,011644723359495401
1,0930114340540729; 0,3076402577571571; 0,7815379020757973; 0,46425096271559596; 0,6788571495562792; 0,9309488711878657; 0,6911503658629954; 0,06147325737401843; 0,9306051256135106; 0,5792210372164845; 0,3660595966503024
0,4024488064684709; 0,7160695199854672; 0,7206252436153591; 0,07111181691288948; 0,9952395888976753; 0,7930530942976475; 0,645431234035641; 0,08467359421774745; 0,6678405031561852; 0,29757256247103214; 0,2489675721153617
-0,24620027119815363; 0,26252736104652286; 0,32846609503030777; 0,45951962377876043; 0,6619798098690808; 0,29819276090711355; 0,6697375876829028; 0,7739595351740718; 0,8215766754001379; 0,17616152437403798; 0,09470277652144432
1,9768984031945136; 0,8065427495166659; 0,5454872478730977; 0,3790283570997417; 0,5404418553225696; 0,5373301459476352; 0,16753707127645612; 0,042210374027490616; 0,32373904483392835; 0,6569158593192697; 0,6184442802332342
1,8144740828894217; 0,9042974002659321; 0,6886151051148772; 0,26778510631993413; 0,28603059984743595; 0,6800562343560159; 0,3400116106495261; 0,49673481611534953; 0,9881792995147407; 0,5736789023503661; 0,6165966005064547
0,4052660178197376; 0,7022432601079345; 0,5176613354124129; 0,952530873939395; 0,6460792752914131; 0,1546612475067377; 0,5356104942038655; 0,697240665089339; 0,23452293779700994; 0,6447683544829488; 0,7590772965922952
2,2433079409555687; 0,513761586509645; 0,94705431163311; 0,1676531624980271; 0,4958950895816088; 0,8235393040813506; 0,691223172005266; 0,7535032615996897; 0,15683360863476992; 0,380768280941993; 0,44380643079057336
1,2115407106803366; 0,6138204829767346; 0,5230411724187434; 0,20728910760954022; 0,6814653440378606; 0,1578210392035544; 0,6132939928211272; 0,1858397568576038; 0,14440594427287579; 0,23101253248751163; 0,6292504672892392
-0,169230580168596; 0,08884265227243304; 0,5532048474997282; 0,6660497933626175; 0,7459999052807689; 0,3535293694585562; 0,12812518421560526; 0,6059531271457672; 0,9193421504460275; 0,7136791949160397; 0,9424860994331539
2,1253711417896817; 0,5890436042100191; 0,6743827140890062; 0,5285063008777797; 0,25359275098890066; 0,5452274247072637; 0,017543355468660593; 0,8841203884221613; 0,9688639175146818; 0,8224311042577028; 0,22991289803758264
0,3482336086378392; 0,45880436059087515; 0,7149823298677802; 0,20223729591816664; 0,8297557635232806; 0,001294862013310194; 0,9961799485608935; 0,8839641031809151; 0,37644081749022007; 0,7785240039229393; 0,08074494497850537
0,22164604692444756; 0,6742701334878802; 0,24302625516429543; 0,5746621498838067; 0,8530987887643278; 0,566622007638216; 0,09397501777857542; 0,3830693974159658; 0,6171620776876807; 0,48460326716303825; 0,06477277027443051
0,5572305719299915; 0,95630968734622; 0,6051373709924519; 0,5635174498893321; 0,15611838223412633; 0,33946300530806184; 0,6192469475790858; 0,10618141898885369; 0,5301886727102101; 0,9075104822404683; 0,2568841692991555
0,21633553275200423; 0,18029498774558306; 0,4776419815607369; 0,026177589315921068; 0,36867525009438396; 0,3053224142640829; 0,0032525211572647095; 0,6030883961357176; 0,7825546693056822; 0,7914741612039506; 0,3891703365370631
0,5901225082218639; 0,8456507106311619; 0,7354847984388471; 0,5255704871378839; 0,8793299943208694; 0,8666782528162003; 0,14729611296206713; 0,9869790626689792; 0,7642252435907722; 0,9191918019205332; 0,4061970794573426
0,43715862508855124; 0,8114110226742923; 0,1870498857460916; 0,2730031991377473; 0,7807247983291745; 0,802250549197197; 0,9677068614400923; 0,6847645603120327; 0,5200006198137999; 0,2925976850092411; 0,380599451251328
0,7544322588318995; 0,6650311243720353; 0,8487457144074142; 0,6860924195498228; 0,7241585957817733; 0,9134865538217127; 0,04416252486407757; 0,727929824963212; 0,06335845775902271; 0,17114270571619272; 0,31648758659139276
1,8971861151983893; 0,15608236379921436; 0,9532953491434455; 0,3725884244777262; 0,14349332638084888; 0,6674416558817029; 0,024245067033916712; 0,33847297029569745; 0,6765569308772683; 0,9220018018968403; 0,3045673007145524
-0,3996387352122977; 0,1656644199974835; 0,06957577122375369; 0,7424732283689082; 0,2016078312881291; 0,3682828824967146; 0,20059152133762836; 0,09639596566557884; 0,8104216614738107; 0,6840205104090273; 0,32038252195343375
0,8839584162519947; 0,13241443410515785; 0,31532543944194913; 0,13056396879255772; 0,34241602662950754; 0,34398613311350346; 0,7518258430063725; 0,5166015969589353; 0,5914109968580306; 0,7051925337873399; 0,7882281760685146
0,15922479162600972; 0,29702087165787816; 0,9316057111136615; 0,37716819532215595; 0,8841370129957795; 0,8833883781917393; 0,878573156427592; 0,9441835624165833; 0,6478545619174838; 0,42136730812489986; 0,854888582136482
2,3375323307303955; 0,6023402353748679; 0,9448207756504416; 0,4308728063479066; 0,47781772911548615; 0,4635719764046371; 0,4738351032137871; 0,48222138779237866; 0,5774359735660255; 0,5012898771092296; 0,5703980415128171
1,1045709336388767; 0,4940484035760164; 0,4821511283516884; 0,37247792817652225; 0,8758665802888572; 0,3138216556981206; 0,34467633767053485; 0,821678580250591; 0,95339067094028; 0,06370265455916524; 0,6773243024945259
0,7007149617880897; 0,6957208653911948; 0,7978079873137176; 0,6703583658672869; 0,18549790419638157; 0,29339501820504665; 0,43024684488773346; 0,12963359523564577; 0,9132239264436066; 0,4891738062724471; 0,21520422818139195
0,29424426338033804; 0,41483944235369563; 0,7891052439808846; 0,39212825195863843; 0,9336003181524575; 0,0726402192376554; 0,805407052859664; 0,7465651133097708; 0,3262231359258294; 0,5220980304293334; 0,20093537354841828
1,1672570367492312; 0,4766701371408999; 0,19600283401086926; 0,9647588464431465; 0,2509279646910727; 0,01207427168264985; 0,34983271500095725; 0,48896894743666053; 0,856234023347497; 0,3866168837994337; 0,30962152453139424
1,6603124126769182; 0,35923691745847464; 0,06530120503157377; 0,7243849076330662; 0,9286811812780797; 0,000950708519667387; 0,6739300861954689; 0,6194506236352026; 0,512962803710252; 0,44110525585711; 0,9122021929360926
2,611251921365795; 0,8307053968310356; 0,8546424582600594; 0,7852493128739297; 0,06617418117821217; 0,5472796810790896; 0,09592325007542968; 0,8778560142964125; 0,4630294991657138; 0,18702338356524706; 0,27120766090229154
1,8228684931213763; 0,49097980465739965; 0,26478255493566394; 0,41449717804789543; 0,2527788719162345; 0,7311448259279132; 0,748809571377933; 0,2178006968460977; 0,7750612455420196; 0,12076035887002945; 0,18244648212566972
0,9837529136266454; 0,089937683660537; 0,5105911428108811; 0,7974691512063146; 0,27188856760039926; 0,38876317720860243; 0,3156542405486107; 0,6702028578147292; 0,24010479263961315; 0,4428771734237671; 0,3327719555236399
0,3164032599150572; 0,4249692433513701; 0,9265726157464087; 0,6213659741915762; 0,3111549261957407; 0,45339612988755107; 0,030131469015032053; 0,09008392319083214; 0,40262284129858017; 0,6127914171665907; 0,18081972980871797
0,17211413807592285; 0,2686299788765609; 0,6892230873927474; 0,8276834073476493; 0,6730271563865244; 0,8108762954361737; 0,9715380445122719; 0,20270434161648154; 0,7590387649834156; 0,6252575139515102; 0,9270997219718993
1,1867975521686982; 0,9915558826178312; 0,7389642628841102; 0,605864935554564; 0,7669035168364644; 0,5472052758559585; 0,34366149501875043; 0,01172267971560359; 0,3448212188668549; 0,47403569566085935; 0,9951024297624826
0,5692235032605344; 0,9987970218062401; 0,5907967165112495; 0,23810302885249257; 0,23069586139172316; 0,2988599771633744; 0,15811089426279068; 0,7172286277636886; 0,979688860476017; 0,6509091653861105; 0,25236172461882234
-0,19673087663297228; 0,07836175290867686; 0,5361893652006984; 0,13120191637426615; 0,7134305485524237; 0,8706769505515695; 0,29134401679039; 0,8477611178532243; 0,4574493234977126; 0,5605235965922475; 0,41066674096509814
0,7364929308740401; 0,5281273797154427; 0,16294708009809256; 0,3339776857756078; 0,21717098029330373; 0,16966557363048196; 0,7049191473051906; 0,11275078216567636; 0,9358778460882604; 0,7391299111768603; 0,6444787201471627
0,7097538173969662; 0,3133131847716868; 0,07575915614143014; 0,07281166408210993; 0,32584172394126654; 0,6638573966920376; 0,6103421053849161; 0,5697088381275535; 0,5637886091135442; 0,6793944058008492; 0,7958695609122515
0,7865906175824956; 0,5965239596553147; 0,6651681214570999; 0,37979912012815475; 0,3569902228191495; 0,4286218546330929; 0,5183346238918602; 0,18800383945927024; 0,4636958837509155; 0,7928705248050392; 0,7612250223755836
0,661067357609372; 0,984108017757535; 0,16691574128344655; 0,17879306012764573; 0,07031407719478011; 0,6148538733832538; 0,38200566451996565; 0,39854295877739787; 0,46007897378876805; 0,814524901099503; 0,9122757217846811
1,3235669281743347; 0,7249630801379681; 0,9452219298109412; 0,016267739702016115; 0,7271855711005628; 0,7336222371086478; 0,6038544345647097; 0,8049922860227525; 0,19696844881400466; 0,9852496115490794; 0,8404244310222566
0,30521746505439806; 0,5261157704517245; 0,818923844024539; 0,8990364484488964; 0,0023149242624640465; 0,9840994416736066; 0,05197933968156576; 0,8151917019858956; 0,42268663505092263; 0,9757628054358065; 0,5033058286644518
0,2814872426223157; 0,8242394630797207; 0,09164738468825817; 0,7016910933889449; 0,9650218230672181; 0,18382476130500436; 0,5322282500565052; 0,16982650849968195; 0,5059305285103619; 0,83887247601524; 0,37076358078047633
0,5620337796588897; 0,7283772579394281; 0,11756197409704328; 0,7960360241122544; 0,7804278526455164; 0,7959820386022329; 0,0676682498306036; 0,5751157524064183; 0,02176825050264597; 0,896044802851975; 0,3792064907029271
0,6489908439781962; 0,14120073849335313; 0,7107431180775166; 0,28474711114540696; 0,7046424108557403; 0,7366535519249737; 0,5717680011875927; 0,9517472824081779; 0,36289061000570655; 0,2928927675820887; 0,13609470892697573
2,089118391594666; 0,9843943058513105; 0,577054803725332; 0,007717642467468977; 0,6070322613231838; 0,4279485731385648; 0,19339325558394194; 0,9997574933804572; 0,3379573402926326; 0,29435056494548917; 0,4149741744622588
0,2867283002039066; 0,07983125606551766; 0,3804579833522439; 0,9993896754458547; 0,28782090824097395; 0,13760879635810852; 0,43208567472174764; 0,3143537463620305; 0,4293073392473161; 0,6153709064237773; 0,10851401975378394
2,1289412692977874; 0,5068502551876009; 0,8314979886636138; 0,05510004470124841; 0,157759970985353; 0,6822176813147962; 0,5710257296450436; 0,26820401940494776; 0,48188706301152706; 0,9841625513508916; 0,11247804155573249
0,15347379293626331; 0,06361127598211169; 0,5510561158880591; 0,8987855222076178; 0,6307462491095066; 0,9639652976766229; 0,9211822901852429; 0,7339311796240509; 0,8683948861435056; 0,10639590537175536; 0,3916517924517393
0,2870248571852131; 0,7861701413057745; 0,4323501870967448; 0,5721432440914214; 0,9223549789749086; 0,21517915651202202; 0,17825513891875744; 0,004608999006450176; 0,08794310549274087; 0,5618861839175224; 0,7004194860346615
2,3193039381358154; 0,7631944511085749; 0,806351579260081; 0,9946924722753465; 0,2251654863357544; 0,9949237653054297; 0,3478476023301482; 0,5240009166300297; 0,6134449332021177; 0,9737958568148315; 0,7662604115903378
2,0428069302455603; 0,3936872500926256; 0,6791370650753379; 0,0010713464580476284; 0,5381636866368353; 0,6588851013220847; 0,8571183416061103; 0,9166613412089646; 0,29316914919763803; 0,5307890805415809; 0,23794556176289916
2,159535864657899; 0,5173782166093588; 0,6535172872245312; 0,18549912702292204; 0,2616349244490266; 0,3151215175166726; 0,5679115075618029; 0,3481541550718248; 0,8096006116829813; 0,7521179667674005; 0,26703270711004734
-0,002730199710039516; 0,09831735584884882; 0,8487663106061518; 0,3055457752197981; 0,9132271311245859; 0,6689086612313986; 0,21515599871054292; 0,7200992587022483; 0,106268220115453; 0,3614337304607034; 0,7878918554633856
0,322009865125771; 0,7029798170551658; 0,04439054895192385; 0,3825397305190563; 0,19995271088555455; 0,19982457626610994; 0,8162562940269709; 0,7537342365831137; 0,4520562505349517; 0,48901797318831086; 0,11631183512508869
1,4930584043449668; 0,47082144441083074; 0,7662472897209227; 0,23301279451698065; 0,07298675831407309; 0,32969084614887834; 0,8420166270807385; 0,8473117649555206; 0,6922978539951146; 0,8155520409345627; 0,46027188235893846
0,8705709456155275; 0,9054364925250411; 0,5230638217180967; 0,08437304198741913; 0,7602172214537859; 0,43983990140259266; 0,7844662591814995; 0,08721883641555905; 0,22321288846433163; 0,5109723759815097; 0,8612699252553284
1,7475941150389058; 0,33368329470977187; 0,3106082957237959; 0,7074905671179295; 0,535701013635844; 0,747516630217433; 0,8145347638055682; 0,5822462565265596; 0,004485683981329203; 0,3430426362901926; 0,6773051633499563
-0,23738740045427453; 0,28201068798080087; 0,4060147921554744; 0,7415876192972064; 0,06226998521015048; 0,7845158092677593; 0,16960177198052406; 0,3230940471403301; 0,8580595948733389; 0,6337676588445902; 0,8165635303594172
0,6695946800135745; 0,1876228298060596; 0,6461983355693519; 0,9482777458615601; 0,4423625427298248; 0,0005371891893446445; 0,8106880597770214; 0,18383569037541747; 0,6676371549256146; 0,7009994052350521; 0,2167649525217712
0,9258334977149303; 0,4061805596575141; 0,6203598128631711; 0,536102298181504; 0,3197131077758968; 0,9220010959543288; 0,04716133140027523; 0,4544303501024842; 0,8775560385547578; 0,3090472654439509; 0,8341635768301785
-0,14644205701061608; 0,04845027485862374; 0,8125848886556923; 0,44725196808576584; 0,9786513750441372; 0,809565813280642; 0,19639642909169197; 0,7203024555929005; 0,01753208599984646; 0,21420025965198874; 0,23758637998253107
2,0498220977661505; 0,6593851335346699; 0,2951503046788275; 0,8218288999050856; 0,48703663935884833; 0,7464435296133161; 0,5132922204211354; 0,2921568304300308; 0,2660563364624977; 0,29834486404433846; 0,9621481588110328
0,3478200375752737; 0,9171616579405963; 0,30207034992054105; 0,015061830636113882; 0,5610878556035459; 0,23833823343738914; 0,8218608084134758; 0,034570824820548296; 0,6105922036804259; 0,740426616743207; 0,2727376068942249
1,2516135213674229; 0,5073234448209405; 0,3841564580798149; 0,7335147992707789; 0,43280942272394896; 0,06623841123655438; 0,7014288189820945; 0,20630401140078902; 0,2456005048006773; 0,5295915193855762; 0,7011871212162077
1,2745333607983897; 0,020773450378328562; 0,7740592258051038; 0,8549270960502326; 0,4300295524299145; 0,8771426603198051; 0,3860106007196009; 0,3641311596147716; 0,506487958598882; 0,015527329407632351; 0,9277280787937343
0,004222554713490652; 0,05151794385164976; 0,7690182793885469; 0,043490616139024496; 0,10544736171141267; 0,583933889400214; 0,6351826023310423; 0,7235181997530162; 0,3393815071322024; 0,1539615225046873; 0,37140968395397067
-0,2927631152489743; 0,14744198648259044; 0,4985774173401296; 0,03348210779950023; 0,9526325850747526; 0,12748100608587265; 0,28225347539409995; 0,8205130230635405; 0,8634299235418439; 0,9115674523636699; 0,6846913886256516
1,4532440073685564; 0,08129992475733161; 0,5223973817192018; 0,5548918880522251; 0,12353652622550726; 0,5408852277323604; 0,8133882768452168; 0,20695377187803388; 0,1677577323280275; 0,1058187298476696; 0,10784665960818529
2,099799102751322; 0,9722224529832602; 0,2615905497223139; 0,9304288420826197; 0,1674166126176715; 0,8058598479256034; 0,19354310724884272; 0,35344343073666096; 0,6867905617691576; 0,02563917078077793; 0,34023449290543795
0,6921412235893906; 0,8428483442403376; 0,9540156442672014; 0,4428972559981048; 0,9189342511817813; 0,10276428051292896; 0,23690899228677154; 0,25408976757898927; 0,312759667634964; 0,23498478718101978; 0,19151860335841775
0,802510335652632; 0,0668520568870008; 0,7849142998456955; 0,7944350764155388; 0,7521275267936289; 0,2259190403856337; 0,44253547955304384; 0,7310591051355004; 0,12637130310758948; 0,7138528604991734; 0,5932460129261017
1,2888528496701657; 0,10136177716776729; 0,9636321719735861; 0,723579075653106; 0,8487328989431262; 0,34362874971702695; 0,14822426345199347; 0,49327321955934167; 0,5765071101486683; 0,017889141105115414; 0,6948284478858113
0,8136692129462677; 0,9642769331112504; 0,7917773476801813; 0,4279466113075614; 0,8746616910211742; 0,9990251353010535; 0,7320645619183779; 0,7251321412622929; 0,15811494691297412; 0,8384839333593845; 0,15862747095525265
0,8860727356258856; 0,5098685082048178; 0,4795222352258861; 0,6077596666291356; 0,42776286974549294; 0,8564584120176733; 0,6804948877543211; 0,5178499687463045; 0,9043549941852689; 0,23340647108852863; 0,19801051169633865
0,41437486338857066; 0,22530079958960414; 0,7565900906920433; 0,9937560171820223; 0,2965581654570997; 0,09600979555398226; 0,6547611663118005; 0,43131054705008864; 0,48609111085534096; 0,7718008575029671; 0,5671707857400179
0,7425572049122994; 0,6780622727237642; 0,3228504587896168; 0,19822771288454533; 0,19669663440436125; 0,20361532922834158; 0,33388510160148144; 0,6187429246492684; 0,47058083256706595; 0,30249046301469207; 0,8218421186320484
1,6540149212662987; 0,38985271705314517; 0,6469587562605739; 0,41108507523313165; 0,6030071554705501; 0,5762153663672507; 0,8084500059485435; 0,2567943730391562; 0,18711418565362692; 0,664738938678056; 0,8164615896530449
0,11650653502719294; 0,4809592324309051; 0,38043229281902313; 0,6607494601048529; 0,3981154588982463; 0,12340700859203935; 0,3697019354440272; 0,7504801275208592; 0,948959871660918; 0,3126790006645024; 0,1586650013923645
-0,16273028033332848; 0,07036125287413597; 0,5942879891954362; 0,585877148900181; 0,310803085565567; 0,2698954460211098; 0,7801673165522516; 0,6969518512487411; 0,4781260355375707; 0,5057974434457719; 0,5608157487586141
1,3137051124570875; 0,4040216002613306; 0,18353693280369043; 0,4389476580545306; 0,45012911688536406; 0,4841910651884973; 0,7185889356769621; 0,19067926099523902; 0,6174147482961416; 0,47866571228951216; 0,4020769423805177
1,1652004608302322; 0,8294361322186887; 0,24058491364121437; 0,03752810321748257; 0,10343460319563746; 0,37984383711591363; 0,9215312795713544; 0,22328034043312073; 0,961318897549063; 0,4853486828505993; 0,8622452453710139
1,1326927435818264; 0,6362130218185484; 0,5703382166102529; 0,06545548373833299; 0,17413435177877545; 0,47565626725554466; 0,8989525851793587; 0,9823509668931365; 0,4684828259050846; 0,1705372049473226; 0,7633692659437656
0,8991068481136975; 0,8862934471108019; 0,9018976488150656; 0,5576100689359009; 0,17640918446704745; 0,9337493889033794; 0,11726968921720982; 0,4240190167911351; 0,03891415009275079; 0,7142833857797086; 0,5155697292648256
0,10998882811840316; 0,5446393471211195; 0,187869256362319; 0,36173521215096116; 0,2383355642668903; 0,8606206094846129; 0,17628155555576086; 0,6420558202080429; 0,5157292420044541; 0,8321682792156935; 0,9972918508574367
0,4430386674215186; 0,7087456430308521; 0,024949610233306885; 0,5827462705783546; 0,12031951593235135; 0,15770425228402019; 0,21452101226896048; 0,8311708648689091; 0,6266181715764105; 0,4514929703436792; 0,07747244834899902
1,6582078244811038; 0,9807699816301465; 0,0426459014415741; 0,8163547776639462; 0,41973229171708226; 0,05042260605841875; 0,31986798299476504; 0,3912360263057053; 0,571150632109493; 0,8648394891060889; 0,606233139988035
0,38351098071461165; 0,7437269072979689; 0,6058856504969299; 0,46252051927149296; 0,4867673278786242; 0,8963407767005265; 0,6474475972354412; 0,9312510974705219; 0,4536822806112468; 0,1433933856897056; 0,4700846541672945
1,3905519282542178; 0,6451740809716284; 0,9587751412764192; 0,48105727694928646; 0,7189388428814709; 0,3040320184081793; 0,1701253461651504; 0,3922506175003946; 0,7451150361448526; 0,35878784488886595; 0,10828470345586538
0,7864165670792865; 0,1705428222194314; 0,41614435659721494; 0,9919352144934237; 0,13609154894948006; 0,2992910365574062; 0,3955358527600765; 0,8850426757708192; 0,4686821256764233; 0,7867608824744821; 0,6364853563718498
0,5011435348127828; 0,8137261411175132; 0,48209082521498203; 0,9835420120507479; 0,8622570768930018; 0,5562710859812796; 0,6495943670161068; 0,08771146321669221; 0,17570334253832698; 0,6149349068291485; 0,3919591112062335
2,1623223745192255; 0,8145459364168346; 0,16650810558348894; 0,8351706666871905; 0,03980497783049941; 0,9179421686567366; 0,7588659985922277; 0,4834874263033271; 0,9540971615351737; 0,9249470653012395; 0,028081942349672318
-0,18830323203346333; 0,32042068196460605; 0,3535206583328545; 0,9855160345323384; 0,47253506490960717; 0,07474278565496206; 0,2943354877643287; 0,8808916695415974; 0,34650337044149637; 0,34828672371804714; 0,8726721592247486
0,14021723253400495; 0,18741964921355247; 0,8329289392568171; 0,7794929789379239; 0,1387614170089364; 0,8451350326649845; 0,8584959679283202; 0,47747000213712454; 0,4658489003777504; 0,46952393697574735; 0,5673584924079478
-0,36481165393010456; 0,18918210826814175; 0,2838664301671088; 0,6433133678510785; 0,776667449157685; 0,5276631526648998; 0,5837343968451023; 0,6894651292823255; 0,9155996525660157; 0,7935418910346925; 0,13798665162175894
0,8961904120066746; 0,5827332232147455; 0,3532125474885106; 0,737601276487112; 0,025472775101661682; 0,887804327532649; 0,8439015238545835; 0,9980863463133574; 0,82507878029719; 0,03324523940682411; 0,6188548486679792
1,8208648457171004; 0,45588993141427636; 0,39251414919272065; 0,4841780043207109; 0,555694249458611; 0,3270132252946496; 0,9063068493269384; 0,04547730600461364; 0,5418634293600917; 0,3826612299308181; 0,5851801885291934
0,9730965837161578; 0,7400843249633908; 0,5450627263635397; 0,3559376304037869; 0,7412826237268746; 0,6949794935062528; 0,44716941053047776; 0,8598308367654681; 0,2727770651690662; 0,6473169689998031; 0,10935509204864502
-0,07091055535728516; 0,16084184776991606; 0,7837794832885265; 0,8497122693806887; 0,21103440457955003; 0,47301572002470493; 0,6229465152136981; 0,4487584470771253; 0,4616257529705763; 0,697398787830025; 0,9014287535101175
0,9789817641552835; 0,6091706571169198; 0,5159707623533905; 0,44814551528543234; 0,7108831354416907; 0,7338331891223788; 0,545850969851017; 0,210608571767807; 0,38769220747053623; 0,23176440550014377; 0,3421886167488992
-0,13417440233770006; 0,1898451643064618; 0,6734082782641053; 0,19103144435212016; 0,6661156769841909; 0,33753356616944075; 0,8452516924589872; 0,8239893848076463; 0,29926213156431913; 0,3678286992944777; 0,5813403045758605
0,979225786899341; 0,756961670704186; 0,43530483171343803; 0,3807428479194641; 0,37532488349825144; 0,8777899923734367; 0,055437969509512186; 0,6758233495056629; 0,40052588237449527; 0,19009477086365223; 0,7164642009884119
0,5834515001885787; 0,05373324966058135; 0,17773604299873114; 0,2974043507128954; 0,668872197624296; 0,6730760112404823; 0,5009157764725387; 0,8469152338802814; 0,6647396148182452; 0,44955654675140977; 0,0758555200882256
0,22192303164431926; 0,6893477514386177; 0,47113910410553217; 0,7278253245167434; 0,9465852533467114; 0,5452246181666851; 0,0860498221591115; 0,23212693072855473; 0,3207538719289005; 0,2739827544428408; 0,41765854274854064
-0,18959299589957565; 0,20514658279716969; 0,5011309371329844; 0,8551747356541455; 0,9235236984677613; 0,9808872737921774; 0,16574448300525546; 0,581659457180649; 0,09526090510189533; 0,22347142221406102; 0,3900008350610733
2,4908056127045093; 0,7911941451020539; 0,7922141435556114; 0,34782559983432293; 0,5147265940904617; 0,08302492089569569; 0,6657632933929563; 0,6705985199660063; 0,004765335936099291; 0,11176558630540967; 0,8030799445696175
1,4462495411307734; 0,016392327845096588; 0,7759059015661478; 0,2485275799408555; 0,2787500359117985; 0,8152651530690491; 0,09758281148970127; 0,8540051397867501; 0,4886259357444942; 0,02109094150364399; 0,770080350805074
1,8920125287215788; 0,12494504079222679; 0,8382206386886537; 0,8847208828665316; 0,2242299080826342; 0,7667265315540135; 0,7485909787937999; 0,7045675446279347; 0,7039359216578305; 0,1933287396095693; 0,571181739680469
0,652226791262904; 0,8258274383842945; 0,8062972449697554; 0,06338531104847789; 0,2692291704006493; 0,8612035405822098; 0,3491735737770796; 0,6003587353043258; 0,7418193388730288; 0,868598245549947; 0,6171607598662376
1,47165366059356; 0,5536985760554671; 0,05520081426948309; 0,2026859070174396; 0,3731997674331069; 0,16708216816186905; 0,1600454612635076; 0,015508394222706556; 0,04817558266222477; 0,03405862441286445; 0,8917168513871729
1,5681951602831947; 0,14702965086326003; 0,5066271326504648; 0,2823085277341306; 0,5690173082984984; 0,6633492866531014; 0,7342302370816469; 0,844366520177573; 0,06531402422115207; 0,2005753698758781; 0,23724184511229396
2,060473423026774; 0,6492196805775166; 0,45707982452586293; 0,5036260196939111; 0,3895371942780912; 0,36965172039344907; 0,19814678141847253; 0,8737450861372054; 0,4731184160336852; 0,17621608497574925; 0,8266672352328897
0,23905736046922466; 0,3893472645431757; 0,9080747459083796; 0,15380302676931024; 0,9632858564145863; 0,9655369580723345; 0,6396369934082031; 0,4733627806417644; 0,25673262355849147; 0,8651247760280967; 0,5180390966124833
1,8841853863897597; 0,5618874062784016; 0,02422985341399908; 0,11268697446212173; 0,4125458807684481; 0,3463340252637863; 0,7554935598745942; 0,08215472148731351; 0,5967269060201943; 0,5458715376444161; 0,04447116097435355
0,24777780290870494; 0,3691981243900955; 0,8672069171443582; 0,6411233604885638; 0,741823888849467; 0,9884957205504179; 0,16390199773013592; 0,5360765093937516; 0,45880419155582786; 0,9747094134800136; 0,48108142148703337
0,8456128880466041; 0,06646928237751126; 0,7663096571341157; 0,03157687187194824; 0,19604806043207645; 0,007935247384011745; 0,6267573996447027; 0,01423842553049326; 0,6934166280552745; 0,9514665030874312; 0,7958295424468815
2,1470768644605602; 0,8759427331387997; 0,30502053210511804; 0,15074435155838728; 0,21821952238678932; 0,22529678465798497; 0,850624545942992; 0,28024585638195276; 0,5990843842737377; 0,7882077977992594; 0,019369932357221842
0,4286524821658759; 0,6971326023340225; 0,7758738677948713; 0,1886842241510749; 0,6190658365376294; 0,5909189889207482; 0,678618102800101; 0,9393171253614128; 0,7168054603971541; 0,07370252348482609; 0,44273335253819823
1,7838185264150312; 0,2260029362514615; 0,5406582290306687; 0,4064397164620459; 0,6809781016781926; 0,30389682156965137; 0,5115549229085445; 0,5332807884551585; 0,5136548527516425; 0,6832668939605355; 0,5280234911479056
0,7126953067757517; 0,1513429251499474; 0,3267757883295417; 0,660482732579112; 0,29583559464663267; 0,6195036061108112; 0,9404402701184154; 0,9491608310490847; 0,4018266932107508; 0,27794655971229076; 0,6977265328168869
0,0175326109627455; 0,6282220291905105; 0,212688819039613; 0,3013561787083745; 0,06003814283758402; 0,21461915783584118; 0,5901179132051766; 0,9618168417364359; 0,05410857545211911; 0,6939739896915853; 0,6605926989577711
0,031081290859354516; 0,5706988153979182; 0,3101346683688462; 0,7383283558301628; 0,9394724448211491; 0,6573920431546867; 0,7564091365784407; 0,39722874108701944; 0,620759048499167; 0,38128874404355884; 0,507359926123172
0,7338137161923108; 0,3865106482990086; 0,6770486477762461; 0,17314777104184031; 0,7445517666637897; 0,31051051151007414; 0,4819480860605836; 0,7999398033134639; 0,6433948813937604; 0,025466762483119965; 0,4765924974344671
0,8021150230098681; 0,9436939326114953; 0,9692348577082157; 0,8449923428706825; 0,6743018934503198; 0,9461016412824392; 0,9575026053935289; 0,6494889701716602; 0,9528071801178157; 0,6095569906756282; 0,618030808866024
-0,10876889579636646; 0,12389266490936279; 0,7095968690700829; 0,4650112106464803; 0,32511372910812497; 0,9662020378746092; 0,01211731880903244; 0,1405650256201625; 0,6424962445162237; 0,6064258716069162; 0,281257230322808
0,5698336433667331; 0,5417683091945946; 0,9830432198941708; 0,5828608782030642; 0,8738946453668177; 0,8695274582132697; 0,38006695499643683; 0,2799598635174334; 0,14073053235188127; 0,18853767542168498; 0,18949705362319946
-0,04117329784959539; 0,1784262452274561; 0,24579967092722654; 0,1824113610200584; 0,03173714689910412; 0,3057981887832284; 0,07882907846942544; 0,6843309854157269; 0,35057174786925316; 0,31905808486044407; 0,20613252045586705
1,3186960030246713; 0,09519635327160358; 0,7258212347514927; 0,5236516278237104; 0,6058594514615834; 0,4605589359998703; 0,7176508689299226; 0,2540934612043202; 0,09211973333731294; 0,3582837376743555; 0,32706723641604185
0,3062804835615532; 0,444135214202106; 0,8119563180953264; 0,3364444896578789; 0,8181176939979196; 0,21446005953475833; 0,10503834206610918; 0,26687803491950035; 0,07897983258590102; 0,07829658035188913; 0,06927125016227365
1,0970013455406389; 0,7687835325486958; 0,06273507885634899; 0,3622535024769604; 0,5736857941374183; 0,12640349054709077; 0,2890688176266849; 0,9460355807095766; 0,5355797712691128; 0,46256760507822037; 0,24383807415142655
2,076430383416192; 0,714115004055202; 0,8772094929590821; 0,7519499217160046; 0,617868556175381; 0,6568442019633949; 0,8075247262604535; 0,9440020648762584; 0,040717121213674545; 0,5795498606748879; 0,579645907972008
1,6388936544587203; 0,20942299906164408; 0,3628904987126589; 0,1398607543669641; 0,6650956589728594; 0,48425994673743844; 0,07940069772303104; 0,34964558063074946; 0,9369267304427922; 0,3367845877073705; 0,8680718806572258
0,22339996502043058; 0,5783019633963704; 0,6586360428482294; 0,259274500887841; 0,32757848920300603; 0,6087771439924836; 0,8201861921697855; 0,42808337323367596; 0,8730588643811643; 0,5098947589285672; 0,9368390296585858
2,062361101184309; 0,20460338098928332; 0,9275048552080989; 0,17403519293293357; 0,4038951345719397; 0,3288390659727156; 0,24460657453164458; 0,4990721419453621; 0,20586966164410114; 0,09324716217815876; 0,8662379002198577
1,8006035692200901; 0,7301867576315999; 0,06656277133151889; 0,9976297235116363; 0,17706977017223835; 0,9776722607202828; 0,718964678235352; 0,3905373588204384; 0,9245399325154722; 0,32635761285200715; 0,6046021203510463
0,16594290270093937; 0,16603958001360297; 0,7012899531982839; 0,5013443306088448; 0,13913987204432487; 0,018402130343019962; 0,5443078633397818; 0,7953834999352694; 0,11541277915239334; 0,6623096587136388; 0,6132119069807231
0,8969712486955433; 0,6459197867661715; 0,894902762491256; 0,14581733290106058; 0,38788743782788515; 0,06876565748825669; 0,21244175778701901; 0,6951718335039914; 0,7149543385021389; 0,4467049250379205; 0,3152028638869524
0,9706726883587518; 0,33984984550625086; 0,8494185330346227; 0,43958231760188937; 0,6638907501474023; 0,9866161178797483; 0,7434499710798264; 0,5520362821407616; 0,5014429246075451; 0,9193716603331268; 0,7569087725132704
2,3256084964013386; 0,8611736064776778; 0,659633208066225; 0,6141024613752961; 0,4774349327199161; 0,03421909222379327; 0,2992663332261145; 0,49255127739161253; 0,8006951091811061; 0,8146407632157207; 0,4688521660864353
0,3513952457132581; 0,720346721354872; 0,649820651859045; 0,08209905633702874; 0,34716743789613247; 0,6423094561323524; 0,8414938831701875; 0,8782057431526482; 0,27371950587257743; 0,564586310647428; 0,15417133551090956
0,06385688083300523; 0,3376188180409372; 0,5134815028868616; 0,3437151531688869; 0,8095284570008516; 0,9064173339866102; 0,9661674066446722; 0,2994919838383794; 0,41305130161345005; 0,8425866062752903; 0,5795569568872452
0,0035887341885761925; 0,5231216768734157; 9,047612547874451E-05; 0,28888539923354983; 0,19948065839707851; 0,9230814334005117; 0,7618719665333629; 0,1570029123686254; 0,5734077212400734; 0,025725372601300478; 0,583387618418783
2,0552925793457315; 0,2166327303275466; 0,9480334836989641; 0,3518023556098342; 0,03573221666738391; 0,5908035021275282; 0,9627802083268762; 0,8147035869769752; 0,9586469111964107; 0,5785050531849265; 0,641792168840766
0,46145561877368024; 0,9682571450248361; 0,3012440465390682; 0,11749344458803535; 0,8493814617395401; 0,8251780103892088; 0,42280092695727944; 0,824003943707794; 0,5090802405029535; 0,6509692533873022; 0,1812104037962854
0,20199772785820885; 0,4479774907231331; 0,4113467950373888; 0,8798224469646811; 0,8168865707702935; 0,8420305750332773; 0,8121387008577585; 0,8107417379505932; 0,8961616852320731; 0,2883004955947399; 0,7703924146480858
0,288175173617129; 0,4266226743347943; 0,8681502798572183; 0,905109359882772; 0,8826386793516576; 0,20388233987614512; 0,07785448152571917; 0,362988764885813; 0,09575641760602593; 0,6293267509900033; 0,7568317884579301
0,9563770260694471; 0,9836166640743613; 0,9716596566140652; 0,5221979054622352; 0,7265322962775826; 0,19458347046747804; 0,2348146471194923; 0,8099643103778362; 0,5264317230321467; 0,2124532386660576; 0,9224462215788662
1,7238428250989482; 0,9293961757794023; 0,2904366571456194; 0,40519132977351546; 0,6294644167646766; 0,16409158427268267; 0,6902715233154595; 0,01293869223445654; 0,5285206055268645; 0,6380353583954275; 0,7458177311345935
0,15394498518983057; 0,7628037850372493; 0,1792991259135306; 0,24185078777372837; 0,9242690168321133; 0,09372969483956695; 0,060071132611483335; 0,49043106753379107; 0,4657623656094074; 0,5839025066234171; 0,6152534876018763
0,7191573335892294; 0,5274736690334976; 0,06732953619211912; 0,316735923755914; 0,7735303360968828; 0,02271908987313509; 0,9415304884314537; 0,04773502238094807; 0,9780961615033448; 0,4704360067844391; 0,7889003027230501
0,8127042009409013; 0,03084594802930951; 0,8488144497387111; 0,8236403781920671; 0,6903399834409356; 0,6029882812872529; 0,11196933081373572; 0,11996846692636609; 0,4944494995288551; 0,05953557230532169; 0,26156677957624197
2,2662262477802493; 0,937191229313612; 0,18873524945229292; 0,8253021142445505; 0,12915867753326893; 0,5677353646606207; 0,14868810260668397; 0,7628879062831402; 0,40480259666219354; 0,3048317087814212; 0,9213746772147715
1,1949912028019318; 0,3039170908741653; 0,13340535573661327; 0,15505023347213864; 0,21026317263022065; 0,08268560748547316; 0,0031003677286207676; 0,6725642452947795; 0,027834306936711073; 0,27091574762016535; 0,11212708661332726
0,7818513756635147; 0,8476689774543047; 0,8714548237621784; 0,3056290545500815; 0,9407563046552241; 0,18222431745380163; 0,30317816510796547; 0,936132456175983; 0,7034455882385373; 0,6588472747243941; 0,05173719534650445
0,7802379633032357; 0,8174916990101337; 0,7982594850473106; 0,20974487997591496; 0,8018747535534203; 0,1445047352463007; 0,23979429574683309; 0,5305261984467506; 0,46546468511223793; 0,6292931656353176; 0,5199557221494615
2,2029004270473704; 0,5246127182617784; 0,7103806464001536; 0,8689555977471173; 0,522340124938637; 0,4188906801864505; 0,013709092047065496; 0,262927180621773; 0,023848514072597027; 0,5584337133914232; 0,6206791363656521
0,14271342478680582; 0,6406553881242871; 0,4598236954770982; 0,337770523969084; 0,9364492534659803; 0,2695243414491415; 0,5334249287843704; 0,12270695948973298; 0,16014347644522786; 0,5697174053639174; 0,4253006004728377
0,3230742513463971; 0,24247386027127504; 0,931423700414598; 0,722670410759747; 0,8145872610621154; 0,46900393394753337; 0,09481185488402843; 0,65075040794909; 0,19474418042227626; 0,8011036845855415; 0,971980840433389
1,5819302198888243; 0,8906136387959123; 0,0187244126573205; 0,38169048773124814; 0,019117406103760004; 0,1134255682118237; 0,25150289200246334; 0,5770298205316067; 0,6932674301788211; 0,9044805401936173; 0,7043320802040398
0,546496653921333; 0,9039747533388436; 0,6002018847502768; 0,12460576416924596; 0,823212971445173; 0,3885657340288162; 0,8040409088134766; 0,8879952915012836; 0,751480208709836; 0,4215250941924751; 0,04437692882493138
0,17546844814986862; 0,457875594496727; 0,7404836374334991; 0,6204590019769967; 0,4615723420865834; 0,7245994028635323; 0,5292867026291788; 0,6706762900575995; 0,5642863442189991; 0,8224535933695734; 0,684150424785912
1,9217549919159818; 0,5554624190554023; 0,7145997788757086; 0,024426784366369247; 0,5437594107352197; 0,5756624722853303; 0,646708239801228; 0,6421662122011185; 0,6906118229962885; 0,8403315381146967; 0,02782002231106162
0,04959393290246228; 0,5468192184343934; 0,39315419597551227; 0,29759656405076385; 0,6971882474608719; 0,8522757738828659; 0,5694440850056708; 0,6506440928205848; 0,7612572312355042; 0,428081460762769; 0,7667770823463798
1,8218678642903756; 0,9027494909241796; 0,16503161704167724; 0,9473919188603759; 0,41550387814641; 0,34690756164491177; 0,559567459858954; 0,2468544077128172; 0,6494868379086256; 0,534626544918865; 0,9690279234200716
0,06470079539361939; 0,2827117689885199; 0,7841264372691512; 0,66911840159446; 0,7598657687194645; 0,457216770388186; 0,3497436554171145; 0,6584151331335306; 0,3690847367979586; 0,29346067272126675; 0,33523218194022775
0,14967711501326997; 0,5771008906885982; 0,1867480813525617; 0,39179283240810037; 0,7439474384300411; 0,7955540339462459; 0,5702336886897683; 0,5661881174892187; 0,7072871471755207; 0,20836888952180743; 0,44635285530239344
0,36913061616436943; 0,42984241992235184; 0,3593773194588721; 0,8342484189197421; 0,5310735153034329; 0,7225387049838901; 0,8928564446978271; 0,7312613865360618; 0,6234687864780426; 0,895602804608643; 0,5636301781050861
0,634945101773089; 0,7101547177881002; 0,9653556658886373; 0,13865091232582927; 0,8886360521428287; 0,19912326196208596; 0,7862435947172344; 0,12472481466829777; 0,0689988425001502; 0,9345790068618953; 0,11279756436124444
0,16950347075493177; 0,4287803824990988; 0,19702737499028444; 0,8450610125437379; 0,7764266524463892; 0,5591752612963319; 0,24587499117478728; 0,28726827492937446; 0,5653865248896182; 0,18270509410649538; 0,6124459360726178
1,9524835380561603; 0,5237855250015855; 0,9943355335853994; 0,9975476488471031; 0,1613579448312521; 0,09813375631347299; 0,5009004417806864; 0,5200561746023595; 0,8524638102389872; 0,22508189734071493; 0,3824881324544549
2,803415821004131; 0,9664431009441614; 0,9603672022931278; 0,22739534405991435; 0,05505508603528142; 0,7471377793699503; 0,6220735646784306; 0,0639410805888474; 0,8679249761626124; 0,2606124747544527; 0,866656644269824
-0,0953983070161307; 0,24576161429286003; 0,3872183905914426; 0,6076776995323598; 0,6829291712492704; 0,7560565415769815; 0,64938696147874; 0,7288099168799818; 0,7181955422274768; 0,06907314201816916; 0,2736449707299471
1,3191587223526047; 0,40217882907018065; 0,04702676413580775; 0,4178554038517177; 0,25039172545075417; 0,5573039362207055; 0,8024971475824714; 0,3894711988978088; 0,9345738375559449; 0,2342863716185093; 0,4545179605484009
1,2379671894325766; 0,7079592919908464; 0,3527110475115478; 0,6946361972950399; 0,11900299554690719; 0,2991645145229995; 0,3045401214621961; 0,3804529164917767; 0,7829224658198655; 0,20449939602985978; 0,7965105772018433
0,4640943603000652; 0,5005021658726037; 0,14140919921919703; 0,7542999312281609; 0,29118078108876944; 0,8024103655479848; 0,4483012594282627; 0,49100323859602213; 0,3816262623295188; 0,9819937329739332; 0,5906474501825869
0,15790031411364364; 0,4705116213299334; 0,5396040403284132; 0,4302306189201772; 0,36126162903383374; 0,7439541416242719; 0,1842833897098899; 0,3661573207937181; 0,8609253815375268; 0,988474765792489; 0,7303314148448408
1,7652719954826028; 0,01988953398540616; 0,9545105462893844; 0,4286387152969837; 0,3818311574868858; 0,8703312613070011; 0,9877037983387709; 0,29669606452807784; 0,8385230656713247; 0,4763964028097689; 0,33296492556110024
1,0367556222519931; 0,7346051256172359; 0,12767865974456072; 0,9428936815820634; 0,29838718473911285; 0,5314692831598222; 0,8305463599972427; 0,18290382623672485; 0,48131415247917175; 0,5047054286114872; 0,6287586484104395
1,88344232483202; 0,09698799205943942; 0,8442303841002285; 0,9842398650944233; 0,9123289035633206; 0,31739697558805346; 0,45166488690301776; 0,1921856622211635; 0,6650299835018814; 0,9854318746365607; 0,5544162397272885
1,1626195125125542; 0,14389592502266169; 0,4551589577458799; 0,6330137136392295; 0,37437561992555857; 0,7870996086858213; 0,5889566731639206; 0,36129397759214044; 0,7340172538533807; 0,5362154957838356; 0,190707684494555
0,47679445818819416; 0,5117993406020105; 0,4897813117131591; 0,8705543708056211; 0,4977965052239597; 0,8418429782614112; 0,7264503235928714; 0,5123613546602428; 0,5038718213327229; 0,31095718685537577; 0,19997267331928015
1,5499759473047925; 0,8793984148651361; 0,5518168061971664; 0,08347381977364421; 0,6741097457706928; 0,30994280660524964; 0,8609342938289046; 0,24041733983904123; 0,013673435896635056; 0,5551633876748383; 0,38696596678346395
-0,6133156941738824; 0,0003149821422994137; 0,012793492060154676; 0,4596911044791341; 0,5888691577129066; 0,20052479300647974; 0,013102627824991941; 0,017401274293661118; 0,574889250099659; 0,04833598202094436; 0,8530145515687764
1,812870903038196; 0,48748643323779106; 0,6939328592270613; 0,25369515735656023; 0,389725636690855; 0,2554459609091282; 0,867059413343668; 0,052851397544145584; 0,27515753312036395; 0,1257761660963297; 0,2519043618813157
0,9343299183123088; 0,44362184777855873; 0,6988667668774724; 0,01763299759477377; 0,6375468978658319; 0,3545520454645157; 0,6862042476423085; 0,714662489015609; 0,6519074621610343; 0,8829203392378986; 0,08587679825723171
1,5800666435414994; 0,011376044247299433; 0,7498333044350147; 0,39699241146445274; 0,5684272404760122; 0,8728257212787867; 0,7813934395089746; 0,6547287846915424; 0,08299213042482734; 0,2776073906570673; 0,7682964820414782
0,6420275237897366; 0,504020637832582; 0,3832472604699433; 0,6834925110451877; 0,07144474890083075; 0,6603918797336519; 0,1577514954842627; 0,29719330091029406; 0,05668375454843044; 0,8626512135379016; 0,9012593012303114
1,4090998042358047; 0,0494303940795362; 0,08449485711753368; 0,4910187846980989; 0,3643434839323163; 0,4183136713691056; 0,4571858337149024; 0,5707705733366311; 0,8857520278543234; 0,2416908498853445; 0,10148171288892627
1,2646021809040708; 0,47923404118046165; 0,6157335746102035; 0,35604028031229973; 0,588733974378556; 0,5808480964042246; 0,04766425583511591; 0,48736263951286674; 0,31812154594808817; 0,3414761768653989; 0,7774138087406754
1,9263961727687373; 0,647582187782973; 0,4654951193369925; 0,46332472562789917; 0,5810616612434387; 0,05877802614122629; 0,1778160068206489; 0,7190577564761043; 0,18327529588714242; 0,2542366050183773; 0,2748402925208211
1,7248512992479506; 0,37128849141299725; 0,1585995596833527; 0,770810981746763; 0,3668005629442632; 0,3976226896047592; 0,5133780837059021; 0,8460426526144147; 0,6883876072242856; 0,5041428082622588; 0,40426035691052675
0,4818874483847623; 0,04888552753254771; 0,42779824137687683; 0,5681302049197257; 0,10297139966860414; 0,0345057612285018; 0,2671151254326105; 0,323707708157599; 0,6711632050573826; 0,032513635233044624; 0,2548099462874234
1,2643470947887245; 0,899696119595319; 0,7790944059379399; 0,3446790622547269; 0,751267833635211; 0,7093192329630256; 0,9000973566435277; 0,3514363979920745; 0,0011219410225749016; 0,1065929476171732; 0,6039282493293285
1,4301327834676767; 0,4977179099805653; 0,19665395561605692; 0,391342977527529; 0,1548369573429227; 0,04057195084169507; 0,5272080902941525; 0,6041423776187003; 0,6528062033466995; 0,7266011130996048; 0,5201976066455245
1,0681743196195668; 0,33901645615696907; 0,011592334136366844; 0,6773317162878811; 0,45621621422469616; 0,42714455537498; 0,8268021186813712; 0,32289664587005973; 0,44891931070014834; 0,8313205544836819; 0,299014987424016
-0,22097587170803434; 0,3356191636994481; 0,2698891251347959; 0,10934004047885537; 0,2134493258781731; 0,22794783487915993; 0,7659015189856291; 0,19802979473024607; 0,12865355890244246; 0,800919818226248; 0,5965305296704173
-0,2841599312268066; 0,22661072248592973; 0,37969147181138396; 0,8910171086899936; 0,8019207213073969; 0,9341224995441735; 0,08309763763099909; 0,24179324880242348; 0,6420555654913187; 0,37382457545027137; 0,3977853409014642
0,6762449822370651; 0,4119175123050809; 0,1382385683245957; 0,920478246640414; 0,14713241485878825; 0,8408762295730412; 0,909378741402179; 0,12529792310670018; 0,3400555900298059; 0,6165371197275817; 0,11627732869237661
1,9820700243173348; 0,6302688792347908; 0,5956453266553581; 0,6859876657836139; 0,568991044536233; 0,9841620288789272; 0,5127829029224813; 0,7911412571556866; 0,0696813534013927; 0,4769371966831386; 0,8286078623495996
1,3997809779922918; 0,37015929725021124; 0,9791329447180033; 0,26752278860658407; 0,4272816814482212; 0,14446329372003675; 0,614466942846775; 0,2321105101145804; 0,2690201108343899; 0,7402758225798607; 0,30314426217228174
1,5664741865556182; 0,16930529940873384; 0,6064124656841159; 0,19794114585965872; 0,6574079506099224; 0,2469355226494372; 0,2957829926162958; 0,10715327551588416; 0,9249796625226736; 0,4186832532286644; 0,888293266762048
-0,0211378374920429; 0,5441319113597274; 0,24043153831735253; 0,12946574948728085; 0,9769502799026668; 0,06413393327966332; 0,29644579952582717; 0,30697339586913586; 0,4958978546783328; 0,21274087857455015; 0,38368774810805917
1,1492376143819056; 0,5126283490099013; 0,39606462605297565; 0,8902600719593465; 0,29529364686459303; 0,08240172080695629; 0,32746614096686244; 0,9421936250291765; 0,47181371599435806; 0,6806089445017278; 0,35370928328484297
1,4154651731165273; 0,21138665126636624; 0,03390575386583805; 0,2725424859672785; 0,48044808488339186; 0,649453456979245; 0,8709260975010693; 0,6899111671373248; 0,2491018301807344; 0,553009376861155; 0,976742276456207
0,41287912673571214; 0,7341313767246902; 0,6727667124941945; 0,6898801368661225; 0,07991748256608844; 0,18743273755535483; 0,3173501407727599; 0,246731192804873; 0,5005775815807283; 0,45143187465146184; 0,8039243533276021
1,0232807965772446; 0,736833474598825; 0,07415149081498384; 0,9092072402127087; 0,29019296541810036; 0,9987422809936106; 0,18806443642824888; 0,8415788533166051; 0,7990989899262786; 0,368049708660692; 0,2886790335178375
-0,171595179958004; 0,07220468623563647; 0,31905464362353086; 0,7891326467506588; 0,7047337144613266; 0,27703822450712323; 0,48044077353551984; 0,5852460437454283; 0,4186224555596709; 0,44935863837599754; 0,969386400654912
0,8649475266771729; 0,9707335066050291; 0,7702067946083844; 0,9972024699673057; 0,29487241245806217; 0,7379109119065106; 0,10258262045681477; 0,628808137960732; 0,051657333970069885; 0,54897979227826; 0,5002736626192927
1,3911049282849772; 0,925960096064955; 0,16660332679748535; 0,9117439002729952; 0,8986352505162358; 0,3416107944212854; 0,28484955336898565; 0,8761020838283002; 0,3805075320415199; 0,6587314778007567; 0,7438551867380738
-0,22281622825610192; 0,1183444275520742; 0,22091008722782135; 0,5217423387803137; 0,3142170957289636; 0,0700032701715827; 0,26831090822815895; 0,2777876169420779; 0,5741151622496545; 0,8691604095511138; 0,10847989656031132
1,3278778909738513; 0,7099776742979884; 0,9368249112740159; 0,2337814443744719; 0,045293334405869246; 0,7114586103707552; 0,7756202835589647; 0,2047640890814364; 0,992097731679678; 0,3565893694758415; 0,8908835528418422
0,442702095407128; 0,5402588653378189; 0,650251301471144; 0,7174141900613904; 0,82942661549896; 0,17527886060997844; 0,23945777490735054; 0,7879624050110579; 0,7147110472433269; 0,38437637221068144; 0,21350767696276307
1,1341563119814; 0,25126635283231735; 0,30380176194012165; 0,11366903781890869; 0,407337361946702; 0,7428770055994391; 0,8596925889141858; 0,04510358953848481; 0,3458497039973736; 0,5548713845200837; 0,9565493054687977
1,152028117212092; 0,6307699005119503; 0,7079847962595522; 0,35431784065440297; 0,6794720361940563; 0,8629976911470294; 0,6073463126085699; 0,3970660474151373; 0,2792641152627766; 0,9431495764292777; 0,6959302122704685
0,6748561511495299; 0,9030439397320151; 0,3053376339375973; 0,17277440754696727; 0,8602398028597236; 0,334053055383265; 0,3063850770704448; 0,7075575804337859; 0,6773144770413637; 0,8655304908752441; 0,9093728428706527
1,7778250440523282; 0,31144495448097587; 0,7560171936638653; 0,5278313518501818; 0,04336766432970762; 0,5776909817941487; 0,001051879022270441; 0,47081662248820066; 0,6382143991068006; 0,17769230995327234; 0,04056145576760173
0,5128628684667662; 0,28575392020866275; 0,9797479161061347; 0,24846341693773866; 0,1445412398315966; 0,32833903236314654; 0,15895829489454627; 0,7995107634924352; 0,9245747770182788; 0,7877843976020813; 0,4153302828781307
0,42334128423667083; 0,7605132381431758; 0,656711408868432; 0,0036993674002587795; 0,9530835864134133; 0,7187213664874434; 0,9348241812549531; 0,4871981763280928; 0,3909363425336778; 0,13796559488400817; 0,2869077231734991
2,3296988797848677; 0,9857047591358423; 0,2294885222800076; 0,5857547679916024; 0,28953791642561555; 0,05908576492220163; 0,7941783703863621; 0,9989737928844988; 0,2981209005229175; 0,2638285490684211; 0,9463647101074457
0,31691292082631994; 0,9066581772640347; 0,1591787333600223; 0,2226610374636948; 0,9227323490194976; 0,8207459514960647; 0,019707545172423124; 0,24882409255951643; 0,07362275058403611; 0,13557660672813654; 0,47866973653435707
0,9522948441559642; 0,8278250549919903; 0,025017966516315937; 0,5523862899281085; 0,6524333204142749; 0,08946227142587304; 0,1724409982562065; 0,9063756237737834; 0,376737121026963; 0,25501846987754107; 0,2728027203120291
0,3996040493471767; 0,9283972838893533; 0,01154076075181365; 0,018146588932722807; 0,9480677074752748; 0,266235020942986; 0,8979080771096051; 0,7905185795389116; 0,6141417124308646; 0,9051509876735508; 0,91032479936257
0,6406418188054336; 0,8437930792570114; 0,5245020906440914; 0,8726715659722686; 0,4355994537472725; 0,6283126925118268; 0,03543628426268697; 0,9244938963092864; 0,6007974175736308; 0,9441367383114994; 0,4215511195361614
0,3472278751259969; 0,8593539870344102; 0,17633376829326153; 0,29490738408640027; 0,4671874628402293; 0,34649064019322395; 0,33286732668057084; 0,904751141089946; 0,3651265543885529; 0,601282712072134; 0,48193832393735647
1,4141731316200505; 0,45261396234855056; 0,907302089035511; 0,11356007680296898; 0,3923637643456459; 0,8875886299647391; 0,17644027573987842; 0,6351612242870033; 0,28367269365116954; 0,3852189416065812; 0,08702030219137669
0,807128175014177; 0,47989989491179585; 0,7687177546322346; 0,29081849567592144; 0,41661823727190495; 0,7698250054381788; 0,32896061101928353; 0,5242125876247883; 0,8367568850517273; 0,5370317585766315; 0,41686849808320403
1,7246705205217374; 0,48357856879010797; 0,0004577524960041046; 0,36901106918230653; 0,5398471443913877; 0,6823401683941483; 0,25246340734884143; 0,6334199723787606; 0,6968511072918773; 0,44840177055448294; 0,22132799634709954
1,0549406866703674; 0,646224104333669; 0,192180213984102; 0,06816739402711391; 0,4344557854346931; 0,7385153719224036; 0,0990999760106206; 0,5742071969434619; 0,2446278897114098; 0,9722956893965602; 0,08091636560857296
1,0720887083626431; 0,49541841354221106; 0,7499087401665747; 0,020966762211173773; 0,6531038419343531; 0,2731422921642661; 0,16549719823524356; 0,8688164763152599; 0,9646517201326787; 0,836040907073766; 0,05351864779368043
0,3976748528682744; 0,5170327825471759; 0,9123616949655116; 0,03224678244441748; 0,6222531744278967; 0,9702856270596385; 0,581302457023412; 0,5860961652360857; 0,3412843025289476; 0,5468116891570389; 0,624419413972646
0,24714067987898541; 0,3563394979573786; 0,9980620411224663; 0,667491739615798; 0,980257616378367; 0,41353481262922287; 0,5638176663778722; 0,24977479316294193; 0,328713393304497; 0,8405517088249326; 0,959178320132196
1,4163340156865911; 0,2584063243120909; 0,13715977780520916; 0,5301821255125105; 0,08606359083205462; 0,38302756240591407; 0,6559938471764326; 0,9380329162813723; 0,6421662736684084; 0,7176657789386809; 0,4071415481157601
0,31099648399694685; 0,5570235443301499; 0,013215812388807535; 0,4497763840481639; 0,7882108478806913; 0,557949380017817; 0,6103533711284399; 0,790767592843622; 0,26297076093032956; 0,3888740260154009; 0,9946822817437351
1,7828815888925547; 0,2834312957711518; 0,603118441067636; 0,5668777166865766; 0,45951844472438097; 0,29568892484530807; 0,998547718860209; 0,5975213651545346; 0,9539809543639421; 0,1775574116036296; 0,8348945723846555
2,4686282211063935; 0,9536911305040121; 0,7575302300974727; 0,30541726807132363; 0,2760078413411975; 0,6035378114320338; 0,21391730150207877; 0,024535739328712225; 0,013486597687005997; 0,5771846398711205; 0,747735062148422
1,8694849130638351; 0,526838474906981; 0,10516589600592852; 0,6028482667170465; 0,4740180284716189; 0,0385910770855844; 0,4502147790044546; 0,28982279170304537; 0,9811799465678632; 0,9808384175412357; 0,5120366518385708
0,1504175204121908; 0,2753483667038381; 0,7852083155885339; 0,9528569323010743; 0,8415993247181177; 0,47451170021668077; 0,6714563760906458; 0,1679516863077879; 0,39721053885295987; 0,8189965011551976; 0,37218347005546093
1,7644457985763364; 0,5094234365969896; 0,6070434898138046; 0,020885584875941277; 0,37561795115470886; 0,6800452093593776; 0,04804315743967891; 0,8119044969789684; 0,9225985468365252; 0,9713026434183121; 0,5700772264972329
0,1174180404172332; 0,597301478497684; 0,05872156098484993; 0,7978495792485774; 0,8495486555621028; 0,02232303097844124; 0,28882004832848907; 0,48060332890599966; 0,25939831603318453; 0,9446043963544071; 0,22281022323295474
0,90309727067794; 0,018335815984755754; 0,47179995384067297; 0,018871738575398922; 0,4260036642663181; 0,8946709097363055; 0,6387453093193471; 0,00700464379042387; 0,09484817273914814; 0,710361341945827; 0,1889028511941433
0,18252410796104018; 0,41299629025161266; 0,30505461944267154; 0,16911769192665815; 0,7714845524169505; 0,4862766517326236; 0,9514628131873906; 0,5108800195157528; 0,2758081555366516; 0,8730131681077182; 0,703322094399482
0,8561419217311399; 0,49336044723168015; 0,8892192463390529; 0,8231939929537475; 0,0008382163941860199; 0,09992949338629842; 0,8952722512185574; 0,8125469456426799; 0,40608441829681396; 0,8478089063428342; 0,7193047385662794
1,0894025174294404; 0,4392577111721039; 0,7479379568248987; 0,21464307978749275; 0,6781553579494357; 0,2716873842291534; 0,23598315799608827; 0,613054450135678; 0,9284178861416876; 0,763201299123466; 0,7045335317961872
0,6340446378383279; 0,6315906662493944; 0,16729103308171034; 0,8796530258841813; 0,7158712418749928; 0,4076239001005888; 0,8694085502065718; 0,7197457798756659; 0,07855724543333054; 0,6745558120310307; 0,9925033934414387
0,08649622489494829; 0,3006103285588324; 0,7324403091333807; 0,41594276344403625; 0,19010241189971566; 0,8548527266830206; 0,4074510186910629; 0,8527015945874155; 0,7458059769123793; 0,845146513544023; 0,7681720186956227
1,0942737199370933; 0,2942749089561403; 0,6149979694746435; 0,5938053466379642; 0,4142104107886553; 0,5525844893418252; 0,5783970090560615; 0,06866113748401403; 0,2156000710092485; 0,04322957107797265; 0,06454805005341768
0,45126408713648986; 0,6198669741861522; 0,14309877809137106; 0,6545154796913266; 0,530971372500062; 0,39234500378370285; 0,3129607168957591; 0,5189511124044657; 0,4344035326503217; 0,5562011804431677; 0,180919723585248
1,9405890771664753; 0,3948584087193012; 0,634413224644959; 0,20713766338303685; 0,6170065538026392; 0,3268025303259492; 0,7152297575958073; 0,7103252396918833; 0,5322079989127815; 0,563165744766593; 0,9225878198631108
0,5342974755017406; 0,8986442876048386; 0,5978004718199372; 0,3316212138161063; 0,8004624033346772; 0,27744063502177596; 0,5830167755484581; 0,9135382594540715; 0,49010640755295753; 0,034417517483234406; 0,6003085854463279
0,15020286905939273; 0,6106127076782286; 0,36351852398365736; 0,15633296081796288; 0,8741733855567873; 0,7945269513875246; 0,9147740611806512; 0,9075676882639527; 0,47099983552470803; 0,5155728454701602; 0,11079549929127097
1,5888696327225103; 0,2755250823684037; 0,6424461808055639; 0,762869912199676; 0,21146941417828202; 0,21808357583358884; 0,15795007208362222; 0,6883334615267813; 0,5657486715354025; 0,019773047417402267; 0,3374099023640156
-0,008557936370749253; 0,32292681746184826; 0,3924122266471386; 0,12018959736451507; 0,29309017211198807; 0,26176858972758055; 0,561504147015512; 0,7098322776146233; 0,7516782321035862; 0,5940991686657071; 0,8874636343680322
2,2826960813673796; 0,9141530995257199; 0,2662217724137008; 0,41428285744041204; 0,05791692668572068; 0,795225199777633; 0,7154762600548565; 0,6825158768333495; 0,2377839465625584; 0,410637600813061; 0,5833197962492704
1,985505210912538; 0,9430403606966138; 0,2117735822685063; 0,6362602720037103; 0,5823149573989213; 0,2360653323121369; 0,7363484143279493; 0,0641778795979917; 0,06543540908023715; 0,3549268622882664; 0,9268809542991221
1,8500683696196336; 0,5778059181757271; 0,5030320058576763; 0,2198324967175722; 0,5827150628902018; 0,3700138875283301; 0,9196505486033857; 0,8971781400032341; 0,08962659444659948; 0,5040399362333119; 0,10649133520200849
0,29881684192300517; 0,5814813892357051; 0,053088477812707424; 0,7902827481739223; 0,7858671620488167; 0,5118545209988952; 0,21699814219027758; 0,5105831068940461; 0,24462341936305165; 0,9823842030018568; 0,6412830767221749
0,5948979598573284; 0,5396744101308286; 0,28679994540289044; 0,36814428493380547; 0,6364308567717671; 0,4135555410757661; 0,4859131323173642; 0,8371625607833266; 0,11513046221807599; 0,5080145779065788; 0,845204112585634
1,9486381910835977; 0,5471783448010683; 0,34855915792286396; 0,6960405367426574; 0,5627057044766843; 0,511839974205941; 0,01512077683582902; 0,7990349736064672; 0,21341184619814157; 0,5452751065604389; 0,49258097307756543
2,5981631928280433; 0,8721690005622804; 0,9747106996364892; 0,7893493273295462; 0,48023216845467687; 0,5933750858530402; 0,35819755494594574; 0,025836050510406494; 0,9976040082983673; 0,3213922646827996; 0,6194915878586471
0,11716380247069286; 0,43916462641209364; 0,5943640260957181; 0,984636337030679; 0,8579383711330593; 0,759434137493372; 0,10337200528010726; 0,4339380585588515; 0,729141182731837; 0,16952992137521505; 0,5197404697537422
0,01620721831514277; 0,3721459382213652; 0,6363754388876259; 0,7269117091782391; 0,3213347843848169; 0,1712753288447857; 0,7729252818971872; 0,7844794322736561; 0,5514588728547096; 0,3848139657638967; 0,33240723982453346
0,9092595006725875; 0,0067414576187729836; 0,9345521391369402; 0,5805370137095451; 0,020356909837573767; 0,7938097068108618; 0,8258111793547869; 0,7149274996481836; 0,009349084459245205; 0,4405374205671251; 0,8822413668967783
1,457207285958736; 0,4869945705868304; 0,357241228222847; 0,07617198815569282; 0,15185875725001097; 0,02738461410626769; 0,9913116763345897; 0,934968676418066; 0,7817998453974724; 0,8568173903040588; 0,07628091797232628
0,15463096076444421; 0,1727484413422644; 0,7722522923722863; 0,8628112259320915; 0,9625110640190542; 0,07160218339413404; 0,2702328525483608; 0,5685407724231482; 0,3716358239762485; 0,9098390457220376; 0,7587229991331697
-0,5120086055154534; 0,04840097390115261; 0,3094390695914626; 0,9994594710879028; 0,8814278678037226; 0,8003228208981454; 0,2229354865849018; 0,13792321039363742; 0,9108573338016868; 0,16665533417835832; 0,5057116602547467
0,6120829934058551; 0,8284823624417186; 0,3249206021428108; 0,21688106330111623; 0,020723044872283936; 0,41959161637350917; 0,3379267221316695; 0,2978499629534781; 0,22601710027083755; 0,0013274271041154861; 0,26751790242269635
2,2537705223431574; 0,968162935692817; 0,17900991765782237; 0,6084977095015347; 0,2478598514571786; 0,022039595525711775; 0,7032256340608001; 0,10308586386963725; 0,7197404708713293; 0,6244269190356135; 0,12351790489628911
0,5016077759590389; 0,10680705541744828; 0,6479886211454868; 0,9140453897416592; 0,001922194380313158; 0,648998495656997; 0,09325648518279195; 0,036011895164847374; 0,8999470481649041; 0,40175976790487766; 0,5534239243716002
-0,025832779377432225; 0,2686510398052633; 0,7076037423685193; 0,12311380403116345; 0,9776702732779086; 0,5487769218161702; 0,08164325589314103; 0,16127500077709556; 0,5916385492309928; 0,9971896787174046; 0,8714197282679379
0,3074950491440054; 0,7371178879402578; 0,5234376383014023; 0,2737275925464928; 0,197686820756644; 0,06290899775922298; 0,588108962867409; 0,2864501276053488; 0,6560478555038571; 0,3798912609927356; 0,5207943958230317
1,8608730249012835; 0,42072168178856373; 0,3533316277898848; 0,24309793254360557; 0,17277187341824174; 0,8948063957504928; 0,12958420207723975; 0,7602633903734386; 0,2240001461468637; 0,3027056851424277; 0,05616882350295782
0,2656768183778534; 0,7890474051237106; 0,1944651328958571; 0,5546658239327371; 0,5438644513487816; 0,7339216331019998; 0,7847316907718778; 0,690449504647404; 0,9345460347831249; 0,2743483171798289; 0,681132891215384
-0,1725890247273374; 0,08311000652611256; 0,03175565414130688; 0,5704173385165632; 0,7844051481224597; 0,9071788769215345; 0,9102666014805436; 0,3020339785143733; 0,9456613310612738; 0,9877185109071434; 0,17907370114699006
1,1689261922289722; 0,9436341905966401; 0,7075713537633419; 0,5670500071719289; 0,013173277489840984; 0,3856481909751892; 0,8012556289322674; 0,04867878649383783; 0,9542225496843457; 0,3473227941431105; 0,4275894952006638
0,5680090860904563; 0,8126425999216735; 0,1090568876825273; 0,07477703411132097; 0,7949500870890915; 0,31959738675504923; 0,0715238000266254; 0,14819152373820543; 0,8764919978566468; 0,22063040547072887; 0,3136720866896212
1,7992171731193896; 0,04273206880316138; 0,891654415987432; 0,019625974353402853; 0,20310949068516493; 0,7321573402732611; 0,26721183164045215; 0,4413602724671364; 0,7074037734419107; 0,4842256889678538; 0,00046754349023103714
0,5643327599888104; 0,592044907156378; 0,8816097658127546; 0,1649564695544541; 0,8747792849317193; 0,7909885421395302; 0,6398348496295512; 0,3661297163926065; 0,05591906886547804; 0,2103307913057506; 0,9665171634405851
0,7396881517593205; 0,49300340516492724; 0,9584410046227276; 0,006235165987163782; 0,6023998172022402; 0,30887922877445817; 0,34482656978070736; 0,6137587488628924; 0,6913394583389163; 0,41650307830423117; 0,03069656202569604
1,2073143723284274; 0,3788360729813576; 0,049187968485057354; 0,59395657107234; 0,26115208864212036; 0,971425867639482; 0,2817617245018482; 0,7405668450519443; 0,15702924178913236; 0,671675362624228; 0,9330709879286587
1,927965890004018; 0,9846927588805556; 0,3011981314048171; 0,44336264207959175; 0,44803838757798076; 0,16168342297896743; 0,7440191032364964; 0,8056449061259627; 0,157436802983284; 0,13106813142076135; 0,3740569925867021
1,2502760722957007; 0,39141355734318495; 0,1328440783545375; 0,4323971662670374; 0,12759864563122392; 0,8439766238443553; 0,916749753523618; 0,036237807944417; 0,48019627947360277; 0,8344573890790343; 0,7485616654157639
0,12830683663206055; 0,5071601932868361; 0,5393847874365747; 0,6575842848978937; 0,10795020312070847; 0,1889157984405756; 0,07256588945165277; 0,0053037176840007305; 0,05483196908608079; 0,850750605110079; 0,342686858959496
0,38719328579473344; 0,5451800506561995; 0,8100954829715192; 0,251744641456753; 0,7728069243021309; 0,7854225845076144; 0,08581750188022852; 0,7809032066725194; 0,7115928353741765; 0,9603874417953193; 0,13234150083735585
0,7216527738081437; 0,6744951894506812; 0,3006200226955116; 0,404672778211534; 0,3100405437871814; 0,7451133681461215; 0,3470016815699637; 0,9843120533041656; 0,2640002993866801; 0,0022898493334650993; 0,9390010382048786
1,2650930537722307; 0,8330675628967583; 0,2267105095088482; 0,5415931520983577; 0,41352823562920094; 0,6368214921094477; 0,8315609004348516; 0,44205860421061516; 0,9945723190903664; 0,4133571167476475; 0,7052557272836566
1,9567186269031822; 0,5723244426771998; 0,5599124110303819; 0,4074299284256995; 0,5046698777005076; 0,0504754101857543; 0,19082664977759123; 0,1954796384088695; 0,13461063615977764; 0,4430471803061664; 0,5636922484263778
1,620630232648844; 0,9551047417335212; 0,47566984221339226; 0,3352365968748927; 0,708641180768609; 0,3003702023997903; 0,12328917300328612; 0,8520320863462985; 0,13915109308436513; 0,27882143342867494; 0,15440426766872406
1,7604137310774128; 0,04503199364989996; 0,8281155247241259; 0,5757622481323779; 0,5496190334670246; 0,7450723056681454; 0,5913533559069037; 0,1777545502409339; 0,24819045281037688; 0,4105637804605067; 0,9084417768754065
0,8894245531084671; 0,8114355923607945; 0,7304850099608302; 0,027571794111281633; 0,574397208634764; 0,5522225946187973; 0,24771999334916472; 0,30705765821039677; 0,5031454903073609; 0,9931746269576252; 0,5854411725886166
0,4198714498030343; 0,005695403553545475; 0,9391803173348308; 0,04438075376674533; 0,39511051727458835; 0,8123153890483081; 0,30818499298766255; 0,6293536368757486; 0,9170201835222542; 0,7278933678753674; 0,8609159952029586
0,9705942853272289; 0,5927337352186441; 0,4461268726736307; 0,4399994472041726; 0,5422414727509022; 0,9658022387884557; 0,1841441891156137; 0,2520632208324969; 0,2887828079983592; 0,2864529243670404; 0,28091071732342243
-0,3822568689204916; 0,24876521714031696; 0,102452187333256; 0,9583210870623589; 0,990887463092804; 0,7299299347214401; 0,45064452663064003; 0,13830105122178793; 0,5353809138759971; 0,836121913511306; 0,30976905347779393
1,294413998171437; 0,3149518044665456; 0,6781479129567742; 0,10373173654079437; 0,24156018067151308; 0,40747222770005465; 0,11496386677026749; 0,46785830799490213; 0,9863747381605208; 0,08580140536651015; 0,4799051834270358
0,8899818152196647; 0,12979191448539495; 0,7663213941268623; 0,40946084819734097; 0,7897384534589946; 0,22926061134785414; 0,5748305185697973; 0,40785515820607543; 0,7560107242316008; 0,4885773337446153; 0,6810127021744847
-0,09819915882101748; 0,5607714303769171; 0,007085653021931648; 0,9028111738152802; 0,9984336337074637; 0,020852432120591402; 0,5270035853609443; 0,5818724632263184; 0,6312932134605944; 0,06575059471651912; 0,8527850722894073
1,6999579893993975; 0,8881460162810981; 0,6326868385076523; 0,10017838468775153; 0,2591112218797207; 0,3019388196989894; 0,32711597671732306; 0,38074261229485273; 0,5395562234334648; 0,5961663410998881; 0,14217769354581833
0,9893520896127705; 0,5291488375514746; 0,0547569883055985; 0,39519327180460095; 0,4308436750434339; 0,35318663576617837; 0,44204789213836193; 0,30530430655926466; 0,49793911585584283; 0,4671720373444259; 0,3396621886640787
1,487469938487645; 0,35429891711100936; 0,886530286166817; 0,3180135218426585; 0,6509416736662388; 0,40034415340051055; 0,10059058386832476; 0,008281615562736988; 0,5227727727033198; 0,021663967985659838; 0,1181568936444819
2,5549070709674138; 0,9107279232703149; 0,8072888976894319; 0,5832931781187654; 0,46366625325754285; 0,7106552654877305; 0,15715322690084577; 0,1638837200589478; 0,7812745892442763; 0,06718348292633891; 0,8767906674183905
0,4927500392410118; 0,41525353072211146; 0,6852899864315987; 0,1626861458644271; 0,38783680088818073; 0,4743066392838955; 0,6856090924702585; 0,657269214745611; 0,5001924228854477; 0,5947122001089156; 0,08854135684669018
