 y; x1; x2; x3; x4; x5; x6; x7; x8; x9; x10
2,22119852262282; 0,60878327768296; 0,6313121826387942; 0,612064627930522; 0,23055747710168362; 0,40738977026194334; 0,1483950917609036; 0,2282721847295761; 0,1831758632324636; 0,07425982598215342; 0,8748704749159515
0,16098316571728144; 0,3921449691988528; 0,4312316169962287; 0,4136985847726464; 0,040696718730032444; 0,45152196241542697; 0,20794320851564407; 0,1164431581273675; 0,30950189381837845; 0,5464278291910887; 0,375295527279377
1,5365671556973128; 0,02136833919212222; 0,5896298410370946; 0,031264730263501406; 0,9495893931016326; 0,20531753171235323; 0,17478593671694398; 0,13685215823352337; 0,0759808230213821; 0,35231609735637903; 0,5019288649782538
2,1674317624821757; 0,9057922186329961; 0,43285274039953947; 0,7429968235082924; 0,7988212406635284; 0,1427587801590562; 0,19211468612775207; 0,15375644573941827; 0,08775371219962835; 0,42263687402009964; 0,18434696923941374
2,1728113468437193; 0,921980400569737; 0,26135753421112895; 0,6300652837380767; 0,02038643602281809; 0,869738049339503; 0,8742871969006956; 0,13205948937684298; 0,8923175414092839; 0,012065434362739325; 0,33928450057283044
1,0022262314688561; 0,009608213324099779; 0,5660608117468655; 0,15054627880454063; 0,6644220021553338; 0,018394953571259975; 0,8686948576942086; 0,6563177281059325; 0,7480195849202573; 0,08648280706256628; 0,8740749256685376
0,015094142713749314; 0,3351880474947393; 0,10276805562898517; 0,06839897995814681; 0,8299918426200747; 0,9668624675832689; 0,5845910701900721; 0,5659728799946606; 0,591250064317137; 0,26339932763949037; 0,9080693228170276
1,7304623257610763; 0,39383929409086704; 0,07289099739864469; 0,1286597433499992; 0,44165093544870615; 0,5039694327861071; 0,8285150988958776; 0,5406808634288609; 0,47952931420877576; 0,8526307246647775; 0,760757802054286
-0,13506570238214038; 0,09784252103418112; 0,44459519535303116; 0,6033045640215278; 0,31771961180493236; 0,16226633917540312; 0,8681895732879639; 0,8298240299336612; 0,20429626805707812; 0,3084438038058579; 0,61335039883852
1,1385567705292436; 0,19926046347245574; 0,37904304871335626; 0,6187126534059644; 0,15086446329951286; 0,005460664164274931; 0,1521516847424209; 0,654537437018007; 0,4751534597016871; 0,3363662729971111; 0,9145463057793677
1,61751446866989; 0,2005373341962695; 0,3391240844503045; 0,8777907881885767; 0,9613288454711437; 0,4672635989263654; 0,6530465083196759; 0,9448569258674979; 0,7965857433155179; 0,28225755924358964; 0,6202690582722425
0,647997784575618; 0,49583073519170284; 0,863173617515713; 0,5181076503358781; 0,32870141603052616; 0,3626877940259874; 0,2760541411116719; 0,8360489504411817; 0,6735516325570643; 0,22649368131533265; 0,14677175739780068
0,2934432971316454; 0,7816079817712307; 0,04565775208175182; 0,9072574246674776; 0,3546145404689014; 0,16020601289346814; 0,6365777109749615; 0,3569772280752659; 0,256192100699991; 0,4480362357571721; 0,39988183602690697
-0,005293137968866879; 0,16628202563151717; 0,7718931687995791; 0,13591607147827744; 0,6922783711925149; 0,06889047101140022; 0,013558365870267153; 0,47998593421652913; 0,014149914495646954; 0,016737595200538635; 0,7599230380728841
2,034153075679909; 0,7336386954411864; 0,2618486722931266; 0,005149570759385824; 0,5695289578288794; 0,3367302347905934; 0,3169183717109263; 0,8520777453668416; 0,1842560227960348; 0,9035366764292121; 0,7316446714103222
-0,016045318742536896; 0,43597134528681636; 0,10541392164304852; 0,5519356308504939; 0,3684224346652627; 0,9372761696577072; 0,08870770875364542; 0,7737460266798735; 0,12469154223799706; 0,4837918635457754; 0,7527712085284293
2,3141525974030435; 0,652460633777082; 0,9059195900335908; 0,3271933663636446; 0,24588646506890655; 0,6412394782528281; 0,06912460271269083; 0,3348842361010611; 0,9715524353086948; 0,11841122014448047; 0,6184324151836336
-0,34442841048197503; 0,11182400537654757; 0,34806125285103917; 0,7783455653116107; 0,8308635549619794; 0,7967466828413308; 0,27818253729492426; 0,5527388472110033; 0,7606045128777623; 0,7092234692536294; 0,2677855328656733
0,8223287202433762; 0,7963016126304865; 0,7491517206653953; 0,4681044537574053; 0,370327505748719; 0,2790291500277817; 0,7308881902135909; 0,3812371529638767; 0,3130187438800931; 0,3978575258515775; 0,020663215313106775
0,6624535931693997; 0,6343673318624496; 0,9917521341703832; 0,34175974503159523; 0,012120677623897791; 0,5619655540212989; 0,4078341736458242; 0,8209416293539107; 0,013109561521559954; 0,41461253073066473; 0,24031182285398245
0,23529798058285567; 0,6520947543904185; 0,4892785004340112; 0,2126582060009241; 0,1346749532967806; 0,9735469678416848; 0,5579253504984081; 0,24294965900480747; 0,8039507661014795; 0,9028352298773825; 0,7824048739857972
2,1472724050243848; 0,4701635092496872; 0,7875676499679685; 0,1834407690912485; 0,7318089068867266; 0,15429753484204412; 0,11870562238618731; 0,6244655703194439; 0,6061721532605588; 0,7375703924335539; 0,7201136355288327
0,10390239135609791; 0,7507888157851994; 0,16893602395430207; 0,1155972327105701; 0,4347536116838455; 0,20195282436907291; 0,8847199827432632; 0,25177976628765464; 0,30538933211937547; 0,8955914545804262; 0,934082665015012
0,07126454318846295; 0,04562260629609227; 0,16540099726989865; 0,8907199786044657; 0,04144920455291867; 0,4305396224372089; 0,969572548288852; 0,17257616063579917; 0,7696877853013575; 0,07880428712815046; 0,26194258825853467
-0,03884499314508196; 0,007765845861285925; 0,5876536853611469; 0,8985675848089159; 0,8180458801798522; 0,21478234324604273; 0,13416583510115743; 0,5029540192335844; 0,04106737906113267; 0,8842721595428884; 0,017231307458132505
0,5866574661473581; 0,5386541900224984; 0,5989643298089504; 0,5248568216338754; 0,7824822897091508; 0,413946058601141; 0,36070159217342734; 0,20030977856367826; 0,4855065052397549; 0,8395212674513459; 0,23760731471702456
0,09383128590489775; 0,20154322125017643; 0,12407218990847468; 0,6182370367459953; 0,24067143257707357; 0,8018281497061253; 0,7931923917494714; 0,44800087809562683; 0,6672495040111244; 0,260214826092124; 0,9899452934041619
0,8467642287229846; 0,059859396424144506; 0,13779105572029948; 0,5466431262902915; 0,12293908605352044; 0,5239684991538525; 0,5870302943512797; 0,60480592912063; 0,25794454105198383; 0,8276312919333577; 0,4717230489477515
-0,13023577805696573; 0,2747392011806369; 0,2553798872977495; 0,43247075844556093; 0,0024569500237703323; 0,9235711167566478; 0,6595188844949007; 0,45909716188907623; 0,48841342236846685; 0,9089708984829485; 0,9440187658183277
2,2800435705482944; 0,7470842408947647; 0,5282585886307061; 0,9862574967555702; 0,3351703267544508; 0,9276145971380174; 0,7059445264749229; 0,5707605760544538; 0,6647814349271357; 0,5284569929353893; 0,9599125715903938
0,0746049502045591; 0,5476475870236754; 0,3677157862111926; 0,6172229018993676; 0,5470255669206381; 0,5827132472768426; 0,8739855554886162; 0,32319377129897475; 0,5645617782138288; 0,38200392574071884; 0,32578302873298526
2,2876104906475883; 0,9060657336376607; 0,3053521327674389; 0,46793157374486327; 0,066076316870749; 0,40632879035547376; 0,48158957716077566; 0,36838655499741435; 0,11282449262216687; 0,3668423080816865; 0,4226391799747944
0,6230200799995279; 0,2810090472921729; 0,2914023622870445; 0,3648050925694406; 0,6290868665091693; 0,4007308906875551; 0,9035092806443572; 0,6465243133716285; 0,3546022563241422; 0,5620128335431218; 0,04386708652600646
0,8237307995817789; 0,734272126108408; 0,8511963966302574; 0,3401316376402974; 0,5431117373518646; 0,9787810062989593; 0,3864581994712353; 0,636020683683455; 0,39034300995990634; 0,07104106852784753; 0,030049965251237154
1,5967952744294944; 0,2160784713923931; 0,22493477538228035; 0,3405732116661966; 0,8584886328317225; 0,4198713358491659; 0,9760781498625875; 0,8186720535159111; 0,14424054697155952; 0,6664806688204408; 0,3146115173585713
1,5641040654633738; 0,1387222963385284; 0,381748273037374; 0,2213816912844777; 0,22727486165240407; 0,015555971302092075; 0,6913363351486623; 0,921139401383698; 0,6477926671504974; 0,48525837203487754; 0,08961602207273245
0,20750031860986867; 0,5156060075387359; 0,5422280500642955; 0,22024041879922152; 0,6506969160400331; 0,8245536740869284; 0,13481401652097702; 0,09275887347757816; 0,06531585985794663; 0,4268983877263963; 0,34251285064965487
1,7730868028112108; 0,721241891849786; 0,4281831099651754; 0,28227578196674585; 0,4128066645935178; 0,7922990312799811; 0,3029100578278303; 0,11070621479302645; 0,09537065587937832; 0,44549400033429265; 0,38491966761648655
0,3664423348119612; 0,7755154189653695; 0,5590091673657298; 0,6370447892695665; 0,5680901617743075; 0,09002789668738842; 0,25216277223080397; 0,2866410189308226; 0,6687999195419252; 0,8663041274994612; 0,9396473355591297
0,7824969110400342; 0,6986795114353299; 0,6649115197360516; 0,2803854839876294; 0,820497231092304; 0,518794781062752; 0,5773715130053461; 0,9366761920973659; 0,36204161308705807; 0,6463705734349787; 0,2603384656831622
0,7702994869189501; 0,9873998365364969; 0,8410757528617978; 0,715283430647105; 0,8457486764527857; 0,07976245507597923; 0,27547913510352373; 0,08710268745198846; 0,851075247861445; 0,5926943584345281; 0,9929245207458735
0,3428033423985205; 0,5426687579602003; 0,3217657096683979; 0,07102818693965673; 0,42986401077359915; 0,5262519088573754; 0,17837931402027607; 0,28455267986282706; 0,48211150988936424; 0,24257573811337352; 0,25755274295806885
1,753181492732063; 0,7937606410123408; 0,9227576265111566; 0,09901911299675703; 0,1809324538335204; 0,4769835826009512; 0,3505967943929136; 0,542028256226331; 0,16222940757870674; 0,5585708096623421; 0,8235412458889186
0,5557116003765223; 0,2905410178937018; 0,3598456778563559; 0,12653419142588973; 0,43048091512173414; 0,13362195063382387; 0,5362011902034283; 0,5488194422796369; 0,4854589123278856; 0,9633024614304304; 0,3620227202773094
0,7340528493969936; 0,171254004817456; 0,4359749751165509; 0,3078050543554127; 0,4979594866745174; 0,9310290445573628; 0,3797391843982041; 0,3033651579171419; 0,8762301257811487; 0,6877034613862634; 0,39594661071896553
1,2480226816781832; 0,38386181835085154; 0,029301096685230732; 0,867121865041554; 0,3678376064635813; 0,10179451061412692; 0,12006038706749678; 0,12038011010736227; 0,07871338492259383; 0,4645064640790224; 0,5451875175349414
1,5048159958412894; 0,10961407655850053; 0,2400328372605145; 0,017708510160446167; 0,017042589839547873; 0,3961550770327449; 0,8081928472965956; 0,560331295710057; 0,4295652285218239; 0,3591600861400366; 0,719613233115524
0,7802685753578582; 0,7214585617184639; 0,4157940992154181; 0,7422942719422281; 0,7611069423146546; 0,9658792861737311; 0,08997170673683286; 0,6191074387170374; 0,8903100527822971; 0,04556879634037614; 0,3745141210965812
-0,20755610618867457; 0,1814711415208876; 0,5889619905501604; 0,8050646740011871; 0,5659859315492213; 0,09469044767320156; 0,7457374259829521; 0,7041770266368985; 0,030060112942010164; 0,9508406254462898; 0,032563605811446905
0,2846044787212855; 0,6057387539185584; 0,05120930774137378; 0,6738744098693132; 0,08534005843102932; 0,009041139855980873; 0,9367222785949707; 0,35837711207568645; 0,5368894222192466; 0,06076193135231733; 0,5332754226401448
-0,4621777496356029; 0,14948609611019492; 0,13913764897733927; 0,36596228973940015; 0,9428997184149921; 0,9487756555899978; 0,1468641464598477; 0,022282598074525595; 0,9772071498446167; 0,11958719044923782; 0,9882078473456204
1,543176641167984; 0,3538681911304593; 0,9450329779647291; 0,022055163513869047; 0,13279862143099308; 0,7590775322169065; 0,36842149728909135; 0,4398579834960401; 0,6563372039236128; 0,9853502856567502; 0,1457511535845697
0,9567719277585955; 0,5007719919085503; 0,01969892019405961; 0,024947908706963062; 0,3628428829833865; 0,2831185176037252; 0,10855210898444057; 0,04044797969982028; 0,3001117995008826; 0,8420669520273805; 0,6113520027138293
1,778740568514435; 0,25153388269245625; 0,6772247534245253; 0,9650282794609666; 0,4046829263679683; 0,010434188414365053; 0,3569827280007303; 0,7979674283415079; 0,37924081133678555; 0,23985572205856442; 0,4981098882853985
0,12001727940334672; 0,5568257565610111; 0,25487809255719185; 0,27012220257893205; 0,10531227244064212; 0,9593801381997764; 0,28754380997270346; 0,223120320122689; 0,5611743992194533; 0,7088075708597898; 0,12314790906384587
1,4838297757373868; 0,8324731113389134; 0,07598342234268785; 0,020936262793838978; 0,18373522209003568; 0,11155128525570035; 0,5713074314408004; 0,4623002945445478; 0,07460319856181741; 0,4843452670611441; 0,8809436704032123
1,8304020352378143; 0,36376593029126525; 0,5286216246895492; 0,048086505848914385; 0,7547401455231011; 0,385113637894392; 0,4693397884257138; 0,05937571823596954; 0,47757040755823255; 0,6814813213422894; 0,8833934771828353
0,5829221650254488; 0,45889240968972445; 0,11814732942730188; 0,1101649384945631; 0,8100296971388161; 0,4583403216674924; 0,6160912355408072; 0,11789160734042525; 0,12728950614109635; 0,9777281521819532; 0,654618819244206
0,20508521712356642; 0,7849665144458413; 0,34633016819134355; 0,7514519793912768; 0,8088373416103423; 0,6022650222294033; 0,5442996229976416; 0,700933416839689; 0,00966395903378725; 0,9138174499385059; 0,8526687701232731
0,6852915906315452; 0,9177836668677628; 0,13648975966498256; 0,7072229865007102; 0,16741179581731558; 0,37369067082181573; 0,9806912722997367; 0,1692790985107422; 0,8535384628921747; 0,8307728474028409; 0,3575284918770194
0,8064702448571526; 0,8685208661481738; 0,05856698378920555; 0,7142196432687342; 0,8587694317102432; 0,746018354780972; 0,25411507580429316; 0,3051367006264627; 0,3412830540910363; 0,19035850930958986; 0,11289487965404987
1,009118856460938; 0,7221213434822857; 0,11223549721762538; 0,9658902045339346; 0,8746003704145551; 0,5074524604715407; 0,2780353198759258; 0,5825032419525087; 0,3962428676895797; 0,6539117833599448; 0,5466735912486911
0,23383560726479058; 0,9100919053889811; 0,05100393807515502; 0,6167129073292017; 0,5015992717817426; 0,7183608547784388; 0,8098402004688978; 0,32822979195043445; 0,5774312997236848; 0,09096022183075547; 0,3326020361855626
1,4598678188902314; 0,2136494293808937; 0,19204202154651284; 0,4351332443766296; 0,06442865682765841; 0,6704364665783942; 0,8424022267572582; 0,6236632503569126; 0,48874986497685313; 0,8547684061340988; 0,19530643289908767
1,118780295760372; 0,924375175498426; 0,39657095819711685; 0,18672045040875673; 0,8835416249930859; 0,06911666318774223; 0,34414571756497025; 0,0696875499561429; 0,5512874028645456; 0,06258603231981397; 0,5271510980091989
0,26344058371157975; 0,1868502921424806; 0,664772629737854; 0,5861369716003537; 0,5434094918891788; 0,05884554283693433; 0,8190968655981123; 0,18687844881787896; 0,260573151987046; 0,7819275655783713; 0,6070444360375404
1,6723523738677164; 0,058671191800385714; 0,9187675826251507; 0,2521706693805754; 0,8802080284804106; 0,7770681572146714; 0,5596003169193864; 0,7380880913697183; 0,9625857099890709; 0,3736909399740398; 0,8703644182533026
2,0830051773893343; 0,975578707177192; 0,4351646229624748; 0,38058640575036407; 0,24413378909230232; 0,2341340915299952; 0,3880778751336038; 0,4483050568960607; 0,6877923463471234; 0,04261357244104147; 0,6270896019414067
1,138717402591269; 0,952773648314178; 0,8577372306026518; 0,5819669356569648; 0,44960871478542686; 0,7795292846858501; 0,7234361134469509; 0,9483275418169796; 0,3011391987092793; 0,9531203084625304; 0,8249964932911098
0,7521574348931456; 0,05043695541098714; 0,9829649422317743; 0,960328874643892; 0,6891628564335406; 0,9677681536413729; 0,06741835596039891; 0,14173538237810135; 0,9497580286115408; 0,9752919562160969; 0,9777756002731621
0,37083370790395676; 0,5949132363311946; 0,43838696740567684; 0,9290203573182225; 0,41842692624777555; 0,5721027017571032; 0,20276814233511686; 0,48551274882629514; 0,9061403423547745; 0,867701509501785; 0,6576141980476677
2,0802347681180064; 0,5028263763524592; 0,6284561296924949; 0,4508890565484762; 0,06416016444563866; 0,34487013053148985; 0,9223461728543043; 0,9563541309908032; 0,5104793873615563; 0,5691195731051266; 0,5418087197467685
0,5423211715814628; 0,8865810818970203; 0,09221134567633271; 0,037687813863158226; 0,11639480851590633; 0,28804691368713975; 0,5259680557064712; 0,6304044001735747; 0,8660486307926476; 0,4926825272850692; 0,8381463219411671
-0,05046197680796366; 0,4031477877870202; 0,06275959964841604; 0,4248891733586788; 0,23453967878594995; 0,993910092394799; 0,40580864204093814; 0,1530414060689509; 0,30120626790449023; 0,20776688447222114; 0,2898813849315047
0,3257020589466829; 0,002306165173649788; 0,573421876411885; 0,15576827991753817; 0,7554665352217853; 0,46997961215674877; 0,7085410603322089; 0,5657764738425612; 0,3878530580550432; 0,6183751104399562; 0,23874788265675306
-0,5172668727744264; 0,09860129095613956; 0,1638491488993168; 0,8512191078625619; 0,06872617127373815; 0,8990917443297803; 0,37215511268004775; 0,803839938249439; 0,11253373045474291; 0,6771216751076281; 0,8714124988764524
-0,06414806139248147; 0,3161748852580786; 0,20822932198643684; 0,1554885753430426; 0,3740095514804125; 0,5358186177909374; 0,7813445180654526; 0,6184733440168202; 0,22637983923777938; 0,9190753735601902; 0,0750905591994524
1,3686361701289202; 0,18539663217961788; 0,7153393304906785; 0,09752002451568842; 0,757818128913641; 0,36259350506588817; 0,9124431405216455; 0,2825729353353381; 0,5328001696616411; 0,2619727603159845; 0,020497963298112154
0,6399819577122354; 0,9689544797874987; 0,3649954656139016; 0,607581490650773; 0,39301711693406105; 0,9617656874470413; 0,15685664722695947; 0,8780949120409787; 0,3866611304692924; 0,15129092521965504; 0,19342402089387178
1,6592368000825708; 0,5286972750909626; 0,023162576835602522; 0,97918730834499; 0,9213375835679471; 0,6577990711666644; 0,7626653951592743; 0,34837802359834313; 0,33110524294897914; 0,8126565795391798; 0,884150292724371
2,0199154467254066; 0,7507520308718085; 0,5556213231757283; 0,049358146265149117; 0,3233893811702728; 0,10139951389282942; 0,49695460963994265; 0,4038387252949178; 0,47503216890618205; 0,7942172735929489; 0,4668493093922734
0,471092391742003; 0,11825591558590531; 0,7337008882313967; 0,9934358671307564; 0,5733031369745731; 0,7402930012904108; 0,5972778787836432; 0,9073333777487278; 0,3983986950479448; 0,7788238953799009; 0,4012558148242533
0,08752894505599318; 0,7155680796131492; 0,2264986583031714; 0,9660694403573871; 0,3352058748714626; 0,601353719830513; 0,4937990950420499; 0,04616256197914481; 0,8739954004995525; 0,8312546890228987; 0,9000038378871977
0,20387606365202326; 0,3996037389151752; 0,2873598150908947; 0,9579265788197517; 0,1551679209806025; 0,1386958910152316; 0,9124547699466348; 0,7847481654025614; 0,1528115924447775; 0,03185140434652567; 0,3319594054482877
0,1982482480346489; 0,7147083175368607; 0,39628735091537237; 0,33655139757320285; 0,8438857435248792; 0,8361735478974879; 0,16483047232031822; 0,23764476226642728; 0,6383471884764731; 0,054836888797581196; 0,711434256285429
0,12171153501932264; 0,21954889176413417; 0,8102585920132697; 0,5603954624384642; 0,23665603436529636; 0,6558035011403263; 0,003714867401868105; 0,24669535970315337; 0,659393900539726; 0,10341580491513014; 0,5067201415076852
0,015616939674029606; 0,523220656439662; 0,36194238625466824; 0,5533836083486676; 0,8089927984401584; 0,7683034534566104; 0,8557999995537102; 0,011786127462983131; 0,11412058072164655; 0,6422053878195584; 0,8268926944583654
0,6619520666536431; 0,9525200384669006; 0,3409337787888944; 0,8092682543210685; 0,39361125556752086; 0,3358397972770035; 0,22143504489213228; 0,5881210886873305; 0,9359974004328251; 0,4657524060457945; 0,18920556362718344
0,7194342596387863; 0,8744326420128345; 0,8649943610653281; 0,4668777226470411; 0,22094912361353636; 0,1905685211531818; 0,432857736479491; 0,19708755519241095; 0,5415861830115318; 0,9526022006757557; 0,8871957706287503
0,2284810497785728; 0,4505651439540088; 0,8222628124058247; 0,7982690818607807; 0,833093742839992; 0,4034849680028856; 0,2914952705614269; 0,36017079651355743; 0,6426471271552145; 0,5846682912670076; 0,14835500763729215
0,4826260761161904; 0,8438981682993472; 0,3481570864096284; 0,6677040355280042; 0,3521290426142514; 0,808958588168025; 0,5663713393732905; 0,31241574883461; 0,24079032521694899; 0,30279828049242496; 0,19419097946956754
0,9363345430227725; 0,6719486000947654; 0,6983064441010356; 0,873740497045219; 0,35788395488634706; 0,814549651928246; 0,2592989946715534; 0,9680225499905646; 0,3736043502576649; 0,7396744228899479; 0,953778840135783
0,3979504084871575; 0,5042218831367791; 0,9787123301066458; 0,612733909394592; 0,2445219182409346; 0,10869852174073458; 0,5308161042630672; 0,977711005602032; 0,01468696165829897; 0,5186011609621346; 0,11804647976532578
0,6289255382376916; 0,7459518094547093; 0,6604225072078407; 0,20342081878334284; 0,9127996466122568; 0,8897381355054677; 0,7555898777209222; 0,43667834904044867; 0,92971684737131; 0,13696119468659163; 0,5640694862231612
1,7830506570999654; 0,6822196641005576; 0,305291666649282; 0,07190143829211593; 0,7088090246543288; 0,21003763237968087; 0,2785910530947149; 0,07967190677300096; 0,01587320677936077; 0,09761636471375823; 0,8264834880828857
2,3127548876382953; 0,9249289948493242; 0,41600881051272154; 0,599238985683769; 0,9136230139993131; 0,26822939282283187; 0,8249259968288243; 0,4614602718502283; 0,5298495758324862; 0,5915040569379926; 0,21164651634171605
0,5148650592477675; 0,32613016571849585; 0,9598610927350819; 0,020968641620129347; 0,2560920976102352; 0,9703760650008917; 0,7745793652720749; 0,1971957511268556; 0,03436286933720112; 0,6427724864333868; 0,21087726159021258
0,9017364490969304; 0,8601659862324595; 0,70552694844082; 0,45785964746028185; 0,626786183565855; 0,8854986438527703; 0,7349014976061881; 0,482454027980566; 0,4512724722735584; 0,06647228449583054; 0,7208201424218714
2,361991153229242; 0,826986238360405; 0,5811953800730407; 0,6538354316726327; 0,13760876096785069; 0,3515669144690037; 0,5267183459363878; 0,18380177253857255; 0,8724547065794468; 0,5285902097821236; 0,7212504777126014
2,448123106262326; 0,9843144346959889; 0,9266886850818992; 0,9057772778905928; 0,2543476424179971; 0,3584624230861664; 0,42200424429029226; 0,5085283224470913; 0,14451520424336195; 0,37421702640131116; 0,43814032478258014
1,7555616704599508; 0,5224363580346107; 0,33602197654545307; 0,42401980329304934; 0,32098553236573935; 0,1483450592495501; 0,37421340588480234; 0,3406775682233274; 0,39826420834288; 0,5563960154540837; 0,6954164262861013
0,9323353793104854; 0,3202430852688849; 0,5660741566680372; 0,3816724233329296; 0,891770426183939; 0,43605511263012886; 0,6812957706861198; 0,3957889066077769; 0,8483441956341267; 0,7368044801987708; 0,3481643870472908
1,0121580323811918; 0,683026329614222; 0,12464641639962792; 0,357629279140383; 0,03354988759383559; 0,4402799643576145; 0,15859102411195636; 0,11960754543542862; 0,6346574304625392; 0,388908036518842; 0,5026117614470422
-0,23121644779986744; 0,4182577268220484; 0,05971402581781149; 0,0900782784447074; 0,8092840798199177; 0,1963304984383285; 0,4612910710275173; 0,10742766782641411; 0,7417771918699145; 0,6024355571717024; 0,33494230452924967
2,074697492398362; 0,3015082483179867; 0,8505681133829057; 0,5446716728620231; 0,16128406673669815; 0,0956801320426166; 0,21594242053106427; 0,753941650968045; 0,6499102427624166; 0,29694473603740335; 0,2314284909516573
1,5090086383103598; 0,9116276726126671; 0,2911150152795017; 0,1382656442001462; 0,9364291178062558; 0,01661213766783476; 0,4829635564237833; 0,4484072793275118; 0,32371112424880266; 0,32062790216878057; 0,1998425736092031
1,350126734743279; 0,08703906694427133; 0,6949776178225875; 0,2786450404673815; 0,19570411508902907; 0,39281729934737086; 0,5230834069661796; 0,4065059986896813; 0,5884948885068297; 0,5598848746158183; 0,3013556832447648
1,598243621733144; 0,6403330201283097; 0,03588639106601477; 0,13957468746230006; 0,26107056252658367; 0,5237956033088267; 0,939492984674871; 0,04135455749928951; 0,8926476514898241; 0,844018800649792; 0,2366140764206648
1,2613987459071372; 0,5275464216247201; 0,27823936473578215; 0,07254272606223822; 0,7275723614729941; 0,33935921220108867; 0,7686662781052291; 0,2795613710768521; 0,9259808445349336; 0,7316351840272546; 0,27325444715097547
-0,10100892206092893; 0,531317746732384; 0,04751569265499711; 0,8288772911764681; 0,18810392497107387; 0,6056624688208103; 0,8459290168248117; 0,5255594253540039; 0,5429898560978472; 0,4585569705814123; 0,8561600665561855
0,38767654541164814; 0,023321995977312326; 0,5172413131222129; 0,9317976133897901; 0,3726304704323411; 0,5983129208907485; 0,327638091519475; 0,9359140563756227; 0,5787575119175017; 0,33026002207770944; 0,029309180565178394
0,11942081745323893; 0,16292790230363607; 0,9682191167958081; 0,9882949721068144; 0,9919798676855862; 0,47228329721838236; 0,4045231114141643; 0,6143479607999325; 0,9530864465050399; 0,7115703285671771; 0,649083994794637
-0,5446303231276489; 0,0844424213282764; 0,05350084090605378; 0,944068084936589; 0,021543217357248068; 0,8783829687163234; 0,488930260296911; 0,998408920597285; 0,897805493324995; 0,912598077673465; 0,757435591891408
0,3828504878299666; 0,515174500644207; 0,8271511923521757; 0,2331731179729104; 0,7530757910571992; 0,31428526109084487; 0,5081717032007873; 0,1905946102924645; 0,7386262412182987; 0,29065386299043894; 0,457321017049253
0,18464506248946697; 0,0733824041672051; 0,10561470640823245; 0,07123971357941628; 0,9420014745555818; 0,6649011820554733; 0,9918984975665808; 0,03523687645792961; 0,7577331708744168; 0,8648607200011611; 0,28670884063467383
1,2222195192603686; 0,4141598609276116; 0,4902908378280699; 0,6137314150109887; 0,9770207367837429; 0,6339552514255047; 0,762499500066042; 0,6967093688435853; 0,7204625415615737; 0,3005087347701192; 0,09304458322003484
1,7944265312702519; 0,4754769429564476; 0,25458065839484334; 0,4877992197871208; 0,8964983955956995; 0,35687918588519096; 0,4834823184646666; 0,01607893267646432; 0,9029291402548552; 0,3739573364146054; 0,06183722987771034
2,241588134668655; 0,9018134321086109; 0,2022600620985031; 0,6939419507980347; 0,10689310450106859; 0,08390412805601954; 0,11405268684029579; 0,6148141082376242; 0,4220737796276808; 0,6732531250454485; 0,14289927808567882
0,857071462715015; 0,6089983694255352; 0,6244162586517632; 0,880706672091037; 0,42206450132653117; 0,7998653161339462; 0,6200545378960669; 0,8181169182062149; 0,8717257515527308; 0,05055162124335766; 0,29757468216121197
1,6863964324703304; 0,11692031472921371; 0,5314114904031157; 0,011396174784749746; 0,1257342640310526; 0,30608004005625844; 0,5709189213812351; 0,7752977716736495; 0,3988997540436685; 0,9522548737004399; 0,3622750570066273
1,6521821165541255; 0,334468349814415; 0,7512056152336299; 0,017584337387233973; 0,6636600098572671; 0,005555874668061733; 0,7209124034270644; 0,743346783798188; 0,22976483358070254; 0,3524862239137292; 0,5580578166991472
1,685063816973512; 0,436445196159184; 0,852279466111213; 0,3979529649950564; 0,052023548167198896; 0,7056935313157737; 0,09690699074417353; 0,4872473869472742; 0,9774327524937689; 0,05372797092422843; 0,38788194907829165
1,0674460752390451; 0,9945087730884552; 0,8000524863600731; 0,788971308618784; 0,790731540415436; 0,9562800056301057; 0,7215726939029992; 0,6305489209480584; 0,006490779109299183; 0,5108162318356335; 0,987868876196444
0,42603217062789167; 0,005014500580728054; 0,29545214772224426; 0,9338391711935401; 0,20660363184288144; 0,4410092984326184; 0,17234159214422107; 0,2648162292316556; 0,4132701917551458; 0,21711670234799385; 0,9333806838840246
2,545779422350837; 0,9837108729407191; 0,9474365604110062; 0,38722623279318213; 0,11290358426049352; 0,27205083379521966; 0,9340153555385768; 0,5283641163259745; 0,6347422888502479; 0,8058315753005445; 0,9898912683129311
0,23880641197689267; 0,4230608628131449; 0,23684114729985595; 0,6430956828407943; 0,07965139113366604; 0,08428543992340565; 0,14836022304371; 0,5611825305968523; 0,7333574993535876; 0,19724980928003788; 0,7501626969315112
0,7171604678360617; 0,012292204890400171; 0,3252039854414761; 0,5871395440772176; 0,010220281314104795; 0,17260820837691426; 0,47917781537398696; 0,6062386892735958; 0,4652976361103356; 0,8590138400904834; 0,981677807867527
2,2944417933550163; 0,9526109276339412; 0,40891396487131715; 0,9432727033272386; 0,4504848322831094; 0,44908692641183734; 0,43326891539618373; 0,3016986488364637; 0,657240382861346; 0,3774001086130738; 0,3593422691337764
1,208994410887592; 0,963245028629899; 0,34872907074168324; 0,8243548022583127; 0,40464693307876587; 0,15823342697694898; 0,2650636653415859; 0,8401342020370066; 0,02682291902601719; 0,12732432689517736; 0,7321143276058137
2,0483551212280657; 0,9587442558258772; 0,1158877988345921; 0,993366664275527; 0,10160222975537181; 0,4262438537552953; 0,15006267791613936; 0,6974386954680085; 0,7395533062517643; 0,1381099815480411; 0,3175714206881821
2,076324379915779; 0,7209811005741358; 0,6212503290735185; 0,3937483550980687; 0,3371886727400124; 0,4974315850995481; 0,6973770726472139; 0,6982889017090201; 0,4206999968737364; 0,6613531382754445; 0,12963304482400417
1,721109816967003; 0,5399754601530731; 0,4629018413834274; 0,6780957789160311; 0,9449591673910618; 0,6411265372298658; 0,8406128287315369; 0,7766103600151837; 0,44263692619279027; 0,8208268247544765; 0,5915491473861039
0,005740587662795671; 0,1851767902262509; 0,8553757392801344; 0,01807296648621559; 0,9266402730718255; 0,9949551257304847; 0,9195125633850694; 0,9285001433454454; 0,7647251281887293; 0,5866328957490623; 0,3317517568357289
0,19840707612723257; 0,16151157533749938; 0,7627468896098435; 0,22268677270039916; 0,0024568685330450535; 0,9355858289636672; 0,21122794412076473; 0,11805324163287878; 0,08805026160553098; 0,9243073323741555; 0,25935216387733817
0,8657410322732099; 0,5991582223214209; 0,8637564112432301; 0,7916564201004803; 0,6819199337624013; 0,14473628997802734; 0,0006317757070064545; 0,5232519116252661; 0,723348296713084; 0,9645796292461455; 0,7371747195720673
1,030499603813043; 0,6520573701709509; 0,4561670236289501; 0,9655281309969723; 0,9423954552039504; 0,244997417088598; 0,44075007271021605; 0,8778367037884891; 0,08859537541866302; 0,9135298179462552; 0,24669793900102377
1,5144899048727867; 0,06857386603951454; 0,4618198457174003; 0,462359378580004; 0,4560199985280633; 0,0787182180210948; 0,6728193098679185; 0,20127369230613112; 0,6658075954765081; 0,5330187440849841; 0,7894623097963631
0,7573457905084723; 0,8007174641825259; 0,9584928154945374; 0,8845201754011214; 0,9763785800896585; 0,916331869084388; 0,8770824763923883; 0,48893377371132374; 0,10616774670779705; 0,3290346129797399; 0,9638951611705124
2,49703317449878; 0,8666457235813141; 0,6601141719147563; 0,12756886892020702; 0,8446569726802409; 0,8991278116591275; 0,6499244021251798; 0,7713722721673548; 0,7803291860036552; 0,2873145993798971; 0,8938194471411407
0,41347314790133827; 0,8967353831976652; 0,2449246090836823; 0,11140062985941768; 0,44905020110309124; 0,08440023194998503; 0,6934380969032645; 0,5438237977214158; 0,37390859238803387; 0,5700062518008053; 0,037902134004980326
0,5294354967676195; 0,2638262934051454; 0,8726805611513555; 0,06327249621972442; 0,5301070059649646; 0,5853570885956287; 0,4596671690233052; 0,9417963959276676; 0,8681374141015112; 0,515859963838011; 0,583140270318836
0,5827767699979801; 0,6635775822214782; 0,5232718382030725; 0,481279204133898; 0,6713823424652219; 0,013012455776333809; 0,18616464314982295; 0,9908433547243476; 0,6703287833370268; 0,055374501273036; 0,38687726063653827
2,3956633816198414; 0,6295246952213347; 0,8695472399704158; 0,7226310484111309; 0,5346516300924122; 0,42256342712789774; 0,4006797024048865; 0,17552493885159492; 0,32082142354920506; 0,3433790090493858; 0,6525150220841169
0,5810813838886206; 0,9460439668036997; 0,6699948399327695; 0,7557332082651556; 0,24721878208220005; 0,7014915207400918; 0,2494636420160532; 0,2619300107471645; 0,19094205927103758; 0,14439786365255713; 0,9852566886693239
2,0931939635985355; 0,8158426713198423; 0,9283408210612833; 0,44871661672368646; 0,25230276584625244; 0,28418615320697427; 0,5947932875715196; 0,07296610670164227; 0,8969234591349959; 0,6814693156629801; 0,07985691679641604
1,8611215998465318; 0,4096769639290869; 0,4191163359209895; 0,38319052942097187; 0,9842042187228799; 0,5930080763064325; 0,6410659826360643; 0,0022333995439112186; 0,36445915745571256; 0,6891195131465793; 0,9493168443441391
1,6972262337847226; 0,3826865004375577; 0,33249551290646195; 0,7051157965324819; 0,4576766029931605; 0,6638391362503171; 0,05519119556993246; 0,65924317156896; 0,5568974423222244; 0,6744086788967252; 0,6663483972661197
0,8289035804495402; 0,13892830209806561; 0,166707715485245; 0,7186139053665102; 0,6994914133101702; 0,08724922453984618; 0,3374334005638957; 0,34472595574334264; 0,3980659102089703; 0,8621084201149642; 0,6088769352063537
-0,2884688451787013; 0,23794150725007057; 0,3924679742194712; 0,13121330924332142; 0,25377728696912527; 0,18969258246943355; 0,5758480769582093; 0,046716720797121525; 0,9633231633342803; 0,729822380002588; 0,4932664129883051
2,3118752490679113; 0,8479297095909715; 0,7983342418447137; 0,8574256994761527; 0,5669613792560995; 0,7782739726826549; 0,965852971188724; 0,18399883760139346; 0,6113424324430525; 0,7389048039913177; 0,3538182103075087
1,8470125842546166; 0,6292109848000109; 0,23255038680508733; 0,7567054177634418; 0,016677440609782934; 0,23310889210551977; 0,26265273382887244; 0,22414740826934576; 0,10471890075132251; 0,2851792639121413; 0,8876227508299053
2,465606312061611; 0,842375866137445; 0,7299186354503036; 0,9943784903734922; 0,7674965988844633; 0,23696389654651284; 0,34966757148504257; 0,8524718130938709; 0,7932414803653955; 0,7289165728725493; 0,9877548906952143
1,0838223356687233; 0,9818935045041144; 0,7459136969409883; 0,836679351516068; 0,7810755432583392; 0,8369598686695099; 0,7820103755220771; 0,6079437099397182; 0,9716375390999019; 0,21564127691090107; 0,44099237909540534
2,070099239717793; 0,9779554139822721; 0,9182415828108788; 0,49833382992073894; 0,15678346389904618; 0,035406633745878935; 0,42356408294290304; 0,5211163386702538; 0,7335627898573875; 0,18782420409843326; 0,1599515345878899
1,3868015228058195; 0,5747717572376132; 0,49670476745814085; 0,899856997653842; 0,3543762871995568; 0,9131142129190266; 0,8381326859816909; 0,8511564848013222; 0,25379352550953627; 0,6525485799647868; 0,06155411759391427
0,797506510526174; 0,9920055577531457; 0,47434699768200517; 0,7062408849596977; 0,6641254462301731; 0,965596133377403; 0,9692526208236814; 0,17832465516403317; 0,6529721184633672; 0,8518372909165919; 0,14565931167453527
0,14594365115218327; 0,24044101871550083; 0,8211789131164551; 0,5954763698391616; 0,94627720490098; 0,6394667299464345; 0,718148457352072; 0,6509644268080592; 0,6771526746451855; 0,680991044268012; 0,8608530224300921
0,5680823115252774; 0,33827684074640274; 0,2095867176540196; 0,19375284807756543; 0,9171644612215459; 0,46368199214339256; 0,47204505931586027; 0,5311711607500911; 0,21415749518200755; 0,8688817601650953; 0,09742511995136738
1,2665313286118751; 0,2888353276066482; 0,9051611665636301; 0,25083116767928004; 0,8693051622249186; 0,12255355156958103; 0,24180358974263072; 0,8121058391407132; 0,2799036228097975; 0,6455233683809638; 0,683910964988172
1,0975013875801323; 0,31770190596580505; 0,15855095954611897; 0,5170486401766539; 0,5510110198520124; 0,48391426680609584; 0,8972846106626093; 0,5425258409231901; 0,4938916405662894; 0,04508494585752487; 0,3045209967531264
2,5703333219001134; 0,8174312831833959; 0,821691747289151; 0,5544607588090003; 0,4075482841581106; 0,6278018453158438; 0,6326292604207993; 0,6449177502654493; 0,39111784286797047; 0,470501059666276; 0,2746762544848025
-0,34136897161253293; 0,15827894629910588; 0,3111356212757528; 0,6258144439198077; 0,4369743596762419; 0,381203455850482; 0,10899637080729008; 0,06581935239955783; 0,5739489831030369; 0,28041074983775616; 0,3962403847835958
0,47152613839942753; 0,7197097050957382; 0,3501052209176123; 0,3499373998492956; 0,7385885040275753; 0,9464812143705785; 0,6611604862846434; 0,35882696602493525; 0,2764100399799645; 0,8189498954452574; 0,4639116944745183
0,7398021916595894; 0,8009282266721129; 0,6129810698330402; 0,47346114460378885; 0,09671671595424414; 0,594805283471942; 0,4015137371607125; 0,7338677681982517; 0,6894352347590029; 0,007065624929964542; 0,17177170608192682
-0,15002961510129903; 0,40421403385698795; 0,13227064115926623; 0,34776255767792463; 0,7334884819574654; 0,037565719336271286; 0,7946062423288822; 0,6435454427264631; 0,1947607221081853; 0,8432829878292978; 0,2797737964428961
0,1676435902222359; 0,09510261798277497; 0,9681643773801625; 0,16703338036313653; 0,5895263683050871; 0,29015381494536996; 0,4387538502924144; 0,30943652521818876; 0,5021144896745682; 0,9631743575446308; 0,08693362353369594
1,6803135460320904; 0,8764036782085896; 0,20946324057877064; 0,3386001540347934; 0,2917831647209823; 0,457894136197865; 0,7284116353839636; 0,6173910433426499; 0,27756710117682815; 0,9682918298058212; 0,5178382033482194
-0,015420573028554818; 0,4409155482426286; 0,2655466408468783; 0,7272084061987698; 0,7145482618361712; 0,21884392341598868; 0,6777838207781315; 0,2691327868960798; 0,5890932120382786; 0,6249988730996847; 0,16852073604241014
1,7386136432657775; 0,2528844834305346; 0,6252918122336268; 0,7573958621360362; 0,791697945445776; 0,39046516409143806; 0,35596040869131684; 0,748765547759831; 0,0667580901645124; 0,86765265930444; 0,5180956171825528
0,2532813331622517; 0,2617668164893985; 0,9171515004709363; 0,7777299443259835; 0,3023059945553541; 0,0899917776696384; 0,6835335255600512; 0,6389496582560241; 0,9443994034081697; 0,6642575142905116; 0,8938388698734343
0,8046438372359968; 0,8430475280620158; 0,025438673794269562; 0,7909805537201464; 0,727070439606905; 0,8871323335915804; 0,9871627492830157; 0,8532724236138165; 0,4206496821716428; 0,3177647856064141; 0,09454269101843238
-0,028829394665951524; 0,26330387499183416; 0,33317375695332885; 0,7999463276937604; 0,29254294373095036; 0,21460679359734058; 0,20984483137726784; 0,6980763138271868; 0,851475371979177; 0,427665573079139; 0,6057899538427591
0,06366983326149356; 0,5066425427794456; 0,5393583029508591; 0,23906188365072012; 0,05642806692048907; 0,08302945690229535; 0,0208290908485651; 0,6270229569636285; 0,24961249344050884; 0,13233745750039816; 0,5523920222185552
0,787135879403477; 0,038905761670321226; 0,010953099001199007; 0,14836102537810802; 0,8977157846093178; 0,25127995340153575; 0,1734381476417184; 0,8731892732903361; 0,7446985798887908; 0,37976590683683753; 0,4992050873115659
2,3653027900415102; 0,9199197487905622; 0,440521371550858; 0,8238644553348422; 0,9501865734346211; 0,9051467282697558; 0,6489388523623347; 0,20073889242485166; 0,23144058510661125; 0,3760263416916132; 0,7503842613659799
2,258175647363956; 0,9322970267385244; 0,1634456990286708; 0,3240957176312804; 0,353776263538748; 0,9283516863361001; 0,4744388642720878; 0,5822827038355172; 0,27717754943296313; 0,9114595539867878; 0,21246678149327636
1,745934417021059; 0,12779334234073758; 0,8064092919230461; 0,547504251357168; 0,6037908224388957; 0,012589088641107082; 0,2918410627171397; 0,5574110299348831; 0,5210399595089257; 0,31198796117678285; 0,7083503240719438
1,7431829394978722; 0,6604500976391137; 0,22701492439955473; 0,5271752709522843; 0,5008441535755992; 0,6956891808658838; 0,3940630704164505; 0,27197214495390654; 0,49618997424840927; 0,03156922897323966; 0,39871125388890505
1,9808472411975018; 0,8654699278995395; 0,5692033437080681; 0,24735905788838863; 0,8405177718959749; 0,44328172132372856; 0,35397080751135945; 0,9454023586586118; 0,2695014770142734; 0,8844527434557676; 0,34337222622707486
0,6300280038561679; 0,5435093734413385; 0,24625008134171367; 0,5241275522857904; 0,9114408940076828; 0,4749499512836337; 0,0860126237384975; 0,9728901269845665; 0,6936882804147899; 0,47765451297163963; 0,28931844094768167
1,9304572186455746; 0,7812880473211408; 0,8319528223946691; 0,5761121683754027; 0,3732766383327544; 0,5220343880355358; 0,5263288198038936; 0,9570429674349725; 0,8276117821224034; 0,46683060424402356; 0,10425330745056272
0,6459314693014697; 0,9078242755495012; 0,7869458245113492; 0,6806389084085822; 0,21417750045657158; 0,8993808939121664; 0,5172588070854545; 0,8467775853350759; 0,30163398617878556; 0,2680459786206484; 0,5966270910575986
0,0016614774580783198; 0,4482861300930381; 0,5042036985978484; 0,19321369333192706; 0,3041157890111208; 0,15802453784272075; 0,20140367792919278; 0,6910016643814743; 0,16363875241950154; 0,6338528678752482; 0,9102971591055393
1,3228898019428996; 0,4515100163407624; 0,4792421143501997; 0,9691673908382654; 0,3450040831230581; 0,606666365172714; 0,6094436594285071; 0,7496428992599249; 0,4685571868903935; 0,6237881309352815; 0,13263624999672174
0,5350235172887516; 0,855972392950207; 0,2142094187438488; 0,17914572171866894; 0,6804564343765378; 0,4914176594465971; 0,9763768827542663; 0,21121949795633554; 0,03994272416457534; 0,10748949740082026; 0,4872763818129897
0,1869044826690197; 0,8508393140509725; 0,118468904402107; 0,15471502533182502; 0,6660185037180781; 0,9642653954215348; 0,4642856502905488; 0,5411313357762992; 0,12962091015651822; 0,02374687697738409; 0,6680844030342996
1,0423153786660513; 0,11566791590303183; 0,29426687443628907; 0,9329620809294283; 0,47223132522776723; 0,5304327593185008; 0,3942222991026938; 0,24886525562033057; 0,40331653226166964; 0,6978455279022455; 0,5329957767389715
1,5378500133461044; 0,10651105549186468; 0,5113252624869347; 0,0070176320150494576; 0,1090169814415276; 0,14017053600400686; 0,562565831001848; 0,8079149373807013; 0,5671253711916506; 0,6338766487315297; 0,06422320986166596
0,28566994220362374; 0,26139587815850973; 0,6686271675862372; 0,1446914910338819; 0,6976337325759232; 0,6518295207060874; 0,3328260434791446; 0,14570075925439596; 0,33728652633726597; 0,014522884972393513; 0,9678509812802076
2,0607523387358; 0,7143733110278845; 0,13835395965725183; 0,6183767821639776; 0,25757534708827734; 0,9959114603698254; 0,5184174254536629; 0,45528855128213763; 0,7112736939452589; 0,9094397183507681; 0,829401530791074
0,9989954608289038; 0,8069815216585994; 0,7842581123113632; 0,6567452871240675; 0,8808564292266965; 0,6140104383230209; 0,4846974923275411; 0,8367083468474448; 0,7818429223261774; 0,16657129535451531; 0,9978082389570773
0,14337513160109072; 0,7388554089702666; 0,2583164316602051; 0,29626875882968307; 0,2117817015387118; 0,6504596858285367; 0,9291239646263421; 0,39326714212074876; 0,9122947170399129; 0,4208869724534452; 0,3744337041862309
0,34059495039140203; 0,3213527435436845; 0,8532211626879871; 0,2880366654135287; 0,7537839850410819; 0,6978139751590788; 0,05440207617357373; 0,6399656273424625; 0,8622123771347106; 0,44057718850672245; 0,08630809374153614
-0,42913190093146164; 0,0723530394025147; 0,006671438459306955; 0,23468484682962298; 0,9124157642945647; 0,8397571346722543; 0,4966805153526366; 0,8823034348897636; 0,662620416842401; 0,6788601195439696; 0,8750202083028853
2,1687910017897467; 0,9563193670473993; 0,3368618665263057; 0,7036175392568111; 0,3684680452570319; 0,12585814483463764; 0,5745308375917375; 0,14736539917066693; 0,8963126172311604; 0,01671111397445202; 0,20697434339672327
2,425104423431628; 0,8643282847478986; 0,6152904145419598; 0,6312023745849729; 0,4671476795338094; 0,5580040882341564; 0,05755071900784969; 0,11686880886554718; 0,8606210774742067; 0,597964795306325; 0,290448313113302
0,02648027887506514; 0,0551571249961853; 0,36846753489226103; 0,4012947282753885; 0,9801924796774983; 0,012498523574322462; 0,7606650530360639; 0,4990158132277429; 0,9213867969810963; 0,43987596966326237; 0,39739108737558126
2,137647478151247; 0,9044160572811961; 0,04893068503588438; 0,6250213314779103; 0,11871376307681203; 0,778418636880815; 0,9931155443191528; 0,3309587426483631; 0,4172437866218388; 0,624727931804955; 0,52872314164415
1,2268973711807476; 0,12415193533524871; 0,9613073095679283; 0,09477402921766043; 0,3027306627482176; 0,06917793164029717; 0,15028765425086021; 0,1517368028871715; 0,5824193051084876; 0,16102151200175285; 0,7721888511441648
0,9462147010244312; 0,1380888381972909; 0,48604076262563467; 0,5629375474527478; 0,1420814343728125; 0,787990081589669; 0,8616867023520172; 0,6585723543539643; 0,46313175512477756; 0,447450855281204; 0,08013022458180785
0,19938853078510127; 0,49181313440203667; 0,45330249099060893; 0,4005287871696055; 0,41145377745851874; 0,1808726810850203; 0,024923196993768215; 0,15883482759818435; 0,9120222320780158; 0,6682818615809083; 0,6507493345998228
2,632129712171578; 0,7672858284786344; 0,9936902998015285; 0,938735693693161; 0,9171896646730602; 0,28421164536848664; 0,64324437873438; 0,8215452460572124; 0,3695329036563635; 0,0303186122328043; 0,9995045834220946
0,11770170696061077; 0,666187112685293; 0,2233170517720282; 0,15757281007245183; 0,1710349046625197; 0,8490005973726511; 0,7280792719684541; 0,15284247882664204; 0,29309740802273154; 0,32657759357243776; 0,9467936321161687
0,9386418297876497; 0,8128925962373614; 0,8493272340856493; 0,3702184986323118; 0,6478158249519765; 0,7188454144634306; 0,053910944145172834; 0,404260809533298; 0,4712712443433702; 0,946029944345355; 0,5912361200898886
1,1906606764004426; 0,11614768858999014; 0,29913405096158385; 0,7737567108124495; 0,5390935023315251; 0,28778544161468744; 0,6433112383820117; 0,7680413345806301; 0,36827236181125045; 0,4558814661577344; 0,31440329598262906
0,8242338505994701; 0,39865839295089245; 0,0035475133918225765; 0,8189050354994833; 0,392742644995451; 0,43894367665052414; 0,19968967139720917; 0,9859618307091296; 0,8110105055384338; 0,2954634949564934; 0,5571052748709917
-0,1890858880403986; 0,3000335651449859; 0,44335037702694535; 0,13078962126746774; 0,36334944842383265; 0,39866339741274714; 0,924618667922914; 0,08739432971924543; 0,4097398743033409; 0,471029709558934; 0,043648484628647566
0,6779938408431272; 0,8996911044232547; 0,6651760865934193; 0,4735005241818726; 0,08625669917091727; 0,37521861027926207; 0,5526739740744233; 0,30927159544080496; 0,9954214179888368; 0,927037201821804; 0,5003424445167184
1,9500502155652255; 0,6775591126643121; 0,7979596136137843; 0,6955783017911017; 0,5029077669605613; 0,5346657964400947; 0,4874648554250598; 0,26844989601522684; 0,195104971062392; 0,27551127318292856; 0,4086273177526891
0,8684718730921002; 0,8930715434253216; 0,27638429682701826; 0,24801786057651043; 0,5320606185123324; 0,4365678457543254; 0,13167777797207236; 0,9367337413132191; 0,8091926709748805; 0,718101164791733; 0,23035429138690233
1,67515260370969; 0,7303276029415429; 0,30916202208027244; 0,3212696355767548; 0,6670290376059711; 0,6475292281247675; 0,7635434889234602; 0,3954836344346404; 0,8635930637829006; 0,3539422112517059; 0,14508047327399254
2,2622011830958293; 0,6986253266222775; 0,8038613554090261; 0,28296627337113023; 0,451581793371588; 0,034572971519082785; 0,5441862153820693; 0,2544908910058439; 0,8982470789924264; 0,14009140292182565; 0,8365893862210214
0,49449627855847533; 0,6483517782762647; 0,8646551095880568; 0,0876620588824153; 0,5785944079980254; 0,8891127579845488; 0,9356627115048468; 0,44242410035803914; 0,07477747742086649; 0,08829605532810092; 0,7713208496570587
2,187913703247001; 0,6326706241816282; 0,5900107542984188; 0,33150622993707657; 0,23247939022257924; 0,18745394237339497; 0,9364068154245615; 0,33741102553904057; 0,44875215040519834; 0,7268042815849185; 0,5908445934765041
1,2959338903701312; 0,7695098998956382; 0,7391399089246988; 0,4694847227074206; 0,8840421224012971; 0,8254442680627108; 0,6766429129056633; 0,33114048931747675; 0,19676000159233809; 0,3861254225485027; 0,051967829931527376
2,003405692605326; 0,457218412309885; 0,6933327317237854; 0,1050042724236846; 0,47587861493229866; 0,43324147118255496; 0,1752616842277348; 0,22778335446491838; 0,8557287598960102; 0,9477165923453867; 0,19180419482290745
1,7588319818569371; 0,5464499336667359; 0,8514356114901602; 0,773851138073951; 0,14947213511914015; 0,5475119729526341; 0,9131450024433434; 0,9613599148578942; 0,8049650085158646; 0,05492044147104025; 0,9718646630644798
0,5406358732308295; 0,8263446511700749; 0,5496918950229883; 0,9761200859211385; 0,3800672749057412; 0,9096044697798789; 0,6326650236733258; 0,2537936740554869; 0,2500512390397489; 0,4662415706552565; 0,3947835504077375
0,9175007197553062; 0,87729512155056; 0,7307548592798412; 0,06345720496028662; 0,9395822519436479; 0,6367775117978454; 0,5595235568471253; 0,4150143903680146; 0,850435399916023; 0,3936604084447026; 0,05052177608013153
0,9517769551865418; 0,5833895048126578; 0,990547560621053; 0,6852473709732294; 0,8283641920424998; 0,5315867150202394; 0,8160411012358963; 0,11206829361617565; 0,708766395226121; 0,5501431417651474; 0,11378244170919061
2,1911466187942956; 0,5196383907459676; 0,7420809995383024; 0,5014672526158392; 0,6079094978049397; 0,15249402541667223; 0,3229489419609308; 0,8244415181688964; 0,7122030067257583; 0,8749294374138117; 0,914585021790117
0,593452833179192; 0,3017587484791875; 0,42698229383677244; 0,4128457037732005; 0,576571658719331; 0,8707687356509268; 0,7775498060509562; 0,1732504516839981; 0,4300557770766318; 0,8940524831414223; 0,30588387325406075
0,7643069697442652; 0,6984111359342933; 0,11098456289619207; 0,9905525627546012; 0,7572223418392241; 0,16961291385814548; 0,48649266082793474; 0,15464848279953003; 0,17900670925155282; 0,34689711360260844; 0,44991432363167405
2,1835652134470145; 0,9276962066069245; 0,35560718225315213; 0,44556274311617017; 0,4279202329926193; 0,41423013154417276; 0,47467509750276804; 0,5325653851032257; 0,5181831703521311; 0,7205145261250436; 0,8861262244172394
0,6186823490870521; 0,8518496742472053; 0,3876216528005898; 0,2791041471064091; 0,42909698700532317; 0,12904248386621475; 0,6051034363918006; 0,28006584104150534; 0,8775948733091354; 0,5260273572057486; 0,36284477915614843
1,2627350275545082; 0,5338946115225554; 0,22170560853555799; 0,9510432537645102; 0,7069532754831016; 0,33685880713164806; 0,3842734391801059; 0,17955061746761203; 0,30640349444001913; 0,9843582534231246; 0,39375461731106043
2,0118341219707947; 0,939761002548039; 0,2364098015241325; 0,1926143397577107; 0,2396878721192479; 0,42949648341163993; 0,48318550642579794; 0,19857911486178637; 0,9343199925497174; 0,09742592182010412; 0,9490624563768506
2,0863496972656383; 0,44146874779835343; 0,8885938986204565; 0,4849885147996247; 0,13109780149534345; 0,4418647773563862; 0,2668260275386274; 0,4724689032882452; 0,1450429754331708; 0,6439262432977557; 0,578247626312077
0,39682910620211714; 0,44080105144530535; 0,35000956477597356; 0,24574647564440966; 0,9160128580406308; 0,35019405744969845; 0,8140351073816419; 0,6487899981439114; 0,7028913400135934; 0,8465426191687584; 0,17946765385568142
1,0300520950103105; 0,19616623548790812; 0,02171926200389862; 0,39251447189599276; 0,771846910007298; 0,28796316171064973; 0,21240334026515484; 0,5508075403049588; 0,9648351375944912; 0,000486601609736681; 0,21797124855220318
0,5393005715558977; 0,7129688439890742; 0,7306505665183067; 0,2732801213860512; 0,08540204539895058; 0,5459621637128294; 0,4315289752557874; 0,5277178334072232; 0,45877480832859874; 0,8689858079887927; 0,45631036488339305
0,9247595488907214; 0,2135612452402711; 0,816872822586447; 0,6281606238335371; 0,3276593307964504; 0,2333155171945691; 0,11767510557547212; 0,7738481727428734; 0,6229439908638597; 0,4401015597395599; 0,566182074137032
0,7205331611680853; 0,5066747888922691; 0,8304209602065384; 0,9683875218033791; 0,9236493273638189; 0,7789337541908026; 0,6256086826324463; 0,09199259290471673; 0,35139079857617617; 0,8692103177309036; 0,2504335315898061
1,9436373629491852; 0,18941229162737727; 0,7990611591376364; 0,21282600844278932; 0,5803124662488699; 0,3115178206935525; 0,9752673832699656; 0,0631098598241806; 0,9984453781507909; 0,29921260103583336; 0,9235717691481113
0,6511742670469925; 0,7650337615050375; 0,9238587156869471; 0,4064581636339426; 0,9860809915699065; 0,9598712315782905; 0,03828970342874527; 0,054299418814480305; 0,5562313194386661; 0,6642693392932415; 0,7869716607965529
1,7659257126513983; 0,9380130469799042; 0,3379592685960233; 0,5673527289181948; 0,9374107299372554; 0,07756576966494322; 0,4017227436415851; 0,03006189549341798; 0,22370219742879272; 0,9437792696990073; 0,17568356404080987
2,328985911199839; 0,729651159606874; 0,652149464469403; 0,5444370987825096; 0,42067455872893333; 0,5148052610456944; 0,7427761075086892; 0,20743515761569142; 0,8352911439724267; 0,023293293546885252; 0,5576639212667942
0,6007846833249122; 0,414004344958812; 0,0676100654527545; 0,6266656159423292; 0,21375750983133912; 0,7433810117654502; 0,8486928450874984; 0,06501403264701366; 0,8772521074861288; 0,18231508182361722; 0,9074814259074628
0,56557004442367; 0,8742863885127008; 0,6405970556661487; 0,9238460627384484; 0,5005415095947683; 0,8377806614153087; 0,5216845101676881; 0,3771719504147768; 0,983869377989322; 0,9216132936999202; 0,024948666337877512
0,9247229223119299; 0,0791804026812315; 0,09958383021876216; 0,5225800098851323; 0,6052788789384067; 0,6557373669929802; 0,3039659122005105; 0,9677941589616239; 0,938594541978091; 0,6443877113051713; 0,42676211055368185
1,108118784466605; 0,5649596732109785; 0,3630670588463545; 0,2994624492712319; 0,13974112691357732; 0,7321467325091362; 0,4101040815003216; 0,4092504931613803; 0,47865983191877604; 0,6857829769141972; 0,13418117631226778
0,7331780114785335; 0,4367608390748501; 0,37470830930396914; 0,5449031908065081; 0,39593555778265; 0,4686213852837682; 0,3054573475383222; 0,19539774535223842; 0,713371695484966; 0,48515163781121373; 0,6299136243760586
2,52180098527632; 0,7496377266943455; 0,9532054280862212; 0,12088122824206948; 0,684187937527895; 0,32476615300402045; 0,55008694389835; 0,012661775574088097; 0,6016424666158855; 0,8421038291417062; 0,7837296687066555
-0,24454949722835512; 0,1449090652167797; 0,5869580656290054; 0,8801140752620995; 0,23533005500212312; 0,8742827991954982; 0,36720979353412986; 0,7770020072348416; 0,05723397107794881; 0,3430923349224031; 0,012452813796699047
1,3988505498641592; 0,5372245837934315; 0,6877057594247162; 0,25038107903674245; 0,763538749422878; 0,4653627029620111; 0,6760872332379222; 0,16895307321101427; 0,32218472193926573; 0,20378475030884147; 0,2201852579601109
1,6047913756657692; 0,09033940685912967; 0,5675089443102479; 0,9879259928129613; 0,2031815587542951; 0,13249041559174657; 0,9504535901360214; 0,2919770488515496; 0,3835761062800884; 0,08417864516377449; 0,3779486012645066
0,6796172343632113; 0,8236806644126773; 0,1299633113667369; 0,3140115621499717; 0,2231676122173667; 0,0553192887455225; 0,016894446220248938; 0,30087971594184637; 0,4728260640986264; 0,239658216945827; 0,6293167322874069
2,2687767535196564; 0,8749671308323741; 0,9955874234437943; 0,07234408939257264; 0,3979480331763625; 0,3314095479436219; 0,3615101929754019; 0,402680819388479; 0,9851613575592637; 0,07431966811418533; 0,07022756105288863
2,4018459839602393; 0,779348699375987; 0,6507493117824197; 0,50146339321509; 0,2619707901030779; 0,6187210804782808; 0,5191580425016582; 0,9803838203661144; 0,23842621129006147; 0,5307442941702902; 0,2493440331891179
-0,4147896806789477; 0,0917678358964622; 0,3985416768118739; 0,09162087272852659; 0,5005373852327466; 0,40424868231639266; 0,21369653334841132; 0,5109412693418562; 0,10853708162903786; 0,6037553232163191; 0,04364712117239833
0,6480616259288658; 0,8805487817153335; 0,6963113970123231; 0,33401596220210195; 0,23998614586889744; 0,5061127310618758; 0,22603755397722125; 0,4905559769831598; 0,23976824944838881; 0,2231509080156684; 0,9255084055475891
1,578510253854641; 0,21952305873855948; 0,0584822716191411; 0,20979959424585104; 0,657044927123934; 0,023037489969283342; 0,8060844489373267; 0,31678615137934685; 0,3510946296155453; 0,44690942158922553; 0,379978752695024
0,5905861991663177; 0,9683411940932274; 0,6480187908746302; 0,5762383914552629; 0,7572905239649117; 0,12227880116552114; 0,6223359294235706; 0,18646118929609656; 0,00043086521327495575; 0,4469827520661056; 0,4039690406061709
0,7514851894113648; 0,5878383093513548; 0,4663776010274887; 0,4360552439466119; 0,3628899734467268; 0,18546083103865385; 0,48980085691437125; 0,09448058111593127; 0,46283560805022717; 0,539442980196327; 0,9206016818061471
1,5542592700969295; 0,5504859830252826; 0,09817939950153232; 0,3283228506334126; 0,8526242994703352; 0,197039017919451; 0,21923811035230756; 0,04534212592989206; 0,9867034018971026; 0,2749587194994092; 0,5012590191327035
-0,08004419688672226; 0,3370966208167374; 0,430355804041028; 0,20942862518131733; 0,13203889830037951; 0,16104045929387212; 0,09863581880927086; 0,7731034336611629; 0,5586583209224045; 0,40746910916641355; 0,4395242650061846
0,31450580643619686; 0,8950469898991287; 0,2942126956768334; 0,36381889460608363; 0,038056785706430674; 0,8830842855386436; 0,1431975611485541; 0,37960926350206137; 0,5971441911533475; 0,9604121739976108; 0,5813932060264051
1,7745160050327156; 0,5214436990208924; 0,9345838408917189; 0,9613010315224528; 0,8227462596260011; 0,7387896594591439; 0,33444331865757704; 0,11463962495326996; 0,20731419743970037; 0,5079632257111371; 0,1510698338970542
1,1908949220526583; 0,9455388290807605; 0,3277222150936723; 0,6177892186678946; 0,8625590018928051; 0,34746764274314046; 0,1512778070755303; 0,508810143917799; 0,8578776349313557; 0,1238723136484623; 0,909547246992588
1,2187539756748296; 0,379356796387583; 0,3291937345638871; 0,9828459555283189; 0,8237084224820137; 0,3690400286577642; 0,2305982573889196; 0,12453255988657475; 0,22424888471141458; 0,6748978961259127; 0,8293540985323489
2,418777596966801; 0,7550301486626267; 0,7290882896631956; 0,15286180330440402; 0,46203023847192526; 0,9833566374145448; 0,4285203362815082; 0,2661318155005574; 0,06159663572907448; 0,12301013898104429; 0,9343016180209816
2,1466513552386264; 0,6365581471472979; 0,544807764235884; 0,4699041689746082; 0,8978532953187823; 0,9293448119424284; 0,6404127040877938; 0,5254082581959665; 0,6866100719198585; 0,06190100871026516; 0,23699814453721046
0,14276896550358442; 0,697691367007792; 0,19029352953657508; 0,9817089638672769; 0,5969535270705819; 0,9573008036240935; 0,48711570957675576; 0,04945458751171827; 0,10543431667611003; 0,38975072046741843; 0,5097435284405947
0,25372640924456924; 0,7768731201067567; 0,1878958623856306; 0,4029725771397352; 0,06365779601037502; 0,8677431782707572; 0,12612641975283623; 0,0620349170640111; 0,2573535107076168; 0,7399478242732584; 0,8236640514805913
1,3144733589347455; 0,8127509946934879; 0,6206775843165815; 0,2953937444835901; 0,2711061486043036; 0,08867238322272897; 0,672418296802789; 0,06794700073078275; 0,4249921818263829; 0,8835125812329352; 0,3218773393891752
0,29426000409125924; 0,3983272612094879; 0,4158813217654824; 0,9018044658005238; 0,5066091157495975; 0,1362033411860466; 0,941113437525928; 0,9470409769564867; 0,9838313134387136; 0,15658955788239837; 0,7425440005026758
0,625836840429046; 0,7779257805086672; 0,8713520588353276; 0,26797809824347496; 0,25538898073136806; 0,7132558883167803; 0,9363225810229778; 0,47678303718566895; 0,19640676397830248; 0,23183678230270743; 0,2583593004383147
0,6231854024979366; 0,29107904294505715; 0,2674833554774523; 0,7027599117718637; 0,9344642693176866; 0,5191858443431556; 0,05583084002137184; 0,9874145789071918; 0,8544692387804389; 0,08375987596809864; 0,2971534337848425
0,3260623288588521; 0,5334033453837037; 0,6286292872391641; 0,24731217557564378; 0,8885942408815026; 0,015361722558736801; 0,8009024080820382; 0,5538311786949635; 0,7217588210478425; 0,8111896184273064; 0,24161936808377504
0,4909204379376144; 0,5572099606506526; 0,12324390560388565; 0,501010219566524; 0,41530946362763643; 0,8093100632540882; 0,717159275431186; 0,15187675319612026; 0,7522571254521608; 0,47473853174597025; 0,4378470531664789
1,257943213501803; 0,36308074928820133; 0,009226460475474596; 0,22011969471350312; 0,9902062546461821; 0,21740294294431806; 0,8136984552256763; 0,15228697983548045; 0,17113617062568665; 0,12749477894976735; 0,5160538335330784
-0,14896845491160574; 0,254287576302886; 0,09039561031386256; 0,17687415098771453; 0,28873406862840056; 0,8070159736089408; 0,976069176569581; 0,9119722046889365; 0,9503471017815173; 0,972920854575932; 0,9865899058058858
0,7088081636914763; 0,6743493448011577; 0,0654870686121285; 0,3871400374919176; 0,0927844699472189; 0,6703437357209623; 0,6455567004159093; 0,10166974551975727; 0,03560575284063816; 0,499473063275218; 0,763720401097089
0,7906473364628843; 0,881293079815805; 0,01087684603407979; 0,5907289171591401; 0,2971647004596889; 0,3122333912178874; 0,04680994153022766; 0,2991266530007124; 0,5926555227488279; 0,6731762075796723; 0,47895527305081487
0,8211511903824606; 0,669383967295289; 0,9945789719931781; 0,976480673532933; 0,39249803172424436; 0,1663143844343722; 0,19442120101302862; 0,1134434174746275; 0,6826178752817214; 0,09483786206692457; 0,020208853762596846
1,2805735515256609; 0,3024162766523659; 0,8841825309209526; 0,7554761995561421; 0,6540325339883566; 0,6998365186154842; 0,6214581062085927; 0,4125421978533268; 0,7315690419636667; 0,2947251317091286; 0,41509737400338054
1,2539047832231764; 0,877814429346472; 0,10481948405504227; 0,7877856348641217; 0,738422101829201; 0,6171896946616471; 0,1874547153711319; 0,5213078400120139; 0,4426481951959431; 0,9332404243759811; 0,1584521965123713
0,7621502009517896; 0,05743194231763482; 0,9579446227289736; 0,36612540343776345; 0,9651761325076222; 0,40171298384666443; 0,301151963416487; 0,7618929981254041; 0,6055343807674944; 0,282429535407573; 0,7793919914402068
0,33882089908902235; 0,37228441378101707; 0,9047214034944773; 0,7680389927700162; 0,1999549358151853; 0,11354157282039523; 0,14112413814291358; 0,0631594737060368; 0,6379544767551124; 0,21751963440328836; 0,08641509339213371
-0,03652927355210678; 0,3700645249336958; 0,4810883505269885; 0,21541844680905342; 0,858203487470746; 0,38218027586117387; 0,37147092213854194; 0,27114862110465765; 0,028609655797481537; 0,8275361806154251; 0,2886421293951571
1,78453217029937; 0,259534508921206; 0,8203395223245025; 0,7950766803696752; 0,6313286861404777; 0,39451098069548607; 0,7188974074088037; 0,1374602704308927; 0,46075525041669607; 0,897530211135745; 0,06422320334240794
0,47930547828380987; 0,7153712245635688; 0,38845538161695004; 0,6372850397601724; 0,2059127502143383; 0,5927102137356997; 0,4818406943231821; 0,9377609477378428; 0,4441389129497111; 0,22112861974164844; 0,5478114066645503
0,9799104389648252; 0,9554954152554274; 0,11112218117341399; 0,9808692233636975; 0,6121206739917397; 0,6982597825117409; 0,22750029247254133; 0,07023623585700989; 0,07735870266333222; 0,6584249935112894; 0,4718949715606868
0,961501909717762; 0,6952025457285345; 0,7986694732680917; 0,06428942969068885; 0,09932879265397787; 0,43250692170113325; 0,056638129986822605; 0,7055355440825224; 0,7514816098846495; 0,41114902030676603; 0,5956913284026086
1,501083857803963; 0,7633132399059832; 0,0431464584544301; 0,4153569689951837; 0,045331791043281555; 0,5450861169956625; 0,863233061041683; 0,06946289027109742; 0,8023356380872428; 0,06711784517392516; 0,1653466117568314
2,0168433634352314; 0,4697325495071709; 0,6023627878166735; 0,9938093032687902; 0,45916056260466576; 0,0608379109762609; 0,21499926131218672; 0,6036166092380881; 0,7011024109087884; 0,14809245523065329; 0,26192790176719427
0,985200897282092; 0,9251207034103572; 0,5169013179838657; 0,9210953125730157; 0,7706301705911756; 0,5526602207683027; 0,5824172785505652; 0,09914285596460104; 0,6114905029535294; 0,784099587239325; 0,5922708441503346
1,0113621639529846; 0,517648309469223; 0,3042854042723775; 0,3213019100949168; 0,2414418589323759; 0,6099846716970205; 0,9865270210430026; 0,6568219824694097; 0,9247964378446341; 0,3110351343639195; 0,8545144097879529
1,7460184896002162; 0,34969929000362754; 0,3066602707840502; 0,9973724498413503; 0,1831856919452548; 0,34451397554948926; 0,11223497381433845; 0,4878165149129927; 0,4689836115576327; 0,6894374024122953; 0,46657514898106456
-0,5657786582524756; 0,026246320456266403; 0,01879680948331952; 0,25865898886695504; 0,747967301402241; 0,4751807861030102; 0,011256063356995583; 0,9800261347554624; 0,5770094748586416; 0,7571423454210162; 0,8098341864533722
0,7035199329588193; 0,13549131527543068; 0,023822663351893425; 0,3985782195813954; 0,13778346264734864; 0,4874912863597274; 0,7029608488082886; 0,6135987462475896; 0,5680404552258551; 0,5485654473304749; 0,5915815648622811
1,2737572565569726; 0,6764506413601339; 0,39554035663604736; 0,6196118220686913; 0,5270222094841301; 0,4561584456823766; 0,00733294989913702; 0,4066909998655319; 0,7199110863730311; 0,9831312294118106; 0,999395520426333
1,2556815630853562; 0,4394160117954016; 0,6614872766658664; 0,1273028077557683; 0,11484148353338242; 0,5041183093562722; 0,5688047003932297; 0,030421532224863768; 0,1621657176874578; 0,7785388506017625; 0,7492839363403618
1,885155627737162; 0,9568813038058579; 0,7531067156232893; 0,4595278217457235; 0,26108478056266904; 0,02745744353160262; 0,6035233936272562; 0,9517585737630725; 0,012196002528071404; 0,2451053368858993; 0,6277407770976424
0,1525571779439795; 0,3800758542492986; 0,6000540782697499; 0,37176565593108535; 0,38414160534739494; 0,40299089439213276; 0,09327384689822793; 0,15903046913444996; 0,9489444317296147; 0,7762824613600969; 0,8401018525473773
1,1335770247514976; 0,30853046011179686; 0,799722068477422; 0,8496351721696556; 0,5334597141481936; 0,09439571900293231; 0,000606670044362545; 0,8357547051273286; 0,8590722871012986; 0,5625927336513996; 0,6838086727075279
0,48112106477884037; 0,8540997905656695; 0,37784457625821233; 0,7519881292246282; 0,12105888035148382; 0,9646987109445035; 0,2719616047106683; 0,5882251914590597; 0,391308031976223; 0,12662518303841352; 0,6230313405394554
0,2921110280335356; 0,6551833585835993; 0,642821844201535; 0,8144734241068363; 0,719912535045296; 0,8057356104254723; 0,08141194609925151; 0,8092151917517185; 0,09078306285664439; 0,9846474062651396; 0,32091363798826933
2,1802368130253544; 0,8489635591395199; 0,13640098832547665; 0,3177768378518522; 0,2235842877998948; 0,2986673405393958; 0,2168444856069982; 0,6594270733185112; 0,467718212865293; 0,5688056573271751; 0,7452291683293879
1,6373250887226976; 0,5920050567947328; 0,010477109346538782; 0,48316917940974236; 0,9932576999999583; 0,01984414830803871; 0,4522778373211622; 0,5597143340855837; 0,25329224206507206; 0,8766910512931645; 0,8134962571784854
0,02480123034397541; 0,0793234771117568; 0,91581593407318; 0,4846782721579075; 0,6557001965120435; 0,7760867085307837; 0,7341232397593558; 0,34814096381887794; 0,12895187875255942; 0,5467524901032448; 0,3002752745524049
2,525247719134608; 0,9190533412620425; 0,8657099190168083; 0,9085995936766267; 0,32135524693876505; 0,505675089545548; 0,6468855771236122; 0,5155315850861371; 0,9472418832592666; 0,923615550622344; 0,6046117027290165
0,9542809106327115; 0,8416257668286562; 0,8379822392016649; 0,6641247607767582; 0,05783904856070876; 0,4980638134293258; 0,5973203531466424; 0,07720730034634471; 0,40683537581935525; 0,11794076766818762; 0,7848396077752113
0,46898658980191366; 0,7694331761449575; 0,6226029060781002; 0,04361853655427694; 0,6081198095344007; 0,5772811081260443; 0,1019552773796022; 0,2685592835769057; 0,6970318811945617; 0,39795968122780323; 0,6982933613471687
0,6665966714583567; 0,9577222703956068; 0,7582041290588677; 0,6402264437638223; 0,04435399500653148; 0,5806249962188303; 0,605082759167999; 0,09187659528106451; 0,7901400164701045; 0,2572110923938453; 0,9304274073801935
0,7296732478566768; 0,8134894343093038; 0,18000859254971147; 0,6678562238812447; 0,7784674251452088; 0,06396796135231853; 0,5924530071206391; 0,9735915302298963; 0,45263057202100754; 0,3829985000193119; 0,673464257735759
1,2040777521466801; 0,7465391014702618; 0,1935229506343603; 0,19924391992390156; 0,8739970801398158; 0,5372792943380773; 0,9244253537617624; 0,8229205561801791; 0,9964487738907337; 0,18107345094904304; 0,9773995820432901
0,6589267642092356; 0,49326674826443195; 0,2312987195327878; 0,7586573623120785; 0,5608246484771371; 0,7706517884507775; 0,30401047971099615; 0,20482935942709446; 0,16897110361605883; 0,6483582905493677; 0,46072784531861544
1,5711859264142298; 0,23546234890818596; 0,10408887919038534; 0,40753839164972305; 0,5559887206181884; 0,5312771433964372; 0,7465600091964006; 0,4608917022123933; 0,3192627653479576; 0,839964141137898; 0,6138666537590325
1,4895693460019612; 0,05745987128466368; 0,5279176938347518; 0,43684335704892874; 0,7527900990098715; 0,3833772209472954; 0,7861661883071065; 0,003483747597783804; 0,46466180868446827; 0,24036560719832778; 0,8961971094831824
0,21125796022759802; 0,7806296180933714; 0,06801537238061428; 0,4075485565699637; 0,8978246189653873; 0,5966808805242181; 0,7630518786609173; 0,012016786728054285; 0,3484443789348006; 0,7531105005182326; 0,7229724815115333
1,6178797936304679; 0,15175844635814428; 0,8832226535305381; 0,4863807847723365; 0,3759915102273226; 0,5442396830767393; 0,7439771848730743; 0,8478215816430748; 0,7460309630259871; 0,6872020624577999; 0,729529342148453
1,3967780239110283; 0,21059187687933445; 0,33361162478104234; 0,5958904284052551; 0,18990246066823602; 0,3115282040089369; 0,15375432558357716; 0,8597695962525904; 0,03044775128364563; 0,28993773786351085; 0,5592911802232265
0,3462261980349344; 0,616324492264539; 0,754707423504442; 0,2516677645035088; 0,6329037384130061; 0,023159129545092583; 0,3778066192753613; 0,2952128634788096; 0,7765942867845297; 0,6768357437103987; 0,44664361607283354
1,963479385434873; 0,6312398379668593; 0,0662693427875638; 0,5856361780315638; 0,3694416368380189; 0,21907609049230814; 0,5681486921384931; 0,4040056956000626; 0,644245058298111; 0,21334400912746787; 0,21249160543084145
2,076700373323746; 0,21630286891013384; 0,982599176466465; 0,12684910371899605; 0,2257210067473352; 0,9517118269577622; 0,32999591110274196; 0,7367586712352931; 0,7616492919623852; 0,1705262828618288; 0,6668821866624057
2,3559618790898518; 0,9639167003333569; 0,932443390134722; 0,9761672262102365; 0,5796178616583347; 0,4793765884824097; 0,19396937685087323; 0,9738102643750608; 0,38672216422855854; 0,8570111556909978; 0,832484417129308
0,43446572591945376; 0,4452416873537004; 0,07549708895385265; 0,8766946159303188; 0,8510300358757377; 0,44657603511586785; 0,9950505602173507; 0,3993384554050863; 0,339886964764446; 0,7021603216417134; 0,5636221109889448
-0,2865848019240409; 0,1818985533900559; 0,4315727581270039; 0,8523814734071493; 0,030992984771728516; 0,687209477648139; 0,11056982586160302; 0,41962380101904273; 0,08102401392534375; 0,8602242525666952; 0,6971616055816412
0,7235249718196215; 0,7329794741235673; 0,2501395968720317; 0,1293822219595313; 0,3532078508287668; 0,7657331768423319; 0,8016253192909062; 0,08391077257692814; 0,06529733398929238; 0,9296221625991166; 0,6023324164561927
2,226149251909621; 0,3395419744774699; 0,9899098966270685; 0,8012658022344112; 0,7677655126899481; 0,9516469305381179; 0,3544356659986079; 0,4125245725736022; 0,8107784800231457; 0,7696891794912517; 0,48954934580251575
1,3175726900637632; 0,8001530608162284; 0,48246015468612313; 0,9290124466642737; 0,03805155726149678; 0,45197829883545637; 0,11438313545659184; 0,4335302943363786; 0,5404616384766996; 0,37485324405133724; 0,013033871073275805
0,7974628667617244; 0,6978535600937903; 0,8951400872319937; 0,032036022283136845; 0,7279046140611172; 0,2354839756153524; 0,9004154019057751; 0,45013484498485923; 0,46401425544172525; 0,06085518887266517; 0,8945688591338694
1,5615925339357632; 0,4643709594383836; 0,29700451297685504; 0,8890267005190253; 0,08136652829125524; 0,41535476176068187; 0,39730641758069396; 0,24018689896911383; 0,5405513043515384; 0,27146440651267767; 0,5624503293074667
1,9746412846203603; 0,33303518081083894; 0,824849016033113; 0,38819872308522463; 0,03129714634269476; 0,3252060590311885; 0,794928168412298; 0,6813146728090942; 0,7492497358471155; 0,9081262219697237; 0,1269358117133379
1,6723501212789722; 0,8591973320581019; 0,07163426093757153; 0,1786782923154533; 0,9842829061672091; 0,5104588945396245; 0,14707453921437263; 0,8993278755806386; 0,8212985233403742; 0,23237894056364894; 0,16653118934482336
0,6781238115127435; 0,1230380842462182; 0,7855923543684185; 0,10471834521740675; 0,2422821819782257; 0,8592722732573748; 0,9625932602211833; 0,6068794275633991; 0,5857214257121086; 0,5204638135619462; 0,08929029712453485
1,773479102267941; 0,43516534473747015; 0,4579355209134519; 0,09578060312196612; 0,8252175594680011; 0,5450573386624455; 0,14461711421608925; 0,08274054806679487; 0,8012420576997101; 0,005367712117731571; 0,03257410926744342
1,8606346426492364; 0,43356452975422144; 0,3252600231207907; 0,6791776046156883; 0,07423151703551412; 0,5500288982875645; 0,9964182963594794; 0,6493184515275061; 0,7016196455806494; 0,2935741040855646; 0,1181651996448636
-0,12219742250738497; 0,4562567388638854; 0,17889335844665766; 0,3593041878193617; 0,26655931025743484; 0,3477161913178861; 0,16843401407822967; 0,6708359620533884; 0,027132852468639612; 0,2572420905344188; 0,5974509264342487
0,4345364129322872; 0,9258314743638039; 0,48063786467537284; 0,9363459548912942; 0,883113139308989; 0,08085175137966871; 0,21557746641337872; 0,4774720608256757; 0,022593250032514334; 0,5171118341386318; 0,200363639742136
1,6527953398725699; 0,5821743728592992; 0,8315409626811743; 0,3582584117539227; 0,1946770055219531; 0,929820888210088; 0,7658626670017838; 0,15921651665121317; 0,6651374050416052; 0,00406163465231657; 0,7232366264797747
1,6724250463516752; 0,513929043430835; 0,10449231648817658; 0,29267995432019234; 0,7579734507016838; 0,7745911381207407; 0,8652363657020032; 0,9994175182655454; 0,41075663920491934; 0,9458142528310418; 0,18150748079642653
1,5244574810689169; 0,12114459974691272; 0,30348489293828607; 0,720532710198313; 0,17441482190042734; 0,15637922519817948; 0,9258031505160034; 0,9484275355935097; 0,9254832002334297; 0,5246511809527874; 0,37823292799293995
1,827176310270205; 0,9477724484167993; 0,4863051646389067; 0,5296977455727756; 0,4699080944992602; 0,5103962426073849; 0,05344979139044881; 0,3448929665610194; 0,49235143745318055; 0,71795445214957; 0,7970278160646558
1,7138872931035516; 0,7634549806825817; 0,9126571984961629; 0,001562807708978653; 0,6169260093010962; 0,8148641251027584; 0,1561283953487873; 0,0857211546972394; 0,9924844233319163; 0,97250010445714; 0,12043154798448086
0,5469938445569084; 0,520212703384459; 0,8826629426330328; 0,7127646175213158; 0,05386099172756076; 0,9267916479147971; 0,7361254785209894; 0,7182804625481367; 0,956059209536761; 0,03423962229862809; 0,13027234422042966
0,8864772259266188; 0,6243503042496741; 0,4091413887217641; 0,49226965475827456; 0,5724445134401321; 0,6531540602445602; 0,14795908657833934; 0,4438851261511445; 0,7428685668855906; 0,6943424022756517; 0,5631753848865628
0,5013942682710908; 0,9464265629649162; 0,16280753212049603; 0,604442342184484; 0,4120234912261367; 0,8266305215656757; 0,5839443989098072; 0,9155793841928244; 0,31387960677966475; 0,45143161015585065; 0,05310996621847153
2,284298697407978; 0,9853838910348713; 0,4993408778682351; 0,517874451354146; 0,3014157949946821; 0,6306783664040267; 0,4691066835075617; 0,4053885657340288; 0,40333009930327535; 0,39913503220304847; 0,6483237990178168
2,336804194986625; 0,9930539480410516; 0,6141892871819437; 0,5924177058041096; 0,9661099058575928; 0,8050346723757684; 0,5605279318988323; 0,36123908311128616; 0,24067576741799712; 0,27329301880672574; 0,24170957831665874
0,2775078512253095; 0,688576428219676; 0,4156812713481486; 0,6022504372522235; 0,6351827369071543; 0,15237567434087396; 0,11671714624390006; 0,9319454808719456; 0,5893453392200172; 0,6263159234076738; 0,7061397042125463
1,5186931951715434; 0,7732243854552507; 0,6638408373109996; 0,7240378754213452; 0,1272827358916402; 0,4588357894681394; 0,34152013761922717; 0,2266364125534892; 0,7180574238300323; 0,4393705236725509; 0,2881803554482758
1,6674696372713955; 0,3285869131796062; 0,46502333879470825; 0,8218501899391413; 0,6654392979107797; 0,05393461650237441; 0,1475286358036101; 0,8140521561726928; 0,6702044336125255; 0,8217946477234364; 0,8315085116773844
0,4110224071289028; 0,16216069227084517; 0,08999703405424953; 0,8032679995521903; 0,9557064836844802; 0,7812304836697876; 0,507546229287982; 0,3528406098484993; 0,8992900680750608; 0,8330069640651345; 0,12599447881802917
2,4768579715405608; 0,8937931945547462; 0,7358002816326916; 0,5928668892011046; 0,7452786075882614; 0,15465013915672898; 0,4409087304957211; 0,8369224206544459; 0,24122769944369793; 0,6367021342739463; 0,15824121702462435
1,391396801120665; 0,9782890905626118; 0,8058591959998012; 0,6042240969836712; 0,6286616730503738; 0,8274928270839155; 0,48236280493438244; 0,5714434552937746; 0,2997998087666929; 0,1699447608552873; 0,6889763842336833
0,8304523557617962; 0,44571217987686396; 0,7632665331475437; 0,8837245800532401; 0,33547447668388486; 0,9641749211587012; 0,12162338569760323; 0,1370245534926653; 0,4788097511045635; 0,17687513586133718; 0,1552894152700901
0,6518185410168884; 0,6445618965663016; 0,270586468745023; 0,33423769613727927; 0,4770296309143305; 0,807509605307132; 0,6393531151115894; 0,4501568991690874; 0,9854182661511004; 0,9547903467901051; 0,19600856909528375
1,0039703031483445; 0,6692544771358371; 0,4539530319161713; 0,9095618287101388; 0,7162268781103194; 0,7463504183106124; 0,4716820144094527; 0,34917452838271856; 0,2322261738590896; 0,014818686060607433; 0,47770162113010883
1,7419468204170188; 0,2477974956855178; 0,6166365747340024; 0,7774691423401237; 0,9075885382480919; 0,6688653631135821; 0,912291600368917; 0,43641176214441657; 0,22847338253632188; 0,27806955808773637; 0,9398752902634442
0,6539868264602449; 0,3553906176239252; 0,5373252830468118; 0,6955920262262225; 0,6247892729006708; 0,0763617679476738; 0,9210277386009693; 0,7947985352948308; 0,7658561347052455; 0,7089280998334289; 0,11264818022027612
1,5288531741678955; 0,40821705712005496; 0,8324661343358457; 0,5089297271333635; 0,1645768410526216; 0,2715361611917615; 0,4558068481273949; 0,7483328632079065; 0,5985892317257822; 0,7803720757365227; 0,7985343770124018
1,1622040699292104; 0,8989988672547042; 0,5871482882648706; 0,38980561261996627; 0,7966708154417574; 0,04015020653605461; 0,8990775514394045; 0,838708849158138; 0,5348326722159982; 0,7259550169110298; 0,06558506935834885
2,090937262592229; 0,421780277043581; 0,7093465328216553; 0,8035719175823033; 0,5480085522867739; 0,16114221699535847; 0,12596817966550589; 0,3551968955434859; 0,5203357385471463; 0,6629635482095182; 0,45229872269555926
-0,003685835116473246; 0,34942807676270604; 0,4752340577542782; 0,4330496285110712; 0,323765785433352; 0,6664630183950067; 0,5841100416146219; 0,09523563645780087; 0,3487458899617195; 0,09390434576198459; 0,799634494818747
2,324891498772118; 0,8677059686742723; 0,7355598793365061; 0,9605196639895439; 0,6249853372573853; 0,3080540751107037; 0,6190131055191159; 0,30732733896002173; 0,15780150704085827; 0,5121600343845785; 0,6266563208773732
0,06583882045656586; 0,5309780496172607; 0,5112510933540761; 0,9053621902130544; 0,13694469025358558; 0,8300353856757283; 0,36627883231267333; 0,5830223727971315; 0,7555906604975462; 0,9911062684841454; 0,5101873613893986
1,2086510379180129; 0,06609757198020816; 0,6334566604346037; 0,5926526924595237; 0,7866306584328413; 0,5309514026157558; 0,4552647126838565; 0,13603086536750197; 0,9316089423373342; 0,039183704648166895; 0,1183770326897502
2,317225081457077; 0,6697239074856043; 0,6696225400082767; 0,6204506028443575; 0,9306904398836195; 0,8640827937051654; 0,08055581990629435; 0,14338389923796058; 0,7764085121452808; 0,7488157604821026; 0,31910456670448184
0,6432679694559248; 0,8240320272743702; 0,0011065253056585789; 0,17493413807824254; 0,9809337449260056; 0,7138049681670964; 0,9514811807312071; 0,6169055700302124; 0,5788826956413686; 0,9863698701374233; 0,6735387183725834
1,0308938991826335; 0,3603729368187487; 0,27016476076096296; 0,6743259564973414; 0,40742616122588515; 0,2478005033917725; 0,21647954499348998; 0,622616034001112; 0,6232240381650627; 0,8728255270980299; 0,6946417153812945
0,8719818405121657; 0,19206248642876744; 0,9472886519506574; 0,6497697932645679; 0,7138992636464536; 0,8693633517250419; 0,128466731403023; 0,23501301417127252; 0,6078633409924805; 0,19332779292017221; 0,036000844556838274
1,7812039069384102; 0,48017798690125346; 0,02917912555858493; 0,8502584979869425; 0,4214115412905812; 0,46335496148094535; 0,696788985747844; 0,2424997235648334; 0,34595796652138233; 0,8631769721396267; 0,41099692042917013
0,5339863882995531; 0,9572614734061062; 0,16355844400823116; 0,23984180996194482; 0,9228561860509217; 0,38072095019742846; 0,7453109542839229; 0,6896262336522341; 0,36831278121098876; 0,5371963595971465; 0,3242890201508999
2,3650752746315034; 0,7252160161733627; 0,664145047776401; 0,061495878268033266; 0,46915970696136355; 0,9929904183372855; 0,4998748074285686; 0,5048040677793324; 0,1807131958194077; 0,46033682487905025; 0,7097509070299566
1,928799378098329; 0,8883095877245069; 0,8354256306774914; 0,3970474456436932; 0,25708903279155493; 0,8792606112547219; 0,7746160752139986; 0,5180264585651457; 0,25087392749264836; 0,0966678592376411; 0,7136852224357426
1,0975544804631385; 0,8448566826991737; 0,3273203228600323; 0,7005817582830787; 0,6460330015979707; 0,22483780281618237; 0,1926647280342877; 0,2848080485127866; 0,9976334474049509; 0,6929834894835949; 0,07168186968192458
1,6857517596173477; 0,07715000305324793; 0,7900727828964591; 0,2510297056287527; 0,6179955992847681; 0,5476959981024265; 0,33987081004306674; 0,053799345158040524; 0,20858613215386868; 0,08988639200106263; 0,31039346754550934
0,5528078131308893; 0,42496184818446636; 0,46290913922712207; 0,46426360262557864; 0,5932427546940744; 0,661376005038619; 0,8360151294618845; 0,4323736494407058; 0,05861702095717192; 0,8480277443304658; 0,153572304174304
2,429812051187257; 0,7866009259596467; 0,7946662912145257; 0,8190000476315618; 0,4503140733577311; 0,3057932988740504; 0,9944819561205804; 0,3760424656793475; 0,17598353466019034; 0,13100278098136187; 0,42834173049777746
-0,2562129864810481; 0,18426660168915987; 0,4078416689299047; 0,014221309218555689; 0,31344450218603015; 0,12345482129603624; 0,20957699371501803; 0,090555839240551; 0,6625453857704997; 0,3874188116751611; 0,37981976056471467
-0,3374275851960317; 0,012209014501422644; 0,30630438681691885; 0,26270552491769195; 0,9851975203491747; 0,9926416450180113; 0,9990704809315503; 0,7250831103883684; 0,9209767822176218; 0,9836814273148775; 0,11079174000769854
0,6931261701271743; 0,36666108341887593; 0,6202563946135342; 0,9381453599780798; 0,04412214830517769; 0,7310540438629687; 0,42879238398745656; 0,8089523371309042; 0,5966388126835227; 0,06955052772536874; 0,34374253218993545
-0,3951503914197956; 0,1469096578657627; 0,34285576175898314; 0,21844102023169398; 0,6158770523034036; 0,4031077427789569; 0,10404899017885327; 0,44582448340952396; 0,7488473104313016; 0,2890117312781513; 0,2692928626202047
0,8441155591904659; 0,23344096448272467; 0,15139816794544458; 0,5427838857285678; 0,3037180877290666; 0,3765410245396197; 0,34249937254935503; 0,2592154396697879; 0,05240256106480956; 0,29189840285107493; 0,42382404301315546
1,9413878198645835; 0,9421839690767229; 0,6799236661754549; 0,16758208395913243; 0,7298062779009342; 0,8642487809993327; 0,03204960376024246; 0,08807365875691175; 0,03878316842019558; 0,1824867962859571; 0,5158879733644426
1,0752257763901718; 0,797451504971832; 0,6606579595245421; 0,23684145789593458; 0,1929153585806489; 0,8277051649056375; 0,48585497215390205; 0,300088276155293; 0,4204567177221179; 0,6028734897263348; 0,8813482606783509
1,3058907686965744; 0,22272300347685814; 0,2919616438448429; 0,4982156748883426; 0,6234719157218933; 0,5175140416249633; 0,12743775453418493; 0,02851567743346095; 0,2785390382632613; 0,11342313978821039; 0,7631497220136225
1,781066029965285; 0,6332609509117901; 0,5890198145061731; 0,7536632772535086; 0,9247644045390189; 0,6443968443199992; 0,38669648626819253; 0,1360183614306152; 0,1466129464097321; 0,22232484770938754; 0,6828875397332013
0,45251985212280466; 0,11515534622594714; 0,4843280534259975; 0,06353195942938328; 0,19945401046425104; 0,9694617595523596; 0,39129973156377673; 0,4117677849717438; 0,13071515783667564; 0,6796861519105732; 0,6605067276395857
0,700344600719544; 0,553503108676523; 0,0984235992655158; 0,2962040454149246; 0,3324652072042227; 0,2957926308736205; 0,7551239724270999; 0,1651933528482914; 0,6109019480645657; 0,12049754336476326; 0,6260978747159243
1,998946304726804; 0,8577264128252864; 0,40534331602975726; 0,7448620558716357; 0,12862007040530443; 0,3928331397473812; 0,1551147010177374; 0,8862719614990056; 0,6707021193578839; 0,29469504300504923; 0,7520923935808241
-0,4106585896723875; 0,21236533299088478; 0,022685411386191845; 0,7790369284339249; 0,3102142671123147; 0,5838306047953665; 0,8925069789402187; 0,32842757645994425; 0,2967696897685528; 0,4407916571944952; 0,3051906363107264
-0,13638265349642797; 0,5209133881144226; 0,030901755206286907; 0,7937834374606609; 0,5100973406806588; 0,8251600628718734; 0,6169646889902651; 0,9864124469459057; 0,8274743538349867; 0,9231343450956047; 0,9828491010703146
-0,34428770967388955; 0,1678995150141418; 0,322401185054332; 0,16748241800814867; 0,06107788812369108; 0,9965135715901852; 0,9202320990152657; 0,7513759704306722; 0,8458002652041614; 0,9790862714871764; 0,7025995249859989
1,5707444606194487; 0,6364923110231757; 0,28688017651438713; 0,5983103378675878; 0,7767192949540913; 0,9230111567303538; 0,13332508830353618; 0,9225250855088234; 0,5706906476989388; 0,17286930186674; 0,011481537949293852
2,1286606236640075; 0,7332640499807894; 0,9364254772663116; 0,7951868288218975; 0,29006492905318737; 0,28708291286602616; 0,41895700618624687; 0,1698196353390813; 0,4294580412097275; 0,8401728835888207; 0,7308606142178178
0,05110905950360478; 0,3589540342800319; 0,6925700954161584; 0,7917144177481532; 0,7409853008575737; 0,7671998743899167; 0,09290530858561397; 0,6977538429200649; 0,5260227001272142; 0,4785717441700399; 0,15714439284056425
1,6812838050911263; 0,39110653940588236; 0,6605332372710109; 0,8068993063643575; 0,20211641257628798; 0,6652397238649428; 0,7797771603800356; 0,5619085761718452; 0,3224765406921506; 0,5633520614355803; 0,6732500372454524
1,323024528247722; 0,9185991296544671; 0,8400291516445577; 0,9752906132489443; 0,5170969543978572; 0,14222137350589037; 0,5738327894359827; 0,062450727447867393; 0,5337091675028205; 0,9115712274797261; 0,31140238512307405
0,8371110775134187; 0,650511487852782; 0,15589859196916223; 0,1694937008433044; 0,643986979033798; 0,23681077919900417; 0,3626349251717329; 0,40627759974449873; 0,1845531347207725; 0,9313359744846821; 0,12273639440536499
1,7376048898090286; 0,4744311752729118; 0,6266642808914185; 0,18276240397244692; 0,42517597461119294; 0,7183492695912719; 0,4992736098356545; 0,11074100248515606; 0,7012778585776687; 0,1606385661289096; 0,8285323400050402
0,41347980657906674; 0,018533316906541586; 0,5045870500616729; 0,3329099928960204; 0,3308546841144562; 0,6453811097890139; 0,25026946794241667; 0,8438640395179391; 0,102814681828022; 0,011465359479188919; 0,8064705524593592
1,6257075508502086; 0,17715975502505898; 0,6484919711947441; 0,8738331841304898; 0,7128072269260883; 0,28669696347787976; 0,9465778316371143; 0,6948553193360567; 0,8231818182393909; 0,7400108836591244; 0,8481945088133216
1,160217440722584; 0,4694629218429327; 0,2967716217972338; 0,48602916626259685; 0,7451162990182638; 0,6966928499750793; 0,19112565135583282; 0,18695903476327658; 0,4361982229165733; 0,059117157477885485; 0,32594774942845106
1,2103239571742959; 0,5977586400695145; 0,6363629032857716; 0,7489783875644207; 0,4000718081369996; 0,790767319034785; 0,17602116148918867; 0,4785888232290745; 0,2657534102909267; 0,9492296897806227; 0,6351255918852985
2,1617493797817398; 0,9968134872615337; 0,9744083918631077; 0,055550594348460436; 0,0626368997618556; 0,5897221169434488; 0,9698135731741786; 0,1961225620470941; 0,39325371477752924; 0,19616889581084251; 0,9031706843525171
0,6324449421667502; 0,48506417823955417; 0,47930688224732876; 0,5333030298352242; 0,8688254300504923; 0,7890763580799103; 0,1857853983528912; 0,5774659882299602; 0,08795345434919; 0,8517694850452244; 0,5346486307680607
0,2835878529227891; 0,7393072345294058; 0,5390863618813455; 0,235346389003098; 0,25489372573792934; 0,8957267082296312; 0,38396880961954594; 0,6405747449025512; 0,8994169114157557; 0,4388803602196276; 0,2971273506991565
0,22033375250310244; 0,04316036123782396; 0,929044624324888; 0,30701516941189766; 0,5236458042636514; 0,9066754351370037; 0,6699155354872346; 0,12969094887375832; 0,7925408156588674; 0,9873626022599638; 0,6690475451759994
0,3340313639314699; 0,06895546475425363; 0,7663883375935256; 0,14963504392653704; 0,7189848013222218; 0,5625699856318533; 0,7708715167827904; 0,5648119426332414; 0,3252167305909097; 0,8994158995337784; 0,6162662310525775
0,691413786575888; 0,6929793246090412; 0,9112022807821631; 0,0550007838755846; 0,5573010798543692; 0,031176986638456583; 0,7933553392067552; 0,38244344433769584; 0,7103993543423712; 0,41896878089755774; 0,4178204098716378
1,6611025697227604; 0,2062501749023795; 0,39299044851213694; 0,015385441947728395; 0,8550534094683826; 0,5352670215070248; 0,20333676412701607; 0,7074459749273956; 0,2822087863460183; 0,9788996241986752; 0,6319789034314454
0,7543500887630895; 0,8039762433618307; 0,4531116229481995; 0,2500983006320894; 0,6711508282460272; 0,9272454776801169; 0,40563035663217306; 0,07878148928284645; 0,2325361454859376; 0,1617287010885775; 0,9542901474051178
0,9409471322604079; 0,7191749177873135; 0,7244565808214247; 0,6578537900932133; 0,24384444439783692; 0,3470185729674995; 0,3059255895204842; 0,6797133274376392; 0,9550872882828116; 0,1096740304492414; 0,8538878196850419
1,0862515174591894; 0,4714492163620889; 0,5353678772225976; 0,0365230985917151; 0,07024084776639938; 0,9360123192891479; 0,03712048102170229; 0,8027914939448237; 0,03070630505681038; 0,11474073445424438; 0,06643378408625722
1,9991297661552845; 0,7524452358484268; 0,14617400476709008; 0,7691167271696031; 0,8538493076339364; 0,1013969830237329; 0,37744626635685563; 0,5080179898068309; 0,9614104307256639; 0,2749592186883092; 0,14522739918902516
0,9615101646636274; 0,7986620245501399; 0,8031239495612681; 0,5915540694259107; 0,8708475800231099; 0,7268698271363974; 0,7293054438196123; 0,6734476611018181; 0,0538249546661973; 0,08948574215173721; 0,19690692238509655
2,1952370095685207; 0,6527812043204904; 0,5631546438671649; 0,7611995465122163; 0,6998898480087519; 0,9421234433539212; 0,21475383872166276; 0,10454369569197297; 0,9643122479319572; 0,49803254939615726; 0,6005772068165243
1,9784042805635451; 0,595650474075228; 0,5309028285555542; 0,005560067482292652; 0,38619688199833035; 0,12390170572325587; 0,8140332382172346; 0,697171971667558; 0,24335764767602086; 0,8790021389722824; 0,07535267667844892
1,7788005434013026; 0,43226821813732386; 0,2099629333242774; 0,8997067986056209; 0,6517596775665879; 0,5014218376018107; 0,7056000707671046; 0,7966959686018527; 0,630887707695365; 0,7842750502750278; 0,4234518064185977
0,10472009887377869; 0,018922399263828993; 0,6647411561571062; 0,32391417026519775; 0,021221281494945288; 0,7528645349666476; 0,03347258362919092; 0,22703742142766714; 0,2815335043706; 0,33354254765436053; 0,8132552350871265
1,6717521942245088; 0,07059255847707391; 0,8105324185453355; 0,507993116043508; 0,8499229131266475; 0,3469674247317016; 0,4333702172152698; 0,6976294764317572; 0,8090336676687002; 0,0033483351580798626; 0,8945900616236031
1,716183013000185; 0,9115464054048061; 0,753092487808317; 0,1043631094507873; 0,8812593072652817; 0,8130969759076834; 0,2700604684650898; 0,88819270581007; 0,8218482416123152; 0,22790118725970387; 0,41534082731232047
0,26921943626548317; 0,5510857673361897; 0,48309035832062364; 0,9868206619285047; 0,032011732924729586; 0,10386910382658243; 0,24760865466669202; 0,7540061543695629; 0,2770710005424917; 0,8927272977307439; 0,7575808502733707
0,863223327427333; 0,2085544941946864; 0,01065131789073348; 0,6588889327831566; 0,9320054738782346; 0,7705341898836195; 0,09159808931872249; 0,8461718899197876; 0,5354254539124668; 0,25507797207683325; 0,7518615392036736
2,3374529183925823; 0,9260057075880468; 0,9110249457880855; 0,8047316363081336; 0,7560911551117897; 0,34654508950188756; 0,4641705765388906; 0,6803556466475129; 0,0921902023255825; 0,9673099769279361; 0,1193170128390193
0,3408534513339787; 0,9301321394741535; 0,2164758825674653; 0,8015548521652818; 0,5566648170351982; 0,5332815800793469; 0,9071366861462593; 0,690537828952074; 0,1969544431194663; 0,571978451218456; 0,6662442362867296
0,45987621133648743; 0,13847433775663376; 0,3034649360924959; 0,7159697050228715; 0,4170190505683422; 0,8179758796468377; 0,8905914574861526; 0,10202227160334587; 0,49485325813293457; 0,5971652972511947; 0,5791889857500792
0,00023090826827282251; 0,49897921830415726; 0,45984932081773877; 0,07263781689107418; 0,6706779468804598; 0,23942467663437128; 0,5516617856919765; 0,3606354990042746; 0,47904462460428476; 0,07028753915801644; 0,31690727174282074
1,0385660916676724; 0,5953328320756555; 0,9646582691930234; 0,08214547066017985; 0,2612003074027598; 0,9013680065982044; 0,5570494923740625; 0,6301452647894621; 0,07058925833553076; 0,9544897815212607; 0,6748983608558774
-0,058620435009142324; 0,5201119049452245; 0,02610716875642538; 0,223656945861876; 0,6407305509783328; 0,07024643570184708; 0,37708461796864867; 0,32952692126855254; 0,7757644793018699; 0,0427659684792161; 0,1862603728659451
0,8084165372621178; 0,6425293944776058; 0,6558706541545689; 0,21932787774130702; 0,3780298517085612; 0,13885291572660208; 0,7419310053810477; 0,6685402691364288; 0,9968913118354976; 0,5123314466327429; 0,2793968506157398
0,7650600647910925; 0,7794103818014264; 0,6046265843324363; 0,34802485443651676; 0,1661359271965921; 0,8378612105734646; 0,039492144249379635; 0,5775942946784198; 0,5287769585847855; 0,6311219432391226; 0,29357271920889616
-0,22010669789391676; 0,1924024517647922; 0,34421670297160745; 0,44163344567641616; 0,031152341049164534; 0,2374273962341249; 0,5696693398058414; 0,592781740706414; 0,3603252060711384; 0,13231523940339684; 0,12098775245249271
0,9873363239742174; 0,5544481133110821; 0,13401290215551853; 0,972679362166673; 0,18462211033329368; 0,1279688742943108; 0,4668013993650675; 0,513350086286664; 0,7117581046186388; 0,5128284548409283; 0,9682997036725283
1,3940365641224477; 0,1331602530553937; 0,22657341277226806; 0,9853610536083579; 0,09638534486293793; 0,5487762042321265; 0,70305195171386; 0,2958206105977297; 0,21785499388352036; 0,36752400174736977; 0,20783762261271477
2,2600125682893064; 0,6567507367581129; 0,7040220941416919; 0,3542181933298707; 0,7882772441953421; 0,40144391544163227; 0,01868236530572176; 0,18001571344211698; 0,5086716748774052; 0,7989773061126471; 0,542834856081754
1,2213540090965325; 0,03302931319922209; 0,28308443631976843; 0,7940316451713443; 0,969919356983155; 0,32928356900811195; 0,8652268936857581; 0,2329001105390489; 0,6498238053172827; 0,6775896805338562; 0,5516910473816097
1,6919622146415976; 0,30026900209486485; 0,23496760055422783; 0,14224721072241664; 0,46092212619259953; 0,7966373208910227; 0,7555783055722713; 0,7146057677455246; 0,20892440900206566; 0,4908375800587237; 0,8154982202686369
1,1582076371140642; 0,891532567795366; 0,1918490268290043; 0,4403647147119045; 0,5093185901641846; 0,7371467910706997; 0,3958289888687432; 0,7877870248630643; 0,3709892379119992; 0,30631504114717245; 0,5139319146983325
1,5104147584707954; 0,16356224194169044; 0,7442241441458464; 0,6434326907619834; 0,6854102569632232; 0,4990376620553434; 0,9144471208564937; 0,5578056126832962; 0,601367655210197; 0,8759519630111754; 0,7602846822701395
1,4276136622865643; 0,1846982897259295; 0,18510571960359812; 0,2395632378757; 0,9336867015808821; 0,5126157514750957; 0,710374460555613; 0,16094963485375047; 0,9660902773030102; 0,6346372254192829; 0,8088329662568867
0,5235403169679456; 0,47456168523058295; 0,01510108495131135; 0,10977784264832735; 0,6828096378594637; 0,1906855758279562; 0,8699144017882645; 0,06377067184075713; 0,858208792284131; 0,42964864568784833; 0,15494158351793885
1,895668090499862; 0,6728813196532428; 0,9146588547155261; 0,4296426880173385; 0,09426336968317628; 0,7318494808860123; 0,41025643795728683; 0,9296799632720649; 0,9762619840912521; 0,5672608120366931; 0,8003541515208781
1,96709750312161; 0,8633743282407522; 0,2773533556610346; 0,09132155869156122; 0,978454515337944; 0,09126012353226542; 0,328477437607944; 0,26822323026135564; 0,37893847934901714; 0,5672813029959798; 0,4883710308931768
0,15842676949808215; 0,41994715528562665; 0,10582913225516677; 0,25663348101079464; 0,07799476245418191; 0,4582679341547191; 0,8244749708101153; 0,026075596921145916; 0,6846316689625382; 0,322402800898999; 0,025760186836123466
1,9291892458837008; 0,39956715796142817; 0,908850553445518; 0,9877413497306406; 0,2314760461449623; 0,048736714757978916; 0,7113623563200235; 0,6843356853350997; 0,520581653341651; 0,3474376923404634; 0,1923459372483194
0,8717235640047654; 0,10879520000889897; 0,7247909992001951; 0,4288075705990195; 0,6896502352319658; 0,4828140074387193; 0,6125159501098096; 0,7655821717344224; 0,08181051257997751; 0,6339296279475093; 0,3191817128099501
0,31209626046823813; 0,4840255551971495; 0,8897253409959376; 0,03841753862798214; 0,9637870406731963; 0,7682311255484819; 0,06234347727149725; 0,6655106619000435; 0,5321942809969187; 0,10293092858046293; 0,7221952988766134
0,4345620590091719; 0,897019047755748; 0,5113941533491015; 0,32848255755379796; 0,8831202490255237; 0,12146548321470618; 0,7849845108576119; 0,1542086899280548; 0,3923984784632921; 0,7239479599520564; 0,8328952775336802
1,700287879716884; 0,1345236236229539; 0,8987117912620306; 0,9780795909464359; 0,9207436684519053; 0,28701084665954113; 0,13207085197791457; 0,7506357696838677; 0,5195679375901818; 0,006488060113042593; 0,3518829494714737
0,2254610661971953; 0,8432986312545836; 0,2511315615847707; 0,03600444830954075; 0,9797763857059181; 0,2448461139574647; 0,18638193886727095; 0,603636578656733; 0,9579313271678984; 0,7313643293455243; 0,12802475038915873
0,2935484206370329; 0,5216998131945729; 0,650154032278806; 0,783919045701623; 0,8503242586739361; 0,1724568149074912; 0,03721520025283098; 0,7140895589254797; 0,09767228830605745; 0,016414688900113106; 0,23413577396422625
0,794764414329796; 0,9703778880648315; 0,9065297157503664; 0,4482114650309086; 0,7906400710344315; 0,40569429006427526; 0,1136097963899374; 0,507103820797056; 0,43892671493813396; 0,7913897363469005; 0,47846415964886546
1,2587167438478688; 0,4680511150509119; 0,9182369662448764; 0,8931249915622175; 0,4776040418073535; 0,6128764594905078; 0,9806531807407737; 0,007369718514382839; 0,35131147084757686; 0,9354276293888688; 0,4545646458864212
-0,0817411718784608; 0,38843277376145124; 0,2806573174893856; 0,4138801619410515; 0,9332111342810094; 0,057908155489712954; 0,50694290548563; 0,2836540611460805; 0,5655036261305213; 0,02753769000992179; 0,7437652060762048
0,5486994567292356; 0,10238129273056984; 0,6778042954392731; 0,8096394464373589; 0,2950849998742342; 0,9892719686031342; 0,46054048789665103; 0,6228796178475022; 0,5054897186346352; 0,4792666104622185; 0,13218778744339943
1,3705525392658349; 0,08926730742678046; 0,6609360184520483; 0,3585588135756552; 0,765574055723846; 0,020119003020226955; 0,206890104804188; 0,2310593193396926; 0,11607056763023138; 0,17785143526270986; 0,6760240099392831
1,5340744869474146; 0,6348752523772418; 0,035124226938933134; 0,09846522845327854; 0,7956270426511765; 0,31950654555112123; 0,71833770070225; 0,024469261057674885; 0,7378168203867972; 0,7043543113395572; 0,1443223338574171
0,22902740637974808; 0,24749608617275953; 0,560718554072082; 0,743781216442585; 0,0326432348228991; 0,9095846028067172; 0,2403276665136218; 0,7519942405633628; 0,07616000482812524; 0,18292163079604506; 0,1355250021442771
2,224837050461729; 0,9625252122059464; 0,11418739566579461; 0,6787784565240145; 0,0037983302026987076; 0,7121240640990436; 0,4439130346290767; 0,9942765268497169; 0,2221189201809466; 0,876228871755302; 0,7026662454009056
1,120639365548902; 0,04126796359196305; 0,835359922144562; 0,6900452682748437; 0,04883653623983264; 0,5149332201108336; 0,5278735477477312; 0,00571560999378562; 0,033538895193487406; 0,11762939672917128; 0,5523801143281162
1,7350819998835636; 0,22283431515097618; 0,5007210546173155; 0,47028291737660766; 0,6973310923203826; 0,8425316414795816; 0,1735712275840342; 0,4682654528878629; 0,9048812789842486; 0,6932724472135305; 0,8947679223492742
0,06541657067086404; 0,571970327757299; 0,2753043435513973; 0,14086792850866914; 0,7365240892395377; 0,28996114898473024; 0,8675468103028834; 0,519996577873826; 0,3709321469068527; 0,7595841619186103; 0,6264673261903226
0,5090519442630799; 0,8398424675688148; 0,13954419130459428; 0,2517688628286123; 0,8789053056389093; 0,7831159979104996; 0,13845689548179507; 0,9872106844559312; 0,886108870152384; 0,9723259047605097; 0,33395811915397644
-0,1678270687276145; 0,39945538248866796; 0,27159364707767963; 0,9337549083866179; 0,2888121558353305; 0,23228458873927593; 0,2803747630678117; 0,9845123351551592; 0,7868151962757111; 0,2953655617311597; 0,22349454509094357
0,6412608696045591; 0,5529030966572464; 0,1271848171018064; 0,5085389204323292; 0,04721067612990737; 0,8447017008438706; 0,5061290771700442; 0,49844852881506085; 0,8664852771908045; 0,961707504466176; 0,9796431008726358
0,1717789774094336; 0,34148700907826424; 0,016556124668568373; 0,3783963671885431; 0,8349292739294469; 0,8685020245611668; 0,19791364669799805; 0,649597757961601; 0,6159244896844029; 0,9517350918613374; 0,5729945437051356
1,8298301245862467; 0,33366094157099724; 0,6284504947252572; 0,4564763158559799; 0,5964525016024709; 0,6043303976766765; 0,17155699664726853; 0,5140281817875803; 0,5774769438430667; 0,638637132011354; 0,8149791210889816
2,3341594200949327; 0,9092246838845313; 0,8362411540001631; 0,6011992092244327; 0,3527717278338969; 0,6480371640063822; 0,9279299732297659; 0,2040292671881616; 0,09247005078941584; 0,6166068073362112; 0,09110758686438203
0,5259358542152812; 0,9711762452498078; 0,5574395982548594; 0,866015073377639; 0,3632411016151309; 0,364986804779619; 0,43779953802004457; 0,205746300984174; 0,5081155830994248; 0,6266597895883024; 0,29921312257647514
1,0341587055729604; 0,1485778302885592; 0,23390379594638944; 0,9863084959797561; 0,4716102280654013; 0,08714318368583918; 0,142230823636055; 0,17839364055544138; 0,5591772552579641; 0,8755993461236358; 0,5499556744471192
0,35557238340111696; 0,975399854592979; 0,28039397997781634; 0,6093800282105803; 0,3677255054935813; 0,22081210324540734; 0,250165939796716; 0,8719310113228858; 0,6025441628880799; 0,6050448091700673; 0,550687721464783
0,6266015935158198; 0,8918705061078072; 0,48885476496070623; 0,7802955345250666; 0,5216738930903375; 0,9246451645158231; 0,7399660181254148; 0,4451680211350322; 0,5927818710915744; 0,8375366092659533; 0,0996930762194097
1,0900867301196422; 0,8670369130559266; 0,3078429806046188; 0,8684533499181271; 0,9219955019652843; 0,5022212904877961; 0,7227583271451294; 0,9441859549842775; 0,13792957831174135; 0,18082166742533445; 0,633862694259733
1,3250291701159402; 0,8864683625288308; 0,7311370819807053; 0,7763083418831229; 0,26523598236963153; 0,8639979413710535; 0,22079865587875247; 0,11804537987336516; 0,4126533414237201; 0,7652443246915936; 0,7831757152453065
1,237851639026425; 0,08739444334059954; 0,3895529410801828; 0,6008253898471594; 0,6256318874657154; 0,3017598972655833; 0,8895483929663897; 0,02771531557664275; 0,9279911248013377; 0,6310317046009004; 0,5335461939685047
-0,16045257757767717; 0,3028157693333924; 0,15580577310174704; 0,8663929803296924; 0,9012940898537636; 0,5076564028859138; 0,6923701763153076; 0,19932642672210932; 0,05148574337363243; 0,14009208604693413; 0,4171507596038282
1,4191451340563168; 0,38162354100495577; 0,11614838056266308; 0,8367320550605655; 0,9331754203885794; 0,12114205304533243; 0,8644032389856875; 0,6702924622222781; 0,37540065171197057; 0,39960049046203494; 0,9674413190223277
1,9012785777555647; 0,6174468570388854; 0,1785589181818068; 0,16894878540188074; 0,5530319949612021; 0,5835107215680182; 0,0352671192958951; 0,1357410796917975; 0,19610705226659775; 0,6305748764425516; 0,5760734798386693
2,1247521599248196; 0,31031552236527205; 0,864340428262949; 0,09064968163147569; 0,2831391515210271; 0,5018094480037689; 0,46321835834532976; 0,7796980990096927; 0,3164398232474923; 0,3942331336438656; 0,7244838629849255
1,6072827811189507; 0,6743638017214835; 0,9237617198377848; 0,9185057803988457; 0,9233645834028721; 0,3464291086420417; 0,41323911491781473; 0,6077380804345012; 0,4840858243405819; 0,3748989407904446; 0,4034104160964489
-0,07948569309892406; 0,3443516818806529; 0,2958111437037587; 0,874326940625906; 0,5933194076642394; 0,956354655791074; 0,428893128875643; 0,17296519875526428; 0,6448296275921166; 0,8043932490982115; 0,9943905463442206
2,455701720274656; 0,9114512717351317; 0,8127690609544516; 0,4723974294029176; 0,019608607050031424; 0,2926109777763486; 0,09260414214804769; 0,08628835016861558; 0,23316901875659823; 0,20401717349886894; 0,5195846823044121
-0,22601976418122624; 0,1456142789684236; 0,6015319465659559; 0,4995412565767765; 0,9041872057132423; 0,9608927732333541; 0,5099758231081069; 0,9467775905504823; 0,8231412633322179; 0,807952462695539; 0,13868607440963387
1,9248968357703362; 0,817192988935858; 0,7871919255703688; 0,6639153463765979; 0,5513230017386377; 0,7545017092488706; 0,1329243374057114; 0,2195322522893548; 0,6583476746454835; 0,3179671848192811; 0,28850028617307544
1,1790043261491412; 0,9195915320888162; 0,034322609193623066; 0,4167055794969201; 0,9798914548009634; 0,2608609492890537; 0,0024734768085181713; 0,014405997470021248; 0,16048386972397566; 0,3356610480695963; 0,267819594591856
0,42939236183959323; 0,7747928770259023; 0,2697011330164969; 0,4993196581490338; 0,27342434832826257; 0,26654981868341565; 0,34464807715266943; 0,7353985607624054; 0,00430617481470108; 0,6302698799408972; 0,18439589580520988
0,02020978558827624; 0,5408844770863652; 0,3518193024210632; 0,19453840190544724; 0,7343212114647031; 0,5411360021680593; 0,34339743899181485; 0,052126891911029816; 0,32887034257873893; 0,8793684826232493; 0,9445535647682846
1,8210287910377476; 0,24163174768909812; 0,9374950868077576; 0,9908029465004802; 0,49978212360292673; 0,622730789706111; 0,5543664530850947; 0,35742915607988834; 0,6612394684925675; 0,42845798935741186; 0,7117006233893335
1,5084664960069825; 0,9344996665604413; 0,43762514647096395; 0,405523250810802; 0,257275250274688; 0,45758448634296656; 0,2715020286850631; 0,6261781780049205; 0,02889965008944273; 0,3128774696961045; 0,11163607612252235
2,634108844902025; 0,8345414903014898; 0,9856695733033121; 0,41111061815172434; 0,8296494921669364; 0,14111534738913178; 0,498362488579005; 0,8844342757947743; 0,16222155699506402; 0,053088721353560686; 0,8384023904800415
0,8759831248571299; 0,39936479507014155; 0,45495916716754436; 0,7523919893428683; 0,104364481754601; 0,6020508389919996; 0,18085088953375816; 0,03468626504763961; 0,6835126052610576; 0,20812013559043407; 0,4832684467546642
1,5730854999092079; 0,4794998234137893; 0,0008144089952111244; 0,057102644350379705; 0,8093510940670967; 0,693591816816479; 0,10908099636435509; 0,9051100080832839; 0,6478264573961496; 0,423057169187814; 0,07038070261478424
1,5441695877839525; 0,37372146314010024; 0,26860038144513965; 0,262760098092258; 0,4480538805946708; 0,3029176499694586; 0,12465214543044567; 0,4852446145378053; 0,5747268656268716; 0,7444767192937434; 0,9090359439142048
1,918790039753799; 0,3236094447784126; 0,7891550352796912; 0,7682416625320911; 0,6011193473823369; 0,0396263562142849; 0,9388966094702482; 0,4318416486494243; 0,8761090952903032; 0,8002678756602108; 0,8772034584544599
2,0432165590512383; 0,9003647989593446; 0,26146943075582385; 0,48766970867291093; 0,12150735408067703; 0,04304394358769059; 0,20941273402422667; 0,964481333270669; 0,1950354757718742; 0,11586256418377161; 0,7869483935646713
0,662381841313884; 0,49546818947419524; 0,13146262848749757; 0,45703819766640663; 0,08811313565820456; 0,8148473897017539; 0,7984135472215712; 0,7293489803560078; 0,8513618325814605; 0,776371497195214; 0,17935303412377834
0,30058517445152116; 0,13564883405342698; 0,4289382081478834; 0,6622364050708711; 0,8309915238060057; 0,22219471028074622; 0,13308968534693122; 0,7887113653123379; 0,7606668495573103; 0,9547288441099226; 0,2758079753257334
0,9656847783058244; 0,7816468859091401; 0,825122888199985; 0,4299106476828456; 0,9522466356866062; 0,9172571003437042; 0,8862989596091211; 0,9728764574974775; 0,2244179081171751; 0,34433348709717393; 0,5973505722358823
1,745268873182219; 0,07464738888666034; 0,6926312572322786; 0,8514098660089076; 0,11874036630615592; 0,9265236076898873; 0,8674690038897097; 0,6578432349488139; 0,5941758272238076; 0,9393144072964787; 0,7373037789948285
0,844474197452397; 0,34150441410019994; 0,06814562994986773; 0,3360235779546201; 0,08006809744983912; 0,14271297212690115; 0,7286406392231584; 0,7532915188930929; 0,18737937090918422; 0,2993193701840937; 0,7122827977873385
0,3703717597065102; 0,7940517403185368; 0,14283095253631473; 0,4099193490110338; 0,11934690363705158; 0,8905537687242031; 0,2588837333023548; 0,6585530429147184; 0,8566830586642027; 0,8873620005324483; 0,5692965658381581
0,8892541986317819; 0,5556852952577174; 0,15644711954519153; 0,6080854190513492; 0,8797513633035123; 0,397743824403733; 0,16714153811335564; 0,9150634165853262; 0,6883843624964356; 0,2550446889363229; 0,14713084837421775
1,2825878590037807; 0,7647938397713006; 0,738874136004597; 0,6588031430728734; 0,8692982117645442; 0,32018550718203187; 0,8537195110693574; 0,281939928419888; 0,7683950318023562; 0,1631765617057681; 0,5981102911755443
2,1823786689025093; 0,7252493007108569; 0,813475645147264; 0,8417833088897169; 0,6292986059561372; 0,3389774695970118; 0,4739319938234985; 0,3432638677768409; 0,2270539253950119; 0,3334016399458051; 0,6883033798076212
2,639108925774582; 0,9009115784429014; 0,8598562492989004; 0,27990709198638797; 0,3269903822802007; 0,647479594219476; 0,5182948126457632; 0,9867658093571663; 0,015467844903469086; 0,6809188844636083; 0,3625030629336834
0,1522832316880946; 0,27028472116217017; 0,921654958743602; 0,7502967738546431; 0,9606175255030394; 0,23091795714572072; 0,36000253399834037; 0,02724480116739869; 0,6660567694343626; 0,4796882588416338; 0,433394284453243
0,5790895662183404; 0,6440270766615868; 0,10719605209305882; 0,02901513408869505; 0,9923540712334216; 0,6725515010766685; 0,24348501721397042; 0,3324395837262273; 0,991907877381891; 0,197772316634655; 0,6412350437603891
-0,11798870210281251; 0,15496084187179804; 0,7175762564875185; 0,5529513340443373; 0,093334068544209; 0,4264017972163856; 0,2623658594675362; 0,7457222249358892; 0,5541919944807887; 0,6465948005206883; 0,7069205846637487
0,09768562705359282; 0,2174414675682783; 0,2742018490098417; 0,8546820837073028; 0,6708864904940128; 0,8027442321181297; 0,10878302529454231; 0,6372579196467996; 0,9431603862904012; 0,21902307402342558; 0,9207771741785109
-0,2775113236592307; 0,3263688264414668; 0,20393142057582736; 0,5106411017477512; 0,657331082969904; 0,6161581492051482; 0,057883246801793575; 0,2778506032191217; 0,8484790758229792; 0,6274788179434836; 0,14665630739182234
0,45495106518341444; 0,4154106481000781; 0,11520551890134811; 0,6872866614721715; 0,8130299188196659; 0,4727050964720547; 0,583244701847434; 0,6665699486620724; 0,43590819742530584; 0,06018428085371852; 0,9061912512406707
1,1679991157751015; 0,43531005922704935; 0,7357598976232111; 0,947650243062526; 0,9582673371769488; 0,09416014282032847; 0,45018956903368235; 0,2860571565106511; 0,2032423228956759; 0,979890183545649; 0,45543617103248835
2,538008775408131; 0,8961275536566973; 0,929264314007014; 0,7802446377463639; 0,0365979946218431; 0,6581270713359118; 0,4001503987237811; 0,31298215594142675; 0,6693231174722314; 0,8572354693897069; 0,24576659500598907
0,7286880764745135; 0,5764164831489325; 0,9948994992300868; 0,7295271381735802; 0,8133603907190263; 0,7637511449865997; 0,6937521416693926; 0,09619811549782753; 0,0453595295548439; 0,8769038012251258; 0,6111650480888784
1,73339092621868; 0,5284819547086954; 0,4074363741092384; 0,4339078883640468; 0,34703152487054467; 0,5466465945355594; 0,5497252489440143; 0,28062597289681435; 0,6507328408770263; 0,6459255637601018; 0,9956443370319903
-0,4017734787365571; 0,004364657215774059; 0,08579889591783285; 0,41733302688226104; 0,5068133645690978; 0,4376158625818789; 0,8204203424975276; 0,04192601051181555; 0,4974790485575795; 0,1979842190630734; 0,8507215031422675
0,7254537346449776; 0,058248916175216436; 0,649677240755409; 0,9275558381341398; 0,446061659604311; 0,2174165486358106; 0,09444045880809426; 0,3416033471003175; 0,673800737131387; 0,8682693704031408; 0,6831932128407061
0,6985243803468419; 0,3860243898816407; 0,24739911733195186; 0,8390530096367002; 0,338527814950794; 0,6542664128355682; 0,2064799410291016; 0,5148461498320103; 0,6032665288075805; 0,7978757652454078; 0,15046586701646447
1,9979193200483005; 0,7578885513357818; 0,14811171544715762; 0,8978837379254401; 0,8913022102788091; 0,0041836099699139595; 0,44033241970464587; 0,2849290086887777; 0,8060275865718722; 0,37010568333789706; 0,8895852803252637
-0,4053158788549003; 0,13804285135120153; 0,327738793566823; 0,9571722010150552; 0,7868151026777923; 0,3617388214915991; 0,23288653464987874; 0,5265755113214254; 0,17081707157194614; 0,6288059903308749; 0,4109302540309727
1,3527959858182426; 0,5084862099029124; 0,4853392681106925; 0,09281384060159326; 0,9170218203216791; 0,0321217468008399; 0,5470926216803491; 0,5581194888800383; 0,41523954179137945; 0,6669748742133379; 0,3333442942239344
2,44954837057073; 0,8609403078444302; 0,8718735985457897; 0,5126618896611035; 0,40196596132591367; 0,5616072472184896; 0,786807703319937; 0,6456105397082865; 0,9807230969890952; 0,369159696623683; 0,967098506167531
1,0782915529729107; 0,40085103595629334; 0,09632890252396464; 0,30665021296590567; 0,1537872552871704; 0,6922016134485602; 0,8822615384124219; 0,6644000262022018; 0,4738044198602438; 0,4084646818228066; 0,34117350401356816
0,28829638181623607; 0,2995272665284574; 0,426738073118031; 0,5524862976744771; 0,3905374105088413; 0,25770087679848075; 0,847534878179431; 0,15833361772820354; 0,6008426886983216; 0,11655982956290245; 0,0172682236880064
1,0072207193089386; 0,40975281735882163; 0,4676311784423888; 0,8598768450319767; 0,5218395506963134; 0,7550401887856424; 0,013004885986447334; 0,8464845605194569; 0,8991247555240989; 0,4549292507581413; 0,8312532305717468
1,921728749571815; 0,5841931398026645; 0,10350287519395351; 0,8720514378510416; 0,38804904790595174; 0,6067144256085157; 0,4711506590247154; 0,31860615825280547; 0,5406586173921824; 0,614146217238158; 0,05696047376841307
2,0244029313027614; 0,8738799812272191; 0,06548711284995079; 0,28465053625404835; 0,880163261666894; 0,5401341351680458; 0,5178328426554799; 0,22723728138953447; 0,28133044950664043; 0,9497162094339728; 0,9462059726938605
2,1680332514571754; 0,6583691141568124; 0,791999398265034; 0,23768372228369117; 0,10809184145182371; 0,8978285710327327; 0,17612673109397292; 0,8419956760481; 0,5747584700584412; 0,7124164318665862; 0,18676720233634114
1,0025333329353592; 0,5694568585604429; 0,09602897567674518; 0,6607432132586837; 0,9744287361390889; 0,3377776648849249; 0,896629058290273; 0,4981886651366949; 0,15598126919940114; 0,7060948046855628; 0,1064232955686748
1,7130051443122172; 0,18684343481436372; 0,482269037514925; 0,8520345315337181; 0,20989613281562924; 0,7388076460920274; 0,4076800625771284; 0,26985359098762274; 0,6846214709803462; 0,0007987683638930321; 0,5163516462780535
1,5308929046447708; 0,4068695669993758; 0,8634660798124969; 0,4973508664406836; 0,5253575639799237; 0,6667062928900123; 0,08977995300665498; 0,9817278785631061; 0,5739322840236127; 0,3265856737270951; 0,6060468694195151
1,0975271977852363; 0,9540616907179356; 0,06207790784537792; 0,5157319228164852; 0,19359102100133896; 0,1863679070957005; 0,014877958688884974; 0,7479678941890597; 0,9640841064974666; 0,4631228391081095; 0,04855879209935665
1,5643941629415594; 0,39810225600376725; 0,8831963641569018; 0,9224617443978786; 0,578070861287415; 0,6528301290236413; 0,5485346652567387; 0,3243827293626964; 0,1332268174737692; 0,48187900241464376; 0,5702867289073765
1,5441292227031844; 0,5861015794798732; 0,4289869633503258; 0,9549357797950506; 0,592136959079653; 0,3412298681214452; 0,6670245327986777; 0,9205842167139053; 0,8098997785709798; 0,30943454382941127; 0,9559675557538867
1,478145209311518; 0,26910147489979863; 0,1539546954445541; 0,8143326952122152; 0,9676170679740608; 0,6743309902958572; 0,7743522501550615; 0,8420299058780074; 0,5562647772021592; 0,1437043370679021; 0,24017361365258694
0,6526249984238455; 0,5642417105846107; 0,14580229576677084; 0,3067261530086398; 0,5742215737700462; 0,5717021436430514; 0,1790120080113411; 0,3081544963642955; 0,8634402225725353; 0,5880333869718015; 0,1531367553398013
2,326986303239264; 0,44219763949513435; 0,9958359566517174; 0,13432493107393384; 0,6022235662676394; 0,45358118833974004; 0,9478050116449594; 0,7814002819359303; 0,033035220578312874; 0,5776173397898674; 0,4780098148621619
2,380993395146042; 0,9847934637218714; 0,32117275055497885; 0,20446547865867615; 0,7237972859293222; 0,6213933685794473; 0,06149370828643441; 0,522208129055798; 0,41872649220749736; 0,41098230658099055; 0,5863974797539413
1,5651633018898718; 0,407152337487787; 0,5611954121850431; 0,3372155982069671; 0,19146218104287982; 0,5062875957228243; 0,35510632349178195; 0,5718518788926303; 0,7425820357166231; 0,8687469023279846; 0,7712243241257966
1,4845314483005037; 0,4401326668448746; 0,004336214158684015; 0,9336964236572385; 0,3611147408373654; 0,2873056693933904; 0,6566825546324253; 0,4456274872645736; 0,7443054188042879; 0,5693884310312569; 0,8529862915165722
1,0072567589229904; 0,04971509054303169; 0,8974362020380795; 0,43144010892137885; 0,3687371136620641; 0,511790843680501; 0,5806321264244616; 0,42555391835048795; 0,11949429055675864; 0,7264575446024537; 0,0571197341196239
1,175230957724673; 0,9193466166034341; 0,29697556514292955; 0,24010477541014552; 0,7819461543112993; 0,9381250226870179; 0,5388088305480778; 0,03156818449497223; 0,6733697103336453; 0,10277649248018861; 0,9075175784528255
2,099101578291049; 0,2782452031970024; 0,891870932187885; 0,5078649800270796; 0,9480449468828738; 0,4278657133691013; 0,02164138061925769; 0,6155315875075758; 0,9682111022993922; 0,8736367304809391; 0,5319187310524285
0,34328099692245995; 0,5602688998915255; 0,6126345219090581; 0,4681521477177739; 0,6278999145142734; 0,2556180455721915; 0,4432393638417125; 0,7562871216796339; 0,5627604625187814; 0,3197091519832611; 0,8750677974894643
0,77782172380017; 0,753822932485491; 0,8456657086499035; 0,29534475319087505; 0,5345440763048828; 0,610969633795321; 0,6572734019719064; 0,24602294340729713; 0,035401713103055954; 0,8151370412670076; 0,3781969742849469
0,6406232784143888; 0,5202398006804287; 0,046970874071121216; 0,7287153201177716; 0,3420843156054616; 0,6258364603854716; 0,6183290304616094; 0,2994283209554851; 0,5479590315371752; 0,6090778694488108; 0,32452090736478567
1,5228521510630568; 0,142309726215899; 0,5694137685932219; 0,4370349864475429; 0,6341247451491654; 0,9575903909280896; 0,29917674930766225; 0,18417860753834248; 0,13868266716599464; 0,9504809193313122; 0,03505995124578476
1,2272939704095893; 0,08349616127088666; 0,2009009518660605; 0,33556748926639557; 0,5638446910306811; 0,5200868891552091; 0,7812146814540029; 0,673640372697264; 0,9862613026052713; 0,3541450332850218; 0,4375875941477716
0,047567282195390276; 0,2571975286118686; 0,37689068587496877; 0,4462346569634974; 0,18567692628130317; 0,8249591686762869; 0,42468048771843314; 0,9858882026746869; 0,592514427844435; 0,7577192489989102; 0,07223904645070434
2,2805134203617654; 0,9673282220028341; 0,09701738832518458; 0,09077577386051416; 0,967583344783634; 0,08746721316128969; 0,7425351380370557; 0,2517442898824811; 0,1679081409238279; 0,12375860195606947; 0,0896460204385221
1,5161651751391774; 0,7727227723225951; 0,06199279194697738; 0,39154908154159784; 0,9143714676611125; 0,6516016591340303; 0,3749364661052823; 0,871995136141777; 0,5843514478765428; 0,2827930487692356; 0,7878296668641269
2,3791761646505734; 0,8047744389623404; 0,6083354093134403; 0,9794793329201639; 0,28912161150947213; 0,6579754985868931; 0,9276591427624226; 0,9317232184112072; 0,7311938898637891; 0,6048430325463414; 0,6800313699059188
0,8640907353401164; 0,4183901371434331; 0,6752560227178037; 0,5071998140774667; 0,6037949458695948; 0,175103597342968; 0,4294345360249281; 0,32716560224071145; 0,3561139195226133; 0,9179468872025609; 0,9896330367773771
0,5524515938787714; 0,6532798795960844; 0,6811426947824657; 0,692231047898531; 0,5387962814420462; 0,7707980521954596; 0,5689733289182186; 0,5661904271692038; 0,42404406191781163; 0,19010963942855597; 0,8757452750578523
0,930537757242603; 0,9923072829842567; 0,8892045030370355; 0,5442301579751074; 0,9286175859160721; 0,17461866792291403; 0,8462810679338872; 0,7802431737072766; 0,8952022842131555; 0,33719077706336975; 0,6250362312421203
1,2336007196618213; 0,5924360477365553; 0,17932701902464032; 0,9156666537746787; 0,34825700940564275; 0,5050402912311256; 0,936734882183373; 0,29709478840231895; 0,18241108488291502; 0,9911444089375436; 0,48506077704951167
1,7384034080122792; 0,2622993281111121; 0,9954906203784049; 0,8686208846047521; 0,7729786075651646; 0,7142255445942283; 0,5428993040695786; 0,7269124905578792; 0,4388006255030632; 0,4860644512809813; 0,17314967140555382
1,7168247095181473; 0,12583704153075814; 0,9701739475131035; 0,9412866998463869; 0,2551291692070663; 0,8365770103409886; 0,7730932384729385; 0,9587789098732173; 0,20623362297192216; 0,6726487833075225; 0,13610430620610714
1,635713694054901; 0,259810664691031; 0,16772711742669344; 0,07160135358572006; 0,5538045782595873; 0,8498057588003576; 0,45129295624792576; 0,7650352152995765; 0,4950559209100902; 0,7558331415057182; 0,5500209350138903
0,4424872605079643; 0,522796971257776; 0,14130032761022449; 0,09128190483897924; 0,9142685350961983; 0,8740818463265896; 0,5965770864859223; 0,4883352625183761; 0,9826315147802234; 0,22681510401889682; 0,4093971545808017
0,23293664299175224; 0,03512225719168782; 0,6213301038369536; 0,12814785493537784; 0,23085343278944492; 0,8601011885330081; 0,22337270714342594; 0,4211998316459358; 0,5960568431764841; 0,22514908760786057; 0,4663430619984865
0,1437240924689207; 0,5126960040070117; 0,634850618429482; 0,5076074064709246; 0,8941639321856201; 0,40417806478217244; 0,9140015598386526; 0,9898039032705128; 0,15315101947635412; 0,5014577093534172; 0,5337911313399673
1,4891380610988059; 0,4195774313993752; 0,917487078346312; 0,5918229850940406; 0,16728422278538346; 0,04669160349294543; 0,8849661224521697; 0,46934177400544286; 0,7904431628994644; 0,37459390982985497; 0,8319936813786626
1,785622641385676; 0,6087598279118538; 0,5128336544148624; 0,9640970537438989; 0,809688076376915; 0,90941903879866; 0,13981226831674576; 0,672117437236011; 0,3672595382668078; 0,7896059979684651; 0,7401459352113307
-0,18668568035719335; 0,4325821683742106; 0,08212383789941669; 0,7617233437485993; 0,6824862165376544; 0,17251809779554605; 0,03715976281091571; 0,7819057479500771; 0,866653919685632; 0,6313643362373114; 0,6967081460170448
-0,15134857898693022; 0,17241472657769918; 0,09979054378345609; 0,688432021997869; 0,8465561089105904; 0,9349780692718923; 0,6578691378235817; 0,9440063172951341; 0,5871533798053861; 0,6754077863879502; 0,3342304495163262
2,122505414629985; 0,9676500782370567; 0,11492613237351179; 0,5514858001843095; 0,34926211880519986; 0,065507628954947; 0,32632032688707113; 0,6844626376405358; 0,7487995210103691; 0,5295624225400388; 0,6008672756142914
1,8791314023361292; 0,9377140095457435; 0,7658720053732395; 0,7840094496496022; 0,761420966591686; 0,2629661411046982; 0,025462570134550333; 0,41359496070072055; 0,7863172609359026; 0,02412795228883624; 0,14140158658847213
0,13429318673225787; 0,2751363003626466; 0,9306480414234102; 0,501996211707592; 0,19977589370682836; 0,058078193571418524; 0,09132312424480915; 0,5073713115416467; 0,5929267057217658; 0,41150587471202016; 0,47543446021154523
2,1938395129794204; 0,8769040191546082; 0,1529883206821978; 0,5480837780050933; 0,27204941352829337; 0,26414267672225833; 0,20780791155993938; 0,7508444315753877; 0,6748335212469101; 0,0986285088583827; 0,7289839955046773
0,20023464961421866; 0,7555360472761095; 0,38706657104194164; 0,5291071534156799; 0,781944336835295; 0,3737176670692861; 0,5398518741130829; 0,5657310686074197; 0,2082828632555902; 0,20425212290138006; 0,1355237546376884
0,9687624478440428; 0,17746032727882266; 0,5339050111360848; 0,9509480833075941; 0,363607382401824; 0,0018264050595462322; 0,9052838189527392; 0,6226071021519601; 0,41206790413707495; 0,8289926452562213; 0,21648560650646687
0,7938836714044085; 0,6909188884310424; 0,20067870011553168; 0,13111749943345785; 0,2944137300364673; 0,9822597363963723; 0,20526014640927315; 0,5777743957005441; 0,17817105865105987; 0,48935600323602557; 0,09290744597092271
1,2109358436759152; 0,8040271289646626; 0,017391268629580736; 0,2929879641160369; 0,1048942762427032; 0,45166685339063406; 0,9111550101079047; 0,6565547427162528; 0,3781577032059431; 0,06488702725619078; 0,9516074620187283
1,6925672599754322; 0,7714440315030515; 0,8249373286962509; 0,12985056778416038; 0,21449374267831445; 0,09916533762589097; 0,7005655579268932; 0,4910222920589149; 0,013105674646794796; 0,050842414144426584; 0,48511540703475475
0,05446231520705447; 0,6151725430972874; 0,2883412064984441; 0,3941777325235307; 0,6135198376141489; 0,8735922104679048; 0,07194098364561796; 0,18761734338477254; 0,8163851178251207; 0,07603265764191747; 0,33033147640526295
0,9234423983708766; 0,3442260343581438; 0,48507891967892647; 0,8515326059423387; 0,036782211158424616; 0,6611399529501796; 0,642299865372479; 0,5504436986520886; 0,8150441674515605; 0,48416803823783994; 0,6925269537605345
0,664367207723269; 0,45077204471454024; 0,5889663272537291; 0,49857700942084193; 0,5215344843454659; 0,8472305270843208; 0,486283419188112; 0,09089109860360622; 0,5317038954235613; 0,4445486064068973; 0,8971492387354374
1,5677032174497767; 0,8427976290695369; 0,696306545753032; 0,6794089660979807; 0,07976572308689356; 0,8080987301655114; 0,4533601882867515; 0,7102825553156435; 0,9873179201968014; 0,8099741614423692; 0,7503065043129027
2,1001182530851352; 0,8603919930756092; 0,15051669348031282; 0,23225983697921038; 0,3543037227354944; 0,5743863112293184; 0,9687286987900734; 0,40259146178141236; 0,6301976460963488; 0,39555444521829486; 0,4039852498099208
1,5107248456578117; 0,5049168840050697; 0,5156639446504414; 0,9699469958432019; 0,7597720297053456; 0,3225092734210193; 0,7635217346251011; 0,2817620853893459; 0,5321592623367906; 0,6411830396391451; 0,8414317010901868
1,1716832362143237; 0,5721292295493186; 0,7761101550422609; 0,27969047287479043; 0,8161183479242027; 0,9836014597676694; 0,27295425487682223; 0,8034003754146397; 0,4568032342940569; 0,8978997650556266; 0,6361118066124618
0,4274215770743089; 0,20236387150362134; 0,8074943935498595; 0,8026518202386796; 0,6798223997466266; 0,9236899358220398; 0,6100916159339249; 0,5194405629299581; 0,42437219619750977; 0,21487607946619391; 0,8650173065252602
0,7130895861751874; 0,5377720082178712; 0,9696230720728636; 0,8708491302095354; 0,5507332268171012; 0,37469892017543316; 0,43495345348492265; 0,8072513528168201; 0,648141585290432; 0,5941297337412834; 0,24618748668581247
2,116819983264564; 0,687776539940387; 0,44489511335268617; 0,18634452391415834; 0,1273386483080685; 0,0013294843956828117; 0,33514568768441677; 0,8467913609929383; 0,19757889863103628; 0,544719681609422; 0,7474254327826202
1,2786723518049792; 0,36326362704858184; 0,7959326771087945; 0,8332522152923048; 0,813191597815603; 0,4794176323339343; 0,6262291460298002; 0,9588450784794986; 0,30654279235750437; 0,9278803006745875; 0,7873543240129948
1,2773281075127152; 0,5442311433143914; 0,03559780353680253; 0,6590209794230759; 0,878919443115592; 0,994495578110218; 0,06990625523030758; 0,08444525254890323; 0,9514752496033907; 0,7162048127502203; 0,5528013580478728
1,5619882930205635; 0,4077077805995941; 0,018289141822606325; 0,47704347129911184; 0,8287813602946699; 0,2565405019558966; 0,19417251367121935; 0,711030735168606; 0,2294643628410995; 0,12178509682416916; 0,5207865149714053
1,7310868364141998; 0,008595974650233984; 0,7858859715051949; 0,738294554874301; 0,669360626488924; 0,19611724186688662; 0,5165007044561207; 0,24407322751358151; 0,3004894801415503; 0,8579870606772602; 0,5851500541903079
-0,05509152916958948; 0,4687368059530854; 0,36034339666366577; 0,6844550524838269; 0,3482090109027922; 0,8369270730763674; 0,43896585470065475; 0,11582701513543725; 0,3914255378767848; 0,7088386174291372; 0,7690584287047386
0,5108711947040023; 0,9369209483265877; 0,16259026527404785; 0,18548495136201382; 0,8839901434257627; 0,8662347756326199; 0,0377759812399745; 0,9752243049442768; 0,4453563680872321; 0,6383857880719006; 0,9684513909742236
-0,23255303575484276; 0,2992145298048854; 0,16016731318086386; 0,8775408077053726; 0,45579603873193264; 0,9498023954220116; 0,8741238308139145; 0,041655061300843954; 0,029035685118287802; 0,7713274522684515; 0,1874227370135486
0,2995411512109233; 0,418596975505352; 0,10632646875455976; 0,4516504714265466; 0,5424944958649576; 0,6590065807104111; 0,44883905770257115; 0,9770067608915269; 0,46159000508487225; 0,4792156578041613; 0,19504234567284584
0,421425414106824; 0,132966426666826; 0,012100341729819775; 0,08846448455005884; 0,3294201069511473; 0,15478259697556496; 0,9233051864430308; 0,8402771633118391; 0,1473652943968773; 0,9857157212682068; 0,9916926207952201
1,6721880197350565; 0,7843636372126639; 0,12998860515654087; 0,3896348546259105; 0,3864081366918981; 0,7968490081839263; 0,866606583353132; 0,2777923117391765; 0,47630621073767543; 0,25182353099808097; 0,32742710458114743
1,679458336619474; 0,9973133322782815; 0,9961238317191601; 0,013735720422118902; 0,7599747343920171; 0,25848337076604366; 0,6957895653322339; 0,5654406356625259; 0,24707117397338152; 0,13984203012660146; 0,4200044712051749
1,2132739635497791; 0,993865885771811; 0,7553918776102364; 0,5257096481509507; 0,7777820648625493; 0,3362698061391711; 0,6146644093096256; 0,7370181120932102; 0,622539946809411; 0,400548892095685; 0,18634224962443113
1,823039251933868; 0,9767599371261895; 0,574250197969377; 0,6495124497450888; 0,1620742711238563; 0,7048240420408547; 0,21708481293171644; 0,6399560994468629; 0,40217941999435425; 0,6625571334734559; 0,03260370437055826
0,09032749932496684; 0,045953169465065; 0,7700424795038998; 0,5282992110587656; 0,29322778759524226; 0,3611788363195956; 0,5843298598192632; 0,9031378184445202; 0,164661452639848; 0,7774399654008448; 0,9006704110652208
1,6530779532246629; 0,627734572160989; 0,689490498509258; 0,26563529344275594; 0,18882084917277098; 0,03675410198047757; 0,6711721369065344; 0,9178087185136974; 0,43222961481660604; 0,13767668139189482; 0,026196620892733335
0,14922822880495473; 0,25047951284796; 0,10228484915569425; 0,8085912792012095; 0,4315459239296615; 0,830977575853467; 0,7043013931252062; 0,5203678105026484; 0,14340735087171197; 0,1547531164251268; 0,9796221158467233
1,5839575658495515; 0,7825412871316075; 0,3699402613565326; 0,5930588454939425; 0,16299839410930872; 0,2715160413645208; 0,7225144719704986; 0,7285856297239661; 0,2534085535444319; 0,08035763818770647; 0,10063904104754329
1,88957313049067; 0,5250564133748412; 0,23875362612307072; 0,7285324367694557; 0,7249634102918208; 0,43331054877489805; 0,6428279830142856; 0,09160328516736627; 0,0917012495920062; 0,07062923861667514; 0,20845910487696528
0,5768909306351422; 0,7232021312229335; 0,38424194138497114; 0,8396401721984148; 0,05831479141488671; 0,6576472180895507; 0,1522412090562284; 0,39471608959138393; 0,028261483646929264; 0,44763496052473783; 0,6237875181250274
0,9064361625658411; 0,6028063213452697; 0,4868718138895929; 0,8092633024789393; 0,8312968481332064; 0,7640195447020233; 0,634161836002022; 0,19888933608308434; 0,5995145030319691; 0,9252559039741755; 0,5530429533682764
2,1705747269323834; 0,9270792766474187; 0,727439877577126; 0,7322687078267336; 0,5860150288790464; 0,8266596863977611; 0,6373440786264837; 0,7186850821599364; 0,0386655512265861; 0,14682831708341837; 0,755868396256119
1,843592657347389; 0,6715086046606302; 0,5538064441643655; 0,11551070958375931; 0,8493253323249519; 0,3045943952165544; 0,9514605356380343; 0,49384472565725446; 0,799438473302871; 0,30840145144611597; 0,16531583573669195
1,881539111104714; 0,19520736439153552; 0,7629707893356681; 0,09122546529397368; 0,674440682400018; 0,33314355555921793; 0,023988581262528896; 0,7689085123129189; 0,16300377948209643; 0,22966373153030872; 0,10994220897555351
1,5808785280526187; 0,37913472345098853; 0,6158131929114461; 0,9999652034603059; 0,7912053661420941; 0,8647056170739233; 0,4306316361762583; 0,4846767191775143; 0,82929707178846; 0,8901572488248348; 0,38921415619552135
1,871459778204275; 0,5015020575374365; 0,19574810890480876; 0,8548479462042451; 0,6416768017224967; 0,2156912195496261; 0,8774289176799357; 0,5026407679542899; 0,008188752457499504; 0,5388959008269012; 0,5625032978132367
1,254831516968189; 0,4755991157144308; 0,7475109808146954; 0,6179180331528187; 0,0547636947594583; 0,4426848036237061; 0,15769868530333042; 0,787393142003566; 0,8761764746159315; 0,06111861579120159; 0,818896328099072
-0,04560207114621806; 0,553382305894047; 0,0180681305937469; 0,1284294710494578; 0,9103920389898121; 0,21790987951681018; 0,19744851533323526; 0,08316122693940997; 0,5245493031106889; 0,9666832163929939; 0,6034702933393419
0,8192718085787543; 0,8676288784481585; 0,11894543515518308; 0,1770273521542549; 0,372640507761389; 0,3990495502948761; 0,8768146117217839; 0,25327269127592444; 0,20393061451613903; 0,07760798232629895; 0,26804854115471244
0,6773635694116114; 0,7126267682760954; 0,14684695145115256; 0,7784096808172762; 0,45622414723038673; 0,7141041615977883; 0,1752308551222086; 0,7721765120513737; 0,90849185641855; 0,1354012144729495; 0,816142707131803
1,8245735626807067; 0,49629974691197276; 0,0019580121152102947; 0,4315970102325082; 0,7964677019044757; 0,8514963495545089; 0,855319935362786; 0,36008449271321297; 0,7358385524712503; 0,7224357817322016; 0,822614265140146
1,9734251763646862; 0,9899564259685576; 0,7427311190403998; 0,5451623373664916; 0,9324477547779679; 0,48847078531980515; 0,8693783790804446; 0,17150311591103673; 0,3835734757594764; 0,4901854847557843; 0,8709665504284203
0,3168433497993211; 0,7812540414743125; 0,141191269736737; 0,7445794311352074; 0,8643698641099036; 0,08818636788055301; 0,10293444572016597; 0,26004079123958945; 0,6466960441321135; 0,16258076718077064; 0,9896456231363118
0,02562829410423431; 0,18111774092540145; 0,8940862179733813; 0,22863045055419207; 0,053647114895284176; 0,8085688329301775; 0,23538301652297378; 0,23414006363600492; 0,9104269812814891; 0,8290461986325681; 0,9694808516651392
1,625139692086206; 0,28007526556029916; 0,13755062874406576; 0,08503786893561482; 0,5712975873611867; 0,3016016869805753; 0,8542573433369398; 0,8988901688717306; 0,4441405525431037; 0,5713040586560965; 0,798614349681884
1,0395873319833542; 0,7781233713030815; 0,18713010335341096; 0,7341041835024953; 0,9695987752638757; 0,65582495322451; 0,7109883208759129; 0,4927873588167131; 0,22786374110728502; 0,7385344235226512; 0,0668069589883089
0,9914955758279306; 0,33213471667841077; 0,7733520604670048; 0,9899752931669354; 0,2485363599844277; 0,3671091762371361; 0,2935027019120753; 0,8120436477474868; 0,9408671790733933; 0,47758181393146515; 0,15547556336969137
2,316372451705518; 0,969927023164928; 0,9252178841270506; 0,5024402355775237; 0,8120740978047252; 0,37160063488408923; 0,4196175904944539; 0,08177106268703938; 0,9817175078205764; 0,6753978771157563; 0,6521969335153699
0,7185523848760366; 0,7692526839673519; 0,6933100754395127; 0,16408375836908817; 0,24567329790443182; 0,591115381103009; 0,7514645764604211; 0,8763868217356503; 0,985048615373671; 0,944366255775094; 0,8066059830598533
0,6256358760903424; 0,9688731990754604; 0,39285561814904213; 0,6026722840033472; 0,7216916889883578; 0,007445521652698517; 0,9569808323867619; 0,17070338875055313; 0,5801945673301816; 0,6710070869885385; 0,7333338367752731
1,5921564290598347; 0,03136889962479472; 0,6255684704519808; 0,2012926428578794; 0,33778207283467054; 0,3754751360975206; 0,9169112290255725; 0,9038162278011441; 0,4633703655563295; 0,92973193526268; 0,8165685380809009
1,0698598845155582; 0,2013221182860434; 0,7426455421373248; 0,27602696558460593; 0,762494161259383; 0,7422340796329081; 0,9393046763725579; 0,9822515840642154; 0,6859485837630928; 0,036450615618377924; 0,29021420096978545
1,4703457146965682; 0,08919660886749625; 0,4167262129485607; 0,768727614544332; 0,8330572973936796; 0,4320489130914211; 0,4439696376211941; 0,9310764814727008; 0,13728846283629537; 0,6056007682345808; 0,8323541232384741
2,6882753455521313; 0,8877186477184296; 0,9174333279952407; 0,20796949928626418; 0,2815447454340756; 0,6504136337898672; 0,6644294117577374; 0,45730826118960977; 0,649840569589287; 0,04835348669439554; 0,40351251885294914
2,3316254557210914; 0,5136915938928723; 0,9814413851127028; 0,939254900906235; 0,9530285587534308; 0,4791211327537894; 0,4860544600524008; 0,07970504043623805; 0,1672280770726502; 0,4271667134016752; 0,3817945998162031
-0,3069674810687848; 0,2874693935737014; 0,10017724893987179; 0,6372835244983435; 0,15723155764862895; 0,8628288288600743; 0,928919468075037; 0,40029023261740804; 0,3029438592493534; 0,5094731920398772; 0,013509168289601803
0,37308894040916585; 0,683540886733681; 0,556732143741101; 0,416559811681509; 0,7609685766510665; 0,5358888627961278; 0,15991043718531728; 0,3689596182666719; 0,9208956621587276; 0,8891491033136845; 0,7079006065614522
1,3916851689385; 0,291657529771328; 0,3693159269168973; 0,2743108016438782; 0,20984136266633868; 0,1816901620477438; 0,16756463050842285; 0,6428212756291032; 0,31466418178752065; 0,40529406163841486; 0,3789381664246321
0,29288506376653733; 0,7272511092014611; 0,5165000557899475; 0,9112111907452345; 0,5959063465707004; 0,2908454043790698; 0,02263410249724984; 0,770903205499053; 0,21748870145529509; 0,8591974703595042; 0,5182159692049026
2,193111889178649; 0,5574780339375138; 0,8240030054003; 0,6662714197300375; 0,3812537398189306; 0,34810690907761455; 0,020798509940505028; 0,16387097677215934; 0,5274537038058043; 0,1988777774386108; 0,6848063408397138
-0,06683935537945841; 0,11170038813725114; 0,6387357907369733; 0,8600007062777877; 0,03536306135356426; 0,8374946801923215; 0,33548743603751063; 0,7551794010214508; 0,6419445388019085; 0,26464060693979263; 0,008139492943882942
-0,17578127652512215; 0,34917245665565133; 0,31230231281369925; 0,9611990745179355; 0,37447080621495843; 0,10962637281045318; 0,7907424201257527; 0,7036728570237756; 0,0030365646816790104; 0,6191722517833114; 0,1468126862309873
0,38599747196653966; 0,5551963350735605; 0,7142081167548895; 0,22385629545897245; 0,689262559171766; 0,20728659024462104; 0,1933022760786116; 0,4856856195256114; 0,3129365970380604; 0,8765250770375133; 0,1986799594014883
1,0701679186978388; 0,876926647964865; 0,3327794470824301; 0,664938394445926; 0,4910637577995658; 0,43658678652718663; 0,700882425531745; 0,8244289942085743; 0,11573816603049636; 0,3246672092936933; 0,533536768052727
1,497255245163406; 0,20751360757276416; 0,1271142209880054; 0,5984036386944354; 0,7438905634917319; 0,4623601781204343; 0,014994836878031492; 0,10986809898167849; 0,868775678332895; 0,2550990548916161; 0,9636560692451894
1,7361234154339873; 0,9103128286078572; 0,4622380300424993; 0,27521894965320826; 0,13259023940190673; 0,602900757919997; 0,26573200337588787; 0,6540240575559437; 0,05196170648559928; 0,1703633712604642; 0,34372088965028524
2,042846950264397; 0,5066019627265632; 0,9003370446152985; 0,16926255961880088; 0,5495812012813985; 0,5363972941413522; 0,553714606910944; 0,005095859058201313; 0,02806052938103676; 0,01889748964458704; 0,5369705525226891
1,8205096377197072; 0,9058760921470821; 0,5877357595600188; 0,13157558953389525; 0,12429449846968055; 0,7621516613289714; 0,9789956314489245; 0,6793081853538752; 0,23721401393413544; 0,1152316564694047; 0,11439436348155141
1,5402633315083865; 0,5316535881720483; 0,3954258472658694; 0,5281612225808203; 0,8620643382892013; 0,5289500872604549; 0,21834144555032253; 0,11493678670376539; 0,2519216318614781; 0,5545514686964452; 0,5771610792726278
0,5635213022481831; 0,9224900719709694; 0,25988089526072145; 0,4645381774753332; 0,8871862608939409; 0,30421549221500754; 0,2010353533551097; 0,10350343631580472; 0,052428343798965216; 0,2823443515226245; 0,765011296607554
0,254292988043799; 0,12828249437734485; 0,4507329692132771; 0,025639353785663843; 0,4805356287397444; 0,88945851335302; 0,5365160484798253; 0,04752015648409724; 0,3335933876223862; 0,16709567420184612; 0,4148457529954612
1,6464512777967109; 0,20886965468525887; 0,32609232421964407; 0,30812716530635953; 0,7481205584481359; 0,288341190200299; 0,7984243705868721; 0,5337113630957901; 0,0629433705471456; 0,8664992526173592; 0,23837662860751152
0,21955828982767356; 0,7434586649760604; 0,28030675230547786; 0,05253939749673009; 0,00970450323075056; 0,15418195351958275; 0,44378237007185817; 0,8934714733622968; 0,22229804890230298; 0,8624812047928572; 0,4422796084545553
0,34773231994861076; 0,25360757019370794; 0,23551995027810335; 0,7404060186818242; 0,01927146641537547; 0,15342512028291821; 0,2583208209834993; 0,6511793937534094; 0,8354806024581194; 0,7706060167402029; 0,5495314537547529
1,8154062254212602; 0,7135666818358004; 0,4492130447179079; 0,5203129723668098; 0,47214110335335135; 0,6751166936010122; 0,13535277033224702; 0,24341677967458963; 0,7184687489643693; 0,7212270316667855; 0,6630894630216062
0,6717249839780606; 0,07161798048764467; 0,7887017601169646; 0,38790181279182434; 0,7929167011752725; 0,4546760842204094; 0,995494226925075; 0,9447962935082614; 0,8739438778720796; 0,5261406018398702; 0,7421811912208796
0,4263416661676599; 0,7401561257429421; 0,7089883578009903; 0,7306351629085839; 0,9805512679740787; 0,5700318478047848; 0,15546877961605787; 0,79329938814044; 0,10357452696189284; 0,8995505599305034; 0,6511195385828614
2,3308075213724364; 0,7559465714730322; 0,7730026543140411; 0,3968955655582249; 0,7373751290142536; 0,31681050453335047; 0,5318004726432264; 0,2289113481529057; 0,6373882135376334; 0,12990365969017148; 0,5325759458355606
0,17292359857749356; 0,48931762389838696; 0,5015877080149949; 0,6676788218319416; 0,5845969147048891; 0,9680503197014332; 0,21118953172117472; 0,983641566708684; 0,18589647533372045; 0,2813826398923993; 0,9786538826301694
0,5499410809690294; 0,4950280417688191; 0,9023229251615703; 0,9157875189557672; 0,34848466143012047; 0,9624118832871318; 0,8968681124970317; 0,5268887630663812; 0,4274378977715969; 0,6210821010172367; 0,7010917672887444
0,39014486515252556; 0,14642324345186353; 0,17799426149576902; 0,2965933498926461; 0,18338162684813142; 0,8339916747063398; 0,4451594678685069; 0,34146619448438287; 0,9098976003006101; 0,24772598082199693; 0,8770364937372506
0,6003179693809079; 0,8956625601276755; 0,45436284970492125; 0,11159049067646265; 0,8414728646166623; 0,38948542391881347; 0,620692175347358; 0,040766938123852015; 0,5454719141125679; 0,25904665188863873; 0,9392609233036637
1,6059573824138393; 0,5311112818308175; 0,17419727891683578; 0,9062590971589088; 0,508356720674783; 0,7016668943688273; 0,36862785555422306; 0,7010357291437685; 0,1782193509861827; 0,6134007056243718; 0,19478926388546824
2,073031289370095; 0,23143921326845884; 0,9110077577643096; 0,2937423097901046; 0,5922726993449032; 0,3150953436270356; 0,025968187022954226; 0,847056916449219; 0,7160871019586921; 0,7160399267449975; 0,6173849864862859
2,0515835308624673; 0,5119564654305577; 0,7450800654478371; 0,4807667816057801; 0,5094719380140305; 0,489216479472816; 0,1849889811128378; 0,784890144597739; 0,1772496928460896; 0,7328850273042917; 0,31129686208441854
0,7363518273111906; 0,9476435938850045; 0,8680317606776953; 0,5906253410503268; 0,31422758428379893; 0,3983062282204628; 0,0040021431632339954; 0,06245066365227103; 0,8421037788502872; 0,03736458905041218; 0,2339344583451748
0,4800977300953495; 0,8235500599257648; 0,6477132118307054; 0,16018843557685614; 0,04596677701920271; 0,4728123596869409; 0,3504733722656965; 0,38031877763569355; 0,2827847572043538; 0,37742450181394815; 0,9892704673111439
0,488967397325792; 0,4689325918443501; 0,08063028054311872; 0,5099861971102655; 0,4710666392929852; 0,3671976523473859; 0,4215740580111742; 0,6024115174077451; 0,36695029586553574; 0,027237385511398315; 0,05525137856602669
1,0195151560237532; 0,15657753637060523; 0,9632638208568096; 0,2210012311115861; 0,06342103006318212; 0,5706132175400853; 0,648792487103492; 0,013353749178349972; 0,9385845842771232; 0,9958899854682386; 0,886295547708869
0,30664186420581696; 0,7221817965619266; 0,44063292630016804; 0,10740966396406293; 0,8565278700552881; 0,39119878923520446; 0,4979994767345488; 0,6151150548830628; 0,42391832266002893; 0,14154239930212498; 0,7421697117388248
2,4833161347708317; 0,8776209959760308; 0,6334228282794356; 0,39899372635409236; 0,17281299410387874; 0,5703160483390093; 0,055767851416021585; 0,29187705693766475; 0,5528211514465511; 0,12417945917695761; 0,15573952766135335
0,14899952376484216; 0,6808557589538395; 0,058946693781763315; 0,2553691742941737; 0,5705480161122978; 0,3438730640336871; 0,9360708422027528; 0,3192799799144268; 0,7231458029709756; 0,6277770805172622; 0,3608280960470438
0,3587195595884878; 0,9374075843952596; 0,342937680426985; 0,34590425016358495; 0,9907374270260334; 0,8631208022125065; 0,8598958635702729; 0,9254813669249415; 0,08606225019320846; 0,3766378443688154; 0,6779985320754349
-0,30338909339305653; 0,1336274491623044; 0,4572391342371702; 0,31225394969806075; 0,4107650532387197; 0,882315784227103; 0,9695855160243809; 0,781610562466085; 0,6185051160864532; 0,5156348254531622; 0,7947615482844412
0,7363653677250068; 0,7465548645704985; 0,5729331439360976; 0,07050990778952837; 0,45276496931910515; 0,2362259654328227; 0,9488128274679184; 0,526905485894531; 0,7149394555017352; 0,25771262822672725; 0,6012546392157674
1,404426348204114; 0,022175585851073265; 0,500051655806601; 0,0461891177110374; 0,7984621045179665; 0,6398677625693381; 0,223680448718369; 0,6656180429272354; 0,15466536628082395; 0,9628008650615811; 0,8393710441887379
0,9766501112331768; 0,32636014418676496; 0,7099743275903165; 0,5719739617779851; 0,29873264860361814; 0,48611118039116263; 0,8086997712962329; 0,23258689977228642; 0,7324772574938834; 0,2861708337441087; 0,6920455358922482
0,8657949662574089; 0,8644321216270328; 0,4820430348627269; 0,13111804658547044; 0,8688459945842624; 0,3506249934434891; 0,1075362996198237; 0,7351065655238926; 0,025388544891029596; 0,29118025908246636; 0,42114391131326556
1,6296487615259774; 0,6628642319701612; 0,3198084398172796; 0,3011511256918311; 0,6545667885802686; 0,5185813144780695; 0,13285908894613385; 0,6815819297917187; 0,5205784090794623; 0,05068648373708129; 0,21358634298667312
2,2223275938967193; 0,47126481449231505; 0,8486856874078512; 0,1060886001214385; 0,25437880447134376; 0,11951398383826017; 0,8657412864267826; 0,5084942593239248; 0,20809231232851744; 0,9091758723370731; 0,23459623754024506
1,2633133330044815; 0,8582417275756598; 0,7603188105858862; 0,839620057027787; 0,598859931807965; 0,9310880238190293; 0,058966089971363544; 0,3244195650331676; 0,7372863595373929; 0,5491055902093649; 0,25562802515923977
0,3610558973225574; 0,4767972491681576; 0,19383880076929927; 0,17346624517813325; 0,9196128640323877; 0,9158704481087625; 0,13074674736708403; 0,30950450524687767; 0,9730805903673172; 0,6282735448330641; 0,26844653114676476
1,870064696451101; 0,8415323626250029; 0,9381121606566012; 0,893277760129422; 0,40572162764146924; 0,7666019671596587; 0,4576746723614633; 0,9951619626954198; 0,45083199441432953; 0,7142900936305523; 0,5762219219468534
-0,07115741669467146; 0,48366556596010923; 0,27063850639387965; 0,18069154024124146; 0,6502381023019552; 0,3178258300758898; 0,3147134776227176; 0,43983084708452225; 0,40210443222895265; 0,8684194958768785; 0,028911097906529903
1,8489030269032214; 0,6885037235915661; 0,3313392591662705; 0,05935828061774373; 0,24163196934387088; 0,5121104684658349; 0,25867354590445757; 0,860352071467787; 0,24132078001275659; 0,45238355780020356; 0,9496133872307837
1,5640432657649987; 0,18264188477769494; 0,17022757092490792; 0,13315959880128503; 0,12435778928920627; 0,23737666383385658; 0,7172656902112067; 0,13240317534655333; 0,5656061149202287; 0,5377627778798342; 0,7958602900616825
0,6138132769496016; 0,7625376228243113; 0,05977212032303214; 0,8190090032294393; 0,9405578188598156; 0,6240381696261466; 0,973225480876863; 0,4867781992070377; 0,8116961251944304; 0,33658923488110304; 0,5221600071527064
0,06387452845693455; 0,07546544028446078; 0,5293923756107688; 0,5199754438363016; 0,3884152378886938; 0,9853467661887407; 0,2856086231768131; 0,14672656543552876; 0,24426509765908122; 0,24918579868972301; 0,603020709939301
0,6823448560841744; 0,7556367609649897; 0,7490980066359043; 0,8300076988525689; 0,698357729241252; 0,9754269793629646; 0,37867864314466715; 0,4319841847755015; 0,8761696820147336; 0,7071093167178333; 0,36217142967507243
1,7819916000082683; 0,5308316610753536; 0,013382983859628439; 0,6214611548930407; 0,4703907109797001; 0,8575413208454847; 0,6915367315523326; 0,937245809007436; 0,7913219351321459; 0,18519793078303337; 0,8593154693953693
0,39666182289814955; 0,30952557269483805; 0,1420197393745184; 0,2591804419644177; 0,4700843612663448; 0,8721748888492584; 0,1283590248785913; 0,6844612937420607; 0,42667652713134885; 0,5205370034091175; 0,2705773455090821
1,606187237030643; 0,1748421099036932; 0,5825587953440845; 0,11970077361911535; 0,4998412663117051; 0,25229599699378014; 0,7563575352542102; 0,9827099670656025; 0,16191603522747755; 0,8548276969231665; 0,12347789714112878
0,5588911288622089; 0,4469216004945338; 0,7501773270778358; 0,7081943321973085; 0,29230536986142397; 0,4458906389772892; 0,9347353698685765; 0,22693180572241545; 0,828381828032434; 0,5369370384141803; 0,1877169474028051
2,3069626017566676; 0,790813772007823; 0,5999507228843868; 0,7086701737716794; 0,9593950491398573; 0,6586863524280488; 0,5110521512106061; 0,42220540763810277; 0,3081411123275757; 0,10329454764723778; 0,22666973480954766
0,6936565197369146; 0,9840274001471698; 0,6519624637439847; 0,187857820186764; 0,1998690338805318; 0,5065972446464002; 0,12037991872057319; 0,5852676415815949; 0,9471275708638132; 0,941878174431622; 0,40197147941216826
0,5932199892579757; 0,3273271373473108; 0,09140157559886575; 0,06668155221268535; 0,29097316041588783; 0,26575111178681254; 0,3904775050468743; 0,8875031303614378; 0,255144951865077; 0,2783355819992721; 0,5929804109036922
0,9726032784693538; 0,9364478341303766; 0,15353235322982073; 0,40727148996666074; 0,5740892090834677; 0,6451385524123907; 0,92202730756253; 0,5731646972708404; 0,7400938123464584; 0,15497897425666451; 0,5229034181684256
2,142085172716463; 0,7558089098893106; 0,7902732156217098; 0,5360729619860649; 0,9159887656569481; 0,811231104657054; 0,4983021104708314; 0,08731300476938486; 0,050120335537940264; 0,646159069146961; 0,3703823881223798
1,5414145393216252; 0,595294754486531; 0,19295842526480556; 0,752154937479645; 0,08012553257867694; 0,6433537704870105; 0,7226946568116546; 0,0699497046880424; 0,11617528041824698; 0,18585425056517124; 0,5081980903632939
0,25338890062491015; 0,8219470023177564; 0,13440409023314714; 0,6770895542576909; 0,8913238886743784; 0,4306530738249421; 0,05573463253676891; 0,05853435955941677; 0,5163718243129551; 0,0650427876971662; 0,23131384421139956
2,576424406629136; 0,8358401320874691; 0,8370337812229991; 0,952695322688669; 0,44638340827077627; 0,4153607473708689; 0,5087606022134423; 0,4317788821645081; 0,17570282891392708; 0,9327840767800808; 0,6116310763172805
2,063912116743986; 0,7314531318843365; 0,25248434115201235; 0,9753133575432003; 0,9801474767737091; 0,26972511410713196; 0,07609438989311457; 0,606605791952461; 0,21683426946401596; 0,09000072721391916; 0,8235586611554027
-0,48191953855331515; 0,11502802465111017; 0,21995661966502666; 0,4855515053495765; 0,04301361087709665; 0,5163274765945971; 0,7724032672122121; 0,8172342935577035; 0,8034215620718896; 0,22356676310300827; 0,11084432387724519
0,8036201871583171; 0,49253991385921836; 0,8528945394791663; 0,24938582861796021; 0,132577545940876; 0,9058440737426281; 0,5255953511223197; 0,016229474917054176; 0,6274875602684915; 0,4283332279883325; 0,5061378823593259
0,055995782366037194; 0,724216524977237; 0,0012122313492000103; 0,32917030481621623; 0,28030191035941243; 0,8013350088149309; 0,7172557977028191; 0,7758880998007953; 0,5577070163562894; 0,37638332275673747; 0,14880577940493822
1,465058917173803; 0,8971422393806279; 0,27282141149044037; 0,9393687201663852; 0,08814661670476198; 0,665764519944787; 0,32322741905227304; 0,44277671491727233; 0,8806017669849098; 0,2170410007238388; 0,6127300155349076
1,1037074673336538; 0,1395464981906116; 0,733391085639596; 0,9512652084231377; 0,6909394888207316; 0,34858382074162364; 0,12453837785869837; 0,8605313459411263; 0,4037086833268404; 0,8458658210001886; 0,7949708914384246
1,9842062195440087; 0,28529253602027893; 0,896044930908829; 0,4068727772682905; 0,73356789117679; 0,705957405269146; 0,2841293695382774; 0,39930925890803337; 0,522563646081835; 0,9920703722164035; 0,31432416243478656
1,7529830342449548; 0,9996978789567947; 0,3057246496900916; 0,4417064436711371; 0,6168639310635626; 0,011758663691580296; 0,32353243976831436; 0,7434007776901126; 0,4539450602605939; 0,38985841209068894; 0,6639569452963769
0,9731975887222378; 0,41967151453718543; 0,6970426738262177; 0,7447374216280878; 0,8734130822122097; 0,7825098638422787; 0,9415058442391455; 0,46392011269927025; 0,08903972199186683; 0,29024076368659735; 0,5614314991980791
2,4087781942035447; 0,8892862480133772; 0,6810703175142407; 0,5490045072510839; 0,7997790919616818; 0,424506900832057; 0,0915955021046102; 0,7785655525512993; 0,9698001737706363; 0,9657004894688725; 0,46740675903856754
2,040667256390072; 0,18804497551172972; 0,9342995258048177; 0,8478687480092049; 0,5630345679819584; 0,7366385119967163; 0,12940465845167637; 0,5896303653717041; 0,12155114253982902; 0,0006839288398623466; 0,14220168627798557
0,3708753893188487; 0,13945811241865158; 0,8225207682698965; 0,7081555770710111; 0,6663099378347397; 0,08460038620978594; 0,26042846590280533; 0,7319683390669525; 0,5451644086278975; 0,8653481863439083; 0,7722196616232395
0,9420449177546493; 0,42304107500240207; 0,598134296014905; 0,4993533450178802; 0,23292647022753954; 0,20986331347376108; 0,3375104549340904; 0,5218345527537167; 0,7169398488476872; 0,3050629408098757; 0,12791822524741292
0,17079485944590633; 0,0762304225936532; 0,9297250802628696; 0,3917054641060531; 0,7377480701543391; 0,6909464937634766; 0,29952808981761336; 0,12402859004214406; 0,2938845115713775; 0,9593420820310712; 0,8394083376042545
1,5575259619863044; 0,7912269583903253; 0,3789930553175509; 0,18100458336994052; 0,8859791336581111; 0,2779934355057776; 0,04250313062220812; 0,5885646468959749; 0,03819348104298115; 0,10695620439946651; 0,10303526278585196
0,7705477092844871; 0,9271692172624171; 0,8625203715637326; 0,7984176832251251; 0,8212434560991824; 0,9137719571590424; 0,2719068923033774; 0,6321618328802288; 0,608468453399837; 0,07827857881784439; 0,5529315718449652
1,8325218984224312; 0,5295181232504547; 0,22364665661007166; 0,49040704127401114; 0,5881069139577448; 0,38298419350758195; 0,36412848671898246; 0,480912241153419; 0,6096349153667688; 0,6412051133811474; 0,27250121627002954
1,432130485991101; 0,8389932215213776; 0,7598917912691832; 0,3403298771008849; 0,029597191140055656; 0,5775613952428102; 0,07797307102009654; 0,7328922501765192; 0,12848347099497914; 0,4178223586641252; 0,7889976417645812
2,0525106310061947; 0,5183834484778345; 0,523525157943368; 0,3675184417515993; 0,2930412907153368; 0,4088470358401537; 0,7653970890678465; 0,19368455093353987; 0,36310983961448073; 0,3984307539649308; 0,1827345727942884
0,6154417534776757; 0,7097998922690749; 0,3070491496473551; 0,8380506015382707; 0,7727916687726974; 0,8551943274214864; 0,26469473633915186; 0,7737368643283844; 0,6827483880333602; 0,01788131147623062; 0,37227558298036456
0,29502595191161946; 0,02319342829287052; 0,9340196438133717; 0,46056060772389174; 0,2539073331281543; 0,771433019079268; 0,9574834671802819; 0,7336913160979748; 0,9766200529411435; 0,8527254578657448; 0,7631543115712702
1,3047330038513185; 0,8794367201626301; 0,02309733722358942; 0,7447475893422961; 0,5485810949467123; 0,4829808231443167; 0,2018658211454749; 0,7019542162306607; 0,2512626377865672; 0,12360182357951999; 0,27543219458311796
1,7977119477628039; 0,4304864057339728; 0,7277703280560672; 0,5240159868262708; 0,8290925673209131; 0,09809445962309837; 0,8581402287818491; 0,4508151523768902; 0,3601112109608948; 0,6267033112235367; 0,015568250324577093
0,13231399570818408; 0,208416563924402; 0,9113090112805367; 0,2109342166222632; 0,8354088524356484; 0,21547214314341545; 0,5106000285595655; 0,28817360755056143; 0,46462859818711877; 0,034473097417503595; 0,24666905915364623
0,4622457474941749; 0,35331716760993004; 0,6378174019046128; 0,2026210599578917; 0,13002575235441327; 0,9258654722943902; 0,05731596937403083; 0,7948759980499744; 0,6315794778056443; 0,3760326965712011; 0,05298500368371606
0,0709352142902467; 0,1296804710291326; 0,97191033186391; 0,5219680555164814; 0,042601109482347965; 0,7443178039975464; 0,2427981710061431; 0,2747970507480204; 0,4523219158872962; 0,5635692835785449; 0,9305862286128104
1,1252758836270584; 0,37949564261361957; 0,2859961222857237; 0,9113327725790441; 0,8183552292175591; 0,5197746944613755; 0,45941808819770813; 0,9551823060028255; 0,8438460282050073; 0,13796383887529373; 0,7079950361512601
0,29092621183258627; 0,4683402171358466; 0,6145276976749301; 0,20078456355258822; 0,4974508387967944; 0,13191187335178256; 0,19131641928106546; 0,21272077597677708; 0,5550165832974017; 0,5316239702515304; 0,40975492913275957
1,6716033369436238; 0,976358778309077; 0,8566478178836405; 0,5899737956933677; 0,8251929152756929; 0,7483116327784956; 0,05967318871989846; 0,8660172913223505; 0,9418832510709763; 0,7673995150253177; 0,9996294649317861
0,6658022085425319; 0,7242802190594375; 0,7008066773414612; 0,8325349786318839; 0,08885687123984098; 0,9856325704604387; 0,05568910064175725; 0,822827257681638; 0,2436665389686823; 0,3126509948633611; 0,3258625492453575
0,9740324719976394; 0,6535453461110592; 0,6187450955621898; 0,5052939206361771; 0,5583021454513073; 0,3615012248046696; 0,9526873398572206; 0,6460789749398828; 0,2987962351180613; 0,2937299679033458; 0,6394301727414131
1,7214804526588146; 0,17259178217500448; 0,557493141386658; 0,29045039415359497; 0,3958195950835943; 0,24581491714343429; 0,060986637603491545; 0,5740332584828138; 0,33238660171628; 0,02499822061508894; 0,9359795222990215
0,2721367125009577; 0,8861730401404202; 0,04850296676158905; 0,2206513825803995; 0,20400040270760655; 0,21487885573878884; 0,4324811943806708; 0,6983701917342842; 0,30458764964714646; 0,40908265532925725; 0,7477385494858027
1,5537175975969104; 0,3058793153613806; 0,7835603649728; 0,4284036927856505; 0,5526185845956206; 0,7024244926869869; 0,7519133640453219; 0,9455499732866883; 0,7361329607665539; 0,6180704142898321; 0,7081404901109636
0,9658311302089628; 0,23157845670357347; 0,12383971503004432; 0,30951247084885836; 0,7423702785745263; 0,7576238154433668; 0,25166900316253304; 0,9348647720180452; 0,06026199506595731; 0,32350204000249505; 0,4750800305046141
0,854846378494876; 0,050187688786536455; 0,4119504648260772; 0,7002355186268687; 0,2365932553075254; 0,9697567555122077; 0,23582235258072615; 0,6042238045483828; 0,17788090789690614; 0,8551579038612545; 0,06902573723345995
0,5462934664151803; 0,9712889716029167; 0,5961596565321088; 0,12486873753368855; 0,32149860449135303; 0,5938618341460824; 0,9324938864447176; 0,29214539378881454; 0,45856340462341905; 0,8374590179882944; 0,5268456027843058
2,0221560914486245; 0,6107917898334563; 0,7935312506742775; 0,0008883192203938961; 0,4855128191411495; 0,02591930190101266; 0,9199526943266392; 0,22982370108366013; 0,0751389772631228; 0,0024522808380424976; 0,9802490440197289
0,14112301301566932; 0,42376744467765093; 0,612424626480788; 0,5969521370716393; 0,932037238497287; 0,38778815045952797; 0,7529632993973792; 0,8391480022110045; 0,9672009302303195; 0,6450669229961932; 0,45579631393775344
0,20648047423390659; 0,19145017070695758; 0,08367258496582508; 0,6569444807246327; 0,6407347857020795; 0,5122843775898218; 0,7912475513294339; 0,056598607916384935; 0,5719103352166712; 0,22039011446759105; 0,5461425194516778
0,6910542077293034; 0,42843274772167206; 0,7291774246841669; 0,8448474402539432; 0,17389060091227293; 0,18378178589046001; 0,81149449525401; 0,1572418501600623; 0,14075041562318802; 0,41351649397984147; 0,34201417583972216
0,6171482323414581; 0,4684556629508734; 0,07129539456218481; 0,6041307207196951; 0,74190538469702; 0,6864873738959432; 0,7489803256466985; 0,4050483899191022; 0,7171967560425401; 0,9548727795481682; 0,636671086307615
-0,20242241892557455; 0,3110737642273307; 0,1639637779444456; 0,288025732152164; 0,04699008818715811; 0,3428241922520101; 0,6987759172916412; 0,10779490228742361; 0,16786829195916653; 0,40202827053144574; 0,7635605046525598
0,6712326074913209; 0,1041576350107789; 0,9800734077580273; 0,7760024960152805; 0,7511343201622367; 0,5437535424716771; 0,2564261257648468; 0,7783302147872746; 0,3288264125585556; 0,2714217659085989; 0,1741071087308228
0,7260234081242328; 0,9302012072876096; 0,8341362117789686; 0,3057362684048712; 0,9420888964086771; 0,07316573383286595; 0,5359200611710548; 0,8858401193283498; 0,46327592665329576; 0,699408748652786; 0,6692226175218821
1,6934718138704032; 0,4770181397907436; 0,7743296786211431; 0,08782305661588907; 0,17750440118834376; 0,7191655305214226; 0,6795461471192539; 0,40559119498357177; 0,7983932415954769; 0,6748360120691359; 0,7062893584370613
0,3429529019000823; 0,45413928013294935; 0,6329405354335904; 0,12150022434070706; 0,8166965916752815; 0,7146092555485666; 0,3368146326392889; 0,6131250965408981; 0,8304287544451654; 0,9037351463921368; 0,4809770160354674
1,6543397185216475; 0,28428844828158617; 0,16757210716605186; 0,08589356020092964; 0,3978190557099879; 0,08356038946658373; 0,056937748566269875; 0,9507739813998342; 0,17842558259144425; 0,09875572379678488; 0,5489712888374925
-0,1657872958058194; 0,3176762042567134; 0,09322774037718773; 0,3075572233647108; 0,5390300475992262; 0,25274787144735456; 0,7255789041519165; 0,08646196825429797; 0,4385502259247005; 0,565397348254919; 0,8323931051418185
0,5297840523767807; 0,8155819172970951; 0,5283981622196734; 0,9709013630636036; 0,5674546230584383; 0,0580697706900537; 0,628539509139955; 0,24260408012196422; 0,5402429662644863; 0,4110680646263063; 0,964775359723717
0,45028001917671134; 0,07197311287745833; 0,9459018758498132; 0,26818809378892183; 0,4348503830842674; 0,10513283079490066; 0,8595109833404422; 0,6527214124798775; 0,35304988315328956; 0,059512440115213394; 0,5816191476769745
0,6013935577910764; 0,9594148057512939; 0,6464510969817638; 0,2891810373403132; 0,9712023450993001; 0,9238888453692198; 0,6532043684273958; 0,8259032070636749; 0,18188130389899015; 0,8600242580287158; 0,7197379963472486
0,01589903752443579; 0,09635199420154095; 0,2865371936932206; 0,752404841594398; 0,4906942443922162; 0,1886282917112112; 0,6740292506292462; 0,503548186738044; 0,050302473828196526; 0,4466921268031001; 0,7163118040189147
0,29148976512414465; 0,44546071300283074; 0,4808805575594306; 0,8582125809043646; 0,4288912802003324; 0,3214268614538014; 0,9964740448631346; 0,7319488152861595; 0,5315751605667174; 0,5721626123413444; 0,6688830265775323
-0,30101904697603393; 0,08637589123100042; 0,2043729075230658; 0,4318631594069302; 0,10389808472245932; 0,912622595205903; 0,3243573713116348; 0,2820067871361971; 0,6093519111163914; 0,4986590943299234; 0,3948965910822153
2,25548246584262; 0,6255618841387331; 0,7825861610472202; 0,9657338787801564; 0,17767756339162588; 0,669079998973757; 0,8706536744721234; 0,98174880258739; 0,20639137364923954; 0,8473854125477374; 0,11933749821037054
0,3616225496860599; 0,4791036075912416; 0,9939196170307696; 0,32894738717004657; 0,17955506639555097; 0,38419413985684514; 0,0682624033652246; 0,920374718029052; 0,48993995040655136; 0,7924898718483746; 0,0915203457698226
0,6938734314195791; 0,0648980881087482; 0,03629213385283947; 0,7794639240019023; 0,7445604768581688; 0,2762256725691259; 0,10989071987569332; 0,5495578795671463; 0,9347127201035619; 0,11625060858204961; 0,05694326711818576
0,552299205298955; 0,9895640756003559; 0,3479170994833112; 0,3128388477489352; 0,7568056406453252; 0,609958432149142; 0,2974283820949495; 0,6736531280912459; 0,6128939134068787; 0,18969193752855062; 0,370671350043267
1,307359157060637; 0,3431505113840103; 0,9979645693674684; 0,6974540390074253; 0,8110065567307174; 0,3609450557269156; 0,468488110229373; 0,650305095128715; 0,5971030434593558; 0,953114939853549; 0,9477691892534494
1,241931429924817; 0,5254865409806371; 0,7653356208465993; 0,7954540746286511; 0,19131633825600147; 0,5215012603439391; 0,18187855277210474; 0,9529947340488434; 0,07496959995478392; 0,6207127147354186; 0,7988998228684068
1,749594542128624; 0,5178183619864285; 0,11934300744906068; 0,7225176482461393; 0,31268863705918193; 0,658424608875066; 0,8649322711862624; 0,8232470364309847; 0,8753746673464775; 0,23958704294636846; 0,5003838427364826
1,1217284840051023; 0,31451392360031605; 0,45629957038909197; 0,8927121455781162; 0,6792977210134268; 0,8859042264521122; 0,08810025826096535; 0,710516722407192; 0,16883159196004272; 0,6120706791989505; 0,9011041084304452
0,2997387601379888; 0,4442140036262572; 0,6213269433937967; 0,527007881551981; 0,09286042535677552; 0,6518312417902052; 0,2635331745259464; 0,545879184268415; 0,6908273701556027; 0,8910759487189353; 0,06580691365525126
1,3819211991306737; 0,43749615270644426; 0,057705434039235115; 0,026327380444854498; 0,8260299540124834; 0,25733494432643056; 0,3799087288789451; 0,5515207396820188; 0,9168646796606481; 0,6857436448335648; 0,7625697692856193
2,2346243533202568; 0,803675627335906; 0,6073543718084693; 0,32064459985122085; 0,18534603249281645; 0,060842362232506275; 0,28596398420631886; 0,706064070109278; 0,05360198952257633; 0,5989604047499597; 0,4646537364460528
1,1844598463398501; 0,7789347399957478; 0,05069883028045297; 0,24361833790317178; 0,8286751485429704; 0,31607104931026697; 0,5351767637766898; 0,35020699445158243; 0,6722540319897234; 0,674566444940865; 0,18731112778186798
0,9401040522797846; 0,3062632568180561; 0,14718496799468994; 0,03963729785755277; 0,7250840719789267; 0,7994793797843158; 0,5238895565271378; 0,6299354271031916; 0,8808253607712686; 0,4736249502748251; 0,07146912021562457
2,2932708328685303; 0,6568562122993171; 0,654290059581399; 0,1411587526090443; 0,40728470776230097; 0,984952675178647; 0,6500870678573847; 0,5846281601116061; 0,8862887737341225; 0,19449891056865454; 0,9676727331243455
1,1636418067074168; 0,2004416724666953; 0,808077999856323; 0,6679973336867988; 0,5926469746045768; 0,14252044260501862; 0,10553699219599366; 0,7475000419653952; 0,5837992299348116; 0,3165345857851207; 0,41387230064719915
0,9355517435258949; 0,21382028236985207; 0,23893425287678838; 0,18542800471186638; 0,8563507073558867; 0,03998463228344917; 0,3794137458316982; 0,5589932496659458; 0,6067045205272734; 0,45293305022642016; 0,10027909558266401
1,7189881311126838; 0,2797308322042227; 0,3523904113098979; 0,7009504619054496; 0,9599039945751429; 0,3125125295482576; 0,725812679156661; 0,5055769314058125; 0,5894136955030262; 0,7505503543652594; 0,05769511545076966
2,1308594873994173; 0,8932181438431144; 0,42293220991268754; 0,547037759795785; 0,6648396272212267; 0,0028962423093616962; 0,2772061168216169; 0,6228089020587504; 0,6369586107321084; 0,301448370795697; 0,7382103740237653
0,6548340350938976; 0,6276351036503911; 0,49506018916144967; 0,43463783198967576; 0,031464080791920424; 0,8004487776197493; 0,3196905697695911; 0,11220034630969167; 0,3943222900852561; 0,973470616620034; 0,06994000682607293
0,13413980417176763; 0,7685699118301272; 0,1980883120559156; 0,37947284057736397; 0,29826498962938786; 0,5571835823357105; 0,07752562873065472; 0,3583250162191689; 0,807464194484055; 0,36399630596861243; 0,5464128409512341
-0,12081004871429782; 0,03261170815676451; 0,4111972921527922; 0,2642242703586817; 0,7673615347594023; 0,015687899198383093; 0,30381753388792276; 0,18209260841831565; 0,3939145137555897; 0,2502027191221714; 0,2317309770733118
0,5273204185152476; 0,9763997443951666; 0,1303347465582192; 0,04373495280742645; 0,6408000565133989; 0,9649385865777731; 0,23204873595386744; 0,6307543735019863; 0,3683194103650749; 0,5945174936205149; 0,6212909817695618
2,2276367963614065; 0,9645802564918995; 0,9720747238025069; 0,9473057915456593; 0,043429754208773375; 0,5338301858864725; 0,7474965965375304; 0,34451129380613565; 0,6383002982474864; 0,38983836211264133; 0,009908006060868502
1,7080670260031798; 0,8332005855627358; 0,2914221929386258; 0,2920799916610122; 0,014200434554368258; 0,6965320534072816; 0,1772812562994659; 0,28826358867809176; 0,37258352106437087; 0,5723704807460308; 0,6746367034502327
0,7258041985816213; 0,719855550210923; 0,9195881565101445; 0,3112962320446968; 0,26909071393311024; 0,7458613882772624; 0,020166416186839342; 0,764632033649832; 0,6212214725092053; 0,6559546361677349; 0,9318796992301941
1,9561244269825622; 0,85308758309111; 0,028332337737083435; 0,7667611767537892; 0,33615218102931976; 0,5751504534855485; 0,5749965929426253; 0,016607815865427256; 0,14024315448477864; 0,34710243437439203; 0,3642248655669391
-0,17008600852400885; 0,35250683361664414; 0,30472820019349456; 0,7928509726189077; 0,4719211012125015; 0,7982984557747841; 0,5910987197421491; 0,6245544222183526; 0,6004858082160354; 0,7443711017258465; 0,7233375892974436
-0,0652453667604602; 0,1880539022386074; 0,38402959518134594; 0,6438100915402174; 0,46911465702578425; 0,4151347763836384; 0,4650611807592213; 0,34021726390346885; 0,569946117233485; 0,7845345861278474; 0,8051856681704521
1,1463663496040966; 0,3573014084249735; 0,9564373241737485; 0,5290084951557219; 0,29946347372606397; 0,8383388081565499; 0,9214565567672253; 0,022100705187767744; 0,019947359804064035; 0,21973214717581868; 0,9646921213716269
2,08651249823256; 0,6883936291560531; 0,4368840241804719; 0,3291137292981148; 0,07593157142400742; 0,463539891410619; 0,6431117695756257; 0,9680347689427435; 0,40312276408076286; 0,2728948686271906; 0,9610192719846964
0,03662299480346376; 0,533840608317405; 0,4649680317379534; 0,8162140180356801; 0,05453092185780406; 0,7954614059999585; 0,9871477666310966; 0,7118240771815181; 0,08801247365772724; 0,7780051655136049; 0,5916390926577151
1,8013625505376756; 0,9452385907061398; 0,8504629004746675; 0,2686282768845558; 0,49923238763585687; 0,33737548254430294; 0,19118416029959917; 0,3271916266530752; 0,2561339200474322; 0,9043388096615672; 0,36046101711690426
0,2527375828465967; 0,09918912407010794; 0,8429427901282907; 0,1417161780409515; 0,2501115691848099; 0,48027396807447076; 0,9550349246710539; 0,922692755702883; 0,5906703546643257; 0,45615966245532036; 0,410141019616276
-0,08752855248088462; 0,16099941916763783; 0,059663542080670595; 0,3038723231293261; 0,8619188386946917; 0,3088784269057214; 0,4435145170427859; 0,4092589137144387; 0,5048651890829206; 0,3543473770841956; 0,4777001761831343
1,646431816408632; 0,23155676200985909; 0,3039082633331418; 0,6387806055136025; 0,5492530814372003; 0,5496070440858603; 0,6489550666883588; 0,23531777085736394; 0,4344625719822943; 0,48046507500112057; 0,8210142310708761
0,6846712900311129; 0,006025975104421377; 0,6625052047893405; 0,17553773615509272; 0,5684942747466266; 0,7775333081372082; 0,6306893150322139; 0,05267908377572894; 0,8578238431364298; 0,49341384414583445; 0,4764095307327807
2,171372619600137; 0,5913882502354681; 0,6183047574013472; 0,3869753130711615; 0,7109344438649714; 0,04649472376331687; 0,8661255822516978; 0,2218675403855741; 0,4457691963762045; 0,2516100089997053; 0,3081451188772917
0,549200772531431; 0,08217610325664282; 0,5350532331503928; 0,5176868173293769; 0,870948642026633; 0,5012207035906613; 0,7503278134390712; 0,48758454201743007; 0,06498576840385795; 0,06620277464389801; 0,4778209049254656
1,631895981700069; 0,5853135460056365; 0,5749541479162872; 0,09016474382951856; 0,9977210275828838; 0,8215155815705657; 0,7534654573537409; 0,49613021966069937; 0,8356195781379938; 0,44048529490828514; 0,6566982637159526
0,8821459135015561; 0,7712084506638348; 0,28654492925852537; 0,14384340168908238; 0,40442313393577933; 0,8011729451827705; 0,3662525643594563; 0,9374584225006402; 0,7944750627502799; 0,7896604845300317; 0,5097457189112902
0,21376517722145533; 0,5301148225553334; 0,34649866772815585; 0,6714569618925452; 0,8612911687232554; 0,9656429355964065; 0,06027316069230437; 0,5071775456890464; 0,6875735963694751; 0,8960619051940739; 0,6017439304850996
1,746663285432879; 0,6600148733705282; 0,24977270374074578; 0,9758849157951772; 0,23440933413803577; 0,1251400662586093; 0,5922226151451468; 0,9489355012774467; 0,8623249353840947; 0,7062723366543651; 0,9889067220501602
1,7489109632766466; 0,3911628434434533; 0,7018087073229253; 0,45992062147706747; 0,8115556854754686; 0,6967890509404242; 0,3040326787158847; 0,8248886130750179; 0,05027075111865997; 0,7232874119654298; 0,36606440506875515
0,22487459545309374; 0,8130197655409575; 0,15768658882007003; 0,8571432614699006; 0,203517553396523; 0,9549987684004009; 0,17508259089663625; 0,6050423868000507; 0,38983073085546494; 0,2537839845754206; 0,9850341938436031
0,19372738149605784; 0,2734842696227133; 0,48204916529357433; 0,5216466789133847; 0,12743475660681725; 0,49718395061790943; 0,22633169824257493; 0,908979014493525; 0,20878268452361226; 0,4449014156125486; 0,8059787969104946
0,46168728554214133; 0,6926589105278254; 0,07327874936163425; 0,2930872533470392; 0,12980337580665946; 0,0020773448050022125; 0,005383032374083996; 0,4539076564833522; 0,5142364478670061; 0,7629053122363985; 0,7672167853452265
-0,24070138916307668; 0,16752665117383003; 0,5551161291077733; 0,14021502109244466; 0,6426736088469625; 0,5913261291570961; 0,9752525305375457; 0,9464168795384467; 0,39586199587211013; 0,9789102133363485; 0,32680879905819893
2,1344452965198064; 0,8879974479787052; 0,24770451430231333; 0,03962438087910414; 0,0839486951008439; 0,4109575171023607; 0,10424558678641915; 0,21560415998101234; 0,8124893070198596; 0,012185733299702406; 0,399910356849432
1,6422206682495455; 0,8721372168511152; 0,9176386944018304; 0,11655059782788157; 0,4996216450817883; 0,5089863771572709; 0,23013391066342592; 0,5801998199895024; 0,8223368083126843; 0,21628390066325665; 0,36200628615915775
0,2843940628864199; 0,9621187336742878; 0,0016515180468559265; 0,7733732433989644; 0,9839764726348221; 0,40422180807217956; 0,02993301348760724; 0,10947309667244554; 0,786040598526597; 0,4623064389452338; 0,23924375791102648
1,4373290956689113; 0,07214775029569864; 0,08154955273494124; 0,6824619919061661; 0,41770619666203856; 0,7322680521756411; 0,6794672938995063; 0,6792950415983796; 0,688669172115624; 0,6424435148946941; 0,5162890846841037
1,6689222590237769; 0,10325868241488934; 0,8087846185080707; 0,8204706674441695; 0,04617612576112151; 0,4085672190412879; 0,7622317154891789; 0,2628172277472913; 0,8460857481695712; 0,059497835114598274; 0,7505530868656933
1,0476301007060762; 0,742010529153049; 0,6793166273273528; 0,4688968355767429; 0,5984860104508698; 0,5270342747680843; 0,09011931158602238; 0,13996224710717797; 0,03418512688949704; 0,8254151795990765; 0,3306040046736598
1,859484938688049; 0,8260392402298748; 0,8453238988295197; 0,47581947268918157; 0,24457382783293724; 0,34356854809448123; 0,7163008973002434; 0,7104955776594579; 0,4130458477884531; 0,6187067055143416; 0,82237752340734
0,43968615083826035; 0,49816679721698165; 0,9892967604100704; 0,4927302044816315; 0,5894492925144732; 0,8437351793982089; 0,24705850146710873; 0,3631394011899829; 0,9786319355480373; 0,8297988479025662; 0,07169533846899867
2,2401850659129217; 0,980043507181108; 0,23973160609602928; 0,5200090692378581; 0,2598254173062742; 0,6003557541407645; 0,3605564460158348; 0,13547289790585637; 0,4928188160993159; 0,37826799927279353; 0,33897858671844006
-0,5521557412297031; 0,03091352991759777; 0,19936425611376762; 0,8879622155800462; 0,5609940276481211; 0,7799540017731488; 0,7249184283427894; 0,8174222419038415; 0,7063866131938994; 0,16564724268391728; 0,19092487543821335
1,959525469313018; 0,9562234161421657; 0,9336292180232704; 0,9792117006145418; 0,7885979376733303; 0,39819761691614985; 0,5999748101457953; 0,05611728643998504; 0,7894011661410332; 0,1727746115066111; 0,04340956034138799
2,2089362887715147; 0,9071656549349427; 0,5737090078182518; 0,4090612209402025; 0,5208188593387604; 0,5525129539892077; 0,9197699106298387; 0,25983815686777234; 0,39408745244145393; 0,38861679937690496; 0,22269918723031878
1,7216738415964565; 0,36678339820355177; 0,18417869741097093; 0,6866083331406116; 0,5016177794896066; 0,9408582714386284; 0,9269031076692045; 0,4357575955800712; 0,7464764034375548; 0,685162412468344; 0,05717713851481676
1,5444018452010906; 0,05598831549286842; 0,47127091605216265; 0,87970827287063; 0,9640169246122241; 0,32117433194071054; 0,013241649139672518; 0,2751403390429914; 0,9985242313705385; 0,4333484903909266; 0,4526546732522547
1,0974981551462872; 0,2869130987673998; 0,29950001277029514; 0,36028641322627664; 0,155424399767071; 0,9626908395439386; 0,8581763370893896; 0,3549335077404976; 0,1966590853407979; 0,3243810082785785; 0,009366443380713463
1,3022092151542295; 0,7476448621600866; 0,29763274593278766; 0,28974581975489855; 0,4016592944972217; 0,9535856456495821; 0,2095967154018581; 0,1012117094360292; 0,9057619497179985; 0,8885710029862821; 0,5925166769884527
1,3911896175974374; 0,7734728283248842; 0,12540558446198702; 0,03257223265245557; 0,900229882914573; 0,19979933882132173; 0,7790012615732849; 0,47943510627374053; 0,21187250781804323; 0,20894431415945292; 0,5925430627539754
1,6034504917857946; 0,06064847996458411; 0,8215525383129716; 0,047065955586731434; 0,1156503870151937; 0,15384263033047318; 0,493286722805351; 0,08668832294642925; 0,8142358385957778; 0,902300470508635; 0,8467433387413621
-0,1236627841743021; 0,2766027860343456; 0,09748169407248497; 0,09096095012500882; 0,9342597434297204; 0,821718342602253; 0,43529654014855623; 0,19440122600644827; 0,5134546393528581; 0,6916463393718004; 0,6394518027082086
0,7206484841149777; 0,6889391262084246; 0,7352570900693536; 0,44181701308116317; 0,2948381556198001; 0,03861049422994256; 0,48367210011929274; 0,8641182244755328; 0,26087017031386495; 0,3445452004671097; 0,6774150440469384
2,2907775518079627; 0,7769610416144133; 0,7742739403620362; 0,24243418825790286; 0,7894707196392119; 0,22784886369481683; 0,291429759003222; 0,9546138164587319; 0,9077301556244493; 0,44436221895739436; 0,890276541467756
1,078277707944261; 0,10500762471929193; 0,9820500616915524; 0,523886876180768; 0,17603288684040308; 0,22597807133570313; 0,9937811121344566; 0,5723111531697214; 0,2375837634317577; 0,7828503577038646; 0,45798322930932045
2,014840823802653; 0,9410320916213095; 0,3702905219979584; 0,8129989369772375; 0,3418623022735119; 0,6151940673589706; 0,5989160351455212; 0,29763083858415484; 0,22481734305620193; 0,306053074542433; 0,25969648314639926
1,8311821697005815; 0,510931973811239; 0,8402751567773521; 0,32502725906670094; 0,7945817462168634; 0,16705323290079832; 0,12016502348706126; 0,9214981426484883; 0,4282942144200206; 0,4000735552981496; 0,3817702168598771
0,7315782600276493; 0,6910159839317203; 0,9709249837324023; 0,7738288529217243; 0,48274593940004706; 0,9749104352667928; 0,45997142791748047; 0,4999473271891475; 0,6772001590579748; 0,7831529444083571; 0,7238235254772007
1,287503739831164; 0,1378342011012137; 0,4129288881085813; 0,2669068784452975; 0,6181633537635207; 0,95623908797279; 0,1878139078617096; 0,8348083519376814; 0,7042342247441411; 0,12788601266220212; 0,7057050033472478
1,3102910103643088; 0,8182795960456133; 0,13009899901226163; 0,9067494482733309; 0,08153535332530737; 0,07639036560431123; 0,26477807061746716; 0,68701026821509; 0,28090548794716597; 0,1505626649595797; 0,1511871232651174
1,2116688088681107; 0,4649392841383815; 0,4824796421453357; 0,024519536644220352; 0,5075363134965301; 0,7684462401084602; 0,62926862295717; 0,567091481294483; 0,4965383540838957; 0,4863608330488205; 0,38070103945210576
0,6410760571238179; 0,5895541389472783; 0,0019521797075867653; 0,42856507329270244; 0,6287076408043504; 0,3741492507979274; 0,6319768279790878; 0,4927844530902803; 0,28219263534992933; 0,34029670618474483; 0,7495523244142532
1,9199049543502624; 0,9745320761576295; 0,3704756125807762; 0,8946913806721568; 0,3087198594585061; 0,3794807675294578; 0,5194823718629777; 0,20196699956431985; 0,24877024674788117; 0,45288913091644645; 0,06716133374720812
2,2564086827658696; 0,5148009140975773; 0,7788577247411013; 0,18826656602323055; 0,6658967859111726; 0,40058837551623583; 0,7263660626485944; 0,09970470098778605; 0,44977496890351176; 0,4453759961761534; 0,3235697071067989
1,6501564628575267; 0,47853753063827753; 0,16571003757417202; 0,47056456794962287; 0,5036011449992657; 0,9389727055095136; 0,5223088138736784; 0,29426394402980804; 0,6692149699665606; 0,3705189907923341; 0,4156418670900166
2,1087281019030915; 0,5305342110805213; 0,6280256849713624; 0,17275195429101586; 0,47661785362288356; 0,4585801078937948; 0,8999924291856587; 0,005823901854455471; 0,4027783004567027; 0,24286737106740475; 0,9637908954173326
-0,05317533240055376; 0,10663278726860881; 0,617198508232832; 0,7656972049735487; 0,9201865601353347; 0,5778557457961142; 0,03394635720178485; 0,9123363876715302; 0,5380173367448151; 0,4116440722718835; 0,8982975301332772
-0,12079735484346332; 0,4839422944933176; 0,17976624285802245; 0,28927236469462514; 0,09847839223220944; 0,49834864772856236; 0,47596917022019625; 0,36705637257546186; 0,9159935116767883; 0,043879635632038116; 0,73338672099635
-0,10219292245700323; 0,3669235175475478; 0,26132221054285765; 0,5843822886236012; 0,8427132638171315; 0,9995432971045375; 0,5485793645493686; 0,781977002043277; 0,999389517121017; 0,06379506224766374; 0,8763620695099235
0,6640280955855145; 0,3356235958635807; 0,08036443497985601; 0,6388668366707861; 0,5386079261079431; 0,5250748852267861; 0,021008749958127737; 0,7504726364277303; 0,3507190989330411; 0,519682080950588; 0,5304024266079068
0,38243647840529027; 0,6881942530162632; 0,6764132771641016; 0,4023218955844641; 0,6340657039545476; 0,4701163023710251; 0,6202999521046877; 0,05148199759423733; 0,2432654150761664; 0,5468315426260233; 0,29354407731443644
0,17385120883131916; 0,15647653955966234; 0,13819004083052278; 0,2569716442376375; 0,14906108379364014; 0,47554642148315907; 0,3500439617782831; 0,3689590967260301; 0,2492079376243055; 0,6784046138636768; 0,08722919784486294
2,557324659896829; 0,9103646310977638; 0,715420092921704; 0,269912788644433; 0,9639589162543416; 0,44945585587993264; 0,9202897697687149; 0,39851858327165246; 0,6252775071188807; 0,6811086190864444; 0,5197211490012705
2,637642700067004; 0,7881969511508942; 0,9711053506471217; 0,7444371595047414; 0,3514153095893562; 0,6717341220937669; 0,5025505269877613; 0,6461431351490319; 0,3071383819915354; 0,3219007356092334; 0,9189963359385729
1,030054879845285; 0,014969445765018463; 0,2882089870981872; 0,35161912720650434; 0,6696933722123504; 0,001016771886497736; 0,03516635950654745; 0,3123310445807874; 0,4241371829994023; 0,4720368590205908; 0,4593392959795892
1,297669821339535; 0,6127938400022686; 0,32305821403861046; 0,5660080215893686; 0,3736804532818496; 0,7641890184022486; 0,05598004488274455; 0,6883574137464166; 0,6354898419231176; 0,4370702509768307; 0,7684135707095265
0,2058989686925322; 0,7088524079881608; 0,4285242981277406; 0,11159305367618799; 0,4310079966671765; 0,382352267857641; 0,5762362722307444; 0,02107248455286026; 0,873958577401936; 0,6933855903334916; 0,009591993410140276
0,6943340715429347; 0,18435425218194723; 0,17759181186556816; 0,5701535590924323; 0,2180201206356287; 0,5897323172539473; 0,05602453602477908; 0,200014463160187; 0,5157459075562656; 0,8408187599852681; 0,39122359501197934
2,054131324829097; 0,9636226538568735; 0,302501670550555; 0,3917353004217148; 0,2261364832520485; 0,6876496253535151; 0,4699569856747985; 0,3524706265889108; 0,25933630112558603; 0,7378864609636366; 0,7359532830305398
-0,27476984664386356; 0,2334641427733004; 0,402622161898762; 0,915979437995702; 0,4292657598853111; 0,45427662692964077; 0,5091626951470971; 0,5161995058879256; 0,7907379353418946; 0,8974904287606478; 0,6415416393429041
1,7191535046142095; 0,05280029494315386; 0,6568103758618236; 0,2596677499823272; 0,029606244061142206; 0,15894679259508848; 0,6477895337156951; 0,1701306919567287; 0,5568634797818959; 0,13461317168548703; 0,17158961901441216
0,06346902552505462; 0,4271965860389173; 0,5937385344877839; 0,01967591280117631; 0,2686354024335742; 0,8050806601531804; 0,6267967433668673; 0,9371670754626393; 0,5002544852904975; 0,5006152079440653; 0,5598319889977574
-0,21584947281136074; 0,19320679549127817; 0,20336194895207882; 0,9665300329215825; 0,9376294305548072; 0,4452830832451582; 0,22075357101857662; 0,7283886652439833; 0,031613487750291824; 0,5389927010983229; 0,6685792244970798
0,6851545649033035; 0,6727201268076897; 0,10163309518247843; 0,28824731335043907; 0,6371002704836428; 0,707738293800503; 0,5394119904376566; 0,5873196334578097; 0,9889875412918627; 0,22836777614429593; 0,02499881386756897
1,9859916907737825; 0,2689942312426865; 0,789811956230551; 0,2644549198448658; 0,4666420193389058; 0,8299717358313501; 0,5933312843553722; 0,304753624368459; 0,5914268004707992; 0,5399548639543355; 0,2229848662391305
1,8088612587465185; 0,33139635622501373; 0,9956378475762904; 0,64982097921893; 0,20142035372555256; 0,8340434203855693; 0,23227219888940454; 0,28138354420661926; 0,9743532687425613; 0,2024432336911559; 0,725239253602922
1,2226702676796117; 0,7135561052709818; 0,21481754118576646; 0,6212541442364454; 0,42743701534345746; 0,530427856836468; 0,2644449509680271; 0,5366972601041198; 0,5042749792337418; 0,33961171424016356; 0,5068975654430687
0,6125198793185109; 0,18702209228649735; 0,4371783500537276; 0,744416537694633; 0,11999611277133226; 0,20316109573468566; 0,049023061990737915; 0,1351418737322092; 0,9862519050948322; 0,8582037561573088; 0,6889854059554636
1,6507812912397413; 0,33736213808879256; 0,44549300940707326; 0,1917254077270627; 0,5431043365970254; 0,21488238824531436; 0,1075174156576395; 0,548102097120136; 0,25589983398094773; 0,39017806854099035; 0,2943445541895926
1,1978027991323625; 0,2670794939622283; 0,06932407105341554; 0,4004840971902013; 0,9886396946385503; 0,2593401651829481; 0,6716941124759614; 0,9888339033350348; 0,7327908985316753; 0,8493851660750806; 0,8228491493500769
0,8794290676033101; 0,05812713969498873; 0,45889501785859466; 0,1491006836295128; 0,7676004250533879; 0,750871236436069; 0,3935838136821985; 0,09820807864889503; 0,8392848535440862; 0,8678876776248217; 0,7060997961089015
0,19689107774235437; 0,5490654353052378; 0,5063907392323017; 0,18808676628395915; 0,5776616376824677; 0,39046822721138597; 0,9544517523609102; 0,9680374837480485; 0,4130659205839038; 0,6534928809851408; 0,8975825095549226
1,8033343352972082; 0,5977273038588464; 0,022086428944021463; 0,9742570985108614; 0,1397759667597711; 0,6179201528429985; 0,6252301800996065; 0,12340823747217655; 0,49564088275656104; 0,37822634540498257; 0,7252584467642009
1,5364006815272104; 0,10904997121542692; 0,4646835820749402; 0,5520842452533543; 0,37644832907244563; 0,18135510990396142; 0,9580783774144948; 0,8245032792910933; 0,26776197785511613; 0,007501503452658653; 0,8183847684413195
1,464493674679301; 0,5897509977221489; 0,7000321093946695; 0,9353216011077166; 0,19720617029815912; 0,4160681813955307; 0,45215102750808; 0,0789154153317213; 0,7745588272809982; 0,7156558465212584; 0,7728900089859962
1,8594981384548999; 0,3086318331770599; 0,7622149405069649; 0,8664334169588983; 0,9756274558603764; 0,642265098169446; 0,3853984703309834; 0,7945878216996789; 0,1503923088312149; 0,8475140267983079; 0,9442995749413967
-0,14101972000399343; 0,4162625353783369; 0,3001173413358629; 0,1293983766809106; 0,23607130628079176; 0,8375092349015176; 0,22155625373125076; 0,10816257121041417; 0,370130040217191; 0,6924305325374007; 0,2118245055899024
2,2956456928423195; 0,6611916688270867; 0,9390633250586689; 0,34585269866511226; 0,7436384414322674; 0,03687776252627373; 0,7908411407843232; 0,865247143432498; 0,606186049990356; 0,08303083712235093; 0,479961512144655
1,2668592210974805; 0,6258054678328335; 0,2652970948256552; 0,35400458006188273; 0,843713796697557; 0,8145024310797453; 0,7750709243118763; 0,61638961173594; 0,6524677155539393; 0,4320628005079925; 0,9376851841807365
0,06324984614924126; 0,1901044687256217; 0,842699056956917; 0,39361839555203915; 0,9582229559309781; 0,5702609922736883; 0,6183151034638286; 0,8581349812448025; 0,36976880161091685; 0,17136367317289114; 0,9783711237832904
1,403248958665413; 0,3346225116401911; 0,2629291284829378; 0,6079704388976097; 0,8306625108234584; 0,8106363080441952; 0,9624814004637301; 0,4525429615750909; 0,585871553979814; 0,45893127052113414; 0,6668130168691278
-0,059005155075042406; 0,08997426461428404; 0,37047514971345663; 0,8088817438110709; 0,780242932960391; 0,584115061443299; 0,4378402358852327; 0,16260830825194716; 0,12171795824542642; 0,8123326264321804; 0,0478623965755105
1,6064198973466266; 0,1263658981770277; 0,47428635880351067; 0,12023490155115724; 0,09034623997285962; 0,9825864573940635; 0,8297489676624537; 0,9618187639862299; 0,9003058937378228; 0,2893755827099085; 0,8030476230196655
0,6622475784886698; 0,9555062921717763; 0,7509781396947801; 0,1860327166505158; 0,27871003560721874; 0,3268267083913088; 0,5741268321871758; 0,2619559713639319; 0,7873346637934446; 0,8025307902134955; 0,566793373785913
0,3426322173660257; 0,6814999463967979; 0,0638772682286799; 0,2820382793433964; 0,07629116019234061; 0,04234387306496501; 0,7865419527515769; 0,11311593931168318; 0,19076381344348192; 0,511019385419786; 0,6097231977619231
1,2621774689655645; 0,16018733708187938; 0,7124873022548854; 0,6482074121013284; 0,5557063929736614; 0,7117595705203712; 0,17285686498507857; 0,0578017495572567; 0,5865333597175777; 0,5587708661332726; 0,6274836943484843
1,7588392660886463; 0,811573417391628; 0,37958922144025564; 0,6998368664644659; 0,01597644668072462; 0,8133188034407794; 0,8400373025797307; 0,13185485126450658; 0,6099875154905021; 0,8756267232820392; 0,3239407204091549
0,6322730814432433; 0,48410676838830113; 0,6532169999554753; 0,05929187219589949; 0,20226194662973285; 0,228502098005265; 0,33199193654581904; 0,20980738755315542; 0,23816184420138597; 0,9987479019910097; 0,25604896573349833
2,1831909750669585; 0,8549423320218921; 0,1552359047345817; 0,7110915333032608; 0,5850043487735093; 0,6373437731526792; 0,41035413509234786; 0,5552069279365242; 0,05324288085103035; 0,9096077093854547; 0,9038355755619705
0,6648090865708229; 0,47085313266143203; 0,4949504816904664; 0,46498905727639794; 0,6236016228795052; 0,6591491713188589; 0,49713385244831443; 0,27087923139333725; 0,9749809317290783; 0,6308408202603459; 0,9968997552059591
1,5069451452407683; 0,4738841853104532; 0,2587715433910489; 0,07938585011288524; 0,29949768632650375; 0,7179505475796759; 0,013932823203504086; 0,5090116746723652; 0,5702785905450583; 0,4766549183987081; 0,9446357940323651
-0,1575243450574012; 0,03072108281776309; 0,4742367775179446; 0,20068307546898723; 0,3743668980896473; 0,6966459271498024; 0,9680758058093488; 0,23038559127599; 0,8157547619193792; 0,8459898238070309; 0,690176313277334
-0,206609668402303; 0,3744795308448374; 0,1410654978826642; 0,41627323953434825; 0,6322725783102214; 0,06906654965132475; 0,8223101166076958; 0,24584786547347903; 0,47892144694924355; 0,09992614900693297; 0,8613344831392169
1,270036065178234; 0,6141906715929508; 0,20232848776504397; 0,5506014903075993; 0,3281091512180865; 0,07531851064413786; 0,494318129029125; 0,32256417628377676; 0,9667045292444527; 0,6482754801400006; 0,528526121750474
-0,19970785351653425; 0,2874475521966815; 0,4424218120984733; 0,4949824111536145; 0,577906837221235; 0,41726799588650465; 0,05675987293943763; 0,7837158534675837; 0,8391256276518106; 0,17338264267891645; 0,11450444301590323
1,2495220301388077; 0,8472385774366558; 0,5355641702190042; 0,6960767665877938; 0,18628167267888784; 0,8268672758713365; 0,5594172361306846; 0,6780920238234103; 0,010605629999190569; 0,7390521136112511; 0,6156253283843398
1,9068675538193651; 0,5414157705381513; 0,19507243670523167; 0,10077307745814323; 0,2851027795113623; 0,07409085147082806; 0,6273085498251021; 0,8524998077191412; 0,4438068810850382; 0,8679965576156974; 0,7729631909169257
2,159504988921026; 0,9591003358364105; 0,43015615874901414; 0,09546508267521858; 0,8554885718040168; 0,07622563606128097; 0,5378557243384421; 0,07192016625776887; 0,7650914089754224; 0,8027118695899844; 0,759978998452425
0,37602730206542234; 0,6068939953111112; 0,6897745574824512; 0,5385978906415403; 0,14110688492655754; 0,33226822363212705; 0,29698927607387304; 0,7853146283887327; 0,06410161452367902; 0,2243701801635325; 0,31215133983641863
1,2827602593525036; 0,8298395867459476; 0,5116346003487706; 0,22128540696576238; 0,24405592400580645; 0,4128918293863535; 0,2225597924552858; 0,18797093676403165; 0,8598463623784482; 0,18513970309868455; 0,8516385881230235
0,2772843745995025; 0,11018347786739469; 0,21142890816554427; 0,2022524755448103; 0,8119456209242344; 0,4558817157521844; 0,25782033056020737; 0,27845521457493305; 0,3314432860352099; 0,5231353971175849; 0,7644288428127766
1,0460819344681838; 0,7588314097374678; 0,36218619626015425; 0,7194216451607645; 0,9650330301374197; 0,13539207121357322; 0,743838191498071; 0,4051897032186389; 0,9496799046173692; 0,6003094757907093; 0,27903656428679824
2,4144529073954715; 0,9550586091354489; 0,9673676430247724; 0,0076280077919363976; 0,18811627943068743; 0,18975496198982; 0,9251277665607631; 0,4491834305226803; 0,0028906818479299545; 0,6865230994299054; 0,9191534593701363
0,8631560222556629; 0,45440769707784057; 0,6193637074902654; 0,8074280270375311; 0,2826144229620695; 0,6107362816110253; 0,4678993532434106; 0,1483595883473754; 0,6541945897042751; 0,952171596698463; 0,7742952145636082
0,47722916192144327; 0,20738160936161876; 0,34517273819074035; 0,6534285517409444; 0,6319597796536982; 0,13641602033749223; 0,5739165125414729; 0,04900242807343602; 0,9269965710118413; 0,6822551148943603; 0,3603100567124784
0,16735849816270984; 0,04106673924252391; 0,6071948665194213; 0,46531262109056115; 0,7525751236826181; 0,8201845795847476; 0,7634031111374497; 0,25440959446132183; 0,7776778019033372; 0,6694569592364132; 0,10804216749966145
-0,11019291057862823; 0,3639428745955229; 0,2049134816043079; 0,5740305581130087; 0,8015709430910647; 0,7968549635261297; 0,3388011371716857; 0,3440397591330111; 0,04475328745320439; 0,20621092850342393; 0,7446988383308053
2,200338006380857; 0,4397501884959638; 0,8626700649037957; 0,7248938512057066; 0,13681080797687173; 0,7842011288739741; 0,6714770467951894; 0,5292690889909863; 0,5787449236959219; 0,34020954743027687; 0,8209995506331325
0,43375852407371085; 0,6456853039562702; 0,45982322096824646; 0,6152563910000026; 0,15283580217510462; 0,8734969682991505; 0,11385773727670312; 0,5418767109513283; 0,6729237241670489; 0,598010512534529; 0,6650243038311601
0,46098830110127187; 0,8856753660365939; 0,42046796064823866; 0,28967334795743227; 0,09384854789823294; 0,154127377551049; 0,3278296450152993; 0,3497970262542367; 0,4493922432884574; 0,9486933960579336; 0,7661420172080398
1,375755786636502; 0,9959159307181835; 0,8403782499954104; 0,782973418943584; 0,013839258812367916; 0,37071520928293467; 0,5632365909405053; 0,8735048943199217; 0,5410373574122787; 0,9239503722637892; 0,9942315402440727
2,155443872570914; 0,8128377497196198; 0,3181506139226258; 0,9853672101162374; 0,17479823622852564; 0,3041490875184536; 0,5620346125215292; 0,4780417876318097; 0,6701879161410034; 0,012970438692718744; 0,5007404629141092
1,797986200291178; 0,9872907940298319; 0,8650815519504249; 0,31070689391344786; 0,29506995948031545; 0,3067304929718375; 0,2358829933218658; 0,12526749493554235; 0,1493786289356649; 0,27642935467883945; 0,42216899478808045
1,950060054863723; 0,7561102611944079; 0,0392230162397027; 0,4228375758975744; 0,6053636446595192; 0,8501305435784161; 0,5268361172638834; 0,0737273097038269; 0,2522264658473432; 0,5381685495376587; 0,9831917518749833
1,5663081236130794; 0,08924912475049496; 0,8468018909916282; 0,48046531109139323; 0,07236743718385696; 0,7997998255304992; 0,3359172432683408; 0,8192118033766747; 0,9666679413057864; 0,775552780367434; 0,4051148849539459
1,4546511518489076; 0,03720227722078562; 0,2611767095513642; 0,8154504476115108; 0,1030392237007618; 0,13444337574765086; 0,5108491913415492; 0,3446986717171967; 0,26745760487392545; 0,18914446653798223; 0,5432099378667772
0,11607739627095415; 0,13659845106303692; 0,6516816574148834; 0,7890280452556908; 0,24006120953708887; 0,8730970057658851; 0,8614894733764231; 0,975535792298615; 0,3804672807455063; 0,6461269767023623; 0,17965464619919658
0,8938346092589258; 0,1949579012580216; 0,3855515350587666; 0,5103183193132281; 0,2514130841009319; 0,21419138181954622; 0,7874021669849753; 0,4152994737960398; 0,806487456895411; 0,3155420422554016; 0,0020402641966938972
1,287926132922138; 0,885521165560931; 0,5081738294102252; 0,9114196309819818; 0,7708405735902488; 0,6702276933938265; 0,5812382022850215; 0,9160429644398391; 0,5069796177558601; 0,5390750290825963; 0,49241538997739553
1,5435446215762627; 0,6064251977950335; 0,314105658326298; 0,8650657646358013; 0,8321773884817958; 0,727249922696501; 0,6388899604789913; 0,8441429687663913; 0,25036047771573067; 0,5761804291978478; 0,2599162794649601
-0,006342805331507162; 0,3340040175244212; 0,6624253955669701; 0,24999927962198853; 0,19737236807122827; 0,4260881054215133; 0,37944122264161706; 0,6309166080318391; 0,6443869438953698; 0,41329998848959804; 0,07004622044041753
0,4610850001597333; 0,6829126421362162; 0,7476016790606081; 0,6505778688006103; 0,7632412426173687; 0,9624628815799952; 0,36813734378665686; 0,6029914692044258; 0,2767739361152053; 0,6872240211814642; 0,005886094179004431
2,116382218724949; 0,46328800544142723; 0,8928808248601854; 0,1442928360775113; 0,16986413206905127; 0,5511372778564692; 0,962114489171654; 0,31680372497066855; 0,6057903948239982; 0,6781718768179417; 0,1966888182796538
0,7936873694494335; 0,7017415896989405; 0,5005142325535417; 0,7874347781762481; 0,17082052072510123; 0,6961566833779216; 0,24609832372516394; 0,3610358056612313; 0,6251938445493579; 0,6588609260506928; 0,5818462423048913
0,27416336543879416; 0,6800597002729774; 0,41577197751030326; 0,6046735397540033; 0,5632850248366594; 0,9898357070051134; 0,09273973945528269; 0,8267711154185236; 0,8478380646556616; 0,04403688758611679; 0,9505483671091497
-0,22425245395421062; 0,10237522749230266; 0,6129486248828471; 0,6507018520496786; 0,9241189360618591; 0,36346715269610286; 0,5691027543507516; 0,5822358247824013; 0,8772372370585799; 0,8626331831328571; 0,7844193847849965
-0,3600747931798602; 0,21284822514280677; 0,263412865344435; 0,19902930734679103; 0,5239678956568241; 0,3487150059081614; 0,38728928891941905; 0,8040458634495735; 0,36114110238850117; 0,1809590789489448; 0,3988991598598659
-0,20254047263482783; 0,02027811435982585; 0,7712505678646266; 0,4423131556250155; 0,8973963600583375; 0,4047236982733011; 0,15139312110841274; 0,5514283860102296; 0,7170211835764349; 0,06021701684221625; 0,14490380138158798
1,903747034277102; 0,9790842938236892; 0,2244250918738544; 0,39567373087629676; 0,5152579555287957; 0,32701628701761365; 0,9531757063232362; 0,7794068153016269; 0,4777322616428137; 0,572843593545258; 0,4916633786633611
0,3343465801599011; 0,507923704572022; 0,6137403706088662; 0,12505755247548223; 0,6893777325749397; 0,03725590975955129; 0,39569125697016716; 0,35298656625673175; 0,19615684309974313; 0,4654543111100793; 0,45039232540875673
0,37666480574748706; 0,7626900225877762; 0,2897567804902792; 0,4850863800384104; 0,411086939740926; 0,3399554272182286; 0,4376863301731646; 0,4721307563595474; 0,9672318231314421; 0,6034443471580744; 0,5423296452499926
1,1649812124253272; 0,12454912438988686; 0,04841065872460604; 0,3046633983030915; 0,46482403855770826; 0,48260825499892235; 0,3276573158800602; 0,9296376113779843; 0,4342522108927369; 0,4532856657169759; 0,17380507616326213
0,7693409940311635; 0,14579530991613865; 0,0760311409831047; 0,2006877507083118; 0,9225441552698612; 0,37282907450571656; 0,9827454765327275; 0,7965384931303561; 0,4712571455165744; 0,6710237846709788; 0,9712864467874169
1,769450858790344; 0,48964481987059116; 0,1555279791355133; 0,8018371700309217; 0,019504684954881668; 0,7030010358430445; 0,07009866321459413; 0,9601308815181255; 0,011002725455909967; 0,0592644982971251; 0,5650526527315378
-0,05521100031219106; 0,23768674908205867; 0,7152502937242389; 0,9015440121293068; 0,29915357241407037; 0,726433880161494; 0,858070271089673; 0,37668687338009477; 0,5302286501973867; 0,515121762175113; 0,03929633600637317
1,5420050931803118; 0,11763820238411427; 0,43865031050518155; 0,042101833038032055; 0,4770523551851511; 0,5332573307678103; 0,636653664521873; 0,5681684352457523; 0,9178909985348582; 0,4942473960109055; 0,007358033675700426
1,403719101907191; 0,04491210030391812; 0,21685960283502936; 0,4948907890357077; 0,4374080616980791; 0,6234001647680998; 0,5386867225170135; 0,4958006995730102; 0,87294438527897; 0,972430866677314; 0,2904263404197991
-0,1303674759050092; 0,32797652017325163; 0,2768275309354067; 0,21306881541386247; 0,71228270791471; 0,3375365645624697; 0,8802956463769078; 0,5462517980486155; 0,9872865159995854; 0,9242094429209828; 0,8302519610151649
1,0801277643806948; 0,899133856408298; 0,9292072551324964; 0,7762559205293655; 0,2836838620714843; 0,7624254417605698; 0,16823725495487452; 0,16015972616150975; 0,6098706079646945; 0,1767123923636973; 0,5402440503239632
0,14045268040979048; 0,6395114995539188; 0,2416972555220127; 0,972780198790133; 0,09712957823649049; 0,012777203228324652; 0,75245700776577; 0,47236576257273555; 0,5395174440927804; 0,635225682053715; 0,4173846794292331
0,49244135246184345; 0,45546605391427875; 0,06795658124610782; 0,2601892719976604; 0,8950508814305067; 0,3570322166197002; 0,4059984474442899; 0,9841954684816301; 0,05976323690265417; 0,406109887175262; 0,4887655167840421
1,5597527961741302; 0,15011712722480297; 0,3024460254237056; 0,6123179262503982; 0,11222432134673; 0,289453421253711; 0,4316913424991071; 0,953757350333035; 0,23644852358847857; 0,730164049193263; 0,8107360675930977
1,816794424930511; 0,4397305892780423; 0,4493691138923168; 0,6562634068541229; 0,019793430343270302; 0,8949343897402287; 0,8515006210654974; 0,46220955811440945; 0,9833293901756406; 0,8038909193128347; 0,795785354450345
0,9950194803409396; 0,15203367033973336; 0,030214736703783274; 0,5809437814168632; 0,6043921574018896; 0,8799548945389688; 0,024039693642407656; 0,3362559308297932; 0,02909100940451026; 0,7586692324839532; 0,9945643292739987
-0,22758500736861492; 0,06074255192652345; 0,611267242114991; 0,6188287739641964; 0,749824061524123; 0,8379968795925379; 0,6702112266793847; 0,41301968414336443; 0,4553561778739095; 0,583018509671092; 0,6576281492598355
0,3324199036889583; 0,10971957165747881; 0,9751964868046343; 0,41378671769052744; 0,07130955765023828; 0,7318239402957261; 0,4448888022452593; 0,46640565153211355; 0,43556278478354216; 0,07480985252186656; 0,26292399130761623
-0,29673917676724487; 0,025631669908761978; 0,3759527369402349; 0,28061482356861234; 0,45032893773168325; 0,04637795127928257; 0,5974207865074277; 0,42651219805702567; 0,34516221983358264; 0,6565562970936298; 0,7088057077489793
1,0742876175812297; 0,6502036023885012; 0,10540603939443827; 0,07205110602080822; 0,020525886211544275; 0,2499284828081727; 0,9837999930605292; 0,40505273966118693; 0,4200040390715003; 0,5550883617252111; 0,6540313861332834
-0,1502979195481205; 0,2988080708310008; 0,05335348751395941; 0,3154930220916867; 0,514519062358886; 0,2267527743242681; 0,4471751768141985; 0,011648823507130146; 0,2396357012912631; 0,39769567735493183; 0,7754489281214774
1,1328302790512277; 0,12487112823873758; 0,895680089481175; 0,9825540534220636; 0,13382186321541667; 0,5057558598928154; 0,2456048051826656; 0,5025185667909682; 0,6988234831951559; 0,9782339823432267; 0,22982646618038416
-0,020137018633652803; 0,5729408734478056; 0,06659651920199394; 0,5258996393531561; 0,07280281186103821; 0,8866202863864601; 0,5635779853910208; 0,11214183690026402; 0,08876633271574974; 0,22287206817418337; 0,6123225707560778
0,6133612776697137; 0,1693854033946991; 0,961543558165431; 0,7432731045410037; 0,169736847281456; 0,9037903528660536; 0,17207709606736898; 0,6675731064751744; 0,12448820238932967; 0,05856957845389843; 0,2939823204651475
0,6042958550707214; 0,8190841698087752; 0,23519960325211287; 0,7554632928222418; 0,5941693400964141; 0,2074160287156701; 0,7225204557180405; 0,2820885656401515; 0,0418171314522624; 0,9684632290154696; 0,9641749216243625
0,11780429920183083; 0,03801253018900752; 0,6507775005884469; 0,2199145471677184; 0,4359244969673455; 0,7439104723744094; 0,8254467900842428; 0,5343047450296581; 0,1367406458593905; 0,1059258016757667; 0,29208021191880107
2,136423713768806; 0,5130075984634459; 0,6641771653667092; 0,3683881196193397; 0,23355029430240393; 0,10167107917368412; 0,5489600035361946; 0,6546228411607444; 0,8230752688832581; 0,9394151084125042; 0,22303416673094034
1,6344155269742735; 0,20469264034181833; 0,30794978979974985; 0,3228385327383876; 0,6733626183122396; 0,6792519493028522; 0,2996708061546087; 0,19607546366751194; 0,5781866032630205; 0,1404462866485119; 0,837782736402005
0,9946208671355832; 0,45672071166336536; 0,7503591375425458; 0,25463492749258876; 0,3131315391510725; 0,4760048729367554; 0,019442548044025898; 0,23394351173192263; 0,12808504374697804; 0,5120802586898208; 0,3409200990572572
1,6826175572524242; 0,43856412172317505; 0,006066606380045414; 0,24286620132625103; 0,36463552387431264; 0,006482833065092564; 0,4294188395142555; 0,19253791077062488; 0,6662294613197446; 0,9286915571428835; 0,9469476137310266
0,5427786258573433; 0,5744928196072578; 0,28262266237288713; 0,31314079789444804; 0,9791976236738265; 0,9026009757071733; 0,37654687697067857; 0,49470883747562766; 0,8790099755860865; 0,5026192087680101; 0,79113390436396
0,020052546093073165; 0,6156860133633018; 0,2936697993427515; 0,5874583800323308; 0,3831163924187422; 0,07505676103755832; 0,21757268905639648; 0,7352791074663401; 0,2520464500412345; 0,891836391761899; 0,271924352273345
1,401129854320772; 0,13969261990860105; 0,3275370285846293; 0,7972269007004797; 0,4356110030785203; 0,3568136473186314; 0,7642048047855496; 0,7177545325830579; 0,9762552278116345; 0,3875230234116316; 0,7115820809267461
1,977445497762568; 0,9639245392754674; 0,3141125002875924; 0,5905826846137643; 0,43773900950327516; 0,5945601304993033; 0,5201956299133599; 0,5640495936386287; 0,6138920038938522; 0,674076687078923; 0,45387636590749025
0,14514423007454214; 0,7833007536828518; 0,08308816840872169; 0,23307213792577386; 0,7755275159142911; 0,23770978348329663; 0,009790162090212107; 0,4283552272245288; 0,927308616694063; 0,02034191135317087; 0,040645085740834475
1,7318466634235292; 0,13437556149438024; 0,9298134297132492; 0,2639835858717561; 0,45506656588986516; 0,3963465504348278; 0,7884000311605632; 0,15937949996441603; 0,6476934496313334; 0,4681179872713983; 0,10845229541882873
-0,03400338270719355; 0,3576176078058779; 0,5291850711219013; 0,2687040795572102; 0,258562705013901; 0,4926483491435647; 0,23543318454176188; 0,21809758711606264; 0,9901981982402503; 0,45095905428752303; 0,39421010110527277
2,676712694937535; 0,9778347802348435; 0,9149014218710363; 0,034368711058050394; 0,23324564145877957; 0,3576252064667642; 0,024174819234758615; 0,42794177401810884; 0,9698490672744811; 0,7829425907693803; 0,29802649142220616
1,1433578398258164; 0,29875719361007214; 0,9558328040875494; 0,29307927703484893; 0,3669002060778439; 0,792223624419421; 0,705719755962491; 0,7741280505433679; 0,9475827510468662; 0,2568162176758051; 0,6468218327499926
0,2648412578236865; 0,03557454328984022; 0,3617043290287256; 0,907154971268028; 0,9856703705154359; 0,1868214588612318; 0,7145958123728633; 0,5217573661357164; 0,873961528763175; 0,4253578819334507; 0,6474762782454491
0,5856737133283104; 0,6815510066226125; 0,6847413671202958; 0,878558034542948; 0,2990566841326654; 0,19739025505259633; 0,7719028489664197; 0,42853831872344017; 0,34310451755300164; 0,14248640276491642; 0,23283247603103518
0,2739746224458358; 0,9476477545686066; 0,03567640297114849; 0,8841739911586046; 0,056318395771086216; 0,2092548981308937; 0,17626747395843267; 0,02632401417940855; 0,3691644291393459; 0,9042564975097775; 0,2045068279840052
0,7303047770478336; 0,8528615436516702; 0,5390108367428184; 0,5208873404189944; 0,39690516190603375; 0,09252040553838015; 0,4837494120001793; 0,22349856980144978; 0,5059920432977378; 0,9223281666636467; 0,17984741972759366
1,7669229266429336; 0,6841357033699751; 0,41750088753178716; 0,41959021147340536; 0,09286258183419704; 0,6463404512032866; 0,7705568461678922; 0,9845711700618267; 0,7706991578452289; 0,8305854634381831; 0,03729185787960887
0,2593164263678635; 0,573310543783009; 0,19714640267193317; 0,9374024164862931; 0,7247336595319211; 0,035827284678816795; 0,9838668466545641; 0,8508687149733305; 0,13102765008807182; 0,4654370625503361; 0,4741652156226337
-0,3056728150614497; 0,20990087883546948; 0,3025991548784077; 0,05079359468072653; 0,3874164572916925; 0,717890415340662; 0,26318187825381756; 0,28583886474370956; 0,28032671520486474; 0,8041217681020498; 0,4419050347059965
0,08634687004157338; 0,36627088487148285; 0,0027202400378882885; 0,10581711959093809; 0,4365715100429952; 0,17255087615922093; 0,747024233918637; 0,07474959269165993; 0,39311467949301004; 0,1703439336270094; 0,44984131632372737
1,3234086192678272; 0,4663082845509052; 0,042208781000226736; 0,9878637860529125; 0,7836671359837055; 0,25634017027914524; 0,2329775718972087; 0,8856504079885781; 0,8490419602021575; 0,39617191907018423; 0,48656263714656234
0,6596103398469958; 0,31632076017558575; 0,37179039651528; 0,3996837488375604; 0,3756572464480996; 0,888661197386682; 0,8178494307212532; 0,23242993233725429; 0,011795977130532265; 0,10164992325007915; 0,24552390398457646
1,1848395542690127; 0,005322370678186417; 0,16430433746427298; 0,11682646675035357; 0,9683478339575231; 0,06706028524786234; 0,2684785509482026; 0,10832132631912827; 0,752497102599591; 0,5279798139818013; 0,10197561979293823
2,169167579324903; 0,8437439599074423; 0,04179232846945524; 0,7506433962844312; 0,00945296511054039; 0,1617776369675994; 0,7048704684711993; 0,14688407815992832; 0,4833440277725458; 0,0029236450791358948; 0,15543151460587978
2,1820261295905343; 0,8209703247994184; 0,2908771173097193; 0,7143567386083305; 0,760737722273916; 0,2890258962288499; 0,7073933994397521; 0,01140799093991518; 0,2412672103382647; 0,59894162369892; 0,564782936591655
1,4860633514765698; 0,8054726175032556; 0,9309147992171347; 0,8431880665011704; 0,9202921963296831; 0,7436226806603372; 0,8206483144313097; 0,8618353391066194; 0,9578750845976174; 0,7317791869863868; 0,8445064043626189
1,2880713058454336; 0,05335765378549695; 0,2606407832354307; 0,34355244459584355; 0,007888213265687227; 0,28174311853945255; 0,7569054397754371; 0,0569546353071928; 0,16808732179924846; 0,3823924115858972; 0,5183905870653689
0,47302580043328685; 0,18033308535814285; 0,23075593216344714; 0,47052345471456647; 0,32853290997445583; 0,1609753044322133; 0,5160241383127868; 0,3651509522460401; 0,8603075840510428; 0,34728186298161745; 0,050466358195990324
1,950868848403474; 0,5209329565986991; 0,6938981083221734; 0,8225383320823312; 0,5226348200812936; 0,8679022481665015; 0,4544354723766446; 0,15775252226740122; 0,9662757609039545; 0,37256273813545704; 0,5195070025511086
1,8661707235957432; 0,7437536008656025; 0,6520343227311969; 0,984295248053968; 0,5477707553654909; 0,026395275257527828; 0,9885884262621403; 0,8161134072579443; 0,5358538799919188; 0,5053390497341752; 0,8636674578301609
0,15140858276281305; 0,41486082412302494; 0,5595624027773738; 0,8798791188746691; 0,9620668846182525; 0,24309859378263354; 0,29556727735325694; 0,33439308032393456; 0,9508345643989742; 0,06685116328299046; 0,03440835885703564
1,695084924399345; 0,5451703574508429; 0,21245016902685165; 0,8116008443757892; 0,6937137879431248; 0,7237617042846978; 0,5901960786432028; 0,4438499892130494; 0,4763176874257624; 0,5109692863188684; 0,6769796907901764
1,3665116601429705; 0,8658295297063887; 0,859061487019062; 0,18263072334229946; 0,964896606747061; 0,0753416083753109; 0,5723196445032954; 0,7322141616605222; 0,3405136847868562; 0,037323066499084234; 0,5305344872176647
1,4342914539894114; 0,6819164301268756; 0,6544928285293281; 0,8728383425623178; 0,8181434674188495; 0,934632025193423; 0,18636522395536304; 0,387228493578732; 0,23733910266309977; 0,9456102456897497; 0,4420236246660352
1,1619183388190297; 0,09817422460764647; 0,21396595519036055; 0,3462098720483482; 0,41438948223367333; 0,48711026599630713; 0,47546926978975534; 0,16366762481629848; 0,9076688443310559; 0,058960980735719204; 0,710174985229969
0,8802426426326919; 0,6749563436023891; 0,634652579203248; 0,42638986045494676; 0,6604785490781069; 0,2958584548905492; 0,17224866058677435; 0,4979835762642324; 0,4983733887784183; 0,869159696623683; 0,1897167731076479
1,425312773280226; 0,5648670620284975; 0,2732714298181236; 0,5717270649038255; 0,16133370669558644; 0,3773518493399024; 0,5524346707388759; 0,9839583081193268; 0,7333094268105924; 0,04141696821898222; 0,8936751950532198
-0,31738852054863537; 0,22835852997377515; 0,31616631522774696; 0,5384760382585227; 0,3239124771207571; 0,7682297830469906; 0,09272287786006927; 0,3267546948045492; 0,36786763928830624; 0,8076056675054133; 0,23656332539394498
0,23070343468951815; 0,37444361858069897; 0,39201986975967884; 0,324812104459852; 0,08493696385994554; 0,5885881362482905; 0,15663944045081735; 0,29806150402873755; 0,6698459540493786; 0,3188454336486757; 0,7043391116894782
1,654428693341595; 0,5906063308939338; 0,8947079363279045; 0,29661036701872945; 0,5151751572266221; 0,6055347612127662; 0,13312040036544204; 0,1114138956181705; 0,5462625133804977; 0,20290765771642327; 0,6915762308053672
1,051944848669006; 0,5011144573800266; 0,7042620154097676; 0,03140794998034835; 0,882676983717829; 0,16110001923516393; 0,7833334286697209; 0,5706748468801379; 0,7941116862930357; 0,04880170337855816; 0,5006565186195076
0,2325204054663293; 0,6871666591614485; 0,1993249338120222; 0,7993648136034608; 0,08356453664600849; 0,9152112291194499; 0,9331501419655979; 0,23420897359028459; 0,047935694456100464; 0,7421428509987891; 0,2677870518527925
2,6682849563717923; 0,8403295506723225; 0,9664033954031765; 0,6341724856756628; 0,5408335761167109; 0,6364962048828602; 0,39412943506613374; 0,05788861960172653; 0,1445760875940323; 0,048959574196487665; 0,27127019176259637
2,3057497327980045; 0,7712331479415298; 0,9643211960792542; 0,7498770235106349; 0,4608176085166633; 0,7984354654327035; 0,8307405132800341; 0,8314620703458786; 0,3777160942554474; 0,6173103279434144; 0,06794675206765532
0,04311683883931276; 0,06703430600464344; 0,880609373562038; 0,24554923409596086; 0,03181435214355588; 0,3168614595197141; 0,8008213238790631; 0,06455621076747775; 0,24780140817165375; 0,5015373188070953; 0,35053537553176284
0,15573141416991404; 0,4964480879716575; 0,2440013298764825; 0,6026695319451392; 0,14925199979916215; 0,8794381790794432; 0,4068099008873105; 0,7181005268357694; 0,22811063518747687; 0,798129971139133; 0,5067099859006703
2,1590340940800408; 0,6133342487737536; 0,5541497278027236; 0,8169581680558622; 0,9271392705850303; 0,4143687076866627; 0,006568673066794872; 0,9420031616464257; 0,8541742488741875; 0,06639274675399065; 0,38970073917880654
0,21336146565442532; 0,6712882947176695; 0,15915608638897538; 0,7510219113901258; 0,7209904850460589; 0,8683025231584907; 0,02167052635923028; 0,8276357143186033; 0,9874864970333874; 0,4160743849352002; 0,05839750077575445
1,5700121720659643; 0,138570508453995; 0,5010240403935313; 0,9549880120903254; 0,38288957439363003; 0,5441766697913408; 0,07203501835465431; 0,21458638785406947; 0,4874365418218076; 0,5555706839077175; 0,10847258055582643
0,20364519517780538; 0,3299153405241668; 0,424392927903682; 0,17906451411545277; 0,07009469391778111; 0,9369724481366575; 0,6645884877070785; 0,24221365060657263; 0,6352944090031087; 0,6526238117367029; 0,12226964859291911
0,06359931836991872; 0,1749716578051448; 0,6050413707271218; 0,6799480416812003; 0,850245104636997; 0,6350461947731674; 0,15275045577436686; 0,00665908632799983; 0,5811628415249288; 0,6464498122222722; 0,34250154672190547
2,056262578305421; 0,9570302618667483; 0,34815432550385594; 0,07014083676040173; 0,2150744772516191; 0,2402374716475606; 0,38229382829740644; 0,8335186610929668; 0,6087373741902411; 0,6560903466306627; 0,21355251781642437
0,8774383900276383; 0,9130931776016951; 0,7600006638094783; 0,7860541534610093; 0,6444387091323733; 0,3050599810667336; 0,9612571434117854; 0,9138696421869099; 0,5082138027064502; 0,05772329634055495; 0,37143650418147445
1,2562829117651089; 0,177566631231457; 0,48966640746220946; 0,2696063402108848; 0,6574345151893795; 0,17456225957721472; 0,5291927033104002; 0,8916300497949123; 0,13207787042483687; 0,5516123506240547; 0,7632294367067516
1,4876592927611534; 0,16076534194871783; 0,4624117254279554; 0,28839290933683515; 0,5757549977861345; 0,5156834344379604; 0,9686700152233243; 0,12193249305710196; 0,6583825820125639; 0,20190922170877457; 0,07611063867807388
1,1845683207855042; 0,7318678977899253; 0,30152380373328924; 0,9868902955204248; 0,1951700672507286; 0,34090568497776985; 0,6208879975602031; 0,2702804757282138; 0,7541541159152985; 0,7340789982117712; 0,6883044536225498
-0,053793485650486195; 0,4883886529132724; 0,23687725933268666; 0,8842631140723825; 0,9677363764494658; 0,701912718359381; 0,5696975965984166; 0,5394347859546542; 0,5671240547671914; 0,655305830296129; 0,5415765377692878
0,11982222146530308; 0,7650585887022316; 0,16910807183012366; 0,6162734678946435; 0,19079640926793218; 0,14110641414299607; 0,35739406663924456; 0,9016039157286286; 0,09234019881114364; 0,804719720967114; 0,39742455910891294
1,3754581236965104; 0,9998436039313674; 0,9551799739710987; 0,16697359224781394; 0,6382942199707031; 0,9482975788414478; 0,19874768937006593; 0,9326648879796267; 0,46577613428235054; 0,598083273973316; 0,6397453541867435
0,18130949033094668; 0,331801216583699; 0,7910856888629496; 0,5516907945275307; 0,11186470463871956; 0,8081837273202837; 0,12970549380406737; 0,44340658420696855; 0,4588535875082016; 0,5720530170947313; 0,06953325867652893
2,151962147414421; 0,4761776910163462; 0,7116964110173285; 0,7101002903655171; 0,7579251010902226; 0,549096557777375; 0,7166858077980578; 0,29398971796035767; 0,7019900814630091; 0,7015439951792359; 0,7513199830427766
1,069216818064063; 0,6093822880648077; 0,5129915890283883; 0,947795435320586; 0,5255964356474578; 0,10059858532622457; 0,0072943721897900105; 0,8998720976524055; 0,04237929871305823; 0,08068052167072892; 0,8938412233255804
0,39414290064852353; 0,9521306245587766; 0,20048007927834988; 0,10960139753296971; 0,4319597710855305; 0,42001661332324147; 0,7978277173824608; 0,6558921560645103; 0,4371111998334527; 0,2053375351242721; 0,04271845147013664
0,7770979552176533; 0,912225604057312; 0,6995072700083256; 0,05563728045672178; 0,47415243135765195; 0,6748168133199215; 0,5378837622702122; 0,4668925302103162; 0,12065863469615579; 0,7102437084540725; 0,6699131107889116
1,8837491739331658; 0,9359453711658716; 0,916558685246855; 0,7932195761241019; 0,6068218578584492; 0,640878020785749; 0,3280847487039864; 0,10602997383102775; 0,2706514885649085; 0,39792641159147024; 0,8613201137632132
0,7456083165283025; 0,8802594630979002; 0,9308474049903452; 0,4923350247554481; 0,3500603991560638; 0,4866959685459733; 0,9463742296211421; 0,75059510814026; 0,45495869731530547; 0,7833153321407735; 0,0887873275205493
1,026958610740562; 0,931273678317666; 0,35462049720808864; 0,6578594506718218; 0,41092590196058154; 0,7230408568866551; 0,6310666925273836; 0,2611018246971071; 0,725031849462539; 0,7825775309465826; 0,022064409218728542
