 y; x1; x2; x3; x4; x5; x6; x7; x8; x9; x10
-0,7664789423278334; 0,9468984911218286; 0,23913445137441158; 0,8352719033136964; 0,18573670787736773; 0,8852886245585978; 0,379960379563272; 0,09348518028855324; 0,35803304286673665; 0,6671314933337271; 0,8845090181566775
0,9833955067684457; 0,5031119366176426; 0,6057983385398984; 0,46957562398165464; 0,889477941673249; 0,23897223034873605; 0,045954686123877764; 0,7651385134086013; 0,5255993185564876; 0,8152226055972278; 0,7777551496401429
0,9891762638843652; 0,018693932332098484; 0,9326959988102317; 0,6732400520704687; 0,7417334164492786; 0,9429913847707212; 0,211738764308393; 0,3150037955492735; 0,9884013454429805; 0,20213732356205583; 0,6291219224222004
0,8050500201269214; 0,8142061932012439; 0,07173280790448189; 0,8555860528722405; 0,042154562659561634; 0,6465293727815151; 0,3691964754834771; 0,7261155396699905; 0,8997562704607844; 0,33571183774620295; 0,08779133623465896
-0,4352499068548955; 0,7289658216759562; 0,9334206054918468; 0,20083319069817662; 0,9345176978968084; 0,7265589414164424; 0,947149767074734; 0,5547187910415232; 0,5209955424070358; 0,7608279888518155; 0,9523471798747778
0,045356373637228005; 0,4266148223541677; 0,09237215435132384; 0,9743961947970092; 0,3831502120010555; 0,7341386103071272; 0,5037164613604546; 0,9094792543910444; 0,23084008367732167; 0,018665330484509468; 0,09898970974609256
0,9995492501060067; 0,42965971725061536; 0,5847236164845526; 0,6652167784050107; 0,03374158963561058; 0,5807917253114283; 0,5140986382029951; 0,4572070250287652; 0,406090653501451; 0,5218540010973811; 0,8510882179252803
-0,616017549072814; 0,9449820076115429; 0,22901383321732283; 0,4988810298964381; 0,6322962041012943; 0,012406036257743835; 0,24033122835680842; 0,9674733486026525; 0,6501028263010085; 0,7987865535542369; 0,7585920551791787
-0,7775434548511206; 0,34229453234001994; 0,598122910130769; 0,7478300207294524; 0,8932846686802804; 0,7137445732951164; 0,8532553873956203; 0,9194381791166961; 0,4852054510265589; 0,4580033551901579; 0,8494116733781993
0,2698468402831662; 0,1938044955022633; 0,992209573276341; 0,46142094396054745; 0,21272760583087802; 0,9352979604154825; 0,10561868594959378; 0,5700048999860883; 0,048915339168161154; 0,6172986999154091; 0,7960059717297554
-0,458196234251442; 0,01698610046878457; 0,14556936919689178; 0,506501168012619; 0,4492143150418997; 0,7497650603763759; 0,7303394917398691; 0,41772900335490704; 0,8913003229536116; 0,8679975704289973; 0,8515495550818741
0,988546254755053; 0,19400083180516958; 0,7111836634576321; 0,753514367621392; 0,8791364557109773; 0,5060123880393803; 0,7173238550312817; 0,27045934461057186; 0,8597986060194671; 0,048728784546256065; 0,6804531244561076
0,3609497505917582; 0,04778289794921875; 0,055498114321380854; 0,7866373639553785; 0,9649085151031613; 0,15599989611655474; 0,5058991378173232; 0,2525289664044976; 0,58794946083799; 0,800426603294909; 0,348264395724982
0,3616070639575543; 0,20714004384353757; 0,741523262578994; 0,2173840212635696; 0,3132576080970466; 0,36011606315150857; 0,2588667515665293; 0,27811279986053705; 0,6090486780740321; 0,2598491897806525; 0,15652421535924077
0,9992490019856035; 0,98735984088853; 0,1955554923042655; 0,35223731957376003; 0,9858197658322752; 0,11559420498088002; 0,31519806012511253; 0,419614942278713; 0,38387246849015355; 0,761054034344852; 0,07905728137120605
0,9950740404830289; 0,12681143078953028; 0,4091898496262729; 0,0353109547868371; 0,9531763852573931; 0,3763136137276888; 0,04945301404222846; 0,33555459696799517; 0,7343092476949096; 0,4171629687771201; 0,12780429422855377
0,862318906444708; 0,25800245348364115; 0,14098305441439152; 0,09141160687431693; 0,5353679140098393; 0,6629509748890996; 0,216898656450212; 0,0889145047403872; 0,9406738835386932; 0,8800365789793432; 0,8850516211241484
0,9580388293479647; 0,9279998820275068; 0,6141202645376325; 0,17705107247456908; 0,3526478395797312; 0,24028297793120146; 0,0917587773874402; 0,638103106059134; 0,7518499949947; 0,8970596138387918; 0,1177667174488306
0,9928469948699095; 0,4131617732346058; 0,37637899443507195; 0,6626083627343178; 0,5980469901114702; 0,8371862475760281; 0,39557958533987403; 0,784501469694078; 0,6104289190843701; 0,7694092448800802; 0,5209555709734559
-0,42001883817278557; 0,8959484035149217; 0,313045094255358; 0,33141535287722945; 0,23102451488375664; 0,22076554922387004; 0,45756838377565145; 0,6134462272748351; 0,5208657756447792; 0,6111028273589909; 0,9399778773076832
0,8462577336223713; 0,23091161344200373; 0,02285281987860799; 0,06390679022297263; 0,9492625361308455; 0,1327655236236751; 0,9085768116638064; 0,09627619246020913; 0,9871562598273158; 0,2336847553960979; 0,06852213013917208
0,8828479232309241; 0,1422119438648224; 0,4169727498665452; 0,7807203005068004; 0,5089038298465312; 0,9035621699877083; 0,47511560609564185; 0,328509253449738; 0,9210699256509542; 0,44850037107244134; 0,009402333293110132
0,872737372322087; 0,6195346442982554; 0,17200086871162057; 0,8493908406235278; 0,6088501024059951; 0,7910188385285437; 0,6488050776533782; 0,9465543502010405; 0,5203631981275976; 0,3118114429526031; 0,16057202871888876
0,9314758340764672; 0,3130712076090276; 0,3751969449222088; 0,7225402854382992; 0,28880936931818724; 0,1984157580882311; 0,2090036291629076; 0,30544139025732875; 0,49081127624958754; 0,07823242619633675; 0,17043607542291284
0,9300971623671825; 0,9339141603559256; 0,7366427835077047; 0,5700277872383595; 0,7186918752267957; 0,9975100485607982; 0,902967281639576; 0,1113949571736157; 0,2916360250674188; 0,3218060131184757; 0,9492486896924675
0,8469279707263445; 0,8034681743010879; 0,7590919816866517; 0,6187832653522491; 0,3834182331338525; 0,18509299540892243; 0,44818473421037197; 0,6627546758390963; 0,9659194033592939; 0,7932163872756064; 0,3471605284139514
0,950092988136995; 0,6361834383569658; 0,4049962409771979; 0,176307104062289; 0,5361379506066442; 0,8029569797217846; 0,7715023118071258; 0,9772817208431661; 0,44270479679107666; 0,788438412360847; 0,023402811028063297
0,9526908398897178; 0,5244991290383041; 0,3675706973299384; 0,18535362416878343; 0,776226504240185; 0,42481807619333267; 0,9830464851111174; 0,3076176946051419; 0,2470053411088884; 0,3304080553352833; 0,9100406067445874
0,6086827669017904; 0,6531206555664539; 0,26568647008389235; 0,7366256420500576; 0,5863955649547279; 0,6496313787065446; 0,7581224488094449; 0,8959413007833064; 0,5079970010556281; 0,32998915389180183; 0,20920403162017465
0,9995595207590396; 0,19753661938011646; 0,8154919720254838; 0,3335211919620633; 0,0761812455020845; 0,6825213609263301; 0,3717409837990999; 0,0282448073849082; 0,0674654096364975; 0,4506497671827674; 0,49679094273597
0,9481673758929063; 0,6274433583021164; 0,6037820866331458; 0,023719041142612696; 0,08073099609464407; 0,709675619378686; 0,6469564116559923; 0,1894980138167739; 0,4497088473290205; 0,6766944658011198; 0,9943288988433778
0,9453092137196812; 0,8462115772999823; 0,6640837695449591; 0,8496185969561338; 0,2701014783233404; 0,5928558157756925; 0,2119745947420597; 0,9210814670659602; 0,5213574478402734; 0,22361266426742077; 0,0660401713103056
-0,025365816341491983; 0,6421232633292675; 0,6107412106357515; 0,31549871899187565; 0,001672255340963602; 0,7080059512518346; 0,892578091006726; 0,5702943834476173; 0,9892877480015159; 0,7156086270697415; 0,678422779776156
0,48871184121545075; 0,7918218742124736; 0,22543584601953626; 0,12362720957025886; 0,8559927442111075; 0,7121340609155595; 0,24315815512090921; 0,0701507618650794; 0,8502173679880798; 0,11515810852870345; 0,8725781142711639
-0,8670888764022715; 0,39497736608609557; 0,5141428080387414; 0,27397181233391166; 0,5768293300643563; 0,12058169627562165; 0,42117925314232707; 0,20528407534584403; 0,9936422491446137; 0,0738086337223649; 0,9217206463217735
0,9977377662947889; 0,7065109661780298; 0,6921890596859157; 0,539420731831342; 0,8074541022069752; 0,5783045561984181; 0,7440367988310754; 0,5568643547594547; 0,9145535221323371; 0,12796763516962528; 0,3412486994639039
-0,7086729910824708; 0,6734305894933641; 0,27638851338997483; 0,46028652926906943; 0,7603691914118826; 0,2532044821418822; 0,04859642265364528; 0,8234705179929733; 0,1753981364890933; 0,9881355706602335; 0,46303137950599194
0,956548711309704; 0,8255115519277751; 0,7872754400596023; 0,5299760079942644; 0,7219416205771267; 0,8056628885678947; 0,31731305038556457; 0,7011083043180406; 0,5109784975647926; 0,6978100039996207; 0,22067363280802965
0,9132860503286215; 0,3311082813888788; 0,6760387076064944; 0,009612863883376122; 0,7902028453536332; 0,5111195705831051; 0,6605377178639174; 0,020146071445196867; 0,6021092911250889; 0,8648661775514483; 0,7028540237806737
0,9947264539798437; 0,9564027185551822; 0,4408680801279843; 0,5768695496954024; 0,31810800451785326; 0,07245179079473019; 0,52388945966959; 0,47079673409461975; 0,3357153539545834; 0,15070713078603148; 0,3011310682632029
0,7727172214150627; 0,02266442636027932; 0,8570926859974861; 0,3498113350942731; 0,6368176122196019; 0,8009573062881827; 0,27149762585759163; 0,4604342672973871; 0,8969203443266451; 0,45818336214870214; 0,2167150736786425
0,9776202654662776; 0,7304872330278158; 0,7306888923048973; 0,5718608712777495; 0,440938888117671; 0,7612642669118941; 0,04417463252320886; 0,6966734505258501; 0,7820691377855837; 0,10834566876292229; 0,40909071499481797
0,6441665724538018; 0,07469893479719758; 0,46571778785437346; 0,5358816795051098; 0,19320682529360056; 0,8486452419310808; 0,39446702087298036; 0,5642789783887565; 0,06846378836780787; 0,8109971238300204; 0,4592215376906097
-0,2641623344877083; 0,2519152737222612; 0,40384315187111497; 0,27275444054976106; 0,30081501696258783; 0,8787280260585248; 0,5819856002926826; 0,2854508738964796; 0,08584256656467915; 0,3427886627614498; 0,16528675938025117
0,9971313173199838; 0,9722874513827264; 0,14062018785625696; 0,447583151049912; 0,8503746776841581; 0,12193461554124951; 0,7555552902631462; 0,083336366340518; 0,36160386400297284; 0,9798869397491217; 0,3536127614788711
0,4913041182033913; 0,8873774143867195; 0,18316792184486985; 0,10545562580227852; 0,4530700473114848; 0,7860325365327299; 0,7751050619408488; 0,1423198995180428; 0,7039182903245091; 0,7124902177602053; 0,10908464342355728
-0,5388322733416784; 0,2783591104671359; 0,4246066464111209; 0,9545438997447491; 0,5352966119535267; 0,852783010341227; 0,18413129542022943; 0,23641915153712034; 0,9916274836286902; 0,35093729896470904; 0,4300365732051432
-0,2533328326710674; 0,4891570811159909; 0,3580072792246938; 0,7290993425995111; 0,3844367987476289; 0,8313770326785743; 0,7380625074729323; 0,21029780292883515; 0,01593052688986063; 0,4716282021254301; 0,28192546777427197
0,5265956450912298; 0,8003295408561826; 0,4120694864541292; 0,958459063898772; 0,8729252759367228; 0,005509813781827688; 0,5136794187128544; 0,6028120657429099; 0,5157751943916082; 0,8030350003391504; 0,298448589630425
0,9964740875600175; 0,3437880128622055; 0,5722631248645484; 0,7583194435574114; 0,7155879535712302; 0,9866830669343472; 0,5672028535045683; 0,35580480797216296; 0,4188617025502026; 0,1796404174529016; 0,11471897503361106
-0,6655467820800898; 0,9631925979629159; 0,2860785275697708; 0,513102422002703; 0,430175859015435; 0,029436537064611912; 0,6780663067474961; 0,9801044766791165; 0,5846617743372917; 0,8528271592222154; 0,846733583137393
0,94607446752091; 0,38507745089009404; 0,5816886583343148; 0,8515257234685123; 0,11223266646265984; 0,8655159049667418; 0,018576566129922867; 0,19040316715836525; 0,964815404266119; 0,7254668339155614; 0,7111578020267189
0,9981641407013219; 0,45474261697381735; 0,4519112268462777; 0,04294287879019976; 0,8113690996542573; 0,9175306959077716; 0,10548507422208786; 0,8883103486150503; 0,5142832142300904; 0,44895531982183456; 0,3767574904486537
0,9490497462239605; 0,7570583717897534; 0,008316516410559416; 0,01629009237512946; 0,9914516438730061; 0,28580821957439184; 0,2626720704138279; 0,10544471209868789; 0,5996287679299712; 0,521102371159941; 0,20790024381130934
0,9908540121338311; 0,8644210398197174; 0,30643509700894356; 0,9887518701143563; 0,055892575066536665; 0,527720701880753; 0,3654622435569763; 0,33651734981685877; 0,18309043487533927; 0,4224326154217124; 0,27723308419808745
0,851170928308987; 0,13175320159643888; 0,9635833012871444; 0,7445114655420184; 0,23866982152685523; 0,7882312894798815; 0,3312996979802847; 0,16152742551639676; 0,8674182165414095; 0,3572949627414346; 0,5587129583582282
-0,8162691570680481; 0,411585767287761; 0,8086265283636749; 0,15975304041057825; 0,5983391725458205; 0,111569092143327; 0,7636195365339518; 0,7735484503209591; 0,2220580973662436; 0,3569913301616907; 0,49108517076820135
0,9563105009625609; 0,5015740389935672; 0,492740080691874; 0,231563039124012; 0,9735723482444882; 0,25338134774938226; 0,12133916141465306; 0,09729571035131812; 0,0019782199524343014; 0,6728056529536843; 0,19961306918412447
-0,1593287154104324; 0,411417945753783; 0,3943880810402334; 0,18139061331748962; 0,8250643420033157; 0,18707467056810856; 0,992960779927671; 0,6753490357659757; 0,7691918346099555; 0,7890985221602023; 0,6257372596301138
-0,5520932837111706; 0,06261438643559813; 0,6070581171661615; 0,26294652046635747; 0,382017542142421; 0,28955043526366353; 0,5659882538020611; 0,31934615038335323; 0,4297358253970742; 0,8534032916650176; 0,43337429873645306
0,009187400610351398; 0,22752969432622194; 0,2973209833726287; 0,32178036868572235; 0,6933960267342627; 0,4430348752066493; 0,8320408104918897; 0,5298670651391149; 0,14335328992456198; 0,004433072172105312; 0,816178638022393
0,6567735497808714; 0,48450503358617425; 0,806159804109484; 0,853074318729341; 0,5092783854342997; 0,7284594159573317; 0,4618036560714245; 0,704009688924998; 0,2121700425632298; 0,4334055781364441; 0,8726616008207202
0,8692676529813856; 0,6481950478628278; 0,0826070080511272; 0,9042621590197086; 0,05839937599375844; 0,1670654872432351; 0,07430233247578144; 0,10056784749031067; 0,5539363375864923; 0,5055038346908987; 0,7208165135234594
0,1399928253464096; 0,34110373817384243; 0,6769264973700047; 0,41209842171519995; 0,9142035776749253; 0,1601654845289886; 0,8664251752197742; 0,306206195615232; 0,9228276186622679; 0,752997325733304; 0,4295253776945174
0,6169275115425397; 0,24608341930434108; 0,131531179882586; 0,7616844079457223; 0,022678535897284746; 0,755371720995754; 0,5027714688330889; 0,6859396263025701; 0,8445683615282178; 0,09669044194743037; 0,20441908342763782
0,6703766372331479; 0,33699365658685565; 0,1329807792790234; 0,24398068524897099; 0,6749811335466802; 0,8253744407556951; 0,6562577174045146; 0,23343086754903197; 0,7948578912764788; 0,27082795929163694; 0,9099679989740252
0,7282403845789573; 0,7582363011315465; 0,8359603546559811; 0,20481032272800803; 0,25642412481829524; 0,3616222459822893; 0,5066590653732419; 0,7774342237971723; 0,6869843960739672; 0,4091740804724395; 0,2907345676794648
0,8380852959713876; 0,6364619028754532; 0,991266842931509; 0,4136805213056505; 0,30481757828965783; 0,5797527399845421; 0,4571244507096708; 0,1641416079364717; 0,1297191665507853; 0,8827106696553528; 0,6461142972111702
0,9906808149596551; 0,6488099182024598; 0,17806697124615312; 0,030690187588334084; 0,6244725314900279; 0,983908420894295; 0,47496384009718895; 0,6442660177126527; 0,8132808939553797; 0,12600771198049188; 0,8779747989028692
0,016802522014952533; 0,19160898635163903; 0,4731259783729911; 0,2860114495269954; 0,744801645167172; 0,893426597584039; 0,4194920063018799; 0,8888609576970339; 0,024714581202715635; 0,36872038897126913; 0,17117747757583857
0,05316603473459413; 0,6718277079053223; 0,19424912007525563; 0,2971050916239619; 0,953749306499958; 0,7213808447122574; 0,3537332993000746; 0,4300471283495426; 0,866654371842742; 0,0272293109446764; 0,18068806361407042
0,9999859866900488; 0,9844988519325852; 0,7875430700369179; 0,041600095108151436; 0,15747515903785825; 0,5783036388456821; 0,7455524425022304; 0,5241158157587051; 0,17773581203073263; 0,8981101233512163; 0,7436246341094375
0,9070762185374964; 0,3562890817411244; 0,4622870311141014; 0,7787935081869364; 0,5320885069668293; 0,4878093539737165; 0,787225688342005; 0,9646099172532558; 0,7828260390087962; 0,7359163919463754; 0,2848606361076236
0,9716962598202261; 0,23059384059160948; 0,7844404820352793; 0,3633182686753571; 0,4404359529726207; 0,04357200674712658; 0,29317788081243634; 0,016253123991191387; 0,46414346573874354; 0,25203307066112757; 0,39860685588791966
0,9453413274077189; 0,16891526896506548; 0,8040048382245004; 0,647781920619309; 0,602208455093205; 0,25757981883361936; 0,09135242365300655; 0,10528422333300114; 0,8231753609143198; 0,0842078966088593; 0,08238434139639139
-0,7729694005382852; 0,5668961866758764; 0,6187044442631304; 0,9950839248485863; 0,32461391435936093; 0,7635227618739009; 0,27637550281360745; 0,3393984381109476; 0,7901797299273312; 0,7211913680657744; 0,9814729294739664
-0,8547283268762582; 0,7319968505762517; 0,22434347867965698; 0,49726572213694453; 0,5410541105084121; 0,06773088406771421; 0,3629994438961148; 0,2726308312267065; 0,8592882589437068; 0,49009607871994376; 0,3043731050565839
0,9671916013082142; 0,31320710899308324; 0,3490067971870303; 0,5726698855869472; 0,5207124119624496; 0,656174398958683; 0,2311643846333027; 0,47663065139204264; 0,5855098478496075; 0,9149535982869565; 0,7381414561532438
0,3316438310442723; 0,8947778367437422; 0,43628542870283127; 0,3379243849776685; 0,3663879609666765; 0,2264339467510581; 0,8305104682222009; 0,577796486672014; 0,577869881875813; 0,08600478759035468; 0,12503146147355437
0,900180682195756; 0,8825041297823191; 0,03448297968134284; 0,23690764652565122; 0,05433835042640567; 0,7028530463576317; 0,14320538425818086; 0,21792066609486938; 0,4514840985648334; 0,6946382522583008; 0,8663936764933169
0,9719101520940886; 0,6495369304902852; 0,4638305944390595; 0,350604479201138; 0,8565397779457271; 0,23637710697948933; 0,6502126008272171; 0,9662732509896159; 0,11119949631392956; 0,22460620338097215; 0,23689692839980125
0,8465047110216295; 0,15470192721113563; 0,5264000287279487; 0,2506812484934926; 0,33851583441719413; 0,6469201776199043; 0,20310449739918113; 0,0932090301066637; 0,030016272328794003; 0,2736527305096388; 0,5018017678521574
0,8320092198894398; 0,45009353291243315; 0,05376027198508382; 0,22723538614809513; 0,042235012631863356; 0,7028240519575775; 0,6519607030786574; 0,9896457879804075; 0,5338809476234019; 0,34629197185859084; 0,7890283530578017
-0,7460430035686143; 0,9999327268451452; 0,08550840010866523; 0,47486652666702867; 0,3684398694895208; 0,48901453660801053; 0,4643281144089997; 0,5366794485598803; 0,2788854390382767; 0,7338330261409283; 0,2389793386682868
0,8615413817752507; 0,6650686715729535; 0,7695600842125714; 0,6146873030811548; 0,8041779771447182; 0,41303284280002117; 0,63442064775154; 0,872623726259917; 0,9037899617105722; 0,41903948737308383; 0,51135219540447
0,9551611382813013; 0,49357792222872376; 0,43041719822213054; 0,20477471826598048; 0,5347780594602227; 0,18704087939113379; 0,24336166214197874; 0,4203066914342344; 0,8533857627771795; 0,9843716165050864; 0,638484894298017
-0,1104088826458672; 0,006011649034917355; 0,3806940629146993; 0,3934159097261727; 0,35565289994701743; 0,08249451220035553; 0,8670562203042209; 0,057365537621080875; 0,20733847981318831; 0,8205492962151766; 0,7098059286363423
0,6823746273293763; 0,7752836016006768; 0,32390507124364376; 0,9860318917781115; 0,9041938856244087; 0,905817735940218; 0,9357189992442727; 0,46410089218989015; 0,35391654493287206; 0,6283853040076792; 0,08540518628433347
0,7026743512150874; 0,09608978452160954; 0,5653235027566552; 0,8709288467653096; 0,13768297107890248; 0,9406272321939468; 0,6580989337526262; 0,8728085593320429; 0,01981175085529685; 0,5736664584837854; 0,9476986601948738
0,8768085295601211; 0,6864864509552717; 0,22329466650262475; 0,46017483389005065; 0,39567556558176875; 0,1530709220096469; 0,3194462554529309; 0,3287400486879051; 0,4048359193839133; 0,23793843109160662; 0,33423070004209876
-0,2560772772658629; 0,26501935068517923; 0,24846620624884963; 0,30959883891046047; 0,6059622024185956; 0,10178590845316648; 0,9986580945551395; 0,7475086976774037; 0,14970955532044172; 0,2815486597828567; 0,9626585063524544
-0,6059402249308187; 0,6782506825402379; 0,0649758093059063; 0,7692875508219004; 0,7060143416747451; 0,08615182526409626; 0,08067917637526989; 0,31312449323013425; 0,054980866611003876; 0,4068166986107826; 0,2761567826382816
-0,48863207318312857; 0,31603447115048766; 0,7799728703685105; 0,5305985296145082; 0,31298296991735697; 0,2363499035127461; 0,5972052505239844; 0,704765806440264; 0,09738449845463037; 0,1843798621557653; 0,6438194392248988
0,8646524831883111; 0,30108068231493235; 0,1409138930030167; 0,59259481029585; 0,7207869961857796; 0,4129958846606314; 0,8532284907996655; 0,9324590871110559; 0,4857595590874553; 0,771738582290709; 0,4618400502949953
0,8611625629380043; 0,2063161451369524; 0,612461790908128; 0,8647026545368135; 0,44914744468405843; 0,8106075539253652; 0,003313805442303419; 0,20523070264607668; 0,6143720271065831; 0,30378665402531624; 0,5223251492716372
0,8202900183865177; 0,9989472567103803; 0,35051566176116467; 0,2017736379057169; 0,05816421238705516; 0,15796455834060907; 0,6696510813198984; 0,6357213547453284; 0,7011880902573466; 0,10046240780502558; 0,7540052281692624
0,9419338026693099; 0,5897929393686354; 0,17686320282518864; 0,5407029245980084; 0,47454349836334586; 0,04163900576531887; 0,06917311530560255; 0,7735387180000544; 0,38548336550593376; 0,1821176647208631; 0,5789073584601283
0,9959564436375139; 0,4017278254032135; 0,48510583536699414; 0,6620978084392846; 0,6500864150002599; 0,4861491830088198; 0,49785970197990537; 0,1824270156212151; 0,9085837081074715; 0,21527120377868414; 0,8293917155824602
0,8886160865213729; 0,39883184945210814; 0,2818462857976556; 0,6248775492422283; 0,824082680977881; 0,4825228461995721; 0,04078878555446863; 0,1695891385897994; 0,25534629076719284; 0,056268658488988876; 0,5528564439155161
0,9075432840485027; 0,9613624229095876; 0,2696700976230204; 0,4634963693097234; 0,7673022570088506; 0,9280820987187326; 0,880279531236738; 0,6684686751104891; 0,006768092513084412; 0,35632588528096676; 0,45974633982405066
0,8450491962789942; 0,8443436827510595; 0,016335193067789078; 0,6208227351307869; 0,39392456505447626; 0,5442427056841552; 0,977860517334193; 0,08101011998951435; 0,6920814081095159; 0,630929708480835; 0,9454911234788597
0,9983603400083851; 0,062145326752215624; 0,8708205907605588; 0,3557106493972242; 0,9572386769577861; 0,7407257216982543; 0,07484500575810671; 0,21801938023418188; 0,6817043540067971; 0,07036213902756572; 0,28576039895415306
-0,21578739652161677; 0,9948921850882471; 0,44462670711800456; 0,4760468923486769; 0,0515702567063272; 0,47263885056599975; 0,5691840779036283; 0,09881650656461716; 0,5362180829979479; 0,0267022717744112; 0,14898388972505927
-0,9413178133815998; 0,3724632733501494; 0,9767683139070868; 0,3237255662679672; 0,42070278571918607; 0,9784841346554458; 0,4180683195590973; 0,7699064938351512; 0,2117508389055729; 0,13331344118341804; 0,4894602382555604
0,9924064557057398; 0,49182468419894576; 0,875696366187185; 0,767745528370142; 0,8240018039941788; 0,9370492324233055; 0,38419238291680813; 0,9395668641664088; 0,6773692150600255; 0,31977987894788384; 0,8799239448271692
-0,8682364847272642; 0,1667354479432106; 0,7799042067490518; 0,4961395524442196; 0,5435485551133752; 0,8505273116752505; 0,13098927959799767; 0,280992966145277; 0,888948982115835; 0,8528672605752945; 0,7446771543473005
-0,617108691724714; 0,5051162079907954; 0,9527468746528029; 0,5189020414836705; 0,13515965081751347; 0,8454666049219668; 0,07271737232804298; 0,1265335795469582; 0,8027970204129815; 0,5910799354314804; 0,41373152285814285
0,8646059520260152; 0,4238776112906635; 0,5007698871195316; 0,6225915150716901; 0,6476273438893259; 0,8195409546606243; 0,7628187988884747; 0,30039259558543563; 0,7495144256390631; 0,02312019979581237; 0,5297683435492218
0,8835714810879076; 0,9930896377190948; 0,25022641103714705; 0,10982070071622729; 0,4252349375747144; 0,2899647573940456; 0,4910738547332585; 0,5388717534951866; 0,020279143936932087; 0,5881941160187125; 0,3232490625232458
0,49131836367001763; 0,25340817868709564; 0,7988280011340976; 0,773321739397943; 0,5857482273131609; 0,1808004779741168; 0,11297560203820467; 0,10687094088643789; 0,07185416808351874; 0,4834189168177545; 0,2213313360698521
0,8035526345907273; 0,9846242326311767; 0,7774706003256142; 0,7110129971988499; 0,7754065976478159; 0,7197960242629051; 0,23548624524846673; 0,6729816985316575; 0,384164331946522; 0,9957767343148589; 0,5205984767526388
0,9844985136706734; 0,4291937919333577; 0,7953821388073266; 0,42616129014641047; 0,7753768893890083; 0,34020791575312614; 0,42573160491883755; 0,7736512594856322; 0,9707622779533267; 0,06861070170998573; 0,5941945174708962
-0,32470445979317364; 0,18639164371415973; 0,7883354285731912; 0,35191038763150573; 0,16584521904587746; 0,7448738319799304; 0,9566267295740545; 0,0956314317882061; 0,5787949250079691; 0,6710873688571155; 0,4535555122420192
0,8864665839677273; 0,7140641030855477; 0,4886449663899839; 0,7074972190894186; 0,12550947489216924; 0,9414349389262497; 0,19684980483725667; 0,45102235954254866; 0,3491356079466641; 0,6546269981190562; 0,6918201972730458
-0,2711752179422488; 0,4460992286913097; 0,17409886233508587; 0,15275340620428324; 0,31028657127171755; 0,6320160236209631; 0,004070708062499762; 0,9380914033390582; 0,7889140010811388; 0,21351539716124535; 0,3781158896163106
0,9794402281739403; 0,6493565971031785; 0,8616529209539294; 0,6748507167212665; 0,674101933836937; 0,9187791747972369; 0,6157219889573753; 0,15933142369613051; 0,04671064717695117; 0,2867235653102398; 0,16889973497018218
0,9981977499153037; 0,30123923858627677; 0,936000894755125; 0,5712597826495767; 0,31583514204248786; 0,9234549719840288; 0,9255716474726796; 0,5587283433414996; 0,04207088006660342; 0,8561855042353272; 0,6473680040799081
-0,1561764333951413; 0,42542114667594433; 0,30589622305706143; 0,8867817050777376; 0,5334718134254217; 0,6499914573505521; 0,5650188913568854; 0,3218186083249748; 0,3404776155948639; 0,8690820946358144; 0,40232615312561393
0,9323386882049141; 0,13076690258458257; 0,23094390099868178; 0,015809224918484688; 0,5806390284560621; 0,4793594479560852; 0,7205783990211785; 0,8614662229083478; 0,43573492066934705; 0,6819446901790798; 0,662007792852819
0,8860611649168163; 0,2383375335484743; 0,19173897989094257; 0,0033748243004083633; 0,3885859977453947; 0,26115625677630305; 0,8638288644142449; 0,20492604793980718; 0,5166656211949885; 0,11748865572735667; 0,8629429517313838
-0,9649701475355194; 0,3452037484385073; 0,9889429528266191; 0,4975486653856933; 0,9278360297903419; 0,3059892957098782; 0,9109747326001525; 0,42242644634097815; 0,7038809088990092; 0,31646998412907124; 0,0836687064729631
0,8835141542651225; 0,34423393849283457; 0,37607143819332123; 0,06384616624563932; 0,36724578915163875; 0,9804808860644698; 0,6666447543539107; 0,48400556528940797; 0,22723077796399593; 0,775554368738085; 0,14490661630406976
0,9128434382182024; 0,3787467652000487; 0,023023517336696386; 0,590399204287678; 0,46511517744511366; 0,731606287881732; 0,5995086263865232; 0,17918323585763574; 0,8299579629674554; 0,23328360868617892; 0,41306585539132357
-0,2048239202629636; 0,6958752782084048; 0,6534662009216845; 0,3740597674623132; 0,764047825243324; 0,34044843865558505; 0,7381878416053951; 0,9393821069970727; 0,9648202951066196; 0,6121249231509864; 0,9344618520699441
0,3837152469465432; 0,7721728263422847; 0,7535083889961243; 0,9909196705557406; 0,8344512535259128; 0,4704057825729251; 0,5900695649906993; 0,0525227221660316; 0,1759434761479497; 0,19288924941793084; 0,8199911466799676
0,9876232874749608; 0,3009778233245015; 0,2087983414530754; 0,04954416770488024; 0,5401422060094774; 0,6306086503900588; 0,041998835280537605; 0,4394038114696741; 0,7991627235896885; 0,06902828672900796; 0,09811829961836338
0,8455844196214864; 0,557887667324394; 0,9269207348115742; 0,6371716684661806; 0,2884481088258326; 0,29214682755991817; 0,9465899411588907; 0,7400798224844038; 0,2879592743702233; 0,32209878973662853; 0,24203691817820072
0,23381653239481728; 0,18127468647435308; 0,8544332715682685; 0,12775009498000145; 0,6748583423905075; 0,7612520270049572; 0,9745274893939495; 0,4710734086111188; 0,7882460122928023; 0,0026723137125372887; 0,17542129615321755
0,9834473018875688; 0,5933868787251413; 0,052074084524065256; 0,45919768419116735; 0,10665722517296672; 0,804400768596679; 0,3935605916194618; 0,4941738359630108; 0,04543913807719946; 0,6846182714216411; 0,7851082333363593
0,4528862137780214; 0,6541846934705973; 0,640320255421102; 0,07906341785565019; 0,22748037707060575; 0,34389604022726417; 0,6059520235285163; 0,3861439982429147; 0,7188449623063207; 0,6739819459617138; 0,7916876426897943
0,9100025134286273; 0,4821180668659508; 0,9459599968977273; 0,05850090505555272; 0,6471487060189247; 0,7438316568732262; 0,12343569844961166; 0,8709055022336543; 0,15205176454037428; 0,7788744680583477; 0,07791809877380729
-0,8252298508188012; 0,31664594868198037; 0,06752232694998384; 0,9580265511758626; 0,4558878121897578; 0,3486022809520364; 0,00015140976756811142; 0,9859535964205861; 0,12713699135929346; 0,5936463358812034; 0,8510476350784302
0,8785822079242781; 0,12056598672643304; 0,3729179296642542; 0,0018098829314112663; 0,1663084328174591; 0,8709582053124905; 0,23448135191574693; 0,5317776189185679; 0,23252328066155314; 0,367067773360759; 0,33678055135533214
0,890160710806709; 0,7933151982724667; 0,7722924072295427; 0,34733163425698876; 0,7077897768467665; 0,7928773225285113; 0,6583366077393293; 0,6430954844690859; 0,6094851945526898; 0,5311157428659499; 0,4156675008125603
0,8433130620259415; 0,7553335917182267; 0,39540833653882146; 0,3532161330804229; 0,4701839601621032; 0,3339199493639171; 0,9812759924679995; 0,7601767657324672; 0,3305418104864657; 0,8724096938967705; 0,5117902690544724
-0,9441310421003368; 0,5860153939574957; 0,18808173760771751; 0,374780485406518; 0,9694253643974662; 0,27834062138572335; 0,2757603069767356; 0,5833124578930438; 0,058357160072773695; 0,25917430547997355; 0,7718451549299061
0,8777877362538908; 0,8104009879752994; 0,2616940815933049; 0,7884296467527747; 0,6918732561171055; 0,7991852941922843; 0,4874542085453868; 0,005146029870957136; 0,26883871434256434; 0,1970267822034657; 0,003654452972114086
0,1124112161952891; 0,5437812018208206; 0,3588691377080977; 0,9212807328440249; 0,5652043935842812; 0,6965866545215249; 0,12072998564690351; 0,23627095436677337; 0,14534925064072013; 0,040257097221910954; 0,33083546347916126
0,7400604213052906; 0,5393830966204405; 0,013541435357183218; 0,4807305089198053; 0,63441915018484; 0,5050619337707758; 0,2230304079130292; 0,7921023643575609; 0,1332785808481276; 0,9936666553840041; 0,014401949942111969
0,13876838647519196; 0,942755947355181; 0,1515647955238819; 0,8743462273851037; 0,6357830776832998; 0,562641579657793; 0,8129625585861504; 0,6543219652958214; 0,0684316516853869; 0,7907301327213645; 0,9094571326859295
0,3442460248780596; 0,26511389715597034; 0,4669574243016541; 0,8401812287047505; 0,6867006965912879; 0,09634491708129644; 0,23119544563814998; 0,36209087120369077; 0,6812476185150445; 0,9023297531530261; 0,6304964390583336
0,9259585689354005; 0,4489227496087551; 0,9253947995603085; 0,9518844308331609; 0,07253775466233492; 0,022045921068638563; 0,863165186252445; 0,35652679158374667; 0,776919690426439; 0,8907831441611052; 0,9796740510500968
0,8612793582454599; 0,5401706793345511; 0,42529842630028725; 0,8582330141216516; 0,4941746178083122; 0,6875713029876351; 0,8724115523509681; 0,6790312612429261; 0,7653170586563647; 0,33630580781027675; 0,22967116860672832
0,8469590905249536; 0,1948913587257266; 0,6762394183315337; 0,22864348161965609; 0,3630762845277786; 0,3094374956563115; 0,0752275469712913; 0,42082783253863454; 0,6329896347597241; 0,3421029322780669; 0,3289153934456408
0,09086449690777669; 0,8974958434700966; 0,10903525119647384; 0,9257204602472484; 0,15382874151691794; 0,8128919606097043; 0,5292010297998786; 0,541649816557765; 0,6541317570954561; 0,7341480562463403; 0,9394172616302967
0,9926406287896863; 0,2126008216291666; 0,2205859124660492; 0,04589098924770951; 0,08956784242764115; 0,28445115638896823; 0,6987213315442204; 0,26780725782737136; 0,23539937054738402; 0,9766787202097476; 0,7017316166311502
-0,9738698009506945; 0,5555211375467479; 0,6689502215012908; 0,427486636210233; 0,9772159475833178; 0,7547564506530762; 0,4113274086266756; 0,4772537089884281; 0,8406259003095329; 0,6668714918196201; 0,6444993051700294
0,9115446572018806; 0,7056347010657191; 0,9718091571703553; 0,5727971033193171; 0,8450433891266584; 0,30727646639570594; 0,9540399932302535; 0,4403215763159096; 0,05678798956796527; 0,0527157005853951; 0,1556227020919323
0,8228703473541297; 0,5684864525683224; 0,8203252078965306; 0,15894809737801552; 0,7262477474287152; 0,4143087971024215; 0,7438653213903308; 0,06603360967710614; 0,9456401215866208; 0,10081694554537535; 0,7884875042364001
0,3894201925524717; 0,8933188132941723; 0,7352409013547003; 0,8653903608210385; 0,7764034676365554; 0,6495318291708827; 0,8710584342479706; 0,3250102670863271; 0,5278493566438556; 0,11430527688935399; 0,18727218080312014
0,9626050438163449; 0,886545367538929; 0,42698344960808754; 0,4137388407252729; 0,809357329737395; 0,5374830872751772; 0,5761894695460796; 0,6761976103298366; 0,9458581041544676; 0,7192232930101454; 0,13765025837346911
-0,7282515573777862; 0,3285484681837261; 0,7259791875258088; 0,9751394540071487; 0,19610617076978087; 0,7251154477708042; 0,8052070164121687; 0,13877488346770406; 0,6884212135337293; 0,0019265273585915565; 0,8706435924395919
-0,24356455182471926; 0,7946865041740239; 0,6011506477370858; 0,4195423638448119; 0,6511924681253731; 0,910443470813334; 0,34503522515296936; 0,04064468061551452; 0,034002092666924; 0,4621436195448041; 0,5555228679440916
-0,9659790727962035; 0,7261112607084215; 0,07470618234947324; 0,11334880394861102; 0,1521004638634622; 0,5501021225936711; 0,381565070245415; 0,3710747016593814; 0,9720892519690096; 0,9333441285416484; 0,9987337971106172
-0,6478303074672538; 0,3436340456828475; 0,47152967704460025; 0,9176359102129936; 0,49203099217265844; 0,9128091093152761; 0,13103975541889668; 0,6040866798721254; 0,2907889783382416; 0,8028453765437007; 0,6987583725713193
0,049671690810350624; 0,010023001581430435; 0,7502216636203229; 0,2160042254254222; 0,5417585163377225; 0,05988506926223636; 0,7337826499715447; 0,9245369802229106; 0,8883702275343239; 0,28746263310313225; 0,231636555865407
-0,997894100402271; 0,6478425250388682; 0,15207170508801937; 0,8388087195344269; 0,5387564608827233; 0,8957657557912171; 0,7020187401212752; 0,5210691587999463; 0,3235673410817981; 0,19475356163457036; 0,2476062444038689
0,9902046212245933; 0,6129509885795414; 0,3935363134369254; 0,5565513647161424; 0,6592559972777963; 0,403204751200974; 0,9542470732703805; 0,6694226367399096; 0,1683460553176701; 0,5622122120112181; 0,216165104880929
0,46461106820071596; 0,3988289996050298; 0,532207909040153; 0,43421586230397224; 0,9227392533794045; 0,2804010873660445; 0,22144823102280498; 0,06878023128956556; 0,22101138345897198; 0,23714718455448747; 0,5121646202169359
0,7129498166710185; 0,3083172542974353; 0,8417522148229182; 0,2742488463409245; 0,17385018477216363; 0,047913679387420416; 0,19755708193406463; 0,8599924803711474; 0,9809417515061796; 0,8394656032323837; 0,48463209765031934
0,8952688839711093; 0,8871444379910827; 0,9334233901463449; 0,0010151262395083904; 0,9780819630250335; 0,7750661242753267; 0,5565278953872621; 0,6019524894654751; 0,48922971496358514; 0,9339795145206153; 0,6437819278798997
0,9930167199962352; 0,9490766562521458; 0,4921882255002856; 0,3573648245073855; 0,5361757627688348; 0,8064503441564739; 0,6930629648268223; 0,034169998951256275; 0,5933662997558713; 0,7694673836231232; 0,06973547395318747
0,8973537956935574; 0,8886187481693923; 0,2614717590622604; 0,34976906375959516; 0,6011992543935776; 0,6238813190720975; 0,6362983505241573; 0,6635295613668859; 0,44292164128273726; 0,3535467442125082; 0,8572054551914334
0,9994894525754748; 0,6034471760503948; 0,9412138415500522; 0,7321074679493904; 0,9327370021492243; 0,6597740119323134; 0,7592951017431915; 0,1357893287204206; 0,9493044642731547; 0,42536624567583203; 0,6484617758542299
0,9957367773354319; 0,6105929184705019; 0,25936562987044454; 0,033702120184898376; 0,6355284624733031; 0,25229828152805567; 0,1751520475372672; 0,13240690995007753; 0,049005660228431225; 0,9731348394416273; 0,38401286909356713
-0,8918875272642719; 0,41009438317269087; 0,21956648584455252; 0,2334306426346302; 0,17891654558479786; 0,6018317746929824; 0,061078299302607775; 0,1432103463448584; 0,3903552773408592; 0,4600462783128023; 0,4292129799723625
0,6874629843496013; 0,012957306578755379; 0,07117373077198863; 0,29337879037484527; 0,1314682480879128; 0,6684650117531419; 0,4814625713042915; 0,8993607680313289; 0,9755299305543303; 0,3402844169177115; 0,14117187773808837
0,9970124859583819; 0,14873601403087378; 0,23471439396962523; 0,5535238417796791; 0,7112169731408358; 0,04776789387688041; 0,5012482013553381; 0,5668074823915958; 0,7057340987958014; 0,4234966663643718; 0,3842695252969861
-0,6645879995390185; 0,12638841662555933; 0,7615998405963182; 0,99054482486099; 0,393371747341007; 0,5740856695920229; 0,5650091418065131; 0,8073223666287959; 0,04214695701375604; 0,13745019119232893; 0,565365590620786
0,9660796114572758; 0,22975554736331105; 0,3804378076456487; 0,23992248810827732; 0,4530569748021662; 0,7638180488720536; 0,5051954528316855; 0,879479568451643; 0,30915036518126726; 0,7519806176424026; 0,8871892653405666
0,9990529671847678; 0,18511075899004936; 0,26550885709002614; 0,5502537190914154; 0,5995116676203907; 0,6776024275459349; 0,17609211150556803; 0,29203070187941194; 0,11784909013658762; 0,033597417175769806; 0,5311473701149225
0,94964097318996; 0,8489448525942862; 0,6168044726364315; 0,35546884406358004; 0,0918849022127688; 0,4265446742065251; 0,7746730032376945; 0,6133926920592785; 0,6469408194534481; 0,344050785060972; 0,10059401812031865
0,9468758932744522; 0,7423860928975046; 0,9593047387897968; 0,19507260294631124; 0,17604890652000904; 0,9798001828603446; 0,659729762468487; 0,10788197861984372; 0,7284323838539422; 0,8771866066381335; 0,40829541394487023
0,9054437103302592; 0,5147792245261371; 0,927850257139653; 0,4686802993528545; 0,1846843301318586; 0,9134735059924424; 0,22385917184874415; 0,5837080194614828; 0,5038009593263268; 0,6335461284033954; 0,9242595699615777
0,940600963380527; 0,08630142826586962; 0,37272595101967454; 0,48769438173621893; 0,4510631416924298; 0,8517219051718712; 0,8274876056239009; 0,3864879389293492; 0,8389241062104702; 0,370411588344723; 0,2371405935846269
0,5419225058734098; 0,8451668648049235; 0,07622997742146254; 0,8390806382521987; 0,26211808528751135; 0,48681809939444065; 0,43884900910779834; 0,7881526099517941; 0,3557402999140322; 0,15305897872895002; 0,580099071841687
-0,18112621510292498; 0,49747488368302584; 0,6670051063410938; 0,977594424970448; 0,39318530913442373; 0,8097307677380741; 0,39019152522087097; 0,5205382201820612; 0,874667493160814; 0,27008104464039207; 0,22663740534335375
-0,37461737177353377; 0,6884575714357197; 0,2497741929255426; 0,355230828281492; 0,27606838662177324; 0,0034126383252441883; 0,714911020360887; 0,43528872402384877; 0,2917637899518013; 0,7135007870383561; 0,13456929149106145
0,8265021740409635; 0,20966208958998322; 0,9672635025344789; 0,4974160180427134; 0,7717033438384533; 0,5708850659430027; 0,5668589933775365; 0,3544697407633066; 0,9269117317162454; 0,32765346206724644; 0,18308703787624836
0,799237577172996; 0,5076550086960196; 0,2370741036720574; 0,401574750430882; 0,7485001566819847; 0,5709451911970973; 0,157129080966115; 0,13740139454603195; 0,44246527878567576; 0,6563072493299842; 0,30168081261217594
0,24106701705927816; 0,04576938273385167; 0,3147719642147422; 0,9028768208809197; 0,4849221729673445; 0,7908482714556158; 0,23534638807177544; 0,803080125246197; 0,6844481560401618; 0,798383956309408; 0,054039150942116976
0,8481530864844957; 0,4589543924666941; 0,39327116776257753; 0,7468939726240933; 0,12237867433577776; 0,6051173051819205; 0,5783839519135654; 0,5379058788530529; 0,21468214876949787; 0,9198787650093436; 0,9716478968039155
0,06354976811320918; 0,8153244513086975; 0,2991883512586355; 0,3107513473369181; 0,34940039459615946; 0,2500061276368797; 0,6942671565338969; 0,5825386620126665; 0,37095659086480737; 0,11526548024266958; 0,4673385317437351
0,9313888888307464; 0,9066548077389598; 0,05513820191845298; 0,01117786392569542; 0,4332329542376101; 0,3279203427955508; 0,688496838323772; 0,33619644306600094; 0,4805034869350493; 0,736402403563261; 0,02682862989604473
0,9932642719892574; 0,8432306651957333; 0,7480611288920045; 0,14233134547248483; 0,8229251769371331; 0,9217320536263287; 0,32702126121148467; 0,035636043176054955; 0,5154510363936424; 0,8645439399406314; 0,20057896012440324
0,9785639293587449; 0,7508545387536287; 0,8989352113567293; 0,6766731287352741; 0,3427343009971082; 0,3418442662805319; 0,705824788659811; 0,7946467907167971; 0,46129563776776195; 0,22271481482312083; 0,04283667728304863
-0,8013659325861004; 0,6873928671702743; 0,3902314240112901; 0,27133236452937126; 0,9607076621614397; 0,6121334913186729; 0,8072453532367945; 0,22816719207912683; 0,28742966800928116; 0,4497820087708533; 0,5019157393835485
-0,006208045306849785; 0,9461296512745321; 0,11575458105653524; 0,28756561735644937; 0,14810801716521382; 0,4801888884976506; 0,46872416185215116; 0,8162665478885174; 0,6491042310371995; 0,6897605424746871; 0,2055039000697434
0,8753985423605402; 0,32340518571436405; 0,6624403903260827; 0,7196804243139923; 0,3221145151183009; 0,3312723496928811; 0,3196392823010683; 0,056634013541042805; 0,9264731663279235; 0,792416955344379; 0,018748752307146788
0,9329380426799888; 0,9679175247438252; 0,43994962330907583; 0,3939891499467194; 0,022695545107126236; 0,7195036211051047; 0,7994987424463034; 0,2899183905683458; 0,20912276208400726; 0,02963309921324253; 0,5828576199710369
-0,4462265053784038; 0,12205685814842582; 0,3838660381734371; 0,8286685105413198; 0,9431225964799523; 0,09122507320716977; 0,36349784256890416; 0,5822994532063603; 0,9016012419015169; 0,14210034999996424; 0,038279874715954065
0,9866253703779511; 0,0677649388089776; 0,5536541305482388; 0,6738131982274354; 0,7517426465637982; 0,09634631173685193; 0,4660401791334152; 0,13784218905493617; 0,4484303370118141; 0,2269430859014392; 0,24250356992706656
0,8962623732919226; 0,3132635341025889; 0,2511461991816759; 0,7349733551964164; 0,14889558963477612; 0,9009326454252005; 0,9960992396809161; 0,4808201529085636; 0,6756110372953117; 0,33790630381554365; 0,6703549199737608
0,9861067412504394; 0,4119391548447311; 0,383917564060539; 0,2370563605800271; 0,4548507430590689; 0,7306372006423771; 0,6024981732480228; 0,8520161444321275; 0,1537085035815835; 0,7690460733138025; 0,7075538532808423
0,2330393181412504; 0,5151267680339515; 0,4372066780924797; 0,6695718499831855; 0,058860400691628456; 0,4628814710304141; 0,49483236763626337; 0,6146726980805397; 0,09380761394277215; 0,5850019417703152; 0,5032945703715086
-0,785418430261829; 0,7668013093061745; 0,7636135942302644; 0,2588122203014791; 0,49176403088495135; 0,8192789158783853; 0,9514738786965609; 0,7410891968756914; 0,8788263606838882; 0,8220163630321622; 0,749145454261452
0,9827988128205326; 0,7624240624718368; 0,9609273276291788; 0,3571681356988847; 0,8586467313580215; 0,41220001550391316; 0,4018448106944561; 0,2749972310848534; 0,12406680826097727; 0,34967926470562816; 0,7721979771740735
0,8609944716169379; 0,6953202863223851; 0,7283666543662548; 0,7741079078987241; 0,4573449953459203; 0,760607142932713; 0,7819681796245277; 0,3198423869907856; 0,5052919136360288; 0,9829843295738101; 0,29570230608806014
0,9629497943520601; 0,0763680562376976; 0,2694960185326636; 0,5992338443174958; 0,29366096341982484; 0,24633745569735765; 0,5893004755489528; 0,20319070713594556; 0,08550283405929804; 0,3336346046999097; 0,12857786985114217
-0,6481431918161455; 0,21306369127705693; 0,24409564677625895; 0,1351231811568141; 0,31585310539230704; 0,23633417673408985; 0,9150462932884693; 0,4500834853388369; 0,9982938738539815; 0,7539630928076804; 0,16163552599027753
0,8418019492237662; 0,6237932848744094; 0,879418917465955; 0,23516287002712488; 0,0778287653811276; 0,03933592373505235; 0,8987529058940709; 0,27960328152403235; 0,1943325288593769; 0,7087564519606531; 0,9628289118409157
-0,4527069107008208; 0,06906127464026213; 0,8707763138227165; 0,8834147537127137; 0,7922428967431188; 0,7108875578269362; 0,1992602157406509; 0,9149942216463387; 0,6399763259105384; 0,9517993447370827; 0,8327708947472274
0,9998549280930501; 0,8376882458105683; 0,8682817462831736; 0,3932544058188796; 0,1992749380879104; 0,4407885051332414; 0,5732526448555291; 0,5858490178361535; 0,7290445142425597; 0,4673808724619448; 0,8771199812181294
-0,9450056815540835; 0,6431984240189195; 0,042717203963547945; 0,30912207439541817; 0,974191227927804; 0,09415810694918036; 0,4360046209767461; 0,20743093080818653; 0,9078129739500582; 0,14169599069282413; 0,6431586360558867
-0,5248487285885295; 0,2571559064090252; 0,6019818144850433; 0,5616654348559678; 0,10402537044137716; 0,9895328283309937; 0,7416991773061454; 0,47512134723365307; 0,41140436194837093; 0,020975288935005665; 0,2782159219495952
-0,5083175372126131; 0,1973652420565486; 0,8337195995263755; 0,14391831029206514; 0,6646188069134951; 0,6781956939958036; 0,0527130994014442; 0,5921591073274612; 0,12329416302964091; 0,26000211015343666; 0,7336441362276673
0,08201634804039712; 0,5645741005428135; 0,055413080379366875; 0,21247867168858647; 0,04832632839679718; 0,6371161686256528; 0,8132031266577542; 0,8059367844834924; 0,22681129397824407; 0,28572871861979365; 0,9103872654959559
-0,6475879662348839; 0,6597030512057245; 0,06730504473671317; 0,45448636868968606; 0,8978316779248416; 0,3706691968254745; 0,5942812790162861; 0,14248487213626504; 0,015043001621961594; 0,48503182642161846; 0,9455020795576274
-0,21815452691018403; 0,09578154003247619; 0,8331966055557132; 0,9379706806503236; 0,3824340528808534; 0,3176148268394172; 0,9035581918433309; 0,8811374758370221; 0,7215703586116433; 0,5682876762002707; 0,03943741042166948
0,09408105445345247; 0,4773696279153228; 0,017029354814440012; 0,30475754756480455; 0,501420509070158; 0,3617889513261616; 0,7204506699927151; 0,8270402876660228; 0,7277350020594895; 0,09333648392930627; 0,8356368094682693
0,9253114923378203; 0,7540901284664869; 0,11386905889958143; 0,17480886075645685; 0,6084250560961664; 0,23063724348321557; 0,07096484722569585; 0,2381051005795598; 0,6653962549753487; 0,7828652244061232; 0,5469320542179048
0,5965111386310072; 0,07734929537400603; 0,014873617328703403; 0,5193828041665256; 0,08419339964166284; 0,435373910702765; 0,10840653209015727; 0,1725433161482215; 0,32923413813114166; 0,6236432432197034; 0,5049772062338889
-0,9896412593719117; 0,9472100627608597; 0,889268840663135; 0,2658087224699557; 0,9551910194568336; 0,8914366676472127; 0,24881256045773625; 0,1046226853504777; 0,8308133566752076; 0,5987041713669896; 0,21546761319041252
0,35183409888110434; 0,41341844853013754; 0,2354908911511302; 0,5072044273838401; 0,9436861174181104; 0,21807648614048958; 0,2651976584456861; 0,012860886752605438; 0,35076591838151217; 0,9426830783486366; 0,6723526199348271
0,9036068808317282; 0,9758150931447744; 0,9936508755199611; 0,5744235273450613; 0,7702247216366231; 0,2667144234292209; 0,27006910694763064; 0,7364948485046625; 0,07270821835845709; 0,424056694842875; 0,1876949155703187
0,9988255968308831; 0,8555401936173439; 0,13050665613263845; 0,23112895665690303; 0,4228606689721346; 0,5773836555890739; 0,9602508787065744; 0,5848714429885149; 0,9856613981537521; 0,07864135131239891; 0,47504069563001394
0,9902597600807507; 0,24008986447006464; 0,38692636648193; 0,47072362806648016; 0,8892270373180509; 0,4195510898716748; 0,3934956411831081; 0,09351566480472684; 0,8418722548522055; 0,500726027879864; 0,01606578752398491
0,8594148385378426; 0,5873205373063684; 0,4049558797851205; 0,6049491348676383; 0,46966023882851005; 0,22751505812630057; 0,020163734443485737; 0,44170750584453344; 0,8348240139894187; 0,11001714365556836; 0,3275064453482628
0,8521148914119929; 0,7455120366066694; 0,8211212218739092; 0,6248892680741847; 0,46271895291283727; 0,030752853490412235; 0,4904889138415456; 0,1514267069287598; 0,9593853778205812; 0,03472274774685502; 0,9451958788558841
0,92145061117095; 0,7820856994949281; 0,9363793097436428; 0,9842689507640898; 0,7887122561223805; 0,7129567330703139; 0,921975564211607; 0,8697877614758909; 0,37350267404690385; 0,7935379333794117; 0,07133460463955998
0,9951380152240661; 0,6178648555651307; 0,1873873108997941; 0,809907556977123; 0,7966602784581482; 0,21487030666321516; 0,8670838894322515; 0,6367265074513853; 0,9017538223415613; 0,8635021527297795; 0,7824478526599705
-0,7096631386955642; 0,4334751511923969; 0,260626635979861; 0,9288625866174698; 0,3173555606044829; 0,9950084146112204; 0,4996880916878581; 0,8633152991533279; 0,48502816539257765; 0,2707938435487449; 0,4058043076656759
0,8405013656283997; 0,6717227101325989; 0,5059322481974959; 0,32007769774645567; 0,12585418997332454; 0,23416172992438078; 0,6167862508445978; 0,28181926999241114; 0,8412197614088655; 0,4850549562834203; 0,8040800462476909
0,6098722650766454; 0,6832459303550422; 0,6595475659705698; 0,6936475988477468; 0,7373396130278707; 0,3531546383164823; 0,19542985269799829; 0,08470506221055984; 0,7326105553656816; 0,6377253662794828; 0,6789406486786902
0,8752491980232265; 0,7532571125775576; 0,09930519899353385; 0,7080180593766272; 0,3797188373282552; 0,03956834552809596; 0,4480407861992717; 0,7582573466934264; 0,03864938672631979; 0,04278080724179745; 0,9367346852086484
0,9849812506562239; 0,7685807873494923; 0,919480110052973; 0,49002043530344963; 0,9921294339001179; 0,2084334585815668; 0,7799167456105351; 0,21091231936588883; 0,15845658350735903; 0,7618474238552153; 0,2572953775525093
0,6940559585085839; 0,528000807389617; 0,16780573595315218; 0,6642334903590381; 0,10359399067237973; 0,7658344367519021; 0,26928792148828506; 0,7135819951072335; 0,5197444185614586; 0,17736355122178793; 0,9111027484759688
0,9871640821391005; 0,203941497951746; 0,8674575421027839; 0,8083806340582669; 0,8434136002324522; 0,3059204388409853; 0,11533569125458598; 0,2594937616959214; 0,8583780699409544; 0,07147449068725109; 0,23432062100619078
0,9781023829478726; 0,03842730633914471; 0,1526532587595284; 0,32856472162529826; 0,5479329484514892; 0,2180473953485489; 0,6953961737453938; 0,0005089337937533855; 0,6500483267009258; 0,1196595598012209; 0,5307637280784547
0,9939812576392416; 0,5472475062124431; 0,40262849535793066; 0,4088797466829419; 0,9366306602023542; 0,6322759445756674; 0,32601835345849395; 0,3493232191540301; 0,5558292209170759; 0,7827392295002937; 0,20474572340026498
0,4668091850864674; 0,018788055051118135; 0,8663704912178218; 0,09629052085801959; 0,48462349688634276; 0,011652502231299877; 0,5511684734374285; 0,6538495705462992; 0,3467442076653242; 0,5298503721132874; 0,7578036468476057
0,9835646858797833; 0,45050175534561276; 0,03996221208944917; 0,6798403668217361; 0,5842932900413871; 0,27627320773899555; 0,6051630121655762; 0,3954256819561124; 0,3181027062237263; 0,8472396810539067; 0,11521445447579026
0,9985196216891171; 0,6758636417798698; 0,5163097125478089; 0,47528371727094054; 0,5691537577658892; 0,08992176642641425; 0,9578801305033267; 0,9260138520039618; 0,8631365327164531; 0,8834753837436438; 0,6654380387626588
0,0258385742453259; 0,24686640314757824; 0,34199094539508224; 0,9358605104498565; 0,5804511453025043; 0,2425407893024385; 0,05111813638359308; 0,2759735407307744; 0,07019906397908926; 0,5871741329319775; 0,16544697992503643
0,9229914865513302; 0,3636183040216565; 0,5341350943781435; 0,5924083339050412; 0,40943697886541486; 0,5219406993128359; 0,8940157555043697; 0,20003734808415174; 0,8630120018497109; 0,7154534878209233; 0,634142970200628
-0,03965039137690389; 0,24150060582906008; 0,5752658136188984; 0,10263749025762081; 0,005953432526439428; 0,6645582746714354; 0,10995317669585347; 0,21021320577710867; 0,02035921672359109; 0,6731292214244604; 0,6187338577583432
0,7710166491674761; 0,18467130791395903; 0,6008306099101901; 0,6413141181692481; 0,06347773084416986; 0,042699456214904785; 0,07569151185452938; 0,8741918206214905; 0,8087013736367226; 0,7158422530628741; 0,6252501267008483
0,4872102233343855; 0,1526638502255082; 0,8145995833911002; 0,4256116449832916; 0,31208469811826944; 0,8110940544866025; 0,3261611573398113; 0,5989420553669333; 0,9437594772316515; 0,12905170815065503; 0,538062974344939
0,9893999927143782; 0,7028921879827976; 0,5763892000541091; 0,9986857525072992; 0,5179445934481919; 0,6979681807570159; 0,3171785157173872; 0,8823035745881498; 0,6411242098547518; 0,39885141188278794; 0,633051018230617
0,9606781105754854; 0,7183983246795833; 0,09306479198858142; 0,6580402771942317; 0,46351085510104895; 0,528058928437531; 0,03787360480055213; 0,04436283838003874; 0,22628197027370334; 0,7842883784323931; 0,3134934944100678
0,34477706472599623; 0,5045866244472563; 0,8300770511850715; 0,14728663209825754; 0,489465388469398; 0,5984330866485834; 0,6993699069134891; 0,1977736670523882; 0,13343898439779878; 0,1771979588083923; 0,8148019416257739
0,20459729377761732; 0,9075193842872977; 0,5132627044804394; 0,28590636886656284; 0,18409600062295794; 0,3692613742314279; 0,95389953115955; 0,20905700232833624; 0,11277082748711109; 0,49008367117494345; 0,11799832293763757
0,8580151443508803; 0,049586639273911715; 0,8941003121435642; 0,15876268921419978; 0,6220141840167344; 0,12357877613976598; 0,8932405384257436; 0,9115823404863477; 0,5802939194254577; 0,6132069467566907; 0,1392228165641427
-0,8870573299154835; 0,1263004057109356; 0,7660810947418213; 0,5025652619078755; 0,5110688577406108; 0,04199774842709303; 0,13218152150511742; 0,8801495735533535; 0,784809987526387; 0,7570095513947308; 0,33066774485632777
-0,9604641988758931; 0,24709178926423192; 0,7397430636920035; 0,15247197123244405; 0,27707196213304996; 0,4486353020183742; 0,19403688283637166; 0,3358405982144177; 0,38918612245470285; 0,8744878610596061; 0,5471989517100155
0,07040121248717446; 0,08310457784682512; 0,48078697407618165; 0,3383155898191035; 0,4509766846895218; 0,3346129460260272; 0,5379535239189863; 0,005510150454938412; 0,9154501343145967; 0,9624438327737153; 0,7674131514504552
-0,0064919291008488115; 0,5495964721776545; 0,6887266840785742; 0,32449295558035374; 0,2481779265217483; 0,13258912740275264; 0,07300845813006163; 0,8076003887690604; 0,706909460015595; 0,12208821810781956; 0,5315421153791249
-0,9407594354957788; 0,6939246943220496; 0,7658140268176794; 0,8211682951077819; 0,7621640739962459; 0,3564795101992786; 0,9919969541952014; 0,9354228810407221; 0,766522069927305; 0,5581007380969822; 0,9348855442367494
0,792710806999893; 0,744372421875596; 0,6795228170230985; 0,870559373870492; 0,5801969086751342; 0,32532518077641726; 0,34010888542979956; 0,4341121790930629; 0,7667559301480651; 0,8203636188991368; 0,06176491780206561
0,9993065959889613; 0,4306719866581261; 0,98219013819471; 0,20102552277967334; 0,26297334115952253; 0,16160982847213745; 0,331340204924345; 0,8295911950990558; 0,023998436518013477; 0,8347286251373589; 0,0784078692086041
0,9033908737374424; 0,7541985870338976; 0,87500388501212; 0,6984944366849959; 0,1955029391683638; 0,4180289600044489; 0,5387081704102457; 0,7433871459215879; 0,9327901788055897; 0,602255527395755; 0,3288706219755113
0,8591696248502511; 0,6220866492949426; 0,17011537961661816; 0,8555930778384209; 0,03518155822530389; 0,6182857784442604; 0,8162589557468891; 0,2941188835538924; 0,3048451244831085; 0,9306087950244546; 0,548562350217253
0,9964510743651255; 0,6101989587768912; 0,5059675532393157; 0,5534723014570773; 0,45529640512540936; 0,2752336896955967; 0,996046622749418; 0,9399571637623012; 0,9661974436603487; 0,11521077016368508; 0,018823585007339716
0,9965608036797662; 0,991371416952461; 0,8050745683722198; 0,12924232799559832; 0,6629222785122693; 0,0076474337838590145; 0,0196526856161654; 0,5847696159034967; 0,5867856466211379; 0,24657022673636675; 0,02161731757223606
-0,9999270327772265; 0,044990704860538244; 0,1297281961888075; 0,9028864321298897; 0,6536904443055391; 0,5347512564621866; 0,026132802944630384; 0,9879935854114592; 0,6010502348653972; 0,23124624555930495; 0,7191875679418445
0,1642928002935932; 0,1730068065226078; 0,2756656468845904; 0,9167152480222285; 0,7129743131808937; 0,7962461044080555; 0,1157611208036542; 0,5948304724879563; 0,018534978851675987; 0,47001439053565264; 0,4446333977393806
0,999194820210284; 0,8720867466181517; 0,18219622876495123; 0,753900833427906; 0,16483430517837405; 0,989160452503711; 0,9447617381811142; 0,8015238340012729; 0,4456977848894894; 0,26131712552160025; 0,42649314692243934
-0,9964226258687267; 0,14071197202429175; 0,6157988877967; 0,9501960165798664; 0,9191218335181475; 0,8862087288871408; 0,34459702391177416; 0,671296888962388; 0,11197088891640306; 0,04286072589457035; 0,9345537647604942
0,9958560373098682; 0,5799669143743813; 0,8491305839270353; 0,08216155087575316; 0,05269141402095556; 0,3628827049396932; 0,5024574091657996; 0,8150710025802255; 0,20423219399526715; 0,28055676724761724; 0,8070158413611352
-0,783756376383544; 0,3645254890434444; 0,17218275554478168; 0,9946006997488439; 0,9558752859011292; 0,14603215968236327; 0,6626203414052725; 0,6485438039526343; 0,9456572844646871; 0,7682476784102619; 0,3995991083793342
0,6896223497707709; 0,962412248365581; 0,691234755795449; 0,17110300017520785; 0,17777218483388424; 0,8715939526446164; 0,7844927073456347; 0,5328197423368692; 0,714966060128063; 0,43630470242351294; 0,008134603966027498
-0,7358499808367813; 0,7351395017467439; 0,29658612655475736; 0,6638137418776751; 0,014409943018108606; 0,18162675574421883; 0,047810680232942104; 0,8498970791697502; 0,3489710628055036; 0,5596534633077681; 0,40647109132260084
-0,37441665589191264; 0,14851090079173446; 0,8083162480033934; 0,41632412327453494; 0,4391443571075797; 0,4378193449229002; 0,8197505734860897; 0,10244513722136617; 0,20461362088099122; 0,8859842387028039; 0,9160149372182786
0,8475537157397692; 0,2473674570210278; 0,02535573299974203; 0,60855024587363; 0,5546947508119047; 0,16500236373394728; 0,7543794363737106; 0,08431760128587484; 0,5970049351453781; 0,37469890294596553; 0,40180041268467903
0,920271815979381; 0,8643550351262093; 0,9341949876397848; 0,8235722570680082; 0,33860023505985737; 0,7226321627385914; 0,42269732104614377; 0,07254796894267201; 0,19172520376741886; 0,4804398757405579; 0,7233099625445902
0,9981412660491432; 0,24696956481784582; 0,6582456128671765; 0,13346033450216055; 0,8020767504349351; 0,22540941601619124; 0,530498861335218; 0,9656341848894954; 0,6141714174300432; 0,025016577448695898; 0,9666705471463501
0,09705426406941706; 0,6182757979258895; 0,8184639089740813; 0,9266364686191082; 0,6513925893232226; 0,010602942202240229; 0,8949145558290184; 0,7829260714352131; 0,3880398408509791; 0,8385448167100549; 0,982061680406332
0,9930542745587799; 0,35983080277219415; 0,5439057289622724; 0,046567915473133326; 0,6996530038304627; 0,005058878101408482; 0,3756387522444129; 0,20472595375031233; 0,3927111900411546; 0,2258468666113913; 0,09066634252667427
-0,007332592282882371; 0,3962758295238018; 0,26599472016096115; 0,9597973525524139; 0,2988034817390144; 0,7317260438576341; 0,24646802712231874; 0,3781498931348324; 0,8676030011847615; 0,9621292105875909; 0,04917920660227537
0,9998948501678927; 0,11806393414735794; 0,10135111398994923; 0,6248482186347246; 0,1670681368559599; 0,9947676174342632; 0,46874541230499744; 0,34878982277587056; 0,33328903280198574; 0,8865472720935941; 0,40663598105311394
-0,7523084899657667; 0,3868641466833651; 0,644241782836616; 0,8799703358672559; 0,2642087461426854; 0,42479343991726637; 0,6274867169559002; 0,4249386074952781; 0,21595185529440641; 0,6268805512227118; 0,08861071895807981
0,8876805918359619; 0,23625728487968445; 0,3074835008010268; 0,21201818017289042; 0,3478929684497416; 0,7472889721393585; 0,2886792216449976; 0,28208321146667004; 0,42199640488252044; 0,6254925434477627; 0,8738590213470161
0,6416925361143059; 0,13929139683023095; 0,43888045754283667; 0,8237951924093068; 0,6481184642761946; 0,7652900419197977; 0,37820574967190623; 0,5709570259787142; 0,43566183373332024; 0,9906703033484519; 0,050819870084524155
0,7837857081396249; 0,8047130047343671; 0,6115794549696147; 0,5218598484061658; 0,6122523029334843; 0,3716034758836031; 0,25553227821365; 0,00549989053979516; 0,47323443461209536; 0,17747423751279712; 0,22486098296940327
0,9802190938232647; 0,4813873767852783; 0,1774516380392015; 0,4678580923937261; 0,8008693330921233; 0,33599021239206195; 0,06999541074037552; 0,28941547265276313; 0,6635679588653147; 0,895319348666817; 0,6731191063299775
-0,8621344780582658; 0,3739407565444708; 0,04113302053883672; 0,44916949747130275; 0,3233714094385505; 0,8452027533203363; 0,9351065494120121; 0,4771498083136976; 0,41895403154194355; 0,295274524949491; 0,7388738528825343
-0,01131059085208386; 0,9595089973881841; 0,6020431281067431; 0,40858294628560543; 0,8887381828390062; 0,01875367434695363; 0,39574091834947467; 0,7943546795286238; 0,046329676639288664; 0,40304991137236357; 0,46985655277967453
0,8525218544670042; 0,3933099149726331; 0,5529423202387989; 0,5998174706473947; 0,6479241289198399; 0,7451409120112658; 0,3736763740889728; 0,6710585383698344; 0,9867490972392261; 0,30701964581385255; 0,3561696237884462
0,9996719395166107; 0,6364728063344955; 0,5151632586494088; 0,04013278055936098; 0,2428305121138692; 0,8831503428518772; 0,42412653798237443; 0,3429605830460787; 0,22495837649330497; 0,42168109118938446; 0,6050471612252295
0,8487076298668942; 0,6797426035627723; 0,13232672680169344; 0,8152600307948887; 0,4106410928070545; 0,8527426389046013; 0,9799398565664887; 0,5510731739923358; 0,10414857231080532; 0,6716219168156385; 0,7288724384270608
0,9330700975611715; 0,6859900299459696; 0,9950841497629881; 0,1867334390990436; 0,18471820699051023; 0,40924382396042347; 0,47565059270709753; 0,22390678711235523; 0,3591395169496536; 0,07369293319061399; 0,29547819308936596
0,6883431228230769; 0,9918077699840069; 0,13773783203214407; 0,8640723777934909; 0,7083202316425741; 0,4399411976337433; 0,27201580395922065; 0,027673186268657446; 0,06877745175734162; 0,6188928717747331; 0,7968930406495929
0,07486162753938888; 0,3985479800030589; 0,6773613281548023; 0,30449005821719766; 0,532260665204376; 0,8397004599682987; 0,27506455685943365; 0,5711668776348233; 0,0431730430573225; 0,4112243978306651; 0,4812630172818899
0,8173655108413844; 0,33933423180133104; 0,21740941423922777; 0,436327020637691; 0,7077746423892677; 0,09206713130697608; 0,3805330926552415; 0,5865826094523072; 0,65201456239447; 0,23951526591554284; 0,03467945195734501
0,17140839606850355; 0,8016294217668474; 0,22365296864882112; 0,5129518709145486; 0,5536444829776883; 0,9895330332219601; 0,811308201868087; 0,7906236168928444; 0,6079979198984802; 0,9680387903936207; 0,7110538254491985
-0,9454412198222563; 0,312018018681556; 0,9802774526178837; 0,5244419793598354; 0,051518463995307684; 0,253191324416548; 0,1287782764993608; 0,6586379748769104; 0,15479430695995688; 0,9319489924237132; 0,4456818411126733
-0,7733784341068622; 0,21953712264075875; 0,10736605944111943; 0,33220250252634287; 0,9024159358814359; 0,2587659382261336; 0,7266742642968893; 0,7179202670231462; 0,46031848015263677; 0,768443230073899; 0,268181208986789
0,9950096355398921; 0,7438680743798614; 0,4414583435282111; 0,43815118446946144; 0,03425610437989235; 0,7753689638338983; 0,6771283848211169; 0,532212479505688; 0,6632455098442733; 0,6020907545462251; 0,9545377427712083
-0,9975833180313066; 0,5178057006560266; 0,49254779051989317; 0,9387051137164235; 0,8776494367048144; 0,07617535907775164; 0,8190950350835919; 0,33854551892727613; 0,8539371169172227; 0,7845829599536955; 0,5997428935952485
-0,8648988259693627; 0,5995126301422715; 0,6176731926389039; 0,5183152346871793; 0,3590034511871636; 0,060748778749257326; 0,43491967115551233; 0,4124366915784776; 0,05920004844665527; 0,4066143436357379; 0,6941425907425582
0,8653850527958973; 0,4472608370706439; 0,25211872858926654; 0,5910530318506062; 0,7361815273761749; 0,19915380608290434; 0,143400804605335; 0,7854739953763783; 0,778470822609961; 0,15890619112178683; 0,6396815753541887
0,9893908685059707; 0,8014907049946487; 0,2657334101386368; 0,11491231946274638; 0,684660020750016; 0,06689651450142264; 0,4240336553193629; 0,1544731818139553; 0,6534169684164226; 0,7128368690609932; 0,6883492758497596
0,9035278587565797; 0,7955374433659017; 0,370468245819211; 0,043699102476239204; 0,028669362887740135; 0,5617019576020539; 0,41388287441805005; 0,1143254954367876; 0,6743503864854574; 0,49272726383060217; 0,717962097376585
-0,958298693221122; 0,534339691977948; 0,20321497786790133; 0,3193303397856653; 0,5207415102049708; 0,37007552525028586; 0,26780712604522705; 0,9123034225776792; 0,09268875978887081; 0,6390925562009215; 0,6219497127458453
0,9981293257896539; 0,07232932932674885; 0,8413179782219231; 0,6564161297865212; 0,9635078846476972; 0,7674829713068902; 0,08644660701975226; 0,913286202121526; 0,3605855996720493; 0,34033841313794255; 0,29673427250236273
0,9088316917347401; 0,794036056380719; 0,9243098418228328; 0,7253885054960847; 0,27172656543552876; 0,627891723997891; 0,6903805574402213; 0,5676736906170845; 0,6645169770345092; 0,9021680150181055; 0,6880475236102939
0,9752954506417271; 0,7225354816764593; 0,9918127772398293; 0,7208764618262649; 0,08997764438390732; 0,430273505859077; 0,6584304333664477; 0,2930778958834708; 0,10714649688452482; 0,2779987477697432; 0,5950824171304703
0,9795845672051815; 0,9183831266127527; 0,6195881390012801; 0,5578551548533142; 0,6763953352347016; 0,6220994326286018; 0,9141961578279734; 0,10141156194731593; 0,9561745622195303; 0,3918834114447236; 0,7886627772822976
0,975360197290113; 0,3804867407307029; 0,6667965464293957; 0,36260933289304376; 0,7294880542904139; 0,9028949565254152; 0,8351049604825675; 0,09132425719872117; 0,3175747664645314; 0,5911069074645638; 0,03331863135099411
-0,7888466491793718; 0,08910664450377226; 0,1331391902640462; 0,1367905200459063; 0,08679253095760942; 0,4886416457593441; 0,9601447540335357; 0,9470055792480707; 0,14759458368644118; 0,8942430540919304; 0,4410977903753519
-0,8104341879767137; 0,955714488402009; 0,5862294267863035; 0,10383829614147544; 0,2073823632672429; 0,5493904673494399; 0,5144817992113531; 0,19042257266119123; 0,7351082940585911; 0,08952159527689219; 0,24155918369069695
0,4421566962838295; 0,9448351324535906; 0,7992240549065173; 0,5475461441092193; 0,03080242546275258; 0,9465115931816399; 0,938484460581094; 0,13439786015078425; 0,1943406113423407; 0,7134347045794129; 0,25859730830416083
0,9051673931953799; 0,3726594359613955; 0,42538626538589597; 0,7800194290466607; 0,11795760644599795; 0,4604745153337717; 0,1628651381470263; 0,5798351811245084; 0,09787542652338743; 0,38214424531906843; 0,769481806550175
0,378633105158663; 0,8133639255538583; 0,7293166113086045; 0,4805344259366393; 0,35073279310017824; 0,30114365136250854; 0,33313375897705555; 0,052666474133729935; 0,0990241514518857; 0,9208642151206732; 0,9879568605683744
-0,15932722899741752; 0,17636989941820502; 0,9747280371375382; 0,985127164516598; 0,334472571965307; 0,297848604619503; 0,5401764144189656; 0,9857160174287856; 0,3421454932540655; 0,8961248705163598; 0,155763051006943
0,8570411066153184; 0,3940546284429729; 0,5168709610588849; 0,13322517927736044; 0,021218970883637667; 0,4060108815319836; 0,431983994320035; 0,5787831200286746; 0,8942573145031929; 0,0013603405095636845; 0,8518594931811094
0,9936439234367035; 0,08981399750337005; 0,5113170826807618; 0,2939457418397069; 0,041614432353526354; 0,9251896990463138; 0,26553388638421893; 0,03822241397574544; 0,22921821242198348; 0,11928302515298128; 0,5541115654632449
0,9999245209605568; 0,7649128446355462; 0,5329305347986519; 0,8637070278637111; 0,5139949731528759; 0,7956119594164193; 0,1999479397200048; 0,1876980015076697; 0,10483574634417892; 0,7190614766441286; 0,9539913260377944
-0,0034363734837220368; 0,6354476395063102; 0,05388622684404254; 0,09194928593933582; 0,14342152420431376; 0,887920259963721; 0,7078400114551187; 0,9220701954327524; 0,4493719837628305; 0,895475865341723; 0,9729599519632757
0,7197653548193732; 0,4483027923852205; 0,3192759146913886; 0,35467046638950706; 0,2403027298860252; 0,3161125215701759; 0,8765564630739391; 0,901642891112715; 0,9711659895256162; 0,8096326719969511; 0,12491895211860538
0,800580050045996; 0,4133689426817; 0,3902954049408436; 0,5544496630318463; 0,27833956526592374; 0,7306845923885703; 0,5464809485711157; 0,5169502599164844; 0,7861748314462602; 0,010486313607543707; 0,7210220629349351
-0,750471174057467; 0,5395801290869713; 0,33489850955083966; 0,18247599713504314; 0,18766783457249403; 0,7101645022630692; 0,24892089562490582; 0,6422948879189789; 0,7655954239889979; 0,1106905722990632; 0,9068589122034609
-0,3972079332078822; 0,14852661918848753; 0,08090569404885173; 0,7263318547047675; 0,43064854852855206; 0,4005564386025071; 0,7636094815097749; 0,9908218681812286; 0,393988115247339; 0,3341342927888036; 0,28771513188257813
0,9627190433246424; 0,5031219641678035; 0,026042917277663946; 0,11575294751673937; 0,4097450692206621; 0,5469271619804204; 0,8712102496065199; 0,8020880823023617; 0,5492625487968326; 0,10671094944700599; 0,9751078309491277
0,9793836567464893; 0,6005457169376314; 0,966997710056603; 0,3985821888782084; 0,6015725145116448; 0,9107534061186016; 0,4667864008806646; 0,35742232017219067; 0,7709925482049584; 0,08490165369585156; 0,5968725052662194
0,963295367361059; 0,7624042825773358; 0,9743086285889149; 0,05001920880749822; 0,9410538249649107; 0,32829012302681804; 0,8073585228994489; 0,6968572167679667; 0,019536002539098263; 0,025794383138418198; 0,6948426277376711
-0,405410304956823; 0,17187474435195327; 0,17390518495813012; 0,9703050437383354; 0,2562611987814307; 0,5836804327555001; 0,5646224673837423; 0,27520357770845294; 0,8313151504844427; 0,13252678234130144; 0,911725552752614
0,946520527802575; 0,19580204552039504; 0,43023094395175576; 0,1434121234342456; 0,979670921806246; 0,7868731841444969; 0,7296482007950544; 0,17059432063251734; 0,5486686816439033; 0,755420898552984; 0,16616268316283822
0,8499058021277532; 0,37842879397794604; 0,2571243685670197; 0,6072752056643367; 0,9863540777005255; 0,6002276614308357; 0,31085463985800743; 0,4055241225287318; 0,5907550300471485; 0,2906445851549506; 0,6456110128201544
-0,9191543954980957; 0,250431299675256; 0,045547185000032187; 0,4914477579295635; 0,9336130879819393; 0,3032084568403661; 0,006531583145260811; 0,0011567343026399612; 0,8927617343142629; 0,3131124977953732; 0,1935349409468472
0,9241201443067179; 0,43322878796607256; 0,9165572496131063; 0,9833125821314752; 0,5910696354694664; 0,7195071782916784; 0,2835084469988942; 0,3788377116434276; 0,45327277202159166; 0,25766120525076985; 0,6585879535414279
0,8653444134562357; 0,08518339041620493; 0,177855113055557; 0,863968975841999; 0,7386433011852205; 0,8597615966573358; 0,8115462642163038; 0,48353249998763204; 0,4767786539159715; 0,4284969726577401; 0,661184293217957
-0,9792097975418873; 0,5859329081140459; 0,6197724128141999; 0,48499762592837214; 0,8052598908543587; 0,6529207266867161; 0,450746004935354; 0,28164310194551945; 0,6671060044318438; 0,13640723004937172; 0,44294419791549444
0,9752192596583791; 0,9682984338141978; 0,39880417147651315; 0,09426081087440252; 0,30958984373137355; 0,6698000454343855; 0,05071658082306385; 0,12119614752009511; 0,3564451658166945; 0,1876961407251656; 0,8876588474959135
-0,7529075385665382; 0,7880561668425798; 0,4288546796888113; 0,227645268663764; 0,20540350396186113; 0,0486871381290257; 0,16708166105672717; 0,1489280262030661; 0,721631133928895; 0,009360733907669783; 0,02851053699851036
-0,19459442124788043; 0,1304654642008245; 0,4924248200841248; 0,3397746295668185; 0,20081245945766568; 0,13434357708320022; 0,12898528296500444; 0,6784911244176328; 0,8641524277627468; 0,8628572537563741; 0,8340898980386555
0,9545496022454641; 0,9603142952546477; 0,8799442946910858; 0,11293489672243595; 0,9955807430669665; 0,6993276705034077; 0,44821801874786615; 0,1461302018724382; 0,1589677012525499; 0,6372709982097149; 0,13402781495824456
0,8382805530358789; 0,25018115993589163; 0,9759839475154877; 0,4842103854753077; 0,14759920025244355; 0,23106035217642784; 0,07607468962669373; 0,7575550791807473; 0,6727134571410716; 0,6258325148373842; 0,49458786426112056
0,6576046257479423; 0,7764143492095172; 0,865135922562331; 0,7817547372542322; 0,3606560383923352; 0,511585358530283; 0,5741895465180278; 0,32322894781827927; 0,5646551884710789; 0,657503713387996; 0,7948935409076512
0,8875882102982359; 0,3804576424881816; 0,6010935041122139; 0,631911626085639; 0,6040905988775194; 0,8395455409772694; 0,26761820958927274; 0,7634100909344852; 0,45726060727611184; 0,7575840270146728; 0,5669885165989399
0,9998872797514867; 0,1455524070188403; 0,16209504939615726; 0,38258431758731604; 0,7546663270331919; 0,9497142126783729; 0,13652300788089633; 0,79184585576877; 0,5184173742309213; 0,4595400816760957; 0,8113280921243131
0,9965851625200883; 0,7118379171006382; 0,5456925546750426; 0,8636716767214239; 0,5406728535890579; 0,8952523767948151; 0,9787084814161062; 0,9148951265960932; 0,1790031581185758; 0,697135619353503; 0,17371746385470033
0,47109373324820175; 0,4515659874305129; 0,7765356819145381; 0,8101077866740525; 0,15248562255874276; 0,6076263156719506; 0,021699049975723028; 0,8239909363910556; 0,7459239410236478; 0,3072299836203456; 0,23365334374830127
0,9339968545456342; 0,382640628144145; 0,4721796019002795; 0,014683425892144442; 0,7384106889367104; 0,4720920929685235; 0,02484813705086708; 0,09313315199688077; 0,9140033205039799; 0,28417815221473575; 0,6741154962219298
-0,992013861204412; 0,02524068020284176; 0,060457630548626184; 0,7236900022253394; 0,5088075161911547; 0,20658668270334601; 0,9197274870239198; 0,3063922510482371; 0,7696777153760195; 0,9028666843660176; 0,5906666372902691
0,9968548887285724; 0,643283826764673; 0,17535696597769856; 0,8480267580598593; 0,8768895277753472; 0,20698673697188497; 0,22500584973022342; 0,14004588779062033; 0,11021701013669372; 0,7529275803826749; 0,21505230758339167
0,9351128975881082; 0,7666775630787015; 0,38138190377503633; 0,37412291252985597; 0,022603130899369717; 0,9012235649861395; 0,5920449919067323; 0,984775869641453; 0,6994714038446546; 0,8760907114483416; 0,9564066133461893
0,4427367709133347; 0,8585287411697209; 0,9281288161873817; 0,21432212786749005; 0,4834596845321357; 0,8935861173085868; 0,776208798866719; 0,12190616736188531; 0,2684110403060913; 0,6913200407288969; 0,8547497969120741
0,8942042834943331; 0,4282809100113809; 0,6106784613803029; 0,9960957281291485; 0,6348094958811998; 0,8197114723734558; 0,9017541958019137; 0,09837011387571692; 0,6761766173876822; 0,7234961413778365; 0,578691422007978
0,5712174376445913; 0,9770774333737791; 0,5979505740106106; 0,5995682780630887; 0,14482794282957911; 0,8251363420858979; 0,8179253325797617; 0,6371116661466658; 0,11415742477402091; 0,1841184957884252; 0,8901838967576623
0,723520883553214; 0,5609055985696614; 0,3482446102425456; 0,3951232274994254; 0,6230859556235373; 0,6765982308425009; 0,750092442613095; 0,5749267619103193; 0,09513022936880589; 0,09857064904645085; 0,9090996766462922
0,9393846827667117; 0,03233953844755888; 0,7596079837530851; 0,019054239615797997; 0,23208306729793549; 0,03184078773483634; 0,40389928594231606; 0,4000935610383749; 0,07102160854265094; 0,18181263515725732; 0,4029975482262671
0,95494949235499; 0,39069464011117816; 0,021697791293263435; 0,44282224541530013; 0,2519630934111774; 0,001072470098733902; 0,4151246650144458; 0,9919101255945861; 0,7190115288831294; 0,5397636517882347; 0,8000447126105428
-0,9865778084393247; 0,36771390587091446; 0,4340769750997424; 0,5441400622949004; 0,2300692112185061; 0,4666666593402624; 0,8931267447769642; 0,03553376952186227; 0,1110839401371777; 0,8180927112698555; 0,1663327906280756
0,47005365786452974; 0,9049904746934772; 0,5209209294989705; 0,12747168354690075; 0,6794516621157527; 0,12677778536453843; 0,48788213776424527; 0,3269740557298064; 0,48132095020264387; 0,999347832519561; 0,6743555222637951
0,7025368361145056; 0,3533297758549452; 0,6222796742804348; 0,7963657253421843; 0,44638290675356984; 0,7128738057799637; 0,2696219808422029; 0,47696051420643926; 0,21943432558327913; 0,47360013192519546; 0,07719629351049662
0,790047689386072; 0,7260620319284499; 0,9038940584287047; 0,43777745496481657; 0,4835943002253771; 0,2297359462827444; 0,9440772766247392; 0,06706392439082265; 0,04801853187382221; 0,2814451679587364; 0,7550203297287226
0,654290246043801; 0,5386404083110392; 0,8222536290995777; 0,9885059208609164; 0,4603208042681217; 0,8717543384991586; 0,9601209932006896; 0,4864320009946823; 0,7078332798555493; 0,19061651034280658; 0,5870679095387459
0,8621536028778849; 0,8669449030421674; 0,7994904299266636; 0,612374225165695; 0,3589064502157271; 0,029347820207476616; 0,5683989292010665; 0,15837923903018236; 0,47026143688708544; 0,39173332368955016; 0,8826260538771749
-0,9999702093120629; 0,5794839458540082; 0,9578818543814123; 0,8331727320328355; 0,6678695599548519; 0,9629959152080119; 0,7424273421056569; 0,24098891951143742; 0,3665769579820335; 0,6118672024458647; 0,37427430786192417
0,9060372395630547; 0,9074440021067858; 0,04537774669006467; 0,5511679416522384; 0,3147278963588178; 0,7901347866281867; 0,1845275773666799; 0,4135592454113066; 0,6621497361920774; 0,31670357612892985; 0,5915651563555002
0,9727044912088154; 0,023810332641005516; 0,7267962340265512; 0,4383046277798712; 0,3782781707122922; 0,6462891828268766; 0,39537936029955745; 0,691615866497159; 0,40127170318737626; 0,35302335396409035; 0,5120679326355457
-0,9999692109282756; 0,3716090335510671; 0,95610481640324; 0,32354722591117024; 0,40581618854776025; 0,21379481721669436; 0,8510526111349463; 0,0788248535245657; 0,43450853368267417; 0,5132242636755109; 0,6805836074054241
-0,8700959458616718; 0,834006514865905; 0,39291653176769614; 0,9499527984298766; 0,5376122086308897; 0,3374650781042874; 0,512875665910542; 0,9407082041725516; 0,49752397928386927; 0,03776884824037552; 0,8347710184752941
0,01683399518562934; 0,7110405028797686; 0,1409269580617547; 0,45766619546338916; 0,23727998277172446; 0,7352342666126788; 0,026394751388579607; 0,2469071950763464; 0,9386069420725107; 0,5568627105094492; 0,5281419767998159
0,9396873380268576; 0,07395173376426101; 0,653463052585721; 0,3606387688778341; 0,4717262634076178; 0,12223800737410784; 0,9500805917195976; 0,22345550637692213; 0,347605905495584; 0,06282451236620545; 0,12804694008082151
0,7359147634048405; 0,7280819695442915; 0,026255978737026453; 0,7351792198605835; 0,6312248087488115; 0,02711980976164341; 0,770435179118067; 0,862099735531956; 0,7643552031368017; 0,3057635328732431; 0,32632732950150967
0,11772535453706022; 0,10539831640198827; 0,7487873649224639; 0,7721369434148073; 0,7759116934612393; 0,025543533265590668; 0,23528912896290421; 0,6801874488592148; 0,4742089859209955; 0,1858278433792293; 0,7970988224260509
0,36167626330674785; 0,39685533102601767; 0,20212368899956346; 0,561983345542103; 0,21168895158916712; 0,5642463378608227; 0,31657077465206385; 0,1863699210807681; 0,5693532079458237; 0,5708774761296809; 0,5836575222201645
0,6330489714352115; 0,08148193405941129; 0,5529163163155317; 0,215348937548697; 0,961562221404165; 0,007812723517417908; 0,8173050777986646; 0,933490420691669; 0,3746456438675523; 0,3631105930544436; 0,3592334291897714
0,8459898543502643; 0,4921228657476604; 0,39547473983839154; 0,6238658051006496; 0,4391403472982347; 0,8249432346783578; 0,34838970471173525; 0,41768923169001937; 0,2760293139144778; 0,9334831619635224; 0,21331731183454394
0,7210427513395272; 0,19144345168024302; 0,22449873806908727; 0,06905589811503887; 0,9703911589458585; 0,8546487344428897; 0,15504364855587482; 0,35272514121606946; 0,9998025633394718; 0,467327781021595; 0,8406431479379535
0,16278741706016783; 0,9249989707022905; 0,5435260566882789; 0,9169697463512421; 0,6206598561257124; 0,08780341362580657; 0,7256112620234489; 0,6537739555351436; 0,14745510276407003; 0,8760890075936913; 0,3299148539081216
0,9869604519053303; 0,11994408769533038; 0,7739671119488776; 0,11443140078336; 0,8892553048208356; 0,346067288890481; 0,5421997429803014; 0,8037416320294142; 0,12238905020058155; 0,9718041024170816; 0,11795224249362946
-0,9872962233463569; 0,7586981495842338; 0,48356400802731514; 0,7597915772348642; 0,3039468168281019; 0,3738227803260088; 0,44768810039386153; 0,7394776488654315; 0,5394972981885076; 0,264336162712425; 0,9292065785266459
-0,9901331165106765; 0,13332851976156235; 0,29543890384957194; 0,33329387847334146; 0,7325289915315807; 0,585957161616534; 0,8279797290451825; 0,07274569710716605; 0,5652341241948307; 0,04835382429882884; 0,42237100983038545
0,9555299333217506; 0,5230221259407699; 0,5475147780962288; 0,5276862462051213; 0,9348715976811945; 0,2975755799561739; 0,5612026159651577; 0,7269466645084321; 0,7882987633347511; 0,9162141066044569; 0,19610141264274716
0,9993614448672433; 0,25464583514258265; 0,9015957326628268; 0,39768443861976266; 0,7921833624131978; 0,035145229659974575; 0,5994005468674004; 0,5332330209203064; 0,1556475437246263; 0,8356590396724641; 0,867550564929843
0,8905706495298786; 0,3505511311814189; 0,7329919617623091; 0,0037054591812193394; 0,38227190962061286; 0,832353325560689; 0,2725064638070762; 0,8207433656789362; 0,33921690192073584; 0,16556472796946764; 0,46943290438503027
0,9657984209578356; 0,2925870078615844; 0,6700509795919061; 0,5714461547322571; 0,548604832496494; 0,9382626218721271; 0,09719341807067394; 0,8445933265611529; 0,8737571835517883; 0,6258225892670453; 0,7093219957314432
0,9757960446688522; 0,8433532966300845; 0,49040705617517233; 0,453002308961004; 0,46643061516806483; 0,567954349797219; 0,7158501329831779; 0,47984292823821306; 0,19923034636303782; 0,5370027506724; 0,1919320672750473
0,9812830062115083; 0,9916092632338405; 0,7850877814926207; 0,5345912766642869; 0,6697398414835334; 0,5286456430330873; 0,5766668519936502; 0,8005234654992819; 0,7778172809630632; 0,9178260704502463; 0,48151170928031206
0,6874973053237814; 0,8077332000248134; 0,9439020319841802; 0,6844949144870043; 0,9684033920057118; 0,019747326616197824; 0,9131264938041568; 0,6209502858109772; 0,1363122737966478; 0,33920898847281933; 0,670580209698528
0,2765734313858722; 0,5068230275064707; 0,5339659312739968; 0,4284924892708659; 0,6240265760570765; 0,9032709817402065; 0,8804375305771828; 0,0011806669645011425; 0,6199713707901537; 0,6197705357335508; 0,3666315097361803
0,7557175561086836; 0,2148421360179782; 0,10510784573853016; 0,8079344057478011; 0,3049063701182604; 0,5278194919228554; 0,8687613201327622; 0,7130604418925941; 0,5448285224847496; 0,9549188120290637; 0,0735988775268197
-0,9950304141562912; 0,9911432415246964; 0,7247358355671167; 0,8783663124777377; 0,2836926141753793; 0,41297271847724915; 0,5762704066000879; 0,5925920270383358; 0,8749728775583208; 0,4465281432494521; 0,8232621266506612
0,8583896161371649; 0,893091153819114; 0,7957469727844; 0,7682852726429701; 0,11235836613923311; 0,9548921696841717; 0,5553014697507024; 0,2248465488664806; 0,22424790961667895; 0,3239886057563126; 0,616982557810843
-0,5396960774358244; 0,845215707551688; 0,6330508184619248; 0,4667410091497004; 0,4923490434885025; 0,6513893604278564; 0,47220727894455194; 0,9247867846861482; 0,7741203838959336; 0,42140086460858583; 0,02713090879842639
0,5159609636381308; 0,11248574173077941; 0,7353528165258467; 0,8150447369553149; 0,2799487365409732; 0,022702835965901613; 0,7250265823677182; 0,37097162939608097; 0,299015358556062; 0,21453252295032144; 0,3308017710223794
-0,8626566505372062; 0,7041144235990942; 0,6046153511852026; 0,9398548118770123; 0,8690934577025473; 0,4265276351943612; 0,7136277798563242; 0,584251961670816; 0,6779972901567817; 0,27773331105709076; 0,4488265076652169
-0,630350185643711; 0,41462464164942503; 0,3057598057202995; 0,7731160968542099; 0,5198688698001206; 0,7842880734242499; 0,7062893533147871; 0,15541343297809362; 0,0777824311517179; 0,8830233202315867; 0,17195287346839905
0,976914291987555; 0,26085659489035606; 0,10968441935256124; 0,5666951113380492; 0,5850710836239159; 0,9238723972812295; 0,32447824999690056; 0,33386165788397193; 0,9751434838399291; 0,01141821825876832; 0,8444204642437398
0,927487815443797; 0,19579984992742538; 0,8256179760210216; 0,7020296757109463; 0,20923320623114705; 0,9716952182352543; 0,9611318008974195; 0,521402757614851; 0,1998375323601067; 0,7587553267367184; 0,31439373129978776
0,9945942064156236; 0,00542211951687932; 0,46226539090275764; 0,3558158432133496; 0,9180679246783257; 0,9443078846670687; 0,2464268640615046; 0,812859577126801; 0,03598285652697086; 0,03421215247362852; 0,6011307858861983
-0,008461990971632145; 0,953569692093879; 0,30447396356612444; 0,33271307637915015; 0,8198706759139895; 0,7999056181870401; 0,06986785540357232; 0,1270611654035747; 0,9100172240287066; 0,06303405296057463; 0,08654713584110141
-0,6809681382154475; 0,05902232229709625; 0,3189906198531389; 0,34160177735611796; 0,4956440841779113; 0,5688963136635721; 0,5425626011565328; 0,273177333176136; 0,1810360043309629; 0,6560328141786158; 0,030194994062185287
0,760934218667798; 0,21092795301228762; 0,8448991840705276; 0,9441308514215052; 0,12900827219709754; 0,9366525216028094; 0,42775082401931286; 0,035881648771464825; 0,11035628244280815; 0,689594030380249; 0,8357376591302454
0,6279835076398954; 0,6288057123310864; 0,745583273936063; 0,2785459319129586; 0,018665172159671783; 0,4301733379252255; 0,14390200190246105; 0,08549760608002543; 0,16388314543291926; 0,7256390498951077; 0,17017458891496062
0,9823330165590706; 0,14894558116793633; 0,6822818117216229; 0,051083582919090986; 0,6379718789830804; 0,5556445461697876; 0,4423931026831269; 0,8877346147783101; 0,8169401320628822; 0,6665509678423405; 0,8708883477374911
-0,7803418357509988; 0,15962081076577306; 0,9328714781440794; 0,36104092467576265; 0,08829415496438742; 0,8508235448971391; 0,6959067536517978; 0,5237185768783092; 0,2651026239618659; 0,8989871330559254; 0,3829346839338541
0,4450832294369612; 0,4621988502331078; 0,8524994193576276; 0,11312809307128191; 0,24537201272323728; 0,8600855064578354; 0,9222101806662977; 0,3706204160116613; 0,8947940454818308; 0,3011117004789412; 0,05848550982773304
0,9096779517455427; 0,3421510369516909; 0,22725112596526742; 0,8577964035794139; 0,07387735648080707; 0,9892329117283225; 0,6847164817154408; 0,693642548751086; 0,9302694727666676; 0,8785142684355378; 0,011452495120465755
0,2846880032657163; 0,15306222438812256; 0,9757247092202306; 0,16993449768051505; 0,3613140075467527; 0,010735615622252226; 0,6954041356220841; 0,6180101633071899; 0,23228625999763608; 0,7723889616318047; 0,27814462780952454
0,9987765695314631; 0,46241733711212873; 0,954870733898133; 0,9163431324996054; 0,06106227729469538; 0,4977532564662397; 0,0946941738948226; 0,3490737131796777; 0,34674935741350055; 0,25289975479245186; 0,7126479358412325
-0,9766002907601232; 0,034090986009687185; 0,4551399047486484; 0,7686230964027345; 0,9501968463882804; 0,16939524468034506; 0,49973121006041765; 0,5940055819228292; 0,41575388284400105; 0,6644259090535343; 0,6558662676252425
0,8616098278533662; 0,7268713777884841; 0,6509367609396577; 0,6998204397968948; 0,13868548208847642; 0,22070091776549816; 0,5046654772013426; 0,03875334141775966; 0,1774527383968234; 0,9141100426204503; 0,8952673287130892
0,9153626724454242; 0,6929768393747509; 0,937944901175797; 0,007840489968657494; 0,40527167497202754; 0,8757290001958609; 0,9742745235562325; 0,9601388871669769; 0,4296804526820779; 0,9471832448616624; 0,354624898172915
-0,23128378448064343; 0,9488463373854756; 0,3858576873317361; 0,2669173330068588; 0,3558249091729522; 0,5800945749506354; 0,7952724155038595; 0,17061871895566583; 0,796412737108767; 0,3413601494394243; 0,16505701700225472
-0,2106118546362298; 0,4294837755151093; 0,6696984013542533; 0,9037148924544454; 0,7668792512267828; 0,2359770811162889; 0,116909503005445; 0,20803986815735698; 0,3821283159777522; 0,10235311416909099; 0,4123844397254288
0,7687230899114623; 0,2977875634096563; 0,7084078649058938; 0,1931028664112091; 0,7859194818884134; 0,35903230076655746; 0,2477008607238531; 0,4640301773324609; 0,18565284833312035; 0,21941305976361036; 0,30323970364406705
0,20992428814432534; 0,43060539569705725; 0,461629091296345; 0,0811730264686048; 0,31573086651042104; 0,8686132770963013; 0,7655555680394173; 0,9066976774483919; 0,14801711309701204; 0,06653492758050561; 0,03299699164927006
0,5800964959656382; 0,0463238637894392; 0,05324266944080591; 0,3732537077739835; 0,7677178047597408; 0,06466381065547466; 0,08724188851192594; 0,1469048229046166; 0,6587636820040643; 0,836463880725205; 0,41471270425245166
0,8878074881196721; 0,570914757438004; 0,12466471875086427; 0,8552876701578498; 0,8946032710373402; 0,29802859481424093; 0,015031347051262856; 0,47011008439585567; 0,7202121643349528; 0,6594870910048485; 0,3868322395719588
0,8633726768593598; 0,8241636953316629; 0,5800329870544374; 0,6154138138517737; 0,7708200751803815; 0,9598906519822776; 0,5349087985232472; 0,2957212454639375; 0,17654132097959518; 0,013706422410905361; 0,9564290009438992
0,9613552704417856; 0,1156887742690742; 0,7478068512864411; 0,6835832451470196; 0,621713335160166; 0,42374606197699904; 0,31688114954158664; 0,022625669836997986; 0,8747405018657446; 0,4016939243301749; 0,8109196997247636
0,9930210613683857; 0,6108269724063575; 0,20671235816553235; 0,9755562716163695; 0,9584522442892194; 0,5631023440510035; 0,9899791642092168; 0,9596393103711307; 0,9137140880338848; 0,26429582806304097; 0,7673782981000841
-0,9547530055823789; 0,4029112523421645; 0,7742974003776908; 0,7605838319286704; 0,5690875821746886; 0,8683619317598641; 0,8540913751348853; 0,7051937230862677; 0,3439641799777746; 0,8799832193180919; 0,09301266120746732
0,6780703271833701; 0,6224871170707047; 0,7156972084194422; 0,3828247911296785; 0,03823830373585224; 0,30203058617189527; 0,2699454906396568; 0,12521375063806772; 0,3999568112194538; 0,6482429238967597; 0,2201297082938254
0,9582247870623131; 0,40657530119642615; 0,07621195260435343; 0,18630616832524538; 0,7670571622438729; 0,023545920383185148; 0,005862942431122065; 0,6270598387345672; 0,5436421455815434; 0,7060877541080117; 0,7055135620757937
-0,014428151159656198; 0,13867126312106848; 0,7879077135585248; 0,42391718132421374; 0,234419169370085; 0,8790915687568486; 0,5443765828385949; 0,7858163020573556; 0,8834652481600642; 0,3889128635637462; 0,041607173159718513
0,3801204431351282; 0,5939971194602549; 0,17853671731427312; 0,19333437085151672; 0,05371645884588361; 0,07919520139694214; 0,6165042291395366; 0,3732136469334364; 0,31495189061388373; 0,4603877551853657; 0,4444585582241416
0,8440137884333346; 0,4693288691341877; 0,17846111487597227; 0,5238151960074902; 0,7135100751183927; 0,8775135753676295; 0,6928546847775578; 0,9375557559542358; 0,014104627072811127; 0,7741081723943353; 0,5013215076178312
0,7116340110370258; 0,42387989396229386; 0,5512300818227232; 0,08226038981229067; 0,13166538393124938; 0,3413737486116588; 0,18869743077084422; 0,3635095632635057; 0,8580588777549565; 0,6818922748789191; 0,9270288739353418
0,6047908595645511; 0,7803652998991311; 0,3164178295992315; 0,4895330681465566; 0,12301316997036338; 0,9117061975412071; 0,7465886077843606; 0,3234768840484321; 0,6370788016356528; 0,4029801422730088; 0,8585083801299334
0,9997187511665974; 0,9499205010943115; 0,9292121771723032; 0,7744883680716157; 0,14364537969231606; 0,7211856194771826; 0,3217636961489916; 0,6994379814714193; 0,7238207217305899; 0,9858532892540097; 0,3371125631965697
-0,3762563365895236; 0,5876812944188714; 0,3022615169174969; 0,7146934703923762; 0,5374639919027686; 0,5493367989547551; 0,7834950922988355; 0,8060177695006132; 0,9965146970935166; 0,4709167378023267; 0,15765969082713127
0,3022406770823741; 0,3713006628677249; 0,49034189246594906; 0,417528681922704; 0,6264886213466525; 0,5708639253862202; 0,8426534654572606; 0,6462348159402609; 0,03841267293319106; 0,7318308865651488; 0,6755133271217346
0,9282792364339841; 0,45485537499189377; 0,8409886956214905; 0,6495023109018803; 0,47651357389986515; 0,524503979831934; 0,03823842480778694; 0,5048937015235424; 0,12296344200149179; 0,7136639431118965; 0,9406717922538519
0,37639689317998143; 0,45602609356865287; 0,7472904738970101; 0,6120333569124341; 0,07423737738281488; 0,5868009743280709; 0,3587547675706446; 0,711593032348901; 0,6756151528097689; 0,9967443607747555; 0,12422467116266489
-0,6607980713957378; 0,9949712287634611; 0,9792100470513105; 0,3172406847588718; 0,1486354721710086; 0,4201467768289149; 0,9908206723630428; 0,09398280922323465; 0,3458421267569065; 0,28100951528176665; 0,5389878870919347
0,8968996875006564; 0,9203098150901496; 0,9799883626401424; 0,23919945722445846; 0,42760550044476986; 0,30337917152792215; 0,7015332663431764; 0,4299372574314475; 0,7493900903500617; 0,6265080021694303; 0,6855870303697884
-0,6985594022445631; 0,2639129012823105; 0,23467013519257307; 0,5445522326044738; 0,1887575089931488; 0,049779266119003296; 0,6707733077928424; 0,12240761565044522; 0,7418736815452576; 0,2579211834818125; 0,34277970530092716
0,9723061754647722; 0,9721969868987799; 0,1194461383856833; 0,39090951113030314; 0,19065915327519178; 0,7770994999445975; 0,4722925443202257; 0,5356736513786018; 0,757449212949723; 0,4699665135703981; 0,25705366488546133
0,8053802497400462; 0,7780390945263207; 0,2804799284785986; 0,26285047037526965; 0,4436253937892616; 0,8538953545503318; 0,9384173480793834; 0,8837400260381401; 0,09837550483644009; 0,0224015936255455; 0,07966102007776499
0,8990085262591907; 0,06674619717523456; 0,4424067451618612; 0,5858743679709733; 0,6445208643563092; 0,029067915864288807; 0,47950282599776983; 0,1937072710134089; 0,43642962211742997; 0,9364650300703943; 0,568604517262429
-0,7496441283427309; 0,0933369011618197; 0,7116115181706846; 0,7226311210542917; 0,6639573480933905; 0,5987490117549896; 0,3080749255605042; 0,018476559314876795; 0,3983801412396133; 0,757601204328239; 0,3806525352410972
0,956394795615815; 0,6956005045212805; 0,21300824219360948; 0,40278809145092964; 0,582335471175611; 0,6908359066583216; 0,7304135295562446; 0,20935080153867602; 0,24997561378404498; 0,35438617039471865; 0,008068538270890713
0,8906364389026333; 0,9663343844003975; 0,22811794793233275; 0,6568094273097813; 0,1740202372893691; 0,8420785735361278; 0,7593198851682246; 0,3106385422870517; 0,027256695087999105; 0,2602052204310894; 0,5914279073476791
0,9972169456641606; 0,9084651246666908; 0,23786045564338565; 0,6001855051144958; 0,19491261057555676; 0,31360121397301555; 0,3078952366486192; 0,97580884443596; 0,9038560409098864; 0,9624067507684231; 0,15884940326213837
0,7928034835094534; 0,6414778595790267; 0,35270972875878215; 0,6858045007102191; 0,8343325457535684; 0,8110177805647254; 0,8034140835516155; 0,8946076049469411; 0,5253048278391361; 0,7431364725343883; 0,08751757349818945
0,20824539422439634; 0,8580276831053197; 0,5607332442887127; 0,7517920089885592; 0,9192073163576424; 0,049050129018723965; 0,8881026450544596; 0,5342302019707859; 0,916716184001416; 0,5751868956722319; 0,6478941859677434
0,9875889570315952; 0,21860264567658305; 0,7014931901358068; 0,8567592715844512; 0,6129716201685369; 0,09824998350813985; 0,011201377492398024; 0,4899832368828356; 0,7380276890471578; 0,5729713519103825; 0,37984400941058993
-0,31844552175554036; 0,37510830722749233; 0,6528351409360766; 0,27905081072822213; 0,7988248569890857; 0,5816787709482014; 0,20237741013988853; 0,04450382525101304; 0,22412327723577619; 0,9156521619297564; 0,6323376819491386
0,9849934692700769; 0,5565439080819488; 0,7110124239698052; 0,1160770133137703; 0,7343457094393671; 0,9709221115335822; 0,4075300171971321; 0,7989755389280617; 0,5296677686274052; 0,048151382710784674; 0,9841031092219055
0,873050123034843; 0,47924662195146084; 0,24619895638898015; 0,6873353873379529; 0,1479931203648448; 0,12512415647506714; 0,1608655690215528; 0,18138457229360938; 0,1161401211284101; 0,48746177228167653; 0,14987026154994965
0,9523206418818339; 0,44000858906656504; 0,7149566849693656; 0,596561131067574; 0,31254004081711173; 0,010930039919912815; 0,5564401014707983; 0,8408832191489637; 0,5780710517428815; 0,9460083437152207; 0,916408731136471
-0,6781578890736081; 0,11256874352693558; 0,4254512847401202; 0,9513507406227291; 0,8405641033314168; 0,2503929762169719; 0,49921725038439035; 0,8171325796283782; 0,4922202480956912; 0,9438110589981079; 0,9173339614644647
-0,8493271019751177; 0,2796985721215606; 0,1596102430485189; 0,20527488132938743; 0,4265653984621167; 0,9712980752810836; 0,1916449684649706; 0,39051741221919656; 0,5825662952847779; 0,35410056775435805; 0,09298110334202647
-0,05466968674731534; 0,695418547373265; 0,24287047889083624; 0,34104990446940064; 0,17617421597242355; 0,6563106733374298; 0,9390383772552013; 0,8724920777603984; 0,24081812938675284; 0,5463411258533597; 0,3667379948310554
0,7189540666152566; 0,3695544586516917; 0,3134277234785259; 0,19766999362036586; 0,4820219296962023; 0,9904694147408009; 0,2944505368359387; 0,6762160621583462; 0,9745610244572163; 0,4973102379590273; 0,24046480236575007
0,5603144993876144; 0,449860293418169; 0,42553017660975456; 0,43519560154527426; 0,1657409048639238; 0,0321979746222496; 0,10004573222249746; 0,19153007306158543; 0,4564199410378933; 0,5471780397929251; 0,44026083033531904
0,024293929799264136; 0,0005874144844710827; 0,790126365609467; 0,8462829203344882; 0,06150101404637098; 0,23953951010480523; 0,8562913602218032; 0,17428028909489512; 0,8433666652999818; 0,47525971895083785; 0,053280224557965994
0,8920886354593315; 0,8044392908923328; 0,17938339058309793; 0,002386540174484253; 0,07425875589251518; 0,6347792530432343; 0,9323502853512764; 0,05440283240750432; 0,039333194494247437; 0,6799601097591221; 0,20783744798973203
-0,3713836899126384; 0,32614462031051517; 0,8281915737316012; 0,9603323345072567; 0,40553419245406985; 0,7723421594128013; 0,1979646892286837; 0,0233603292144835; 0,9196998877450824; 0,9353728387504816; 0,6954275732859969
0,18663512121306694; 0,38142855232581496; 0,004541321657598019; 0,29235574044287205; 0,7657892564311624; 0,5607573124580085; 0,758245094679296; 0,2173575172200799; 0,64114855742082; 0,26602318277582526; 0,3981242701411247
0,7022919057262224; 0,46358673414215446; 0,7510864273644984; 0,32829061057418585; 0,4144366020336747; 0,44277169136330485; 0,5331792673096061; 0,5415915222838521; 0,14135857671499252; 0,6218490982428193; 0,8917407654225826
0,17115092198465906; 0,26422620192170143; 0,9049665979109704; 0,9591739713214338; 0,3498916458338499; 0,22643305687233806; 0,5029962179251015; 0,092679712921381; 0,8598028048872948; 0,3449108209460974; 0,9835806894116104
-0,19697999882848707; 0,13854885753244162; 0,11762488493695855; 0,15213849069550633; 0,5119695444591343; 0,11907343845814466; 0,8937462200410664; 0,33957086224108934; 0,33793674129992723; 0,5819746442139149; 0,08147252723574638
0,9998111603365631; 0,2031077523715794; 0,4887535450980067; 0,04209476429969072; 0,772515385877341; 0,00020293379202485085; 0,5430812807753682; 0,704001871868968; 0,4283509775996208; 0,02994071738794446; 0,7183088129386306
0,9707924286604697; 0,7817109334282577; 0,9018504405394197; 0,6901352247223258; 0,11840821849182248; 0,15574371116235852; 0,23547340696677566; 0,9087482281029224; 0,46655118977651; 0,6559958960860968; 0,6456703166477382
0,18291113562443662; 0,3196832309477031; 0,3496361905708909; 0,5213238941505551; 0,456991505343467; 0,5775238871574402; 0,7656539971940219; 0,9161155633628368; 0,4562635510228574; 0,13906890992075205; 0,9077609325759113
0,5941209438847023; 0,2123846742324531; 0,17985903518274426; 0,8605297883041203; 0,17555489391088486; 0,9290053150616586; 0,6025485177524388; 0,10539301997050643; 0,7499486436136067; 0,7814776115119457; 0,3365159397944808
-0,593944169334687; 0,5794646493159235; 0,8081458089873195; 0,4376018517650664; 0,03562613530084491; 0,1337849237024784; 0,9731540004722774; 0,7344549773260951; 0,26462490297853947; 0,6114891143515706; 0,3813633816316724
0,9901814200761; 0,9604433439671993; 0,2713719508610666; 0,5483003035187721; 0,8971463050693274; 0,9241707623004913; 0,4272488849237561; 0,04344676062464714; 0,7070380547083914; 0,9196321065537632; 0,5237965155392885
0,3210108072153348; 0,46247714199125767; 0,7549340231344104; 0,26463219709694386; 0,47132953628897667; 0,15887207770720124; 0,9488899204879999; 0,2797260475344956; 0,4665283774957061; 0,00016761478036642075; 0,6322114481590688
0,18261314286989885; 0,030769757460802794; 0,010505078360438347; 0,32833121297881007; 0,18872436974197626; 0,20125741651281714; 0,6996340216137469; 0,5398541772738099; 0,2314197407104075; 0,1425420083105564; 0,3113538254983723
0,9901960568938364; 0,3574702409096062; 0,5776831791736186; 0,35655916947871447; 0,6993432519957423; 0,9436395997181535; 0,47902112966403365; 0,10240264236927032; 0,9083715979941189; 0,5451824390329421; 0,97369698388502
0,536174461818947; 0,35417616181075573; 0,9170612813904881; 0,9132511997595429; 0,1912067993544042; 0,19175187684595585; 0,9966656323522329; 0,25375355314463377; 0,9054979775100946; 0,3883275161497295; 0,7120996601879597
0,49929394750322603; 0,34630618477240205; 0,7900704368948936; 0,88854337669909; 0,20950336707755923; 0,31366508919745684; 0,5416154605336487; 0,8327405587770045; 0,9440926504321396; 0,7582007297314703; 0,44705661479383707
0,939163594433729; 0,8285370310768485; 0,6431946125812829; 0,6726647121831775; 0,2999649425037205; 0,2572073577903211; 0,6547883953899145; 0,5846038535237312; 0,5488274483941495; 0,06103331781923771; 0,6608126433566213
-0,9516776092725518; 0,4711290542036295; 0,03984025679528713; 0,9778584442101419; 0,04170976858586073; 0,6791688110679388; 0,1902748798020184; 0,42502813693135977; 0,05048892367631197; 0,3178982175886631; 0,807073843665421
-0,32310163359140676; 0,8376151020638645; 0,7396209426224232; 0,8879684014245868; 0,8115463382564485; 0,46726028248667717; 0,4595971922390163; 0,10047905193641782; 0,8583248821087182; 0,3684923597611487; 0,41607210924848914
0,3891227667294515; 0,7034167558886111; 0,7178555182181299; 0,271450927015394; 0,1956250285729766; 0,12056672805920243; 0,5138593367300928; 0,1569240572862327; 0,7205121545121074; 0,3004608261398971; 0,6789276814088225
-0,9940496454294037; 0,8976626074872911; 0,7753527681343257; 0,8262199345044792; 0,059379858430475; 0,5108864679932594; 0,6590640139766037; 0,38579901214689016; 0,9385790540836751; 0,22222431609407067; 0,32584476051852107
-0,8808602981721805; 0,17622313043102622; 0,906792470254004; 0,8024840415455401; 0,7909762649796903; 0,00010726833716034889; 0,9598674853332341; 0,27208291133865714; 0,3970686527900398; 0,36578439315781; 0,4029298201203346
-0,9902123857454589; 0,10234287614002824; 0,30308434180915356; 0,1877617365680635; 0,39120739605277777; 0,9011577083729208; 0,11190384766086936; 0,6453270432539284; 0,9416604419238865; 0,5233515170402825; 0,7059132605791092
0,9443067143151282; 0,6904158187098801; 0,7680499772541225; 0,5736108091659844; 0,5730866086669266; 0,8592584915459156; 0,9070972455665469; 0,7304625883698463; 0,5277105234563351; 0,6174920867197216; 0,7900871834717691
0,8459042077409789; 0,5517537682317197; 0,793631998822093; 0,7950732121244073; 0,09819201845675707; 0,40840799966827035; 0,9709057742729783; 0,4876748458482325; 0,4887575898319483; 0,4959774939343333; 0,9251820929348469
0,04231228545113553; 0,32299792068079114; 0,8380300048738718; 0,4170044185593724; 0,2653788044117391; 0,4355826945975423; 0,9395702513866127; 0,6142954393289983; 0,6269022533670068; 0,8643209650181234; 0,06405895855277777
0,9008283575408109; 0,6213488541543484; 0,8534702127799392; 0,15566007932648063; 0,026512684766203165; 0,11127001512795687; 0,18365057557821274; 0,7636979296803474; 0,5323918764479458; 0,45806318847462535; 0,28017988754436374
0,6117943259661475; 0,5327040618285537; 0,337514478713274; 0,24323900090530515; 0,7130076200701296; 0,7732248743996024; 0,6609399640001357; 0,6919649890623987; 0,2284872275777161; 0,4350073076784611; 0,3621896496042609
-0,031672367052354794; 0,7850573253817856; 0,009039665572345257; 0,5336007820442319; 0,08622151194140315; 0,07344731176272035; 0,576163072604686; 0,7959150685928762; 0,28403040673583746; 0,1895957663655281; 0,3476046691648662
-0,747552522576417; 0,6026446595788002; 0,38553060637786984; 0,09973284136503935; 0,6454536123201251; 0,0333646684885025; 0,983780212700367; 0,6355494409799576; 0,895949462428689; 0,7235166924074292; 0,5429021022282541
0,49385185111840757; 0,7012109509669244; 0,6887508626095951; 0,7892634202726185; 0,6159662837162614; 0,23031648807227612; 0,016963351517915726; 0,6511052553541958; 0,2669698530808091; 0,8049175036139786; 0,46606302028521895
0,9150671224003525; 0,654740234836936; 0,1380533752962947; 0,5799622810445726; 0,6132887210696936; 0,8266648906283081; 0,2962274104356766; 0,11220202315598726; 0,5109435259364545; 0,32726895390078425; 0,7092275228351355
-0,17131040169990083; 0,38983974419534206; 0,5367091908119619; 0,894066471606493; 0,18307952443137765; 0,16152195259928703; 0,5572990425862372; 0,40601437631994486; 0,7327807685360312; 0,36790364934131503; 0,5327326743863523
0,12753178507544408; 0,418046198785305; 0,4286616649478674; 0,2687482270412147; 0,7674200930632651; 0,5299101672135293; 0,04964750958606601; 0,17237619869410992; 0,2660117973573506; 0,5155936605297029; 0,13865107018500566
0,978267128338461; 0,03786249319091439; 0,5309715955518186; 0,9216003227047622; 0,2356343949213624; 0,7450149725191295; 0,33868879778310657; 0,8247219864279032; 0,4788104295730591; 0,05941879376769066; 0,9806883162818849
0,8011345460538143; 0,18037709686905146; 0,8117411774583161; 0,44446495408192277; 0,9739319584332407; 0,7449506167322397; 0,01535138301551342; 0,19019279861822724; 0,3293581157922745; 0,2591658807359636; 0,19259912241250277
-0,9142744264703097; 0,513677581679076; 0,3144577364437282; 0,8391219209879637; 0,5926209078170359; 0,08708000835031271; 0,2732327706180513; 0,08979327976703644; 0,1930362405255437; 0,442895800806582; 0,632504387293011
-0,23577018914221207; 0,32589897280558944; 0,21079604979604483; 0,2817167844623327; 0,7128772134892642; 0,5853424617089331; 0,07997565483674407; 0,6577411494217813; 0,9009977751411498; 0,7271170699968934; 0,39754726318642497
-0,31008490128776384; 0,7570041809231043; 0,097264364361763; 0,502377450466156; 0,7825393984094262; 0,3132801875472069; 0,4822572744451463; 0,14758430933579803; 0,2888928228057921; 0,5000906707718968; 0,3244877913966775
-0,04277977020608092; 0,21121649909764528; 0,8476887894794345; 0,46145484782755375; 0,663581321015954; 0,047134289517998695; 0,7688857926987112; 0,7370615345425904; 0,08696419605985284; 0,6139099756255746; 0,9533353680744767
0,6803520779930744; 0,7813303447328508; 0,7695756228640676; 0,06783196423202753; 0,5410424550063908; 0,4120041406713426; 0,7340411180630326; 0,25466011883690953; 0,76619225833565; 0,3913281774148345; 0,5580481593497097
0,9866548057926438; 0,26992747094482183; 0,6590843102894723; 0,7389199379831553; 0,8259111866354942; 0,34872850170359015; 0,2398075214587152; 0,8062329757958651; 0,4218238922767341; 0,0038254191167652607; 0,11607872601598501
-0,466888374283275; 0,9743727245368063; 0,46176891680806875; 0,6348660201765597; 0,016482137609273195; 0,49950768845155835; 0,7296600248664618; 0,17371419770643115; 0,9136797371320426; 0,41931770648807287; 0,5254116766154766
0,20970109622223596; 0,43489390751346946; 0,6884645354002714; 0,097454191185534; 0,5858102315105498; 0,3234292543493211; 0,10173135250806808; 0,5836040540598333; 0,7382569815963507; 0,551045582164079; 0,8120116926729679
0,972337023579068; 0,3849959406070411; 0,17370821116492152; 0,16786027699708939; 0,10906395688652992; 0,0029102289117872715; 0,9220364629290998; 0,004863061476498842; 0,27927673049271107; 0,699113697744906; 0,0426656361669302
0,12588621985182377; 0,9980962728150189; 0,30175422597676516; 0,21607797080650926; 0,3623656244017184; 0,7275502784177661; 0,03446828247979283; 0,7193029336631298; 0,9817822426557541; 0,2667287797667086; 0,8527161758393049
0,9564726638928094; 0,2620237609371543; 0,037720771972090006; 0,05597379105165601; 0,5322650992311537; 0,3296575923450291; 0,11342047993093729; 0,6936411545611918; 0,17762381304055452; 0,35910448245704174; 0,05587243242189288
0,1444957147017218; 0,17294363910332322; 0,7768132812343538; 0,9343473948538303; 0,5512903626076877; 0,5634339023381472; 0,7468046518042684; 0,8529580170288682; 0,36361935641616583; 0,14820724027231336; 0,9360697041265666
0,8492543106460301; 0,9350561411119998; 0,011327178217470646; 0,6326175783760846; 0,3620625026524067; 0,3018916011787951; 0,48893605172634125; 0,26635662047192454; 0,5947997854091227; 0,5747628202661872; 0,7204165868461132
0,9679392875263754; 0,5153383426368237; 0,24005494499579072; 0,6988259400241077; 0,38914918387308717; 0,5358527670614421; 0,08264544513076544; 0,5791488192044199; 0,05265221791341901; 0,9086900218389928; 0,7456587571650743
-0,9668622874336585; 0,20279530668631196; 0,9165721517056227; 0,9899046835489571; 0,34711206890642643; 0,22442094516009092; 0,9447228168137372; 0,36805723560974; 0,8942822976969182; 0,2501995377242565; 0,48134602420032024
0,43347296809533986; 0,8843629318289459; 0,48208126286044717; 0,323509288020432; 0,8854063693434; 0,1752577256411314; 0,1051298463717103; 0,7692747367545962; 0,40632364992052317; 0,662564660422504; 0,9861098267138004
0,8969099787213997; 0,2524501164443791; 0,06042196601629257; 0,28561838436871767; 0,2248943350277841; 0,4918074766173959; 0,8032562304288149; 0,4660295993089676; 0,8557940353639424; 0,6228842427954078; 0,2639341149479151
0,9980550877960186; 0,3495525820180774; 0,1585037186741829; 0,11488246731460094; 0,8371324283070862; 0,42847009375691414; 0,8478929670527577; 0,5127334897406399; 0,15558419516310096; 0,7898371652700007; 0,43170038843527436
-0,712504734286533; 0,9700022581964731; 0,4880119953304529; 0,13143101939931512; 0,31643859995529056; 0,22539881756529212; 0,2168995221145451; 0,23677324829623103; 0,4850342972204089; 0,847072631586343; 0,857605341821909
0,9733266745214374; 0,057060529477894306; 0,16888919426128268; 0,23814930254593492; 0,5310101066716015; 0,33447160106152296; 0,6170926769264042; 0,10685669537633657; 0,11946747498586774; 0,7102362927980721; 0,9030964937992394
0,6936986922352282; 0,16811620350927114; 0,6189593905583024; 0,7299514119513333; 0,8365095811896026; 0,6875673378817737; 0,5613679820671678; 0,7691333647817373; 0,22195743909105659; 0,6681025535799563; 0,5425389222800732
0,35522250551150353; 0,37709476612508297; 0,782913844101131; 0,14328059135004878; 0,6893939445726573; 0,6039625853300095; 0,2266394691541791; 0,43634891556575894; 0,2436651000753045; 0,308033958543092; 0,3616741537116468
0,9973367897964306; 0,5914470232091844; 0,6816581729799509; 0,22772280732169747; 0,8255661148577929; 0,05269144242629409; 0,669570570345968; 0,9381568492390215; 0,8751553953625262; 0,023171198088675737; 0,9130019438453019
-0,9963110424701646; 0,2513725836761296; 0,9398547289893031; 0,5015390478074551; 0,7307481020689011; 0,20857652369886637; 0,09111441392451525; 0,6932179597206414; 0,5946602714248002; 0,5289726154878736; 0,044998879078775644
0,861860067409997; 0,059273526538163424; 0,29072187887504697; 0,5943945208564401; 0,7336988411843777; 0,8201054828241467; 0,9973054840229452; 0,21592207020148635; 0,06951987743377686; 0,324377425480634; 0,841996586881578
0,5326110382451902; 0,8303246647119522; 0,6420517480000854; 0,6461024885065854; 0,10888879094272852; 0,30627416446805; 0,02912769466638565; 0,5792340422049165; 0,5571961947716773; 0,9977509723976254; 0,37093282863497734
0,9093467414149565; 0,5550811747089028; 0,13804857898503542; 0,7206502594053745; 0,3002490312792361; 0,05423762835562229; 0,5863229348324239; 0,7907932614907622; 0,4335718764923513; 0,4654327305033803; 0,16979839745908976
0,8453221229260376; 0,4186627776362002; 0,940452640876174; 0,6970107136294246; 0,15551004838198423; 0,15327245835214853; 0,8556109429337084; 0,07794693764299154; 0,2829202222637832; 0,5331013486720622; 0,09932526526972651
-0,9997443759562151; 0,6623023995198309; 0,5446695648133755; 0,78892668383196; 0,7339376886375248; 0,46704350458458066; 0,5301538235507905; 0,964678565505892; 0,34005827084183693; 0,6255913996137679; 0,9006613865494728
0,9962223879486389; 0,724095263518393; 0,6213321723043919; 0,033923590555787086; 0,38917424576357007; 0,15918957348912954; 0,7936639757826924; 0,7315801116637886; 0,8708494585007429; 0,9498966475948691; 0,33143892930820584
0,016110869609661935; 0,6630900618620217; 0,03279550699517131; 0,5964451399631798; 0,01757814548909664; 0,6826512920670211; 0,5500354468822479; 0,5679575116373599; 0,5855079549364746; 0,16991452500224113; 0,8700054436922073
-0,4369930999232678; 0,38354135770350695; 0,9122987813316286; 0,24610961647704244; 0,1436835671775043; 0,22207814222201705; 0,7014314834959805; 0,5193938817828894; 0,889771728310734; 0,04342230223119259; 0,19401590013876557
0,2934277441822078; 0,010073898360133171; 0,6264131115749478; 0,27900733007118106; 0,18595541594550014; 0,5476395986042917; 0,788248686119914; 0,9051681477576494; 0,12468295684084296; 0,012138152029365301; 0,621560042258352
0,9998852127734474; 0,6885480964556336; 0,9655534480698407; 0,18380785267800093; 0,2656777361407876; 0,817673321813345; 0,32386169070377946; 0,050683361012488604; 0,3203643402084708; 0,102887780405581; 0,04840401094406843
0,8795645436188145; 0,8044493622146547; 0,5218500010669231; 0,1629886021837592; 0,020813886541873217; 0,2961301119066775; 0,4446310931816697; 0,5838666772469878; 0,1950974757783115; 0,009682261385023594; 0,9101192187517881
0,9460298963473529; 0,7445099544711411; 0,002266520168632269; 0,8415995370596647; 0,8246927997097373; 0,6732591185718775; 0,03182807471603155; 0,2795548774302006; 0,426477889996022; 0,08452846622094512; 0,19803992565721273
-0,6122431837171172; 0,9517538663931191; 0,9481046940200031; 0,9780155508778989; 0,3661821889691055; 0,6210177908651531; 0,8589060571976006; 0,8493172605521977; 0,45536606293171644; 0,1992770554497838; 0,8869745102711022
0,9204480477456005; 0,3597793858498335; 0,7484808880835772; 0,570854558609426; 0,9619408752769232; 0,49927748180925846; 0,13910725200548768; 0,6718897973187268; 0,3348314226604998; 0,6862267483957112; 0,40900588873773813
0,4699218352137696; 0,7611958738416433; 0,1664352142252028; 0,8771855318918824; 0,17613116931170225; 0,012581939809024334; 0,9479823815636337; 0,4155508438125253; 0,9398256638087332; 0,21838677767664194; 0,6954781110398471
0,9787684647552052; 0,8334859497845173; 0,9009645231999457; 0,5690123755484819; 0,4593378845602274; 0,356582663487643; 0,569421861320734; 0,34358112001791596; 0,6092576286755502; 0,5376113667152822; 0,20637890743091702
0,2067546279960508; 0,7720340518280864; 0,6150406934320927; 0,07588362274691463; 0,5580005156807601; 0,4205472837202251; 0,4283481063321233; 0,09133604262024164; 0,31652075983583927; 0,485958790872246; 0,3130808607675135
0,680698225914635; 0,2821475467644632; 0,14589051716029644; 0,4028349262662232; 0,030995520763099194; 0,5970702329650521; 0,46009082766249776; 0,07047520391643047; 0,4298840924166143; 0,23149755457416177; 0,045466017443686724
0,847787422636021; 0,29937211191281676; 0,2683756104670465; 0,39338444313034415; 0,44641163060441613; 0,13889357866719365; 0,7685675933025777; 0,027466609608381987; 0,20777698513120413; 0,38607004238292575; 0,6292054825462401
0,8546218788398336; 0,8992493548430502; 0,3292997512035072; 0,6160171898081899; 0,630850032903254; 0,932138659991324; 0,8641314473934472; 0,8590198634192348; 0,507194799836725; 0,41604105615988374; 0,04066516039893031
-0,9461330441469262; 0,5852350271306932; 0,6567079010419548; 0,8112350171431899; 0,5499182189814746; 0,5927622965537012; 0,8082739030942321; 0,4107902580872178; 0,8705484862439334; 0,6998020871542394; 0,14095119154080749
0,9911256012919947; 0,001932523213326931; 0,23635614616796374; 0,7498042141087353; 0,19308268884196877; 0,7727786181494594; 0,9681395473890007; 0,8177539585158229; 0,5606369413435459; 0,9286516672000289; 0,6438224264420569
-0,8663474228122883; 0,7111265393905342; 0,08620543591678143; 0,10662845382466912; 0,20279638515785336; 0,9030658681876957; 0,4877534322440624; 0,027082405984401703; 0,401655500754714; 0,9803636451251805; 0,4256336474791169
0,9723436578536814; 0,11553314421325922; 0,9242005371488631; 0,8699687249027193; 0,003958118613809347; 0,5066817491315305; 0,68460399704054; 0,764423968270421; 0,8500017295591533; 0,9655134896747768; 0,2870820006355643
0,9404925749317815; 0,00718441978096962; 0,08568748505786061; 0,7355748722329736; 0,020229005254805088; 0,7030133022926748; 0,8538466109894216; 0,07431711675599217; 0,4826672552153468; 0,04855425050482154; 0,4805402858182788
0,9289517816289925; 0,35816824343055487; 0,6269149896688759; 0,8594750254414976; 0,5151043147780001; 0,3749698894098401; 0,07736784406006336; 0,9778086487203836; 0,5893933046609163; 0,22078170767053962; 0,34429588122293353
0,7974473772508697; 0,18094070814549923; 0,671433113515377; 0,7276095999404788; 0,9885797081515193; 0,26544435834512115; 0,941280082333833; 0,43687092093750834; 0,05807963525876403; 0,9238648717291653; 0,6323692784644663
-0,27234590971421174; 0,4717356404289603; 0,5179129717871547; 0,4830989623442292; 0,7984474916011095; 0,6624285844154656; 0,5103199547156692; 0,6051680189557374; 0,42991641350090504; 0,38206060230731964; 0,7555259354412556
0,9993957264261346; 0,21939848084002733; 0,18052980117499828; 0,23107214411720634; 0,6716812453232706; 0,7551183854229748; 0,3416170999407768; 0,3127267328090966; 0,3814481105655432; 0,8586590471677482; 0,17939495341852307
0,9906237449197447; 0,03948097815737128; 0,37210396863520145; 0,05227902019396424; 0,2748218714259565; 0,5936232558451593; 0,8490915717557073; 0,771048697642982; 0,3413900318555534; 0,48907698411494493; 0,3350564590655267
0,7513074027836715; 0,5466240458190441; 0,9659012341871858; 0,16645532799884677; 0,2975133527070284; 0,7318775616586208; 0,40101631404832006; 0,6698945965617895; 0,6600809940136969; 0,9428875646553934; 0,8707919549196959
0,9660454960409467; 0,5174900167621672; 0,9588961857371032; 0,05176169844344258; 0,6985884816385806; 0,9031883557327092; 0,7604155470617115; 0,8004774646833539; 0,7917952206917107; 0,5899754939600825; 0,002123044803738594
-0,09292730238054872; 0,6736127869226038; 0,9967551976442337; 0,17925442242994905; 0,45763231720775366; 0,33758649602532387; 0,9459306756034493; 0,7579842740669847; 0,5479123061522841; 0,7288472400978208; 0,05104238539934158
0,78802770831085; 0,5802837028168142; 0,02547905221581459; 0,06585084227845073; 0,5845698658376932; 0,4184017223306; 0,26535032177343965; 0,555481668561697; 0,1631234735250473; 0,6302297175861895; 0,5484957220032811
0,8733858885215015; 0,6335415099747479; 0,5995146748609841; 0,5502187260426581; 0,31575723411515355; 0,5510341143235564; 0,8531489721499383; 0,5624137972481549; 0,4587211925536394; 0,4878710531629622; 0,5962501931935549
-0,015771481198148345; 0,7687180540524423; 0,7798370285890996; 0,5776675916276872; 0,07845856808125973; 0,5191758889704943; 0,34627160523086786; 0,8590556872077286; 0,38145082676783204; 0,6259651258587837; 0,8238027547486126
0,9974648035536697; 0,3168102386407554; 0,027289425022900105; 0,3616970875300467; 0,6696422002278268; 0,15715429093688726; 0,8033284093253314; 0,31961636943742633; 0,5904446933418512; 0,3943759840913117; 0,6243909997865558
0,9976250853564487; 0,36252409778535366; 0,9387892805971205; 0,23418133333325386; 0,39748301822692156; 0,28967436868697405; 0,10100737679749727; 0,7226537875831127; 0,838916840031743; 0,8639221852645278; 0,09668225469067693
0,897017744843621; 0,3742077900096774; 0,5773289864882827; 0,11871365271508694; 0,026933967135846615; 0,22535870783030987; 0,9536043792031705; 0,794461278244853; 0,8927735788747668; 0,33327322406694293; 0,35578146763145924
-0,2778771728876299; 0,6218819324858487; 0,11433308711275458; 0,7653359184041619; 0,23031287221238017; 0,22644565347582102; 0,01540742116048932; 0,6631936407648027; 0,24170212261378765; 0,7787803313694894; 0,28437114926055074
-0,041322623121972046; 0,8473765482194722; 0,8933737999759614; 0,824018292594701; 0,9978556376881897; 0,29468188527971506; 0,06116130389273167; 0,29287318559363484; 0,18094811402261257; 0,901468310970813; 0,6679698913358152
-0,9995018696083722; 0,1781477238982916; 0,5922842430882156; 0,2716990108601749; 0,9364701681770384; 0,10309438081458211; 0,44566332176327705; 0,27407995145767927; 0,29906170442700386; 0,456908346619457; 0,6944938423112035
0,9721906198119293; 0,6528766141273081; 0,5700364112854004; 0,3525619488209486; 0,7212170651182532; 0,03291318751871586; 0,9619099674746394; 0,6516211507841945; 0,07310558203607798; 0,4854908222332597; 0,46348866680637
0,9747830395403504; 0,3298653154633939; 0,996320553123951; 0,7947011375799775; 0,5198133178055286; 0,2569779399782419; 0,7838056487962604; 0,5618434967473149; 0,5984328319318593; 0,5723154325969517; 0,3757638488896191
0,7043731290651175; 0,2813017163425684; 0,2777201975695789; 0,808813969604671; 0,2488727606832981; 0,4296127809211612; 0,9345117337070405; 0,3280545142479241; 0,8623560508713126; 0,4115917799063027; 0,4029229707084596
0,3395057306317333; 0,9350276477634907; 0,16292513767257333; 0,6907201246358454; 0,9729587626643479; 0,9747323896735907; 0,47678485233336687; 0,32301064347848296; 0,20456046238541603; 0,5471351472660899; 0,5098067689687014
0,23725460032660076; 0,34174985717982054; 0,572243943810463; 0,58617591438815; 0,005988095887005329; 0,6918602590449154; 0,8384952517226338; 0,23727000504732132; 0,4923652959987521; 0,1299027199856937; 0,7966774767264724
0,8109011701341012; 0,10276615433394909; 0,21998933563008904; 0,07160453917458653; 0,25593396509066224; 0,17835494922474027; 0,6115238228812814; 0,16421212116256356; 0,3044552584178746; 0,1422806465998292; 0,8691444466821849
-0,2954964273190379; 0,7328509041108191; 0,4437571121379733; 0,19433560082688928; 0,9253528569824994; 0,7179536800831556; 0,09167031105607748; 0,8509035711176693; 0,17044943710789084; 0,7617062041535974; 0,4083052915520966
0,8085673582921398; 0,08845727145671844; 0,15870056673884392; 0,07043469976633787; 0,3096173023805022; 0,4406688413582742; 0,3654627143405378; 0,05770147405564785; 0,34551539458334446; 0,331345091573894; 0,4951303950510919
0,18242641136687346; 0,3636360801756382; 0,598424443975091; 0,32978160912171006; 0,17664874996989965; 0,7919941716827452; 0,7547752340324223; 0,9411456915549934; 0,10907182563096285; 0,8200317514128983; 0,8409863221459091
0,26983957970157935; 0,3175018923357129; 0,16744464077055454; 0,5908761862665415; 0,08789499057456851; 0,475678404327482; 0,7496803030371666; 0,20474017318338156; 0,12775683915242553; 0,4111583177000284; 0,5553914709016681
0,9054106227992265; 0,9606580915860832; 0,4442791324108839; 0,08506380300968885; 0,9180111051537097; 0,4529621871188283; 0,8825297029688954; 0,7574099507182837; 0,23899310268461704; 0,8930837986990809; 0,4355105743743479
-0,6198017876067319; 0,5137916845269501; 0,7962354077026248; 0,15046409331262112; 0,6427794089540839; 0,09532506484538317; 0,38429368287324905; 0,3881997400894761; 0,6822352791205049; 0,559234312735498; 0,8933587693609297
-0,48585067775916896; 0,5617378554306924; 0,08674095990136266; 0,8361092102713883; 0,6662268862128258; 0,3353112251497805; 0,9040510365739465; 0,4216023930348456; 0,6812244462780654; 0,3045478230342269; 0,8285733098164201
0,7111609972090162; 0,8124211425893009; 0,2689312337897718; 0,7424573507159948; 0,5008668745867908; 0,5956520070321858; 0,09885761654004455; 0,1683137733489275; 0,42220898950472474; 0,06700463499873877; 0,487694532610476
0,9997829190891339; 0,8894756608642638; 0,13075333181768656; 0,03832060843706131; 0,7256212942302227; 0,9935649479739368; 0,09248976316303015; 0,3910186905413866; 0,8084942945279181; 0,8852940048091114; 0,6219308893196285
-0,636985934287481; 0,20674250926822424; 0,1905839666724205; 0,7757996073924005; 0,9351068562828004; 0,6965288566425443; 0,8243210390210152; 0,7651389637030661; 0,20398777537047863; 0,9765670588240027; 0,11037067510187626
0,888249851534124; 0,8722989554516971; 0,18679652456194162; 0,840973827522248; 0,7542792442254722; 0,40676612220704556; 0,7870773961767554; 0,31171558098867536; 0,29821834433823824; 0,17003691662102938; 0,05431831581518054
0,1478170706003757; 0,15132483979687095; 0,6685409797355533; 0,7378735668025911; 0,5556921088136733; 0,2539024231955409; 0,7787829260341823; 0,3180573866702616; 0,8167941779829562; 0,4244008311070502; 0,3447999954223633
0,9509864844111748; 0,4089961997233331; 0,4524261592887342; 0,20099089620634913; 0,3039255775511265; 0,7315377271734178; 0,3473713085986674; 0,7894021631218493; 0,9626109804958105; 0,4915042733773589; 0,310909457039088
-0,13063343961657992; 0,21455925051122904; 0,6737231640145183; 0,2832762016914785; 0,7264785305596888; 0,8969140411354601; 0,5018583745695651; 0,932675639167428; 0,5221294099465013; 0,5057137724943459; 0,8088886952027678
0,9299969363892382; 0,24422833370044827; 0,9095378411002457; 0,856359429191798; 0,5580807663500309; 0,6121295928023756; 0,8123538964428008; 0,7743697473779321; 0,7287933346815407; 0,5124085955321789; 0,9951406200416386
0,7464940344077178; 0,8167490526102483; 0,9813045235350728; 0,06391618167981505; 0,88731170585379; 0,507446960080415; 0,7997479396872222; 0,22818193212151527; 0,935427492018789; 0,17986641079187393; 0,002535386011004448
0,9205072427515042; 0,4205903774127364; 0,27181144850328565; 0,21533541567623615; 0,02713331487029791; 0,19947511330246925; 0,8596245306544006; 0,9209136581048369; 0,4885014621540904; 0,7842324040830135; 0,5912878615781665
0,9781436158692653; 0,48255273792892694; 0,45698407059535384; 0,6496478570625186; 0,7668913183733821; 0,9823190532624722; 0,407558124512434; 0,7044273549690843; 0,9052492822520435; 0,8432899997569621; 0,07282030861824751
0,570419906284372; 0,04737256560474634; 0,10107108298689127; 0,7508077728562057; 0,939218885730952; 0,970809783320874; 0,12459647282958031; 0,47350666718557477; 0,050819563679397106; 0,7602598401717842; 0,9378964989446104
-0,16995577019786004; 0,2039720518514514; 0,17667123768478632; 0,926877602469176; 0,8261862387880683; 0,3560490165837109; 0,6425777561962605; 0,465430187061429; 0,6365561336278915; 0,7871442311443388; 0,5719085526652634
0,9530016828450146; 0,8378442507237196; 0,8720695748925209; 0,01611450780183077; 0,8255099826492369; 0,8895018054172397; 0,7625130880624056; 0,78009072272107; 0,6891689291223884; 0,8772699306719005; 0,5144951068796217
-0,8338172607199632; 0,8918793806806207; 0,24258642178028822; 0,47584129171445966; 0,3352847807109356; 0,1302926898933947; 0,8106918465346098; 0,20025660237297416; 0,8111061840318143; 0,22627334389835596; 0,7300855815410614
0,3324074016360707; 0,6624073195271194; 0,26124177407473326; 0,0751048382371664; 0,6183629697188735; 0,6674543945118785; 0,9241437702439725; 0,18356007291004062; 0,8439638512209058; 0,5072722700424492; 0,783157255500555
0,9054993003886943; 0,03159282961860299; 0,6315730693750083; 0,7688736021518707; 0,9158353256061673; 0,31793584069237113; 0,5242157615721226; 0,8933119587600231; 0,6834664782509208; 0,8713553645648062; 0,7508032526820898
0,4568041283975784; 0,6420463602989912; 0,7147946371696889; 0,881144733633846; 0,5229776818305254; 0,7842162647284567; 0,5944533525034785; 0,9231666503474116; 0,4055488002486527; 0,7418058938346803; 0,3354872609488666
0,9831671910684655; 0,11642193980515003; 0,9207592587918043; 0,37585040647536516; 0,15383975254371762; 0,3339381036348641; 0,033467100001871586; 0,8344837855547667; 0,8892144458368421; 0,31958129722625017; 0,8267463385127485
0,3421242558300913; 0,007821101695299149; 0,9889285513199866; 0,1778671476058662; 0,8280721483752131; 0,833864298183471; 0,47905475180596113; 0,0776298688724637; 0,1420736783184111; 0,18837109254673123; 0,31765834894031286
0,978781316628; 0,7462557959370315; 0,42580897454172373; 0,5838064551353455; 0,33036118652671576; 0,7442411887459457; 0,8649574019946158; 0,9202648289501667; 0,17047102423384786; 0,6253376337699592; 0,0742374169640243
0,9826330956216999; 0,2929951190017164; 0,4941361155360937; 0,4315944481641054; 0,4596913978457451; 0,19619773142039776; 0,6890342724509537; 0,22405369160696864; 0,2475246600806713; 0,8656008914113045; 0,28146555181592703
0,9289819172037005; 0,6761664501391351; 0,49072299944236875; 0,3790987920947373; 0,3446254092268646; 0,23706382140517235; 0,2549387626349926; 0,26843755040317774; 0,8433338743634522; 0,41940600611269474; 0,21514897607266903
-0,9527719919408217; 0,6903740493580699; 0,2597421486862004; 0,8445429923012853; 0,3113718726672232; 0,11542382324114442; 0,6755810151807964; 0,9190597189590335; 0,08018853841349483; 0,4185635852627456; 0,3160867849364877
-0,6596319920410139; 0,505977223161608; 0,6789341699331999; 0,939113893546164; 0,97278808709234; 0,26944132102653384; 0,6128782015293837; 0,13316429499536753; 0,6200790386646986; 0,039223013911396265; 0,7302357009612024
0,9996041987255188; 0,12910111295059323; 0,3290288532152772; 0,04407209437340498; 0,20445659570395947; 0,4500513905659318; 0,9975810782052577; 0,7152172299101949; 0,22220992529764771; 0,9984238226898015; 0,0420633708126843
-0,8964075592922457; 0,4976733452640474; 0,32555346889421344; 0,4114503380842507; 0,2809724137187004; 0,02296049101278186; 0,9242175193503499; 0,13470334047451615; 0,04212352121248841; 0,0420055016875267; 0,16550093330442905
0,9839845130194225; 0,8418098133988678; 0,6010300670750439; 0,5856159194372594; 0,3019335023127496; 0,6125876540318131; 0,9282925552688539; 0,1832709964364767; 0,24872734397649765; 0,21553977439180017; 0,9995974404737353
-0,22784159763475664; 0,5302693136036396; 0,8615015666000545; 0,5277068819850683; 0,3352083209902048; 0,1826676856726408; 0,6567460638470948; 0,5680684302933514; 0,26898061856627464; 0,4388115918263793; 0,8664243421517313
0,9981989058719547; 0,164566267747432; 0,6882149609737098; 0,42972056614235044; 0,8618071135133505; 0,9941856735385954; 0,22538100136443973; 0,2796931527554989; 0,3789336229674518; 0,538886574562639; 0,14608905231580138
0,12261690721615624; 0,6746245143003762; 0,7637238278985023; 0,9125767010264099; 0,9895305885002017; 0,9389860229566693; 0,16027287347242236; 0,20518183708190918; 0,2759719183668494; 0,7349648620001972; 0,6604295037686825
-0,7972632840807705; 0,6717200051061809; 0,862890207208693; 0,33215878112241626; 0,4511153190396726; 0,465576883405447; 0,6006378559395671; 0,5585944056510925; 0,11994008626788855; 0,9069311060011387; 0,415363437961787
0,8461492779304475; 0,8926103333942592; 0,35031449561938643; 0,832382794469595; 0,08427268220111728; 0,8750979299657047; 0,7819797126576304; 0,6449314914643764; 0,15304086916148663; 0,9597053658217192; 0,26419590087607503
-0,958708074890036; 0,21135190408676863; 0,48439321480691433; 0,9458036795258522; 0,6345056630671024; 0,3002751525491476; 0,21933942520990968; 0,7907725865952671; 0,12304162001237273; 0,6472744466736913; 0,6586763020604849
0,9661531944848758; 0,8875440410338342; 0,0022809915244579315; 0,2271205149590969; 0,4179687458090484; 0,22331154346466064; 0,5739951971918344; 0,5479251048527658; 0,10085196746513247; 0,46492033964022994; 0,43418940296396613
0,9976212066220203; 0,7667169095948339; 0,3417606418952346; 0,035157959908246994; 0,3680921080522239; 0,6523028654046357; 0,11026737466454506; 0,08529670396819711; 0,5632213628850877; 0,8635079641826451; 0,0748270396143198
0,9117125281565943; 0,7123709856532514; 0,3619869751855731; 0,9680651612579823; 0,8523321966640651; 0,5106406952254474; 0,529216917231679; 0,9109562430530787; 0,6280122585594654; 0,9140246431343257; 0,7256234833039343
0,8354331048813068; 0,9524110755883157; 0,47591296304017305; 0,4884613761678338; 0,8390603908337653; 0,6790365208871663; 0,498627454508096; 0,36716786678880453; 0,9327814392745495; 0,9088744102045894; 0,6529253586195409
0,8900112143097006; 0,05768143571913242; 0,7135563348419964; 0,004965887404978275; 0,5863430514000356; 0,7240996565669775; 0,3245936632156372; 0,4764577723108232; 0,23048516595736146; 0,46412563556805253; 0,878170267213136
0,1587743111776636; 0,31472231401130557; 0,38367408607155085; 0,5726573411375284; 0,05045319627970457; 0,8184722573496401; 0,4400430154055357; 0,18456337926909328; 0,4630816886201501; 0,6125444904901087; 0,8453530934639275
-0,5813856556868191; 0,042366812471300364; 0,09928377345204353; 0,9765278771519661; 0,40818845899775624; 0,6523499512113631; 0,9157155496068299; 0,9936041394248605; 0,43744479957967997; 0,7894318196922541; 0,26294185128062963
-0,454332672419782; 0,35812484566122293; 0,8430409552529454; 0,860893223900348; 0,12378870928660035; 0,20597164519131184; 0,4314146195538342; 0,6607884131371975; 0,2028471794910729; 0,8232697565108538; 0,2102837380953133
0,6297383300284259; 0,8415781306102872; 0,5452642631717026; 0,33983386447653174; 0,7950925817713141; 0,5700701219029725; 0,6635281513445079; 0,020975733175873756; 0,5907069407403469; 0,5281535405665636; 0,7870968566276133
0,648854546596955; 0,22465439653024077; 0,41953197261318564; 0,26923422142863274; 0,45624429965391755; 0,35928682377561927; 0,009042925201356411; 0,14003008184954524; 0,2047690455801785; 0,7455854192376137; 0,22292441967874765
-0,7691263867054077; 0,8250127197243273; 0,729524839669466; 0,9381442382000387; 0,26597959268838167; 0,2112520830705762; 0,6148035759106278; 0,23504741629585624; 0,7546131783165038; 0,32139083882793784; 0,8184359851293266
0,8083147586891035; 0,5527281817048788; 0,2431641798466444; 0,3485950930044055; 0,6266378276050091; 0,8150275638327003; 0,9329233951866627; 0,3531159907579422; 0,6299710818566382; 0,36020231107249856; 0,07481120433658361
0,9503034862981693; 0,39961250638589263; 0,9091906500980258; 0,022045427933335304; 0,1297958386130631; 0,1814516824670136; 0,7651550709269941; 0,879900751169771; 0,07395272329449654; 0,632312748581171; 0,4157003345899284
0,8111112242059225; 0,5142479781061411; 0,8971506273373961; 0,7414575382135808; 0,5516625391319394; 0,12980650970712304; 0,5953287724405527; 0,643583728466183; 0,9012398323975503; 0,06453612167388201; 0,6991382376290858
-0,8081919547876787; 0,10024073161184788; 0,2597652142867446; 0,4697594619356096; 0,11752812098711729; 0,30442590406164527; 0,944890774320811; 0,6013284181244671; 0,21043648617342114; 0,057919506914913654; 0,8593806019052863
0,9394122791052427; 0,7525982870720327; 0,05436553293839097; 0,6100142342038453; 0,2581885657273233; 0,8178748735226691; 0,5464236573316157; 0,34857387095689774; 0,8692788640037179; 0,057661090046167374; 0,5894454289227724
0,8925879588535403; 0,18543920433148742; 0,7230992359109223; 0,6279693692922592; 0,09650845546275377; 0,9400702686980367; 0,62751259887591; 0,08245916059240699; 0,6647932431660593; 0,09660534327849746; 0,6163510195910931
0,2122925609074574; 0,4081003414466977; 0,7406795094721019; 0,4917310201562941; 0,6623256597667933; 0,04018592415377498; 0,37061687652021646; 0,20220562582835555; 0,9177283518947661; 0,671880398876965; 0,9619281250052154
0,9915393448785993; 0,8450738410465419; 0,7001296244561672; 0,11037504486739635; 0,9284542808309197; 0,5137542402371764; 0,9233370078727603; 0,9892813167534769; 0,4103148551657796; 0,7501435009762645; 0,8233501501381397
0,9807632599106522; 0,13337900582700968; 0,09843331947922707; 0,5724618872627616; 0,4696502792648971; 0,4495569048449397; 0,9873361778445542; 0,03270687395706773; 0,663163251709193; 0,41935832099989057; 0,5272195697762072
-0,35072513018191337; 0,4552199328318238; 0,9580980115570128; 0,2739890068769455; 0,492419455666095; 0,2534412806853652; 0,602359410841018; 0,9856116957962513; 0,9834749647416174; 0,7121660057455301; 0,5490840952843428
0,6875345358982689; 0,9759411937557161; 0,171369475312531; 0,10027306620031595; 0,07035784004256129; 0,31969571858644485; 0,5512969382107258; 0,8095698836259544; 0,7929314407519996; 0,15390526596456766; 0,6429790002293885
0,9917165356307064; 0,5793914957903326; 0,699100567959249; 0,6529052224941552; 0,8159883208572865; 0,866117908153683; 0,6766440905630589; 0,17484433157369494; 0,8483986132778227; 0,7954413220286369; 0,6350598055869341
0,09617232299578542; 0,6079283161088824; 0,7772819930687547; 0,11262636259198189; 0,14164160285145044; 0,7146730236709118; 0,6817826237529516; 0,10667018871754408; 0,16703205509111285; 0,2279567401856184; 0,8682278329506516
0,7807052391059818; 0,6933938404545188; 0,5609167064540088; 0,4368926682509482; 0,5626865457743406; 0,19623149326071143; 0,4885185402818024; 0,8239220068790019; 0,13617988815531135; 0,940954927355051; 0,9395146374590695
-0,7645206599922839; 0,28011966962367296; 0,5071694985963404; 0,389473139308393; 0,6977588273584843; 0,3578641852363944; 0,45910358242690563; 0,702684452291578; 0,013302857056260109; 0,7485764706507325; 0,9572957246564329
-0,0845134273877539; 0,36862365948036313; 0,3848174475133419; 0,7856878973543644; 0,7183392024599016; 0,10112784942612052; 0,37968334136530757; 0,7478509279899299; 0,127300632186234; 0,14621998788788915; 0,8232619790360332
-0,9588675502464052; 0,9563022558577359; 0,39016570383682847; 0,202117582783103; 0,9209643038921058; 0,6198326265439391; 0,9455881090834737; 0,1821501748636365; 0,8989894497208297; 0,07305780379101634; 0,44427743600681424
0,9091005308390275; 0,3285870337858796; 0,572699804790318; 0,12094277562573552; 0,5568682225421071; 0,16033359756693244; 0,3447943194769323; 0,9639414749108255; 0,05811069533228874; 0,48201236966997385; 0,0033648195676505566
0,9970457443077255; 0,8134000552818179; 0,8610122231766582; 0,5549520356580615; 0,4181431131437421; 0,42512737307697535; 0,9154061968438327; 0,93744684336707; 0,8737347889691591; 0,1038179686293006; 0,18985269544646144
0,997773223711576; 0,23163034906610847; 0,5507252854295075; 0,03674726188182831; 0,9118498032912612; 0,6971988244913518; 0,86036830348894; 0,5869756829924881; 0,0326633513905108; 0,4050855617970228; 0,7026488911360502
0,35659789485950727; 0,017033162992447615; 0,9098705011419952; 0,07757540885359049; 0,6559956171549857; 0,2504490539431572; 0,7631484400480986; 0,05690681468695402; 0,8203445710241795; 0,47209357377141714; 0,3368157474324107
0,8489708275776179; 0,8227946585975587; 0,06523093022406101; 0,6922474717721343; 0,17139745317399502; 0,9290841687470675; 0,41855863528326154; 0,38701590010896325; 0,3026943998411298; 0,3872839822433889; 0,23866250924766064
-0,3308139066104968; 0,7665049526840448; 0,3863528505899012; 0,16354843089357018; 0,823723622597754; 0,8543432196602225; 0,9739562878385186; 0,13345670187845826; 0,05349780013784766; 0,4044575057923794; 0,2112953714095056
0,9128071602766094; 0,2732162680476904; 0,8500864487141371; 0,9182397862896323; 0,39910397212952375; 0,67994799092412; 0,5495932642370462; 0,9135607704520226; 0,8267141045071185; 0,9532262487336993; 0,9084213748574257
0,9505007002461386; 0,9753915551118553; 0,21325395861640573; 0,9658999457024038; 0,42280054138973355; 0,06241145543754101; 0,5257686455734074; 0,35063910437747836; 0,8172409823164344; 0,05665718391537666; 0,310187098570168
0,8742572106652501; 0,05161794554442167; 0,41319596068933606; 0,4372350345365703; 0,3899757480248809; 0,8474650378338993; 0,5382538526318967; 0,5748858940787613; 0,35419407300651073; 0,10015239287167788; 0,7839397466741502
0,9860989081691914; 0,029597914312034845; 0,24495051195845008; 0,23292845906689763; 0,44299709191545844; 0,9207364455796778; 0,4845498073846102; 0,3086053114384413; 0,48957625357434154; 0,23707435559481382; 0,10245476802811027
0,945610309396533; 0,32611587457358837; 0,5352697498165071; 0,19997282233089209; 0,9767599599435925; 0,2944720070809126; 0,9739825655706227; 0,25595423532649875; 0,8655055635608733; 0,5100075760856271; 0,8038364080712199
0,008320646912720322; 0,7364193229004741; 0,9352078293450177; 0,07715538516640663; 0,6183500131592155; 0,05289959209039807; 0,6776801510713995; 0,7384180752560496; 0,26474180025979877; 0,09974479814991355; 0,33655257197096944
-0,9984950444826024; 0,6734356237575412; 0,8677011616528034; 0,5037829135544598; 0,5808479897677898; 0,040970887057483196; 0,8467001230455935; 0,8998903618194163; 0,8761566849425435; 0,013175420463085175; 0,8163227937184274
0,9261591444738599; 0,8088028328493237; 0,4398157401010394; 0,5333148930221796; 0,5479689743369818; 0,18539622938260436; 0,8796718395315111; 0,3266313918866217; 0,8863305859267712; 0,4845324703492224; 0,04754182696342468
0,960742036770853; 0,6835581143386662; 0,4714381252415478; 0,34026531828567386; 0,027306463103741407; 0,2659106347709894; 0,7343960893340409; 0,21711878385394812; 0,8669652263633907; 0,05058852955698967; 0,7277165083214641
0,9790154852516084; 0,14654910564422607; 0,4466097317636013; 0,8975499765947461; 0,013205267488956451; 0,023698922712355852; 0,8613553200848401; 0,08645519288256764; 0,12142518069595098; 0,5684235608205199; 0,26008972292765975
0,8392216381953821; 0,3545857765711844; 0,9126381478272378; 0,34839513385668397; 0,7017472214065492; 0,844131922814995; 0,1425411608070135; 0,9959254264831543; 0,38053723704069853; 0,4428594736382365; 0,7205297751352191
0,9368295048852636; 0,8753886432386935; 0,8373827165924013; 0,3725799424573779; 0,2620510864071548; 0,41365982545539737; 0,2936628279276192; 0,11781334783881903; 0,9489230588078499; 0,713589261751622; 0,5870053553953767
0,33732118781808823; 0,7544744280166924; 0,34238522686064243; 0,5570522272028029; 0,21770734479650855; 0,8733791741542518; 0,734981766436249; 0,8951441934332252; 0,055180453695356846; 0,49994594417512417; 0,985465060453862
-0,7629047399132478; 0,349866334348917; 0,3352013323456049; 0,7852636715397239; 0,05479366751387715; 0,816187602467835; 0,977004409302026; 0,04192290222272277; 0,19601050531491637; 0,43304821383208036; 0,4469828796572983
0,905339462372854; 0,6354296384379268; 0,9889721572399139; 0,4473438314162195; 0,4187532654032111; 0,5791631457395852; 0,01077923085540533; 0,3480906863696873; 0,658455309458077; 0,11390920262783766; 0,04908753000199795
-0,35269690045755875; 0,7146406322717667; 0,6073174057528377; 0,8056373689323664; 0,28971911733970046; 0,4080925886519253; 0,22817853232845664; 0,02897553937509656; 0,07840171456336975; 0,7296241112053394; 0,8107971749268472
-0,5759788718620806; 0,6178791313432157; 0,10422353446483612; 0,8933640047907829; 0,6614667153917253; 0,3596348222345114; 0,2107067252509296; 0,297803096473217; 0,2944479435682297; 0,6234907773323357; 0,17527614114806056
0,8223685600919272; 0,5268512382172048; 0,7947635604068637; 0,7349266684614122; 0,3986257780343294; 0,11085346480831504; 0,47872269712388515; 0,8986695799976587; 0,8894275254569948; 0,9762903195805848; 0,9331890279427171
0,9699147709149402; 0,44471096340566874; 0,11784484144300222; 0,5898616728372872; 0,3239487367682159; 0,8988754684105515; 0,6282340618781745; 0,24281493434682488; 0,12317690532654524; 0,11341226333752275; 0,1384344487451017
0,4598925021964306; 0,3353791004046798; 0,05523945717141032; 0,3389484449289739; 0,9670532029122114; 0,4764663316309452; 0,3420510133728385; 0,16680439794436097; 0,356220917776227; 0,9332294194027781; 0,240597287658602
-0,9640934715971216; 0,543336306232959; 0,3579449472017586; 0,9573997976258397; 0,46205828431993723; 0,2370352428406477; 0,45495942421257496; 0,251671832986176; 0,49029727606102824; 0,202630165964365; 0,5306139350868762
0,9835071368113217; 0,6643481785431504; 0,9656026675365865; 0,2214660276658833; 0,05014290986582637; 0,20013848133385181; 0,28349649254232645; 0,9938748762942851; 0,2591317598707974; 0,5764076276682317; 0,25784521037712693
0,718651999215015; 0,7824352206662297; 0,2237268895842135; 0,8192670024000108; 0,5109282727353275; 0,1533358762972057; 0,18502708291634917; 0,1414681077003479; 0,779661638662219; 0,9094431176781654; 0,15707437368109822
0,8524303086627978; 0,7132471771910787; 0,8096603583544493; 0,6754675325937569; 0,20484638446941972; 0,22272417228668928; 0,8499165889807045; 0,17989679099991918; 0,6105920132249594; 0,5265709194354713; 0,9929273924790323
-0,2970240401509403; 0,7412864500656724; 0,3729510470293462; 0,7013018457219005; 0,8093188642524183; 0,33554444927722216; 0,7765982612036169; 0,1936714923940599; 0,5083582154475152; 0,8996013388969004; 0,34806280583143234
0,5400620300256072; 0,7958886884152889; 0,33636533515527844; 0,8241551700048149; 0,36832370329648256; 0,43029577657580376; 0,8506256374530494; 0,834462515078485; 0,8492776108905673; 0,5349851651117206; 0,26628114795312285
0,8814183013166736; 0,4148796037770808; 0,878355335444212; 0,8058610665611923; 0,8260713219642639; 0,0856837946921587; 0,16459526866674423; 0,5138904792256653; 0,6080205165781081; 0,9564669374376535; 0,7874699514359236
0,3259995550023344; 0,22443062672391534; 0,6081141727045178; 0,7127982107922435; 0,7639347524382174; 0,3484883108176291; 0,6625371961854398; 0,8127513248473406; 0,6019560829736292; 0,4687349805608392; 0,2437726492062211
-0,7564731356139116; 0,4291997607797384; 0,22638508770614862; 0,7173559428192675; 0,7180349696427584; 0,8557789851911366; 0,25596764544025064; 0,8268716116435826; 0,9271915843710303; 0,5843281410634518; 0,9244876764714718
-0,9956264472466801; 0,3140678135678172; 0,3686380051076412; 0,4954175231978297; 0,7930655996315181; 0,6873953891918063; 0,03704231511801481; 0,9189138859510422; 0,07428966835141182; 0,45599729381501675; 0,6280101295560598
0,9891042900190299; 0,6424881629645824; 0,5718690031208098; 0,0299030770547688; 0,5537847601808608; 0,9692374523729086; 0,3587334454059601; 0,37736709089949727; 0,7939602835103869; 0,8038406032137573; 0,22384474473074079
-0,7084687510307698; 0,5054745096713305; 0,29766783537343144; 0,7599907191470265; 0,580207553692162; 0,1382093676365912; 0,9420976005494595; 0,2698458284139633; 0,5725134490057826; 0,739685838110745; 0,150841623544693
-0,36784974772584034; 0,7754963072948158; 0,8317254963330925; 0,537146891001612; 0,2641756134107709; 0,7021251139231026; 0,22431284468621016; 0,6401306646876037; 0,9108824064023793; 0,6604647999629378; 0,9596724663861096
0,20898485265766417; 0,6679516104049981; 0,24981565959751606; 0,21160727413371205; 0,6673835208639503; 0,962787457741797; 0,3415527958422899; 0,24251481145620346; 0,3496210337616503; 0,399158809799701; 0,6894598077051342
0,39571163575173696; 0,14690751489251852; 0,47790623595938087; 0,4034410216845572; 0,8357604360207915; 0,1730847144499421; 0,59052629256621; 0,8104590391740203; 0,7258661040104926; 0,9373549562878907; 0,11696420144289732
-0,9499440738868975; 0,013292822986841202; 0,16206679353490472; 0,4575784672051668; 0,8853905191645026; 0,8464567996561527; 0,10010218434035778; 0,44943532906472683; 0,8422257355414331; 0,5209093429148197; 0,6200897861272097
0,9999599411550713; 0,6103261089883745; 0,6652474878355861; 0,9912807801738381; 0,5770228058099747; 0,9853617632761598; 0,2287039551883936; 0,8830524417571723; 0,8074925118125975; 0,21227068873122334; 0,4306392236612737
0,9788374297521023; 0,9390025599859655; 0,5040277848020196; 0,047449519857764244; 0,5644080908969045; 0,4462119909003377; 0,8016922697424889; 0,9259314816445112; 0,579823911190033; 0,19298900151625276; 0,12865548254922032
0,790386948206142; 0,5098632979206741; 0,4287103805691004; 0,37508439226076007; 0,23512089531868696; 0,5515480157919228; 0,12370190257206559; 0,32760064816102386; 0,9112249691970646; 0,9664738718420267; 0,7456770655699074
0,9982427159805026; 0,0022181966342031956; 0,8452063798904419; 0,46953108673915267; 0,8897297014482319; 0,4068455840460956; 0,2960772681981325; 0,6664200886152685; 0,3830190720036626; 0,20012254687026143; 0,14509277883917093
-0,16836227504916454; 0,3586261994205415; 0,33008669735863805; 0,7481830627657473; 0,741338022518903; 0,5674377642571926; 0,7536207484081388; 0,22258764086291194; 0,7751108757220209; 0,290710907895118; 0,8807883858680725
0,639365073151863; 0,01714188978075981; 0,6872755400836468; 0,5177398868836462; 0,7461282690055668; 0,6297563971020281; 0,5222593410871923; 0,328727085608989; 0,970965841319412; 0,8945751655846834; 0,9645686945877969
0,17312580291585156; 0,593987419269979; 0,9075102573260665; 0,10406774235889316; 0,5082132639363408; 0,40442530158907175; 0,10588072193786502; 0,13261330034583807; 0,44002065528184175; 0,32953884778544307; 0,595570226199925
0,05020427465818081; 0,18255935376510024; 0,4640584224835038; 0,7788448953069746; 0,8921750988811255; 0,1669177352450788; 0,22323778178542852; 0,9281044234521687; 0,14269810123369098; 0,8368164612911642; 0,8709350675344467
-0,2184212834426075; 0,9424024326726794; 0,9149491167627275; 0,9406338101252913; 0,513747981749475; 0,4705780539661646; 0,26026189187541604; 0,8474543509073555; 0,48517617117613554; 0,7340122344903648; 0,9848930900916457
0,996895946880217; 0,6981244380585849; 0,4155216598883271; 0,5684186462312937; 0,3864959068596363; 0,0721766222268343; 0,5184318204410374; 0,04165559960529208; 0,8851918647997081; 0,12678086338564754; 0,10713682323694229
0,9686674430872022; 0,3672845480032265; 0,39002298982813954; 0,9004932423122227; 0,5901978318579495; 0,9789455900900066; 0,3622540319338441; 0,5552429985255003; 0,6317425877787173; 0,7278285431675613; 0,01230694679543376
-0,8325756207679156; 0,6858226181939244; 0,7550583584234118; 0,9294666131027043; 0,8535463321022689; 0,8974386435002089; 0,47023144410923123; 0,1005925671197474; 0,8225348214618862; 0,7634433945640922; 0,7024658522568643
0,9995688180714211; 0,658079007640481; 0,9672097964212298; 0,7405483135953546; 0,657215571962297; 0,7449239301495254; 0,5643737153150141; 0,5368541483767331; 0,8525211261585355; 0,9961693193763494; 0,7242117282003164
0,951049396815745; 0,2921418473124504; 0,40336912078782916; 0,7422118103131652; 0,15805731434375048; 0,17889622319489717; 0,32579363510012627; 0,8766320324502885; 0,48063484532758594; 0,21750843105837703; 0,3596634631976485
-0,8229946034107966; 0,919561724178493; 0,7748177228495479; 0,5184514950960875; 0,30999980587512255; 0,9011428928934038; 0,946727542206645; 0,7472707307897508; 0,06474123476073146; 0,488903624471277; 0,41992408549413085
0,8887939023308234; 0,7345106904394925; 0,23072607722133398; 0,001203928142786026; 0,41621369728818536; 0,563889398239553; 0,17236090963706374; 0,35185058461502194; 0,33709080144762993; 0,1178204515017569; 0,8013600520789623
0,8350101253844857; 0,0036639361642301083; 0,043348885141313076; 0,3700726027600467; 0,7385105467401445; 0,23648422164842486; 0,9416847736574709; 0,27939795795828104; 0,509690840728581; 0,9308261307887733; 0,5517143337056041
0,5046324555982151; 0,9930392168462276; 0,6479019136168063; 0,1204327940940857; 0,479397002607584; 0,22761543979868293; 0,47232045279815793; 0,7617008052766323; 0,4645257582888007; 0,39732894068583846; 0,32268526684492826
0,8326328188793178; 0,40537366922944784; 0,28622396662831306; 0,5894511877559125; 0,10131929581984878; 0,2926210993900895; 0,17579317465424538; 0,5368242939002812; 0,06825745245441794; 0,07483037421479821; 0,223682367708534
-0,9948644190825842; 0,8526094658300281; 0,00180131196975708; 0,3267733193933964; 0,45019480865448713; 0,5524373785592616; 0,24125168332830071; 0,3333981838077307; 0,8489787522703409; 0,18986395746469498; 0,09833045722916722
0,9999993930325105; 0,5049826190806925; 0,9224143214523792; 0,03996792994439602; 0,4495486137457192; 0,7801189087331295; 0,18998515931889415; 0,878871981985867; 0,2491182810626924; 0,33937274664640427; 0,4436926608905196
0,7356143477785431; 0,49387251446023583; 0,43798224022611976; 0,18234797660261393; 0,9388485015369952; 0,9856836474500597; 0,43779927119612694; 0,17277127038687468; 0,1223364919424057; 0,2980565535835922; 0,6302117281593382
0,16803338069138707; 0,345485407859087; 0,8016700106672943; 0,914688853546977; 0,8984971437603235; 0,2011301522143185; 0,18232547026127577; 0,5518247289583087; 0,4608724722638726; 0,6738240076228976; 0,8928916561417282
0,22015778658311558; 0,2946149748750031; 0,8859923421405256; 0,6959406458772719; 0,9516022866591811; 0,902268114965409; 0,5251114596612751; 0,4879686455242336; 0,43672830099239945; 0,3137297942303121; 0,7322688275016844
0,007798185837129685; 0,6040714401751757; 0,6211818703450263; 0,2940355325117707; 0,37071223137900233; 0,9045900008641183; 0,33625279925763607; 0,19714751606807113; 0,35569695197045803; 0,1418061056174338; 0,839421306271106
-0,7096768362217846; 0,15038989717140794; 0,04677257873117924; 0,26864715153351426; 0,6887612044811249; 0,4117882181890309; 0,6606332915835083; 0,8665707912296057; 0,971136556006968; 0,7786759636364877; 0,582037054002285
0,9024402057235912; 0,9574658749625087; 0,9361191345378757; 0,5741177909076214; 0,021060611587017775; 0,07691783178597689; 0,8156988280825317; 0,5366318016313016; 0,6755885886959732; 0,22582253208383918; 0,39197730319574475
0,9810248305071713; 0,9107960043475032; 0,8713675681501627; 0,6037712013348937; 0,22887640492990613; 0,6111191175878048; 0,8036547689698637; 0,8273540479131043; 0,33585022296756506; 0,35909424675628543; 0,4607506999745965
0,20019118174082046; 0,7980044335126877; 0,2892225575633347; 0,48481927905231714; 0,5901653543114662; 0,046469302382320166; 0,07465203199535608; 0,5292287985794246; 0,721864849794656; 0,5987227717414498; 0,40825685393065214
-0,836498245017118; 0,2028487236239016; 0,9215722135268152; 0,3640994974412024; 0,15981827769428492; 0,4550477988086641; 0,9974380261264741; 0,06010460667312145; 0,41069007851183414; 0,9287265259772539; 0,8220062660984695
-0,9984343048048381; 0,7696002628654242; 0,7333032442256808; 0,37380011891946197; 0,9587600524537265; 0,08487303834408522; 0,3764812769368291; 0,706780016887933; 0,7910490846261382; 0,0550234979018569; 0,400427570566535
0,28734878034475636; 0,6872173291631043; 0,4579881359823048; 0,7919655283913016; 0,742541229352355; 0,48417384177446365; 0,9839464481920004; 0,7592915575951338; 0,765691474545747; 0,15849168272688985; 0,80379230203107
-0,8360297166373051; 0,03154671099036932; 0,9303573346696794; 0,3137108366936445; 0,7178626446984708; 0,1437208172865212; 0,580071808770299; 0,7491685384884477; 0,15357004525139928; 0,3357082288712263; 0,23571456037461758
0,9948579906456094; 0,8066209154203534; 0,4195251176133752; 0,7248049173504114; 0,23062005871906877; 0,003510276321321726; 0,2665316415950656; 0,6051919055171311; 0,9365872885100543; 0,8729217760264874; 0,2520227562636137
0,5630741777495292; 0,7081263177096844; 0,4773664753884077; 0,10662533389404416; 0,4928394709713757; 0,9600768056698143; 0,16673745261505246; 0,43267432041466236; 0,2658806871622801; 0,5532488110475242; 0,8600485562346876
0,7951555173579068; 0,6812872039154172; 0,4246807023882866; 0,9262697394005954; 0,3147300276905298; 0,7251990642398596; 0,41498025180771947; 0,5309257861226797; 0,2796045932918787; 0,7913329242728651; 0,2540484559722245
0,6614571767062477; 0,5633329995907843; 0,46119777439162135; 0,10818606242537498; 0,06735715735703707; 0,209338731598109; 0,7892611911520362; 0,2522524204105139; 0,6396936285309494; 0,17995193600654602; 0,54915731260553
0,5283749786157694; 0,3171486435458064; 0,8944011186249554; 0,25351748056709766; 0,3780181435868144; 0,7035377989523113; 0,9158517546020448; 0,6241980018094182; 0,8169009042903781; 0,7391964592970908; 0,9887008238583803
0,9767376334378559; 0,22488394705578685; 0,9148638457991183; 0,5379789536818862; 0,6855346178635955; 0,10029296251013875; 0,34357533045113087; 0,09733262425288558; 0,3098425203934312; 0,19493549317121506; 0,76385841332376
-0,0634800056028266; 0,5526716047897935; 0,29829235933721066; 0,28086951188743114; 0,8946171933785081; 0,7118389238603413; 0,11655049724504352; 0,3898596642538905; 0,6682024486362934; 0,7724899537861347; 0,4208773388527334
0,6039677969903838; 0,4013742827810347; 0,7171632540412247; 0,490808819886297; 0,884588869754225; 0,5250402633100748; 0,9396975869312882; 0,626123902387917; 0,8795247850939631; 0,18263022787868977; 0,3712654896080494
0,9889604804901355; 0,7014176403172314; 0,08727303612977266; 0,24379015248268843; 0,2282380647957325; 0,03547151852399111; 0,6401032069697976; 0,830119660589844; 0,5029598670080304; 0,17657071724534035; 0,3820461402647197
0,8609870429182569; 0,6261123465374112; 0,18683976354077458; 0,6240134695544839; 0,563621795270592; 0,46811918914318085; 0,9895096425898373; 0,5988253997638822; 0,2734006610698998; 0,5300219738855958; 0,9943616543896496
-0,9648663982169469; 0,01086096279323101; 0,6688937596045434; 0,313501950353384; 0,8618261716328561; 0,8754588929004967; 0,681972848251462; 0,9522547577507794; 0,16652324749156833; 0,2313276738859713; 0,23247262462973595
0,9481003528789158; 0,9970690691843629; 0,8695966023951769; 0,1525579155422747; 0,02819480560719967; 0,028584200888872147; 0,21455788984894753; 0,3827665480785072; 0,8447391050867736; 0,331148742698133; 0,03258005902171135
0,9860303417130548; 0,5577041041105986; 0,31947053503245115; 0,20368529111146927; 0,5218385900370777; 0,14990426739677787; 0,1882161544635892; 0,1322434265166521; 0,11237077647820115; 0,23243743274360895; 0,49048204300925136
0,1915291293811014; 0,5355643555521965; 0,7120175985619426; 0,5189888412132859; 0,47035796055570245; 0,14392455108463764; 0,6458529508672655; 0,7595631130971014; 0,937993201892823; 0,08580039395019412; 0,020561834797263145
0,9995484952576527; 0,32308777794241905; 0,6326197111047804; 0,05353265814483166; 0,08490242715924978; 0,9101557717658579; 0,8236689795739949; 0,4893704243004322; 0,5326754110865295; 0,6173417996615171; 0,5707988706417382
0,7503460810985226; 0,8323422074317932; 0,7127885720692575; 0,4740034630522132; 0,08528011525049806; 0,38572056218981743; 0,1201973739080131; 0,6463281661272049; 0,09089367045089602; 0,5069264438934624; 0,7040729643777013
-0,37975410442701324; 0,7474762313067913; 0,5599748105742037; 0,12601445522159338; 0,3914909362792969; 0,06189713906496763; 0,3351329783909023; 0,4000134915113449; 0,7694967268034816; 0,03522568242624402; 0,027143607381731272
-0,011619754745631468; 0,3576609781011939; 0,4521088069304824; 0,3748124884441495; 0,8066699770279229; 0,908011113293469; 0,4391854405403137; 0,7028683456592262; 0,4484333088621497; 0,0023234770633280277; 0,009246236644685268
0,9055613431926154; 0,7813734426163137; 0,8745378917083144; 0,11548674432560802; 0,9436103529296815; 0,47132656816393137; 0,6685158596374094; 0,19718679273501039; 0,2541077323257923; 0,4932662355713546; 0,7930814675055444
0,08375189279120508; 0,1843575593084097; 0,03010848769918084; 0,30140718817710876; 0,737407736480236; 0,012687634211033583; 0,6782311317510903; 0,6626088027842343; 0,13640875136479735; 0,8548165806569159; 0,45186937507241964
0,5883994377425102; 0,8690383285284042; 0,631192923989147; 0,8130357442423701; 0,8051822786219418; 0,8557620225474238; 0,8297383049502969; 0,11084160022437572; 0,8199031078256667; 0,5760302920825779; 0,044198010582476854
0,7824390351635828; 0,08898880239576101; 0,9356417926028371; 0,7815417381934822; 0,2761261463165283; 0,43597421469166875; 0,6876212088391185; 0,8776921285316348; 0,1539205494336784; 0,6619922891259193; 0,15033701481297612
0,2562654782082468; 0,26899082912132144; 0,3440617797896266; 0,20158310141414404; 0,9639836065471172; 0,33622072311118245; 0,6740079936571419; 0,2868163613602519; 0,5133215300738811; 0,25299709662795067; 0,6989877824671566
0,8934615114700099; 0,6165053835138679; 0,34034413006156683; 0,21021610544994473; 0,00775590306147933; 0,029164142441004515; 0,34108067443594337; 0,9022452472709119; 0,022304666228592396; 0,7230129316449165; 0,40271991584450006
0,8199933004516278; 0,29908288875594735; 0,9008692498318851; 0,8966555250808597; 0,27749135298654437; 0,5615525185130537; 0,5768611012026668; 0,18019664334133267; 0,14551238808780909; 0,6454830979928374; 0,36797773744910955
0,9993476796295729; 0,4795912182889879; 0,36631921073421836; 0,04158823983743787; 0,7894565095193684; 0,509722447488457; 0,8988523767329752; 0,7565789697691798; 0,7700400557368994; 0,6813313132151961; 0,5695338123477995
-0,9782460196182118; 0,162557867821306; 0,9011417934671044; 0,08590528834611177; 0,8846600218676031; 0,1289884247817099; 0,30491978395730257; 0,7034407858736813; 0,6245953966863453; 0,5820204331539571; 0,6330436812713742
0,7655421605647174; 0,6976635726168752; 0,027655820827931166; 0,4133550338447094; 0,6960612889379263; 0,8180318544618785; 0,4581180582754314; 0,5679923081770539; 0,6678574536927044; 0,18505829432979226; 0,3851431175135076
0,9459486452648002; 0,8002420887351036; 0,6364351278170943; 0,4480876363813877; 0,8295926181599498; 0,987399207893759; 0,2057804032228887; 0,9111205702647567; 0,23825773410499096; 0,943288522772491; 0,7095326823182404
-0,7163218589182777; 0,6409988943487406; 0,416051188018173; 0,2501337230205536; 0,9198198271915317; 0,5391624965704978; 0,946685740724206; 0,9581769779324532; 0,8336811834014952; 0,41689572110772133; 0,3364982195198536
0,04175301476034937; 0,9822307606227696; 0,31105530029162765; 0,913383528124541; 0,6034925528801978; 0,9790148991160095; 0,7491974933072925; 0,790662354324013; 0,6351388432085514; 0,3594500059261918; 0,7203733772039413
-0,9366334141938926; 0,20811258954927325; 0,33232462825253606; 0,18065912229940295; 0,7680778191424906; 0,7736054724082351; 0,039130412973463535; 0,8457103013060987; 0,09806009428575635; 0,5297802533023059; 0,6803179667331278
0,9063066611181921; 0,45583245530724525; 0,7494301204569638; 0,7668799818493426; 0,12530543887987733; 0,8677693656645715; 0,7096908329986036; 0,876237818505615; 0,378515247721225; 0,5595670067705214; 0,2859711921773851
0,9217875619623302; 0,13265647552907467; 0,45020988676697016; 0,012849449645727873; 0,8823027145117521; 0,4319826578721404; 0,10166119737550616; 0,28442719765007496; 0,361847042106092; 0,5028593982569873; 0,6568953953683376
-0,8167025763383997; 0,38267624471336603; 0,17612374713644385; 0,4680689382366836; 0,5521992105059326; 0,3315836158581078; 0,796804788056761; 0,14905243879184127; 0,2986718863248825; 0,04921719525009394; 0,11038989806547761
0,8685565833834108; 0,4703552518039942; 0,6051119356416166; 0,36442113667726517; 0,33241602405905724; 0,39789927192032337; 0,726673049852252; 0,698798562400043; 0,18302094703540206; 0,6849140445701778; 0,17248150380328298
0,0874350264997747; 0,7378213135525584; 0,25551582174375653; 0,35574928810819983; 0,29247633181512356; 0,9738782616332173; 0,9485310651361942; 0,23091919673606753; 0,5532524432055652; 0,9537282162345946; 0,5659865252673626
0,9776438393493162; 0,27745326748117805; 0,772355689201504; 0,05109781725332141; 0,7488149073906243; 0,7563488478772342; 0,8037954107858241; 0,3965027225203812; 0,28402542043477297; 0,5363039295189083; 0,4068442927673459
0,9907076048591993; 0,01692604273557663; 0,8832042207941413; 0,1961162476800382; 0,42519248416647315; 0,7587498496286571; 0,9231641250662506; 0,4827048401348293; 0,8622659631073475; 0,9564455910585821; 0,7270050179213285
0,1781306785153679; 0,32901789946481586; 0,38675638986751437; 0,3557433462701738; 0,032702053897082806; 0,538198727183044; 0,9728743759915233; 0,17671180237084627; 0,8666022173129022; 0,43576803151518106; 0,8919550296850502
-0,003903590153696636; 0,18459456786513329; 0,24481931934133172; 0,13985433895140886; 0,4983944008126855; 0,36039790883660316; 0,00547696091234684; 0,2854032921604812; 0,5057886797003448; 0,7663695719093084; 0,9487555488012731
-0,40909928505826254; 0,23334213811904192; 0,38067542016506195; 0,1381793161854148; 0,8609589943662286; 0,01748443068936467; 0,978436510078609; 0,14541682740673423; 0,7803934686817229; 0,04913618694990873; 0,12999718682840466
-0,38652074499017686; 0,831117001362145; 0,1721885004080832; 0,5065732644870877; 0,6016239924356341; 0,43603409361094236; 0,9037848520092666; 0,06762517802417278; 0,6671847612597048; 0,2292925789952278; 0,1814765240997076
0,5976907960450285; 0,2549633411690593; 0,5612962059676647; 0,14049020688980818; 0,6482441322878003; 0,812091663479805; 0,7834293595515192; 0,32701320946216583; 0,4253782667219639; 0,5431600175797939; 0,20948650781065226
0,898039281384064; 0,8746242937631905; 0,6249113846570253; 0,4389401259832084; 0,26390486396849155; 0,6505355150438845; 0,9129549977369606; 0,41552849719300866; 0,3239986286498606; 0,74760876968503; 0,9291884871199727
0,7317345080303841; 0,5285558602772653; 0,3475243761204183; 0,9863217175006866; 0,92152214422822; 0,0904094809666276; 0,9606371773406863; 0,9539642790332437; 0,3494218704290688; 0,40603925520554185; 0,9414412323385477
0,9998692935511923; 0,7402232391759753; 0,47060719644650817; 0,5585866984911263; 0,426908943336457; 0,16932256100699306; 0,6176829235628247; 0,9253053502179682; 0,8113889838568866; 0,13196284649893641; 0,7413823651149869
0,9156189853132917; 0,3388162273913622; 0,12885219603776932; 0,2612028829753399; 0,6487054158933461; 0,08335159718990326; 0,8388770367018878; 0,39508589496836066; 0,31019101990386844; 0,9321486400440335; 0,24066034937277436
0,9408289572156693; 0,4812533310614526; 0,4384172302670777; 0,5825348147191107; 0,46504633827134967; 0,5919013586826622; 0,026592141948640347; 0,6072052116505802; 0,5286762099713087; 0,1551425252109766; 0,33194059785455465
0,999133705673152; 0,25380225479602814; 0,4844411136582494; 0,8806550032459199; 0,39240711415186524; 0,9277101778425276; 0,7013730639591813; 0,7747150082141161; 0,02224878640845418; 0,10354877728968859; 0,752667787950486
0,9624116629772699; 0,607157523278147; 0,05682758893817663; 0,021059920080006123; 0,6984342820942402; 0,3639424811117351; 0,19455666234716773; 0,08192332182079554; 0,7630102103576064; 0,7727752504870296; 0,5307856551371515
0,8388334155318344; 0,3305815984494984; 0,19743127562105656; 0,32405250053852797; 0,84795165900141; 0,5394285940565169; 0,9340844140388072; 0,08192847110331059; 0,3409547465853393; 0,38517070608213544; 0,548513918183744
0,7111294754553094; 0,32546415040269494; 0,2595706507563591; 0,9540781415998936; 0,13577135698869824; 0,9872589218430221; 0,15555878728628159; 0,12628021743148565; 0,054514999501407146; 0,09906554501503706; 0,6666187020018697
-0,6440160099241132; 0,07997076818719506; 0,7369917873293161; 0,27705060224980116; 0,8201053589582443; 0,011470675934106112; 0,8957667369395494; 0,768841729965061; 0,5235013924539089; 0,9741906290873885; 0,6038623452186584
0,4641957030813146; 0,7828498729504645; 0,43634344451129436; 0,701071216724813; 0,6134123154915869; 0,07479188777506351; 0,8671615123748779; 0,643656731583178; 0,48682961985468864; 0,2647612844593823; 0,42368504172191024
0,9909066461401226; 0,9907439006492496; 0,5296370508149266; 0,992246862500906; 0,14975538291037083; 0,8130319588817656; 0,8939343728125095; 0,020105427131056786; 0,566714929882437; 0,3362770485691726; 0,4569988320581615
0,9949530172742321; 0,3631669860333204; 0,4259339435957372; 0,5390195827931166; 0,07269023545086384; 0,5426709726452827; 0,7180991494096816; 0,8367788433097303; 0,1054468140937388; 0,94572245888412; 0,9339424502104521
0,19567048017936736; 0,5013118195347488; 0,43057572841644287; 0,292660899925977; 0,07600446697324514; 0,23745900858193636; 0,5117134288884699; 0,5921806702390313; 0,17745383363217115; 0,2544426489621401; 0,24448702484369278
0,6145536859351975; 0,37660517916083336; 0,13158254604786634; 0,4762915871106088; 0,9509073477238417; 0,8544616303406656; 0,5016847718507051; 0,5331868892535567; 0,06191575573757291; 0,23308753222227097; 0,7869959743693471
0,8797025429344032; 0,7149299252778292; 0,45578745286911726; 0,07271727314218879; 0,1226097010076046; 0,522744458168745; 0,5102512002922595; 0,48521787067875266; 0,4711038563400507; 0,41400239570066333; 0,08415479771792889
-0,9254471587920886; 0,818631858099252; 0,4793740273453295; 0,9519206089898944; 0,7429059762507677; 0,8798451134935021; 0,34841529466211796; 0,13462783815339208; 0,8952515874989331; 0,9107007840648293; 0,2351613468490541
0,7012544627516688; 0,6565315150655806; 0,20330467401072383; 0,7563792848959565; 0,38068223698064685; 0,3545818980783224; 0,18980816565454006; 0,8806366389617324; 0,14025281183421612; 0,34129834081977606; 0,8609379553236067
0,9475303263210253; 0,7119996016845107; 0,6616332656703889; 0,01583160925656557; 0,921699695289135; 0,44121324829757214; 0,8725153608247638; 0,7125589977949858; 0,9756786576472223; 0,07056485442444682; 0,14133890951052308
0,8788754831957865; 0,7519685220904648; 0,031538215931504965; 0,6205199514515698; 0,8044077404774725; 0,02231896435841918; 0,6059708902612329; 0,8422450325451791; 0,46293644327670336; 0,7776648066937923; 0,3590964595787227
0,4115056791888723; 0,40129379043355584; 0,0364242997020483; 0,40031382627785206; 0,31774227833375335; 0,9368798448704183; 0,4991339440457523; 0,807377053424716; 0,13861495396122336; 0,46536454651504755; 0,19257988454774022
0,8604297202988824; 0,4869674891233444; 0,7353024571202695; 0,8533449256792665; 0,5517053161747754; 0,748304829467088; 0,8973287302069366; 0,5986087648198009; 0,9416736639104784; 0,7833214625716209; 0,5927852229215205
0,9276498034474272; 0,9919530008919537; 0,5026785274967551; 0,46810862608253956; 0,9049225961789489; 0,6218177289701998; 0,387418145313859; 0,7328514871187508; 0,08038848545402288; 0,9406344643794; 0,9892923203296959
0,9128387072487166; 0,651266775559634; 0,06709162937477231; 0,5435563721694052; 0,3969128686003387; 0,03543475829064846; 0,4965630476363003; 0,7561368402093649; 0,2702069655060768; 0,8696569269523025; 0,340729630086571
0,17567882735489865; 0,0253907167352736; 0,12814335199072957; 0,941637247800827; 0,4678734475746751; 0,43866531690582633; 0,12828325759619474; 0,6613196926191449; 0,9165982129052281; 0,9728836882859468; 0,37938089994713664
-0,5789279061381091; 0,6616400866769254; 0,4508887641131878; 0,9876067158766091; 0,3967205611988902; 0,7684924947097898; 0,8608376234769821; 0,7449827273376286; 0,6286968220956624; 0,731306173838675; 0,5961536075919867
0,9177437655805704; 0,62372593767941; 0,6772310752421618; 0,6305072172544897; 0,8347021020017564; 0,18747674161568284; 0,4798035304993391; 0,6133521343581378; 0,1925952024757862; 0,928250587079674; 0,20934497937560081
0,47465227642368274; 0,5508250687271357; 0,8214675602503121; 0,1940542096272111; 0,72554150223732; 0,136188805103302; 0,6740206354297698; 0,9422573796473444; 0,6267055361531675; 0,4114133375696838; 0,6327037964947522
-0,8460727485666504; 0,9364724522456527; 0,1884172991849482; 0,7950349301099777; 0,6762005691416562; 0,6520060570910573; 0,46449225349351764; 0,5267554321326315; 0,9391618426889181; 0,0961715648882091; 0,16384558845311403
0,824766597874387; 0,39808037132024765; 0,94671022426337; 0,11988466838374734; 0,7251013852655888; 0,6002613520249724; 0,7150996020063758; 0,18431707983836532; 0,592827363871038; 0,35338927851989865; 0,4197619156911969
0,5768648798369753; 0,24300256976857781; 0,7078935820609331; 0,3219380835071206; 0,5858603697270155; 0,004123234655708075; 0,44281000178307295; 0,46266873413696885; 0,20810123067349195; 0,2694681012071669; 0,9178281142376363
0,9731687996006136; 0,09301827615126967; 0,07192864967510104; 0,534856510348618; 0,8281574449501932; 0,25818138429895043; 0,1230319133028388; 0,9594846880063415; 0,19295166013762355; 0,6976454043760896; 0,3287264066748321
-0,908676992287068; 0,6493323217146099; 0,7401428073644638; 0,7872551698237658; 0,6545242550782859; 0,8315978618338704; 0,6487862071953714; 0,13834913494065404; 0,9453556179068983; 0,23020660365000367; 0,16886094445362687
0,894792116409674; 0,3708451366983354; 0,7288039731793106; 0,9677611938677728; 0,061431572306901217; 0,17509029945358634; 0,000985646154731512; 0,06013592937961221; 0,8077787007205188; 0,465321013238281; 0,4476357721723616
-0,6224430944459555; 0,32936691539362073; 0,8112227735109627; 0,261825745459646; 0,9501906293444335; 0,17844692431390285; 0,5076082507148385; 0,9827576796524227; 0,9577090148814023; 0,6730688391253352; 0,7236889144405723
0,9061743434819873; 0,9475242630578578; 0,3962823189795017; 0,7228274154476821; 0,11141061736270785; 0,41005411511287093; 0,6031534210778773; 0,48142442805692554; 0,2996160723268986; 0,9320677849464118; 0,21560871321707964
0,9362206816992718; 0,7248271023854613; 0,4099254230968654; 0,34640808403491974; 0,9969122484326363; 0,2044482077471912; 0,8581936517730355; 0,947992816567421; 0,6324638463556767; 0,12700833845883608; 0,43695442099124193
0,30656988235689486; 0,8779062419198453; 0,03727826615795493; 0,21006011124700308; 0,7319630566053092; 0,6620114301331341; 0,9733833842910826; 0,9924506647512317; 0,29184992564842105; 0,17988581536337733; 0,6664614868350327
0,7810704916492563; 0,8633228805847466; 0,1372377686202526; 0,4203871162608266; 0,1621499052271247; 0,8773704515770078; 0,8226295532658696; 0,29483671812340617; 0,4686847091652453; 0,29916715808212757; 0,1274424991570413
-0,9940747634251539; 0,719118898268789; 0,07247053971514106; 0,9341775043867528; 0,8054931662045419; 0,7157760025002062; 0,8072291477583349; 0,07159338239580393; 0,47817786131054163; 0,14770337054505944; 0,8715428421273828
0,6901730489390033; 0,3215099615044892; 0,4061440755613148; 0,24009349662810564; 0,035824064165353775; 0,15851699095219374; 0,5301077445037663; 0,048509941436350346; 0,3563124602660537; 0,8384024663828313; 0,9691649386659265
0,8603682699209712; 0,6759556694887578; 0,2989158220589161; 0,5923608681187034; 0,7112161135300994; 0,2524006082676351; 0,13090872624889016; 0,5669878050684929; 0,7031638757325709; 0,1236872891895473; 0,15157203236594796
0,83445490392437; 0,5299943457357585; 0,15403139870613813; 0,4661558694206178; 0,22926183650270104; 0,8178046247921884; 0,5145088457502425; 0,3587379171513021; 0,9057851769030094; 0,9162729191593826; 0,8701656749472022
0,8953170010792866; 0,20317382644861937; 0,8721571685746312; 0,7006275574676692; 0,4578094491735101; 0,3496823227033019; 0,6669036019593477; 0,9771922756917775; 0,08971270965412259; 0,4070276408456266; 0,07222927175462246
0,9990738194951999; 0,6359224244952202; 0,058061197865754366; 0,94393122009933; 0,05796173447743058; 0,9477376039139926; 0,0837391852401197; 0,8119983398355544; 0,45739079965278506; 0,4413956394419074; 0,10366257140412927
0,8842513903754137; 0,17428486375138164; 0,8935869340784848; 0,43298511439934373; 0,21894474187865853; 0,9810286411084235; 0,05851036310195923; 0,6305366959422827; 0,9966092323884368; 0,12622983427718282; 0,9774250201880932
0,2471568518694848; 0,04869244713336229; 0,9878741088323295; 0,3509673420339823; 0,4059447282925248; 0,8240644684992731; 0,01679370691999793; 0,6054252665489912; 0,6401035552844405; 0,8683088500984013; 0,7493925639428198
-0,06933808389134842; 0,7984189721755683; 0,5055144233629107; 0,07953797606751323; 0,41988401440903544; 0,5566682480275631; 0,26574075408279896; 0,7085860776714981; 0,2020490299910307; 0,7022065781056881; 0,7931628725491464
0,957977763318663; 0,31980112474411726; 0,6581813213415444; 0,02116870926693082; 0,6682082675397396; 0,037469953298568726; 0,3325870935805142; 0,04127385560423136; 0,8666135938838124; 0,40999239264056087; 0,1202904018573463
0,1585551912166117; 0,5730785424821079; 0,6112417350523174; 0,36856971960514784; 0,10555548267439008; 0,1356771313585341; 0,42669396940618753; 0,9034116552211344; 0,8127290639095008; 0,18236794508993626; 0,6157343182712793
0,8756940817087369; 0,33127559954300523; 0,98610047576949; 0,6869829674251378; 0,20691242488101125; 0,07719460409134626; 0,399958863388747; 0,22289504762738943; 0,8034885320812464; 0,7746260734274983; 0,7420116825960577
0,9962584158885099; 0,970902853179723; 0,7465792573057115; 0,08930827025324106; 0,03864329727366567; 0,5949494340457022; 0,8500288249924779; 0,16002201521769166; 0,01968306675553322; 0,9119062013924122; 0,91800103103742
0,13796488098327944; 0,48429939104244113; 0,1919063557870686; 0,29816861264407635; 0,7158440072089434; 0,07914357725530863; 0,13827561400830746; 0,7885957681573927; 0,4471369353123009; 0,4382359813898802; 0,3846995010972023
0,6383569695491432; 0,6292125200852752; 0,43034306447952986; 0,6180236958898604; 0,13145987829193473; 0,12549080606549978; 0,09971846686676145; 0,1911911303177476; 0,16644068574532866; 0,04212037147954106; 0,16549329413101077
0,7998884544046744; 0,5825940272770822; 0,3811336341314018; 0,16071886382997036; 0,9242033190093935; 0,36719993548467755; 0,6941705727949739; 0,7476652013137937; 0,5874596182256937; 0,8115019365213811; 0,8373774951323867
0,017472881102436447; 0,3684784839861095; 0,842658325098455; 0,9239491024054587; 0,7813383098691702; 0,19706868659704924; 0,1503100716508925; 0,9541594577021897; 0,07782872254028916; 0,724762718193233; 0,2921055550687015
0,9282401167191524; 0,6257938551716506; 0,8399306028150022; 0,24614000460132957; 0,31192365381866693; 0,3119414239190519; 0,705768643412739; 0,5772884674370289; 0,04823563760146499; 0,5984440329484642; 0,2745290701277554
-0,7296435160191359; 0,6103315181098878; 0,34764117654412985; 0,3664386933669448; 0,15135697973892093; 0,3108680695295334; 0,9328919528052211; 0,77097457787022; 0,09607229894027114; 0,9982441309839487; 0,5007085325196385
0,9943717028970085; 0,6952094174921513; 0,4109762068837881; 0,9386422322131693; 0,011449666693806648; 0,48284619906917214; 0,7482669604942203; 0,10049259196966887; 0,4132688823156059; 0,7988587957806885; 0,0025021065957844257
-0,8990960461718301; 0,8428314388729632; 0,8821465447545052; 0,2406980455853045; 0,14040935784578323; 0,9202182497829199; 0,6635288782417774; 0,4007134293206036; 0,7899297433905303; 0,7333002900704741; 0,9770473828539252
0,1509745290669511; 0,20500786835327744; 0,2260790797881782; 0,30719307763502; 0,2950451113283634; 0,6453627715818584; 0,6186680546961725; 0,9416341781616211; 0,976826258469373; 0,9248844645917416; 0,4767902959138155
-0,8186575405733002; 0,98838403634727; 0,5475865979678929; 0,28511428367346525; 0,26783726131543517; 0,5497633218765259; 0,4589835717342794; 0,8353959084488451; 0,09111958649009466; 0,4447036599740386; 0,9832934220321476
0,40572676934199237; 0,7904148469679058; 0,2515765028074384; 0,9405013909563422; 0,7646452654153109; 0,804397489875555; 0,7128293160349131; 0,38668513484299183; 0,37172908056527376; 0,9555174107663333; 0,6145923580043018
0,9646766394043027; 0,06354990974068642; 0,013305577915161848; 0,06503606680780649; 0,13922277512028813; 0,08450700156390667; 0,1603622166439891; 0,035816765390336514; 0,040415920317173004; 0,054635067004710436; 0,3059005434624851
-0,5242714933222248; 0,11126092122867703; 0,8260786603204906; 0,23410797910764813; 0,06029681442305446; 0,8049417901784182; 0,825529009103775; 0,6131245698779821; 0,9298829147592187; 0,6407067715190351; 0,8509702812880278
0,9806673246758602; 0,9132003262639046; 0,37585189612582326; 0,9312044363468885; 0,9928567996248603; 0,17882552137598395; 0,9474711362272501; 0,02473335899412632; 0,653201871085912; 0,7187089212238789; 0,1810072623193264
0,8517342035207859; 0,5576901133172214; 0,9120658282190561; 0,7057398166507483; 0,15843485295772552; 0,5033094044774771; 0,502178284805268; 0,4301918358542025; 0,24807539209723473; 0,468905879650265; 0,5566107640042901
-0,8624511529438519; 0,911431091837585; 0,8440035153180361; 0,9435264221392572; 0,5579033810645342; 0,9788521495647728; 0,6530774356797338; 0,0020807399414479733; 0,09494221908971667; 0,32808527164161205; 0,4580576135776937
0,6216043733155692; 0,2124233404174447; 0,3685137191787362; 0,9032088709063828; 0,535286083817482; 0,708352112211287; 0,3661389499902725; 0,49297973653301597; 0,6987989251501858; 0,6999539756216109; 0,20432522241026163
0,8486327111954655; 0,8310581855475903; 0,2707717879675329; 0,4655067380517721; 0,2164301909506321; 0,8853675103746355; 0,1772311981767416; 0,0029317792505025864; 0,03295877017080784; 0,8188183498568833; 0,020090564619749784
-0,9491277636119477; 0,019496731460094452; 0,4454143443144858; 0,3246323009952903; 0,44974319403991103; 0,6047662827186286; 0,8670269553549588; 0,3386889682151377; 0,21097388584166765; 0,1384682497009635; 0,3287015096284449
0,98623486917745; 0,6324840048328042; 0,5229281964711845; 0,1998218926601112; 0,282134847715497; 0,7300968659110367; 0,7956903087906539; 0,7720116153359413; 0,2615811750292778; 0,7717305636033416; 0,6117290211841464
0,9953181679601241; 0,2988903713412583; 0,7201070692390203; 0,9867968736216426; 0,6968569210730493; 0,8718187538906932; 0,6268111239187419; 0,6606903681531549; 0,20076648518443108; 0,5662494120188057; 0,5199290183372796
0,8545768745831056; 0,20507883746176958; 0,17787094274535775; 0,06844795122742653; 0,26662998320534825; 0,44010353181511164; 0,10866713710129261; 0,14103723596781492; 0,4334532730281353; 0,2909209975041449; 0,862780150026083
0,8597451804886432; 0,1292923172004521; 0,9743450568057597; 0,4880402460694313; 0,3449275135062635; 0,7024849094450474; 0,24364301096647978; 0,7654898879118264; 0,9484872929751873; 0,9430712438188493; 0,2106383265927434
0,977730927515007; 0,3096929523162544; 0,2360192402265966; 0,6462522186338902; 0,9489737036637962; 0,9917690390720963; 0,6245589810423553; 0,7381664686836302; 0,18793514976277947; 0,9090947094373405; 0,43007277650758624
-0,999225851476281; 0,06366076972335577; 0,7719800905324519; 0,9973689536564052; 0,347956039942801; 0,16303461976349354; 0,9345616791397333; 0,5492850509472191; 0,28673525154590607; 0,5197633220814168; 0,567829854786396
0,7896003305630017; 0,9498928543180227; 0,5034764870069921; 0,4872495736926794; 0,031175412703305483; 0,5826674196869135; 0,042877893429249525; 0,5811032676137984; 0,28909583296626806; 0,576085546053946; 0,28527218801900744
0,5458169680759113; 0,7663777046836913; 0,6174616958014667; 0,8694989192299545; 0,6686672293581069; 0,8942911997437477; 0,9538822192698717; 0,566817978862673; 0,33505860436707735; 0,2010172475129366; 0,29390205768868327
0,16254186419977285; 0,053654620423913; 0,4146801708266139; 0,9655505334958434; 0,3315941197797656; 0,7296387306414545; 0,574680870398879; 0,08684409176930785; 0,34874348482117057; 0,6823194217868149; 0,807061558123678
0,9686690544484303; 0,012653233483433723; 0,37547396682202816; 0,6781712407246232; 0,748622530605644; 0,33011039439588785; 0,7987610031850636; 0,5181383211165667; 0,09125360520556569; 0,3220398277044296; 0,26106482092291117
0,7679880827744575; 0,888258621096611; 0,09337354684248567; 0,8001047456637025; 0,15152581734582782; 0,8837390942499042; 0,8099350789561868; 0,6231226027011871; 0,9143324331380427; 0,9254096476361156; 0,6132520479150116
0,90084055741345; 0,14634346822276711; 0,26374933449551463; 0,5766461915336549; 0,9950856752693653; 0,4268728750757873; 0,024261305574327707; 0,4235293264500797; 0,48722739797085524; 0,17967309383675456; 0,5216442621313035
0,6093986539631295; 0,5419757147319615; 0,1282590157352388; 0,9552823370322585; 0,1367616169154644; 0,36958044953644276; 0,8219681847840548; 0,2985613406635821; 0,47315370477735996; 0,7562886080704629; 0,46204724442213774
0,9203290234873689; 0,30564397061243653; 0,20185191091150045; 0,07071785209700465; 0,13163681933656335; 0,6064510624855757; 0,8015617420896888; 0,0406856881454587; 0,7381044998764992; 0,14135163417086005; 0,43938236497342587
0,8238142011242823; 0,15742471860721707; 0,21463121473789215; 0,43533914303407073; 0,7666825344786048; 0,5415355325676501; 0,17731199320405722; 0,8202649476006627; 0,24664883874356747; 0,6466152304783463; 0,6696757655590773
-0,5184488910678188; 0,6121256877668202; 0,5060246614739299; 0,3768352218903601; 0,7078542117960751; 0,5413836282677948; 0,361047325655818; 0,9945212327875197; 0,8937909984961152; 0,6833137646317482; 0,6190091287717223
0,8805913679882393; 0,6498245727270842; 0,22240478033199906; 0,9842050112783909; 0,8697525975294411; 0,6864379029721022; 0,9188425429165363; 0,7126497612334788; 0,15869108121842146; 0,3300613616593182; 0,4588647107593715
0,5390360300280643; 0,25989007484167814; 0,5784434475935996; 0,21874154265969992; 0,5134519571438432; 0,506919302046299; 0,6995569309219718; 0,49496283009648323; 0,4393401937559247; 0,8579512564465404; 0,847583326511085
0,47387491029184614; 0,03341332823038101; 0,736500552855432; 0,45086121931672096; 0,4466236624866724; 0,08025726769119501; 0,9472788805142045; 0,8628777861595154; 2,002343535423279E-06; 0,2819649875164032; 0,7408675621263683
0,441784048838772; 0,30377925280481577; 0,29995148722082376; 0,4454001276753843; 0,5220097876153886; 0,9212809344753623; 0,9215037887915969; 0,704298721626401; 0,13305416144430637; 0,0018970901146531105; 0,8366332487203181
-0,2915871285813583; 0,01922959741204977; 0,3478423054330051; 0,726771043613553; 0,005359499249607325; 0,3908511749468744; 0,3620849046856165; 0,5399953192099929; 0,4470412014052272; 0,3788087642751634; 0,6928269919008017
0,9412307865880358; 0,820616121403873; 0,167189734056592; 0,5253105931915343; 0,8735151439905167; 0,5739604742266238; 0,8749530604109168; 0,5580457653850317; 0,6442038682289422; 0,31044035917147994; 0,46433439292013645
0,031203597782494718; 0,10104419197887182; 0,9125920194201171; 0,434666998218745; 0,9254384189844131; 0,021970869973301888; 0,06688922736793756; 0,30354247195646167; 0,9248046800494194; 0,08903216477483511; 0,9765842868946493
-0,7463841957353955; 0,06621452327817678; 0,010266444645822048; 0,25910055497661233; 0,7022772678174078; 0,22574244439601898; 0,24213067209348083; 0,8633863576687872; 0,1746479570865631; 0,2777439705096185; 0,5978553341701627
-0,5236031753535085; 0,44913589488714933; 0,9457133132964373; 0,3916358253918588; 0,5815250813029706; 0,1994212493300438; 0,07060775440186262; 0,40164766227826476; 0,01931663043797016; 0,36155205639079213; 0,8314400813542306
-0,6234295426056655; 0,12869763607159257; 0,6716664400883019; 0,508586183656007; 0,613214619923383; 0,18011139007285237; 0,09166641673073173; 0,0036681476049125195; 0,25529657304286957; 0,6896555456332862; 0,11250281939283013
0,8302088019509106; 0,6233702208846807; 0,030174968298524618; 0,8664275542832911; 0,6507726730778813; 0,5653819027356803; 0,35768422950059175; 0,9624428297393024; 0,6009638863615692; 0,9370131017640233; 0,23510210495442152
0,5472793421783413; 0,8695018962025642; 0,500852445140481; 0,43556423019617796; 0,1869193217717111; 0,30182693153619766; 0,4477659007534385; 0,07956290384754539; 0,9605870307423174; 0,6131882965564728; 0,9077793979085982
0,6182871548564298; 0,04784512799233198; 0,6881678272038698; 0,8858265364542603; 0,16675449069589376; 0,8549653706140816; 0,20789457205682993; 0,9767289757728577; 0,3220774419605732; 0,4398780311457813; 0,5076272031292319
-0,11714445713480529; 0,17230611527338624; 0,8904787641949952; 0,29696848848834634; 0,3250003447756171; 0,612887941300869; 0,7971850978210568; 0,6930636530742049; 0,4778216229751706; 0,8430576040409505; 0,7196802557446063
0,24859319238954206; 0,42750781727954745; 0,5152794048190117; 0,7520280303433537; 0,6225502248853445; 0,4843416423536837; 0,6955948239192367; 0,32892222004011273; 0,1936534377746284; 0,6424730359576643; 0,5128382788971066
0,9407889137028366; 0,46657830104231834; 0,8648229027166963; 0,6937199686653912; 0,4722283245064318; 0,5080529064871371; 0,4642768851481378; 0,4777812506072223; 0,11107753403484821; 0,8772966894321144; 0,2544083525426686
-0,818226921796813; 0,2678579590283334; 0,14458443922922015; 0,44484102819114923; 0,2176644904538989; 0,880038792733103; 0,8694673217833042; 0,6557232132181525; 0,3377309194765985; 0,9034485728479922; 0,5737371318973601
0,004517779901364666; 0,8700994816608727; 0,1463301503099501; 0,5025502014905214; 0,0689802560955286; 0,2247598860412836; 0,6965655772946775; 0,04404862318187952; 0,37205657083541155; 0,16078085592016578; 0,04543006652966142
-0,9355982266195143; 0,21461337013170123; 0,5649956343695521; 0,9945688918232918; 0,9972649752162397; 0,3055886491201818; 0,7635826542973518; 0,8650071318261325; 0,26824300130829215; 0,8259397544898093; 0,7544207428582013
0,8489902048864982; 0,5815266636200249; 0,5507108895108104; 0,84600580483675; 0,08497365331277251; 0,46115141408517957; 0,12791339587420225; 0,40567387919873; 0,45561584923416376; 0,4474496184848249; 0,6467326628044248
0,5897524439372048; 0,07443470973521471; 0,4967722771689296; 0,4287966452538967; 0,2905107270926237; 0,15642456710338593; 0,20516682276502252; 0,4567681192420423; 0,7823020168580115; 0,7294038129039109; 0,631426281761378
-0,16080728250513954; 0,6338200410827994; 0,2984386528842151; 0,14889369998127222; 0,6798198106698692; 0,11238326597958803; 0,38697862485423684; 0,6676634307950735; 0,2552245743572712; 0,45538497902452946; 0,6223437539301813
0,18348126589989236; 0,42046754620969296; 0,5982886906713247; 0,30286269076168537; 0,3655562223866582; 0,15755533333867788; 0,977457164786756; 0,960853120777756; 0,004516237881034613; 0,5181995304301381; 0,6706980085000396
0,6285643845912837; 0,5495048072189093; 0,6971783866174519; 0,4486086517572403; 0,3075780556537211; 0,625880534760654; 0,7514783032238483; 0,4459252115339041; 0,8409948404878378; 0,7293701637536287; 0,48854399798437953
0,8614003414611336; 0,30552512081339955; 0,763453877530992; 0,7254228875972331; 0,29910082602873445; 0,7088863397948444; 0,9802583665587008; 0,9095401759259403; 0,1698802262544632; 0,3238031533546746; 0,22191521944478154
0,6463424211170217; 0,42851347336545587; 0,676346817985177; 0,8464132053777575; 0,6030100779607892; 0,4311672360636294; 0,9190219002775848; 0,2736525093205273; 0,1711262259632349; 0,26186270313337445; 0,5025683548301458
0,7398885107061183; 0,7154971677809954; 0,9212309364229441; 0,8854651632718742; 0,12611885787919164; 0,7503411322832108; 0,5227861180901527; 0,03598934318870306; 0,38500268990173936; 0,06325066089630127; 0,24888562597334385
0,9567125436271579; 0,5155387879349291; 0,6098836339078844; 0,019927367568016052; 0,5531069776043296; 0,8671859269961715; 0,2964411787688732; 0,5024239402264357; 0,8088627075776458; 0,9252995937131345; 0,7298763454891741
0,4747662572023251; 0,8042970676906407; 0,5613862876780331; 0,3779595224186778; 0,07427337439730763; 0,9270995128899813; 0,8547194865532219; 0,7061185357160866; 0,7282045995816588; 0,8955992748960853; 0,28536145808175206
-0,9995037104023611; 0,8599449093453586; 0,22763981530442834; 0,9383862875401974; 0,8262225552462041; 0,1468973085284233; 0,16409046994522214; 0,041762643959373236; 0,763315592892468; 0,24391872202977538; 0,10934808058664203
0,8548164797505449; 0,5874774460680783; 0,06540896650403738; 0,6477467175573111; 0,305244367569685; 0,994410487357527; 0,10510875284671783; 0,16745328856632113; 0,2788428016938269; 0,2069706586189568; 0,42602370772510767
-0,3850927017976156; 0,7176118111237884; 0,8805941445752978; 0,20895116869360209; 0,15036048274487257; 0,23274787282571197; 0,6860234714113176; 0,45968759479001164; 0,6375152198597789; 0,19864966347813606; 0,3976512826047838
0,5649558037682844; 0,3821991295553744; 0,38460086239501834; 0,5231067882850766; 0,5114086619578302; 0,3653734652325511; 0,5885351449251175; 0,2540842858143151; 0,6223635878413916; 0,5395977054722607; 0,2993831322528422
0,6027462017477376; 0,3159818737767637; 0,341603493783623; 0,7708856584504247; 0,6656672605313361; 0,8534752726554871; 0,09129407024011016; 0,08247452462092042; 0,9679607953876257; 0,7787098870612681; 0,1622809753753245
0,9409486636129882; 0,8283098628744483; 0,2517007668502629; 0,28909966396167874; 0,22679071640595794; 0,5561204603873193; 0,7098427172750235; 0,9243063819594681; 0,6307777655310929; 0,7502288040705025; 0,713956514839083
0,04397200572394656; 0,6286932467482984; 0,8351176148280501; 0,38486933521926403; 0,9806879479438066; 0,7954097809270024; 0,3006369466893375; 0,09563360037282109; 0,5627544540911913; 0,6463425694964826; 0,36400388460606337
0,8464387689780167; 0,6176055730320513; 0,5447807451710105; 0,6082708947360516; 0,7358606867492199; 0,9689936377108097; 0,7705955235287547; 0,8904584161937237; 0,3351950724609196; 0,8241514256224036; 0,22917046770453453
0,18127008499160152; 0,4403860867023468; 0,37347870972007513; 0,3158317217603326; 0,23557663056999445; 0,6457268092781305; 0,09778176620602608; 0,6077929465100169; 0,8148944438435137; 0,02667732397094369; 0,36831930465996265
0,9197455383734097; 0,02745073940604925; 0,19453061977401376; 0,5825983718968928; 0,6016289577819407; 0,6451966548338532; 0,9516811463981867; 0,3102715080603957; 0,9610388576984406; 0,05874391598626971; 0,9621805376373231
0,18680607969280297; 0,8427229793742299; 0,08345113089308143; 0,33471080381423235; 0,15708277747035027; 0,10234933020547032; 0,9062308105640113; 0,8071869458071887; 0,32257537730038166; 0,8306858111172915; 0,7762933438643813
0,9946620747170959; 0,08846868760883808; 0,9048956837505102; 0,052498606499284506; 0,07270378153771162; 0,16825298685580492; 0,9554604552686214; 0,48442266322672367; 0,5461561647243798; 0,20889122691005468; 0,03392835985869169
0,8485975725621364; 0,4226841661147773; 0,37876263447105885; 0,6068868446163833; 0,9364709439687431; 0,16970707476139069; 0,9996260069310665; 0,5145700415596366; 0,536986677441746; 0,17480826191604137; 0,9102907134220004
0,7069914780687542; 0,7383204279467463; 0,546516400296241; 0,6517721889540553; 0,031284709461033344; 0,6294421497732401; 0,41013816371560097; 0,10157368518412113; 0,004553696606308222; 0,7198451030999422; 0,15484386682510376
-0,29080453240445087; 0,22024510195478797; 0,41569675831124187; 0,9279319229535758; 0,8354261606000364; 0,8880167566239834; 0,815902694594115; 0,35660513676702976; 0,48967220867052674; 0,2178081050515175; 0,0655279103666544
0,8523120431490392; 0,09887442737817764; 0,7380918622948229; 0,598528616130352; 0,7290600538253784; 0,8599633052945137; 0,9892838280647993; 0,6737045110203326; 0,03911866107955575; 0,88568823505193; 0,0729825827293098
-0,7641172480256928; 0,00772952800616622; 0,08837148826569319; 0,08820136543363333; 0,44817695301026106; 0,6520240944810212; 0,298863984644413; 0,9737656004726887; 0,34204117488116026; 0,6637758500874043; 0,9647839711979032
0,3886220695633608; 0,2913655135780573; 0,6123657645657659; 0,36083783442154527; 0,2934124693274498; 0,7110493490472436; 0,04483242705464363; 0,658037303481251; 0,0445651113986969; 0,5284314220771194; 0,36715096374973655
0,9919615876683047; 0,3653275785036385; 0,07551873382180929; 0,6833438728936017; 0,11906461091712117; 0,4465021649375558; 0,7820271705277264; 0,10915240831673145; 0,8648911006748676; 0,7520081955008209; 0,6195083712227643
-0,7577491619192533; 0,057458799332380295; 0,6222525066696107; 0,26091506192460656; 0,11235259659588337; 0,7466029520146549; 0,4968228293582797; 0,39987408136948943; 0,38486812775954604; 0,8394434279762208; 0,8396653011441231
-0,034306551625941345; 0,25030051078647375; 0,09179145423695445; 0,935532339848578; 0,6037441873922944; 0,2765678223222494; 0,6735923350788653; 0,7323233848437667; 0,3390997378155589; 0,4691932597197592; 0,31306933937594295
0,8459457927024351; 0,15416020806878805; 0,037039824295789; 0,5999062643386424; 0,8855458553880453; 0,4844357203692198; 0,6802257583476603; 0,6761152669787407; 0,8429827522486448; 0,7088681315071881; 0,007277578115463257
-0,05159884684628437; 0,014955086633563042; 0,7192096142098308; 0,8090543588623405; 0,1627287375740707; 0,5394646809436381; 0,7644779258407652; 0,9918407979421318; 0,5686882869340479; 0,7853521686047316; 0,6729642190039158
0,557974255406848; 0,10601162165403366; 0,15225475281476974; 0,5387956984341145; 0,11789173586294055; 0,09602425433695316; 0,9328565262258053; 0,07327660778537393; 0,48723810398951173; 0,8037594924680889; 0,3706748764961958
0,1329007719467772; 0,37179561285302043; 0,9965922054834664; 0,16509986435994506; 0,315402174834162; 0,38027004804462194; 0,6087343166582286; 0,6806773687712848; 0,05781018687412143; 0,6454234183765948; 0,5620032139122486
0,8987822818058363; 0,15159551659598947; 0,30185537226498127; 0,2335529220290482; 0,3121888660825789; 0,12405254924669862; 0,3784131701104343; 0,041018975898623466; 0,09999076602980494; 0,03532071737572551; 0,582813102286309
-0,991582071582884; 0,6190446708351374; 0,25308840116485953; 0,12362343957647681; 0,07593529298901558; 0,2535916790366173; 0,3203869415447116; 0,3900451329536736; 0,9523856132291257; 0,9069223022088408; 0,6146631957963109
-0,19547123673450478; 0,19465348171070218; 0,7453291499987245; 0,21513809589669108; 0,49428645707666874; 0,9129461133852601; 0,22088265093043447; 0,5797061673365533; 0,6549338987097144; 0,972434660885483; 0,621147328056395
0,8447514467236155; 0,2116721710190177; 0,8614510502666235; 0,6869008671492338; 0,1730842301622033; 0,6089746030047536; 0,02544818026944995; 0,4289627098478377; 0,2234802939929068; 0,5486689866520464; 0,5810867096297443
0,6448405802202025; 0,48820564057677984; 0,9543043728917837; 0,8341209460049868; 0,31651563523337245; 0,9570814725011587; 0,41999668860808015; 0,968817450106144; 0,5671759741380811; 0,4982089325785637; 0,1971986023709178
0,992346962869; 0,9139642138034105; 0,9190654275007546; 0,7502594674006104; 0,1810363121330738; 0,04681482072919607; 0,8734110812656581; 0,588989058509469; 0,47791062388569117; 0,567340268753469; 0,9383763917721808
0,854206476074766; 0,34648033790290356; 0,8773829829879105; 0,5992477633990347; 0,6369802546687424; 0,422240340616554; 0,42511973064392805; 0,7111618593335152; 0,6140018701553345; 0,31006550835445523; 0,5246792226098478
-0,5233847347767024; 0,2665603142231703; 0,6294940868392587; 0,9283765568397939; 0,8826169529929757; 0,3056617993861437; 0,8583718044683337; 0,3988231704570353; 0,12464791210368276; 0,6863953238353133; 0,5240646242164075
0,4742586304143552; 0,17064984468743205; 0,4471494974568486; 0,37512899097055197; 0,6841518473811448; 0,9744762321934104; 0,2876586550846696; 0,41859309934079647; 0,8793541742488742; 0,637092967517674; 0,9573682276532054
0,6454781083526412; 0,8447933113202453; 0,8223507408984005; 0,7100907638669014; 0,9383446797728539; 0,0447883615270257; 0,9596672607585788; 0,017649053130298853; 0,30911554768681526; 0,995669174939394; 0,4291415363550186
0,8774563119597526; 0,3021075399592519; 0,0731315752491355; 0,8003833345137537; 0,2518303361721337; 0,7324312780983746; 0,43330500600859523; 0,5529160033911467; 0,44769841991364956; 0,8019647607579827; 0,7938801273703575
-0,5214213590520561; 0,095139866694808; 0,5380857340060174; 0,16338634956628084; 0,24679422099143267; 0,9961985270492733; 0,5358251268044114; 0,24140213523060083; 0,42405449179932475; 0,6472052140161395; 0,4530711192637682
0,07785390881661833; 0,1653921054676175; 0,19307918567210436; 0,9294983688741922; 0,48583432426676154; 0,9355984018184245; 0,7018286427482963; 0,7617017612792552; 0,2626217193901539; 0,7160505047068; 0,3646559272892773
0,8100191765996914; 0,4122147038578987; 0,9464887930080295; 0,239780287258327; 0,6916502276435494; 0,9372360487468541; 0,4552938202396035; 0,3444499159231782; 0,58604128472507; 0,05443095974624157; 0,036906511057168245
-0,6239904920323527; 0,24848484760150313; 0,6184686534106731; 0,9207703424617648; 0,46871696319431067; 0,6724393195472658; 0,6788250477984548; 0,9802392632700503; 0,3875970272347331; 0,911303614731878; 0,4991723336279392
0,88311333269802; 0,015298252459615469; 0,675845654681325; 0,11113424552604556; 0,17425274150446057; 0,4788595587015152; 0,9681738545186818; 0,4393092757090926; 0,5136773404665291; 0,30288917012512684; 0,41639831429347396
-0,40419185313241324; 0,6865163915790617; 0,18510688934475183; 0,19869856629520655; 0,5635576425120234; 0,7652479610405862; 0,956547343172133; 0,15878325421363115; 0,5775732165202498; 0,4163748794235289; 0,6163675831630826
0,8332157981640227; 0,5208026757463813; 0,7829778185114264; 0,11880614655092359; 0,8137088636867702; 0,8069508727639914; 0,5604721261188388; 0,7577651375904679; 0,40943251829594374; 0,021485647652298212; 0,3218360240571201
0,8494225081709348; 0,45536426128819585; 0,5981503268703818; 0,6096151783131063; 0,8198703713715076; 0,20153586147353053; 0,6607125028967857; 0,28573699621483684; 0,5048590740188956; 0,050560570787638426; 0,5311963008716702
0,9804325188127675; 0,9955049068666995; 0,551154444925487; 0,0474491361528635; 0,4077986557967961; 0,36254050116986036; 0,07105803024023771; 0,20005983905866742; 0,44093150086700916; 0,3424465833231807; 0,7610136824660003
0,9999411320262225; 0,2835113760083914; 0,2426052764058113; 0,23463024804368615; 0,44474038761109114; 0,5946553265675902; 0,48748902091756463; 0,7723342892713845; 0,3819063249975443; 0,13713989965617657; 0,24778851959854364
0,9902664261788927; 0,2743107955902815; 0,009274276439100504; 0,9861814454197884; 0,7336834729649127; 0,20995526807382703; 0,7830830370076001; 0,5247833761386573; 0,6594977751374245; 0,3775161448866129; 0,4096609684638679
0,6298446735166723; 0,18115591211244464; 0,13085695588961244; 0,4011839050799608; 0,9479446806944907; 0,8642260977067053; 0,01230929046869278; 0,9824899099767208; 0,42472955444827676; 0,3746933778747916; 0,41172625543549657
0,9538429270893442; 0,693621872458607; 0,019619371742010117; 0,01884600007906556; 0,35853623365983367; 0,3906231946311891; 0,2847079033963382; 0,8323781373910606; 0,7771416334435344; 0,35785449761897326; 0,02656852174550295
0,9821119017442662; 0,4038859624415636; 0,21800644882023335; 0,5556023414246738; 0,8753542890772223; 0,6823375606909394; 0,8868003627285361; 0,7023444860242307; 0,9189081462100148; 0,16099221864715219; 0,875787353143096
0,9450912347020638; 0,2065931148827076; 0,1966973263770342; 0,6786271259188652; 0,817277108784765; 0,9950909707695246; 0,10565954213961959; 0,3857512450776994; 0,4822495342232287; 0,4630039231851697; 0,03496323572471738
-0,12579118477484794; 0,43716621678322554; 0,6948943766765296; 0,9854832985438406; 0,4332242701202631; 0,3171910475939512; 0,7716446798294783; 0,48599541559815407; 0,17804111447185278; 0,9027228113263845; 0,4610621486790478
0,3149519430569975; 0,3549698069691658; 0,8363033374771476; 0,9631720148026943; 0,7537693590857089; 0,3784449193626642; 0,03250381723046303; 0,42631242284551263; 0,08434824319556355; 0,4813479585573077; 0,8854706846177578
-0,4347993829678627; 0,5958772376179695; 0,20096211368218064; 0,519673643168062; 0,09210163773968816; 0,834265748038888; 0,45420925319194794; 0,7310530156828463; 0,19905753526836634; 0,45563402818515897; 0,222068777307868
0,6512990550055298; 0,6880601649172604; 0,16092491429299116; 0,49496149038895965; 0,5483606099151075; 0,09522052435204387; 0,6402653637342155; 0,4485441814176738; 0,9564081910066307; 0,934928965754807; 0,05928376642987132
0,9991483858021175; 0,8877966883592308; 0,6817972180433571; 0,9864355302415788; 0,6016955152153969; 0,3036814318038523; 0,690696339122951; 0,4564990382641554; 0,6707622082903981; 0,0867308508604765; 0,1761012845672667
0,3377919361790881; 0,6938786986283958; 0,6390004297718406; 0,17136003263294697; 0,6310149915516376; 0,007075925823301077; 0,0589012042619288; 0,8362118937075138; 0,15230269357562065; 0,3578546461649239; 0,9573919801041484
0,6519387148944513; 0,6738765398040414; 0,3820086815394461; 0,8478381289169192; 0,5642721364274621; 0,14112643944099545; 0,12209513364359736; 0,5960593447089195; 0,6593952747061849; 0,5397052695043385; 0,5995290335267782
0,5818854264096255; 0,7306615742854774; 0,3871610821224749; 0,7229468571022153; 0,9561440241523087; 0,16429159557446837; 0,6855449602007866; 0,5588539950549603; 0,3353313379921019; 0,029692460782825947; 0,33704680763185024
0,9955538734817; 0,31712862430140376; 0,774698322173208; 0,05622924957424402; 0,11582427518442273; 0,21522665722295642; 0,39087617257609963; 0,2617380670271814; 0,4171155197545886; 0,5817571585066617; 0,44808967411518097
-0,4500404967343672; 0,2338711591437459; 0,0647855899296701; 0,9602575520984828; 0,21749804262071848; 0,9781574602238834; 0,26582688745111227; 0,16874517546966672; 0,4505942058749497; 0,7997305206954479; 0,87993174046278
0,8533661785104055; 0,3666988890618086; 0,992267438210547; 0,9168400741182268; 0,07291856128722429; 0,687576197553426; 0,3994003147818148; 0,24188303109258413; 0,4699954683892429; 0,9343515615910292; 0,4427895871922374
0,8531549272840484; 0,1785564161837101; 0,8473376757465303; 0,7303345040418208; 0,12228123098611832; 0,615353079047054; 0,1136060762219131; 0,11909313965588808; 0,43685596622526646; 0,8039195169694722; 0,4810001431033015
-0,45447145678767037; 0,5107093597762287; 0,2617016457952559; 0,8858759729191661; 0,5590488412417471; 0,8868045727722347; 0,34092354867607355; 0,9494423130527139; 0,5739077953621745; 0,3666874095797539; 0,24158577481284738
-0,9342376066989894; 0,7281213556416333; 0,45599287655204535; 0,816649776417762; 0,15887370146811008; 0,6369153275154531; 0,033382924273610115; 0,6504982891492546; 0,8155603567138314; 0,07837513275444508; 0,2599030160345137
-0,9963573389645339; 0,8628331669606268; 0,28607767866924405; 0,8735272008925676; 0,828438825905323; 0,11396075645461679; 0,7134225922636688; 0,5773560721427202; 0,8872149735689163; 0,6062724753282964; 0,23366489307954907
0,9865706183953362; 0,7665955596603453; 0,13601947017014027; 0,11222663708031178; 0,6773818195797503; 0,5848082429729402; 0,1511852080002427; 0,9250675495713949; 0,02531925868242979; 0,23445654520764947; 0,7290085731074214
-0,26723885382034107; 0,8740941868163645; 0,011572218500077724; 0,0786900706589222; 0,6769994921050966; 0,34140602266415954; 0,8986391653306782; 0,8528864667750895; 0,03709816187620163; 0,42349067563191056; 0,8879450713284314
0,5897855516514071; 0,5597078367136419; 0,4916086820885539; 0,36921415058895946; 0,24327411176636815; 0,9719763952307403; 0,33270725794136524; 0,17719924496486783; 0,1706347679719329; 0,2834740146063268; 0,49570681527256966
0,9998942426207449; 0,7031322382390499; 0,9148309202864766; 0,17729386780411005; 0,405958435498178; 0,8147102687507868; 0,6602453114464879; 0,614724013954401; 0,611579202581197; 0,7911336575634778; 0,29962773993611336
0,9927468955594926; 0,14427860686555505; 0,23344628512859344; 0,7981250486336648; 0,1374604948796332; 0,4884393787942827; 0,3749621333554387; 0,11153794825077057; 0,7303769863210618; 0,5790392276830971; 0,15356660727411509
0,9026043316758603; 0,33076949743553996; 0,1279613897204399; 0,421434860676527; 0,7976760817691684; 0,9525994122959673; 0,7605132204480469; 0,6879367721267045; 0,870000668335706; 0,7501615099608898; 0,5158028183504939
0,6435021390735371; 0,8153911866247654; 0,8005426172167063; 0,346738297957927; 0,5006567686796188; 0,7323845135979354; 0,957528424449265; 0,6957963416352868; 0,4208214310929179; 0,24208168126642704; 0,8027579239569604
0,1737906428397971; 0,5136368698440492; 0,24552978575229645; 0,7942219604738057; 0,04020465258508921; 0,3944706837646663; 0,5100636505521834; 0,8459615730680525; 0,516960786189884; 0,004176103509962559; 0,12445858586579561
0,9643252647244182; 0,2522444585338235; 0,4713519015349448; 0,9581955866888165; 0,05980755668133497; 0,8387865624390543; 0,9769586916081607; 0,42847019573673606; 0,12473994866013527; 0,11691008415073156; 0,15805786661803722
-0,831509896002864; 0,7729806285351515; 0,6788943484425545; 0,8745022462680936; 0,2730313343927264; 0,5650187819264829; 0,36153793847188354; 0,47068579914048314; 0,08972525224089622; 0,6814603307284415; 0,6124844257719815
0,9713443715184732; 0,07740861270576715; 0,7700454713776708; 0,7935157874599099; 0,03550344426184893; 0,5750192399136722; 0,3526123012416065; 0,5605003708042204; 0,19462130591273308; 0,0018565617501735687; 0,4888395359739661
0,9572633475293035; 0,08469919487833977; 0,6924690320156515; 0,4870413215830922; 0,14209484541788697; 0,2750285002402961; 0,8536021304316819; 0,8233933695591986; 0,95337193319574; 0,9427552749402821; 0,02515522390604019
-0,9860998660697896; 0,6031437357887626; 0,931458224542439; 0,8607397973537445; 0,37204153649508953; 0,9725811560638249; 0,7172800456173718; 0,6264205127954483; 0,05915872333571315; 0,18504866492003202; 0,39782974077388644
0,9944655244827105; 0,17601970490068197; 0,043834918178617954; 0,8690385720692575; 0,4779994925484061; 0,16414309525862336; 0,9060006989166141; 0,953070504590869; 0,4738257355056703; 0,46888683270663023; 0,8836472649127245
-0,10738752368525217; 0,9481156677938998; 0,9326624083332717; 0,8136125383898616; 0,5293212365359068; 0,7844839370809495; 0,18892051372677088; 0,6554063283838332; 0,1719912034459412; 0,48047877196222544; 0,6338977944105864
0,14737850539213462; 0,25686199171468616; 0,3133923839777708; 0,18368101539090276; 0,7064244248904288; 0,9765187450684607; 0,48280923580750823; 0,47019389970228076; 0,04752766061574221; 0,11633919412270188; 0,6756473458372056
0,7467764643347454; 0,1293948977254331; 0,4823953923769295; 0,14780694991350174; 0,1913945907726884; 0,06956847989931703; 0,5943250176496804; 0,035317345056682825; 0,7534112860448658; 0,6624125833623111; 0,11124472320079803
0,1594811210961872; 0,2552572884596884; 0,49128138925880194; 0,29528764355927706; 0,513233523350209; 0,03093735547736287; 0,3734429362230003; 0,6689293943345547; 0,20278322976082563; 0,4074144847691059; 0,972225580830127
-0,7088686715915407; 0,6451122784055769; 0,8530389871448278; 0,8188592242076993; 0,21706353966146708; 0,6387117709964514; 0,49275114806368947; 0,6611794084310532; 0,08058543968945742; 0,6386418798938394; 0,9785287212580442
0,9390194076367689; 0,28950334433466196; 0,3373113675042987; 0,016373845282942057; 0,9709542798809707; 0,328135690651834; 0,8225368913263083; 0,3698761169798672; 0,1443787212483585; 0,45797618804499507; 0,16321455454453826
0,666262017280041; 0,9657482686452568; 0,3881583600305021; 0,9748935247771442; 0,5717617883346975; 0,7439422132447362; 0,1854264261201024; 0,259736689273268; 0,1508387941867113; 0,055659275501966476; 0,8767350297421217
0,5944336382537544; 0,3258271343074739; 0,6201186357066035; 0,4236034178175032; 0,007002415135502815; 0,09756623907014728; 0,5289040179923177; 0,3779453644528985; 0,2112579783424735; 0,9957577753812075; 0,2899974286556244
0,9715976664162914; 0,13935201708227396; 0,7348980186507106; 0,05323563376441598; 0,6721427910961211; 0,919634826015681; 0,2689094301313162; 0,30739329382777214; 0,43711575493216515; 0,9278860879130661; 0,06395295355468988
0,5052964291174826; 0,8309291554614902; 0,5488874525763094; 0,1802168469876051; 0,778565801680088; 0,674348056782037; 0,24476128770038486; 0,02036086516454816; 0,2639854964800179; 0,9924734085798264; 0,5220651999115944
0,10708493061200439; 0,19852721504867077; 0,8351506618782878; 0,7473620045930147; 0,04207191290333867; 0,6752915601246059; 0,10884706815704703; 0,23546631075441837; 0,12275902042165399; 0,30327821895480156; 0,7410917328670621
0,8454449637252789; 0,7415569010190666; 0,7923746472224593; 0,6017408263869584; 0,8996441415511072; 0,9373073754832149; 0,928420118521899; 0,16452834149822593; 0,7048326409421861; 0,7535733408294618; 0,2901952536776662
0,966778874317152; 0,584815981797874; 0,3685598121955991; 0,809934941586107; 0,835537520237267; 0,9587805951014161; 0,39365871623158455; 0,08122187340632081; 0,9360228436999023; 0,5572043797001243; 0,8622264210134745
0,8913202746490917; 0,623354684561491; 0,5374495340511203; 0,1251581273972988; 0,16524765035137534; 0,08408876182511449; 0,18548954371362925; 0,3628413020633161; 0,10433455696329474; 0,2252647364512086; 0,9684032895602286
0,9102502736670133; 0,6995977857150137; 0,016627592034637928; 0,41449479991570115; 0,8415774526074529; 0,6353399134241045; 0,6690715556032956; 0,13859448675066233; 0,47517891228199005; 0,9671762324869633; 0,11733890837058425
0,9990753870071448; 0,9215425024740398; 0,720800694078207; 0,538260648958385; 0,8474496896378696; 0,38303841510787606; 0,9068092959932983; 0,2329861717298627; 0,44015668891370296; 0,39754229225218296; 0,6605158392339945
0,9749921203760363; 0,7088242033496499; 0,7071092966943979; 0,9771784069016576; 0,9323293138295412; 0,9678943734616041; 0,42071921844035387; 0,8273516022600234; 0,3357806112617254; 0,6156798419542611; 0,33168785739690065
-0,8630954113193621; 0,9222601507790387; 0,08462887583300471; 0,3820581007748842; 0,4992410228587687; 0,3559069288894534; 0,11751923989504576; 0,04572903551161289; 0,02887794142588973; 0,7245785668492317; 0,043804734479635954
0,3260857739716197; 0,6523717837408185; 0,5199875216931105; 0,8239694535732269; 0,43432376394048333; 0,7781562423333526; 0,6775691146031022; 0,009661965537816286; 0,07805825397372246; 0,4857589481398463; 0,4743762109428644
-0,8301939155711181; 0,7007645219564438; 0,48562060203403234; 0,8289289567619562; 0,1620142157189548; 0,6910934960469604; 0,2549826642498374; 0,18949549179524183; 0,8360529877245426; 0,23056262265890837; 0,3063405663706362
0,9707764200166864; 0,4101304104551673; 0,5141578842885792; 0,5376681224443018; 0,6417679972946644; 0,24752611154690385; 0,26343356305733323; 0,9317695386707783; 0,11503691785037518; 0,8008903306908906; 0,049702661111950874
0,8467396119787316; 0,6290701618418097; 0,14656711602583528; 0,8135801102034748; 0,0927119511179626; 0,889318598434329; 0,9228595704771578; 0,0416515963152051; 0,7581994771026075; 0,4455927456729114; 0,6036448441445827
0,06601308307138885; 0,8595074694603682; 0,8319399324245751; 0,20662566972896457; 0,9259575540199876; 0,4605964017100632; 0,44154152600094676; 0,4322809153236449; 0,8690826199017465; 0,9044189150445163; 0,8137919111177325
0,988150939438717; 0,9391792588867247; 0,8114525717683136; 0,09031782019883394; 0,3844599761068821; 0,8864677720703185; 0,9671798828057945; 0,10115081630647182; 0,14239247422665358; 0,7281575994566083; 0,5156345809809864
0,18857398867971625; 0,7069793273694813; 0,0610333988443017; 0,938534262124449; 0,440544362179935; 0,13153258664533496; 0,8157856417819858; 0,243086957372725; 0,45188800524920225; 0,20201627351343632; 0,34602421522140503
0,6517820050293626; 0,6946637416258454; 0,7032809695228934; 0,24025121377781034; 0,8036648761481047; 0,8425074480473995; 0,20124416798353195; 0,030836408957839012; 0,17839979520067573; 0,5553823825903237; 0,595098773483187
-0,9972615048451638; 0,7215079432353377; 0,7878622277639806; 0,1686864998191595; 0,4415496070869267; 0,4231637567281723; 0,18383943522349; 0,48490453325212; 0,27430622512474656; 0,5353609155863523; 0,15035904804244637
0,6060525457937617; 0,30697802267968655; 0,8060572887770832; 0,17570816818624735; 0,8915711934678257; 0,10819344129413366; 0,10844175517559052; 0,9351132083684206; 0,9818490836769342; 0,46048060385510325; 0,4711247766390443
-0,34244000571646666; 0,5455584921874106; 0,6344368904829025; 0,7757821371778846; 0,3895068187266588; 0,6410551210865378; 0,3325459980405867; 0,3708498836494982; 0,5363865913823247; 0,8028715518303216; 0,5823045456781983
-0,8117956671549805; 0,29339383728802204; 0,2784832785837352; 0,7993703428655863; 0,8432770110666752; 0,26442553056403995; 0,31483507342636585; 0,5065468684770167; 0,3694989155046642; 0,5930092572234571; 0,0568671147339046
-0,0009830080683888986; 0,9013035842217505; 0,011980811133980751; 0,9319022241979837; 0,589251444209367; 0,6835577762685716; 0,14458712469786406; 0,26102252304553986; 0,11381381144747138; 0,37400908023118973; 0,401604023296386
0,5026908288603479; 0,7156962575390935; 0,7388922800309956; 0,10659539140760899; 0,002792829181998968; 0,03315324941650033; 0,9568320689722896; 0,6260013389401138; 0,09938171273097396; 0,9540076870471239; 0,5868256874382496
0,95553060573663; 0,23111467575654387; 0,669573150575161; 0,5649791127070785; 0,8416337622329593; 0,7482946924865246; 0,3640201701782644; 0,8743548775091767; 0,6392594641074538; 0,6128763193264604; 0,2593288798816502
0,8243402342480349; 0,18752865912392735; 0,6528350515291095; 0,06935348967090249; 0,28903308883309364; 0,46396518032997847; 0,8196643092669547; 0,7822224861010909; 0,4411064740270376; 0,2072733948007226; 0,2873355061747134
0,9991752841613871; 0,48962975572794676; 0,43534740898758173; 0,14750320091843605; 0,10543444426730275; 0,6449371576309204; 0,36713396990671754; 0,4302669167518616; 0,6061932384036481; 0,9202304538339376; 0,3329044980928302
0,8797432247651572; 0,08039885433390737; 0,9591916082426906; 0,7445554500445724; 0,13640872947871685; 0,6245982949621975; 0,024770752992480993; 0,3782849828712642; 0,12192655028775334; 0,6719595664180815; 0,07003178354352713
-0,4127113199402082; 0,7916060104034841; 0,38127292785793543; 0,8800162910483778; 0,6134456638246775; 0,3861614647321403; 0,8522189506329596; 0,497009442653507; 0,7062789681367576; 0,052713815588504076; 0,5624534790404141
0,2097178188456198; 0,06753507442772388; 0,8156778020784259; 0,16183528723195195; 0,25156497163698077; 0,12361913174390793; 0,29764393577352166; 0,0792535594664514; 0,3755733515135944; 0,3230703682638705; 0,5526917655952275
0,9317883414192708; 0,8393514072522521; 0,6061915368773043; 0,42392718978226185; 0,0320817600004375; 0,13325268728658557; 0,7583111841231585; 0,6134337768889964; 0,1273153848014772; 0,896597180981189; 0,1370355049148202
0,9530170359884752; 0,9422640171833336; 0,4291915553621948; 0,7016929206438363; 0,215360127389431; 0,029767561703920364; 0,5670902286656201; 0,1953408345580101; 0,045449291821569204; 0,9806452640332282; 0,048017235938459635
0,9706988610688527; 0,19013951532542706; 0,18197411904111505; 0,5339755644090474; 0,8261520536616445; 0,5169813390821218; 0,017909348476678133; 0,09668657090514898; 0,2461475138552487; 0,48444785736501217; 0,8342352802865207
-0,6606160458011381; 0,8078691442497075; 0,9248065603896976; 0,7174712815321982; 0,87844268232584; 0,6694769887253642; 0,2801156905479729; 0,567792552523315; 0,48685278557240963; 0,756797282025218; 0,17055749986320734
0,3771988690114683; 0,42734715482220054; 0,014551211148500443; 0,15852459706366062; 0,30899560218676925; 0,08925492968410254; 0,8502342752180994; 0,344581610057503; 0,7700020703487098; 0,09502947889268398; 0,5264523774385452
0,9968773308721343; 0,4184553516097367; 0,34733027685433626; 0,8708353661932051; 0,45377826737239957; 0,8818290322087705; 0,9228573455475271; 0,29103629384189844; 0,40639074658975005; 0,456212448887527; 0,607137740124017
0,3934021137563212; 0,8573379404842854; 0,9788826927542686; 0,8662488330155611; 0,17711567925289273; 0,1478735520504415; 0,11735411407426; 0,8158101662993431; 0,2762645548209548; 0,7335793650709093; 0,9524349658749998
0,9784381392889114; 0,8960965764708817; 0,41167490277439356; 0,5530825229361653; 0,9066294184885919; 0,22267229901626706; 0,2973933815956116; 0,46502023935317993; 0,3508457005955279; 0,408378332387656; 0,16457215463742614
-0,04623155449199353; 0,006001547444611788; 0,8153270925395191; 0,8900551414117217; 0,7614493607543409; 0,5337849985808134; 0,5710454666987062; 0,64805200509727; 0,08392034703865647; 0,677577659022063; 0,7426604693755507
-0,9178954300433187; 0,18181907245889306; 0,8958299374207854; 0,8943754439242184; 0,6732511292211711; 0,8678664374165237; 0,5735806697048247; 0,8485319186002016; 0,6460343110375106; 0,09775365190580487; 0,23250959580764174
0,6088265781809457; 0,15900568198412657; 0,5993351573124528; 0,7004919704049826; 0,6415567868389189; 0,1630962546914816; 0,7558113564737141; 0,9123464161530137; 0,646366975735873; 0,5390128800645471; 0,6814715308137238
0,9970967725696037; 0,2271994687616825; 0,36431963462382555; 0,19202575227245688; 0,2189603322185576; 0,307238363660872; 0,20299560762941837; 0,2789143603295088; 0,06828628620132804; 0,4015044867992401; 0,9125047149136662
0,1137538224215703; 0,5976075418293476; 0,3198421625420451; 0,4412372293882072; 0,3361581964418292; 0,16007572086527944; 0,44206963013857603; 0,653966745827347; 0,5115492371842265; 0,492994399741292; 0,3319121585227549
0,8420949169107091; 0,6271528420038521; 0,5175219872035086; 0,36569187324494123; 0,783192046917975; 0,00219351751729846; 0,3984993784688413; 0,8358150087296963; 0,9044767646118999; 0,5954952728934586; 0,8720870474353433
0,9732123133638814; 0,7035414958372712; 0,05262830853462219; 0,023539128713309765; 0,8177217356860638; 0,744112123735249; 0,4830040684901178; 0,28850836446508765; 0,15766665944829583; 0,3999502519145608; 0,1785126943141222
0,9999778198271714; 0,7207828774116933; 0,46356073254719377; 0,03774610720574856; 0,7412030040286481; 0,17766108270734549; 0,01826970325782895; 0,2522653164342046; 0,03018945688381791; 0,9517710474319756; 0,6169759943149984
-0,4947705209948509; 0,4967172350734472; 0,6669711228460073; 0,38653346337378025; 0,4338537831790745; 0,33939844463020563; 0,038922257255762815; 0,9575556409545243; 0,07228456763550639; 0,3268358954228461; 0,9242286230437458
-0,7933272447882569; 0,04567168327048421; 0,06941224774345756; 0,12210838496685028; 0,13325225375592709; 0,6296812654472888; 0,600769626442343; 0,5838136849924922; 0,31692893290892243; 0,40019557205960155; 0,6212292206473649
0,6235279247168108; 0,6789201381616294; 0,9361225543543696; 0,06868263706564903; 0,7861854955554008; 0,03468208061531186; 0,7942695785313845; 0,4453616729006171; 0,6291137444786727; 0,6856207363307476; 0,8113187272101641
0,3652350074266354; 0,6410780162550509; 0,40656525595113635; 0,8813599632121623; 0,7300582570023835; 0,946105089969933; 0,2485777409747243; 0,8499470287933946; 0,2896976051852107; 0,15619463752955198; 0,05525021534413099
0,9372198261626875; 0,40181451570242643; 0,375126869417727; 0,6475872150622308; 0,5498628844507039; 0,004234978463500738; 0,13567304238677025; 0,7680717571638525; 0,3415948115289211; 0,9788072411902249; 0,013409664388746023
-0,34315318564176567; 0,7686609672382474; 0,021405412815511227; 0,4001412456855178; 0,07791211595758796; 0,8769383043982089; 0,19653197238221765; 0,16204132279381156; 0,665666711051017; 0,6961158481426537; 0,9977511065080762
0,32308126103396195; 0,04565535578876734; 0,9108272907324135; 0,9967008717358112; 0,3954816972836852; 0,9318129154853523; 0,35070461174473166; 0,5954559235833585; 0,056765011977404356; 0,7300378517247736; 0,861265008803457
0,9178405668120072; 0,22886757599189878; 0,4585933443158865; 0,8133023744449019; 0,8228369876742363; 0,31723752385005355; 0,08952840184792876; 0,386834763456136; 0,6087158662267029; 0,4758883314207196; 0,2104241168126464
0,9796462818620465; 0,41536155669018626; 0,3391252779401839; 0,6891904445365071; 0,4633987317793071; 0,7036639205180109; 0,3962763329036534; 0,6391172744333744; 0,8677443116903305; 0,4380669859237969; 0,5285332556813955
0,8467352558422157; 0,7973373718559742; 0,1881372588686645; 0,4065873399376869; 0,5003649624995887; 0,7475186921656132; 0,7502739815972745; 0,09768844349309802; 0,15409539127722383; 0,450916541274637; 0,2405411135405302
0,969579633072159; 0,20506402663886547; 0,5229741199873388; 0,549408657476306; 0,06833683280274272; 0,8606977635063231; 0,332793568726629; 0,908062890637666; 0,04985567694529891; 0,39255346450954676; 0,7469724472612143
