 y; x1; x2; x3; x4; x5; x6; x7; x8; x9; x10
-0,047523470476651744; 0,5206363648176193; 0,16449077194556594; 0,5227355370298028; 0,8861794169060886; 0,1414314229041338; 0,9352384563535452; 0,8917256998829544; 0,8853863510303199; 0,37821693951264024; 0,8135520070791245
-0,04310428682664373; 0,45600534696131945; 0,8233001497574151; 0,14253603713586926; 0,8212911104783416; 0,2551232138648629; 0,5474103246815503; 0,25580948777496815; 0,5741751026362181; 0,6739438329823315; 0,22500876057893038
-0,03307457276007274; 0,611731787212193; 0,8984568482264876; 0,4677267433144152; 0,623698023147881; 0,8197852969169617; 0,23860025452449918; 0,6786646307446063; 0,4052605526521802; 0,36621268466115; 0,7775684637017548
-0,04782171765545974; 0,5478592994622886; 0,0756791876628995; 0,3052980718202889; 0,9854277553968132; 0,4590205531567335; 0,6074758344329894; 0,5809342921711504; 0,3118471084162593; 0,16320543363690376; 0,6856976435519755
-0,04774382289583978; 0,9785976624116302; 0,10944259678944945; 0,04080915870144963; 0,9143186858855188; 0,22764304466545582; 0,01582890935242176; 0,6099552777595818; 0,937653458211571; 0,9912778441794217; 0,5754321324639022
-0,03747803178300343; 0,24997124867513776; 0,6176868733018637; 0,25070447754114866; 0,6861506071873009; 0,38079426623880863; 0,976810329593718; 0,7942828387022018; 0,3472466077655554; 0,8984289816580713; 0,6190747804939747
-0,047550810529166584; 0,8969746977090836; 0,5822471552528441; 0,5445481678470969; 0,7818258511833847; 0,17363287694752216; 0,7838666425086558; 0,4938120059669018; 0,6025901208631694; 0,18029683316126466; 0,7373059089295566
-0,047522138328695784; 0,5671717301011086; 0,06721637770533562; 0,001785025466233492; 0,736991663929075; 0,7413963247090578; 0,023392607923597097; 0,6403855830430984; 0,2709807539358735; 0,5956486538052559; 0,4535279436968267
-0,03784681043851718; 0,3347418182529509; 0,9049203409813344; 0,6127722105011344; 0,230982793495059; 0,8841387862339616; 0,2607338288798928; 0,16830417048186064; 0,11137665947899222; 0,28460380248725414; 0,938532886095345
-0,044948385519770345; 0,45327538484707475; 0,4413620722480118; 0,9020328368060291; 0,04202792188152671; 0,19203450484201312; 0,6586081464774907; 0,07505463808774948; 0,04029633989557624; 0,4507357287220657; 0,05804803827777505
-0,04737706048683486; 0,6657840921543539; 0,15355832921341062; 0,30495554907247424; 0,6279494338668883; 0,5508031970821321; 0,8432529782876372; 0,08405589126050472; 0,7449501287192106; 0,22148669324815273; 0,0826781908981502
-0,04651588020713956; 0,14405553322285414; 0,19987151864916086; 0,5660872613079846; 0,8385254787281156; 0,9608958805911243; 0,5646903072483838; 0,3493437822908163; 0,7598548592068255; 0,8644182831048965; 0,18926913663744926
-0,042380629990519114; 0,11303719831630588; 0,9426483479328454; 0,4753506248816848; 0,84334089839831; 0,29495430551469326; 0,19382819067686796; 0,7986428267322481; 0,20281628938391805; 0,4109420902095735; 0,6782551789656281
-0,04758570920577494; 0,9935735045000911; 0,5780229791998863; 0,3993873652070761; 0,8522626445628703; 0,9490621550939977; 0,6673360262066126; 0,24798604333773255; 0,546738195233047; 0,8348945956677198; 0,7899002539925277
-0,045663183660928884; 0,08030571416020393; 0,15252979937940836; 0,18177599320188165; 0,32803931506350636; 0,1885680085979402; 0,4629563265480101; 0,12347600189968944; 0,6248326292261481; 0,5053547904826701; 0,8319734344258904
-0,046975576348878986; 0,16948148468509316; 0,11569279711693525; 0,41707205632701516; 0,370062630623579; 0,42954712687060237; 0,507284892257303; 0,7598369782790542; 0,49952125921845436; 0,6471349443309009; 0,8065923973917961
-0,03920042174333539; 0,15807047439739108; 0,3239371329545975; 0,6391971670091152; 0,5439647254534066; 0,09704292425885797; 0,1537924879230559; 0,5905149122700095; 0,09287212742492557; 0,6944549237377942; 0,3780466951429844
-0,04220759034413524; 0,659260818734765; 0,549233915284276; 0,014416695572435856; 0,37283732183277607; 0,8622447620145977; 0,5224406626075506; 0,00017521390691399574; 0,7991666696034372; 0,9394967686384916; 0,5041872025467455
-0,047214449449795; 0,8539737183600664; 0,6486116391606629; 0,2560750520788133; 0,3271911973133683; 0,4740324504673481; 0,5229569412767887; 0,7082175482064486; 0,939968878403306; 0,3470095759257674; 0,8504691175185144
-0,045866832313598026; 0,0033439449034631252; 0,9956577066332102; 0,04379536723718047; 0,06380640296265483; 0,7867394844070077; 0,17581696342676878; 0,5934540196321905; 0,16766158305108547; 0,8648898829706013; 0,8864419357851148
-0,0387632877654242; 0,06299515906721354; 0,3917761384509504; 0,9485937617719173; 0,4937799284234643; 0,4248158629052341; 0,32499851286411285; 0,10152047034353018; 0,141814059112221; 0,2978473692201078; 0,527670590672642
-0,047011656277910166; 0,46848384151235223; 0,23633910715579987; 0,5537703628651798; 0,6274586035870016; 0,6375875673256814; 0,6064929235726595; 0,03207190567627549; 0,6258760602213442; 0,773066031280905; 0,2805378958582878
-0,0475289343460547; 0,8775662695989013; 0,5457303919829428; 0,4475977346301079; 0,7429017438553274; 0,11843543127179146; 0,19989145454019308; 0,9315543980337679; 0,15583499800413847; 0,712457062676549; 0,8932615625672042
-0,047151406686910514; 0,8442525509744883; 0,8464178247377276; 0,44860699167475104; 0,9439774546772242; 0,1842715353704989; 0,5062544131651521; 0,30372042395174503; 0,9758445601910353; 0,7106018145568669; 0,9770575743168592
0,03991961200972051; 0,7004475765861571; 0,7984912344254553; 0,16173036862164736; 0,8171550147235394; 0,8987542698159814; 0,396992867346853; 0,4594266111962497; 0,1773342746309936; 0,42634586337953806; 0,013488289900124073
-0,0449615659564507; 0,5689504104666412; 0,5741462712176144; 0,8422595765441656; 0,29221841879189014; 0,9338880153372884; 0,6508940616622567; 0,5138750583864748; 0,7456608824431896; 0,7959295772016048; 0,41481969179585576
-0,047157430964327646; 0,5110336276702583; 0,1274246135726571; 0,9837184948846698; 0,11326815420761704; 0,031165194232016802; 0,8144700112752616; 0,5498734363354743; 0,4140049098059535; 0,7357734516263008; 0,39393052784726024
-0,04732497420546069; 0,7997982311062515; 0,26961908768862486; 0,1447452032007277; 0,5214102538302541; 0,708648060914129; 0,8673445112071931; 0,5409721229225397; 0,8417021981440485; 0,17294798279181123; 0,6272252756170928
-0,0437018209895832; 0,764630061108619; 0,8574627134948969; 0,7669599619694054; 0,9190654275007546; 0,8694073376245797; 0,06525275949388742; 0,4315677685663104; 0,7307265470735729; 0,9297101581469178; 0,36028379341587424
-0,0474717034591484; 0,9188601644709706; 0,836888974532485; 0,1962259798310697; 0,7030052747577429; 0,5415303464978933; 0,6812109532766044; 0,2630916703492403; 0,19497609790414572; 0,7151463483460248; 0,025310324504971504
0,02818392941376338; 0,5444594896398485; 0,9583586496300995; 0,8624659623019397; 0,06063712062314153; 0,534929012414068; 0,7893964620307088; 0,2611540202051401; 0,383536955807358; 0,38285542326048017; 0,024989892728626728
-0,045810124444529574; 0,573260354809463; 0,5435384148731828; 0,9953942229039967; 0,829996582120657; 0,30722873704507947; 0,9356913655065; 0,5001792316325009; 0,5051239626482129; 0,9795641014352441; 0,3678060588426888
-0,043243511392507025; 0,5118254930712283; 0,4876786475069821; 0,6346327983774245; 0,7188741820864379; 0,051954901311546564; 0,7040492077358067; 0,6760210813954473; 0,33163083530962467; 0,248409871943295; 0,43150316271930933
-0,03629032908850019; 0,7464059386402369; 0,7718823477625847; 0,26899154018610716; 0,6156909870915115; 0,5047676265239716; 0,5783735704608262; 0,20856167282909155; 0,28097812132909894; 0,015761475078761578; 0,07172069791704416
-0,04437168337599308; 0,016826778184622526; 0,2026886590756476; 0,44197590136900544; 0,502992853987962; 0,9489057413302362; 0,8519848338328302; 0,503114698920399; 0,12780607165768743; 0,5354157309047878; 0,5600792742334306
0,044336568659605974; 0,4363207328133285; 0,9400985082611442; 0,940196932759136; 0,4551370767876506; 0,5603351267054677; 0,172476920299232; 0,34806349873542786; 0,1996372384019196; 0,17403207579627633; 0,22720299381762743
-0,047031711834110965; 0,7118521183729172; 0,36963325180113316; 0,09580314392223954; 0,42613321309909225; 0,01860716287046671; 0,3455924456939101; 0,4595144256018102; 0,6324387872591615; 0,748911271803081; 0,13533679209649563
-0,035725746696387464; 0,26369682094082236; 0,8707713149487972; 0,6449228688143194; 0,6787377488799393; 0,8832237417809665; 0,41619348945096135; 0,010382927488535643; 0,6280046869069338; 0,5837457282468677; 0,6349581275135279
-0,047482283265437575; 0,8857594658620656; 0,3937989082187414; 0,4505386841483414; 0,7068034885451198; 0,374343603849411; 0,7301471163518727; 0,4862916758283973; 0,2544940887019038; 0,7259271782822907; 0,3302939049899578
-0,0466291069455934; 0,77149847894907; 0,6909336284734309; 0,7298109214752913; 0,6186351603828371; 0,36123306676745415; 0,8948638928122818; 0,9756944277323782; 0,5666017406620085; 0,010967768263071775; 0,28501554019749165
-0,010456318541978184; 0,5354254357516766; 0,4944510622881353; 0,04459984274581075; 0,9544763304293156; 0,9391558798961341; 0,17539436649531126; 0,44130843644961715; 0,25362702971324325; 0,8329626657068729; 0,8043705741874874
-0,04423976066205065; 0,4378859815187752; 0,36038307938724756; 0,37925674533471465; 0,9560396298766136; 0,3095952640287578; 0,014791459310799837; 0,8351404601708055; 0,8491743947379291; 0,6072446624748409; 0,8204352548345923
0,0313890472429518; 0,3489860431291163; 0,6016722694039345; 0,6381522817537189; 0,19379224255681038; 0,8168149399571121; 0,45000321324914694; 0,24888785276561975; 0,9220358273014426; 0,9192247786559165; 0,014673192985355854
-0,046762849148640026; 0,5160502986982465; 0,24207869172096252; 0,2708443747833371; 0,29446615744382143; 0,06582194985821843; 0,9147685370407999; 0,12099958397448063; 0,272751159965992; 0,5995994610711932; 0,0034729912877082825
-0,04732832483122438; 0,8141379058361053; 0,05195156671106815; 0,4320865022018552; 0,45208102371543646; 0,9722629999741912; 0,5638283551670611; 0,09194738324731588; 0,7196459406986833; 0,44054120127111673; 0,3468108903616667
-0,03835308744661496; 0,007582545280456543; 0,4262214181944728; 0,15194773022085428; 0,2343058194965124; 0,7421435583382845; 0,21356838988140225; 0,12506098113954067; 0,7563790059648454; 0,5858822064474225; 0,7553404313512146
-0,0473390676809724; 0,994522191118449; 0,18562781950458884; 0,3439534534700215; 0,4670793181285262; 0,2507596015930176; 0,26857444597408175; 0,46224217116832733; 0,5788618894293904; 0,3576642111875117; 0,07952756015583873
-0,046319367415098074; 0,8118015984073281; 0,8462456539273262; 0,9883598531596363; 0,21407327288761735; 0,41247138660401106; 0,6738572157919407; 0,4742009583860636; 0,1366904149763286; 0,9626695262268186; 0,32841617660596967
-0,0346691181548184; 0,02334393234923482; 0,8396139605902135; 0,6755302953533828; 0,3773350166156888; 0,669348566327244; 0,9784840396605432; 0,16479003662243485; 0,5123070469126105; 0,9782572607509792; 0,9354170174337924
-0,04763069595115933; 0,7207012921571732; 0,056670359801501036; 0,5503992848098278; 0,8444799692369998; 0,6215415890328586; 0,6173610240221024; 0,144216553773731; 0,5149666680954397; 0,9627640643157065; 0,19631984690204263
-0,03090092167181727; 0,30402726773172617; 0,4101155665703118; 0,13434494333341718; 0,0006103366613388062; 0,9092145846225321; 0,41831826139241457; 0,41410076105967164; 0,3355204211547971; 0,682002114597708; 0,44683709973469377
-0,016386390714936028; 0,04712062980979681; 0,49146293848752975; 0,436805572360754; 0,009900911245495081; 0,5618259268812835; 0,46444031363353133; 0,543461152818054; 0,8047044845297933; 0,8723890464752913; 0,5178276211954653
-0,026181358539277156; 0,05102664837613702; 0,7937077842652798; 0,6993291256949306; 0,704587637912482; 0,22037802124395967; 0,4390449356287718; 0,9813014944083989; 0,6951321698725224; 0,8613013559952378; 0,522449622862041
-0,04600186925274107; 0,7944258586503565; 0,8547273534350097; 0,9625838873907924; 0,5340933236293495; 0,7232097713276744; 0,09377937717363238; 0,6950235120020807; 0,9168260400183499; 0,44235560251399875; 0,4035379053093493
-0,034817897981091236; 0,7422828883863986; 0,9886041926220059; 0,4846262368373573; 0,4077081987634301; 0,8978124419227242; 0,6944424137473106; 0,31081219390034676; 0,8588562957011163; 0,5278119146823883; 0,0021582823246717453
0,04244835728347957; 0,7685867161490023; 0,9344999128952622; 0,6099202139303088; 0,9659764692187309; 0,1390192867256701; 0,08811273006722331; 0,5935924891382456; 0,1905222712084651; 0,6440669209696352; 0,7753834701143205
-0,04651806607492477; 0,9916370352730155; 0,9866932765580714; 0,3332652566023171; 0,43033613823354244; 0,3035619957372546; 0,05498961312696338; 0,8609778359532356; 0,9039828008972108; 0,10852552438154817; 0,5397832952439785
0,014491300598020064; 0,12321606976911426; 0,6368685369379818; 0,9813466249033809; 0,035200321581214666; 0,31045694602653384; 0,6370593351311982; 0,5834191935136914; 0,5404842966236174; 0,0796101288869977; 0,019379736855626106
-0,04705372410376672; 0,27442282950505614; 0,1408837679773569; 0,23360862070694566; 0,5590794924646616; 0,7989063109271228; 0,43598991306498647; 0,23131447192281485; 0,29666771134361625; 0,6852867845445871; 0,15703796921297908
-0,04670190855540031; 0,6597058605402708; 0,4437649678438902; 0,658443649765104; 0,10971316555514932; 0,650673805270344; 0,007948980666697025; 0,8292727246880531; 0,47161350632086396; 0,29071218334138393; 0,057361796498298645
-0,04720654626343217; 0,5110570793040097; 0,1505086445249617; 0,05141837103292346; 0,4761995505541563; 0,36723746079951525; 0,2675746721215546; 0,02389518590644002; 0,24792988551780581; 0,480692267883569; 0,7577447979710996
0,01825253318605164; 0,16006748471409082; 0,8353042155504227; 0,8550842585973442; 0,7793128835037351; 0,2459196257404983; 0,35056700138375163; 0,7065253579057753; 0,4841999504715204; 0,8757199714891613; 0,3092659651301801
-0,044231108772967175; 0,05256211757659912; 0,8257845193147659; 0,29162692558020353; 0,3975291480310261; 0,8033451093360782; 0,17094504926353693; 0,12546658469364047; 0,39990192418918014; 0,9151769406162202; 0,8468271093443036
-0,04138020044110751; 0,04926018789410591; 0,5844346275553107; 0,21190135180950165; 0,6373523683287203; 0,30416060937568545; 0,20395863614976406; 0,982677903957665; 0,07966166967526078; 0,7026063911616802; 0,1971636526286602
-0,003961058097426547; 0,3073670519515872; 0,49735422944650054; 0,2376546892337501; 0,7729333909228444; 0,9671688880771399; 0,11712436890229583; 0,5904260813258588; 0,6463775709271431; 0,5698113120160997; 0,32033186918124557
-0,04741642421349457; 0,9601782727986574; 0,6010051257908344; 0,9427351974882185; 0,6607945044524968; 0,17409534379839897; 0,4328348361887038; 0,15259844437241554; 0,7558570550754666; 0,37633192725479603; 0,4906258345581591
-0,047113736531498855; 0,8696747440844774; 0,875670712441206; 0,2342361039482057; 0,5464334571734071; 0,3029601015150547; 0,9521346325054765; 0,49964195117354393; 0,9222691711038351; 0,8396657556295395; 0,8613764797337353
-0,047318526945043494; 0,8987974622286856; 0,7676401073113084; 0,6900973841547966; 0,4598224489018321; 0,18070482229813933; 0,7943951385095716; 0,1672529219649732; 0,9092014571651816; 0,8277335111051798; 0,9464910388924181
-0,04007710187297045; 0,31856385292485356; 0,702246252913028; 0,32223806250840425; 0,7863234682008624; 0,9484735056757927; 0,4482632470317185; 0,8146998914889991; 0,4785700845532119; 0,9394568330608308; 0,5320164272561669
-0,0470944771840367; 0,8499073870480061; 0,7499306006357074; 0,3104798742569983; 0,3418625951744616; 0,07197467889636755; 0,46653135446831584; 0,8919959370978177; 0,5697714118286967; 0,8972272584214807; 0,8988036261871457
-0,046899912431276745; 0,8032335704192519; 0,7240281286649406; 0,8474996346049011; 0,5051151947118342; 0,28758656047284603; 0,24980063643306494; 0,29127611964941025; 0,7029311289079487; 0,00758989155292511; 0,6633728323504329
-0,047087305572021704; 0,41435098741203547; 0,26005688263103366; 0,7837359914556146; 0,9615135751664639; 0,04507857374846935; 0,8142167963087559; 0,06026791548356414; 0,8382561528123915; 0,560116239823401; 0,8569296509958804
-0,007445574049481165; 0,7262946590781212; 0,815261032897979; 0,25194297125563025; 0,40198714239522815; 0,6772386319935322; 0,8557101734913886; 0,3804835546761751; 0,2603266038931906; 0,07709694933146238; 0,716882508713752
-0,047706236269269175; 0,9230807768180966; 0,5334807718172669; 0,4955043108202517; 0,8950537289492786; 0,44467015052214265; 0,40942336013540626; 0,8606617697514594; 0,16185459913685918; 0,9662658651359379; 0,8760497062467039
-0,027153325454814543; 0,6203158050775528; 0,8031908175908029; 0,8213991755619645; 0,08442377671599388; 0,8848420395515859; 0,7556851413100958; 0,16557738278061152; 0,8450304535217583; 0,0705007491633296; 0,4677096903324127
-0,04763472682081418; 0,28059223759919405; 0,0022520064376294613; 0,4389208587817848; 0,8471058211289346; 0,2218534117564559; 0,6424524346366525; 0,23538521910086274; 0,23030085302889347; 0,3448584917932749; 0,25877384981140494
0,04418430462124176; 0,4334361138753593; 0,9468548311851919; 0,9301097854040563; 0,33045535953715444; 0,5896725030615926; 0,30046206898987293; 0,49862467078492045; 0,9313281700015068; 0,8695086087100208; 0,7922239415347576
-0,047298265904210046; 0,6087331199087203; 0,16069204080849886; 0,21204569237306714; 0,5183920958079398; 0,6920849103480577; 0,5032669613137841; 0,9528647242113948; 0,8660365981049836; 0,05704203760251403; 0,24475622037425637
-0,004709244814846374; 0,7315753665752709; 0,7621725522913039; 0,11791357398033142; 0,3838504683226347; 0,6166453710757196; 0,6953653865493834; 0,8198599289171398; 0,577484062872827; 0,9285162072628736; 0,2720298250205815
-0,01980518366302788; 0,5282350885681808; 0,731037559453398; 0,804778600577265; 0,5860474198125303; 0,7625803840346634; 0,32697139121592045; 0,7014637654647231; 0,11564000230282545; 0,10981510812416673; 0,9236665228381753
-0,0474748085690681; 0,776431058999151; 0,05563276773318648; 0,9546808293089271; 0,6955825975164771; 0,33322919672355056; 0,703207025770098; 0,4337267130613327; 0,3153897556476295; 0,4443820184096694; 0,9310340429656208
-0,046985873269767324; 0,7687403266318142; 0,4955223216675222; 0,09119678381830454; 0,2220287467353046; 0,6168731218203902; 0,21465072641149163; 0,8949114633724093; 0,418946348130703; 0,6767786778509617; 0,003219465259462595
-0,04531189891792706; 0,13963465904816985; 0,2817348726093769; 0,9337406223639846; 0,47511577466502786; 0,6367770247161388; 0,08442177018150687; 0,7156964335590601; 0,7796911173500121; 0,4791575279086828; 0,5413252599537373
-0,039959735294410895; 0,5142631852068007; 0,5410822150297463; 0,6310824104584754; 0,5366898626089096; 0,23613947397097945; 0,5848086788319051; 0,25003976142033935; 0,9248862466774881; 0,2968780496157706; 0,4130814727395773
-0,03621786500603678; 0,2351289433427155; 0,9802323081530631; 0,7114927908405662; 0,13536361325532198; 0,5797360041178763; 0,9216107344254851; 0,4941112156957388; 0,3956078481860459; 0,7356976317241788; 0,13410064857453108
-0,046221892014255715; 0,6726126400753856; 0,9856782122515142; 0,9589004418812692; 0,45683687878772616; 0,3567175776697695; 0,05104945180937648; 0,17071491945534945; 0,7723623621277511; 0,06450428161770105; 0,5646681245416403
-0,04591553790030801; 0,1416191617026925; 0,17822558246552944; 0,1522693377919495; 0,7741371695883572; 0,9198549995198846; 0,7753826682455838; 0,22080864384770393; 0,5657938737422228; 0,6539913211017847; 0,6093318862840533
-0,0014489815481376089; 0,5787144843488932; 0,727282224688679; 0,26344315288588405; 0,19378460198640823; 0,5627908767201006; 0,3267898615449667; 0,5977724008262157; 0,46292277751490474; 0,49257507268339396; 0,4087926144711673
-0,04664045172207112; 0,8003131314180791; 0,6713615576736629; 0,12208750983700156; 0,2644955962896347; 0,5195447546429932; 0,8604933777824044; 0,7933657974936068; 0,15084338234737515; 0,6408051364123821; 0,1974889407865703
-0,045023809005997575; 0,1587715893983841; 0,8889640518464148; 0,09794890275225043; 0,3703426141291857; 0,3608858473598957; 0,15487490640953183; 0,6498034475371242; 0,5607877094298601; 0,7957481839694083; 0,7581389206461608
-0,04695784871571418; 0,6601681122556329; 0,3446436608210206; 0,1398831899277866; 0,29517200496047735; 0,8907424760982394; 0,411021051928401; 0,1903810021467507; 0,971801689825952; 0,1310827718116343; 0,5526974420063198
-0,0034805699701781633; 0,35324285086244345; 0,6156021994538605; 0,7865873668342829; 0,6636242996901274; 0,5131101845763624; 0,8721759067848325; 0,9743246356956661; 0,29486675607040524; 0,07029070192947984; 0,9689465560950339
-0,043600121329181875; 0,41510795475915074; 0,7599293985404074; 0,15239223511889577; 0,7211566884070635; 0,9669460863806307; 0,38002621615305543; 0,3676698235794902; 0,039478286635130644; 0,699489276856184; 0,5951823620125651
-0,011211470829541636; 0,22657489543780684; 0,9070721729658544; 0,8430043631233275; 0,6293355226516724; 0,6147340931929648; 0,8521089009009302; 0,4543530591763556; 0,20355771528556943; 0,31474027317017317; 0,5822448707185686
-0,02001702890189946; 0,3845432451926172; 0,7046781070530415; 0,4482012614607811; 0,5379296871833503; 0,3760542538948357; 0,9804144431836903; 0,3840642301365733; 0,26886129239574075; 0,04837456811219454; 0,07813242683187127
-0,047232629731594714; 0,9019165630452335; 0,013361937832087278; 0,11381721496582031; 0,04224083246663213; 0,8045269115827978; 0,5752074210904539; 0,5914284246973693; 0,1187076442874968; 0,47361460514366627; 0,9245931771583855
-0,04599810677544521; 0,2682972028851509; 0,27417532727122307; 0,7849992774426937; 0,7036393689922988; 0,5378730990923941; 0,3030244982801378; 0,16284719156101346; 0,5645307819359004; 0,5362474154680967; 0,36368801165372133
-0,047317248966187775; 0,9681041981093585; 0,3100342145189643; 0,9793930007144809; 0,45082383742555976; 0,16235351003706455; 0,5834077377803624; 0,6452235565520823; 0,6249030064791441; 0,7846598662436008; 0,5524379936978221
-0,04748609421427345; 0,2635778384283185; 0,06627314677461982; 0,1361638940870762; 0,7920305849984288; 0,279359835665673; 0,9255160200409591; 0,07352086901664734; 0,8005298846401274; 0,6642957497388124; 0,19739805348217487
-0,04744922335808377; 0,6983360261656344; 0,01439280016347766; 0,8251087167300284; 0,6432401183992624; 0,15570570901036263; 0,3669724748469889; 0,36064743530005217; 0,6370364530012012; 0,40501861507073045; 0,7102018883451819
-0,037629947208286225; 0,450265119317919; 0,4678427493199706; 0,41821777494624257; 0,6260954602621496; 0,9640789120458066; 0,644714729860425; 0,30264740297570825; 0,824059383943677; 0,29541831463575363; 0,5560909272171557
-0,036759380270666844; 0,0697083524428308; 0,43019316578283906; 0,12709623714908957; 0,44262478593736887; 0,6368039404042065; 0,7670716629363596; 0,6863406985066831; 0,6256329151801765; 0,18373514991253614; 0,11356295831501484
-0,04113605178318236; 0,07654994586482644; 0,9748241333290935; 0,6123048858717084; 0,07395212026312947; 0,7756994371302426; 0,30876735923811793; 0,8253965806216002; 0,706798997707665; 0,8239059904590249; 0,7810309021733701
-0,046832096461357484; 0,48638180270791054; 0,31045574368909; 0,7542917486280203; 0,5410632509738207; 0,9190147994086146; 0,4593699648976326; 0,4945057351142168; 0,9277175692841411; 0,1351812188513577; 0,6116455616429448
-0,04636892086310325; 0,36204004334285855; 0,281164831481874; 0,7362985787913203; 0,530238336417824; 0,6854699454270303; 0,23164231656119227; 0,4686929271556437; 0,11210888531059027; 0,3910482209175825; 0,22366597037762403
-0,04748670105861683; 0,6727365581318736; 0,15761454310268164; 0,5667865392751992; 0,7190028466284275; 0,8435554224997759; 0,20362429460510612; 0,3830506233498454; 0,3738272967748344; 0,07010449795052409; 0,12556756986305118
-0,04198440259089771; 0,24969642143696547; 0,9714956977404654; 0,4773063873872161; 0,4474731623195112; 0,1793341040611267; 0,29573495453223586; 0,7167273899540305; 0,6607618099078536; 0,7621477502398193; 0,13282780395820737
-0,03588852289376798; 0,30675483774393797; 0,8526669251732528; 0,975049995817244; 0,8269334146752954; 0,6509175752289593; 0,24796749092638493; 0,13274505035951734; 0,48563653603196144; 0,8086699694395065; 0,1561041185632348
-0,047283395626282886; 0,8567433720454574; 0,20117978984490037; 0,8578290054574609; 0,3104967554099858; 0,03193481080234051; 0,2450820286758244; 0,19283807231113315; 0,6062403507530689; 0,9549659597687423; 0,15049875527620316
-0,04685971641962093; 0,9713557460345328; 0,96529123140499; 0,7749930853024125; 0,8449389110319316; 0,46241421438753605; 0,4179046284407377; 0,5152114517986774; 0,2081750724464655; 0,27104271529242396; 0,9386854595504701
-0,04705026968547943; 0,3325653695501387; 0,21378172561526299; 0,42170791095122695; 0,963390916120261; 0,7335003577172756; 0,3736700634472072; 0,6171236410737038; 0,4252940025180578; 0,8858599718660116; 0,9835921060293913
-0,01729197603272867; 0,7263355366885662; 0,8358085467480123; 0,04369982145726681; 0,5818631919100881; 0,6453360603190958; 0,803934448864311; 0,7260732757858932; 0,5468089720234275; 0,5438873968087137; 0,2007666383869946
-0,04716690442175537; 0,4589467942714691; 0,13942631287500262; 0,28621387341991067; 0,31913619861006737; 0,7816540482454002; 0,37710529984906316; 0,010993027593940496; 0,7691029096022248; 0,8679840555414557; 0,938875213265419
-0,022259502548846833; 0,4434841526672244; 0,6713466765359044; 0,8282650336623192; 0,9587468802928925; 0,7720336350612342; 0,5165993752889335; 0,09668758604675531; 0,43253734381869435; 0,704028912819922; 0,8111003204248846
-0,04770936958639288; 0,8217180115170777; 0,4159839148633182; 0,030304523184895515; 0,9204379473812878; 0,8444210980087519; 0,3654323685914278; 0,2932904791086912; 0,6865833611227572; 0,15903575345873833; 0,07736678933724761
-0,04750928222825845; 0,9397754822857678; 0,2560526258312166; 0,8640086739324033; 0,7382028200663626; 0,8953292830847204; 0,7531389771029353; 0,3755415636114776; 0,04032744746655226; 0,30187664832919836; 0,8774013849906623
-0,04736098712127898; 0,6022146637551486; 0,030630644410848618; 0,45578644378110766; 0,49702147115021944; 0,6882695704698563; 0,05124100251123309; 0,04265272431075573; 0,5748670315369964; 0,6884961775504053; 0,2994629479944706
-0,04267015238611017; 0,11471166927367449; 0,8606839845888317; 0,4019490764476359; 0,4047132236883044; 0,5889562191441655; 0,8932325416244566; 0,6954493722878397; 0,05626231851056218; 0,7137323091737926; 0,01837516948580742
-0,047275834279175755; 0,9396304320544004; 0,7752062152139843; 0,7832634500227869; 0,4275362812913954; 0,7563654039986432; 0,5970922079868615; 0,30931834736838937; 0,7326273024082184; 0,4479154967702925; 0,1971224071457982
0,04583356468004414; 0,02943405043333769; 0,8374263294972479; 0,9427088149823248; 0,462108688428998; 0,21654042229056358; 0,9229607107117772; 0,7134176404215395; 0,6521678431890905; 0,9076858665794134; 0,24203284829854965
-0,04157292172939248; 0,623951873742044; 0,6036990964785218; 0,5117872031405568; 0,06460092402994633; 0,33224125439301133; 0,6808215919882059; 0,05489137955009937; 0,3267272743396461; 0,40833715396001935; 0,5846125055104494
-0,0473292221534225; 0,9380615595728159; 0,5029364498332143; 0,6841328195296228; 0,44538598135113716; 0,6430242331698537; 0,1497432147152722; 0,5718375132419169; 0,7801066464744508; 0,5450274739414454; 0,007013266906142235
-0,040954797638664324; 0,549537091050297; 0,8866252284497023; 0,3735152864828706; 0,01539546623826027; 0,984654348809272; 0,8171425960026681; 0,4787885411642492; 0,9972801767289639; 0,5674480469897389; 0,758449284825474
-0,04323107353789779; 0,21624506497755647; 0,6543118022382259; 0,08307642163708806; 0,6024439730681479; 0,4462067633867264; 0,823390725068748; 0,8955682311207056; 0,6915779854170978; 0,08711318764835596; 0,5390012180432677
-0,04052136052313462; 0,44896995974704623; 0,5938441855832934; 0,8997073629871011; 0,6918961275368929; 0,7433937382884324; 0,0918132052756846; 0,40789406513795257; 0,8483314085751772; 0,12035731272771955; 0,0033941417932510376
-0,027213751645085008; 0,20884344028308988; 0,5511519969440997; 0,9309384650550783; 0,11326469760388136; 0,6214495007880032; 0,8169045387767255; 0,6945396806113422; 0,3575808256864548; 0,4931117561645806; 0,6678346255794168
-0,04444947075326799; 0,44214952317997813; 0,47223177598789334; 0,8860099869780242; 0,9437844986096025; 0,02318600518628955; 0,36386362416669726; 0,2030989620834589; 0,11196767119690776; 0,3910440020263195; 0,03133877879008651
-0,04681692843677827; 0,7866742806509137; 0,604844759684056; 0,14792318269610405; 0,013528860174119473; 0,8130796835757792; 0,9454594985581934; 0,14590170979499817; 0,5727199888788164; 0,4284090963192284; 0,8243913683108985
-0,04009795679774808; 0,22359318984672427; 0,2731283064931631; 0,2849731706082821; 0,753761425614357; 0,07470762496814132; 0,039907006081193686; 0,8834256380796432; 0,5926563902758062; 0,518626272212714; 0,2089937310665846
0,04222376803203454; 0,5917650847695768; 0,7585853585042059; 0,3859957200475037; 0,32627358566969633; 0,17123904079198837; 0,4863376929424703; 0,602945240214467; 0,9879390234127641; 0,39534919196739793; 0,11243453482165933
-0,04437103284681703; 0,3209372581914067; 0,890170285012573; 0,1710227937437594; 0,45037329429760575; 0,4061785056255758; 0,5837710117921233; 0,9995457152836025; 0,8197004985995591; 0,42220697132870555; 0,4111380996182561
-0,04328142954681137; 0,529763163998723; 0,9063300406560302; 0,17136453883722425; 0,25465129781514406; 0,20175088662654161; 0,947631434071809; 0,1749552134424448; 0,9165042242966592; 0,9630183214321733; 0,7288944791071117
-0,047850645483832055; 0,8470533322542906; 0,19812537729740143; 0,5291649727150798; 0,9812540914863348; 0,8753324584104121; 0,0688452497124672; 0,17207727674394846; 0,30030049616470933; 0,015475657768547535; 0,9227888276800513
-0,029906679907392136; 0,6659812475554645; 0,891124133951962; 0,3392253783531487; 0,3975267908535898; 0,1329283188097179; 0,7596143102273345; 0,18566659279167652; 0,40823932318016887; 0,4614816992543638; 0,017786818090826273
-0,04025330697429473; 0,0815328829921782; 0,4369661323726177; 0,01862755184993148; 0,42301919125020504; 0,510949975810945; 0,017803785856813192; 0,1537385224364698; 0,11244159378111362; 0,9457354587502778; 0,5064715663902462
-0,047450306819021994; 0,48944752383977175; 0,14881838392466307; 0,03875934053212404; 0,783015301451087; 0,8411787627264857; 0,21532205399125814; 0,373369047883898; 0,039881911128759384; 0,4018587409518659; 0,6678233812563121
-0,03852414848199911; 0,36128790071234107; 0,9822528311051428; 0,6104205483570695; 0,5171357081271708; 0,1963181933388114; 0,43051902297884226; 0,8432880421169102; 0,2893864484503865; 0,46551889227703214; 0,6687419479712844
0,001345624151698448; 0,4443986676633358; 0,5738130896352232; 0,5201360783539712; 0,7316235085017979; 0,9188996045850217; 0,32105745282024145; 0,9207433606497943; 0,052571316715329885; 0,05569964228197932; 0,8524135444313288
-0,04710864069293779; 0,6190032637678087; 0,21934289066120982; 0,14402948319911957; 0,2567993374541402; 0,4066383824683726; 0,40589972492307425; 0,7305323770269752; 0,08928631618618965; 0,7070055198855698; 0,6030615852214396
-0,03820935329431763; 0,002559274435043335; 0,8010127362795174; 0,543785959482193; 0,004636791069060564; 0,24012866197153926; 0,5375974643975496; 0,6873952718451619; 0,8190199751406908; 0,14729268476366997; 0,3270755377598107
-0,04236554115169111; 0,20781510742381215; 0,7433414659462869; 0,24103855108842254; 0,711948408279568; 0,09438114194199443; 0,9824699489399791; 0,38746930100023746; 0,7806215221062303; 0,5831769099459052; 0,4614081154577434
-0,043393915412567645; 0,610414088703692; 0,9242599322460592; 0,12789017613977194; 0,62744001718238; 0,11204967554658651; 0,075589117128402; 0,8492364911362529; 0,5268884846009314; 0,880484760273248; 0,24054333614185452
-0,04723339740883301; 0,8499479172751307; 0,3112297309562564; 0,584126828238368; 0,03706365171819925; 0,37887038476765156; 0,28313479432836175; 0,5918312054127455; 0,4652323601767421; 0,9779577553272247; 0,4359176764264703
-0,047634367466690135; 0,9116784892976284; 0,32996267220005393; 0,4551836531609297; 0,8510051667690277; 0,18494153209030628; 0,7219113544560969; 0,9818405471742153; 0,973826848436147; 0,0833952627144754; 0,8325521182268858
-0,047298532253987245; 0,8768320404924452; 0,48857666552066803; 0,6395089849829674; 0,4034002600237727; 0,27578243194147944; 0,6271825209259987; 0,7102006105706096; 0,9772711778059602; 0,4427376580424607; 0,6573113091289997
-0,04494096449706226; 0,38247740268707275; 0,9131005275994539; 0,13412889512255788; 0,6561474734917283; 0,5915967859327793; 0,472564906347543; 0,910516990814358; 0,5224032760597765; 0,5227986196987331; 0,17420604545623064
-0,04747689637955239; 0,4764807019382715; 0,11288815084844828; 0,1564647532068193; 0,7631822167895734; 0,43000726541504264; 0,2625849833711982; 0,1053748014383018; 0,15181092498824; 0,932226566132158; 0,41889002779498696
-0,04709791703722817; 0,7448681266978383; 0,43789138877764344; 0,6770312655717134; 0,14804754592478275; 0,9057882083579898; 0,35336852353066206; 0,4701511338353157; 0,4341835197992623; 0,5226815878413618; 0,4284791606478393
-0,04717758309628573; 0,7923099496401846; 0,5688142748549581; 0,40251120273023844; 0,5514298276975751; 0,8751753773540258; 0,6233968590386212; 0,6851790277287364; 0,46336269844323397; 0,804149217903614; 0,8949694423936307
-0,002064507532073466; 0,45629000943154097; 0,9582527168095112; 0,8649539281614125; 0,8664018767885864; 0,8258683583699167; 0,6530721127055585; 0,08600779948756099; 0,6813143012113869; 0,1110163633711636; 0,7744413246400654
-0,04736176315022818; 0,9596675145439804; 0,05794272664934397; 0,30642810370773077; 0,530043127015233; 0,08457615319639444; 0,6893753409385681; 0,4307538568973541; 0,4363665524870157; 0,29863879503682256; 0,16537642339244485
0,031490982497776474; 0,4190472257323563; 0,6623285794630647; 0,47487640380859375; 0,8887146119959652; 0,7420161133632064; 0,39960944512858987; 0,5748415407724679; 0,3992913383990526; 0,48822101717814803; 0,4877793821506202
-0,04698952394015082; 0,6588114737533033; 0,44094668654724956; 0,925459211692214; 0,4114005505107343; 0,9944341341033578; 0,5039595235139132; 0,22843425441533327; 0,8733096583746374; 0,7247227681800723; 0,13648472167551517
-0,04726166493522405; 0,8015696499496698; 0,6023376733064651; 0,09478976670652628; 0,7475349409505725; 0,9351332793012261; 0,8835514420643449; 0,8571502123959363; 0,5933511890470982; 0,3686736924573779; 0,2474896777421236
-0,047319081480055196; 0,5822392855770886; 0,17471126792952418; 0,4716293257661164; 0,6127492762170732; 0,3915212517604232; 0,5249898517504334; 0,10883592627942562; 0,43511872133240104; 0,8673763223923743; 0,4536664825864136
-0,04357224903318054; 0,5405213618651032; 0,97965526022017; 0,2793777184560895; 0,16084765503183007; 0,37441181391477585; 0,9404774969443679; 0,6104922136291862; 0,8685574792325497; 0,2911971900612116; 0,6394347338937223
-0,043830346021114734; 0,4670530394650996; 0,40470441803336143; 0,44612914603203535; 0,37251479225233197; 0,6853322037495673; 0,1130809634923935; 0,7585623688064516; 0,456349961925298; 0,3318164153024554; 0,8729125363752246
-0,04547052998028805; 0,5826498195528984; 0,4838074999861419; 0,6315597710199654; 0,7780365329235792; 0,09221937973052263; 0,7289372584782541; 0,45625831186771393; 0,8456408097408712; 0,07290613185614347; 0,4584273989312351
-0,014525948781864074; 0,41910021286457777; 0,42728990130126476; 0,1927650049328804; 0,6224235282279551; 0,6447914005257189; 0,8710873047821224; 0,1533010108396411; 0,005374298430979252; 0,17273883102461696; 0,060479854233562946
-0,04735639086500807; 0,8611865960992873; 0,8660961287096143; 0,20528335124254227; 0,9061570833437145; 0,5592445437796414; 0,5674166926182806; 0,8048313297331333; 0,9045560858212411; 0,23956728354096413; 0,7356819342821836
-0,04312811785622653; 0,22145258216187358; 0,3463001404888928; 0,7780298921279609; 0,841276747174561; 0,40116703417152166; 0,02524521015584469; 0,653416610788554; 0,6188661181367934; 0,43021474638953805; 0,8560111890546978
-0,00035449090698812317; 0,3068248541094363; 0,6253692996688187; 0,8561585671268404; 0,11592422053217888; 0,20156753715127707; 0,32224733335897326; 0,876110487151891; 0,5829534488730133; 0,41079296777024865; 0,7992513393983245
-0,04711431586332647; 0,4150703535415232; 0,11119635449722409; 0,2213258733972907; 0,1631001178175211; 0,326645968016237; 0,9556395732797682; 0,5431679366156459; 0,6466693226248026; 0,05553788272663951; 0,8598304893821478
-0,04470406394047638; 0,2485015974380076; 0,9771107877604663; 0,28320057643577456; 0,47897666320204735; 0,670745805837214; 0,3086930853314698; 0,974219823256135; 0,4522242550738156; 0,46702998131513596; 0,05039075389504433
-0,04712237140542574; 0,7794468617066741; 0,5736255808733404; 0,6188495592214167; 0,6325944098643959; 0,15752782486379147; 0,4485387811437249; 0,5396029856055975; 0,6536697349511087; 0,0713203907944262; 0,9803493334911764
-0,027177839226618025; 0,414381364826113; 0,4819485489279032; 0,4699100707657635; 0,26140840724110603; 0,555163208860904; 0,9524546568281949; 0,9168455107137561; 0,9532598261721432; 0,5079346997663379; 0,8164584594778717
-0,047016432542773975; 0,5350035354495049; 0,23046411434188485; 0,9732197620905936; 0,19803947070613503; 0,08422039076685905; 0,8208976592868567; 0,05342915840446949; 0,6643053665757179; 0,7708012252114713; 0,14598797541111708
-0,01657913216434925; 0,27281869342550635; 0,5638548634015024; 0,8027699254453182; 0,07320565590634942; 0,921960661187768; 0,7279961118474603; 0,3931135484017432; 0,6063244449906051; 0,3557771882042289; 0,05755734769627452
-0,04715077163491465; 0,4485516222193837; 0,15659644547849894; 0,8215011386200786; 0,24120546458289027; 0,927744569722563; 0,4439787440933287; 0,8023721547797322; 0,047700025606900454; 0,8907177345827222; 0,8169247414916754
-0,04407559342406205; 0,3742884346283972; 0,8899982389993966; 0,2133004474453628; 0,9089842210523784; 0,23962774453684688; 0,41308343643322587; 0,5316175948828459; 0,9741049641743302; 0,01576301036402583; 0,5764409531839192
-0,04715329946932778; 0,8573135728947818; 0,8345313752070069; 0,5966459820047021; 0,5278611932881176; 0,6072158995084465; 0,3157215705141425; 0,15350398607552052; 0,6862735659815371; 0,6281744576990604; 0,4093786901794374
-0,024092988823556007; 0,1857060450129211; 0,9884083890356123; 0,865909855812788; 0,8601759094744921; 0,6316167111508548; 0,11984352907165885; 0,6273249625228345; 0,8720023185014725; 0,9478968996554613; 0,6169324950315058
-0,046652439752104514; 0,9957045945338905; 0,9903036411851645; 0,2673013056628406; 0,6373410262167454; 0,43743785936385393; 0,7146987225860357; 0,6110374671407044; 0,47610093792900443; 0,7841960345394909; 0,7998746177181602
-0,044467208390401; 0,2140979366376996; 0,2513910667039454; 0,5069648884236813; 0,41133660078048706; 0,14927654014900327; 0,7486119726672769; 0,48517988296225667; 0,4946650522761047; 0,9331577764824033; 0,47106335405260324
-0,024337465646305765; 0,6309729912318289; 0,7997146458365023; 0,22559181321412325; 0,9894822058267891; 0,4053153437562287; 0,4831263106316328; 0,25097771594300866; 0,785702989436686; 0,7282100236043334; 0,6898951535113156
-0,047382692556135635; 0,9376063067466021; 0,1536345910280943; 0,7621484748087823; 0,5784857938997447; 0,3258453984744847; 0,8143382775597274; 0,9493795740418136; 0,8559111366048455; 0,8618917646817863; 0,8086922159418464
-0,04605136732053971; 0,41007875092327595; 0,3326866654679179; 0,6834616898559034; 0,3264508149586618; 0,9239713414572179; 0,9336129310540855; 0,9770660474896431; 0,2277281442657113; 0,6111554261296988; 0,4750769082456827
-0,0004587986981379887; 0,5441387281753123; 0,8222002726979554; 0,918989370111376; 0,3996541667729616; 0,537275732960552; 0,5244478289969265; 0,4839772474952042; 0,3762769759632647; 0,7470680326223373; 0,16159430192783475
-0,04335926751708135; 0,486722351051867; 0,5067030740901828; 0,750111744273454; 0,09554948983713984; 0,6716014486737549; 0,5633209440857172; 0,4194038319401443; 0,8630328895524144; 0,02463500015437603; 0,22333787847310305
-0,04723898518152957; 0,6388670881278813; 0,007993727456778288; 0,46834953036159277; 0,17107713920995593; 0,9330404768697917; 0,7013964750804007; 0,9188749357126653; 0,614111153408885; 0,6804529456421733; 0,4091143626719713
-0,02667620838101087; 0,34635776514187455; 0,46352021489292383; 0,2888834676705301; 0,9852742310613394; 0,951781549025327; 0,8091444633901119; 0,14100719755515456; 0,060490131843835115; 0,7644433774985373; 0,17484660306945443
-0,047255462966755854; 0,7552241180092096; 0,1739369835704565; 0,48094509448856115; 0,26216772431507707; 0,19058214826509356; 0,14565542247146368; 0,653961047064513; 0,05750351492315531; 0,44092797487974167; 0,10014246683567762
-0,04727048346452352; 0,944555597845465; 0,22990466514602304; 0,3103231876157224; 0,2524898969568312; 0,7608330771327019; 0,13180055329576135; 0,893312762491405; 0,7349650440737605; 0,31898753996938467; 0,6158839343115687
-0,047419653724139386; 0,9700678624212742; 0,44000188168138266; 0,41120801074430346; 0,6314881765283644; 0,9190288446843624; 0,516559932846576; 0,7904548994265497; 0,13559110136702657; 0,8905073953792453; 0,5528499381616712
-0,0474259928866354; 0,6124293808825314; 0,05526597052812576; 0,1823013504035771; 0,6212679781019688; 0,2636554720811546; 0,38359459675848484; 0,09188761189579964; 0,8244977206923068; 0,40525569999590516; 0,6230299444869161
-0,02020558301697473; 0,6535886060446501; 0,8994184173643589; 0,4643076779320836; 0,12435640953481197; 0,20322399167343974; 0,8160817376337945; 0,2552482336759567; 0,9399652257561684; 0,9659174359403551; 0,4529627566225827
-0,045938705153197555; 0,549963194411248; 0,4410706739872694; 0,7051152880303562; 0,42331234412267804; 0,6965616019442677; 0,5725849880836904; 0,21012274641543627; 0,6625436274334788; 0,5823144144378603; 0,6279834983870387
-0,04684099548053383; 0,7567991823889315; 0,5421072812750936; 0,5415307367220521; 0,21839716145768762; 0,10453264275565743; 0,6753558656200767; 0,1594290970824659; 0,34879345213994384; 0,33865630300715566; 0,8560165106318891
-0,0428430911198616; 0,44376406352967024; 0,49178782803937793; 0,730461205355823; 0,49693959951400757; 0,8521148893050849; 0,5386738427914679; 0,8098833472467959; 0,042476318310946226; 0,9398861397057772; 0,3007271527312696
-0,016519211541238487; 0,15572002157568932; 0,8170037041418254; 0,7604755950160325; 0,4272234523668885; 0,6305801407434046; 0,28366538090631366; 0,9989739079028368; 0,3998130257241428; 0,6655673338100314; 0,06293989811092615
-0,045596549212106485; 0,037868726532906294; 0,7479137373156846; 0,005313556175678968; 0,9612493636086583; 0,4423266970552504; 0,45893759466707706; 0,5823537339456379; 0,7571633541956544; 0,32395789539441466; 0,7557587204501033
-0,04743416575704992; 0,9893080708570778; 0,58724200213328; 0,7017027661204338; 0,7223468343727291; 0,3714360096491873; 0,38894570199772716; 0,7763958773575723; 0,13296104036271572; 0,8066845713183284; 0,13841981068253517
-0,04723713682579644; 0,9196437285281718; 0,5192154315300286; 0,366124399472028; 0,020829408895224333; 0,5061989263631403; 0,37024194886907935; 0,8139110561460257; 0,4892491134814918; 0,31102386163547635; 0,31301827961578965
-0,04268006786567387; 0,3848088043741882; 0,8917794930748641; 0,3181960857473314; 0,06129996199160814; 0,4800547678023577; 0,75926459627226; 0,22538524167612195; 0,739551639650017; 0,8793940632604063; 0,8522176807746291
-0,045394211834480766; 0,4567941692657769; 0,32239859690889716; 0,30188812874257565; 0,7516971817240119; 0,21428706590086222; 0,12870954675599933; 0,16357897641137242; 0,5702087753452361; 0,4801538707688451; 0,763650200329721
-0,047460729238442426; 0,9132679249159992; 0,6951439785771072; 0,5657671298831701; 0,6532826074399054; 0,0670326161198318; 0,025130964815616608; 0,1540848556905985; 0,42285059252753854; 0,20768659887835383; 0,27308059111237526
-0,04723630750497178; 0,9491335819475353; 0,37956290040165186; 0,01544544380158186; 0,015582084190100431; 0,13864457700401545; 0,10611674329265952; 0,7211937429383397; 0,3233707547187805; 0,5071525149978697; 0,7853144817054272
-0,043504780289379846; 0,4420543392188847; 0,37737622344866395; 0,2717509185895324; 0,8748396635055542; 0,9851827444508672; 0,25685803266242146; 0,5551892966032028; 0,9817128465510905; 0,6260329433716834; 0,9193908986635506
-0,04739472809076669; 0,39018219569697976; 0,08410052303224802; 0,6639205883257091; 0,6687758676707745; 0,8728913976810873; 0,9618860743939877; 0,9152256199158728; 0,899864015635103; 0,5904191890731454; 0,563709466252476
-0,047060976469713925; 0,10265516862273216; 0,08961382554844022; 0,6752594443969429; 0,27885818388313055; 0,382289229426533; 0,9405633648857474; 0,7001314512453973; 0,9256843221373856; 0,3752388251014054; 0,8374684629961848
-0,046355448566951306; 0,7332544601522386; 0,6064513861201704; 0,5249687083996832; 0,4506618301384151; 0,4898153473623097; 0,8928773989900947; 0,2523216037079692; 0,7806322951801121; 0,619707949925214; 0,9010194218717515
-0,04715299497168572; 0,40430879034101963; 0,10952265141531825; 0,6656840262003243; 0,01867616456001997; 0,39492505649104714; 0,2037429609335959; 0,7993146348744631; 0,9680649191141129; 0,35971762938424945; 0,16681702993810177
0,04155540695871689; 0,09781741444021463; 0,4624743233434856; 0,5986276585608721; 0,09056482883170247; 0,35583073552697897; 0,03363309195265174; 0,4240068690851331; 0,006901273038238287; 0,9062165231443942; 0,058185465168207884
-0,046993413168204004; 0,249650239944458; 0,11059466795995831; 0,08119943318888545; 0,19915039232000709; 0,26864423882216215; 0,1547271404415369; 0,47621442191302776; 0,5891929022036493; 0,9903852115385234; 0,22763865906745195
-0,04396516983184471; 0,04342993814498186; 0,2117272261530161; 0,5160584528930485; 0,5444802907295525; 0,44257086189463735; 0,8510268446989357; 0,7496163439936936; 0,17745085107162595; 0,24471234483644366; 0,0016927896067500114
0,008731197715324454; 0,5385059919208288; 0,807294508907944; 0,8540725610218942; 0,6728377561084926; 0,9747855528257787; 0,3805507807992399; 0,6007156115956604; 0,8022685712203383; 0,41041653137654066; 0,3376548136584461
-0,04684453646709269; 0,5492931632325053; 0,2966534555889666; 0,6697919233702123; 0,4747329009696841; 0,030172544065862894; 0,7746716169640422; 0,8394963317550719; 0,93205562280491; 0,14045328833162785; 0,390339067671448
-0,04709896726783504; 0,9853681637905538; 0,7948172497563064; 0,30448622023686767; 0,26954173296689987; 0,6914265677332878; 0,696768416557461; 0,4064717944711447; 0,1609108648262918; 0,5748979905620217; 0,853195495903492
-0,04715580078095999; 0,7780943652614951; 0,39063252694904804; 0,5772363948635757; 0,06649344833567739; 0,3709104801528156; 0,22030988847836852; 0,5156778409145772; 0,7248222124762833; 0,4739810712635517; 0,4411300360225141
-0,04773748057099352; 0,936601294670254; 0,21887960704043508; 0,9649627171456814; 0,9134961445815861; 0,17982685007154942; 0,33021841663867235; 0,6097417245618999; 0,6364309070631862; 0,7716723140329123; 0,8499429551884532
-0,04697032432692042; 0,5218088533729315; 0,3111235434189439; 0,9063467141240835; 0,617195526137948; 0,6900137183256447; 0,813349911943078; 0,04052240401506424; 0,570075930096209; 0,02014238480478525; 0,4098425121046603
-0,04589068453229224; 0,6178402178920805; 0,5515214400365949; 0,7820568070746958; 0,9821500196121633; 0,19815982645377517; 0,23269057786092162; 0,33283040300011635; 0,8736627209000289; 0,2193149789236486; 0,5620649438351393
0,03534719376853032; 0,4760185652412474; 0,8946562078781426; 0,9572015483863652; 0,38128183921799064; 0,9767842115834355; 0,37160606076940894; 0,9484846498817205; 0,3108925726264715; 0,7506672572344542; 0,5732513200491667
-0,041573141003873965; 0,11957511911168694; 0,8937772489152849; 0,4752987427636981; 0,9343616347759962; 0,07665384840220213; 0,5095033971592784; 0,5732181742787361; 0,9351563518866897; 0,0025566318072378635; 0,9559625987894833
-0,04692681787087069; 0,5822670366615057; 0,2889089537784457; 0,45715076569467783; 0,3056200370192528; 0,6299146888777614; 0,2780461027286947; 0,0538838324137032; 0,6708334959112108; 0,1054388121701777; 0,1752175884321332
-0,04722305949640123; 0,4800205659121275; 0,050243950448930264; 0,9004746908321977; 0,07349683670327067; 0,4896253226324916; 0,5864641559310257; 0,3652137406170368; 0,7958238683640957; 0,4685138608328998; 0,9543232321739197
-0,046059419100976925; 0,3621661951765418; 0,308489294257015; 0,7413898147642612; 0,23921961663290858; 0,8398972731083632; 0,31349620409309864; 0,693885425105691; 0,40503720846027136; 0,6737045017071068; 0,9614384761080146
0,0266115920427396; 0,3317525777965784; 0,7172150565311313; 0,64380625449121; 0,33068822557106614; 0,4280722760595381; 0,0014445376582443714; 0,14961454179137945; 0,3022435801103711; 0,5634340643882751; 0,39764561830088496
0,02568504557762338; 0,17122670449316502; 0,5999623951502144; 0,8805467910133302; 0,8923613200895488; 0,38368199625983834; 0,2601742735132575; 0,9973379471339285; 0,5824972623959184; 0,19284572219476104; 0,64623943855986
-0,04726706463930426; 0,8363664732314646; 0,71558773284778; 0,45751938968896866; 0,6845671772025526; 0,5974565572105348; 0,6640102970413864; 0,13874329905956984; 0,45192084461450577; 0,4844053518027067; 0,19167014630511403
-0,0033123944376173163; 0,2143777501769364; 0,7969719604589045; 0,7484983350150287; 0,01727392617613077; 0,2231251518242061; 0,7781355855986476; 0,5792955425567925; 0,9444501209072769; 0,2412685756571591; 0,3927985397167504
-0,046739350805703676; 0,5839941627345979; 0,3684181650169194; 0,4864597460255027; 0,42038439167663455; 0,9831538158468902; 0,12935197679325938; 0,0964028425514698; 0,5071966806426644; 0,016647522803395987; 0,8013749620877206
-0,04693128387090016; 0,7310789506882429; 0,5270802890881896; 0,604145267046988; 0,37578442646190524; 0,8925107261165977; 0,08875859994441271; 0,780702062882483; 0,23962254635989666; 0,018515101168304682; 0,8350455895997584
-0,04729922624196863; 0,9473841525614262; 0,4430477540008724; 0,6212087641470134; 0,39981663785874844; 0,6648793830536306; 0,5309607377275825; 0,14070373168215156; 0,5702326809987426; 0,5879069780930877; 0,47199157485738397
-0,04709406817662148; 0,4593985970132053; 0,19923133868724108; 0,6740277395583689; 0,46494968608021736; 0,8558746636845171; 0,9363772417418659; 0,169322547968477; 0,42023281659930944; 0,39187321765348315; 0,22220740839838982
-0,047622154842153555; 0,842089016456157; 0,12027255352586508; 0,9574745832942426; 0,8495832607150078; 0,5919398162513971; 0,8494909130968153; 0,7659802730195224; 0,9298863606527448; 0,20178911881521344; 0,16864807531237602
-0,025354403365985486; 0,3282230240292847; 0,8234807210974395; 0,6388367093168199; 0,9287238833494484; 0,5459820562973619; 0,14713255362585187; 0,8154107397422194; 0,22797730192542076; 0,6052088448777795; 0,9254141487181187
-0,047222545814441595; 0,7907619890756905; 0,08276168769225478; 0,9748588353395462; 0,16864729346707463; 0,6092514516785741; 0,9424801212735474; 0,5445478935725987; 0,7607922675088048; 0,8990760515443981; 0,1432108711451292
-0,04708343055812556; 0,5803769160993397; 0,2999561233446002; 0,8964870576746762; 0,5468093594536185; 0,5147564196959138; 0,5015890588983893; 0,39607088593766093; 0,19673100393265486; 0,5380492992699146; 0,28532769344747066
-0,030984329738079453; 0,043393202126026154; 0,8677758183330297; 0,7273690598085523; 0,6711097485385835; 0,498209937941283; 0,5828358139842749; 0,5342136211693287; 0,296926801558584; 0,4018366611562669; 0,33997086016461253
-0,04696259242532507; 0,8109407140873373; 0,5972466892562807; 0,03333584405481815; 0,11012620152905583; 0,11653154622763395; 0,6787734907120466; 0,8772718668915331; 0,46058256551623344; 0,7563335304148495; 0,29733261838555336
0,020647768214383178; 0,04617975512519479; 0,2300330875441432; 0,011191461235284805; 0,6271951883099973; 0,22547681303694844; 0,10126649448648095; 0,9426914765499532; 0,18720337143167853; 0,8140041157603264; 0,6728174383752048
-0,04712027553143513; 0,9919030936434865; 0,711689654737711; 0,4453140879049897; 0,19293413497507572; 0,6523106722161174; 0,6041318792849779; 0,9103946541436017; 0,9705606796778738; 0,6930440431460738; 0,4102011085487902
-0,047163466053438644; 0,9898455119691789; 0,691595169249922; 0,35205110954120755; 0,14393094088882208; 0,9273818810470402; 0,2489439370110631; 0,39423872996121645; 0,5218226900324225; 0,1812394023872912; 0,7750120181590319
-0,03508289537606535; 0,766284161247313; 0,9446721277199686; 0,9495346290059388; 0,0470596868544817; 0,5671018357388675; 0,8162924768403172; 0,5279251695610583; 0,9162984294816852; 0,09346499387174845; 0,013076455798000097
-0,039245011648696954; 0,7074872693046927; 0,7918212027288973; 0,7176512540318072; 0,4492119923233986; 0,1588980108499527; 0,26634943950921297; 0,2983414912596345; 0,7632459416054189; 0,526845671236515; 0,7192296208813787
-0,04724688073450227; 0,9606761429458857; 0,0892517389729619; 0,4166169511154294; 0,15842829504981637; 0,6644656723365188; 0,45901003293693066; 0,14531776774674654; 0,48019776307046413; 0,015346785075962543; 0,48204566491767764
-0,04518835884314905; 0,7605144931003451; 0,7840722124092281; 0,6410278659313917; 0,8944929195567966; 0,6859301282092929; 0,6270763138309121; 0,8430565320886672; 0,8467951714992523; 0,7493668217211962; 0,3717151889577508
0,003824305314395689; 0,11263768142089248; 0,9706122418865561; 0,9518897519446909; 0,9074320234358311; 0,35448317509144545; 0,4519736347720027; 0,9758251965977252; 0,48330043349415064; 0,855002251919359; 0,05017778556793928
-0,0470360239455266; 0,5386287835426629; 0,2478498350828886; 0,9342102101072669; 0,13139605661854148; 0,7082283054478467; 0,0709753641858697; 0,7484883503057063; 0,5289157819934189; 0,2556992541067302; 0,037587874568998814
-0,04627279359889139; 0,3132103276439011; 0,9365904671140015; 0,009038061834871769; 0,9448744244873524; 0,8340328414924443; 0,09642052371054888; 0,6013744520023465; 0,44790492579340935; 0,7482774839736521; 0,8686385368928313
-0,046218669781928415; 0,8545030090026557; 0,9041966800577939; 0,12828015396371484; 0,029017829336225986; 0,8510455940850079; 0,9607445308938622; 0,3869044645689428; 0,034064252860844135; 0,1277066203765571; 0,3123965500853956
-0,02854824691679535; 0,3033671537414193; 0,5258863219060004; 0,17466355115175247; 0,6681342031806707; 0,6734610581770539; 0,1587168830446899; 0,6974617005325854; 0,3116061696782708; 0,8622492868453264; 0,9702666201628745
-0,04050260405831331; 0,17564500588923693; 0,2820872594602406; 0,4658299353905022; 0,5816324362531304; 0,00035256845876574516; 0,9927990548312664; 0,5471411771140993; 0,21738533955067396; 0,561791586689651; 0,1910208803601563
-0,04566011448815322; 0,2167648058384657; 0,20456237578764558; 0,21134189469739795; 0,1955200955271721; 0,9200427224859595; 0,18172372970730066; 0,8026309893466532; 0,5780849861912429; 0,2771857767365873; 0,2613492268137634
-0,04642069902475189; 0,27858898788690567; 0,2453820677474141; 0,8354807561263442; 0,6571364081464708; 0,3847230249084532; 0,8389861606992781; 0,07190401805564761; 0,4162794132716954; 0,8781408588401973; 0,03324802592396736
-0,04241935452389132; 0,3469741796143353; 0,7263146718032658; 0,2152505456469953; 0,1564630949869752; 0,9159276322461665; 0,17680609319359064; 0,8085448038764298; 0,5314894313924015; 0,7014740514568985; 0,5261976015754044
-0,047016543194988915; 0,6844178764149547; 0,3566284077242017; 0,4671740341000259; 0,3402601471170783; 0,2818300686776638; 0,2991924579255283; 0,9960944363847375; 0,44863564893603325; 0,04529363475739956; 0,9726538667455316
-0,040219958572506306; 0,024851840920746326; 0,7321820869110525; 0,4483902407810092; 0,46070064790546894; 0,5929354024119675; 0,6867036120966077; 0,5649794382043183; 0,4002430709078908; 0,6468099290505052; 0,3353530718013644
-0,04740868942632824; 0,8360598483122885; 0,007953638676553965; 0,047797216568142176; 0,5817078058607876; 0,00905650109052658; 0,28876109002158046; 0,6513373572379351; 0,39444565773010254; 0,9182534795254469; 0,7624502168036997
-0,04764194583802799; 0,5844019865617156; 0,13658061856403947; 0,3627593079581857; 0,8796643675304949; 0,6800425569526851; 0,22999103087931871; 0,534513161983341; 0,8943022321909666; 0,944662350229919; 0,8105946970172226
-0,04723125899435774; 0,9127017590217292; 0,5462789083831012; 0,8142879633232951; 0,024201684165745974; 0,847160579636693; 0,582794260699302; 0,9270975487306714; 0,47787377797067165; 0,3732735584490001; 0,3581596789881587
-0,00877342277280376; 0,02209437172859907; 0,8139016660861671; 0,9693085663020611; 0,12743927584961057; 0,10476814350113273; 0,083604886662215; 0,7823299001902342; 0,09334261668846011; 0,6096662357449532; 0,6926514087244868
0,0013463698032087465; 0,30769174406304955; 0,44711270928382874; 0,46806722693145275; 0,2907271208241582; 0,13609111681580544; 0,9947891943156719; 0,07256952580064535; 0,1889886735007167; 0,6438590022735298; 0,058018156327307224
0,04724182328368775; 0,5139243248850107; 0,7449252139776945; 0,5228196904063225; 0,3511995133012533; 0,36773857614025474; 0,48406170681118965; 0,26199500588700175; 0,35673119174316525; 0,14801517175510526; 0,021758323535323143
-0,04739123361909655; 0,8379875454120338; 0,09753967449069023; 0,11937605915591121; 0,5789229315705597; 0,43954501673579216; 0,669035810045898; 0,8115238449536264; 0,9750142632983625; 0,7204834148287773; 0,23733849357813597
-0,047445007599339374; 0,9491491811349988; 0,8673579590395093; 0,9199385298416018; 0,7767185210250318; 0,9356014560908079; 0,4074926427565515; 0,5411386503838003; 0,9573184861801565; 0,031244296114891768; 0,8976698755286634
-0,04331039205817226; 0,18383252434432507; 0,30430471803992987; 0,7143829981796443; 0,24681454245001078; 0,4233016138896346; 0,09202503459528089; 0,6864206753671169; 0,9070970411412418; 0,43007713416591287; 0,056281520053744316
-0,047101295002863044; 0,4166729315184057; 0,24559665424749255; 0,6099136709235609; 0,8154158843681216; 0,8856213460676372; 0,15140028530731797; 0,6251865942031145; 0,5364996558055282; 0,6656324742361903; 0,6124452166259289
-0,04724384509446272; 0,36255674669519067; 0,08430917328223586; 0,5329676144756377; 0,3662329167127609; 0,5192867494188249; 0,22871092800050974; 0,21275126887485385; 0,38049009442329407; 0,6083474797196686; 0,7735843164846301
-0,04761845506663201; 0,27368469489738345; 0,09492425248026848; 0,40146032394841313; 0,92474708519876; 0,17166608246043324; 0,3335718084126711; 0,00830680038779974; 0,060025086626410484; 0,7124285171739757; 0,7725506527349353
-0,04733572112662051; 0,768607790581882; 0,14088992029428482; 0,6228622482158244; 0,4583373200148344; 0,666484379209578; 0,022524225059896708; 0,021550371777266264; 0,866357799153775; 0,5148221054114401; 0,6524342549964786
-0,04722301880120147; 0,5009653605520725; 0,06482774531468749; 0,7832999597303569; 0,25184019934386015; 0,23091761535033584; 0,93056684685871; 0,08400673000141978; 0,5691871144808829; 0,2546195648610592; 0,3836036906577647
-0,0450947630078467; 0,4846942247822881; 0,36516979010775685; 0,40860018553212285; 0,5843962100334466; 0,30482180370017886; 0,8040147330611944; 0,4604178899899125; 0,21458058059215546; 0,24816287262365222; 0,4228515694849193
-0,04753100617955237; 0,967110700905323; 0,7118611228652298; 0,7047221884131432; 0,8447901015169919; 0,5392244891263545; 0,8490386749617755; 0,1586917545646429; 0,8136758180335164; 0,05646884674206376; 0,011387203354388475
-0,03819077155257516; 0,16522495867684484; 0,5734653323888779; 0,22219511773437262; 0,40807838132604957; 0,13290943298488855; 0,772717556450516; 0,946231170091778; 0,14459271542727947; 0,206065037753433; 0,46816732827574015
-0,03785401516774037; 0,39189933240413666; 0,38054404873400927; 0,3201795597560704; 0,9104753155261278; 0,0649582389742136; 0,16937513556331396; 0,7541168732568622; 0,5551605327054858; 0,5916324770078063; 0,3661311725154519
-0,04724204089482813; 0,951006141025573; 0,5199777670204639; 0,7327910638414323; 0,18956516031175852; 0,4207084449008107; 0,0189727284014225; 0,4949772050604224; 0,4551802556961775; 0,5141813568770885; 0,3653756193816662
-0,03188280346105009; 0,5836842241697013; 0,8325230428017676; 0,3635920947417617; 0,2911254051141441; 0,7372886510565877; 0,408652835059911; 0,5881065321154892; 0,8943536309525371; 0,6819798471406102; 0,17699029576033354
-0,04740458657589374; 0,7932750657200813; 0,5479451683349907; 0,5706600742414594; 0,7809775560162961; 0,6720049325376749; 0,06592283584177494; 0,20666650077328086; 0,5101592633873224; 0,4195256419479847; 0,46913680527359247
0,04661869235456683; 0,05177796818315983; 0,2576450789347291; 0,10367606626823545; 0,6598670738749206; 0,68058748729527; 0,2778171030804515; 0,03425659192726016; 0,7833839179947972; 0,6877858540974557; 0,06101961340755224
-0,022072871312587273; 0,1803371929563582; 0,7265402381308377; 0,6097313389182091; 0,39318977389484644; 0,11853549582883716; 0,32323290687054396; 0,4545564725995064; 0,3183563561178744; 0,5518725095316768; 0,1423805160447955
-0,047241562913602216; 0,7469027531333268; 0,06859180005267262; 0,6263995715416968; 0,11697138100862503; 0,042807748541235924; 0,38588979048654437; 0,12171864602714777; 0,5507088354788721; 0,1766606499440968; 0,014609531965106726
-0,04721248343176713; 0,3571348115801811; 0,05383529746904969; 0,9262485802173615; 0,01882702996954322; 0,21853282721713185; 0,48154160752892494; 0,3877712991088629; 0,9095158274285495; 0,31539513217285275; 0,10080355638638139
-0,04762753132168365; 0,36366133764386177; 0,018279670272022486; 0,7199579775333405; 0,827926192432642; 0,28599288081750274; 0,13378278212621808; 0,8902227464132011; 0,6507559926249087; 0,3475983873941004; 0,5299102067947388
-0,04568694657300192; 0,2835873607546091; 0,3148364722728729; 0,9080432234331965; 0,1818172000348568; 0,6870128898881376; 0,2113874414935708; 0,4493236946873367; 0,0055678291246294975; 0,6865040073171258; 0,45154049480333924
-0,004360113641153202; 0,2182572572492063; 0,31616967637091875; 0,042062786407768726; 0,7213918115012348; 0,4455856401473284; 0,6319132968783379; 0,5592939062044024; 0,3681734586134553; 0,6351331030018628; 0,16545837372541428
-0,04707948166175979; 0,7949794242158532; 0,5681903911754489; 0,9458757350221276; 0,013076862785965204; 0,8403822965919971; 0,879012037999928; 0,2098915409296751; 0,992736310698092; 0,2015282423235476; 0,8913785335607827
-0,043954735800841575; 0,0467803324572742; 0,9200364691205323; 0,384024899918586; 0,050789488945156336; 0,7866394589655101; 0,12166861863806844; 0,030616819858551025; 0,06076875934377313; 0,8068799190223217; 0,9882476287893951
-0,046574601179463195; 0,31079935654997826; 0,20777909504249692; 0,525282918009907; 0,585095964372158; 0,3703011949546635; 0,888033936265856; 0,6363669992424548; 0,4422643478028476; 0,3113341564312577; 0,11423014663159847
-0,047325398304203785; 0,9752113088034093; 0,284368172287941; 0,6032654950395226; 0,4678196902386844; 0,7077709739096463; 0,6211571837775409; 0,4738953039050102; 0,08890102850273252; 0,12916159303858876; 0,6246796972118318
-0,04536636550387876; 0,4368560370057821; 0,4089161171577871; 0,8037941330112517; 0,0428487635217607; 0,7912079533562064; 0,8434958085417747; 0,19265874940901995; 0,9822739497758448; 0,33010021271184087; 0,974492740817368
-0,047292878069653585; 0,34814696619287133; 0,06809582421556115; 0,30914968391880393; 0,45602775644510984; 0,1777446623891592; 0,2865046914666891; 0,14221891248598695; 0,6277228943072259; 0,5370911629870534; 0,013029149733483791
-0,0401185320100655; 0,3982109408825636; 0,3394287866540253; 0,15854882169514894; 0,5211458862759173; 0,4072857890278101; 0,10020488034933805; 0,5217691683210433; 0,31140867667272687; 0,22463395353406668; 0,09839331498369575
0,04658559756653277; 0,03470553085207939; 0,5195818478241563; 0,6927089327946305; 0,1701857941225171; 0,1908251866698265; 0,6865555006079376; 0,7088602213189006; 0,07851884420961142; 0,9195025311782956; 0,33140358282253146
0,02319795478164772; 0,3721135454252362; 0,5194962057285011; 0,29471970349550247; 0,6589027112349868; 0,8751898501068354; 0,5321190883405507; 0,33042085263878107; 0,5711231646127999; 0,0671924902126193; 0,37066649179905653
-0,04658413527791789; 0,7231829320080578; 0,5123455161228776; 0,06104666227474809; 0,3124429387971759; 0,8879699418321252; 0,15686623565852642; 0,12709606578573585; 0,5539198946207762; 0,8791038007475436; 0,5443468913435936
-0,0476844841767853; 0,8761037741787732; 0,0074517433531582355; 0,5271134241484106; 0,8729299996048212; 0,48487572418525815; 0,24352458445355296; 0,24842252302914858; 0,1338567491620779; 0,34997831704095006; 0,8565772618167102
-0,04688298858112389; 0,13222949113696814; 0,1323295645415783; 0,7248262693174183; 0,15022571198642254; 0,7855007275938988; 0,9144362309016287; 0,14028147887438536; 0,6781361754983664; 0,8141230549663305; 0,9752580709755421
-0,03874418017875074; 0,56955795455724; 0,9316898211836815; 0,4281178987585008; 0,7559316507540643; 0,14369394583627582; 0,8260243902914226; 0,46228546369820833; 0,573670701123774; 0,9979589320719242; 0,6240461030974984
-0,01921824581642497; 0,16634323401376605; 0,3498705914244056; 0,4653505911119282; 0,889011777471751; 0,38770325342193246; 0,6990235932171345; 0,8011435740627348; 0,612864688038826; 0,9801423964090645; 0,818791123572737
-0,047356307893502626; 0,6291121607646346; 0,10074659017845988; 0,7164845336228609; 0,5218550385907292; 0,30729848239570856; 0,012055600062012672; 0,9127274164929986; 0,684121813159436; 0,7205801424570382; 0,044084162916988134
-0,04724886946540373; 0,6494785123504698; 0,1094684018753469; 0,10918511915951967; 0,34846696350723505; 0,8720234334468842; 0,9528526845388114; 0,46058024652302265; 0,5200424455106258; 0,735489709302783; 0,24657590128481388
-0,02128769823519819; 0,056460519321262836; 0,5307494350709021; 0,44946148339658976; 0,6918150158599019; 0,11846417561173439; 0,3808227367699146; 0,42280875565484166; 0,04319767840206623; 0,5333119374699891; 0,02242462569847703
-0,0437315132782404; 0,5060355695895851; 0,9490045136772096; 0,2648306959308684; 0,669576448854059; 0,46629894711077213; 0,04099137708544731; 0,09044909942895174; 0,9659852185286582; 0,4820747645571828; 0,5103694051504135
-0,04734954642025142; 0,6632505981251597; 0,036443620920181274; 0,22289784206077456; 0,5257612648420036; 0,4725560382939875; 0,8279227898456156; 0,5823215316049755; 0,81881551630795; 0,38529664231464267; 0,1442512716166675
-0,04706083022282239; 0,1631388538517058; 0,09091839892789721; 0,38659040350466967; 0,1656219963915646; 0,09438202576711774; 0,23498342279344797; 0,8856761832721531; 0,9703113329596817; 0,6650601639412344; 0,662495736964047
-0,04706236139026855; 0,5916751157492399; 0,36429058155044913; 0,9870937601663172; 0,6204953962005675; 0,7846440328285098; 0,5195016050711274; 0,9073520293459296; 0,6933907358907163; 0,5393788488581777; 0,9996805032715201
-0,013026847980833001; 0,34297796431928873; 0,9633732149377465; 0,8496004473417997; 0,49337817821651697; 0,2598375487141311; 0,28547131875529885; 0,41443111235275865; 0,39102371875196695; 0,012893352191895247; 0,9359677080065012
-0,04043195753473357; 0,2711570058017969; 0,9445583447813988; 0,5788993453606963; 0,6493111490271986; 0,7114187334664166; 0,19847643049433827; 0,19541792012751102; 0,36854064418002963; 0,0791539209894836; 0,36345898266881704
-0,045250615889772125; 0,3449309756979346; 0,7651541731320322; 0,8002654821611941; 0,8046176340430975; 0,9987574587576091; 0,20953352190554142; 0,03842840436846018; 0,1187362028285861; 0,5851458827964962; 0,7487313714809716
-0,04569365795678983; 0,020719942171126604; 0,1910750064998865; 0,7662005731835961; 0,11547235958278179; 0,4633726803585887; 0,0791328540071845; 0,9855093602091074; 0,6147667169570923; 0,08899866556748748; 0,0777810881845653
-0,047220638736877645; 0,7410670584067702; 0,17017262801527977; 0,47223284654319286; 0,13240915443748236; 0,16325191734358668; 0,502043517306447; 0,8563344106078148; 0,8372756564058363; 0,6597742731682956; 0,02601142367348075
-0,032069620058831884; 0,09896607883274555; 0,4491875790990889; 0,9228459103032947; 0,6862612632103264; 0,0975129809230566; 0,5165758077055216; 0,5824227635748684; 0,3003824991174042; 0,8764285766519606; 0,5914734243415296
-0,04704768166891616; 0,8102890662848949; 0,672248363494873; 0,6277620657347143; 0,38070555264130235; 0,8377804341726005; 0,725822327658534; 0,6891623856499791; 0,49825005419552326; 0,4331003874540329; 0,6728073577396572
-0,04610268533240439; 0,48082737578079104; 0,42983555886894464; 0,9846760439686477; 0,7215671893209219; 0,49386341869831085; 0,3629116481170058; 0,23926930967718363; 0,2558762850239873; 0,3177204765379429; 0,19891279935836792
-0,04208093188638409; 0,037465235218405724; 0,25590064469724894; 0,6259214812889695; 0,7974085249006748; 0,4983573774807155; 0,16750737186521292; 0,40822831680998206; 0,702154565602541; 0,4346260647289455; 0,2914497125893831
0,01487469863321974; 0,18086967850103974; 0,6212680535390973; 0,9257880290970206; 0,2720254003070295; 0,0015691407024860382; 0,7726354757323861; 0,166631031781435; 0,46072489907965064; 0,25800526794046164; 0,8666336107999086
-0,04718577241162099; 0,7060138559900224; 0,3169421195052564; 0,4613081282004714; 0,4662164682522416; 0,15693763503804803; 0,37776063894852996; 0,8292258656583726; 0,42618008237332106; 0,1755871595814824; 0,9213688164018095
-0,010430862916613444; 0,4967055465094745; 0,7639821069315076; 0,46063840109854937; 0,41288441698998213; 0,341383452527225; 0,21177930384874344; 0,13235734915360808; 0,8709610877558589; 0,6869608145207167; 0,12985187955200672
-0,03171118979074999; 0,06912197964265943; 0,4582588202320039; 0,24819416087120771; 0,9441344914957881; 0,43479126365855336; 0,5954798418097198; 0,9206881620921195; 0,5469585498794913; 0,5683629000559449; 0,5080048344098032
-0,047212760873935215; 0,9688368933275342; 0,3688182793557644; 0,8071836237795651; 0,162589977029711; 0,991237691603601; 0,9545301073230803; 0,15475075040012598; 0,9537651059217751; 0,027788775507360697; 0,07415373018011451
-0,04724121450664575; 0,8451277096755803; 0,38796248845756054; 0,5505482633598149; 0,25850040232762694; 0,28192592645063996; 0,6543162511661649; 0,6821567667648196; 0,5197585844434798; 0,6812977558001876; 0,013395227491855621
-0,047455035873822375; 0,6365866106934845; 0,3173205815255642; 0,6974613172933459; 0,8690435294993222; 0,7741422709077597; 0,2881493135355413; 0,6094613596796989; 0,5565096028149128; 0,220428881701082; 0,3202042975462973
-0,04717169384388721; 0,8751702820882201; 0,8321497971192002; 0,6097117075696588; 0,03999373782426119; 0,6983873709104955; 0,3437872896902263; 0,4558232822455466; 0,5911176833324134; 0,40811416879296303; 0,13963565230369568
-0,044952517753576685; 0,8137315418571234; 0,8668094761669636; 0,39637275552377105; 0,743428785353899; 0,9178889519535005; 0,05943918228149414; 0,6858742642216384; 0,6063558952882886; 0,6556028686463833; 0,07065757410600781
0,04106281600717371; 0,0864646160043776; 0,3644417580217123; 0,3365088305436075; 0,9433295419439673; 0,9492578511126339; 0,8047388019040227; 0,6985022951848805; 0,7029697406105697; 0,33424042584374547; 0,5024866554886103
-0,046275224518070826; 0,7269050339236856; 0,6500192903913558; 0,45352788316085935; 0,8851130823604763; 0,918444371316582; 0,44024437852203846; 0,8406468727625906; 0,511170485522598; 0,5685688024386764; 0,4962231661193073
-0,02600009116822816; 0,05223864456638694; 0,43525422597303987; 0,5735153560526669; 0,6845197631046176; 0,3732060636393726; 0,3378617106936872; 0,29507534857839346; 0,005913469474762678; 0,05250421864911914; 0,6660066237673163
-0,03133473838899635; 0,6937303245067596; 0,6732538803480566; 0,15607206709682941; 0,4633466158993542; 0,015781841706484556; 0,483409789390862; 0,9962142598815262; 0,39870688365772367; 0,19322280026972294; 0,30948113929480314
-0,04659697166149458; 0,5579139394685626; 0,39095838414505124; 0,924050041474402; 0,449553735088557; 0,4034222816117108; 0,6770565882325172; 0,20356544945389032; 0,9080416029319167; 0,7308345693163574; 0,5461528431624174
-0,04712781825484332; 0,3513593808747828; 0,10772827686741948; 0,11835301062092185; 0,0662191272713244; 0,864451281260699; 0,40538229793310165; 0,10507397633045912; 0,5878348588012159; 0,18710453296080232; 0,4430679427459836
-0,04660833547258607; 0,3580212714150548; 0,18525244621559978; 0,1923310635611415; 0,15018482320010662; 0,2810922362841666; 0,05251380009576678; 0,8487350805662572; 0,420402561314404; 0,506985199637711; 0,0015187356621026993
-0,047461313610206564; 0,9232151135802269; 0,4818642954342067; 0,7035614494234324; 0,6606811308301985; 0,9833419686183333; 0,3590855114161968; 0,044711708556860685; 0,6947362823411822; 0,656669536139816; 0,6093153995461762
-0,03711266803257655; 0,007253608200699091; 0,3770158626139164; 0,07070448435842991; 0,41159288212656975; 0,7017310443334281; 0,951237631496042; 0,17872976465150714; 0,7039005421102047; 0,13736906182020903; 0,9454150646924973
-0,041947611562363506; 0,8407794581726193; 0,9559127278625965; 0,5120951728895307; 0,2700178208760917; 0,4747877442277968; 0,22238980792462826; 0,49967811116948724; 0,7708358005620539; 0,8769308016635478; 0,6741083199158311
-0,03400320999230433; 0,5211873562075198; 0,9204496373422444; 0,9981064321473241; 0,7530661439523101; 0,12505696853622794; 0,8708062251098454; 0,24499407690018415; 0,7204986861906946; 0,5217721061781049; 0,19740867521613836
-0,04591014225623497; 0,702317516785115; 0,6182486363686621; 0,5512472419068217; 0,9572822405025363; 0,11946526262909174; 0,6766003011725843; 0,8320634453557432; 0,6365310829132795; 0,0933590391650796; 0,0887528513558209
-0,04421563338767118; 0,8227279256097972; 0,9249485298059881; 0,7814607829786837; 0,10708511061966419; 0,22936342796310782; 0,6160196387208998; 0,2328325747512281; 0,43687979551032186; 0,9085713140666485; 0,9359320136718452
-0,030485803289155445; 0,014590486884117126; 0,8375851991586387; 0,9954195958562195; 0,8457159125246108; 0,23146035708487034; 0,7011225977912545; 0,8213490229099989; 0,05336414184421301; 0,19223760720342398; 0,39144792268052697
-0,03480915765499074; 0,6634027380496264; 0,9300512769259512; 0,42379150865599513; 0,6560333529487252; 0,660930048674345; 0,9718710617162287; 0,47260933462530375; 0,3176072430796921; 0,4255549004301429; 0,9451429848559201
-0,04680506074969247; 0,4333580182865262; 0,2937069972977042; 0,685409571044147; 0,9763959320262074; 0,07628819020465016; 0,8533020759932697; 0,8010415127500892; 0,6098477910272777; 0,6964967772364616; 0,9745502709411085
-0,011654365615013384; 0,7357742697931826; 0,8429922019131482; 0,03409545263275504; 0,06978158047422767; 0,43935490492731333; 0,8344824421219528; 0,05504751717671752; 0,963255254086107; 0,2961990348994732; 0,6035585217177868
-0,034253338575267876; 0,15977691812440753; 0,3791932985186577; 0,7131153792142868; 0,2304266053251922; 0,1643858989700675; 0,8654722459614277; 0,1214055479504168; 0,8002487630583346; 0,3116213483735919; 0,9311282974667847
-0,015296732693054855; 0,326393305324018; 0,4634597962722182; 0,04411282716318965; 0,09151061810553074; 0,19073320040479302; 0,4228917770087719; 0,18956928607076406; 0,30662929080426693; 0,8755445014685392; 0,59396020649001
-0,047199417685922715; 0,5835099252872169; 0,13142460444942117; 0,8633153196424246; 0,1671837642788887; 0,7245819526724517; 0,6934383437037468; 0,4866809663362801; 0,19683859078213573; 0,479698623996228; 0,8856109962798655
-0,043155740610074024; 0,15273663774132729; 0,20879653422161937; 0,13506649248301983; 0,4816077738068998; 0,5674638971686363; 0,21915179630741477; 0,52555917436257; 0,6631284449249506; 0,07713759690523148; 0,9761924268677831
-0,03289021124795897; 0,1520394440740347; 0,600952678360045; 0,44091413635760546; 0,7032118150964379; 0,9525747490115464; 0,6645122701302171; 0,15506655257195234; 0,7447856026701629; 0,577625872567296; 0,8253910425119102
-0,039371872170861306; 0,40531556168571115; 0,5454611536115408; 0,8838789421133697; 0,33646671706810594; 0,15045748045668006; 0,7150085847824812; 0,482867413200438; 0,22477100091055036; 0,238379024900496; 0,8653261475265026
-0,047215565108683126; 0,30905347829684615; 0,13776738569140434; 0,17602064926177263; 0,7557629286311567; 0,4955766606144607; 0,4700569799169898; 0,1583435577340424; 0,14287915639579296; 0,6646562311798334; 0,498502095695585
-0,041545964330581976; 0,12044281186535954; 0,6530217402614653; 0,23386744735762477; 0,6659055887721479; 0,119649319909513; 0,8564310884103179; 0,08122237585484982; 0,4709635893814266; 0,42418825766071677; 0,30471725575625896
-0,04519263626302534; 0,048384166322648525; 0,9904360878281295; 0,1722837802954018; 0,42876081028953195; 0,46298507414758205; 0,8842483866028488; 0,10130638163536787; 0,4355205367319286; 0,16106567345559597; 0,22910272935405374
-0,04353488600912367; 0,35768693406134844; 0,7744549023918808; 0,1962906806729734; 0,2309721251949668; 0,9163705301471055; 0,2243581977672875; 0,04205494048073888; 0,21169720077887177; 0,40583186876028776; 0,13478934625163674
-0,016078373136733944; 0,03334092814475298; 0,6925928494893014; 0,94600003445521; 0,866907300427556; 0,6097952066920698; 0,2640339583158493; 0,8450883640907705; 0,4065339504741132; 0,15634702006354928; 0,8387683480978012
-0,04710916566969741; 0,6962260357104242; 0,30875674542039633; 0,3312353668734431; 0,3057679869234562; 0,14021918922662735; 0,22072524158284068; 0,19913785997778177; 0,291881644167006; 0,2594065638259053; 0,44241939205676317
-0,04732028735976378; 0,5929043837822974; 0,10534599935635924; 0,10208081686869264; 0,4694289485923946; 0,6662747235968709; 0,05625870544463396; 0,10909849125891924; 0,0006804373115301132; 0,1768595245666802; 0,08145826822146773
-0,04766341638706344; 0,3760525491088629; 0,018342218827456236; 0,1161973774433136; 0,8562860493548214; 0,6166994287632406; 0,03657314321026206; 0,9292391054332256; 0,6020596656017005; 0,024435638915747404; 0,9108582944609225
-0,022982305169407777; 0,06585748912766576; 0,5577758927829564; 0,5147991245612502; 0,10711854230612516; 0,9181243353523314; 0,2115558977238834; 0,9772554128430784; 0,5070450268685818; 0,2302166149020195; 0,2832350255921483
-0,04725274869857542; 0,8494741530157626; 0,20619736379012465; 0,4556907839141786; 0,17498234659433365; 0,30380627885460854; 0,19819614058360457; 0,023757338523864746; 0,4669740661047399; 0,042193835601210594; 0,8691269448027015
-0,04565306736017607; 0,49405594263225794; 0,3290518447756767; 0,21548590250313282; 0,06885373080149293; 0,7419121731072664; 0,049065420404076576; 0,419652902521193; 0,47637801384553313; 0,6656813966110349; 0,8554080864414573
-0,04769166964220507; 0,759534327313304; 0,1450673770159483; 0,8729105107486248; 0,8964843759313226; 0,6252422840334475; 0,6094532310962677; 0,9827321544289589; 0,12478512292727828; 0,7506094505079091; 0,4592881961725652
-0,04214698414384649; 0,1755930781364441; 0,7373877880163491; 0,264068940654397; 0,6588314333930612; 0,10039096930995584; 0,5603111451491714; 0,11456764442846179; 0,9900896539911628; 0,486360564827919; 0,46706167608499527
-0,04710043325527106; 0,7814149227924645; 0,5045603169128299; 0,9249180052429438; 0,06833543116226792; 0,5609941352158785; 0,3497793027199805; 0,5583884040825069; 0,4262166889384389; 0,03360605612397194; 0,0352558852173388
-0,04140976870592196; 0,07703352672979236; 0,6031210543587804; 0,2554801404476166; 0,48975183814764023; 0,6788425059057772; 0,023991186637431383; 0,4925407883711159; 0,004061456769704819; 0,9094461658969522; 0,803161402232945
0,0007474658562945175; 0,040809415746480227; 0,357292381580919; 0,22442016238346696; 0,1683461470529437; 0,6994669288396835; 0,3304926692508161; 0,9394754297100008; 0,11978854611515999; 0,18196439882740378; 0,6360594723373652
-0,04734187397958424; 0,34813174651935697; 0,08317256113514304; 0,5765487924218178; 0,5901131294667721; 0,21830553747713566; 0,45915312645956874; 0,1400236813351512; 0,2262076511979103; 0,10086233401671052; 0,20723839104175568
-0,04712238118759512; 0,8263877988792956; 0,6872501345351338; 0,1498716133646667; 0,49444558983668685; 0,8615054953843355; 0,05579445185139775; 0,7783160638064146; 0,15500810090452433; 0,6498271538875997; 0,9219518760219216
-0,04722623709459139; 0,8428587028756738; 0,5189722562208772; 0,9781875968910754; 0,2456949488259852; 0,7673224108293653; 0,6055821478366852; 0,2100736596621573; 0,14787701610475779; 0,601188441272825; 0,21955028269439936
-0,041998766628670005; 0,2183337570168078; 0,7886526971124113; 0,4150822162628174; 0,9432551632635295; 0,8839643751271069; 0,009454114362597466; 0,4959337189793587; 0,2808887199498713; 0,9997648242861032; 0,6304966495372355
-0,04763314350362116; 0,45053684432059526; 0,4655561833642423; 0,04721331503242254; 0,9230573135428131; 0,17903127195313573; 0,1816092017106712; 0,5763163096271455; 0,08052042918279767; 0,6218370227143168; 0,3712615156546235
-0,044412702850313866; 0,5307923974469304; 0,45471996208652854; 0,4333934374153614; 0,39852833468466997; 0,9390512784011662; 0,7539894352667034; 0,2224920205771923; 0,441998602822423; 0,6750404061749578; 0,276311706751585
-0,04764926942854709; 0,8407875248230994; 0,5656246892176569; 0,27443682588636875; 0,8855131743475795; 0,8573548179119825; 0,1737827337346971; 0,3813276393339038; 0,022054630797356367; 0,011942466720938683; 0,7793647032231092
-0,030922047614843642; 0,32054942566901445; 0,48632793594151735; 0,044158841017633677; 0,9321635537780821; 0,752752679400146; 0,26438306691125035; 0,15412350790575147; 0,8554703486151993; 0,722253916785121; 0,5610798140987754
-0,044668053810008344; 0,05198669992387295; 0,8408583346754313; 0,2587573882192373; 0,8532430487684906; 0,6809801147319376; 0,4149944419041276; 0,7765090218745172; 0,4222941962070763; 0,4022190822288394; 0,893849247135222
-0,04473640695616051; 0,40933603467419744; 0,8696445263922215; 0,028043574653565884; 0,4763038419187069; 0,253488477319479; 0,588432400021702; 0,9924227925948799; 0,9941761908121407; 0,6092113582417369; 0,06578903459012508
-0,04384127501575691; 0,5781520805321634; 0,4718336835503578; 0,2860545557923615; 0,895127035677433; 0,49436105135828257; 0,34303458081558347; 0,783397370018065; 0,08270182413980365; 0,09462914150208235; 0,7768178442493081
-0,047602120393930525; 0,4147234782576561; 0,12830778770148754; 0,9564482611604035; 0,8687862688675523; 0,9334724005311728; 0,03902946226298809; 0,19638149766251445; 0,6660395571961999; 0,5164785385131836; 0,38477356219664216
0,008834935472394051; 0,3816342228092253; 0,7738242018967867; 0,9905553446151316; 0,6068484610877931; 0,42238447070121765; 0,37711899587884545; 0,2072425428777933; 0,4892884576693177; 0,10583993373438716; 0,17703264020383358
-0,04726509683886563; 0,4639199380762875; 0,10933177825063467; 0,7642770963720977; 0,49753138422966003; 0,07556283753365278; 0,8789285086095333; 0,11754372110590339; 0,56829345645383; 0,2587911053560674; 0,6562570058740675
-0,015724844206431197; 0,05250337813049555; 0,25085115572437644; 0,012306232936680317; 0,6567541132681072; 0,1376717616803944; 0,8621825859881938; 0,9165764208883047; 0,2945753135718405; 0,6020601540803909; 0,9728992767632008
-0,046067982153305854; 0,2046405617147684; 0,20810376619920135; 0,6643405337817967; 0,1755546247586608; 0,00848047249019146; 0,016177643556147814; 0,2491593873128295; 0,6081975242123008; 0,7771128984168172; 0,8879372696392238
-0,04455644296623282; 0,6043912102468312; 0,5886133154854178; 0,8394789625890553; 0,2924892478622496; 0,10167488548904657; 0,9634023169055581; 0,3764786096289754; 0,18488236889243126; 0,057127021718770266; 0,9551171576604247
-0,04718750815215679; 0,5769444699399173; 0,12478155130520463; 0,9359874962829053; 0,056768843438476324; 0,03203835152089596; 0,6021879711188376; 0,5732346381992102; 0,8682149345986545; 0,29576525185257196; 0,5886099906638265
-0,04723666683688674; 0,9705315958708525; 0,23572641145437956; 0,7976442291401327; 0,13411500677466393; 0,48996347188949585; 0,5206489376723766; 0,8531518443487585; 0,3216319768689573; 0,3703152132220566; 0,576978356577456
-0,029152805594570983; 0,03128040861338377; 0,9081903253681958; 0,8138485224917531; 0,8908367156982422; 0,8905440685339272; 0,9487077123485506; 0,8811974432319403; 0,4182275556959212; 0,36446681432425976; 0,3535807626321912
-0,016758983045497756; 0,04486279049888253; 0,9030785243958235; 0,8432402359321713; 0,6797606567852199; 0,2718424694612622; 0,1366360168904066; 0,006773115135729313; 0,5329231820069253; 0,46377994678914547; 0,5006322944536805
-0,04265294280511966; 0,368591898586601; 0,7301980508491397; 0,12381016463041306; 0,8352354993112385; 0,4198750271461904; 0,6378343193791807; 0,1771803298033774; 0,46147880237549543; 0,9790576435625553; 0,06592171220108867
-0,047348188265709606; 0,8781434651464224; 0,5519547509029508; 0,4185401890426874; 0,48098986130207777; 0,919556733686477; 0,0060792420990765095; 0,25175141729414463; 0,16425498854368925; 0,5048979739658535; 0,9491328475996852
-0,040996216824974396; 0,14602154400199652; 0,42103128135204315; 0,9296268168836832; 0,8039576197043061; 0,8937730584293604; 0,7912393370643258; 0,7746586035937071; 0,5414057886227965; 0,11615348793566227; 0,6397601556964219
-0,047572870849670996; 0,8980239229276776; 0,6394900837913156; 0,37140908231958747; 0,7767366217449307; 0,02277599973604083; 0,04523406131193042; 0,9420419372618198; 0,9620100087486207; 0,34028583485633135; 0,9982365993782878
-0,027693830836210832; 0,25904993806034327; 0,5258619040250778; 0,2185889328829944; 0,6664683972485363; 0,37793105375021696; 0,06728272652253509; 0,5541617753915489; 0,7906166040338576; 0,6658135270699859; 0,44176739547401667
-0,033025403432892904; 0,06625348748639226; 0,9598540696315467; 0,7851062277331948; 0,02147324848920107; 0,7299378821626306; 0,5378406862728298; 0,6434401399455965; 0,35185206308960915; 0,0358975981362164; 0,9961440949700773
-0,04694581975426298; 0,5944493259303272; 0,33255766704678535; 0,84841049881652; 0,23709582118317485; 0,7960932706482708; 0,5482024298980832; 0,8682318818755448; 0,43809091532602906; 0,8647714834660292; 0,906134522985667
-0,012715330230971404; 0,10863264324143529; 0,36870540119707584; 0,5570844681933522; 0,6687806635163724; 0,7942187995649874; 0,557226010132581; 0,9138023974373937; 0,9158394732512534; 0,6836437289603055; 0,07788569014519453
0,0021806374080503804; 0,5473828357644379; 0,7723624762147665; 0,4384129927493632; 0,8782149702310562; 0,399247620254755; 0,4370964770205319; 0,757249265909195; 0,7067716289311647; 0,48306207777932286; 0,2246065274812281
-0,012217890744449088; 0,1251477305777371; 0,8858353174291551; 0,839802598580718; 0,06549891736358404; 0,49152042530477047; 0,6799922133795917; 0,5732241813093424; 0,6485141315497458; 0,47381876269355416; 0,2878395700827241
-0,04540472937668605; 0,1796028558164835; 0,6342170033603907; 0,7322684316895902; 0,5516418567858636; 0,4477997967042029; 0,19482835289090872; 0,14081347128376365; 0,4152605994604528; 0,005988371558487415; 0,19704031851142645
-0,033693385013303774; 0,456721059512347; 0,4164634458720684; 0,1639181082136929; 0,5737911225296557; 0,7324069296009839; 0,22918127570301294; 0,650583001319319; 0,16477262414991856; 0,4071186170913279; 0,05485603353008628
-0,047050605102224745; 0,7992182387970388; 0,5728474082425237; 0,23569209268316627; 0,41539156809449196; 0,4151387205347419; 0,7823263108730316; 0,27769749192520976; 0,5791337280534208; 0,7945113005116582; 0,21709715202450752
-0,04720428984260583; 0,7814438757486641; 0,2972274567000568; 0,6842727507464588; 0,01751295616850257; 0,6620955313555896; 0,36457951506599784; 0,56360440608114; 0,2861227374523878; 0,09638181468471885; 0,9244177304208279
-0,035231171198571894; 0,24699879996478558; 0,5507875494658947; 0,9648939883336425; 0,18121236143633723; 0,7938977205194533; 0,2734296740964055; 0,6612498452886939; 0,5952484691515565; 0,7050575059838593; 0,04239600617438555
-0,04737957069324912; 0,6184406634420156; 0,08631732361391187; 0,3362998077645898; 0,5610818499699235; 0,5038247648626566; 0,31275125592947006; 0,73083689622581; 0,17712213471531868; 0,4755812273360789; 0,6710092932917178
-0,047248937729141134; 0,8150432840920985; 0,2593022654764354; 0,7768222559243441; 0,3421268672682345; 0,6982303219847381; 0,9902523728087544; 0,8315855930559337; 0,1857790146023035; 0,3934957976453006; 0,568945650011301
-0,04724815914229892; 0,3237151503562927; 0,022256464697420597; 0,502272195648402; 0,14039349183440208; 0,5291012786328793; 0,09223900036886334; 0,18907346343621612; 0,5846713166683912; 0,5418029171414673; 0,4807463618926704
-0,02571609881466227; 0,45140296686440706; 0,5584758128970861; 0,599991506896913; 0,448940746486187; 0,4736449224874377; 0,210427513346076; 0,39182660449296236; 0,47071303287521005; 0,030854920856654644; 0,775009682867676
-0,04720565539100269; 0,842845774255693; 0,6641903016716242; 0,6094392384402454; 0,39007563795894384; 0,5664295270107687; 0,47219453332945704; 0,7693766821175814; 0,470395770855248; 0,8975138235837221; 0,569252644199878
-0,04702861740342193; 0,9836887088604271; 0,8643465950153768; 0,13578059151768684; 0,400044709444046; 0,023287842515856028; 0,9640518394298851; 0,7543165381066501; 0,9257089216262102; 0,3483925675973296; 0,8111248016357422
-0,043424890666941676; 0,8464781995862722; 0,9352300772443414; 0,20523995626717806; 0,8312983745709062; 0,6071648257784545; 0,17716467985883355; 0,2984737525694072; 0,9015996265225112; 0,02137972740456462; 0,9904091656208038
-0,04719239022584689; 0,9682179447263479; 0,4074749066494405; 0,6436674944125116; 0,012909649405628443; 0,11134695494547486; 0,9650732600130141; 0,4119131062179804; 0,10183359077200294; 0,056073361076414585; 0,5060855741612613
-0,04329039262024575; 0,44172355625778437; 0,8933106334879994; 0,2368928762152791; 0,7941149910911918; 0,11261777440086007; 0,4689291687682271; 0,4245225568301976; 0,994154897518456; 0,28041585022583604; 0,3868487090803683
0,013774838653315582; 0,38941395515576005; 0,6042801304720342; 0,5893010715954006; 0,6945974552072585; 0,3382458258420229; 0,36714219814166427; 0,16085943765938282; 0,06585206557065248; 0,9867271184921265; 0,2887790692038834
0,03963064574067554; 0,06723893852904439; 0,8645357671193779; 0,9446640466339886; 0,8261247775517404; 0,4667715150862932; 0,2299017566256225; 0,40363427391275764; 0,3215782647021115; 0,8402864239178598; 0,23268121387809515
-0,04751406757038739; 0,971141176763922; 0,23699359549209476; 0,010240692179650068; 0,7471387381665409; 0,638423902913928; 0,7588143958710134; 0,21959580900147557; 0,6413627341389656; 0,47846224159002304; 0,7098731808364391
-0,047678519106842225; 0,21284023905172944; 0,06499028857797384; 0,555708521977067; 0,9155445205979049; 0,2240461208857596; 0,18874971754848957; 0,6592619721777737; 0,29404079262167215; 0,6691573187708855; 0,08430581679567695
-0,044242041166547875; 0,5897145052440464; 0,9366415720432997; 0,16566741559654474; 0,5928684207610786; 0,7349599753506482; 0,433045641053468; 0,05331507744267583; 0,6642196699976921; 0,14478562120348215; 0,6713994294404984
-0,04645546337973102; 0,590080987662077; 0,4320468595251441; 0,806508332490921; 0,38502233335748315; 0,5315797748044133; 0,19846461433917284; 0,2789470087736845; 0,6349371699616313; 0,5249008433893323; 0,7511381264775991
-0,04764837724067512; 0,8114874646998942; 0,20406489772722125; 0,30147849256172776; 0,8487406149506569; 0,9804058982990682; 0,1400192636065185; 0,009201719891279936; 0,8885646918788552; 0,7760450830683112; 0,15613302448764443
-0,04722906041592507; 0,9848714023828506; 0,8464808966964483; 0,2874501459300518; 0,6723715653643012; 0,334876399487257; 0,10743831982836127; 0,8760677841491997; 0,2875211192294955; 0,8087644935585558; 0,8594696964137256
-0,042269872485510826; 0,07568282773718238; 0,548890067730099; 0,107871163636446; 0,9680665638297796; 0,10536472639068961; 0,7135038068518043; 0,27850315161049366; 0,1615063725039363; 0,9766378249041736; 0,05128361564129591
-0,045190159282685924; 0,08471309253945947; 0,9991356264799833; 0,13432522863149643; 0,16082632075995207; 0,26515936898067594; 0,5242152726277709; 0,7361099328845739; 0,7905794200487435; 0,512363288551569; 0,57738883420825
-0,04634940471873679; 0,6331393350847065; 0,4527974375523627; 0,6288889185525477; 0,30012979079037905; 0,2678577206097543; 0,3871486163698137; 0,20454774098470807; 0,8246509176678956; 0,022684977389872074; 0,5275796689093113
-0,006445765270176297; 0,3569791014306247; 0,4174133692868054; 0,1018601250834763; 0,8996722674928606; 0,6665862370282412; 0,11369060445576906; 0,6036048056557775; 0,9801597464829683; 0,4839636664837599; 0,6901084263809025
0,015351348913197125; 0,02091744402423501; 0,640259915497154; 0,9415511284023523; 0,09310300834476948; 0,7719580382108688; 0,1523961848579347; 0,6104379743337631; 0,15578251145780087; 0,10580038605257869; 0,15367280784994364
-0,0328873378929045; 0,5934714912436903; 0,7296003620140254; 0,049730338621884584; 0,5770969931036234; 0,4113776362501085; 0,9165602559223771; 0,24914757208898664; 0,285240073222667; 0,6324429358355701; 0,34070268040522933
-0,04473085079703458; 0,1625317931175232; 0,2931930753402412; 0,8292746185325086; 0,25277497665956616; 0,705607941839844; 0,5392894153483212; 0,017341211903840303; 0,9171259035356343; 0,2931815702468157; 0,7110577905550599
-0,016345088203930297; 0,19229363230988383; 0,6104298438876867; 0,7264438816346228; 0,18908656807616353; 0,81841562082991; 0,39638109086081386; 0,1102052335627377; 0,07250349875539541; 0,8739923061802983; 0,44801551988348365
-0,04728511953723138; 0,8647487186826766; 0,7000651387497783; 0,5120722972787917; 0,47443716833367944; 0,6432021562941372; 0,677110553253442; 0,5904252137988806; 0,29383164644241333; 0,661618534475565; 0,7419038540683687
-0,013767618682499195; 0,10434681363403797; 0,5836415183730423; 0,7608809010125697; 0,0809833137318492; 0,7399324872530997; 0,3940773163922131; 0,9339730222709477; 0,1327187712304294; 0,9919498590752482; 0,5445367470383644
-0,047069796793219376; 0,6349921906366944; 0,2979090288281441; 0,20174364186823368; 0,5602388228289783; 0,359256777446717; 0,03431398142129183; 0,06910065468400717; 0,7518252828158438; 0,3479373217560351; 0,09369741380214691
-0,04508768307693486; 0,5097322366200387; 0,9943808605894446; 0,20720604341477156; 0,7750614508986473; 0,664139331318438; 0,16006841650232673; 0,27434735745191574; 0,8229963877238333; 0,3139740419574082; 0,6623625284992158
-0,044966577162602404; 0,19615353737026453; 0,6174947386607528; 0,7966714515350759; 0,9022025112062693; 0,4286094782873988; 0,3262742841616273; 0,048379885498434305; 0,3679851181805134; 0,9761353065259755; 0,6238669408485293
-0,044485216318559354; 0,5281066070310771; 0,479846085421741; 0,6364430049434304; 0,5687466361559927; 0,5950408298522234; 0,3546680654399097; 0,5879805046133697; 0,8019914710894227; 0,9448720132932067; 0,9613584969192743
-0,04556453199126491; 0,3094559065066278; 0,9736513579264283; 0,06744599714875221; 0,2335884436033666; 0,6932883318513632; 0,2517643580213189; 0,4420057381503284; 0,1569417784921825; 0,26167777786031365; 0,6224919706583023
-0,047231809584369205; 0,8338987035676837; 0,592367394361645; 0,24396755266934633; 0,48631694726645947; 0,4769004788249731; 0,773714188951999; 0,3622896997258067; 0,8570246635936201; 0,06460846681147814; 0,2807557890191674
-0,04775371182454621; 0,8901431313715875; 0,08908717567101121; 0,34161744453012943; 0,9256067569367588; 0,05335680674761534; 0,41145955957472324; 0,6219883016310632; 0,839927967172116; 0,6160264629870653; 0,36883220029994845
0,00483096958282368; 0,07854895014315844; 0,9326512916013598; 0,9266883926466107; 0,9261984648182988; 0,15062503749504685; 0,848925078753382; 0,9365891679190099; 0,8489533951506019; 0,521001610904932; 0,7706367447972298
-0,033809036433974704; 0,03209729120135307; 0,4687501583248377; 0,9961446458473802; 0,47004558658227324; 0,800518895033747; 0,7051334446296096; 0,3194932406768203; 0,5586420991457999; 0,2075839783065021; 0,6135099395178258
-0,04782617677192136; 0,6240207450464368; 0,036924388725310564; 0,11149249458685517; 0,9669305197894573; 0,5927815078757703; 0,0005906587466597557; 0,296074369456619; 0,9800332589074969; 0,40837133675813675; 0,360181150957942
0,025838292825060026; 0,2923239725641906; 0,6698444215580821; 0,6091350177302957; 0,3812533221207559; 0,5247834781184793; 0,9813646706752479; 0,8905823100358248; 0,297872394323349; 0,046641817316412926; 0,14594956813380122
-0,04080621363603499; 0,18051001382991672; 0,40964045468717813; 0,9028038270771503; 0,1449507991783321; 0,6428892062976956; 0,2353540025651455; 0,16599279968068004; 0,8298000730574131; 0,8277388983406126; 0,936953033786267
-0,017623298336723183; 0,19318755948916078; 0,5453439396806061; 0,4259213674813509; 0,3901454992592335; 0,9645374813117087; 0,6266818856820464; 0,5164354420267045; 0,8834269759245217; 0,2930814251303673; 0,603303343988955
-0,04729980553986827; 0,7130810953676701; 0,0905414610169828; 0,40347178280353546; 0,42390734562650323; 0,7226653024554253; 0,7640825468115509; 0,9162787906825542; 0,6869191285222769; 0,07366866338998079; 0,02384359948337078
-0,047245757141363025; 0,39089074451476336; 0,02290184795856476; 0,7864202102646232; 0,10332315834239125; 0,9604306821711361; 0,08903337176889181; 0,28677632194012403; 0,7834426984190941; 0,789472917560488; 0,5456725917756557
-0,047178202161789744; 0,5727734281681478; 0,15235817432403564; 0,23111659241840243; 0,22288178466260433; 0,6251684445887804; 0,5028608427383006; 0,9076903811655939; 0,6489457641728222; 0,36917750630527735; 0,017664984334260225
0,04156012887657838; 0,12469616904854774; 0,6996317766606808; 0,998086548410356; 0,8384404513053596; 0,6582639431580901; 0,7635636730119586; 0,16354031255468726; 0,8741986104287207; 0,4066961002536118; 0,42634036857634783
-0,047660746726325726; 0,6680866479873657; 0,18212471157312393; 0,6831350056454539; 0,9050117209553719; 0,44115688977763057; 0,6384037383832037; 0,009068191982805729; 0,5728276795707643; 0,6211807327345014; 0,3117766906507313
-0,04723606580651913; 0,868330982979387; 0,4217476500198245; 0,8509849505499005; 0,07041370961815119; 0,6026330855675042; 0,30218610540032387; 0,2724069897085428; 0,38497798703610897; 0,7819110308773816; 0,3958460255526006
-0,038245799878614345; 0,7616459843702614; 0,809292949270457; 0,36337569216266274; 0,5345176174305379; 0,5739687094464898; 0,19908266607671976; 0,36765045672655106; 0,40181848034262657; 0,5359519165940583; 0,015357070602476597
-0,04732288094902427; 0,6831913548521698; 0,14126398041844368; 0,04732212098315358; 0,4844430247321725; 0,9937329874373972; 0,5786931528709829; 0,44808227848261595; 0,17682554805651307; 0,9753846898674965; 0,2726150518283248
-0,04585505854691716; 0,6036420417949557; 0,5791280842386186; 0,9800061024725437; 0,933386692777276; 0,21444059582427144; 0,6869235085323453; 0,3466274030506611; 0,1416352242231369; 0,24652579380199313; 0,25575000420212746
-0,047239362275727455; 0,9880202999338508; 0,7822119342163205; 0,08394123893231153; 0,5748698501847684; 0,09522040048614144; 0,16106790490448475; 0,8314347970299423; 0,07191845960915089; 0,03506621392443776; 0,9914095760323107
-0,04778197589210948; 0,9348003612831235; 0,7051050984300673; 0,42346637696027756; 0,9729667981155217; 0,43481475999578834; 0,8293338906951249; 0,978003915399313; 0,6279415381141007; 0,30991547368466854; 0,8885917235165834
-0,04734827618061404; 0,9203279092907906; 0,30386554216966033; 0,7131628338247538; 0,5006065098568797; 0,7476086737588048; 0,639572776388377; 0,6079968563281; 0,15533028170466423; 0,5127615677192807; 0,9758350010961294
-0,039866057775259485; 0,30748952412977815; 0,4590394767001271; 0,8314627199433744; 0,6831866032443941; 0,3620615121908486; 0,20595407020300627; 0,2053200788795948; 0,6929845861159265; 0,42789980955421925; 0,5779321086592972
-0,04729367081577197; 0,8473572521470487; 0,3261925829574466; 0,40839862870052457; 0,38147133821621537; 0,8584395530633628; 0,5146758481860161; 0,5498537630774081; 0,6780107920058072; 0,38697083247825503; 0,933652666863054
-0,04662018245557514; 0,480216930154711; 0,27997040562331676; 0,6267437501810491; 0,314025838393718; 0,3181884498335421; 0,4682859438471496; 0,27190635399892926; 0,04414899181574583; 0,9909125571139157; 0,5293861175887287
-0,02051909186762706; 0,12396197626367211; 0,49753416888415813; 0,8788485345430672; 0,2816380695439875; 0,5337554388679564; 0,016722366213798523; 0,01963879819959402; 0,5269908290356398; 0,18151247780770063; 0,08345442451536655
-0,041788600731055114; 0,15634059580042958; 0,9134947704151273; 0,4841239359229803; 0,5211635995656252; 0,512082064524293; 0,7369722397997975; 0,7270028260536492; 0,4080647681839764; 0,33262825990095735; 0,7258838070556521
-0,047333544181599574; 0,8917254465632141; 0,2327859909273684; 0,3432263103313744; 0,4453217089176178; 0,8403225988149643; 0,3278049798682332; 0,9097234769724309; 0,6220998913049698; 0,7011215109378099; 0,7213744642212987
-0,03660836744118704; 0,29943293053656816; 0,8670135028660297; 0,5440476285293698; 0,4255910268984735; 0,11013936949893832; 0,39638129994273186; 0,8521387944929302; 0,1655645640566945; 0,653858132660389; 0,040086374152451754
-0,04708424224605373; 0,9949653819203377; 0,7790224147029221; 0,4698886051774025; 0,42122014658525586; 0,1455828072503209; 0,5723749017342925; 0,7424961444921792; 0,48696080362424254; 0,4989952137693763; 0,8353279302828014
-0,01239205026487928; 0,7930064341053367; 0,9889007834717631; 0,4498871606774628; 0,4006126867607236; 0,7483803555369377; 0,03059291187673807; 0,17045464040711522; 0,2239075074903667; 0,160182926338166; 0,5353221008554101
-0,0476891436011664; 0,7100566355511546; 0,1141656250692904; 0,2260878523811698; 0,9013941274024546; 0,38153365487232804; 0,7028452605009079; 0,5511224875226617; 0,39112289575859904; 0,39076072722673416; 0,7282405369915068
0,026049372418848103; 0,5182560081593692; 0,894159791059792; 0,7808456225320697; 0,07658983441069722; 0,9559183795936406; 0,17466642102226615; 0,7549277772195637; 0,03199032228440046; 0,26664320565760136; 0,8708080439828336
0,041495451504030306; 0,038731514010578394; 0,5173759269528091; 0,8347913292236626; 0,38220918644219637; 0,23093183571472764; 0,1660174299031496; 0,3450592812150717; 0,9829022772610188; 0,1973053142428398; 0,09708521654829383
-0,047146202490631575; 0,9298341074027121; 0,9346940666437149; 0,7817968018352985; 0,022095251828432083; 0,6518263230100274; 0,03850683616474271; 0,8730533262714744; 0,6061278330162168; 0,7972938870079815; 0,09658385952934623
-0,04756409291377844; 0,7715582177042961; 0,02688362170010805; 0,06425846554338932; 0,7690114919096231; 0,14863695297390223; 0,18418012000620365; 0,649132973048836; 0,5532921310514212; 0,7596007199026644; 0,8716191984713078
0,046376201429908906; 0,07967741275206208; 0,7344376114197075; 0,8420421648770571; 0,10160403046756983; 0,13952602492645383; 0,7499468205496669; 0,9087208006531; 0,9000632986426353; 0,4788073906674981; 0,12954816035926342
-0,04755362429643664; 0,7735205199569464; 0,4599446030333638; 0,5906920116394758; 0,9058812386356294; 0,04116789298132062; 0,5345825725235045; 0,6386364395730197; 0,4840480242855847; 0,24589606886729598; 0,3956448929384351
-0,04735962528193293; 0,16431596083566546; 0,020620576106011868; 0,6378393601626158; 0,50387056870386; 0,1821446088142693; 0,06553607992827892; 0,972208434715867; 0,582892891485244; 0,7012372426688671; 0,584507405757904
-0,04705344021412608; 0,4711059764958918; 0,18083248939365149; 0,7425997881218791; 0,21885582990944386; 0,5742636630311608; 0,8962715081870556; 0,5084117925725877; 0,5520421909168363; 0,03651129687204957; 0,4891734113916755
0,04600645314905339; 0,7718292982317507; 0,8623778517358005; 0,07123342528939247; 0,7386366566643119; 0,7974619599990547; 0,21588005451485515; 0,7748393369838595; 0,7504586093127728; 0,247978909406811; 0,09085127711296082
-0,04526314258289819; 0,058442546520382166; 0,24477907130494714; 0,8610313790850341; 0,8558034533634782; 0,39801770308986306; 0,08409715304151177; 0,672738803550601; 0,8442692803218961; 0,6226747198961675; 0,6950471410527825
-0,047314864509590736; 0,8491067504510283; 0,07015793258324265; 0,7024529646150768; 0,4652167474851012; 0,33637556713074446; 0,9086943888105452; 0,7733069071546197; 0,44466298585757613; 0,7610782133415341; 0,1682023792527616
-0,03908245866515625; 0,3283446175046265; 0,5564910308457911; 0,9882562616840005; 0,6791600291617215; 0,5461505274288356; 0,7032557716593146; 0,7270338395610452; 0,9919607327319682; 0,9453823524527252; 0,009572692681103945
-0,04674914578972773; 0,3095507868565619; 0,23291826341301203; 0,925504176877439; 0,4565303046256304; 0,8070097304880619; 0,9424954610876739; 0,4475573627278209; 0,9985022684559226; 0,9396712738089263; 0,22674822807312012
-0,04662733408459708; 0,818375748116523; 0,757025511469692; 0,26024999702349305; 0,09632814396172762; 0,7554513923823833; 0,3845147951506078; 0,8661499652080238; 0,5116475210525095; 0,411819180008024; 0,462453365791589
-0,04725302338633983; 0,2926437668502331; 0,07785621704533696; 0,11069857748225331; 0,4398396727629006; 0,4333667536266148; 0,056323654018342495; 0,6542291077785194; 0,11696327244862914; 0,9808872947469354; 0,6756468191742897
-0,047333547630334476; 0,8420406463555992; 0,252345850225538; 0,38212117878720164; 0,4559020483866334; 0,8646885128691792; 0,3190680453553796; 0,6446059341542423; 0,4983427310362458; 0,2587322131730616; 0,37982545234262943
-0,047241842001439; 0,8891166681423783; 0,027219291776418686; 0,6537216012366116; 0,1525242766365409; 0,17455054773017764; 0,5834847716614604; 0,8792125266045332; 0,6006405842490494; 0,8085232665762305; 0,6283429590985179
-0,047229768537969334; 0,8793556829914451; 0,398394213989377; 0,44177749985828996; 0,03160812333226204; 0,01418030122295022; 0,5571085917763412; 0,23658767016604543; 0,562363164499402; 0,5266203163191676; 0,9899403383024037
-0,020384322850181606; 0,28263221262022853; 0,49939546827226877; 0,4872588152065873; 0,8930626348592341; 0,4724873532541096; 0,7680257316678762; 0,3722227029502392; 0,2686976161785424; 0,607683954294771; 0,7053010184317827
-0,04278389728778136; 0,6453016893938184; 0,6683732448145747; 0,7265470782294869; 0,4704038593918085; 0,310643027536571; 0,1911877659149468; 0,49870884139090776; 0,39363241428509355; 0,09899846138432622; 0,6461244793608785
-0,027293392780142135; 0,5074477447196841; 0,7993357819505036; 0,42146262200549245; 0,5474411365576088; 0,3000407596118748; 0,5410183658823371; 0,7808148092590272; 0,3894537058658898; 0,3302985611371696; 0,8746716338209808
-0,021696438906953556; 0,01173004088923335; 0,9753173179924488; 0,873371371999383; 0,32477427972480655; 0,33119612745940685; 0,8702249424532056; 0,668068177998066; 0,8518570004962385; 0,7729986812919378; 0,13568229181692004
-0,04369165676369764; 0,7344468189403415; 0,9851157641969621; 0,1284373002126813; 0,8868355574086308; 0,4814117504283786; 0,012370543088763952; 0,16314223827794194; 0,9654488619416952; 0,38635830488055944; 0,20383233577013016
0,044760245287373865; 0,0053268722258508205; 0,7966321287676692; 0,9149838122539222; 0,674038898665458; 0,27310002548620105; 0,062389707658439875; 0,030361263547092676; 0,7697075568139553; 0,8084792112931609; 0,030846002511680126
0,01197929930707356; 0,17972526559606194; 0,7187379389069974; 0,7303557158447802; 0,5665065753273666; 0,6795314690098166; 0,8902819231152534; 0,6165101230144501; 0,22622614866122603; 0,23117362335324287; 0,5831524170935154
0,006564820196179676; 0,5792215247638524; 0,8847639914602041; 0,6624418324790895; 0,4641532558016479; 0,866622915957123; 0,7523896610364318; 0,7783681154251099; 0,14663483388721943; 0,18615645449608564; 0,04592796368524432
-0,047160353281683685; 0,8332023033872247; 0,7472602408379316; 0,6851163539104164; 0,6674266238696873; 0,10877075092867017; 0,7806859505362809; 0,465843356680125; 0,24636636581271887; 0,9028667979873717; 0,9711970621719956
-0,047076336161294786; 0,5099853342399001; 0,2022032616659999; 0,7780570331960917; 0,23638245975598693; 0,7999964123591781; 0,8852235819213092; 0,32014611223712564; 0,43815344106405973; 0,8468439588323236; 0,7944266684353352
-0,04735958513979504; 0,2014224547892809; 0,08220321778208017; 0,6032625073567033; 0,6771460142917931; 0,10976752545684576; 0,32209573639556766; 0,6980244433507323; 0,8282729741185904; 0,015777780674397945; 0,942988823633641
-0,047568872680631806; 0,805659563280642; 0,3368436489254236; 0,009713690727949142; 0,8063736609183252; 0,9913115375675261; 0,4429553132504225; 0,5868231942877173; 0,1792954569682479; 0,8919651610776782; 0,7237690747715533
-0,046836454317482144; 0,9938862109556794; 0,8823614330030978; 0,7277554864995182; 0,271608327049762; 0,7538847299292684; 0,2008732594549656; 0,9750756835564971; 0,988026347476989; 0,7834784490987659; 0,6010551899671555
-0,04723566916083989; 0,5828757751733065; 0,07429538806900382; 0,29135941714048386; 0,14504377217963338; 0,042960868682712317; 0,19115283573046327; 0,807501558214426; 0,8985256818123162; 0,08919818652793765; 0,3645388917066157
-0,03874416091226976; 0,31456690561026335; 0,5954775717109442; 0,13510284759104252; 0,9271188960410655; 0,5277805719524622; 0,5889058345928788; 0,015801924280822277; 0,3330684485845268; 0,21570078609511256; 0,7079337546601892
-0,04725272596611301; 0,9283773056231439; 0,6500415736809373; 0,3161962544545531; 0,2364676152355969; 0,5021219155751169; 0,43731249030679464; 0,6841785837896168; 0,8553596399724483; 0,011070744600147009; 0,9390352568589151
-0,04439911240366173; 0,42285883286967874; 0,4431036920286715; 0,8724078852683306; 0,03925556503236294; 0,3942356132902205; 0,4276408632285893; 0,010681590531021357; 0,4254067209549248; 0,4220336126163602; 0,8092198055237532
-0,02216690058708199; 0,17696279659867287; 0,48191703436896205; 0,2705537425354123; 0,7610931103117764; 0,5220506875775754; 0,03574515273794532; 0,3327090861275792; 0,13066887762397528; 0,5530227925628424; 0,6925139958038926
-0,04724545304080126; 0,5281228544190526; 0,23391820769757032; 0,12641464499756694; 0,8326191063970327; 0,7947307615540922; 0,8758593173697591; 0,1447656136006117; 0,7733790590427816; 0,5823176405392587; 0,7170349024236202
-0,04724267914009016; 0,9101679851301014; 0,7988931159488857; 0,811326707713306; 0,016546246130019426; 0,9177959118969738; 0,017772074788808823; 0,32305183773860335; 0,7093277042731643; 0,977777261286974; 0,6017717039212584
-0,04525588746724009; 0,3330545937642455; 0,33527827449142933; 0,8242106433026493; 0,14715165831148624; 0,4107004813849926; 0,6030978597700596; 0,6994215929880738; 0,7930882326327264; 0,7422724617645144; 0,004503585863858461
-0,047355074060513626; 0,8463455904275179; 0,17963827727362514; 0,7456166772171855; 0,5305588408373296; 0,05527509329840541; 0,7661261823959649; 0,49846054008230567; 0,4295944622717798; 0,3435697229579091; 0,5813836269080639
-0,018496263556796948; 0,19935477524995804; 0,5641380548477173; 0,40262275701388717; 0,36930529261007905; 0,17052380368113518; 0,8782762656919658; 0,07992598647251725; 0,11183739919215441; 0,04888176219537854; 0,3504108586348593
-0,04630241487774925; 0,9896650463342667; 0,9176930855028331; 0,98196203680709; 0,023888893891125917; 0,18722516670823097; 0,667927916161716; 0,3691503284499049; 0,7065215543843806; 0,9555047927424312; 0,705836296081543
-0,04751408517424544; 0,9355002995580435; 0,6842000791803002; 0,5161909298039973; 0,7350697251968086; 0,7101656571030617; 0,15081995725631714; 0,5454150247387588; 0,3569587846286595; 0,5201320061460137; 0,26325848745182157
-0,04688893685981645; 0,795910619199276; 0,6123384861275554; 0,13529425440356135; 0,27695421874523163; 0,5450458340346813; 0,02928373822942376; 0,1945392074994743; 0,2718513491563499; 0,5552796316333115; 0,44036006880924106
-0,043951666752828314; 0,17088678572326899; 0,6865937262773514; 0,09046201128512621; 0,7354715578258038; 0,4328392222523689; 0,8959201057441533; 0,7149229105561972; 0,20767149794846773; 0,18586692865937948; 0,07366534136235714
-0,03915602084097645; 0,5537250586785376; 0,9658077699132264; 0,49584120139479637; 0,6880058678798378; 0,22674813028424978; 0,20827884646132588; 0,1881780386902392; 0,5333866938017309; 0,8263169676065445; 0,41202564910054207
-0,0428057899337063; 0,22841270873323083; 0,8208601409569383; 0,30138780968263745; 0,9413229571655393; 0,0018514543771743774; 0,8028646353632212; 0,7455942877568305; 0,602874222677201; 0,3137870621867478; 0,8442150335758924
-0,012923257707318824; 0,615822465158999; 0,662091476842761; 0,35184580367058516; 0,44495880929753184; 0,8464911049231887; 0,5236730352044106; 0,2865460282191634; 0,49250645050778985; 0,23343083262443542; 0,774614644702524
0,02437978700998789; 0,3364729038439691; 0,5579533274285495; 0,6436018482781947; 0,039198994636535645; 0,2727338336408138; 0,4766073380596936; 0,7764341230504215; 0,5393248097971082; 0,2503891894593835; 0,17561204079538584
-0,04327368309264864; 0,7842186591587961; 0,7942897998727858; 0,28050606045871973; 0,8006784208118916; 0,06460253242403269; 0,43452083971351385; 0,3173205703496933; 0,33915406186133623; 0,03248312324285507; 0,5035841292701662
-0,04403535238757612; 0,05861648917198181; 0,8064655046910048; 0,25454136868938804; 0,5899822278879583; 0,5737391323782504; 0,9758566454984248; 0,9532752428203821; 0,1690286574885249; 0,7411093856208026; 0,7888354281894863
-0,03838256778033698; 0,45128365233540535; 0,4509389684535563; 0,021474987734109163; 0,2704725032672286; 0,04848347418010235; 0,980660863686353; 0,021876436192542315; 0,6735935104079545; 0,9143528519198298; 0,4539952673949301
-0,046924389444089776; 0,7417785967700183; 0,5791553179733455; 0,9027229240164161; 0,35486992727965117; 0,8054877095855772; 0,2766332714818418; 0,39898030273616314; 0,9782226495444775; 0,5888584009371698; 0,35599411418661475
0,03683408979386979; 0,13254556991159916; 0,7401695493608713; 0,8195467321202159; 0,5970291970297694; 0,7983526433818042; 0,6815657527185977; 0,06466645933687687; 0,2472337749786675; 0,9583340887911618; 0,5113276662304997
-0,047280272838007134; 0,9875126765109599; 0,5912819928489625; 0,7823088271543384; 0,47617628751322627; 0,9128575529903173; 0,5489439461380243; 0,4296993352472782; 0,13735097600147128; 0,26067263120785356; 0,9500379939563572
-0,04113950810867755; 0,6070840400643647; 0,9506692360155284; 0,41780110402032733; 0,20744502590969205; 0,8800047631375492; 0,9156986004672945; 0,16122775292024016; 0,7705226507969201; 0,10629687644541264; 0,6607578657567501
-0,04686289802795829; 0,690419199410826; 0,4491373016498983; 0,8526721866801381; 0,2835409417748451; 0,015185697004199028; 0,6482254774309695; 0,23411107249557972; 0,7641007876954973; 0,8468108642846346; 0,9290989488363266
-0,04339139417009402; 0,6361357285641134; 0,50282421708107; 0,11004355689510703; 0,22940121171995997; 0,3412395427003503; 0,11764961294829845; 0,3669893955811858; 0,7145787002518773; 0,2342143775895238; 0,8408288494683802
-0,04365898838639851; 0,07160189235582948; 0,8142130421474576; 0,25336813693866134; 0,5711492020636797; 0,1478176387026906; 0,4642000342719257; 0,8259881790727377; 0,9679834493435919; 0,4122300832532346; 0,6876783389598131
-0,04765338824934512; 0,9863941161893308; 0,3937230887822807; 0,20048821903765202; 0,8680009678937495; 0,003756178542971611; 0,23943817988038063; 0,5903819729574025; 0,8832950671203434; 0,32046423526480794; 0,19020573422312737
-0,04636969496128683; 0,7390144504606724; 0,6335709178820252; 0,7447551302611828; 0,020363093819469213; 0,22392757143825293; 0,09345165779814124; 0,9202451813034713; 0,35624026833102107; 0,9738129982724786; 0,547957168892026
-0,04722741783726143; 0,8049401151947677; 0,006134389899671078; 0,6485439026728272; 0,11190024157986045; 0,3420240138657391; 0,7798242666758597; 0,3436983902938664; 0,38126630056649446; 0,2505310229025781; 0,5735172610729933
-0,04745079663305109; 0,1305632027797401; 0,5824333569034934; 0,7618179293349385; 0,7573435702361166; 0,5212468798272312; 0,761660476680845; 0,1990537722595036; 0,9725765441544354; 0,9959610244259238; 0,8646584847010672
-0,02173423169393928; 0,27620014594867826; 0,41148562729358673; 0,1740266070701182; 0,1397913289256394; 0,8007601322606206; 0,11135998088866472; 0,34479181794449687; 0,19162960909307003; 0,035729166120290756; 0,01989824092015624
-0,047090353129074516; 0,4963422594591975; 0,23144826758652925; 0,12157100578770041; 0,8541665854863822; 0,15255555463954806; 0,11712030181661248; 0,9735400276258588; 0,4622620278969407; 0,24647261202335358; 0,9957049153745174
-0,04726587041720647; 0,787896376568824; 0,036291035823524; 0,9415465109050274; 0,2305726045742631; 0,43551282305270433; 0,20544874109327793; 0,5532302246429026; 0,5072148302569985; 0,003936301451176405; 0,9653324442915618
-0,04686716618050944; 0,47646721405908465; 0,24512316659092903; 0,19162053940817714; 0,7770755640231073; 0,4440111005678773; 0,3025778913870454; 0,048396788071841; 0,720166003331542; 0,6147970035672188; 0,488334400113672
-0,04734638182093996; 0,4244941477663815; 0,1984519367106259; 0,7093523247167468; 0,8208045293577015; 0,8888250035233796; 0,7417077901773155; 0,7886459906585515; 0,1088917744345963; 0,6584651554003358; 0,06919050356373191
-0,04679651192892322; 0,9848592109046876; 0,8955100853927433; 0,7717556138522923; 0,4034080724231899; 0,4004843854345381; 0,5081071141175926; 0,7850959878414869; 0,5036984998732805; 0,8361135665327311; 0,8104062583297491
-0,04722213520762427; 0,9014533762820065; 0,9577712081372738; 0,4999836659990251; 0,026242902502417564; 0,8028808669187129; 0,7274893233552575; 0,19978752173483372; 0,5429112794809043; 0,043838941026479006; 0,330908483825624
-0,046974365179559115; 0,29970275703817606; 0,15600883727893233; 0,8913746168836951; 0,012578572146594524; 0,517702020239085; 0,13796713761985302; 0,30880967853590846; 0,5595210255123675; 0,2910808650776744; 0,9061840595677495
-0,04762426079084059; 0,847640794236213; 0,6895126481540501; 0,8490489777177572; 0,8904995047487319; 0,8037670352496207; 0,3900578483007848; 0,37771923141554; 0,2350528333336115; 0,9270952031947672; 0,3461853233166039
-0,014031891578164033; 0,6580455838702619; 0,9664302421733737; 0,6662559336982667; 0,05657691415399313; 0,04462412931025028; 0,7617858462035656; 0,08448984660208225; 0,7717735138721764; 0,6775417225435376; 0,2997211324982345
-0,047479502499513875; 0,3164738230407238; 0,0129852294921875; 0,2105933576822281; 0,679598399437964; 0,8745360835455358; 0,2662649289704859; 0,22724637668579817; 0,2769058281555772; 0,5823962292633951; 0,61993896542117
-0,046785964640721676; 0,7589179882779717; 0,6193945268169045; 0,7108081639744341; 0,5388266094960272; 0,0376143460161984; 0,07501533254981041; 0,10929342219606042; 0,09114060271531343; 0,08673992473632097; 0,6448015845380723
-0,0408196252927882; 0,41844492964446545; 0,8558347416110337; 0,4067758587189019; 0,2563604130409658; 0,8224288369528949; 0,715258676558733; 0,8044653027318418; 0,5416049640625715; 0,0516790933907032; 0,3858331493102014
-0,04041355941228547; 0,1482530925422907; 0,6018207482993603; 0,25114494282752275; 0,04863284062594175; 0,7164780274033546; 0,6680158115923405; 0,6995776100084186; 0,15008635446429253; 0,7821893258951604; 0,47707630787044764
-0,046965986195294476; 0,45355732925236225; 0,19652947504073381; 0,090518937446177; 0,37537878192961216; 0,9617975777946413; 0,7272991174831986; 0,7991445641964674; 0,42086172476410866; 0,37250788416713476; 0,40392707753926516
-0,04050949377632562; 0,06051258649677038; 0,5372240752913058; 0,1993549526669085; 0,4185935137793422; 0,5417711855843663; 0,24855449330061674; 0,29573433054611087; 0,4033069955185056; 0,38149597542360425; 0,3285857508890331
-0,04742309416084705; 0,7138151479884982; 0,15663308976218104; 0,01708965888246894; 0,6267786435782909; 0,9460063958540559; 0,07442931178957224; 0,9113556700758636; 0,9247344969771802; 0,45609867852181196; 0,034536889754235744
-0,04161853232632618; 0,5852543567307293; 0,6344732213765383; 0,7572890841402113; 0,45311855617910624; 0,4959517982788384; 0,7301762965507805; 0,5919385715387762; 0,09922080487012863; 0,8233783608302474; 0,05596667202189565
-0,04634979929496861; 0,8253983869217336; 0,993192435707897; 0,41589757008478045; 0,9809111743234098; 0,2639243444427848; 0,6982697332277894; 0,10563907399773598; 0,027314042672514915; 0,7576377131044865; 0,48817332927137613
-0,020569373019508487; 0,24604873405769467; 0,78358961828053; 0,6770772188901901; 0,09174571977928281; 0,7507477370090783; 0,7579378876835108; 0,7817518576048315; 0,22851739544421434; 0,453105719294399; 0,9405565350316465
-0,047239138611563106; 0,2430650689639151; 0,017308526672422886; 0,5115167130716145; 0,19155856827273965; 0,7611569543369114; 0,7085654381662607; 0,6272210152819753; 0,8720304495655; 0,767712133936584; 0,3326113517396152
-0,046832498299289066; 0,4762097895145416; 0,3045689072459936; 0,8073797826655209; 0,6711517195217311; 0,5823146267794073; 0,10040761670097709; 0,33497679652646184; 0,48029062803834677; 0,48225964000448585; 0,757692779880017
-0,04718181066420542; 0,6140778567641973; 0,2715585418045521; 0,5813159141689539; 0,5823168777860701; 0,6630370924249291; 0,7958052004687488; 0,8379154349677265; 0,8372116116806865; 0,5967511343769729; 0,6109033883549273
-0,04720934652345056; 0,278317091986537; 0,051366027910262346; 0,6920487969182432; 0,04937391774728894; 0,708659918513149; 0,542554444167763; 0,41720862966030836; 0,47400391893461347; 0,59457963751629; 0,20981270587071776
-0,04693150267366975; 0,18398598628118634; 0,5797592476010323; 0,7443796321749687; 0,22251283330842853; 0,8580402596853673; 0,09323296137154102; 0,8354085818864405; 0,34535391395911574; 0,7789324694313109; 0,13179453881457448
-0,04718257223742345; 0,12082910351455212; 0,05661831749603152; 0,5366723807528615; 0,26315897377207875; 0,16365027567371726; 0,8210098734125495; 0,25096065923571587; 0,9444469339214265; 0,9953260878100991; 0,25684062810614705
-0,047730043478223697; 0,9682715418748558; 0,24166267784312367; 0,6797679727897048; 0,9294925145804882; 0,12413353193551302; 0,8051178501918912; 0,29171362053602934; 0,2497440092265606; 0,10044803051277995; 0,2115172129124403
-0,04261824229247815; 0,06390926567837596; 0,33686483185738325; 0,9710434679873288; 0,8799690501764417; 0,07505901716649532; 0,6349445329979062; 0,9068482872098684; 0,14295180467888713; 0,5568574266508222; 0,43833124823868275
-0,04718144731066795; 0,6305567254312336; 0,28114897292107344; 0,7192816850729287; 0,4805766949430108; 0,734254433773458; 0,21298207668587565; 0,6007149154320359; 0,8518798896111548; 0,6264361990615726; 0,7194949775002897
-0,047226923823976315; 0,3857079199515283; 0,11990560358390212; 0,3096921411342919; 0,44086583657190204; 0,991781183052808; 0,45229060808196664; 0,008326342795044184; 0,5889224791899323; 0,25404346361756325; 0,47047564620152116
0,04606502826768925; 0,4657136877067387; 0,9865367929451168; 0,9822266772389412; 0,044166595209389925; 0,70632283994928; 0,1471416805870831; 0,27764656441286206; 0,22323862137272954; 0,0013604271225631237; 0,4885443979874253
-0,033880863358617154; 0,6448980523273349; 0,6733830808661878; 0,393365896306932; 0,5688679777085781; 0,9553733021020889; 0,30810989812016487; 0,7136013694107533; 0,17656425386667252; 0,25800109608098865; 0,05838088784366846
-0,04746975880041287; 0,8016999582760036; 0,4814115781337023; 0,35524975415319204; 0,7694562920369208; 0,9111536401323974; 0,48720596823841333; 0,6667663329280913; 0,7183404974639416; 0,33466482488438487; 0,8969070222228765
-0,04721498577329853; 0,7797839497216046; 0,3502475116401911; 0,41388690331950784; 0,31935211597010493; 0,40710827289149165; 0,49645571829751134; 0,7061482309363782; 0,9263603049330413; 0,2668363698758185; 0,5287562664598227
-0,0474012266575767; 0,008125216700136662; 0,7554387249983847; 0,9924174468033016; 0,6118250088766217; 0,23780996212735772; 0,8713715714402497; 0,3479832890443504; 0,7565817553550005; 0,9553630002774298; 0,732035297434777
-0,04131922828338996; 0,28503232868388295; 0,9506824878044426; 0,5740929562598467; 0,11055357800796628; 0,9152029920369387; 0,9001890453509986; 0,7954948414117098; 0,7440051925368607; 0,0017136731185019016; 0,43803346529603004
0,01805927922260261; 0,586041871458292; 0,5685083596035838; 0,07444632239639759; 0,45695758191868663; 0,8316333196125925; 0,04174658004194498; 0,43586841644719243; 0,760314476210624; 0,22612195694819093; 0,3008168013766408
-0,04641604768114077; 0,5459727505221963; 0,3378280340693891; 0,46385739417746663; 0,16115003172308207; 0,5229307389818132; 0,046926050912588835; 0,5036306693218648; 0,6310371453873813; 0,8219219893217087; 0,7685418338514864
-0,04348696360850372; 0,16494330996647477; 0,8417560392990708; 0,3060864023864269; 0,45159160159528255; 0,584132419899106; 0,6576877790503204; 0,23039576224982738; 0,5810816730372608; 0,2970916097983718; 0,08506603399291635
-0,04732654247289771; 0,9624837664887309; 0,422296064440161; 0,3192268027924001; 0,4502753745764494; 0,6808597096242011; 0,11776674538850784; 0,5342147373594344; 0,8208636539056897; 0,10625228099524975; 0,16635279543697834
-0,047196435208372294; 0,6901628701016307; 0,263898488599807; 0,761591934133321; 0,34859661292284727; 0,6144387060776353; 0,6572247720323503; 0,8367309686727822; 0,3856336232274771; 0,6285329349339008; 0,9668100723065436
-0,04718747253226706; 0,5029796492308378; 0,1437201858498156; 0,7225240380503237; 0,28292108373716474; 0,8204036690294743; 0,6307662283070385; 0,6372383353300393; 0,5245801135897636; 0,482395276427269; 0,08306742273271084
-0,047286444011878835; 0,6512944768182933; 0,4655693043023348; 0,9993698401376605; 0,9604439376853406; 0,5467995437793434; 0,5067383321002126; 0,7918731113895774; 0,7630057693459094; 0,5685513913631439; 0,8619971270672977
-0,04731672271486427; 0,8380312630906701; 0,7127698226831853; 0,26436940487474203; 0,7509086839854717; 0,36940906289964914; 0,16097134817391634; 0,0234681349247694; 0,10272777173668146; 0,783977888058871; 0,29048881446942687
-0,04744809663570931; 0,3604543739929795; 0,14261562144383788; 0,4818844753317535; 0,8532209903933108; 0,7017320948652923; 0,5184545088559389; 0,09484169026836753; 0,652618539519608; 0,1937220091931522; 0,4926019706763327
-0,04349311138111232; 0,35211982298642397; 0,42602804442867637; 0,8831726852804422; 0,2730508726090193; 0,22873793309554458; 0,836286454461515; 0,5333403674885631; 0,9739539353176951; 0,7113069407641888; 0,8422524742782116
-0,0012814499664292826; 0,09836025908589363; 0,28305641235783696; 0,24475598940625787; 0,0305371368303895; 0,43575854133814573; 0,5784341534599662; 0,9116342440247536; 0,39253388345241547; 0,39466851111501455; 0,3251868118532002
-0,04747604024019125; 0,7356721442192793; 0,18912691855803132; 0,07700120750814676; 0,7330712415277958; 0,683473430108279; 0,7892983192577958; 0,41734777204692364; 0,5191431334242225; 0,9164180350489914; 0,3536316268146038
-0,0469407271542506; 0,5426887469366193; 0,2274266490712762; 0,013184241484850645; 0,3957580681890249; 0,5133144482970238; 0,4911981546320021; 0,4943052586168051; 0,5977807021699846; 0,3720142925158143; 0,8566277734935284
-0,047226441537440815; 0,9481371813453734; 0,16538432147353888; 0,5916488408111036; 0,07056866865605116; 0,16165057057514787; 0,7135619283653796; 0,5726853208616376; 0,028583787847310305; 0,12650965061038733; 0,7844959506765008
-0,04728240358761899; 0,5275127538479865; 0,042785986326634884; 0,2416413016617298; 0,3152702720835805; 0,5585091286338866; 0,14272080641239882; 0,973321421071887; 0,019674048759043217; 0,34783977502956986; 0,21541517181321979
0,028901061872280417; 0,5706590311601758; 0,8615424130111933; 0,8965351516380906; 0,969426991418004; 0,8738391874358058; 0,4483706559985876; 0,5475336662493646; 0,09152180049568415; 0,33972946740686893; 0,3998366305604577
0,03391174292503696; 0,698997036088258; 0,7897350043058395; 0,3489249306730926; 0,88768445327878; 0,8562783366069198; 0,438073942437768; 0,6936294785700738; 0,6639593681320548; 0,8546681366860867; 0,52874072548002
0,024758688659425435; 0,7281906087882817; 0,8559330138377845; 0,36493906984105706; 0,027447821106761694; 0,9105607508681715; 0,7510502538643777; 0,9696804098784924; 0,7875300836749375; 0,9597044410184026; 0,07689739437773824
-0,04766199427506923; 0,051775369327515364; 0,09517171746119857; 0,5819638576358557; 0,9818471614271402; 0,9967561573721468; 0,05817915964871645; 0,2812167117372155; 0,43019256135448813; 0,79646185785532; 0,8849301328882575
-0,046941633532963455; 0,2942273523658514; 0,17910135444253683; 0,7527598687447608; 0,4597981064580381; 0,675312873441726; 0,2984814057126641; 0,1691381884738803; 0,9551977380178869; 0,3268983047455549; 0,3358235019259155
-0,043918900668915906; 0,10896670771762729; 0,8168760319240391; 0,9932535071857274; 0,43395757349208; 0,3640020568855107; 0,48186665680259466; 0,6647338848561049; 0,47781592793762684; 0,36988456826657057; 0,975266105029732
-0,04497566992860826; 0,04899590648710728; 0,9027690934017301; 0,24404758820310235; 0,6177349733188748; 0,7696104957722127; 0,9888679054565728; 0,04916548589244485; 0,5477972170338035; 0,376370026730001; 0,6841231971047819
-0,006012367972834067; 0,07750162156298757; 0,4844519281759858; 0,8270757310092449; 0,4090301622636616; 0,7612376031465828; 0,5894177779555321; 0,6121350042521954; 0,26661663642153144; 0,5189885036088526; 0,19978552032262087
0,005739421375120958; 0,037656717002391815; 0,29406291199848056; 0,1740349573083222; 0,21319847228005528; 0,12828828347846866; 0,340837515424937; 0,08979663113132119; 0,5023444765247405; 0,11259767925366759; 0,2647784505970776
-0,03909470655946411; 0,7013857048004866; 0,997870875056833; 0,48337774258106947; 0,4857785953208804; 0,7423938130959868; 0,8891082061454654; 0,42790174996480346; 0,8108206591568887; 0,11481729801744223; 0,10638514999300241
0,01913841479715293; 0,12616250570863485; 0,3753577177412808; 0,3481297097168863; 0,6354567999951541; 0,8900833707302809; 0,22113456577062607; 0,5941307288594544; 0,3130289213731885; 0,33981659449636936; 0,5529172159731388
-0,047529177755226686; 0,821534026414156; 0,587790624704212; 0,1948703285306692; 0,8882760587148368; 0,6915664966218174; 0,924745521042496; 0,7709069587290287; 0,0882179164327681; 0,9471612474881113; 0,9929770855233073
-0,04724322428399771; 0,9188398686237633; 0,3419345458969474; 0,42794275330379605; 0,05916699022054672; 0,17395931109786034; 0,20001007430255413; 0,19919871632009745; 0,06426562601700425; 0,4700453085824847; 0,8287831847555935
-0,042227420710963096; 0,07588329445570707; 0,6215984625741839; 0,2528044222854078; 0,8008699268102646; 0,7133864448405802; 0,12713095173239708; 0,8733156910166144; 0,23451530933380127; 0,5349087910726666; 0,9536503623239696
-0,03282335554155644; 0,6525794924236834; 0,8237884510308504; 0,14343378879129887; 0,7580239619128406; 0,11826844653114676; 0,8244627588428557; 0,21408947184681892; 0,608189350925386; 0,6968729966320097; 0,11784737557172775
-0,04589043671149977; 0,3639722103253007; 0,3357885740697384; 0,8328592218458652; 0,5729615334421396; 0,6443585865199566; 0,2501999964006245; 0,15339652821421623; 0,8507742830552161; 0,8486470459029078; 0,9443059293553233
-0,04740148795188321; 0,9416500004008412; 0,2921097110956907; 0,5827504773624241; 0,5813695718534291; 0,10788234043866396; 0,42851495277136564; 0,5015432112850249; 0,6937162629328668; 0,35365560557693243; 0,6872852160595357
-0,047177433470499935; 0,024106547236442566; 0,053384795784950256; 0,11846204195171595; 0,2457092897966504; 0,3997191824018955; 0,24859590688720345; 0,7393809659406543; 0,7061882158741355; 0,30313126975670457; 0,4287163261324167
-0,046734932710534804; 0,5699003073386848; 0,39012382505461574; 0,9953435240313411; 0,569135898258537; 0,15241037728264928; 0,7362792962230742; 0,20922915544360876; 0,20012391963973641; 0,21808357583358884; 0,4241459327749908
-0,04731619318529882; 0,8472414710558951; 0,19396797148510814; 0,6425310210324824; 0,43648275546729565; 0,5632107341662049; 0,6233467599377036; 0,8667237935587764; 0,3454897468909621; 0,7386658494360745; 0,744902512524277
-0,020608458871219405; 0,43119849171489477; 0,6561525482684374; 0,8210458941757679; 0,8857855466194451; 0,581642147153616; 0,9945775102823973; 0,6737783350981772; 0,3474382795393467; 0,9934002161026001; 0,8936398662626743
-0,04679337815860848; 0,6761148455552757; 0,4708494716323912; 0,9905298426747322; 0,2039505592547357; 0,21396276028826833; 0,01467234781011939; 0,397899039555341; 0,8778506899252534; 0,896053318399936; 0,9146130811423063
-0,04507778512453174; 0,42104935459792614; 0,3625519177876413; 0,6534449490718544; 0,426014366094023; 0,2890262268483639; 0,5837170542217791; 0,44763391511514783; 0,3934352798387408; 0,7543216543272138; 0,14958553155884147
-0,047154081186122736; 0,5799506823532283; 0,18773118779063225; 0,15927556063979864; 0,3362548756413162; 0,49372547259554267; 0,21129567828029394; 0,17786134267225862; 0,8634296972304583; 0,5210309149697423; 0,03200144972652197
-0,04400492533567753; 0,39952117623761296; 0,9649991188198328; 0,37791225779801607; 0,882688544690609; 0,7491173055022955; 0,09422307601198554; 0,5582748674787581; 0,8134936890564859; 0,37205620855093; 0,7491312213242054
-0,04171258375676048; 0,406896049156785; 0,6886186050251126; 0,09098711190745234; 0,5684848590753973; 0,6647873241454363; 0,3159834868274629; 0,06490938970819116; 0,7541455938480794; 0,08963757334277034; 0,3954654326662421
-0,0471837960301884; 0,6031728810630739; 0,15488188760355115; 0,6375472517684102; 0,18457589810714126; 0,9753783829510212; 0,9285591398365796; 0,9875270673073828; 0,8137024138122797; 0,729378585703671; 0,8993144100531936
0,04320778220057791; 0,4332427945919335; 0,7867637001909316; 0,7182545429095626; 0,6056490470655262; 0,7000386188738048; 0,18791442969813943; 0,4793020491488278; 0,7499204552732408; 0,6290507828816772; 0,28803688241168857
0,04721420390245095; 0,6825194545090199; 0,7749217469245195; 0,17291510105133057; 0,5119750681333244; 0,8751468295231462; 0,17396234907209873; 0,12722684862092137; 0,14413611264899373; 0,5340626211836934; 0,8828906118869781
0,037978072825996925; 0,2997046676464379; 0,3500805711373687; 0,07402410544455051; 0,8468162808567286; 0,3729419489391148; 0,9424381889402866; 0,47962767956778407; 0,8906579269096255; 0,4494895488023758; 0,6199776572175324
-0,046998580145122745; 0,6339526460506022; 0,3437293223105371; 0,6637570313178003; 0,5065581467933953; 0,46416058111935854; 0,8345942227169871; 0,1343186730518937; 0,7987534999847412; 0,13900364935398102; 0,7866834495216608
-0,04688692751653783; 0,9984505148604512; 0,9183031977154315; 0,3944730474613607; 0,5537185906432569; 0,632467744871974; 0,8979514772072434; 0,378502294421196; 0,9089332246221602; 0,01006634533405304; 0,9012527433224022
-0,047250738671862275; 0,6646608342416584; 0,24155888799577951; 0,6345276185311377; 0,5237271022051573; 0,07845069421455264; 0,6177547546103597; 0,7471207929775119; 0,6819708659313619; 0,07030950533226132; 0,6524983355775476
-0,04723676102387345; 0,01018045237287879; 0,004532509949058294; 0,9310192381963134; 0,09630373539403081; 0,7640785123221576; 0,545623455196619; 0,873413837980479; 0,9881854173727334; 0,9151055077090859; 0,05800273409113288
-0,04696100876874926; 0,0633891741745174; 0,12578533636406064; 0,9078614399768412; 0,17320301476866007; 0,9316661665216088; 0,33092283830046654; 0,9438710412941873; 0,3950449335388839; 0,5240449612028897; 0,40871312748640776
-0,04363531589452204; 0,5810505202971399; 0,9908315213397145; 0,26667366083711386; 0,15193745214492083; 0,31206123251467943; 0,5413056458346546; 0,9159374926239252; 0,9039324475452304; 0,6881204345263541; 0,6392336115241051
-0,047144435270744606; 0,6246675616130233; 0,2218456231057644; 0,798313154373318; 0,2890099287033081; 0,5250882776454091; 0,9070943049155176; 0,8411640957929194; 0,4783897320739925; 0,6114354380406439; 0,8097286839038134
-0,04699981780929441; 0,6767942933365703; 0,41425652522593737; 0,8063377304933965; 0,3269403357990086; 0,927460721693933; 0,8860559058375657; 0,29745455645024776; 0,5535264727659523; 0,06553463079035282; 0,34055066015571356
-0,04638142241008771; 0,20975860813632607; 0,14981416007503867; 0,006813005544245243; 0,14127142634242773; 0,5227554845623672; 0,4520690203644335; 0,5041045523248613; 0,9676771364174783; 0,9066169974394143; 0,30218205973505974
-0,0460767153687293; 0,6651354809291661; 0,563590987585485; 0,7231217087246478; 0,1708344081416726; 0,7027627415955067; 0,09755617706105113; 0,330600103829056; 0,6269860207103193; 0,3145911330357194; 0,5084734843112528
-0,047346603722255146; 0,7789104282855988; 0,46255675610154867; 0,436049051117152; 0,7142470516264439; 0,27014719834551215; 0,3850110247731209; 0,039320495910942554; 0,48268868075683713; 0,4856239394284785; 0,6193081149831414
-0,045603787495620676; 0,07551496662199497; 0,8900136752054095; 0,06923522893339396; 0,8444044915959239; 0,4233025801368058; 0,19011917570605874; 0,9218051610514522; 0,39640588918700814; 0,8977338280528784; 0,5357065754942596
-0,04753325175871891; 0,7248185002245009; 0,045366975013166666; 0,3797118370421231; 0,7821962931193411; 0,11626912700012326; 0,999516072217375; 0,22387347696349025; 0,0015951376408338547; 0,008455780800431967; 0,9980407431721687
-0,0063251783811738805; 0,7201281683519483; 0,9852471607737243; 0,6797450794838369; 0,6746652419678867; 0,7735736845061183; 0,9464086429215968; 0,26471218513324857; 0,34587649442255497; 0,8491910677403212; 0,07956498302519321
-0,041857213222882425; 0,46320783253759146; 0,46082626143470407; 0,534393647685647; 0,43166370829567313; 0,7443140377290547; 0,0563713563606143; 0,9666422186419368; 0,5802752575837076; 0,4415429178625345; 0,05385575396940112
0,030175910053442802; 0,33226578449830413; 0,6529994891025126; 0,5691522811539471; 0,843022161629051; 0,9727516854181886; 0,031611820217221975; 0,027776028960943222; 0,32419961877167225; 0,5946499747224152; 0,17642660532146692
-0,04714154998010693; 0,7868674555793405; 0,4328902726992965; 0,1268959785811603; 0,3689478705637157; 0,08742013946175575; 0,9628591993823647; 0,21011605951935053; 0,9435597388073802; 0,932243378367275; 0,9619993134401739
-0,047235459883229323; 0,5771348476409912; 0,04160968819633126; 0,8470457103103399; 0,011638053227216005; 0,41331418603658676; 0,3325208341702819; 0,19711605366319418; 0,8942104182206094; 0,9787820200435817; 0,6847239220514894
0,008738979113049028; 0,1725342576391995; 0,6200003679841757; 0,937299077399075; 0,06564491940662265; 0,3914272338151932; 0,21900172671303153; 0,25468964222818613; 0,12613940751180053; 0,8794664023444057; 0,353348545730114
-0,044462494927477995; 0,500564276240766; 0,9550169077701867; 0,19222625438123941; 0,7610705900005996; 0,39650655211880803; 0,3094258448109031; 0,8260022480972111; 0,7417424372397363; 0,826860866509378; 0,15675368811935186
-0,04433870852427176; 0,3601179514080286; 0,9680435871705413; 0,30463947262614965; 0,42941493447870016; 0,7051131706684828; 0,8107201084494591; 0,3908284059725702; 0,47228132374584675; 0,8734772591851652; 0,2902992623858154
-0,047798495343505235; 0,26938494062051177; 0,024366687051951885; 0,22356940992176533; 0,979548959992826; 0,05286804819479585; 0,9276783284731209; 0,040558802895247936; 0,9278177404776216; 0,6497080428525805; 0,6630450836382806
-0,046652987563977025; 0,7020733361132443; 0,4543040110729635; 0,2852036966942251; 0,04067983152344823; 0,3792991694062948; 0,4977866280823946; 0,1869517001323402; 0,4141064751893282; 0,7683862186968327; 0,7982881362549961
-0,04092438409325523; 0,014763867948204279; 0,4949663602747023; 0,1164150070399046; 0,20450872601941228; 0,0396524821408093; 0,7683504074811935; 0,6990515850484371; 0,3250427250750363; 0,4237940674647689; 0,23622139124199748
-0,04421034395333057; 0,15547390142455697; 0,7698994763195515; 0,27641706401482224; 0,7002629144117236; 0,9877681462094188; 0,9718756317161024; 0,6463180556893349; 0,2102083070203662; 0,23041040543466806; 0,6448609218932688
-0,04756217098890501; 0,6626005098223686; 0,11506925104185939; 0,7743467185646296; 0,812258146237582; 0,4044179576449096; 0,8248828900977969; 0,7880230522714555; 0,5281952191144228; 0,8694399814121425; 0,31647461792454123
-0,006262356556057579; 0,2800081670284271; 0,4952739290893078; 0,23793443106114864; 0,3057836014777422; 0,48519917484372854; 0,31636134861037135; 0,1534482492133975; 0,34306482039391994; 0,6062601720914245; 0,13676788890734315
0,04741952808168141; 0,2782653206959367; 0,5347387050278485; 0,5477954889647663; 0,7139708236791193; 0,0760144148953259; 0,7467487072572112; 0,819852658547461; 0,3161992263048887; 0,9347513527609408; 0,03093939321115613
-0,04778566761693047; 0,8446723087690771; 0,1033995053730905; 0,6656616213731468; 0,9413834707811475; 0,7947890935465693; 0,07728196075186133; 0,9967413051053882; 0,9838675400242209; 0,5419097035191953; 0,8716841130517423
-0,019945541541525474; 0,44581702305004; 0,4843797292560339; 0,13729401445016265; 0,7829067753627896; 0,6980733587406576; 0,803469420876354; 0,7578359777107835; 0,43117198441177607; 0,48334426060318947; 0,21143439318984747
-0,047220780688658245; 0,9751044483855367; 0,6168371541425586; 0,02084245951846242; 0,21393000055104494; 0,7971480581909418; 0,09955113660544157; 0,6989816310815513; 0,643750486895442; 0,9051436139270663; 0,11822537891566753
-0,03802817813884725; 0,18425540486350656; 0,923860948998481; 0,689550329465419; 0,5580109204165637; 0,9780692053027451; 0,024057394359260798; 0,5228614066727459; 0,7663369164802134; 0,16530042933300138; 0,41104865865781903
-0,03744572645421632; 0,2392952386289835; 0,5503246067091823; 0,18396636145189404; 0,5799842956475914; 0,728668546769768; 0,15384223777800798; 0,7960973083972931; 0,5668954621069133; 0,47821706254035234; 0,30314757488667965
-0,04779271604646517; 0,9323976268060505; 0,4940816657617688; 0,4042792394757271; 0,9485183511860669; 0,5698696351610124; 0,055038667283952236; 0,6219695596955717; 0,9854034804739058; 0,48401237931102514; 0,8020913149230182
-0,0425767042582138; 0,5940782665275037; 0,49429299496114254; 0,2723716739565134; 0,14974461728706956; 0,07591538596898317; 0,13362728711217642; 0,7115563498809934; 0,23718991177156568; 0,3407462053000927; 0,873682979028672
-0,04359472314960263; 0,17199666798114777; 0,8264769185334444; 0,3594263601116836; 0,8075046464800835; 0,8648463818244636; 0,5677400431595743; 0,8398376102559268; 0,8620964507572353; 0,20961485151201487; 0,11960718734189868
-0,040030857953976366; 0,20918088266626; 0,4790370832197368; 0,019429571460932493; 0,933856456540525; 0,7413587840273976; 0,8374727698974311; 0,10112434485927224; 0,4929079068824649; 0,5608713505789638; 0,49193140026181936
-0,0377760807853967; 0,4971926514990628; 0,47198303416371346; 0,36519471649080515; 0,3444337546825409; 0,40038657607510686; 0,5009942604228854; 0,21385514875873923; 0,03835580451413989; 0,5735662938095629; 0,10684593860059977
-0,04742789180040568; 0,834387484472245; 0,3152391603216529; 0,41677076276391745; 0,6334419432096183; 0,644251651596278; 0,4083453780040145; 0,5320088295266032; 0,3787032039836049; 0,6630614493042231; 0,5410441868007183
-0,03574834747418926; 0,5563638634048402; 0,48000556929036975; 0,12958099273964763; 0,6438004383817315; 0,2723509827628732; 0,1954097580164671; 0,4517974848859012; 0,3379651727154851; 0,831632720772177; 0,8285941742360592
-0,04726909767046673; 0,8769205217249691; 0,5688049183227122; 0,41621939511969686; 0,29018674325197935; 0,26884437585249543; 0,24072436429560184; 0,2381692761555314; 0,23381469259038568; 0,9071635841391981; 0,8330666767433286
-0,0284020232245354; 0,175933588296175; 0,7971142819151282; 0,9842791827395558; 0,1901438171043992; 0,3245988697744906; 0,8899832391180098; 0,831448501907289; 0,5593435764312744; 0,10533705446869135; 0,3394547365605831
-0,04603441928730815; 0,3022025595419109; 0,2901931442320347; 0,9176224251277745; 0,5328157278709114; 0,1746069062501192; 0,2155032060109079; 0,5900865076109767; 0,16872527031227946; 0,6229270491749048; 0,9395010522566736
0,009647463352205813; 0,09428186761215329; 0,7425317717716098; 0,8793588210828602; 0,03649349557235837; 0,02980910986661911; 0,053742831107228994; 0,002272901125252247; 0,7047907165251672; 0,743295902851969; 0,6374422055669129
-0,045200001109943266; 0,022386213298887014; 0,8451479328796268; 0,14048781944438815; 0,977733398322016; 0,15613370342180133; 0,13397465273737907; 0,7234360845759511; 0,14848994184285402; 0,7621024460531771; 0,5053036883473396
-0,04423463803422544; 0,6272424915805459; 0,6125860689207911; 0,5895332079380751; 0,790112528949976; 0,9857041710056365; 0,949405706487596; 0,22271724790334702; 0,8288464844226837; 0,5659571001306176; 0,005785622633993626
-0,04327332262907985; 0,15095788706094027; 0,5366235990077257; 0,048872772604227066; 0,8338151085190475; 0,8543502148240805; 0,32444686722010374; 0,2890528552234173; 0,22938506118953228; 0,3318105647340417; 0,44242141488939524
-0,047306878470595747; 0,7656169761903584; 0,24388448102399707; 0,9024985725991428; 0,5119744306430221; 0,7269981475546956; 0,9863380747847259; 0,29332434106618166; 0,30490643018856645; 0,06706470670178533; 0,9077951940707862
-0,046821125547659666; 0,09737856546416879; 0,14488417748361826; 0,4230423648841679; 0,6867044903337955; 0,8485308471135795; 0,2723897276446223; 0,30063684470951557; 0,7387825311161578; 0,6855544932186604; 0,19162454269826412
-0,047320404501766625; 0,7862871866673231; 0,4453410357236862; 0,8704138803295791; 0,6129870791919529; 0,018811410758644342; 0,47405783040449023; 0,23926604399457574; 0,7717311810702085; 0,27481836499646306; 0,8806602014228702
-0,04727032690175676; 0,8490526680834591; 0,6168598225340247; 0,038541330955922604; 0,49723118357360363; 0,47736039897426963; 0,6958748609758914; 0,3315415740944445; 0,4957517203874886; 0,6496811253018677; 0,20006445236504078
-0,025153287247006675; 0,5977769671007991; 0,6657979399897158; 0,5002257279120386; 0,03450803132727742; 0,6806393517181277; 0,5379419387318194; 0,49253155291080475; 0,85648197773844; 0,5240845754742622; 0,7309750760905445
-0,015036279821435534; 0,4438458136282861; 0,7194358869455755; 0,42802280420437455; 0,8728695418685675; 0,31417449936270714; 0,5547620635479689; 0,4544209549203515; 0,03653254872187972; 0,20656824484467506; 0,614681204315275
0,04571694188667158; 0,30725686019286513; 0,592666660901159; 0,6802002992480993; 0,936525390483439; 0,884528299793601; 0,7366067878901958; 0,12420586496591568; 0,9409647947177291; 0,5678767808713019; 0,7491000713780522
-0,047222878308441685; 0,9957814272493124; 0,09149418212473392; 0,5210685208439827; 0,07073608692735434; 0,6877748700790107; 0,7784040747210383; 0,4041790501214564; 0,6669219979085028; 0,5452450960874557; 0,4056175877340138
-0,045934122662709694; 0,7624869169667363; 0,698422524612397; 0,5626551043242216; 0,2631871863268316; 0,07321813143789768; 0,9964242018759251; 0,24827612191438675; 0,4894971610046923; 0,6111365235410631; 0,8064613193273544
-0,03993630968840975; 0,5334128234535456; 0,5380690013989806; 0,5556933498010039; 0,8814153322018683; 0,016568275168538094; 0,48003118112683296; 0,9784153611399233; 0,2202846258878708; 0,8212846415117383; 0,6959538795053959
-0,032342199837234034; 0,5080063757486641; 0,6245558634400368; 0,6928169494494796; 0,3234960841946304; 0,70553805725649; 0,24147329945117235; 0,4307158589363098; 0,724019450135529; 0,9907517898827791; 0,2862736191600561
-0,04432544335860487; 0,23961240518838167; 0,3116455664858222; 0,7377513879910111; 0,7354440903291106; 0,2245639180764556; 0,2138241189531982; 0,3789923028089106; 0,9230610853992403; 0,23747372766956687; 0,8857837123796344
-0,04747621832178322; 0,6858949204906821; 0,18169247778132558; 0,29510587453842163; 0,7362800249829888; 0,6427315827459097; 0,5627958211116493; 0,7335897688753903; 0,8755312277935445; 0,08265476394444704; 0,11780967842787504
-0,047239606324895315; 0,7555505745112896; 0,21575340488925576; 0,39706666488200426; 0,2378802471794188; 0,6329430723562837; 0,2820305717177689; 0,11145451106131077; 0,04978205868974328; 0,9185404046438634; 0,234280691947788
0,003939576602088944; 0,3961824085563421; 0,6134158060885966; 0,3607668490149081; 0,6634775972925127; 0,6762624308466911; 0,4659289848059416; 0,9458498610183597; 0,5890139201655984; 0,7802810342982411; 0,5359062203206122
-0,018151520566168925; 0,38383438950404525; 0,7255772515200078; 0,48536287853494287; 0,48930014995858073; 0,03402905724942684; 0,28994100308045745; 0,2028575032018125; 0,35140375094488263; 0,8788568759337068; 0,4016925278119743
-0,0014202893088813865; 0,1512790904380381; 0,8222582950256765; 0,8343618544749916; 0,0979577787220478; 0,9358118698000908; 0,7574540749192238; 0,8184818844310939; 0,3360974183306098; 0,19557878375053406; 0,7164465710520744
-0,046788960718460684; 0,15347824338823557; 0,138950000051409; 0,6041069426573813; 0,3922104286029935; 0,06477673444896936; 0,6343401721678674; 0,06022986024618149; 0,3298187772743404; 0,9293365483172238; 0,4335789098404348
-0,04715902928919468; 0,21889612078666687; 0,07928548334166408; 0,6914209248498082; 0,14967442397028208; 0,32300108578056097; 0,15193584375083447; 0,5659565790556371; 0,2484792354516685; 0,9234718722291291; 0,8774867285974324
-0,04288648695266104; 0,39444822212681174; 0,7229855326004326; 0,07002094108611345; 0,9042100762017071; 0,33704272378236055; 0,2653192379511893; 0,20828756084665656; 0,005419272929430008; 0,0831734030507505; 0,03533959435299039
-0,04531882527279314; 0,684856005012989; 0,7125724074430764; 0,9558621761389077; 0,6131327566690743; 0,6497701229527593; 0,28897994570434093; 0,15319723030552268; 0,03825262328609824; 0,07880991650745273; 0,5390145676210523
0,003476673817726471; 0,06316341133788228; 0,30802979599684477; 0,240526816342026; 0,323706881608814; 0,09545032773166895; 0,5564222219400108; 0,16437754780054092; 0,5460467860102654; 0,9089945596642792; 0,9208862232044339
-0,025566145274998144; 0,39467730512842536; 0,6357598672620952; 0,8318491936661303; 0,7763919536955655; 0,935342765878886; 0,2709502703510225; 0,19263164838775992; 0,9791256710886955; 0,5051596323028207; 0,1380308917723596
-0,0466392983630049; 0,565437481738627; 0,3338200314901769; 0,2659514043480158; 0,7860798803158104; 0,3613096890039742; 0,6255097948014736; 0,31241494230926037; 0,3860541512258351; 0,7864539809525013; 0,3890492548234761
-0,047791715481402916; 0,9945300975814462; 0,24614733923226595; 0,3723926041275263; 0,9753568195737898; 0,7897023479454219; 0,9065236849710345; 0,1222230102866888; 0,3765410534106195; 0,8974392027594149; 0,510578918736428
-0,04736174543727947; 0,8036952912807465; 0,540666516404599; 0,6068768934346735; 0,7017757971771061; 0,5388055550865829; 0,29571393551304936; 0,20244221528992057; 0,7357599795795977; 0,29706078162416816; 0,5944773284718394
-0,020976215085659215; 0,19267441285774112; 0,3564980090595782; 0,46101430244743824; 0,5726885232143104; 0,2324349614791572; 0,4810139685869217; 0,1454561883583665; 0,41919502848759294; 0,34060143027454615; 0,19407366774976254
-0,04735139299228841; 0,9403767408803105; 0,10121203307062387; 0,7626440138556063; 0,5182383605279028; 0,5634586168453097; 0,756948524620384; 0,9053810811601579; 0,22493993863463402; 0,37247595842927694; 0,6420926302671432
-0,04145330319459058; 0,4769162549637258; 0,9349663024768233; 0,3950871000997722; 0,7562175886705518; 0,01262009097263217; 0,14011997496709228; 0,39770641503855586; 0,12481277249753475; 0,7680175434798002; 0,06906544649973512
-0,047237551473520205; 0,9576455852948129; 0,4670278914272785; 0,32936072815209627; 0,21365942806005478; 0,5048146587796509; 0,5571982129476964; 0,3663248629309237; 0,9717369005084038; 0,6479763654060662; 0,057519656140357256
-0,0134886821786341; 0,4087276812642813; 0,5526704085059464; 0,15250315330922604; 0,8971572518348694; 0,6189119545742869; 0,80150245456025; 0,7256384193897247; 0,23880163580179214; 0,16542362654581666; 0,612780830822885
-0,04733319228742258; 0,24307538336142898; 0,07765163714066148; 0,9405134762637317; 0,5815111505798995; 0,482570827472955; 0,4362690788693726; 0,7084500985220075; 0,8073098831810057; 0,9807076039724052; 0,9338583629578352
-0,047571395914543936; 0,7382455212064087; 0,1724297278560698; 0,670282234903425; 0,806041079107672; 0,6237819888629019; 0,5675777262076735; 0,5239639761857688; 0,5541310096159577; 0,5707427430897951; 0,3968407027423382
-0,04717479486193934; 0,9614507397636771; 0,6546476767398417; 0,8336652335710824; 0,046672102995216846; 0,9423487456515431; 0,8801370868459344; 0,4222996886819601; 0,9527668049558997; 0,925443772226572; 0,5373147134669125
-0,037303190361194546; 0,22871221555396914; 0,5502982409670949; 0,18254009494557977; 0,8026995160616934; 0,5653840098530054; 0,11744548054412007; 0,9014858771115541; 0,773986360989511; 0,7457743547856808; 0,14897441258653998
-0,047834328338037045; 0,9922858430072665; 0,14939447678625584; 0,7567178192548454; 0,9955326020717621; 0,19774810364469886; 0,8780809887684882; 0,8881882461719215; 0,7707574875093997; 0,04669955186545849; 0,6474858424626291
-0,047219627011795405; 0,2663685898296535; 0,01467380253598094; 0,6781195881776512; 0,01951537886634469; 0,7727882973849773; 0,7903762375935912; 0,6811084798537195; 0,36714573251083493; 0,19884921424090862; 0,2814563661813736
-0,012175101892417847; 0,05895058950409293; 0,7237543584778905; 0,7106522424146533; 0,5662670931778848; 0,14556126948446035; 0,6376217058859766; 0,49012061627581716; 0,3540502698160708; 0,3901218888349831; 0,09751735674217343
-0,0210471601163831; 0,630567473359406; 0,8897093893028796; 0,47556419810280204; 0,8429194255732; 0,0687167914584279; 0,9271903005428612; 0,3787525733932853; 0,9811574975028634; 0,31425694189965725; 0,3696142812259495
-0,04730122217458961; 0,5694687813520432; 0,013392611872404814; 0,7966786432079971; 0,42431499995291233; 0,7232227060012519; 0,8425857028923929; 0,5160984615795314; 0,08716220315545797; 0,5238184458576143; 0,8025496378540993
-0,04724049235512716; 0,6881437092088163; 0,14439309295266867; 0,39096361072734; 0,21512688416987658; 0,8384533184580505; 0,2707776250317693; 0,5628313599154353; 0,19857456255704165; 0,763732548803091; 0,040768338833004236
-0,03350423309434533; 0,2148067308589816; 0,667822543065995; 0,4624984171241522; 0,00836802739650011; 0,8499288815073669; 0,7544478345662355; 0,5170872951857746; 0,6410412956029177; 0,8572203600779176; 0,0018481751903891563
-0,047342925105795665; 0,4842193219810724; 0,02274621045216918; 0,28400149242952466; 0,5077517456375062; 0,3310096366330981; 0,7712291884236038; 0,18606729106977582; 0,3089954750612378; 0,9471880472265184; 0,30321840196847916
-0,01675271522913035; 0,4486675993539393; 0,9365649386309087; 0,7922205072827637; 0,48102079750970006; 0,8412438472732902; 0,1743385549634695; 0,5640627723187208; 0,7947797537781298; 0,7623558882623911; 0,8953165500424802
-0,04666098258385524; 0,27590851904824376; 0,2259148289449513; 0,7049871198832989; 0,7951499740593135; 0,5151469772681594; 0,09301347238942981; 0,45153828663751483; 0,8095107041299343; 0,2860528393648565; 0,13781113643199205
-0,03417574658927232; 0,5643140636384487; 0,7455275412648916; 0,12666380172595382; 0,2482417207211256; 0,100750005338341; 0,442828721832484; 0,2195995138026774; 0,3819144070148468; 0,18464411469176412; 0,7159661678597331
0,012611338737246727; 0,1976424385793507; 0,48122323025017977; 0,4484547390602529; 0,5352648934349418; 0,495721451472491; 0,5574763873592019; 0,5706572406925261; 0,13411770993843675; 0,3759601837955415; 0,34617209807038307
-0,04154775043549755; 0,4924464258365333; 0,9434369723312557; 0,39949044678360224; 0,791356049478054; 0,19822971243411303; 0,9191574361175299; 0,6456691669300199; 0,8627799493260682; 0,08933032723143697; 0,5708163431845605
-0,046074430834649384; 0,3867639573290944; 0,28058983059599996; 0,6376848928630352; 0,2213875027373433; 0,29848061548545957; 0,6864953823387623; 0,9621808095835149; 0,6618098616600037; 0,6789362891577184; 0,9507549121044576
-0,04692266633524387; 0,5608264743350446; 0,2726674252189696; 0,6249807327985764; 0,2857696497812867; 0,3288629958406091; 0,4866638518869877; 0,09333106828853488; 0,1186091722920537; 0,7864938690327108; 0,01577202882617712
-0,012158822960809173; 0,21297110430896282; 0,7517516515217721; 0,7035742863081396; 0,9854751662351191; 0,8784211007878184; 0,7132949372753501; 0,9075734261423349; 0,3298307694494724; 0,7062215963378549; 0,8195206220261753
-0,02750682878507558; 0,55121557880193; 0,6524840695783496; 0,26810636185109615; 0,9572183694690466; 0,6046143756248057; 0,4599433457478881; 0,1474452270194888; 0,7001844048500061; 0,4106794176623225; 0,9173739282414317
-0,03252061230071483; 0,22056556539610028; 0,4386103982105851; 0,040461184456944466; 0,1582671799696982; 0,6508224280551076; 0,5694884150288999; 0,2737587681040168; 0,30879920488223433; 0,04184606997296214; 0,8293568603694439
-0,047657003939273426; 0,22955457353964448; 0,11856542574241757; 0,6531010032631457; 0,9684013403020799; 0,9238595603965223; 0,1307732705026865; 0,04451147746294737; 0,7031454518437386; 0,2852272968739271; 0,7317822375334799
-0,0472012919504941; 0,6006761244498193; 0,15141423605382442; 0,2913273046724498; 0,2516624708659947; 0,9622678682208061; 0,7851646929048002; 0,12923938129097223; 0,030330860521644354; 0,2837660498917103; 0,515687785577029
-0,04743889183531997; 0,04379684804007411; 0,07799433823674917; 0,48484322940930724; 0,8450395851396024; 0,37870137160643935; 0,7844787226058543; 0,25086953677237034; 0,2384823844768107; 0,783667344134301; 0,6127630430273712
-0,024732293239543887; 0,1074579730629921; 0,311172385700047; 0,4587283101864159; 0,09599028714001179; 0,06623459747061133; 0,09629477234557271; 0,0839034584350884; 0,6051042983308434; 0,17839116184040904; 0,00810145540162921
-0,047803282007740096; 0,7587149618193507; 0,10115082236006856; 0,42339601973071694; 0,9750204212032259; 0,8891080943867564; 0,8218051996082067; 0,6367287077009678; 0,5476975454948843; 0,5433659539557993; 0,3368815672583878
-0,04719359135615692; 0,9399992902763188; 0,8279643598943949; 0,5372858480550349; 0,19128633057698607; 0,8746950589120388; 0,6509734904393554; 0,4472261038608849; 0,5090948487631977; 0,23865378042683005; 0,6708917417563498
-0,04744714035562821; 0,1957469484768808; 0,06340988352894783; 0,9318476342596114; 0,7230330514721572; 0,41045502247288823; 0,6442800611257553; 0,15393600380048156; 0,35353333223611116; 0,6865779054351151; 0,46378590958192945
-0,0453854980136204; 0,07610796624794602; 0,2534435521811247; 0,9497038102708757; 0,31404985720291734; 0,6159230512566864; 0,814101513940841; 0,8601975105702877; 0,627911179792136; 0,33190648443996906; 0,7643959373235703
-0,041871940625962695; 0,6946107526309788; 0,9001765768043697; 0,054597335401922464; 0,7048866911791265; 0,5804094951599836; 0,9855228802189231; 0,1321737002581358; 0,05921480059623718; 0,21581717813387513; 0,5703209289349616
-0,027355421161172476; 0,009090330451726913; 0,2839007992297411; 0,5000047637149692; 0,08980997512117028; 0,5381234758533537; 0,6777777676470578; 0,18163475021719933; 0,8366712918505073; 0,30380855966359377; 0,9619125514291227
-0,03989288494350337; 0,14247805159538984; 0,44787624664604664; 0,047823417000472546; 0,01657070079818368; 0,9146000519394875; 0,8500661347061396; 0,14600488916039467; 0,8062639934942126; 0,23587825754657388; 0,04566815122961998
0,030800110037137028; 0,16963234636932611; 0,869018373079598; 0,9614096926525235; 0,48195599345490336; 0,22062915563583374; 0,345867910888046; 0,3477342091500759; 0,16276217065751553; 0,7813821458257735; 0,7770025320351124
0,03535979330324502; 0,7158657847903669; 0,7884377310983837; 0,26603024220094085; 0,806189903523773; 0,43101792177185416; 0,11916189920157194; 0,5605023996904492; 0,32598217437043786; 0,5174166527576745; 0,5655360566452146
-0,04746672054760977; 0,9626854015514255; 0,2236944567412138; 0,08706600032746792; 0,6950157349929214; 0,8265878036618233; 0,795282818377018; 0,5749422903172672; 0,27537071192637086; 0,30855281790718436; 0,2192586432211101
-0,04777573418308652; 0,8152113552205265; 0,3904377748258412; 0,7739353612996638; 0,9594679037109017; 0,6638922858983278; 0,33664531959220767; 0,5850865952670574; 0,6166631793603301; 0,573793304618448; 0,7147012217901647
-0,04740373162225166; 0,3829810367897153; 0,0731909149326384; 0,629321695305407; 0,6353763621300459; 0,6006764215417206; 0,43189311446622014; 0,08647828502580523; 0,9584054732695222; 0,2591835488565266; 0,6611803858540952
-0,04325115880815538; 0,6442135758697987; 0,5074645443819463; 0,050527740735560656; 0,74189563235268; 0,2559947380796075; 0,5321606658399105; 0,9988644323311746; 0,14246094413101673; 0,13696250226348639; 0,4612233196385205
-0,033367304449720775; 0,14585345657542348; 0,7630686913616955; 0,6201265631243587; 0,4879749706014991; 0,9261868679895997; 0,9238354368135333; 0,46167853754013777; 0,3342773453332484; 0,422258323058486; 0,5103071434423327
-0,04297647723916525; 0,44099670741707087; 0,7388276308774948; 0,09531829552724957; 0,5027706394903362; 0,8447422692552209; 0,48326918529346585; 0,3310854732990265; 0,4717925125733018; 0,6578684668056667; 0,4302706881426275
-0,0037384125218238415; 0,16999572655186057; 0,4107565185986459; 0,5673729358240962; 0,8106176936998963; 0,7644847752526402; 0,5682245162315667; 0,9841582872904837; 0,0654136510565877; 0,4700271002948284; 0,3135867677628994
-0,04409944127579749; 0,14310063747689128; 0,763372509740293; 0,14959198655560613; 0,3110764962621033; 0,47960677137598395; 0,851567015517503; 0,6268355045467615; 0,977240864187479; 0,7411811649799347; 0,39148322818800807
0,018964048175982337; 0,029160829726606607; 0,6227152645587921; 0,8241807147860527; 0,4632125119678676; 0,7888436471112072; 0,021280033513903618; 0,22947552567347884; 0,8953771940432489; 0,6318421238102019; 0,19529003277420998
-0,047447403386188275; 0,9875185489654541; 0,6372571471147239; 0,0058530173264443874; 0,7675221222452819; 0,28562396112829447; 0,9443789832293987; 0,05435541132465005; 0,16436615865677595; 0,5918929977342486; 0,4382705236785114
-0,0409317111657514; 0,17345742462202907; 0,6013975236564875; 0,24102476751431823; 0,8695611692965031; 0,809701094403863; 0,9962854143232107; 0,3651158553548157; 0,37350419955328107; 0,8312964835204184; 0,3091562921181321
-0,04741229829101762; 0,8246609698981047; 0,3865423835813999; 0,7864532126113772; 0,6287679891102016; 0,582141533959657; 0,3348792199976742; 0,22845073183998466; 0,17615964030846953; 0,5053896075114608; 0,005661071743816137
-0,04724066076983358; 0,9026651307940483; 0,04889232851564884; 0,5228438344784081; 0,1141861374489963; 0,3246771818958223; 0,49655682034790516; 0,19613025290891528; 0,9595086635090411; 0,3370150406844914; 0,8520123944617808
0,03809985172202946; 0,2657860666513443; 0,6393933496437967; 0,7518676253966987; 0,9434998519718647; 0,8823545086197555; 0,22591911163181067; 0,16626841481775045; 0,5743264653719962; 0,49184715189039707; 0,9141666805371642
-0,010130421751341306; 0,26831864938139915; 0,9312371057458222; 0,867965982761234; 0,01354533014819026; 0,7625749385915697; 0,0036496585234999657; 0,2802132931537926; 0,9758635866455734; 0,9767224076204002; 0,5112932538613677
-0,04424769970274622; 0,14661171566694975; 0,2993677668273449; 0,8939000889658928; 0,279209962580353; 0,12631358951330185; 0,4621372832916677; 0,1557453004643321; 0,6967659704387188; 0,13736748974770308; 0,13060522032901645
-0,04737961042184354; 0,9375804555602372; 0,7230804045684636; 0,8101514521986246; 0,5817486857995391; 0,3051237924955785; 0,15626865485683084; 0,8367844386957586; 0,1601442857645452; 0,5115828048437834; 0,6330572040751576
-0,04723415044393029; 0,7862483114004135; 0,09698359109461308; 0,13536550756543875; 0,003395487554371357; 0,9565886626951396; 0,4487884044647217; 0,41745708510279655; 0,6240627821534872; 0,4891299866139889; 0,06971735367551446
-0,047220783384412233; 0,5356794237159193; 0,010916593950241804; 0,7647512685507536; 0,07886758167296648; 0,5576568199321628; 0,8403346622362733; 0,132711679674685; 0,6876684287562966; 0,16633431985974312; 0,9883371987380087
-0,04298537420693952; 0,08673171931877732; 0,9945279881358147; 0,4515169560909271; 0,5708045740611851; 0,14752217754721642; 0,06445189053192735; 0,8428048100322485; 0,26777494978159666; 0,2552291336469352; 0,6859763013198972
-0,04693673981450977; 0,40984248742461205; 0,2947612567804754; 0,7471517706289887; 0,9402368878945708; 0,7620272831991315; 0,13787592761218548; 0,7155506913550198; 0,8598255231045187; 0,7447788584977388; 0,7624230501241982
-0,04529138346169018; 0,024932775646448135; 0,21277436148375273; 0,7802698593586683; 0,4546230146661401; 0,4882627665065229; 0,5330898808315396; 0,6948417946696281; 0,834018369205296; 0,37392097571864724; 0,0710076792165637
-0,04694726733454778; 0,6689985799603164; 0,43297589011490345; 0,983351331204176; 0,5179184088483453; 0,2091196896508336; 0,9047525706700981; 0,9782768124714494; 0,8036034856922925; 0,7449176157824695; 0,7179588400758803
-0,04674774644124868; 0,808837081771344; 0,765977630391717; 0,9250764879398048; 0,2304575089365244; 0,5422875196672976; 0,966215250082314; 0,583651464432478; 0,3293301737867296; 0,2670211005024612; 0,4890957809984684
-0,044829216641685286; 0,7263030502945185; 0,6029065940529108; 0,021141395438462496; 0,8262708852998912; 0,11474513821303844; 0,2770454389974475; 0,06205234816297889; 0,9313399661332369; 0,05344354035332799; 0,1640337910503149
0,019759830658730222; 0,19645770452916622; 0,7459289324469864; 0,7575023300014436; 0,09470024984329939; 0,44710595114156604; 0,3906463459134102; 0,9691160046495497; 0,07409376697614789; 0,797188347671181; 0,6378750125877559
-0,047664333011594937; 0,8945244289934635; 0,28853994281962514; 0,13247564667835832; 0,8609850029461086; 0,7729820194654167; 0,38915564492344856; 0,052683417685329914; 0,6157155386172235; 0,2836187621578574; 0,8407018953002989
-0,04368909079357463; 0,24957625195384026; 0,3725432683713734; 0,8075768295675516; 0,8456113394349813; 0,7747561996802688; 0,43101810524240136; 0,29335492150858045; 0,3655969286337495; 0,15949174901470542; 0,9991815472021699
-0,024691231735337812; 0,49666523188352585; 0,610416189301759; 0,09190392820164561; 0,7266457765363157; 0,9332816572859883; 0,3239782019518316; 0,48621972696855664; 0,922929975669831; 0,36821948550641537; 0,5488693923689425
-0,03465804865455179; 0,21646328922361135; 0,9490670813247561; 0,6951921903528273; 0,1611547195352614; 0,3099342128261924; 0,053103615529835224; 0,4882418289780617; 0,3706421577371657; 0,6857573580928147; 0,38792818132787943
-0,04721920110900945; 0,9587485953234136; 0,7261254386976361; 0,47249986976385117; 0,3816674929112196; 0,06578583735972643; 0,696496456861496; 0,3962034825235605; 0,6355088371783495; 0,03302148636430502; 0,8412379929795861
-0,046374302002796415; 0,8731120117008686; 0,9716121470555663; 0,31500087259337306; 0,36341996490955353; 0,6302239270880818; 0,5209818743169308; 0,7914749905467033; 0,8680519992485642; 0,8033890230581164; 0,6875550430268049
-0,012297401439454545; 0,5407866542227566; 0,5680589484982193; 0,04451615549623966; 0,6487090229056776; 0,6702989209443331; 0,34562004590407014; 0,4705581748858094; 0,3128089136444032; 0,24336192198097706; 0,70231853146106
-0,04289634517152634; 0,4939081836491823; 0,5600684131495655; 0,8390189660713077; 0,24129554722458124; 0,7673260532319546; 0,3110420457087457; 0,8374568587169051; 0,777032523881644; 0,472362557426095; 0,20550637692213058
-0,047453787304369624; 0,9946548705920577; 0,39459028001874685; 0,48420308995991945; 0,6805991739965975; 0,36703326227143407; 0,1503753992728889; 0,9747785064391792; 0,5399420582689345; 0,4691786118783057; 0,6512614539824426
-0,044257301355326135; 0,02830911660566926; 0,2554577407427132; 0,8489747163839638; 0,7112098140642047; 0,29276682808995247; 0,15073922276496887; 0,30436823330819607; 0,4571451060473919; 0,6603381941094995; 0,22182392980903387
-0,02425808017869336; 0,1744985985569656; 0,38408982660621405; 0,5812088842503726; 0,9020965714007616; 0,5808467851020396; 0,42068319115787745; 0,6851824908517301; 0,21665965346619487; 0,18842728901654482; 0,8332472038455307
-0,037231783008375784; 0,23140105279162526; 0,7101320424117148; 0,38689155178144574; 0,7946578375995159; 0,09490708401426673; 0,9564485182054341; 0,8025207873433828; 0,44610334653407335; 0,2055044285953045; 0,0547434757463634
-0,03882306192869585; 0,3209264590404928; 0,743512183893472; 0,3306835312396288; 0,2770924475044012; 0,32886216370388865; 0,3629526668228209; 0,20819843979552388; 0,057247997261583805; 0,8446920141577721; 0,8413515114225447
-0,007376647116957731; 0,5020995871163905; 0,6930933445692062; 0,5215742699801922; 0,27207505935803056; 0,5319018242880702; 0,2969969864934683; 0,9024843750521541; 0,5876462012529373; 0,29355875169858336; 0,22128953505307436
-0,03316565718100751; 0,5927055687643588; 0,49963290011510253; 0,0035947798751294613; 0,039866261184215546; 0,2565632835030556; 0,0019688461907207966; 0,36141735734418035; 0,9471596363000572; 0,7652979493141174; 0,7904816661030054
-0,046491359785494214; 0,7241533230990171; 0,5090218274854124; 0,0848790998570621; 0,21790609508752823; 0,6207111021503806; 0,3997922367416322; 0,6531560309231281; 0,8320767371915281; 0,4889570898376405; 0,8654957329854369
-0,04729769484269731; 0,8259951481595635; 0,06416902085766196; 0,05486683687195182; 0,35462320456281304; 0,17024195473641157; 0,31468103267252445; 0,0032229754142463207; 0,1199516523629427; 0,5761391837149858; 0,7096189185976982
0,01516576197158363; 0,17639139713719487; 0,601854121312499; 0,9015992749482393; 0,12183537427335978; 0,05030956771224737; 0,05499629024416208; 0,5660730511881411; 0,045200472697615623; 0,05769013613462448; 0,6312586963176727
-0,020687650361365346; 0,3788968659937382; 0,9722355650737882; 0,8133457410149276; 0,6269795005209744; 0,23024796694517136; 0,8818184370175004; 0,5411914214491844; 0,15019864402711391; 0,5665744952857494; 0,5290758046321571
-0,04461253815080704; 0,3165220031514764; 0,9240911356173456; 0,14609868498519063; 0,1797489752061665; 0,26120204105973244; 0,15159334614872932; 0,21266845287755132; 0,22364033199846745; 0,5398729261942208; 0,8563387370668352
-0,04379995464532986; 0,40016447799280286; 0,36319817462936044; 0,4962306977249682; 0,42281170142814517; 0,5148361562751234; 0,04613545397296548; 0,20000294968485832; 0,7092412398196757; 0,33139382721856236; 0,13741728151217103
0,017792249897670556; 0,5413065762259066; 0,7211188352666795; 0,360942370723933; 0,06734004197642207; 0,012556601781398058; 0,3876809058710933; 0,04664304759353399; 0,9478474366478622; 0,2788405306637287; 0,8621251652948558
-0,010587534353141633; 0,3151031043380499; 0,5772445616312325; 0,7707093684002757; 0,7241929746232927; 0,738475224468857; 0,11351004708558321; 0,692432994954288; 0,1760950810275972; 0,9548690710216761; 0,6206487966701388
0,03058247255743066; 0,20809560734778643; 0,7356163435615599; 0,8520578378811479; 0,32418337324634194; 0,283762376755476; 0,4963554674759507; 0,6498382212594151; 0,09927421668544412; 0,45932938158512115; 0,5088912285864353
-0,047437870516615015; 0,9805424213409424; 0,6967810546047986; 0,45248036505654454; 0,7722803675569594; 0,09688394702970982; 0,6676786905154586; 0,46829862939193845; 0,07579036382958293; 0,3820651713758707; 0,6758148856461048
-0,041731757727371296; 0,784650968387723; 0,9273495716042817; 0,9594640773721039; 0,28716053161770105; 0,4666152666322887; 0,6778780058957636; 0,635141609236598; 0,9398591862991452; 0,1521296165883541; 0,7571343583986163
-0,04427054338702323; 0,6492205886170268; 0,5133230914361775; 0,17007500119507313; 0,46657396713271737; 0,29661535704508424; 0,5016868561506271; 0,9798464505001903; 0,02923276089131832; 0,22837012773379683; 0,806807872839272
-0,04687847407487689; 0,5532656307332218; 0,3296330044977367; 0,8600288410671055; 0,27182880183681846; 0,8717155405320227; 0,6119424225762486; 0,08894919091835618; 0,8992746598087251; 0,4901729794219136; 0,6371544329449534
0,020277959556778205; 0,6176079013384879; 0,8108547148294747; 0,4277797294780612; 0,17073489632457495; 0,41219918336719275; 0,02384391473606229; 0,48885149974375963; 0,9895026693120599; 0,7325230278074741; 0,41154732182621956
-0,04608313405084292; 0,24926785752177238; 0,2641181577928364; 0,799279697239399; 0,4849244523793459; 0,759496508166194; 0,4087227564305067; 0,28855540324002504; 0,084786974824965; 0,6427869028411806; 0,8641468328423798
-0,04428946495043444; 0,38859710190445185; 0,8230869299732149; 0,10748575814068317; 0,01350298523902893; 0,7244930458255112; 0,7662367913872004; 0,995736422482878; 0,35663442127406597; 0,13007768662646413; 0,6411333181895316
-0,04665526463796555; 0,12444695085287094; 0,1505460455082357; 0,3775955103337765; 0,8111050906591117; 0,06136495480313897; 0,46954855043441057; 0,2827989221550524; 0,6347694536671042; 0,0058329240418970585; 0,8563717948272824
-0,04776096930298936; 0,7467969791032374; 0,1213245545513928; 0,9282822636887431; 0,9333203216083348; 0,1279039685614407; 0,27669202676042914; 0,7061163615435362; 0,16823503514751792; 0,9764564125798643; 0,08032134314998984
-0,04724600434974937; 0,5060201520100236; 0,13145968690514565; 0,06663463963195682; 0,4821490552276373; 0,6815563123673201; 0,7049961648881435; 0,8268911107443273; 0,8485793294385076; 0,6481979680247605; 0,7692263266071677
-0,04550961710103051; 0,43749567586928606; 0,3322228118777275; 0,4519329550676048; 0,8392452821135521; 0,26584904454648495; 0,4545350195840001; 0,5355111286044121; 0,5972340339794755; 0,6588946464471519; 0,2466994016431272
-0,038221392993171746; 0,050976716447621584; 0,7146299970336258; 0,4533811737783253; 0,4638181193731725; 0,11572734545916319; 0,14267156412824988; 0,8405111460015178; 0,2783454558812082; 0,3458761414512992; 0,30426079872995615
-0,04740528176370268; 0,7760809827595949; 0,5489557008258998; 0,5574458697810769; 0,8884935448877513; 0,3028019233606756; 0,5122147807851434; 0,6663025170564651; 0,9146659774705768; 0,5220796433277428; 0,008064322173595428
-0,043499281760930604; 0,24543316243216395; 0,9072282733395696; 0,32930206414312124; 0,823678863234818; 0,2860429594293237; 0,630724708084017; 0,6136708618141711; 0,6641011354513466; 0,20027731591835618; 0,169175592251122
0,012530544916527168; 0,47758816881105304; 0,772434457205236; 0,8637227895669639; 0,5614561843685806; 0,9263570457696915; 0,8581773028708994; 0,878561488352716; 0,6981922704726458; 0,4481787164695561; 0,14187949104234576
-0,02637805258095395; 0,5592995914630592; 0,8479290958493948; 0,45604320568963885; 0,7536346800625324; 0,23897027596831322; 0,4195268703624606; 0,9011017717421055; 0,3376353173516691; 0,01235742773860693; 0,3513664472848177
-0,038942147427086335; 0,7894192328676581; 0,9001660002395511; 0,6671839142218232; 0,41712989332154393; 0,10804340010508895; 0,4631188679486513; 0,7227937309071422; 0,6047415975481272; 0,7694885316304862; 0,7728382451459765
-0,04557295078057056; 0,2078379075974226; 0,1767568993382156; 0,005705893971025944; 0,005800417624413967; 0,5710583082400262; 0,25135475350543857; 0,9337756708264351; 0,05666314763948321; 0,10400562174618244; 0,610246202442795
-0,04627600758613486; 0,17925531044602394; 0,1588353500701487; 0,19905766705051064; 0,39981488650664687; 0,34329117834568024; 0,2084448914974928; 0,678642125800252; 0,09937688615173101; 0,25676906015723944; 0,5666605434380472
-0,047750380221159676; 0,9031058996915817; 0,47176399640738964; 0,8947220370173454; 0,9388868836686015; 0,5960340024903417; 0,8016212042421103; 0,3036765377037227; 0,4174848720431328; 0,37197348615154624; 0,164477807469666
-0,035863744505725825; 0,5466341613791883; 0,8836651258170605; 0,44385426631197333; 0,5115576945245266; 0,5339974048547447; 0,8314732331782579; 0,6503751971758902; 0,5592862898483872; 0,6557591375894845; 0,6581309693865478
-0,04726292652930008; 0,9716402827762067; 0,11479457234963775; 0,26660251896828413; 0,21634661359712481; 0,14300415245816112; 0,1312005422078073; 0,39482018910348415; 0,2567578796297312; 0,7325242930091918; 0,15767109533771873
-0,04723235594630781; 0,8545116619206965; 0,30466402508318424; 0,7588604227639735; 0,010876321699470282; 0,8278298419900239; 0,4223315380513668; 0,5423540296033025; 0,8048233059234917; 0,469029163941741; 0,9837537705898285
-0,04770285177575621; 0,8027650322765112; 0,2702688528224826; 0,6819569673389196; 0,9308850918896496; 0,19926566258072853; 0,9541552462615073; 0,9961938261985779; 0,38756470708176494; 0,2872231104411185; 0,6251515978947282
0,043968666423258786; 0,41693180287256837; 0,7024778393097222; 0,7519761337898672; 0,18402145709842443; 0,6464474159292877; 0,7266354085877538; 0,4662144035100937; 0,7254502438008785; 0,9379299455322325; 0,42866951832547784
-0,04669739068069281; 0,8311052764765918; 0,8346975920721889; 0,7726085367612541; 0,26458695251494646; 0,5515607660636306; 0,17510382318869233; 0,6482053180225194; 0,2190702073276043; 0,17386906407773495; 0,6140808556228876
-0,047212206825775815; 0,7485691281035542; 0,1319679794833064; 0,09382782923057675; 0,1492624757811427; 0,538906121160835; 0,9233992588706315; 0,8656022297218442; 0,295879399869591; 0,42748734215274453; 0,6205112598836422
-0,04692843867650063; 0,513673753477633; 0,24816164327785373; 0,17383634531870484; 0,4905184116214514; 0,9977713413536549; 0,9873385257087648; 0,8286932772025466; 0,23712167795747519; 0,678767214063555; 0,2512415428645909
-0,04726047916245777; 0,7362269409932196; 0,12642196379601955; 0,5651811566203833; 0,3548806686885655; 0,17245260532945395; 0,8914464972913265; 0,03817187808454037; 0,5981550901196897; 0,6086927438154817; 0,8129832129925489
-0,04725787105952; 0,9567886744625866; 0,40925863245502114; 0,40763608692213893; 0,2705055004917085; 0,1891151573508978; 0,4435809445567429; 0,8081017979420722; 0,45926504908129573; 0,040221489034593105; 0,0621683937497437
-0,037149276652810606; 0,24252483760938048; 0,8487185048870742; 0,5507734450511634; 0,8141550323925912; 0,37170683732256293; 0,6658536940813065; 0,859701874665916; 0,43549034697934985; 0,43806818360462785; 0,4386481447145343
-0,007302619502621096; 0,024557688273489475; 0,546462194994092; 0,8261155379004776; 0,9840634050779045; 0,7134212772361934; 0,10730105265974998; 0,1650984031148255; 0,5495211742818356; 0,1781287221238017; 0,9633440286852419
-0,047639087118362636; 0,76159125007689; 0,14414412807673216; 0,7748472699895501; 0,8610258963890374; 0,6357917157001793; 0,7001497908495367; 0,5874659046530724; 0,1689223344437778; 0,5652142325416207; 0,7928137853741646
-0,022131131661972874; 0,48617531079798937; 0,6460066013969481; 0,733474635053426; 0,8733524014241993; 0,05401363782584667; 0,6780084017664194; 0,19229276990517974; 0,3085719062946737; 0,859585655387491; 0,9964195736683905
-0,04365859601802787; 0,11725213890895247; 0,6437499858438969; 0,08598293364048004; 0,2600262686610222; 0,4854960013180971; 0,7466390198096633; 0,7497940813191235; 0,4572537112981081; 0,26480857050046325; 0,8776231813244522
-0,0463133069219242; 0,7948110345751047; 0,7962339879013598; 0,8592999409884214; 0,3931036554276943; 0,4149033986032009; 0,05630505084991455; 0,04772243648767471; 0,4781110971234739; 0,6616058945655823; 0,9628188703209162
-0,04719932227485068; 0,27614794997498393; 0,08759167464450002; 0,275056644808501; 0,4193726978264749; 0,6295204837806523; 0,8298722831532359; 0,7653195448219776; 0,2858619559556246; 0,671574033331126; 0,9171595303341746
-0,04612440577321253; 0,46251875115558505; 0,31077584717422724; 0,5258525824174285; 0,23177478183060884; 0,44333650544285774; 0,28042869875207543; 0,19558804295957088; 0,642285717651248; 0,12728303018957376; 0,215573001652956
-0,04693143447949946; 0,5855907280929387; 0,3436088375747204; 0,8558393167331815; 0,5709267808124423; 0,3015135442838073; 0,686628398951143; 0,717032250482589; 0,40418224362656474; 0,33416252583265305; 0,800082681234926
-0,008646065153395657; 0,0037552346475422382; 0,6476541007868946; 0,676406639162451; 0,941772676538676; 0,2560588615015149; 0,5069109802134335; 0,41755282040685415; 0,35475587379187346; 0,44878803566098213; 0,8353526862338185
-0,0468388196463303; 0,6078606429509819; 0,2915360904298723; 0,15240062540397048; 0,2446446823887527; 0,26284840796142817; 0,09933416172862053; 0,13874898105859756; 0,08336955448612571; 0,028483450412750244; 0,44488711236044765
-0,02798919227287434; 0,480590149294585; 0,821542820893228; 0,5029416470788419; 0,8146464223973453; 0,5836519198492169; 0,7593879634514451; 0,2671563006006181; 0,9376652161590755; 0,2073766654357314; 0,8103810707107186
-0,04769819670119408; 0,6586953825317323; 0,06083490652963519; 0,5590293970890343; 0,9106116495095193; 0,2578526847064495; 0,8556238557212055; 0,6918100528419018; 0,7178168101236224; 0,8770570917986333; 0,4193028029985726
-0,03507540339033419; 0,037509537767618895; 0,6612081951461732; 0,49447829835116863; 0,6815935159102082; 0,4646360417827964; 0,9755542324855924; 0,21456420281901956; 0,4944679313339293; 0,6039288132451475; 0,5481065614148974
-0,04727837724778761; 0,8419413641095161; 0,009085578843951225; 0,254567202180624; 0,2881383406929672; 0,8284830036573112; 0,2994521171785891; 0,33642109809443355; 0,02330199535936117; 0,41500266874209046; 0,3817145084030926
-0,04719937934196314; 0,7911293120123446; 0,46572443284094334; 0,943016180768609; 0,31308417674154043; 0,6280953958630562; 0,1052664308808744; 0,6531832260079682; 0,7703528702259064; 0,20276211807504296; 0,7401220528408885
-0,026721968910148653; 0,6384291434660554; 0,7887293440289795; 0,7297155004926026; 0,7610179493203759; 0,875929850153625; 0,46915867226198316; 0,7150735706090927; 0,8949478617869318; 0,885290140286088; 0,3020917191170156
-0,027143137136758293; 0,5153134693391621; 0,7407712610438466; 0,30100215738639235; 0,6861860905773938; 0,4383270926773548; 0,8331669373437762; 0,9205819945782423; 0,04199220100417733; 0,7913380577228963; 0,30157771427184343
-0,04653076139567224; 0,9852450881153345; 0,9646308282390237; 0,5782564608380198; 0,4736878224648535; 0,2983973133377731; 0,1705538211390376; 0,9789651799947023; 0,6227430836297572; 0,8026858745142817; 0,6754013681784272
-0,04780379687325666; 0,7376874848268926; 0,26542968302965164; 0,40707824379205704; 0,990484369918704; 0,5334349223412573; 0,32127910293638706; 0,5348853040486574; 0,9611995699815452; 0,026984842028468847; 0,6825043358840048
-0,046932653183272256; 0,3412769609130919; 0,16146541805937886; 0,42646216321736574; 0,024096790701150894; 0,7446994264610112; 0,2191124316304922; 0,19061532244086266; 0,4338413951918483; 0,9603236620314419; 0,4502396956086159
-0,03901396726397226; 0,138869468588382; 0,799383875913918; 0,5237500793300569; 0,8885423978790641; 0,6529508014209569; 0,2820403855293989; 0,42925813887268305; 0,19859271636232734; 0,6686614020727575; 0,4908913276158273
-0,03808592771305187; 0,058103150222450495; 0,5402089315466583; 0,29102225322276354; 0,4350603851489723; 0,6192482672631741; 0,30102799041196704; 0,018069551791995764; 0,4155260440893471; 0,8010483989492059; 0,002215199638158083
-0,043422675091426124; 0,02176178665831685; 0,562642740085721; 0,8136279243044555; 0,34848187677562237; 0,8017795723862946; 0,09089001454412937; 0,5382267506793141; 0,37809915421530604; 0,6529047396034002; 0,5853410670533776
-0,04488987499271018; 0,33206914737820625; 0,4263920905068517; 0,9241216355003417; 0,7434919225051999; 0,9719131262972951; 0,8302547298371792; 0,6310990615747869; 0,7037952090613544; 0,2110229809768498; 0,7483168840408325
-0,001035360026132661; 0,3843997232615948; 0,5382308582775295; 0,5704203131608665; 0,6258040210232139; 0,5091458293609321; 0,25645143259316683; 0,920120510738343; 0,9344151956029236; 0,8372728177346289; 0,6325413789600134
-0,032835131369868945; 0,13972393376752734; 0,38714660331606865; 0,035989070776849985; 0,846959765534848; 0,8653289917856455; 0,3683004011400044; 0,8842881331220269; 0,6608833400532603; 0,27293191524222493; 0,36309966910630465
-0,0470370038533636; 0,7338151694275439; 0,43000064278021455; 0,8655523410998285; 0,1262271422892809; 0,2561998381279409; 0,5406143837608397; 0,9384577251039445; 0,3268700735643506; 0,62610994419083; 0,027962349355220795
-0,045303830972261795; 0,00024175643920898438; 0,23659102339297533; 0,8508619321510196; 0,6090543707832694; 0,8920264299958944; 0,31900183763355017; 0,0957340938039124; 0,8291182001121342; 0,9331139721907675; 0,932099711149931
-0,04760320170932839; 0,8990480243228376; 0,2267571105621755; 0,8181713339872658; 0,8056954578496516; 0,4095951705239713; 0,20904363924637437; 0,47201180178672075; 0,6532596074976027; 0,09184394776821136; 0,23913698084652424
-0,04729096010267253; 0,914621053263545; 0,673641346860677; 0,634060813114047; 0,37185775814577937; 0,5627395906485617; 0,6342346132732928; 0,556047463323921; 0,25066835479810834; 0,6731674927286804; 0,9017738765105605
-0,029634176944913593; 0,6280509047210217; 0,7484642467461526; 0,7163924011401832; 0,5183857511729002; 0,10305636702105403; 0,4972728560678661; 0,8877689219079912; 0,7529026293195784; 0,8319989675655961; 0,756180961150676
-0,027087167105190338; 0,01763313729315996; 0,2064932594075799; 0,0587399136275053; 0,40403896756470203; 0,4927269914187491; 0,686994937248528; 0,9226846625097096; 0,951384318061173; 0,5862276190891862; 0,8072296725586057
-0,04762054802713212; 0,5455469330772758; 0,09314392134547234; 0,09714401047676802; 0,8841250967234373; 0,1856566872447729; 0,9793561617843807; 0,06620279187336564; 0,2650636974722147; 0,3353400956839323; 0,08793924562633038
-0,047384101242808924; 0,5766649898141623; 0,036475774366408587; 0,6048021893948317; 0,578696426935494; 0,021924613043665886; 0,745112020522356; 0,5305842119269073; 0,22597010107710958; 0,8531685415655375; 0,6010689651593566
-0,04743789625016375; 0,7373277032747865; 0,30276061268523335; 0,8652324327267706; 0,7225705604068935; 0,037508474197238684; 0,28751080809161067; 0,4189040791243315; 0,002900813240557909; 0,8467183308675885; 0,26447109039872885
-0,047223320667486135; 0,7594237546436489; 0,19914680952206254; 0,9988979790359735; 0,12463240372017026; 0,5693688411265612; 0,47499943571165204; 0,2239774907939136; 0,09704450843855739; 0,5970002310350537; 0,17762055527418852
-0,04764719237885043; 0,6292425454594195; 0,02397466031834483; 0,2139958585612476; 0,8673483058810234; 0,8061074540019035; 0,8193655237555504; 0,6446824949234724; 0,18661795184016228; 0,03433326771482825; 0,8411638247780502
-0,04693104525314446; 0,2421714412048459; 0,13932890677824616; 0,47943716309964657; 0,0998682570643723; 0,8210590272210538; 0,6585919605568051; 0,19376283744350076; 0,6803910722956061; 0,9772724662907422; 0,5938743520528078
-0,02300588353321241; 0,48424578132107854; 0,6439312347210944; 0,16507304552942514; 0,9516813312657177; 0,20632661785930395; 0,3320862166583538; 0,4322982835583389; 0,5933969193138182; 0,1760652493685484; 0,392722200602293
0,0042216595246403815; 0,32753481855615973; 0,5078563005663455; 0,22772821737453341; 0,07964634662494063; 0,5534759457223117; 0,10083687957376242; 0,2575456975027919; 0,2855732450261712; 0,25551314279437065; 0,8582108956761658
-0,0472254311219575; 0,9314974420703948; 0,48972221929579973; 0,4619998410344124; 0,18793555302545428; 0,4174647540785372; 0,8963203267194331; 0,7444305815733969; 0,41798462625592947; 0,9667999329976737; 0,7276064702309668
-0,0454619366693765; 0,6170155610889196; 0,9951811619102955; 0,03577181790024042; 0,5649795196950436; 0,6589999361895025; 0,4615146331489086; 0,2381915762089193; 0,7426871410571039; 0,712401813827455; 0,9324800493195653
0,04736284115208674; 0,013141112867742777; 0,7195252012461424; 0,9437872590497136; 0,6499667800962925; 0,3023937903344631; 0,38709777034819126; 0,4521575914695859; 0,9606248298659921; 0,9606565916910768; 0,3199396668933332
-0,04265221424011147; 0,15082832938060164; 0,5617208634503186; 0,0859528873115778; 0,47675709007307887; 0,7232680036686361; 0,3185814619064331; 0,3105615586973727; 0,32259218115359545; 0,67176623782143; 0,5591389364562929
-0,047485964955711946; 0,7748050200752914; 0,246107195969671; 0,3259131829254329; 0,7540872725658119; 0,7954356032423675; 0,9515046095475554; 0,8459354662336409; 0,2771501373499632; 0,5029818606562912; 0,8612319361418486
0,0003618498224444561; 0,486446192022413; 0,6321670077741146; 0,22985678212717175; 0,16867601545527577; 0,4142771540209651; 0,40338565735146403; 0,8874702863395214; 0,7286580158397555; 0,6292661726474762; 0,8919179933145642
-0,04312713595864641; 0,5509235966019332; 0,4876613221131265; 0,3805125863291323; 0,1273617292754352; 0,906088778283447; 0,12546642869710922; 0,044712494127452374; 0,984982626978308; 0,6910285181365907; 0,39315869519487023
-0,047681266085586836; 0,9861495951190591; 0,24223926709964871; 0,7171783135272563; 0,8868551882915199; 0,7354214056394994; 0,598739130422473; 0,9114613989368081; 0,30251624435186386; 0,8289168276824057; 0,48202816443517804
-0,036390972331887476; 0,246836103964597; 0,996624443680048; 0,7089764126576483; 0,9991243639960885; 0,2674723658710718; 0,6740456186234951; 0,884474940598011; 0,15837660897523165; 0,6482543041929603; 0,47907280595973134
-0,047616135462013716; 0,9993368657305837; 0,5540936524048448; 0,718309118412435; 0,9063513949513435; 0,7025483543984592; 0,9643751280382276; 0,3455309155397117; 0,5176729718223214; 0,9046280044130981; 0,10850391536951065
-0,04724121707770343; 0,9061574228107929; 0,3259426048025489; 0,09845344675704837; 0,20928000286221504; 0,11408572550863028; 0,7826400469057262; 0,4419278735294938; 0,8706142487935722; 0,4049397758208215; 0,4615700291469693
-0,04040417179537184; 0,09009055653586984; 0,7995696039870381; 0,9774879752658308; 0,7755263075232506; 0,31804406410083175; 0,09442753158509731; 0,024304951541125774; 0,5237211096100509; 0,5502552981488407; 0,967562070582062
-0,04661213813026711; 0,21291267685592175; 0,14526479691267014; 0,27225517062470317; 0,1339246234856546; 0,11907156324014068; 0,7284211763180792; 0,41413349471986294; 0,05559744592756033; 0,7902829060330987; 0,7430648636072874
-0,047668332575690565; 0,9425384402275085; 0,13550223177298903; 0,5920724119059741; 0,887258964125067; 0,26296580489724874; 0,8845351762138307; 0,8967419099062681; 0,11501803761348128; 0,8212591777555645; 0,7110324040986598
-0,047651923015924844; 0,8318116297014058; 0,2753907386213541; 0,39368780609220266; 0,8888050368987024; 0,7303795549087226; 0,9890746157616377; 0,8635346204973757; 0,480206691659987; 0,0635288879275322; 0,4487544107250869
-0,04636227166079606; 0,1698925127275288; 0,15245918044820428; 0,1723760343156755; 0,32498724665492773; 0,5353480116464198; 0,5725748389959335; 0,7234150767326355; 0,4694201140664518; 0,5830536987632513; 0,6483456459827721
-0,01602236614101674; 0,5669649220071733; 0,7128454851917922; 0,2294569294899702; 0,31631396478042006; 0,8967145946808159; 0,7342734388075769; 0,42602547258138657; 0,9528052336536348; 0,430827125441283; 0,1172249037772417
-0,047327385308864; 0,9490400645881891; 0,3473719344474375; 0,3901537670753896; 0,43534277379512787; 0,24425107520073652; 0,049676279071718454; 0,40548009146004915; 0,6161301550455391; 0,6086819963529706; 0,16980703175067902
-0,00829314003061448; 0,13242924585938454; 0,4089640215970576; 0,40147005300968885; 0,5570751531049609; 0,5995635716244578; 0,4991243528202176; 0,17476320173591375; 0,2563050603494048; 0,24760451819747686; 0,4571260642260313
-0,04734079849279737; 0,700227573979646; 0,10494861798360944; 0,2403922318480909; 0,4745670910924673; 0,8533735852688551; 0,17999094258993864; 0,2508205249905586; 0,8126943865790963; 0,748321938328445; 0,05529351904988289
-0,04727390975403853; 0,878133085090667; 0,3305370626039803; 0,47689602011814713; 0,2880152869038284; 0,7592752682976425; 0,40222581196576357; 0,7027137004770339; 0,12586006289348006; 0,11209696205332875; 0,72565405536443
-0,043181872453365445; 0,1363298436626792; 0,7532917247153819; 0,3124689385294914; 0,8323571151122451; 0,7616709396243095; 0,7484371764585376; 0,11894415505230427; 0,3818575516343117; 0,2732949638739228; 0,2177341436035931
-0,03411550294336112; 0,6902861972339451; 0,8526678378693759; 0,16814137110486627; 0,965039418078959; 0,9471907052211463; 0,41859833849593997; 0,10869242250919342; 0,5462655453011394; 0,62575877411291; 0,5006713913753629
0,02028797553358778; 0,0014136480167508125; 0,2957655480131507; 0,4003262738697231; 0,5301423156633973; 0,38729916559532285; 0,5710971020162106; 0,16678382828831673; 0,09168645227327943; 0,26665785117074847; 0,30130358319729567
-0,04724411306495652; 0,9606110081076622; 0,14588094595819712; 0,48731717839837074; 0,13043767912313342; 0,5077664125710726; 0,4019074155949056; 0,11653844127431512; 0,12247398914769292; 0,47300571436062455; 0,022283611819148064
-0,04676116388319973; 0,6968311932869256; 0,4934317637234926; 0,6902025486342609; 0,0884413979947567; 0,7239125818014145; 0,29558768309652805; 0,44841377763077617; 0,2718934710137546; 0,4347733464092016; 0,4761214987374842
-0,0019354369133796582; 0,32405695458874106; 0,7520705219358206; 0,7724185208790004; 0,6482984484173357; 0,3665539897046983; 0,6293970430269837; 0,5525442115031183; 0,6193736232817173; 0,4430647185072303; 0,8153956825844944
-0,04719921270835374; 0,752257929649204; 0,14771288633346558; 0,18815759336575866; 0,05669771693646908; 0,3183770193718374; 0,9449525894597173; 0,595444721635431; 0,5432292888872325; 0,8263070215471089; 0,38134273467585444
-0,021675285420713945; 0,5022875838913023; 0,5122023606672883; 0,08925017295405269; 0,5417643799446523; 0,6418661847710609; 0,8583564828149974; 0,017349268775433302; 0,024688945151865482; 0,1584582906216383; 0,09809400234371424
-0,04729243385385942; 0,5815840642899275; 0,00868105934932828; 0,6865675309672952; 0,3266730848699808; 0,8214251147583127; 0,09310079412534833; 0,682392708491534; 0,9824773948639631; 0,4337603352032602; 0,8232855461537838
-0,04771174705127041; 0,9652335229329765; 0,06798259681090713; 0,15630209958180785; 0,9247780553996563; 0,8389723342843354; 0,99217525171116; 0,8071215711534023; 0,8172423732466996; 0,19215795816853642; 0,208468203432858
-0,03579404914045888; 0,02668322855606675; 0,3783496078103781; 0,8566488777287304; 0,11999313207343221; 0,7400263417512178; 0,0009458200074732304; 0,6893832813948393; 0,06874792510643601; 0,24674732517451048; 0,8128835479728878
-0,04705591166695701; 0,7281578946858644; 0,3813124243170023; 0,036980286706238985; 0,06398715823888779; 0,9317246028222144; 0,38310761051252484; 0,8418543767184019; 0,7980095366947353; 0,058749313466250896; 0,9622934702783823
-0,021282148144392915; 0,2430306146852672; 0,6296608550474048; 0,9996731705032289; 0,8062976445071399; 0,29617421980947256; 0,3805045853368938; 0,7912135198712349; 0,2862997488118708; 0,5774736246094108; 0,7163947871886194
-0,04745264211512031; 0,10750038223341107; 0,020825015380978584; 0,24129953607916832; 0,6525065172463655; 0,5842899824492633; 0,21163408737629652; 0,1427073604427278; 0,8404356548562646; 0,889628091827035; 0,7226321594789624
-0,04731208980237726; 0,8742826702073216; 0,24321738630533218; 0,16306258225813508; 0,38801896618679166; 0,2312678098678589; 0,11974440328776836; 0,7656672853045166; 0,05537598067894578; 0,5876544304192066; 0,7088744915090501
-0,04727750575455187; 0,40434682415798306; 0,0009593642316758633; 0,07212258223444223; 0,37547143548727036; 0,11645580595359206; 0,9214423643425107; 0,2976579247042537; 0,857690233271569; 0,2763290829025209; 0,6934243999421597
-0,04688341942833033; 0,39885059790685773; 0,19311307556927204; 0,6034749378450215; 0,033160633873194456; 0,712123554199934; 0,9714893200434744; 0,5315729440189898; 0,40699921548366547; 0,700969117693603; 0,8421166460029781
-0,04726746055164283; 0,9685107348486781; 0,08959257090464234; 0,19155297707766294; 0,2550590834580362; 0,20411554025486112; 0,3732102643698454; 0,13701865635812283; 0,24682042375206947; 0,05091035645455122; 0,027847401797771454
0,03184644802646405; 0,7214418635703623; 0,9770614136941731; 0,7102987309917808; 0,7303329943679273; 0,5007826969958842; 0,4980379780754447; 0,4832197232171893; 0,4709840170107782; 0,3862393135204911; 0,8996310266666114
-0,021563411228139324; 0,24778677569702268; 0,8294066116213799; 0,7010202840901911; 0,14233211101964116; 0,4293811749666929; 0,1488742884248495; 0,14814136177301407; 0,49555259896442294; 0,30224834010005; 0,5576086277142167
-0,04726721034749084; 0,8073658654466271; 0,33078752970322967; 0,09642978524789214; 0,42930510407313704; 0,8702360335737467; 0,9711989858187735; 0,6154953404329717; 0,7760932897217572; 0,15536626940593123; 0,8648113929666579
-0,047248623694440266; 0,7859223657287657; 0,49336008401587605; 0,40707586146891117; 0,5881574866361916; 0,8059322121553123; 0,8388716573826969; 0,05791883543133736; 0,07700066734105349; 0,31719157425686717; 0,5212450576946139
-0,03789167237298091; 0,08236609911546111; 0,709048468619585; 0,49514087475836277; 0,4695018185302615; 0,7580671897158027; 0,3421958303079009; 0,14554262394085526; 0,8424446531571448; 0,5682782349176705; 0,09101730678230524
-0,04492270808647362; 0,12685882998630404; 0,6475965511053801; 0,8809169558808208; 0,5662703476846218; 0,49584878608584404; 0,6127347922883928; 0,3889165981672704; 0,296645809430629; 0,2912578540854156; 0,21218555187806487
-0,04741215110916687; 0,8297755648382008; 0,09580027079209685; 0,1787510826252401; 0,5839515668340027; 0,12884163204580545; 0,04579560458660126; 0,200427807867527; 0,2871991437859833; 0,7133777225390077; 0,4685244234278798
0,010346818521856245; 0,23464292800053954; 0,3550176592543721; 0,07161463797092438; 0,9253183547407389; 0,36024107690900564; 0,08173727244138718; 0,6785130747593939; 0,3007275378331542; 0,8371026059612632; 0,6486650514416397
-0,04706870720053603; 0,5773213719949126; 0,2355799307115376; 0,5368632329627872; 0,34761366015300155; 0,5677153170108795; 0,8551622736267745; 0,1777488961815834; 0,6109470059163868; 0,6341856205835938; 0,15391217777505517
0,04130856757433; 0,048113071359694004; 0,6591395791620016; 0,7709965682588518; 0,8333901520818472; 0,3187006311491132; 0,07644163817167282; 0,8361115348525345; 0,7938803592696786; 0,16265908116474748; 0,7139330473728478
-0,04631804910251688; 0,22846436826512218; 0,17437676200643182; 0,1415133369155228; 0,6950311898253858; 0,43527308106422424; 0,36465458991006017; 0,6569085149094462; 0,455458867829293; 0,4203764093108475; 0,8995996047742665
-0,04319864534303751; 0,08920618472620845; 0,6421461682766676; 0,12580960942432284; 0,6512637813575566; 0,005663386546075344; 0,7194606945849955; 0,1948867137543857; 0,3710217047482729; 0,7741512386128306; 0,040392424911260605
-0,042529231277630496; 0,10305635165423155; 0,6216432857327163; 0,18186452239751816; 0,6139100436121225; 0,5328496037982404; 0,21457953518256545; 0,42323161056265235; 0,718966644257307; 0,46116916509345174; 0,20647480199113488
-0,04694810932031455; 0,6187943960539997; 0,3368428908288479; 0,3449494377709925; 0,688468050211668; 0,39446882670745254; 0,9136279253289104; 0,7669718414545059; 0,5611149691976607; 0,2055804766714573; 0,7524245036765933
-0,047242408309346805; 0,78080382803455; 0,37979012122377753; 0,32340125646442175; 0,3955153850838542; 0,7046003816649318; 0,10376003244891763; 0,10250878892838955; 0,491708773188293; 0,7996784402057528; 0,34226845670491457
-0,04482345412844383; 0,7359957681037486; 0,7692891941405833; 0,710841853171587; 0,0858370354399085; 0,971702269744128; 0,7397966864518821; 0,7703933138400316; 0,1066345777362585; 0,9127326840534806; 0,30825816048309207
-0,04677627312073213; 0,2819361286237836; 0,19192789075896144; 0,6247341088019311; 0,5003599310293794; 0,6823487067595124; 0,5578834116458893; 0,3917879122309387; 0,3508614869788289; 0,5219240887090564; 0,5033697141334414
-0,046477238018441995; 0,5162105183117092; 0,3019144833087921; 0,18452320713549852; 0,2820599991828203; 0,9975499804131687; 0,8757091946899891; 0,15856162644922733; 0,7887968658469617; 0,8000215128995478; 0,3735510427504778
-0,04736274368897762; 0,8020094581879675; 0,4442228376865387; 0,8023413959890604; 0,6045623137615621; 0,8289352115243673; 0,38105163164436817; 0,6128155100159347; 0,13427553232759237; 0,3744946173392236; 0,3539345106109977
-0,047251643716867034; 0,8017007582820952; 0,06912290677428246; 0,7257793247699738; 0,2198952785693109; 0,08712871512398124; 0,5906128860078752; 0,29013736452907324; 0,16836317535489798; 0,30363806150853634; 0,28398005990311503
-0,04387063540030747; 0,1875704200938344; 0,8328009285032749; 0,2532941750250757; 0,624705633148551; 0,5433247638866305; 0,800463582854718; 0,19866440957412124; 0,7828330248594284; 0,9722597049549222; 0,4254738222807646
-0,044667348279177274; 0,5098024625331163; 0,46835834672674537; 0,7453617108985782; 0,5501719461753964; 0,1156592471525073; 0,34988128300756216; 0,3996028834953904; 0,16925943084061146; 0,9132910943590105; 0,24226964311674237
-0,0422188294302901; 0,23319300822913647; 0,7064474113285542; 0,2152276923879981; 0,137091267388314; 0,5519846444949508; 0,9532613661140203; 0,04547565709799528; 0,9182436647824943; 0,06755867879837751; 0,638900597114116
-0,009520501645547009; 0,544253402389586; 0,9379771770909429; 0,7350751673802733; 0,40866067400202155; 0,26324763894081116; 0,28266607131808996; 0,6043241862207651; 0,11446360219269991; 0,49950585095211864; 0,8173932367935777
-0,04759089985298277; 0,9224008377641439; 0,609332968480885; 0,09884570725262165; 0,7995363199152052; 0,20219926163554192; 0,252850026357919; 0,21532535133883357; 0,5361682618968189; 0,6252108779735863; 0,21139077236875892
-0,047296388427909127; 0,9910591514781117; 0,40616273088380694; 0,6590352398343384; 0,44857034971937537; 0,2471618140116334; 0,5437705302610993; 0,5931749511510134; 0,2885138774290681; 0,34936913195997477; 0,46177150402218103
-0,040435776718184144; 0,19598095724359155; 0,6016141213476658; 0,2563979225233197; 0,50812719296664; 0,9341724016703665; 0,4363861223682761; 0,203449216671288; 0,07754609826952219; 0,8217614460736513; 0,020501724909991026
-0,0467795992529815; 0,598827872890979; 0,35217780992388725; 0,4959884602576494; 0,5310315415263176; 0,4688538806512952; 0,38158435886725783; 0,8405287158675492; 0,8657351415604353; 0,5727360523305833; 0,5555021241307259
-0,039962751464253723; 0,2488891645334661; 0,8956174161285162; 0,500464164186269; 0,6409771521575749; 0,13568394724279642; 0,9934380957856774; 0,5484593114815652; 0,5656332960352302; 0,3233280214481056; 0,13784039160236716
-0,04345925878075847; 0,5673546409234405; 0,416853915899992; 0,08222631923854351; 0,4774476094171405; 0,10691722854971886; 0,776194176170975; 0,7053060671314597; 0,11748602241277695; 0,9484088267199695; 0,5638324478641152
-0,03969109637588975; 0,32268332736566663; 0,8185036927461624; 0,45989822316914797; 0,37232201267033815; 0,8388136965222657; 0,29695430025458336; 0,898603284265846; 0,23218880128115416; 0,058795496355742216; 0,4179399972781539
-0,04740783550158643; 0,8542344737797976; 0,3932554367929697; 0,007849665824323893; 0,5997696318663657; 0,2281133267097175; 0,23762807436287403; 0,1786246090196073; 0,8826931365765631; 0,9672633428126574; 0,38797783898189664
-0,031989390271112084; 0,611982861533761; 0,7386639812029898; 0,7464140844531357; 0,2834634273312986; 0,5105782272294164; 0,9626543549820781; 0,9318553800694644; 0,18223334616050124; 0,024208081420511007; 0,45727849565446377
-0,047360971324637575; 0,9202862768433988; 0,9488651477731764; 0,3800324685871601; 0,5783332632854581; 0,7568969656713307; 0,4531736862845719; 0,35185717325657606; 0,6400050884112716; 0,4851947375573218; 0,06978715164586902
-0,04640037649402934; 0,8142215474508703; 0,7822645255364478; 0,09523772448301315; 0,8977272249758244; 0,7007033261470497; 0,40673760417848825; 0,48269988410174847; 0,08083588816225529; 0,6765390359796584; 0,23090853448957205
-0,047489481555517125; 0,8150233621709049; 0,28424579882994294; 0,412505641579628; 0,7101178830489516; 0,3061907263472676; 0,1460858634673059; 0,5140441064722836; 0,39839927945286036; 0,24551657866686583; 0,2056453344412148
-0,04551540769633456; 0,4583406336605549; 0,9797452017664909; 0,08008339116349816; 0,03651632461696863; 0,822895523160696; 0,6782340295612812; 0,7341958112083375; 0,48241040436550975; 0,8845406672917306; 0,29124769335612655
-0,006853404065489863; 0,3259155973792076; 0,818099188618362; 0,720602439250797; 0,5446615354157984; 0,6270785932429135; 0,03061338048428297; 0,45670307567343116; 0,5350589528679848; 0,41151091922074556; 0,8632985251024365
-0,047467018996180964; 0,9774999087676406; 0,7441088790073991; 0,06529231928288937; 0,7672931612469256; 0,8290043482556939; 0,516820321790874; 0,13923774706199765; 0,5546612250618637; 0,5853084372356534; 0,38621698040515184
-0,04742072111569876; 0,4135627243667841; 0,08752262825146317; 0,20950703043490648; 0,6798539776355028; 0,24897227389737964; 0,08939026668667793; 0,192903658375144; 0,7845754520967603; 0,07255667541176081; 0,08708442747592926
-0,046943055064624276; 0,2113586780615151; 0,19035842502489686; 0,7313600950874388; 0,9586857720278203; 0,11835770728066564; 0,9599389703944325; 0,6161920842714608; 0,03989506419748068; 0,4395653996616602; 0,43853377597406507
0,04645629897349534; 0,10368925565853715; 0,6426336891017854; 0,9319449113681912; 0,5088348113931715; 0,7636793833225965; 0,47894213581457734; 0,046655102632939816; 0,6244301139377058; 0,368978938087821; 0,9798418055288494
-0,04708031946128102; 0,4886133703403175; 0,21757035609334707; 0,7579402225092053; 0,5620082062669098; 0,3602498364634812; 0,9987675156444311; 0,4992831661365926; 0,056023134384304285; 0,5989226936362684; 0,12367891846224666
-0,047231956304288975; 0,9126530084758997; 0,3516819472424686; 0,3305777362547815; 0,003942099865525961; 0,9582557152025402; 0,5690418723970652; 0,7565587917342782; 0,8260487872175872; 0,6510574407875538; 0,3208028129301965
-0,04720184776589858; 0,9865838214755058; 0,5663509373553097; 0,41489127231761813; 0,22006224002689123; 0,26441231882199645; 0,18846145691350102; 0,9114085012115538; 0,49776624189689755; 0,7233604523353279; 0,4406381049193442
-0,047301400780984666; 0,03290174715220928; 0,10467761661857367; 0,8207765510305762; 0,8107149256393313; 0,6501992256380618; 0,8669946896843612; 0,9864441389217973; 0,4199289665557444; 0,3414313169196248; 0,06721634278073907
-0,0469443528339811; 0,8188779284246266; 0,7265386902727187; 0,6829673596657813; 0,08939635287970304; 0,7861648928374052; 0,5095573500730097; 0,606117888353765; 0,5962673407047987; 0,2575456532649696; 0,31740742921829224
-0,04723334759452184; 0,6208745832554996; 0,12948250025510788; 0,08164800517261028; 0,28153921477496624; 0,35899791633710265; 0,33134053833782673; 0,4649412799626589; 0,6578815961256623; 0,7837015851400793; 0,03682547062635422
-0,0235367022895538; 0,300983764231205; 0,7029670719057322; 0,4953439407981932; 0,11289960658177733; 0,2300049918703735; 0,14541034307330847; 0,17622714396566153; 0,02820576075464487; 0,19220824679359794; 0,8476720824837685
-0,04363996855430457; 0,11374005768448114; 0,8479541158303618; 0,2999334051273763; 0,6145803756080568; 0,4381496701389551; 0,2083550440147519; 0,23018150916323066; 0,05691436631605029; 0,1680081612430513; 0,6595999975688756
-0,047236335909204376; 0,9765954171307385; 0,4827596312388778; 0,2695715418085456; 0,19117107335478067; 0,8568711280822754; 0,06670684833079576; 0,25144861079752445; 0,9596129916608334; 0,9441966516897082; 0,49097205605357885
-0,04746291138284729; 0,7935311524197459; 0,4634157516993582; 0,19010284077376127; 0,8052442064508796; 0,1374684008769691; 0,27990606240928173; 0,13980442751199007; 0,8119581365026534; 0,3918312001042068; 0,11309483321383595
-0,046773244261424804; 0,43559934943914413; 0,2640898651443422; 0,36983073269948363; 0,8618160430341959; 0,6598464497365057; 0,19064218271523714; 0,02940729632973671; 0,14826900884509087; 0,8143526925705373; 0,5566955395042896
-0,04746771570370084; 0,694800834171474; 0,19533215882256627; 0,15715156821534038; 0,733890563249588; 0,9756013914011419; 0,7527872594073415; 0,1946298349648714; 0,5334282037802041; 0,47125395154580474; 0,04768331255763769
-0,04700161320420592; 0,6498126648366451; 0,3483250644057989; 0,0004458432085812092; 0,6691262805834413; 0,8656763811595738; 0,8519052183255553; 0,19974682945758104; 0,775356950238347; 0,985932678449899; 0,5848259492777288
-0,04533843465090442; 0,7009268696419895; 0,6030641533434391; 0,3413804383017123; 0,4795688330195844; 0,7145681232213974; 0,24332036916166544; 0,300639305729419; 0,11838179035112262; 0,773500157520175; 0,6594641511328518
-0,04716701477663517; 0,3175326082855463; 0,23555227601900697; 0,8533653020858765; 0,9013290088623762; 0,9702464393340051; 0,6767737879417837; 0,7789989430457354; 0,7896685977466404; 0,13766201259568334; 0,5262723001651466
-0,04500097271493501; 0,13570030964910984; 0,8345956327393651; 0,10087415995076299; 0,31401831610128284; 0,5981023595668375; 0,05214606272056699; 0,508206220343709; 0,8095536017790437; 0,7448871629312634; 0,471213199198246
-0,047230943685766406; 0,2093617133796215; 0,04936935752630234; 0,20820256602019072; 0,2771494407206774; 0,7121293162927032; 0,6297791926190257; 0,9501641625538468; 0,18436026899144053; 0,9077199879102409; 0,5024058581329882
-0,0474072644650199; 0,613645089790225; 0,13469444774091244; 0,7822803254239261; 0,6442722133360803; 0,527753631118685; 0,49694132898002863; 0,6662537101656199; 0,46699181757867336; 0,1489674630574882; 0,8934061606414616
-0,0466996898481456; 0,2001494183205068; 0,13509029103443027; 0,06394107080996037; 0,2758722500875592; 0,5762897911481559; 0,10811975365504622; 0,9749961555935442; 0,25876303296536207; 0,9248941275291145; 0,6093370569869876
-0,047448803704848004; 0,6625886261463165; 0,09489743877202272; 0,8541353340260684; 0,6766606653109193; 0,9987814673222601; 0,7467701942659914; 0,13277248572558165; 0,2566803814843297; 0,2474384969100356; 0,8869500551372766
-0,043562378901541875; 0,15719487611204386; 0,773777199909091; 0,2215715735219419; 0,6383199654519558; 0,3982148887589574; 0,06461770460009575; 0,9359889542683959; 0,04076562449336052; 0,8915069699287415; 0,6356885428540409
-0,033403840137670636; 0,6676948918029666; 0,8597817188128829; 0,9624176514334977; 0,7158788689412177; 0,4262090031988919; 0,39531355956569314; 0,6080741356126964; 0,20293966075405478; 0,7466848124749959; 0,25703691877424717
-0,047293220815453445; 0,5559252798557281; 0,14007199695333838; 0,6585187655873597; 0,504614055622369; 0,529507203027606; 0,4794140225276351; 0,4623904465697706; 0,5219013607129455; 0,42472099466249347; 0,7525816457346082
-0,04719218777099896; 0,30753497360274196; 0,0698263100348413; 0,660109908785671; 0,13028698321431875; 0,7290026964619756; 0,6697935690172017; 0,892336624674499; 0,0907926862128079; 0,3231465579010546; 0,2710415218025446
-0,04213033138375027; 0,12533071730285883; 0,7784606302157044; 0,3503878256306052; 0,04031411372125149; 0,5300118238665164; 0,03503609262406826; 0,7838644902221859; 0,3255585776641965; 0,6362108099274337; 0,41772046964615583
-0,04727143680085613; 0,9703391585499048; 0,08456941647455096; 0,2602365021593869; 0,33474856754764915; 0,9230670621618629; 0,7947631506249309; 0,49510304164141417; 0,731935640797019; 0,14955900376662612; 0,25615117186680436
-0,047388595893743245; 0,7744054435752332; 0,49206394562497735; 0,0671188747510314; 0,787484242580831; 0,960475159343332; 0,21844992926344275; 0,3211775319650769; 0,36775176925584674; 0,6548544275574386; 0,9519134815782309
-0,04760882329791449; 0,3929621377028525; 0,10966294538229704; 0,6226340965367854; 0,911925976164639; 0,26590448105707765; 0,8105012909509242; 0,4656511126086116; 0,0035586291924118996; 0,8385411542840302; 0,9449624526314437
-0,038341657326158206; 0,13000338291749358; 0,4115087417885661; 0,919449211563915; 0,3253319398500025; 0,30139123322442174; 0,8781025242060423; 0,009661231189966202; 0,09186969697475433; 0,3950085365213454; 0,8748101000674069
-0,04728202955594109; 0,07820133958011866; 0,1469486504793167; 0,7270868676714599; 0,9722037143073976; 0,7690016808919609; 0,07421749643981457; 0,7328823143616319; 0,3170702322386205; 0,49417433654889464; 0,5772643433883786
-0,046911356521517095; 0,8494319329038262; 0,8332044105045497; 0,7306721145287156; 0,08449358679354191; 0,43101018061861396; 0,8622274026274681; 0,050675712525844574; 0,0732185710221529; 0,7862061797641218; 0,7639003545045853
-0,04575814648450036; 0,02771796379238367; 0,9056657170876861; 0,03133229864761233; 0,7420325293205678; 0,4965269179083407; 0,33308855816721916; 0,4620201704092324; 0,3959984229877591; 0,976480383425951; 0,5257164882495999
-0,04708489364470924; 0,7781339026987553; 0,6330423289909959; 0,5553311058320105; 0,6339651793241501; 0,9781132526695728; 0,1320763728581369; 0,9974058549851179; 0,0066884662955999374; 0,8361546765081584; 0,5373641233891249
-0,04753342190824579; 0,8456728192977607; 0,42122780065983534; 0,8032303978689015; 0,7527441303245723; 0,9139689924195409; 0,18074680538848042; 0,9028849322348833; 0,7205872880294919; 0,6225433833897114; 0,6074035139754415
-0,04714384819733363; 0,4027910316362977; 0,11466268310323358; 0,4780932888388634; 0,0904555139131844; 0,6063533429987729; 0,3239524750970304; 0,04396079666912556; 0,36528113950043917; 0,03573821811005473; 0,18571793660521507
-0,007698460447480555; 0,17515638703480363; 0,4085329892113805; 0,3147883848287165; 0,15538620483130217; 0,6987405274994671; 0,46192768681794405; 0,5388118508271873; 0,5787863796576858; 0,1337044765241444; 0,3249407084658742
-0,04692447332071531; 0,6548424502834678; 0,41221084725111723; 0,6012336523272097; 0,6931036342866719; 0,03314973833039403; 0,33431738382205367; 0,6177219292148948; 0,3376405662856996; 0,7304358612746; 0,25397586496546865
-0,03137885427676335; 0,7795459646731615; 0,9265259131789207; 0,7240117131732404; 0,8643574193120003; 0,5978321773000062; 0,9462148020975292; 0,5497288317419589; 0,39523210609331727; 0,6323205404914916; 0,5424661478027701
-0,04773031760831611; 0,8712525614537299; 0,8295681099407375; 0,5421899585053325; 0,9730936302803457; 0,46035602455958724; 0,3290623389184475; 0,7252892209216952; 0,6444747606292367; 0,12397521547973156; 0,6301485341973603
-0,04748413424906163; 0,4894933830946684; 0,23278127424418926; 0,7632688963785768; 0,9074452295899391; 0,9317354634404182; 0,4139955649152398; 0,5265042576938868; 0,1122029135003686; 0,7630824455991387; 0,4687486789189279
-0,04741804696687317; 0,7115998999215662; 0,3823274406604469; 0,40736223943531513; 0,8767243507318199; 0,05466879950836301; 0,4250308098271489; 0,26384274661540985; 0,16644406644627452; 0,8151099551469088; 0,7966615613549948
-0,04755900818920429; 0,8162415968254209; 0,10161351412534714; 0,5722471554763615; 0,7844210690818727; 0,6950533795170486; 0,6887813294306397; 0,8284947178326547; 0,3864156906493008; 0,6677199015393853; 0,5170120978727937
-0,013169561098053907; 0,5644771722145379; 0,5759622347541153; 0,27250135876238346; 0,09360021026805043; 0,5446809222921729; 0,5432978910394013; 0,8543504918925464; 0,49050251487642527; 0,4619247759692371; 0,3159519671462476
-0,010400347996083593; 0,24435934470966458; 0,8065779367461801; 0,7415353930555284; 0,9868974462151527; 0,6905989614315331; 0,6309163817204535; 0,7162278811447322; 0,38019113847985864; 0,5343138882890344; 0,20734346518293023
-0,010794664644919297; 0,34183890419080853; 0,5925425244495273; 0,34733107406646013; 0,8079925673082471; 0,558883368037641; 0,622500020544976; 0,5711710304021835; 0,5982131012715399; 0,5038081798702478; 0,9944122806191444
-0,04721202799650518; 0,6871294938027859; 0,08414431102573872; 0,3463577930815518; 0,15684306481853127; 0,7301744949072599; 0,9921080521307886; 0,9507383024320006; 0,9246263070963323; 0,19626335008069873; 0,10045717377215624
-0,04756844636034978; 0,9671204187907279; 0,7229878827929497; 0,470452724955976; 0,8593824156560004; 0,5133375907316804; 0,5886911493726075; 0,57581965951249; 0,3020663196220994; 0,6223296439275146; 0,6656043087132275
-0,025267823093165005; 0,49828686425462365; 0,5723939742892981; 0,5398981445468962; 0,0372919337823987; 0,04231076408177614; 0,8585135038010776; 0,9016596297733486; 0,6942213191650808; 0,11242637876421213; 0,9832165371626616
0,0035096841574934943; 0,520665215793997; 0,9625318739563227; 0,8330335970968008; 0,5588290607556701; 0,34797042375430465; 0,9262715429067612; 0,20797214191406965; 0,7523244312033057; 0,24131445540115237; 0,8164787827990949
-0,0477617072060052; 0,03780189203098416; 0,045362799894064665; 0,00031087035313248634; 0,9682720075361431; 0,5790325147099793; 0,47022876096889377; 0,8522053933702409; 0,16157164797186852; 0,40192944556474686; 0,10035560140386224
-0,04613930859757625; 0,570775079075247; 0,365696890745312; 0,11309343203902245; 0,5151544068939984; 0,8871097834780812; 0,29818345280364156; 0,8032310884445906; 0,2755896574817598; 0,40907630743458867; 0,539292389061302
-0,038215729210276994; 0,25802085222676396; 0,4295616368763149; 0,7974120290018618; 0,2474613543599844; 0,06359302019700408; 0,7632049731910229; 0,08632200350984931; 0,8934029256924987; 0,7883649794384837; 0,0012037083506584167
-0,047437667929578764; 0,8715714244171977; 0,541309408377856; 0,8177322242408991; 0,654179036617279; 0,5124847171828151; 0,5770115712657571; 0,959820999763906; 0,5647553084418178; 0,5122857838869095; 0,6622271402738988
-0,047636222961241155; 0,921196102630347; 0,8950336510315537; 0,31209696270525455; 0,85656747687608; 0,679254021961242; 0,309662455227226; 0,17360704764723778; 0,7135983877815306; 0,024521584156900644; 0,47340750601142645
-0,04759042238931645; 0,8475236985832453; 0,11546166567131877; 0,13929017214104533; 0,8230984276160598; 0,6899857786484063; 0,8571290811523795; 0,7364732869900763; 0,8592809778638184; 0,4912007390521467; 0,7502940748818219
-0,04737299926263323; 0,19313409738242626; 0,14515981124714017; 0,635595896281302; 0,9758485192433; 0,25383405992761254; 0,17265179147943854; 0,2415847210213542; 0,3039889200590551; 0,8421225068159401; 0,4233362968079746
-0,04673460185715265; 0,5761999427340925; 0,30544563150033355; 0,19678386393934488; 0,6310751070268452; 0,23495145561173558; 0,9987442861311138; 0,8109100614674389; 0,12039869278669357; 0,05027921451255679; 0,6182321007363498
-0,04722277664807616; 0,9366515967994928; 0,3867252026684582; 0,5893955202773213; 0,16675995709374547; 0,5308397733606398; 0,9058715868741274; 0,396365016233176; 0,7826361851766706; 0,40619692765176296; 0,7241139030084014
-0,047521834904568606; 0,11682694125920534; 0,013408497907221317; 0,5048394771292806; 0,766069108620286; 0,6029778867959976; 0,9284482491202652; 0,5224003256298602; 0,6576332519762218; 0,8297156444750726; 0,30901459231972694
-0,04192347029103824; 0,16788952006027102; 0,3433531913906336; 0,7653335509821773; 0,3154367031529546; 0,6785267693921924; 0,8314717737957835; 0,43995999451726675; 0,13524828292429447; 0,06811388395726681; 0,11753140669316053
0,03325393013064191; 0,40405666921287775; 0,7196844597347081; 0,8377403514459729; 0,48639757884666324; 0,5937729347497225; 0,7832077904604375; 0,6822443613782525; 0,9612152916379273; 0,3886993732303381; 0,6629837192595005
0,04344000591679579; 0,2305416208691895; 0,36654399428516626; 0,1887682774104178; 0,3237479319795966; 0,3117108577862382; 0,7400661506690085; 0,08004965633153915; 0,3081533215008676; 0,38772463938221335; 0,4761171592399478
0,0385856417571239; 0,614909176249057; 0,7921259985305369; 0,6543751042336226; 0,7833827333524823; 0,006488231476396322; 0,5538757843896747; 0,010783824138343334; 0,5857753092423081; 0,8619356551207602; 0,03069885028526187
-0,04628487692051252; 0,06973347486928105; 0,18712539644911885; 0,8013909393921494; 0,07881250558421016; 0,833406918682158; 0,7546482454054058; 0,20023992843925953; 0,3061644397675991; 0,2890854994766414; 0,06033017113804817
0,007358409589085011; 0,16972777852788568; 0,38690562872216105; 0,1416824758052826; 0,6439088629558682; 0,07876554178074002; 0,08931547543033957; 0,10147327557206154; 0,017590860836207867; 0,3716851668432355; 0,6369370161555707
0,045417974477386325; 0,4141252152621746; 0,40691431798040867; 0,0018130750395357609; 0,8155354741029441; 0,6031731055118144; 0,6845278493128717; 0,09936357475817204; 0,9930558996275067; 0,1637655319646001; 0,43425813876092434
-0,04480469755108844; 0,035208579152822495; 0,18860386591404676; 0,4868903961032629; 0,3082391689531505; 0,36166834039613605; 0,17996988957747817; 0,4537193300202489; 0,4916724329814315; 0,5780087863095105; 0,16158287087455392
-0,017763109860293908; 0,42043637996539474; 0,8985490053892136; 0,7138353697955608; 0,4603249398060143; 0,07299504987895489; 0,8086366881616414; 0,5887346174567938; 0,365174753125757; 0,19462321233004332; 0,9083645464852452
-0,04719173343117314; 0,7712373402900994; 0,4729548576287925; 0,8710233536548913; 0,3844665391370654; 0,850633698515594; 0,2372325868345797; 0,22000693064182997; 0,21896576415747404; 0,968867115676403; 0,12269092630594969
-0,04336590813419876; 0,7048051473684609; 0,9891104735434055; 0,2210013852454722; 0,38574654050171375; 0,654468949418515; 0,9109247229062021; 0,3021673150360584; 0,1785029754973948; 0,8201266275718808; 0,6693851687014103
0,0460506965292007; 0,18822437431663275; 0,557948443107307; 0,7574087795801461; 0,5484638987109065; 0,7765407944098115; 0,892850168980658; 0,038272983860224485; 0,7671394445933402; 0,3484033499844372; 0,19693146366626024
0,017381498917514452; 0,3471289472654462; 0,5249200137332082; 0,34468818362802267; 0,23425728594884276; 0,535595471970737; 0,02614326449111104; 0,7104369634762406; 0,3030746690928936; 0,13920162757858634; 0,6836924706585705
-0,04750839999485249; 0,8829052345827222; 0,11337646283209324; 0,16865000315010548; 0,7127082808874547; 0,391572083812207; 0,28515136148780584; 0,030050370376557112; 0,06917282985523343; 0,5217987135984004; 0,19020585529506207
-0,04741314895909132; 0,7402495257556438; 0,03104206081479788; 0,15054794028401375; 0,6138427061960101; 0,15209908923134208; 0,697056083008647; 0,7771957907825708; 0,4890846870839596; 0,14538731193169951; 0,020657244138419628
-0,017702430128310378; 0,4439447522163391; 0,661887847352773; 0,30270664021372795; 0,02399812452495098; 0,2662590816617012; 0,40480468701571226; 0,8558167382143438; 0,9725991412997246; 0,9440407939255238; 0,6107948976568878
-0,04710690993837467; 0,938789657317102; 0,9169469154439867; 0,49914475344121456; 0,04494781466200948; 0,3697455511428416; 0,36077558249235153; 0,11045145988464355; 0,1029141303151846; 0,47551365848630667; 0,9772597108967602
-0,047233469893145086; 0,8247530781663954; 0,04689920740202069; 0,6836484288796782; 0,2234424571506679; 0,94921795418486; 0,9465328669175506; 0,25520469155162573; 0,8943066145293415; 0,9124576905742288; 0,3965822272002697
0,03563871487574237; 0,5546117881312966; 0,8881421056576073; 0,7384415077976882; 0,9202836356125772; 0,7440064419060946; 0,7113736947067082; 0,37491415394470096; 0,037373308558017015; 0,05968908127397299; 0,3621961362659931
-0,04777473318229746; 0,8171749911271036; 0,3252023900859058; 0,38455721037462354; 0,9737486611120403; 0,7314053289592266; 0,9202884095720947; 0,10402811877429485; 0,8735223757103086; 0,558529359754175; 0,6460428503341973
-0,04659719687489641; 0,700763862580061; 0,5803231447935104; 0,7696312409825623; 0,47405944764614105; 0,8816285487264395; 0,9541108831763268; 0,02288564434275031; 0,6349023524671793; 0,8166007716208696; 0,1264606909826398
-0,04733435878196687; 0,980288258753717; 0,1219257633201778; 0,665812152903527; 0,4653649511747062; 0,17509888019412756; 0,5291779371909797; 0,7242411943152547; 0,8686801078729331; 0,4071275647729635; 0,186082293279469
-0,047244002826748864; 0,6590097942389548; 0,4747871649451554; 0,8596007656306028; 0,9186451048590243; 0,8964191731065512; 0,7573555302806199; 0,4144810354337096; 0,887273149099201; 0,8582701832056046; 0,042703090235590935
-0,04676285150243544; 0,7311162920668721; 0,48201869102194905; 0,11510187527164817; 0,384038747753948; 0,5465991175733507; 0,8603821829892695; 0,4769671158865094; 0,6064833691343665; 0,4924392830580473; 0,6975584961473942
-0,029153465509648126; 0,113359194714576; 0,5829501114785671; 0,43297506449744105; 0,2691035168245435; 0,44163015112280846; 0,01943338429555297; 0,8138850112445652; 0,5404789545573294; 0,5555060049518943; 0,27619903022423387
-0,04674465269200278; 0,25313528859987855; 0,17718749400228262; 0,056327644269913435; 0,9371445556171238; 0,7725452249869704; 0,035452645272016525; 0,3662988878786564; 0,9614582764916122; 0,11814192309975624; 0,5541089200414717
-0,04748155395018489; 0,9939078320749104; 0,10053991200402379; 0,9455040972679853; 0,6802315390668809; 0,8353843386285007; 0,16906049754470587; 0,7409453471191227; 0,0547733879648149; 0,028044582810252905; 0,06687396438792348
-0,04056194206728171; 0,8465635464526713; 0,9789015376009047; 0,5768560171127319; 0,4624326042830944; 0,4291060985997319; 0,36383435828611255; 0,6593932462856174; 0,81262470735237; 0,4467568281106651; 0,062417914159595966
-0,047200842042605044; 0,7813603486865759; 0,3476500348187983; 0,8675544103607535; 0,018785630352795124; 0,9604971813969314; 0,3164844471029937; 0,310037350282073; 0,20301696006208658; 0,8743057176470757; 0,6535941124893725
