 y; x1; x2; x3; x4; x5; x6; x7; x8; x9; x10
0,29912177480288876; 0,9246344938874245; 0,9305687923915684; 0,17185443313792348; 0,566621555481106; 0,8562855352647603; 0,9809776223264635; 0,14145814394578338; 0,7664908557198942; 0,700212468393147; 0,25918830232694745
0,24604487743434258; 0,8249943009577692; 0,824196508154273; 0,41007333528250456; 0,9780662604607642; 0,7442835760302842; 0,5977713502943516; 0,1475537521764636; 0,7897611041553319; 0,24856975534930825; 0,6029066788032651
0,17433874689732795; 0,5591143681667745; 0,17161173187196255; 0,028361293021589518; 0,3671395927667618; 0,7644815049134195; 0,6132430001161993; 0,5617912216112018; 0,20490072900429368; 0,3703638119623065; 0,16272374941036105
1,0370342970376363; 0,16453922027722; 0,7383364764973521; 0,38771616108715534; 0,033591355197131634; 0,8540926636196673; 0,4841882726177573; 0,07503501093015075; 0,8198909489437938; 0,14156208420172334; 0,7507708189077675
0,3393222274631455; 0,469903196208179; 0,5415151021443307; 0,270015899091959; 0,06385687459260225; 0,20576173067092896; 0,7318991590291262; 0,007353629916906357; 0,8361013876274228; 0,5219201203435659; 0,8257722621783614
-0,45556846488929176; 0,8667175127193332; 0,37312047742307186; 0,24239158583804965; 0,7613724796101451; 0,0909949797205627; 0,43408681731671095; 0,22860723547637463; 0,7014706158079207; 0,9922995613887906; 0,5733789000660181
-0,3204366226617127; 0,598688529804349; 0,7123929369263351; 0,4506289381533861; 0,6520493919961154; 0,13716426771134138; 0,43405597331002355; 0,9982056659646332; 0,23850189708173275; 0,9621206312440336; 0,42028840770944953
0,18284182436691918; 0,7812229986302555; 0,5314974440261722; 0,07242962345480919; 0,7248856690712273; 0,5568513544276357; 0,5241567264311016; 0,7503869580104947; 0,9081043559126556; 0,03294581035152078; 0,9674669937230647
0,42782441207117367; 0,9896365194581449; 0,8484243201091886; 0,657164050731808; 0,0016645630821585655; 0,2285615778528154; 0,4425421515479684; 0,02440323680639267; 0,43187552224844694; 0,297749487683177; 0,4330420442856848
-0,39353650976646554; 0,5753781856037676; 0,5271970392204821; 0,0046787080354988575; 0,6949232202023268; 0,48635756643489003; 0,28647722536697984; 0,863471738062799; 0,3693826925009489; 0,17215570202097297; 0,8131622327491641
-0,09154467124427197; 0,4307721364311874; 0,3086130474694073; 0,9395622052252293; 0,4807762154377997; 0,1745091830380261; 0,41392202815040946; 0,6270899656228721; 0,4783565257675946; 0,20121297147125006; 0,9255638532340527
0,5910537018126847; 0,03955533495172858; 0,8596980799920857; 0,9813604233786464; 0,6002943725325167; 0,56603863555938; 0,8980207568965852; 0,8028702307492495; 0,20300701772794127; 0,6169995563104749; 0,3607020592316985
-0,49570197271942984; 0,8376296889036894; 0,14947250997647643; 0,15146610233932734; 0,8036167081445456; 0,42687342688441277; 0,3304461189545691; 0,25231114914640784; 0,2644851650111377; 0,07126697385683656; 0,5307267629541457
1,0283265461397957; 0,48444947972893715; 0,5790654462762177; 0,4513888438232243; 0,09603132214397192; 0,2608476202003658; 0,22880361368879676; 0,2260704035870731; 0,5544356466270983; 0,9730658456683159; 0,33534673089161515
-0,3143167950074769; 0,5634334981441498; 0,4016215023584664; 0,2865441064350307; 0,8372855721972883; 0,6853045523166656; 0,3011258183978498; 0,8220272730104625; 0,7811840097419918; 0,907473489176482; 0,0667747831903398
-0,5311966858003463; 0,2507599205709994; 0,358246139716357; 0,1991398800164461; 0,882893321570009; 0,17798149213194847; 0,7770281080156565; 0,13408666290342808; 0,9209159421734512; 0,27909413492307067; 0,8536208868026733
-0,3720419230297102; 0,39227923564612865; 0,5288522276096046; 0,3338344362564385; 0,7194417850114405; 0,742400165181607; 0,18406430166214705; 0,7966229096055031; 0,10012014955282211; 0,7812895262613893; 0,06813920242711902
0,207073415258292; 0,6288424083031714; 0,7012324286624789; 0,4370868834666908; 0,9515440198592842; 0,5531407347880304; 0,12906237645074725; 0,40939419995993376; 0,3495266679674387; 0,0027499645948410034; 0,4417135273106396
-0,09038366846188098; 0,412931137252599; 0,8940731529146433; 0,2663962868973613; 0,5856434092856944; 0,32142850337550044; 0,7248612614348531; 0,40652514388784766; 0,5966996974311769; 0,5098932725377381; 0,7428409508429468
-0,3624356706320628; 0,2754163620993495; 0,8308088975027204; 0,08220431907102466; 0,9856207543052733; 0,7183463429100811; 0,11626173136755824; 0,32512519834563136; 0,1336962259374559; 0,7191437724977732; 0,7440909966826439
-0,4583288381175088; 0,2185474089346826; 0,8572645047679543; 0,6734819589182734; 0,9637048910371959; 0,3288183710537851; 0,1379545982927084; 0,7709503802470863; 0,595165794249624; 0,6514998101629317; 0,014833209104835987
-0,32698041573280195; 0,1863441434688866; 0,3198008188046515; 0,7011411623097956; 0,8127023340202868; 0,3702505095861852; 0,9885247540660203; 0,6281050676479936; 0,10316285211592913; 0,0053291586227715015; 0,509681727271527
-0,21803002774842556; 0,47549188742414117; 0,14660424552857876; 0,8054552697576582; 0,5942040276713669; 0,18609412293881178; 0,20665912190452218; 0,4101734859868884; 0,12256300775334239; 0,18396932305768132; 0,1487249149940908
0,22281546913840736; 0,27921650744974613; 0,3529010680504143; 0,6925706355832517; 0,001436110120266676; 0,5758572644554079; 0,4533809721469879; 0,6561051816679537; 0,33873427798971534; 0,6214880696497858; 0,42894209595397115
0,10313516235752714; 0,4969576303847134; 0,5749844443053007; 0,7608470129780471; 0,8366192844696343; 0,4268158506602049; 0,43362890323624015; 0,6045835702680051; 0,16079039545729756; 0,3572488804347813; 0,15389367705211043
1,3297563510603863; 0,5741647742688656; 0,9640070800669491; 0,031472548842430115; 0,011648749001324177; 0,4483308969065547; 0,800465832464397; 0,6922526890411973; 0,4115171800367534; 0,20414413698017597; 0,6391383912414312
-0,22239644267203237; 0,6616848758421838; 0,03554000798612833; 0,164729923941195; 0,49006285006180406; 0,9566712034866214; 0,20316061796620488; 0,2644353532232344; 0,593993523158133; 0,18132321862503886; 0,034721155650913715
-0,07141709119572939; 0,8546599210239947; 0,2404719707556069; 0,2891413006000221; 0,3480223878286779; 0,8305798657238483; 0,5859360368922353; 0,964019454549998; 0,06565542845055461; 0,7605442344211042; 0,6606100504286587
-0,1396905514034416; 0,06533427257090807; 0,46209066128358245; 0,17415134934708476; 0,40674540074542165; 0,7060111379250884; 0,6183307315222919; 0,10614600172266364; 0,44476685440167785; 0,17221648711711168; 0,8943531261757016
0,12212129160971352; 0,612106456886977; 0,047173303086310625; 0,5764686921611428; 0,8349282033741474; 0,8168287673033774; 0,25387383392080665; 0,2889513182453811; 0,44788635382428765; 0,4969939002767205; 0,8180216001346707
0,15755226029158928; 0,36585118249058723; 0,41515931487083435; 0,7622962039895356; 0,36027885181829333; 0,26146037224680185; 0,08962554298341274; 0,9803655510768294; 0,4947388209402561; 0,2733657844364643; 0,867330432869494
0,2585105255281916; 0,9224779913201928; 0,6695410395041108; 0,20857899356633425; 0,6290425662882626; 0,4447534088976681; 0,8846785253845155; 0,9901053835637867; 0,10890553519129753; 0,6892308895476162; 0,5055931061506271
0,9277633052622394; 0,7501096474006772; 0,8209486375562847; 0,9106421559117734; 0,11673362739384174; 0,8920988398604095; 0,47781799640506506; 0,42815388552844524; 0,3847138141281903; 0,50896689388901; 0,4171829125843942
-0,206036707048238; 0,8596290368586779; 0,3563936804421246; 0,5178875117562711; 0,5534598333761096; 0,8313977993093431; 0,42082367138937116; 0,2978040585294366; 0,7391962567344308; 0,8570724334567785; 0,4088800917379558
1,0385170148254148; 0,7583555756136775; 0,6318489075638354; 0,19898361759260297; 0,22159363655373454; 0,9062055279500782; 0,2552192541770637; 0,9674364328384399; 0,11370280897244811; 0,07529955031350255; 0,8887572456151247
0,0005250238662935844; 0,35847042920067906; 0,6019832594320178; 0,7494834046810865; 0,44272879185155034; 0,05595203023403883; 0,28354926966130733; 0,023952206131070852; 0,7650101920589805; 0,35900275129824877; 0,6521942014805973
0,5311120237160527; 0,6719812443479896; 0,8243222581222653; 0,7044064090587199; 0,6372899888083339; 0,21893267380073667; 0,8620141292922199; 0,9610484228469431; 0,4954251628369093; 0,09567475505173206; 0,6357445260509849
0,24736913286588003; 0,4342750930227339; 0,6926407795399427; 0,351195081602782; 0,9833659213036299; 0,9399873581714928; 0,7811634670943022; 0,625592075753957; 0,7089467644691467; 0,35988961486145854; 0,28685557236894965
-0,16699710446535007; 0,8699476988986135; 0,526737401727587; 0,8414052701555192; 0,893882904201746; 0,6102817789651453; 0,8505657026544213; 0,23661396652460098; 0,45744893699884415; 0,1994437286630273; 0,12489026319235563
-0,2520593484426752; 0,7153030056506395; 0,0950883673503995; 0,37469202373176813; 0,526334507856518; 0,7545836111530662; 0,3923137844540179; 0,3947155107744038; 0,05084731848910451; 0,6862180479802191; 0,7450668197125196
0,80030361975221; 0,7272654357366264; 0,5806640228256583; 0,391093488316983; 0,24778407206758857; 0,9531271541491151; 0,32489327248185873; 0,7626417176797986; 0,5397479315288365; 0,49989317497238517; 0,29789045080542564
-0,13215449196737475; 0,42469048127532005; 0,504455819260329; 0,22501928033307195; 0,38238473888486624; 0,7848567706532776; 0,40735764894634485; 0,530603711027652; 0,9724576254375279; 0,3214127942919731; 0,4944832534529269
-0,49710670311036437; 0,3291256236843765; 0,23049148498103023; 0,15827697236090899; 0,8925363481976092; 0,7420845534652472; 0,5474195489659905; 0,5082819466479123; 0,5486604440957308; 0,9804275105707347; 0,4211330907419324
-0,019549100107790422; 0,1192249939776957; 0,22953063994646072; 0,1691820533014834; 0,23276613047346473; 0,03165256790816784; 0,15574922366067767; 0,44081355165690184; 0,9989844667725265; 0,14629897475242615; 0,9804772543720901
0,18903419023015686; 0,25832186127081513; 0,34023140417411923; 0,9223181884735823; 0,07262597465887666; 0,3591710557229817; 0,7784706149250269; 0,761893090326339; 0,42529129702597857; 0,6364859188906848; 0,16793375089764595
-0,28129509580435164; 0,6993561685085297; 0,1263821325264871; 0,02491382835432887; 0,7577600195072591; 0,22660369984805584; 0,8049054169096053; 0,8063300149515271; 0,9211217239499092; 0,7713999194093049; 0,4708286332897842
-0,09869860385949566; 0,9192866939119995; 0,4534778310917318; 0,3896973691880703; 0,3583843964152038; 0,012872537598013878; 0,8102489467710257; 0,7048730961978436; 0,0890807332471013; 0,28203012980520725; 0,8915891828946769
-0,12754812483102868; 0,7731447163969278; 0,7409297074191272; 0,4269536738283932; 0,4450077200308442; 0,823670684825629; 0,008503882680088282; 0,03458154061809182; 0,09403487341478467; 0,16545244911685586; 0,2593686478212476
-0,2642301828099218; 0,5968344151042402; 0,0783521025441587; 0,902782863471657; 0,5421464121900499; 0,2610919983126223; 0,13150271493941545; 0,13109006267040968; 0,9776077643036842; 0,058610144536942244; 0,4943920415826142
0,506764956984082; 0,15118926437571645; 0,9694148907437921; 0,9988626493141055; 0,01185246603563428; 0,5256217843852937; 0,13904132321476936; 0,4640199150890112; 0,19770504161715508; 0,8041650508530438; 0,18001411063596606
-0,053351743636087384; 0,03484301408752799; 0,8662534146569669; 0,9967485698871315; 0,4786117007024586; 0,1600361606106162; 0,8855664422735572; 0,29453323734924197; 0,015490318182855844; 0,9177129808813334; 0,6670220685191453
0,14466485397053722; 0,8355377172119915; 0,4366950038820505; 0,9855999359861016; 0,3500723075121641; 0,6402284251525998; 0,5855780239216983; 0,9218490794301033; 0,25193485245108604; 0,8247025776654482; 0,022069950588047504
-0,0016275570903592097; 0,10999456327408552; 0,6661968948319554; 0,5197842624038458; 0,7012157994322479; 0,9185629431158304; 0,1223325114697218; 0,12071130378171802; 0,7296119472011924; 0,40519709791988134; 0,9376561557874084
0,06274675790702039; 0,850486776791513; 0,36016156850382686; 0,9287240379489958; 0,30355700571089983; 0,34416556311771274; 0,5997865456156433; 0,4511448214761913; 0,5640031872317195; 0,06701269466429949; 0,8341384422965348
0,42908448315502473; 0,33847658103331923; 0,821698653511703; 0,9946618033573031; 0,48211457626894116; 0,11959400353953242; 0,10738794645294547; 0,9533557300455868; 0,8188822967931628; 0,13866756483912468; 0,8427914935164154
0,29161192973714917; 0,3583190501667559; 0,6013551587238908; 0,2809858238324523; 0,5997075773775578; 0,08522955467924476; 0,12259532138705254; 0,17872168449684978; 0,5256445724517107; 0,12129559135064483; 0,07084384141489863
0,1569603920129335; 0,22815648466348648; 0,22215470671653748; 0,3103992505930364; 0,29204233828932047; 0,19689630949869752; 0,9471015348099172; 0,05622186791151762; 0,373968998901546; 0,3224014141596854; 0,03659715922549367
0,6236705514536748; 0,13433211157098413; 0,6175301792100072; 0,5458112605847418; 0,4430796839296818; 0,31063974648714066; 0,3870290033519268; 0,22944170981645584; 0,15066032391041517; 0,3470693323761225; 0,6001860401593149
0,39809090820775045; 0,2785566714592278; 0,9221696020103991; 0,4730078559368849; 0,8059642589651048; 0,94842315511778; 0,518953054677695; 0,2670231959782541; 0,08679993217810988; 0,7333718012087047; 0,9332845797762275
0,7954280505273356; 0,4654506384395063; 0,6480225920677185; 0,9262082618661225; 0,36970049515366554; 0,0933422944508493; 0,5819410616531968; 0,6492244610562921; 0,8609101106412709; 0,8769920649938285; 0,646666201762855
0,08412114283166014; 0,6175960623659194; 0,3996875360608101; 0,5715020503848791; 0,4117537788115442; 0,1291222064755857; 0,7845439785160124; 0,21016244497150183; 0,09805155172944069; 0,2831866149790585; 0,24660135991871357
0,010181007427166978; 0,38314627204090357; 0,7093946333043277; 0,043015104718506336; 0,24299714528024197; 0,9455888504162431; 0,5702761285938323; 0,5102582518011332; 0,08398431027308106; 0,468447751365602; 0,0410596071742475
-0,16053000247049654; 0,5425576767884195; 0,3809695425443351; 0,4646855411119759; 0,41952439257875085; 0,782606057357043; 0,5674731028266251; 0,29452809505164623; 0,05807140003889799; 0,005817727651447058; 0,7492683380842209
-0,20113300451755667; 0,7706169900484383; 0,14589344384148717; 0,8081857734359801; 0,9391594142653048; 0,05435295822098851; 0,888466889038682; 0,02895169658586383; 0,564714340493083; 0,8036632374860346; 0,7314264299347997
0,6688499654033999; 0,9613825744017959; 0,9351755063980818; 0,765838272869587; 0,5328316069208086; 0,5868697864934802; 0,2725114212371409; 0,9324379321187735; 0,35670826910063624; 0,14397606626152992; 0,4773056167177856
-0,37877527399661004; 0,21406055614352226; 0,8967636255547404; 0,11470766039565206; 0,8829507948830724; 0,6912773493677378; 0,7792117795906961; 0,19153185933828354; 0,6061118701472878; 0,5926861176267266; 0,5145064275711775
-0,016111561159934527; 0,945639212615788; 0,22209875797852874; 0,48871735809370875; 0,2933325180783868; 0,07057624915614724; 0,9438458476215601; 0,409174133092165; 0,6167902471497655; 0,02018993580713868; 0,04576261481270194
-0,4378784700283069; 0,6232235287316144; 0,17342634871602058; 0,4424691377207637; 0,7638522409833968; 0,005330814514309168; 0,005423093680292368; 0,36023949133232236; 0,7568067191168666; 0,1715257940813899; 0,19071962730959058
0,6855835707567143; 0,6613249210640788; 0,5954251056537032; 0,9767691269516945; 0,3260091287083924; 0,622260810341686; 0,41374357510358095; 0,9966701422818005; 0,02352559193968773; 0,9778617308475077; 0,7901250636205077
-0,25065630498355673; 0,10356676578521729; 0,19728415552526712; 0,38154192129150033; 0,5277198888361454; 0,5284976456314325; 0,7354516503401101; 0,7235054322518408; 0,977931706700474; 0,1257463558577001; 0,6622284604236484
-0,18984350594590235; 0,6738747805356979; 0,6024009138345718; 0,23802793584764004; 0,6662619570270181; 0,12039055489003658; 0,20057101175189018; 0,45997243467718363; 0,37252024468034506; 0,809814334847033; 0,22304306970909238
0,40716335466647474; 0,29170762840658426; 0,9985402636229992; 0,31126663787290454; 0,7404134795069695; 0,6163568971678615; 0,37978333607316017; 0,33978840382769704; 0,7165626250207424; 0,4059760649688542; 0,7993961693719029
-0,4083268413922841; 0,46909970697015524; 0,29485504562035203; 0,36284092674031854; 0,7205029521137476; 0,4685623459517956; 0,8785704546608031; 0,6461764108389616; 0,5438706642016768; 0,377921549603343; 0,80486765736714
-0,002765317056023139; 0,20339991943910718; 0,4048785283230245; 0,9891606410965323; 0,4251479539088905; 0,7822775770910084; 0,6182586108334363; 0,6807015216909349; 0,44414333952590823; 0,6391289932653308; 0,05429406417533755
0,08727438293117765; 0,6942455284297466; 0,3589784596115351; 0,08835660945624113; 0,17183040222153068; 0,29198492178693414; 0,1295635192655027; 0,7620858564041555; 0,002814739942550659; 0,7129143984057009; 0,8097253474406898
0,569162664302477; 0,8014116208069026; 0,0583213297650218; 0,7095268862321973; 0,16503716772422194; 0,6755226291716099; 0,8215751210227609; 0,48129689460620284; 0,6869681454263628; 0,4826371408998966; 0,23585529485717416
0,5758604730037562; 0,9558377685025334; 0,6994280964136124; 0,7239422299899161; 0,551162475720048; 0,963233386632055; 0,16221998538821936; 0,1989937238395214; 0,470645590685308; 0,23479949729517102; 0,17360419081524014
-0,027325955701616746; 0,5829660287126899; 0,05098171439021826; 0,9315695608966053; 0,2820568196475506; 0,21242340840399265; 0,3244867534376681; 0,4019162133336067; 0,532127539627254; 0,708722644019872; 0,41458304692059755
-0,5137900242296185; 0,07571135694161057; 0,3360766116529703; 0,5796407465822995; 0,9367857812903821; 0,9497586986981332; 0,9252285375259817; 0,3887700941413641; 0,018466520588845015; 0,9273681258782744; 0,8699792623519897
-0,5470614434491469; 0,5551544800400734; 0,35827063862234354; 0,5350374467670918; 0,8812231551855803; 0,6021515242755413; 0,490377317648381; 0,20920622162520885; 0,4179643630050123; 0,7681630891747773; 0,9488692595623434
-0,14372143973147522; 0,7008313187398016; 0,14725225558504462; 0,8215717384591699; 0,40926703065633774; 0,5864477707073092; 0,12773166131228209; 0,404598331078887; 0,14002005429938436; 0,7456650855019689; 0,0303499773144722
-0,27330806194797636; 0,9985920339822769; 0,1183988330885768; 0,743355480954051; 0,5645654546096921; 0,4495318825356662; 0,08656220557168126; 0,8042839849367738; 0,4030156694352627; 0,6944016288034618; 0,8759111510589719
-0,11410120235833483; 0,0012006815522909164; 0,023961270228028297; 0,578208508901298; 0,6629630359821022; 0,8595634289085865; 0,7837205328978598; 0,4680655994452536; 0,3784570014104247; 0,8695486355572939; 0,09658590145409107
-0,0970874179712238; 0,9635211378335953; 0,5089372484944761; 0,5320155532099307; 0,37319837836548686; 0,8830346567556262; 0,17666326742619276; 0,2042922549881041; 0,14348051324486732; 0,7006015637889504; 0,31613849429413676
0,3352328225951496; 0,023679775651544333; 0,9817774454131722; 0,6116771893575788; 0,745203020516783; 0,7762287380173802; 0,5725749884732068; 0,7194137582555413; 0,16988390544429421; 0,3547853184863925; 0,4151295800693333
-0,43818533615043276; 0,556797522585839; 0,28575522964820266; 0,5452919998206198; 0,812219531275332; 0,07411712734028697; 0,38141695177182555; 0,158081179484725; 0,5459385020658374; 0,321713893674314; 0,08957240590825677
-0,02456909476837566; 0,9977817302569747; 0,3796942001208663; 0,9233298860490322; 0,540694238152355; 0,005663672462105751; 0,9907283987849951; 0,9186725476756692; 0,21131947031244636; 0,6819966062903404; 0,3156034522689879
0,05847608569462754; 0,7949318084865808; 0,20368942758068442; 0,12897653644904494; 0,1713617700152099; 0,893143376801163; 0,9628631183877587; 0,9478584728203714; 0,1691129356622696; 0,9042051825672388; 0,8811679966747761
0,11857433330416291; 0,14508413476869464; 0,3474185331724584; 0,4386659739539027; 0,18882207106798887; 0,20960543723776937; 0,9330635429359972; 0,9874929497018456; 0,4696482690051198; 0,03710603015497327; 0,05326365074142814
-0,423718567148409; 0,5713577568531036; 0,23881755815818906; 0,7913297009654343; 0,821547469124198; 0,39315921487286687; 0,25218209251761436; 0,18699754541739821; 0,4829112724401057; 0,18741931580007076; 0,08701457595452666
0,8382806747960936; 0,757316114846617; 0,7287840414792299; 0,2505453946068883; 0,38655687868595123; 0,3469295045360923; 0,4328256081789732; 0,19632585579529405; 0,9779813378117979; 0,1276773172430694; 0,13727671885862947
-0,027429162548050993; 0,011926903389394283; 0,11984191602095962; 0,26939127035439014; 0,2592272749170661; 0,17625378398224711; 0,3610796700231731; 0,6873667854815722; 0,03789927717298269; 0,8272992451675236; 0,9501254861243069
-0,43518532968430945; 0,9021230284124613; 0,4412689986638725; 0,9246085584163666; 0,7686173859983683; 0,6800611801445484; 0,403044025413692; 0,0772620989009738; 0,9657011120580137; 0,6041127098724246; 0,5728720463812351
0,2514382453030492; 0,7299794391728938; 0,5520058139227331; 0,18505264818668365; 0,5064688036218286; 0,7667286517098546; 0,7893263124860823; 0,09960094559937716; 0,655800040345639; 0,12715982319787145; 0,37715082289651036
0,011143090641045354; 0,5137616107240319; 0,19439643062651157; 0,48578024469316006; 0,4782920563593507; 0,8372229444794357; 0,9728817180730402; 0,39475425193086267; 0,5831041722558439; 0,8889871495775878; 0,42237428948283195
-0,4672840497079728; 0,4915349562652409; 0,8542738179676235; 0,6139000500552356; 0,9556314689107239; 0,12994796223938465; 0,46142686856910586; 0,6825564038008451; 0,4758679079823196; 0,48335627280175686; 0,05264855595305562
0,11252275917020549; 0,2603945955634117; 0,6611956097185612; 0,22875486966222525; 0,89517219690606; 0,9308366593904793; 0,4039673483930528; 0,13203090662136674; 0,5833998946473002; 0,13225232297554612; 0,0810362882912159
0,0991570483106431; 0,32051911065354943; 0,04145215544849634; 0,9451002040877938; 0,07795187085866928; 0,17806435329839587; 0,762594033498317; 0,6370879872702062; 0,07961168186739087; 0,57990512996912; 0,6118569485843182
0,0689971911275831; 0,9972853288054466; 0,8799345837906003; 0,8175626220181584; 0,34425506088882685; 0,8412466621957719; 0,17490060906857252; 0,6378027219325304; 0,949141195975244; 0,9772706152871251; 0,8974124239757657
-0,3522886285879119; 0,496836893260479; 0,35829322412610054; 0,8256772966124117; 0,8142215213738382; 0,16854596370831132; 0,7220614040270448; 0,5902648051269352; 0,7526728482916951; 0,7702514785341918; 0,705687987152487
-0,1289736565638771; 0,993020293302834; 0,27526845317333937; 0,9824086236767471; 0,44112400244921446; 0,23068359261378646; 0,7595544317737222; 0,7539398344233632; 0,8631307538598776; 0,5861826734617352; 0,7713508219458163
0,4391985856676007; 0,08297998132184148; 0,47163595585152507; 0,43043558206409216; 0,07715474395081401; 0,9626865442842245; 0,39960120851173997; 0,506569704040885; 0,5632330612279475; 0,9458185890689492; 0,9666665401309729
-0,1775736275852986; 0,012798466254025698; 0,07500443840399384; 0,9130707983858883; 0,6452383901923895; 0,563612106256187; 0,09811613010242581; 0,03370080515742302; 0,8746278234757483; 0,03674856387078762; 0,880894304253161
-0,41621347739827635; 0,9248527642339468; 0,055065639317035675; 0,2731904909014702; 0,7179927346296608; 0,2609305800870061; 0,5443993220105767; 0,6912641078233719; 0,4570981045253575; 0,33272923855111003; 0,19185066549107432
-0,0852274068742946; 0,20538364397361875; 0,38982364581897855; 0,3561443374492228; 0,5152759701013565; 0,09289168799296021; 0,18324100831523538; 0,09299360448494554; 0,8669378948397934; 0,9648042269982398; 0,6189499492757022
0,1447590644316898; 0,9793557389639318; 0,35880905156955123; 0,2753487448208034; 0,2697056005708873; 0,025521890725940466; 0,545310927554965; 0,15336088184267282; 0,22362248925492167; 0,477167428471148; 0,22667442401871085
-0,15395727948267313; 0,032028059009462595; 0,7904104739427567; 0,5510371052660048; 0,5496993982233107; 0,07802355894818902; 0,10577091248705983; 0,06317603914067149; 0,32857231982052326; 0,5544105679728091; 0,0354126263409853
0,4128104541419837; 0,48142518708482385; 0,7660395437851548; 0,15568880457431078; 0,656965943519026; 0,1559589304961264; 0,23336307518184185; 0,7670450140722096; 0,10914411209523678; 0,3524460904300213; 0,5474761500954628
0,10777083688287058; 0,625631919130683; 0,23715600976720452; 0,6615499453619123; 0,12069968739524484; 0,9586620978079736; 0,47800950333476067; 0,03816058300435543; 0,15394175937399268; 0,5181969134137034; 0,03856009151786566
-0,09225840496872105; 0,14880095282569528; 0,272655894048512; 0,5225967792794108; 0,4548538760282099; 0,9275489184074104; 0,8072887402959168; 0,04919766169041395; 0,9510893505066633; 0,5029081217944622; 0,1143346643075347
-0,4050823719190257; 0,8190686362795532; 0,9659552248194814; 0,5086031393148005; 0,7149814534932375; 0,08542339783161879; 0,6430192263796926; 0,7195803141221404; 0,2771320538595319; 0,6278943065553904; 0,8833168302662671
-0,30543313919872817; 0,9113616831600666; 0,24770463537424803; 0,4488919540308416; 0,598814801312983; 0,028887853492051363; 0,4567601643502712; 0,3224001261405647; 0,5798219642601907; 0,7330769430845976; 0,7485095872543752
-0,5882494273997919; 0,6700273067690432; 0,28013077238574624; 0,669944501016289; 0,9015223714523017; 0,4788656057789922; 0,5346863218583167; 0,16059808572754264; 0,6220281235873699; 0,3246409399434924; 0,8238027556799352
0,36877484229978996; 0,11158517561852932; 0,41495868703350425; 0,8943824260495603; 0,0703686443157494; 0,5343896863050759; 0,21320528676733375; 0,38596498128026724; 0,4245283775962889; 0,5454014982096851; 0,0991304675117135
-0,1310959233809263; 0,05649994593113661; 0,050704835914075375; 0,48975612269714475; 0,3787775090895593; 0,8477699388749897; 0,010883369017392397; 0,48272669315338135; 0,6493016639724374; 0,2706056539900601; 0,0498503353446722
0,06755727081854601; 0,9077972010709345; 0,5436544679105282; 0,9895126181654632; 0,9039247408509254; 0,1442335401661694; 0,7839302341453731; 0,6916615306399763; 0,41909140162169933; 0,1759179080836475; 0,5982073894701898
-0,10813609722991381; 0,675159506034106; 0,5436855512671173; 0,8785610906779766; 0,3457033084705472; 0,30968149984255433; 0,7005944782868028; 0,09791942639276385; 0,25319145852699876; 0,20959822135046124; 0,3431268916465342
-0,28673964984658046; 0,7760624624788761; 0,060709474608302116; 0,47857388854026794; 0,5818748367018998; 0,19829907128587365; 0,4108342295512557; 0,051874035969376564; 0,20882563199847937; 0,10272056655958295; 0,06288435868918896
1,2300067646972117; 0,12695737509056926; 0,7213389636017382; 0,990450581535697; 0,14375867694616318; 0,028653591871261597; 0,9505229913629591; 0,4962973785586655; 0,19331690948456526; 0,5985879870131612; 0,7577598355710506
0,543688228854427; 0,8287155525758862; 0,05174443358555436; 0,48457261687144637; 0,3504399978555739; 0,7224092171527445; 0,3001912017352879; 0,34115082304924726; 0,7361673307605088; 0,4810778331011534; 0,987762285862118
-0,05510597607530773; 0,028232001699507236; 0,0699800974689424; 0,33539471589028835; 0,27727497834712267; 0,5650163646787405; 0,8192014237865806; 0,4050450469367206; 0,981062897015363; 0,3026303625665605; 0,14793435717001557
-0,12081414290125204; 0,7919947407208383; 0,02995802741497755; 0,5122340209782124; 0,371435659006238; 0,5831804214976728; 0,7856350070796907; 0,27180638909339905; 0,6569432211108506; 0,405610132496804; 0,3319541704840958
0,03272039517612149; 0,7239782712422311; 0,4796460457146168; 0,6730524688027799; 0,18216047389432788; 0,13632676331326365; 0,033885841723531485; 0,7986105526797473; 0,9507033410482109; 0,8864126545377076; 0,5580233833752573
-0,4320847654184742; 0,8087062234990299; 0,21785398805513978; 0,5394200310111046; 0,8139856965281069; 0,14606055757030845; 0,22473075008019805; 0,03837546147406101; 0,8262916812673211; 0,8405038104392588; 0,8165298728272319
0,4268661506681982; 0,30687719490379095; 0,6336234104819596; 0,18598401499912143; 0,7493459270335734; 0,5524881547316909; 0,5252597234211862; 0,3010042724199593; 0,3588638664223254; 0,6627513021230698; 0,5849451404064894
-0,2995115671384757; 0,677309688180685; 0,011988972779363394; 0,9835910880938172; 0,6002121311612427; 0,07849186565726995; 0,6061335159465671; 0,02137459348887205; 0,6308363080024719; 0,45663334242999554; 0,6974906157702208
-0,4217066587890658; 0,43854042375460267; 0,13477767212316394; 0,4702056855894625; 0,745655809994787; 0,9357468704693019; 0,7948291623033583; 0,2874630708247423; 0,9246289916336536; 0,41950782807543874; 0,43160159327089787
0,33635312078080093; 0,6227239072322845; 0,8181674927473068; 0,6159909255802631; 0,09668365074321628; 0,8156634685583413; 0,6037608101032674; 0,5413532890379429; 0,5639544459991157; 0,23309132177382708; 0,1276515512727201
-0,1053319342736909; 0,10560596035793424; 0,44410799723118544; 0,08014195784926414; 0,3566032168455422; 0,030981344636529684; 0,9994032923132181; 0,7895301757380366; 0,760085460729897; 0,7116061905398965; 0,558299976401031
-0,37721019920417376; 0,6953032077290118; 0,834491522051394; 0,24201065441593528; 0,836084792856127; 0,6117681423202157; 0,25399186043068767; 0,8677874319255352; 0,2716758940368891; 0,24939520144835114; 0,3254748252220452
0,3264459669113548; 0,7113040070980787; 0,5932041923515499; 0,4143078331835568; 0,6641846862621605; 0,8603791925124824; 0,6649963897652924; 0,2515824628062546; 0,6700751325115561; 0,4703004648908973; 0,23333041509613395
0,17920081821367118; 0,27360950550064445; 0,7388204224407673; 0,913842705078423; 0,0585318929515779; 0,0771867842413485; 0,7066779821179807; 0,8193324781022966; 7,579941302537918E-05; 0,030692859552800655; 0,9532578308135271
0,40222119204468376; 0,8543615066446364; 0,9889160539023578; 0,13200615206733346; 0,5696790213696659; 0,9433096311986446; 0,25471788877621293; 0,2255110964179039; 0,10377103881910443; 0,05888487305492163; 0,9034257950261235
-0,5590984889665166; 0,026851006783545017; 0,598529901355505; 0,05902413232252002; 0,8702311217784882; 0,14176463522017002; 0,4655051715672016; 0,5995661276392639; 0,49174819653853774; 0,0494346646592021; 0,12658432498574257
0,3250690596508492; 0,3172858152538538; 0,207325323484838; 0,02939442964270711; 0,09515115758404136; 0,5189691036939621; 0,16520138131454587; 0,12447841744869947; 0,8510278952307999; 0,5160574913024902; 0,9773509171791375
0,019304665157756574; 0,045249151065945625; 0,20998186198994517; 0,32611071644350886; 0,20490293391048908; 0,5853206953033805; 0,671166846062988; 0,1554219271056354; 0,7150121801532805; 0,6187748247757554; 0,7193600330501795
-0,07776265930233374; 0,8256487157195807; 0,24205876141786575; 0,8885334944352508; 0,3945881202816963; 0,35482854722067714; 0,852079794742167; 0,5603308570571244; 0,9642895846627653; 0,11228013969957829; 0,7870573243126273
0,44326766022518427; 0,7878746404312551; 0,8875588197261095; 0,04796656267717481; 0,13139481097459793; 0,470484615303576; 0,13839198928326368; 0,07155191013589501; 0,1697096019051969; 0,8731496487744153; 0,5660286075435579
-0,6007389452843879; 0,04252648912370205; 0,6938460329547524; 0,3557316120713949; 0,9428276857361197; 0,8849524431861937; 0,6737594068981707; 0,49378117686137557; 0,39869652688503265; 0,8942530839703977; 0,5746148261241615
-0,305118999968826; 0,6827357918955386; 0,30848641553893685; 0,7723226076923311; 0,5990564250387251; 0,03567772684618831; 0,5035750768147409; 0,9505584021098912; 0,7043937034904957; 0,6759954933077097; 0,4937792355194688
-0,3211680811384753; 0,1960400529205799; 0,11907129734754562; 0,7655525235459208; 0,9967179237864912; 0,6923014810308814; 0,4536603572778404; 0,428737664129585; 0,8337105470709503; 0,6891363533213735; 0,8654005420394242
-0,21110462217078466; 0,7428557248786092; 0,10375414090231061; 0,952737754676491; 0,4764446481131017; 0,5952834724448621; 0,9941615741699934; 0,2240020027384162; 0,5085095404647291; 0,21889198059216142; 0,8028514934703708
0,6833478794434019; 0,20569726452231407; 0,8558552926406264; 0,660433376673609; 0,34378149546682835; 0,16114968294277787; 0,22218480939045548; 0,001956791616976261; 0,2862842483446002; 0,4099287847056985; 0,35138351330533624
0,1620393272150354; 0,34608839359134436; 0,37383392779156566; 0,7465328895486891; 0,270442598965019; 0,8312689145095646; 0,0902540571987629; 0,3101095068268478; 0,8361665410920978; 0,4461153345182538; 0,6989891901612282
-0,3233166163581562; 0,9041609144769609; 0,28813855862244964; 0,6202941252849996; 0,6666723513044417; 0,9539256724528968; 0,6492281323298812; 0,3984110029414296; 0,5897206426598132; 0,7553125177510083; 0,97588484082371
0,16206431794659198; 0,43606087006628513; 0,2736072074621916; 0,4032779042609036; 0,012661402579396963; 0,3770439005456865; 0,4938041567802429; 0,9379585622809827; 0,11313253734260798; 0,32292283652350307; 0,388354929164052
-0,5609804847122557; 0,3832759107463062; 0,8019836898893118; 0,7792766382917762; 0,9921160563826561; 0,42773698596283793; 0,8402277179993689; 0,895361078903079; 0,7592983054928482; 0,6868249452672899; 0,6937842438928783
-0,16180477737711368; 0,9020144767127931; 0,1865046569146216; 0,1223041471093893; 0,4432852133177221; 0,7713833758607507; 0,11025168467313051; 0,4747802820056677; 0,8174788197502494; 0,8681242652237415; 0,03297520196065307
0,10923338561055775; 0,157241087872535; 0,795659045688808; 0,994547690730542; 0,49969309801235795; 0,31288827350363135; 0,09615675499662757; 0,2003110065124929; 0,07648967718705535; 0,53721784055233; 0,4852738892659545
0,08364529906408422; 0,45255362801253796; 0,7749906904064119; 0,46309948712587357; 0,8646665895357728; 0,4815698401071131; 0,5764813493005931; 0,5332607617601752; 0,5137189705856144; 0,7215708829462528; 0,532678909599781
0,23054362781140747; 0,12303202971816063; 0,5227995649911463; 0,9800426545552909; 0,6209391108714044; 0,4701252127997577; 0,3015376287512481; 0,5882209176197648; 0,6513177929446101; 0,059789446182549; 0,805435333866626
-0,08572612711455672; 0,9597797812893987; 0,7043797923251987; 0,7871454316191375; 0,5581332962028682; 0,8555442220531404; 0,9987201616168022; 0,14481030916795135; 0,6441226322203875; 0,3498074635863304; 0,778329651337117
0,17105044864094113; 0,44401749409735203; 0,9883932275697589; 0,7595046511851251; 0,004037177190184593; 0,162116389721632; 0,9334385455586016; 0,3555144085548818; 0,12468228721991181; 0,20674074115231633; 0,4569321610033512
0,13353063414354585; 0,22374843200668693; 0,4942540656775236; 0,177863753400743; 0,5850474676117301; 0,5628950223326683; 0,8306046100333333; 0,732671523001045; 0,010509066749364138; 0,36299665039405227; 0,6153711969964206
-0,5037638117405014; 0,6475064614787698; 0,13748265570029616; 0,08253249851986766; 0,8116750312037766; 0,48594961781054735; 0,8062599706463516; 0,8616991797462106; 0,36199420550838113; 0,09773196512833238; 0,933481378480792
-0,180720106104252; 0,9451425266452134; 0,9391027018427849; 0,812029242515564; 0,8951368420384824; 0,6968816881999373; 0,04273642413318157; 0,8043069988489151; 0,08436866709962487; 0,5695768152363598; 0,11526657734066248
-0,4678264860797378; 0,9104372644796968; 0,20772237377241254; 0,8526488011702895; 0,840489755384624; 0,6722317426465452; 0,9501397525891662; 0,06665584212169051; 0,5783512773923576; 0,511835677549243; 0,5779533828608692
0,022293760156866193; 0,006545207463204861; 0,8862740104086697; 0,3636305960826576; 0,4133614976890385; 0,06070222472772002; 0,9776737648062408; 0,06879086699336767; 0,909407686907798; 0,7125326921232045; 0,04302837746217847
-0,19255162713925028; 0,9700591322034597; 0,4045078009366989; 0,5791070032864809; 0,5042258114553988; 0,8370935865677893; 0,8685464970767498; 0,28255716897547245; 0,43721370957791805; 0,9031061148270965; 0,9414006532169878
-0,19926035233743106; 0,07852877816185355; 0,07457756251096725; 0,48041086085140705; 0,4653114671818912; 0,6892284220084548; 0,1204659603536129; 0,5159887126646936; 0,026317193172872066; 0,24132337048649788; 0,5796232079155743
-0,4690917478637648; 0,6835935260169208; 0,2984889457002282; 0,2904514982365072; 0,8076503984630108; 0,6193393976427615; 0,6124680885113776; 0,05566348182037473; 0,8136587794870138; 0,14853895362466574; 0,9362491560168564
0,8650182919721061; 0,12430286454036832; 0,5688267834484577; 0,51458571664989; 0,11219746107235551; 0,5679917852394283; 0,9553725128062069; 0,661772730294615; 0,4521825620904565; 0,8605525032617152; 0,7027683802880347
-0,1789259860528834; 0,33166308607906103; 0,21734519116580486; 0,5078452853485942; 0,45353754376992583; 0,1227878830395639; 0,21725369524210691; 0,6454545604065061; 0,03420060034841299; 0,43358901981264353; 0,7118388279341161
0,7249522820128408; 0,966097695287317; 0,9586120988242328; 0,4006089358590543; 0,03256169334053993; 0,433783870190382; 0,6502020368352532; 0,7016022843308747; 0,08536651870235801; 0,09948363713920116; 0,1371931335888803
0,34655486409494274; 0,4393560294993222; 0,6944345938973129; 0,08992048632353544; 0,8025996079668403; 0,44402896659448743; 0,9505419726483524; 0,8021211992017925; 0,7187978629954159; 0,5880318321287632; 0,8169992845505476
-0,013514355264753263; 0,6348603297956288; 0,008728534448891878; 0,872580056078732; 0,2238104110583663; 0,6678696540184319; 0,28277329867705703; 0,6155712842009962; 0,9712688350118697; 0,6179475476965308; 0,7837122920900583
-0,5896621033855372; 0,8973611737601459; 0,2083161324262619; 0,14475197903811932; 0,9047565418295562; 0,7879742169752717; 0,36276736250147223; 0,043935385067015886; 0,11440220940858126; 0,06860620249062777; 0,7478485186584294
-0,24843609160660987; 0,3064905679784715; 0,09712272742763162; 0,5340193789452314; 0,6831062650308013; 0,3133930815383792; 0,6262330580502748; 0,5086233327165246; 0,17214134009554982; 0,6624254868365824; 0,5609135362319648
-0,03758023804292061; 0,6429784880019724; 0,010002076160162687; 0,05731336446478963; 0,255003250669688; 0,2043360248208046; 0,29807361029088497; 0,1336839133873582; 0,3638367746025324; 0,07337548956274986; 0,16731019224971533
0,8072395225935071; 0,7572030853480101; 0,7490765159018338; 0,909169805701822; 0,39206297183409333; 0,3944470784626901; 0,7550207749009132; 0,8250383334234357; 0,27769985515624285; 0,9434309923090041; 0,47292477265000343
-0,14473410632879807; 0,030884232372045517; 0,9792683753184974; 0,18526668520644307; 0,8525585434399545; 0,6126275900751352; 0,9286503102630377; 0,685706879477948; 0,4928861106745899; 0,29501631716266274; 0,2734597371891141
-0,07067827592721808; 0,7327285236679018; 0,667671159375459; 0,8147515961900353; 0,6151109538041055; 0,5282747684977949; 0,3120466573163867; 0,01271080831065774; 0,12644050177186728; 0,30888856993988156; 0,07809273293241858
-0,4756176748396454; 0,096320029348135; 0,7894523139111698; 0,11836920585483313; 0,8880810737609863; 0,7256678617559373; 0,7442238801158965; 0,7937022573314607; 0,886726027354598; 0,440029077231884; 0,8909258306957781
-0,14963894759324048; 0,6874012975022197; 0,3116736002266407; 0,0772411203943193; 0,41828709514811635; 0,034402874298393726; 0,03412851179018617; 0,1711172554641962; 0,906020041089505; 0,6064470047131181; 0,4657352906651795
-0,18334069612923085; 0,17999477917328477; 0,3082736120559275; 0,8352614934556186; 0,44191191578283906; 0,998541874345392; 0,9120249403640628; 0,6267457301728427; 0,8445751462131739; 0,14819036982953548; 0,11749453051015735
-0,1752447445549212; 0,17612583795562387; 0,2727856864221394; 0,12133670132607222; 0,6264331405982375; 0,2206288818269968; 0,8359820460900664; 0,7111388510093093; 0,9706910727545619; 0,09750561602413654; 0,8454485237598419
0,12015194940800548; 0,024124399293214083; 0,027307517360895872; 0,6860990766435862; 0,05050076823681593; 0,3849585368297994; 0,5336020942777395; 0,028127883095294237; 0,40351312002167106; 0,38238061871379614; 0,21894726064056158
0,02793064057191918; 0,6435426538810134; 0,6558825294487178; 0,8551329551264644; 0,5227288827300072; 0,8496593274176121; 0,2565130526199937; 0,8325878982432187; 0,8614390064030886; 0,12095892755314708; 0,03903023945167661
-0,11128684554525127; 0,9959614621475339; 0,0965105309151113; 0,7488415399566293; 0,35048070596531034; 0,11204092670232058; 0,6365611320361495; 0,7382296142168343; 0,17188725713640451; 0,27126734843477607; 0,2962520490400493
0,17114694598740146; 0,07663114974275231; 0,2259785756468773; 0,9505031281150877; 0,0003260006196796894; 0,8852978316135705; 0,09112962987273932; 0,2702663913369179; 0,9312242362648249; 0,10236349096521735; 0,6835713367909193
0,6160875596369484; 0,41564766550436616; 0,6268584858626127; 0,09776980383321643; 0,26020553708076477; 0,08879260951653123; 0,4718805644661188; 0,3569342899136245; 0,9999530664645135; 0,19311350164934993; 0,13235583901405334
0,14713673553631543; 0,4824896100908518; 0,38288473011925817; 0,1765516954474151; 0,11116199800744653; 0,26626825612038374; 0,010617341846227646; 0,7415181258693337; 0,034964168444275856; 0,11151756020262837; 0,6251833741553128
-0,2836900350589523; 0,7374693914316595; 0,1870316038839519; 0,313528994563967; 0,565114569850266; 0,4797535305842757; 0,3690357143059373; 0,08221755875274539; 0,8696983349509537; 0,17777266213670373; 0,732700239866972
0,04646707732569142; 0,8057754766196012; 0,20897926343604922; 0,05014697276055813; 0,15087428968399763; 0,8252729126252234; 0,1040551601909101; 0,6474354574456811; 0,49387511145323515; 0,5175662669353187; 0,5195788173004985
0,12860442362530156; 0,8254146790131927; 0,8471836224198341; 0,6452009663917124; 0,21981013845652342; 0,6002455931156874; 0,28389456355944276; 0,7007350153289735; 0,6284927679225802; 0,45346864871680737; 0,3402484394609928
0,23649807144142437; 0,992766807321459; 0,47439178917557; 0,7208983055315912; 0,23135078372433782; 0,9197513442486525; 0,1176423761062324; 0,754322923719883; 0,2056771400384605; 0,4688982181251049; 0,5374798476696014
0,11498059761365431; 0,5739358877763152; 0,6144254799000919; 0,6631358750164509; 0,8834945666603744; 0,10367432981729507; 0,8200361733324826; 0,38555658841505647; 0,8926036693155766; 0,6736951931379735; 0,07428584946319461
0,060021303320619224; 0,9335138467140496; 0,027192536741495132; 0,06972452625632286; 0,12794169038534164; 0,0980434026569128; 0,6870349636301398; 0,4583896114490926; 0,32404002640396357; 0,5068988269194961; 0,13930539693683386
-0,3324498967104398; 0,6186790750361979; 0,43031325051561; 0,807446270249784; 0,6263292697258294; 0,19393128575757146; 0,08875588653609157; 0,49229891039431095; 0,40093154227361083; 0,48737962404266; 0,6798438895493746
0,0060420460839806615; 0,9145570499822497; 0,5875041922554374; 0,8034674194641411; 0,20208123000338674; 0,8524760082364082; 0,47112528001889586; 0,2039468539878726; 0,8579489327967167; 0,8727515400387347; 0,4766585514880717
-0,5006435132053136; 0,8761300393380225; 0,18536081723868847; 0,5841957908123732; 0,8616971168667078; 0,4261068436317146; 0,8618844361044466; 0,14851463865488768; 0,23421532893553376; 0,9905248871073127; 0,00931726023554802
-0,5765077883025621; 0,047251209150999784; 0,6023542764596641; 0,9943049913272262; 0,9065461680293083; 0,12889331812039018; 0,14391501434147358; 0,5540958889760077; 0,9999708738178015; 0,15577082941308618; 0,7432477888651192
0,17869999680466042; 0,9767329380847514; 0,9580159010365605; 0,8409094545058906; 0,26343543641269207; 0,8809053204022348; 0,06663921196013689; 0,9064822485670447; 0,18629819247871637; 0,8393134824000299; 0,7367371236905456
-0,4237649430672132; 0,17492383206263185; 0,5399274476803839; 0,7037077071145177; 0,8700103312730789; 0,8011900712735951; 0,5081529514864087; 0,02423526020720601; 0,1188958459533751; 0,016498669516295195; 0,20852315472438931
0,33509819035816973; 0,5651901522651315; 0,9417152246460319; 0,24582890048623085; 0,021545683965086937; 0,08710592985153198; 0,2771858968771994; 0,05255518853664398; 0,1638357755728066; 0,3568004737608135; 0,6931811962276697
0,45395841018150257; 0,12355798622593284; 0,7492862017825246; 0,3723732619546354; 0,3032399988733232; 0,3512590550817549; 0,4327505142427981; 0,6857889476232231; 0,9198902160860598; 0,8213000860996544; 0,9737224606797099
0,2151846429700666; 0,1599306925199926; 0,1794141079299152; 0,9794711675494909; 0,1725676958449185; 0,5498509868048131; 0,8197285840287805; 0,8733479212969542; 0,5970128616318107; 0,049873074516654015; 0,06588583393022418
-0,3007281741022595; 0,3236366524361074; 0,3929384844377637; 0,2955048466101289; 0,7056094468571246; 0,15709158079698682; 0,9397949306294322; 0,5466222274117172; 0,15819443995133042; 0,7222032584249973; 0,980526180472225
-0,13244947443255362; 0,04451691126450896; 0,850515830796212; 0,4509858023375273; 0,5919368346221745; 0,716340109705925; 0,7066300483420491; 0,3439129809848964; 0,528264120221138; 0,1269486821256578; 0,721266245469451
0,6018029646697723; 0,7063287822529674; 0,8125309362076223; 0,047056940384209156; 0,5744067602790892; 0,6575119011104107; 0,41272992128506303; 0,22881519934162498; 0,7968154614791274; 0,9611029848456383; 0,8548420257866383
-0,1628683394640275; 0,488079525064677; 0,34346043411642313; 0,9629534855484962; 0,6028738794848323; 0,44313214300200343; 0,310742512345314; 0,5944168600253761; 0,6787382266484201; 0,33038685703650117; 0,4907816448248923
-0,2712394351838596; 0,7223776476457715; 0,1045148610137403; 0,9316004510037601; 0,5520116738043725; 0,3458030493929982; 0,28793008951470256; 0,30132860923185945; 0,26714596385136247; 0,16373326582834125; 0,8083810554817319
0,18659960218403557; 0,6151640373282135; 0,7702275640331209; 0,7495068497955799; 0,879144225269556; 0,6530448971316218; 0,057522389106452465; 0,29819364193826914; 0,8164149015210569; 0,09569643996655941; 0,844891604501754
0,5954041890364906; 0,15128419268876314; 0,9488298753276467; 0,08990210620686412; 0,5986402248963714; 0,4197487118653953; 0,6730165942572057; 0,6439360310323536; 0,24952648393809795; 0,9430601811036468; 0,04434718703851104
0,22695865488336747; 0,4103782889433205; 0,31414476688951254; 0,7645117212086916; 0,10361078707501292; 0,02728879079222679; 0,03829101286828518; 0,4465941567905247; 0,344161877874285; 0,7350580235943198; 0,8712013699114323
0,21879081857236407; 0,2003840347751975; 0,7349890358746052; 0,40147568518295884; 0,5050634476356208; 0,8189681256189942; 0,17426326777786016; 0,4527574125677347; 0,6788272699341178; 0,2603722745552659; 0,5422393474727869
0,06711745171261875; 0,7743537244386971; 0,34215490287169814; 0,16899235546588898; 0,1291050878353417; 0,028487800154834986; 0,9160784115083516; 0,8451974629424512; 0,5669766683131456; 0,7575815315358341; 0,04036943195387721
0,316529660924962; 0,14365902123972774; 0,6222213422879577; 0,8480499922297895; 0,49948505964130163; 0,42470720736309886; 0,7346012443304062; 0,6657628626562655; 0,1532135629095137; 0,530345234554261; 0,2992996806278825
0,17551443979879816; 0,6107542556710541; 0,4473280762322247; 0,8135775234550238; 0,41541704209521413; 0,14619868202134967; 0,4610214061103761; 0,5753424731083214; 0,24839119520038366; 0,44339717319235206; 0,17638226924464107
0,43348088044645544; 0,9515264062210917; 0,46898279758170247; 0,10642003221437335; 0,04718564543873072; 0,2740698507986963; 0,2662607841193676; 0,676765757612884; 0,012270054314285517; 0,06067287363111973; 0,031207472551614046
0,1428963775380308; 0,6806446211412549; 0,5515510868281126; 0,7577021694742143; 0,1811477793380618; 0,4568557390011847; 0,4151219124905765; 0,4242827417328954; 0,7443075831979513; 0,40751305501908064; 0,1610315376892686
-0,03665187531546991; 0,6660131579264998; 0,263991414103657; 0,7345614810474217; 0,37185178557410836; 0,04172491794452071; 0,9310499113053083; 0,1964982282370329; 0,8779861158691347; 0,5968506676144898; 0,7382467077113688
-0,26452738423385797; 0,8838841114193201; 0,12080874014645815; 0,8721253122203052; 0,5587913542985916; 0,3644435075111687; 0,15734371449798346; 0,9182503595948219; 0,009463097900152206; 0,2432785602286458; 0,16599881928414106
-0,6178725035351694; 0,32691959058865905; 0,19478852953761816; 0,20165919186547399; 0,9298706748522818; 0,2046238062903285; 0,9108106018975377; 0,1407357295975089; 0,6701060100458562; 0,5586825390346348; 0,19337041396647692
0,5774564637267063; 0,18585324846208096; 0,8958925334736705; 0,2673379937186837; 0,4377019344829023; 0,998885462526232; 0,822135032620281; 0,08147254167124629; 0,047130173072218895; 0,26671040523797274; 0,1750748665072024
-0,17800117617719055; 0,8899905225262046; 0,4200414507649839; 0,09248630702495575; 0,7128181182779372; 0,9009426799602807; 0,69836246361956; 0,8022786565124989; 0,638837045058608; 0,3965845792554319; 0,9131396189332008
-0,08483588507445079; 0,2048251279629767; 0,7520816875621676; 0,5696865604259074; 0,3975473875179887; 0,17087802570313215; 0,6633672178722918; 0,5583699606359005; 0,7741618305444717; 0,09380315244197845; 0,13506015483289957
0,7619053246949152; 0,1515792948193848; 0,6078695920296013; 0,5986901954747736; 0,12504986533895135; 0,4089955980889499; 0,09722923394292593; 0,621908450499177; 0,6412489712238312; 0,3206658000126481; 0,41731381975114346
0,4356486686034111; 0,37095707980915904; 0,7347531737759709; 0,33935477305203676; 0,583625749219209; 0,44973335275426507; 0,035255559254437685; 0,6321207289583981; 0,46323222387582064; 0,035246443934738636; 0,20384679082781076
-0,2343968023046192; 0,006245827302336693; 0,7688311627134681; 0,8895265818573534; 0,6785287940874696; 0,40030977688729763; 0,19554524589329958; 0,06848250981420279; 0,1120638232678175; 0,6870956728234887; 0,9009454427286983
-0,13929213712854285; 0,7146563353016973; 0,1695776218548417; 0,6564190490171313; 0,4278771495446563; 0,27703948644921184; 0,1500052004121244; 0,840765428263694; 0,9386094328947365; 0,8436337732709944; 0,7710036556236446
-0,2219583422544408; 0,9426529831252992; 0,2696122252382338; 0,31630874099209905; 0,5885266279801726; 0,9184787408448756; 0,5165881388820708; 0,09658976318314672; 0,7645653090439737; 0,13321552565321326; 0,3737761005759239
-0,08203668601569675; 0,586046832613647; 0,502944344189018; 0,4390704035758972; 0,31536791613325477; 0,993193072732538; 0,4752418613061309; 0,2453695242293179; 0,6893507977947593; 0,25385283352807164; 0,4491876964457333
0,6052162181876612; 0,7885110541246831; 0,6972855874337256; 0,06690344354137778; 0,5506604476831853; 0,6087485221214592; 0,13513439800590277; 0,21485945861786604; 0,48094880906865; 0,3376201088540256; 0,7080446789041162
-0,23636376053855004; 0,5400394662283361; 0,04076567431911826; 0,17990583181381226; 0,5380586418323219; 0,008825765922665596; 0,45580212213099003; 0,1621917155571282; 0,31621027225628495; 0,2524162516929209; 0,3112083342857659
0,19420680791909833; 0,30088871717453003; 0,5175443780608475; 0,21334845898672938; 0,13640870293602347; 0,34280193224549294; 0,2367037762887776; 0,979637126903981; 0,520254563074559; 0,8643661001697183; 0,14777794480323792
0,14402262811477218; 0,5793739319778979; 0,4208055827766657; 0,5619715829379857; 0,05368477804586291; 0,08682037750259042; 0,7010152633301914; 0,8407104602083564; 0,16091500129550695; 0,9421601695939898; 0,9325206708163023
0,28437801081924013; 0,999876185785979; 0,3542399788275361; 0,1313638286665082; 0,009256106801331043; 0,26166220428422093; 0,3856097422540188; 0,2940240716561675; 0,7351165250875056; 0,11021153349429369; 0,7727980655618012
-0,02315528185087997; 0,6552089592441916; 0,6229009162634611; 0,20897943153977394; 0,25043041352182627; 0,22240550722926855; 0,0851453966461122; 0,8596676704473794; 0,48839887976646423; 0,22322925459593534; 0,29750760458409786
-0,07161706212942466; 0,03147127106785774; 0,28866001311689615; 0,3622754719108343; 0,3563542743213475; 0,1534757362678647; 0,25857035210356116; 0,9318432761356235; 0,39637932321056724; 0,07119036884978414; 0,8655159641057253
0,8369593706717295; 0,34626735374331474; 0,9594179126434028; 0,1649507931433618; 0,3916658265516162; 0,10666215000674129; 0,04896539822220802; 0,9646279253065586; 0,7002166928723454; 0,8507511890493333; 0,57790756970644
-0,3308666855939101; 0,9165115403011441; 0,3219632622785866; 0,8653893722221255; 0,7515718480572104; 0,18422860000282526; 0,11351134907454252; 0,5675443951040506; 0,4093642900697887; 0,04441062919795513; 0,4319996708072722
0,6459485653209431; 0,670646735932678; 0,6353050256147981; 0,3591361618600786; 0,5333717809990048; 0,3749091071076691; 0,8991102688014507; 0,2490685530938208; 0,9373412826098502; 0,38221152778714895; 0,9054500907659531
0,3249047528198504; 0,8067368543706834; 0,5545884529128671; 0,15794353792443871; 0,576173753477633; 0,4317802479490638; 0,18413366610184312; 0,44123478792607784; 0,8832330098375678; 0,7715882072225213; 0,9395135520026088
0,1448774989001656; 0,1551975323818624; 0,09730725781992078; 0,9176670955494046; 0,020244482904672623; 0,9779991516843438; 0,6675075655803084; 0,13034798530861735; 0,3200774365104735; 0,35787889128550887; 0,9957911814562976
0,2579817483352504; 0,17386651784181595; 0,9702984807081521; 0,3040619515813887; 0,8280240790918469; 0,9194716843776405; 0,2189496592618525; 0,8013876006007195; 0,835215110797435; 0,17849778570234776; 0,48538631945848465
0,2795430955506319; 0,5486176582053304; 0,8659753240644932; 0,37696063704788685; 0,05696764541789889; 0,07173244934529066; 0,29609367810189724; 0,1635673544369638; 0,5531740812584758; 0,46602661069482565; 0,35522558679804206
1,0550794631676386; 0,5570773375220597; 0,8979956349357963; 0,9945863764733076; 0,1453301263973117; 0,3054844490252435; 0,7011613263748586; 0,6456090151332319; 0,13724402152001858; 0,797563724219799; 0,5210477774962783
0,10630387536193586; 0,08487771591171622; 0,14764805231243372; 0,5012740637175739; 0,11997554684057832; 0,8733488917350769; 0,597690929658711; 0,5144569436088204; 0,1565503771416843; 0,40859286254271865; 0,8876694785431027
-0,5370006253299578; 0,9807000691071153; 0,31179813388735056; 0,9208202254958451; 0,9839062015525997; 0,4733138862065971; 0,6528912740759552; 0,6029490581713617; 0,4159629764035344; 0,2919317400082946; 0,9459322663024068
0,0590064117495847; 0,7491819430142641; 0,18892295099794865; 0,6016461900435388; 0,17365584475919604; 0,7511045620776713; 0,10849084565415978; 0,6701987367123365; 0,13579632714390755; 0,6252942532300949; 0,5451082154177129
0,13475829428272884; 0,687552819494158; 0,5609882748685777; 0,7107525495812297; 0,37170123727992177; 0,9579820693470538; 0,615749632474035; 0,7126549291424453; 0,8370607374235988; 0,8200774560682476; 0,26132698403671384
0,39126151253116015; 0,4444825230166316; 0,9179195323958993; 0,7484993888065219; 0,8108167122118175; 0,9482344598509371; 0,9941010880284011; 0,6779357367195189; 0,9302760199643672; 0,9038438522256911; 0,9465229399502277
0,08923515464737315; 0,2131967954337597; 0,9253824111074209; 0,09788325801491737; 0,5638390597887337; 0,030522501096129417; 0,7698278366588056; 0,6658819736912847; 0,5156728681176901; 0,002973888535052538; 0,37477053375914693
0,9444576703530888; 0,3026425177231431; 0,8163935951888561; 0,7735372949391603; 0,12353073712438345; 0,616026047617197; 0,7039924105629325; 0,2758551072329283; 0,6457098056562245; 0,6559587251394987; 0,8335452228784561
-0,14612091892363926; 0,3820425206795335; 0,6783925932832062; 0,42502753203734756; 0,6313942871056497; 0,6764536607079208; 0,34928918862715364; 0,2554968954063952; 0,9687553266994655; 0,2047196663916111; 0,2036701967008412
-0,19476020215464807; 0,20995796145871282; 0,8107840609736741; 0,7481656484305859; 0,591226639226079; 0,36081139324232936; 0,9305557860061526; 0,4315691185183823; 0,1735219033434987; 0,5060721645131707; 0,6588043491356075
0,12735864242578843; 0,11685623787343502; 0,43556594057008624; 0,5056608896702528; 0,07594171864911914; 0,36144984560087323; 0,22897920804098248; 0,1761154057458043; 0,7251871270127594; 0,8576731043867767; 0,0773114743642509
0,13965754094835228; 0,5680665532127023; 0,03013403480872512; 0,37026763893663883; 0,09472229331731796; 0,9330789325758815; 0,3718307791277766; 0,30872834427282214; 0,6682395427487791; 0,7139473357237875; 0,41897589387372136
-0,23789506719368536; 0,38994731148704886; 0,26998886931687593; 0,8447440592572093; 0,6345332278870046; 0,3669141922146082; 0,9676161920651793; 0,15248917834833264; 0,009598668664693832; 0,17973347008228302; 0,45853114407509565
-0,5488781068122083; 0,12206863332539797; 0,7054336247965693; 0,514530218206346; 0,8979090922512114; 0,019960456993430853; 0,046508380211889744; 0,28947284165769815; 0,27048926847055554; 0,6318633374758065; 0,5814690864644945
0,7583302822915051; 0,03710790257900953; 0,733236750587821; 0,08018063148483634; 0,3450273107737303; 0,6831109803169966; 0,7480355114676058; 0,6187578411772847; 0,35298835951834917; 0,9646418900229037; 0,6982745709829032
0,1971303424984598; 0,10257587814703584; 0,6645704372785985; 0,7914057848975062; 0,4063091124407947; 0,3750898940488696; 0,7570017916150391; 0,7806873670779169; 0,6926866760477424; 0,9969539339654148; 0,4084634939208627
-0,2074887238250743; 0,4621650166809559; 0,3452497380785644; 0,3969124970026314; 0,5173188121989369; 0,4388447613455355; 0,2274646176956594; 0,7435197485610843; 0,2648867038078606; 0,949891485273838; 0,06661825906485319
-0,444510853776881; 0,08260950772091746; 0,1689270930364728; 0,7234556982293725; 0,7788218134082854; 0,9856467982754111; 0,13187054079025984; 0,22961738426238298; 0,978625322226435; 0,6151607478968799; 0,6862639021128416
-0,24959229563806165; 0,8310274882242084; 0,08779008314013481; 0,32476291712373495; 0,545791476033628; 0,6821075044572353; 0,44707423308864236; 0,23563172668218613; 0,4386762105859816; 0,169164324644953; 0,7634744262322783
-0,09365617398616552; 0,42744410363957286; 0,45930978190153837; 0,17702929629012942; 0,4648901014588773; 0,48713980661705136; 0,6382467173971236; 0,006884210277348757; 0,43314160499721766; 0,7306562350131571; 0,22635372774675488
0,09476974389751026; 0,13047620793804526; 0,3595357872545719; 0,5217969981022179; 0,18466880219057202; 0,21940379543229938; 0,19294263469055295; 0,08668765053153038; 0,04212252423167229; 0,3917607734911144; 0,44421419221907854
0,5590471984645419; 0,9311194778420031; 0,6310779401101172; 0,5919768423773348; 0,15493675926700234; 0,1530815428122878; 0,9608519715256989; 0,23783409129828215; 0,32947320956736803; 0,9418494161218405; 0,8394958293065429
-0,30971879739184793; 0,9948380133137107; 0,4091006009839475; 0,44492071168497205; 0,9297934658825397; 0,4867203515022993; 0,7620282871648669; 0,5044919806532562; 0,3455760129727423; 0,9101075176149607; 0,5380959180183709
-0,02415673223901447; 0,23150001233443618; 0,8692973437719047; 0,8165797870606184; 0,36518341954797506; 0,4793286994099617; 0,9632865814492106; 0,48783315531909466; 0,7673159204423428; 0,0791395353153348; 0,17375069903209805
0,14664849763792634; 0,26904832338914275; 0,967711026314646; 0,9378453390672803; 0,04686642624437809; 0,29918804205954075; 0,39166043139994144; 0,12547009903937578; 0,8147070962004364; 0,12604405032470822; 0,35400852374732494
0,5951040257434347; 0,5512600964866579; 0,8515178668312728; 0,858771454077214; 0,5128659978508949; 0,9577634739689529; 0,7675002380274236; 0,8600420290604234; 0,02648478327319026; 0,552855615504086; 0,624088657554239
0,41122712952019225; 0,12441061343997717; 0,142621542327106; 0,5904499129392207; 0,16576627595350146; 0,9946016557514668; 0,8044119379483163; 0,4010836314409971; 0,19069228554144502; 0,24595152353867888; 0,614252186845988
-0,09581568993017618; 0,5655956366099417; 0,16039919760078192; 0,6332461289130151; 0,7629259587265551; 0,016652965918183327; 0,32136756693944335; 0,07520392956212163; 0,6615121765062213; 0,7146973572671413; 0,8003030819818377
0,7128465147793266; 0,8523476500995457; 0,710469183512032; 0,6881917933933437; 0,4698641444556415; 0,22508203610777855; 0,5262378957122564; 0,36307811504229903; 0,4244723697192967; 0,6336229885928333; 0,5998353003524244
-0,24302126838445806; 0,31949518574401736; 0,4281026152893901; 0,3995701624080539; 0,5325959762558341; 0,5426814905367792; 0,15542361233383417; 0,06401185924187303; 0,34715596912428737; 0,733231111895293; 0,8229025439359248
-0,37699648045601775; 0,8569950088858604; 0,48314201179891825; 0,4074110290966928; 0,9671489018946886; 0,051689005456864834; 0,0589798572473228; 0,027024290524423122; 0,28374325344339013; 0,6235679867677391; 0,3518123496323824
0,17124005664349742; 0,016234227921813726; 0,3397515891119838; 0,8472174131311476; 0,007169201970100403; 0,22900989651679993; 0,6344986883923411; 0,385268637444824; 0,7983457976952195; 0,960412654094398; 0,13441511103883386
-0,6512585878810094; 0,277679321821779; 0,5376878795213997; 0,5652625523507595; 0,978708113078028; 0,07663282752037048; 0,706306828185916; 0,5508261825889349; 0,07805507583543658; 0,9381608413532376; 0,7538293856196105
0,020416814688946218; 0,3590748067945242; 0,5763139501214027; 0,22047049785032868; 0,18038998823612928; 0,0914277439005673; 0,8097280263900757; 0,43966146232560277; 0,1824265061877668; 0,029379243962466717; 0,6050248914398253
-0,2616924196340189; 0,5245415237732232; 0,20431988965719938; 0,10072180908173323; 0,5817540450952947; 0,3152269353158772; 0,08907387917861342; 0,2867409223690629; 0,7025519558228552; 0,46140672732144594; 0,05451042065396905
-0,0037147206102205116; 0,4813085929490626; 0,10550603782758117; 0,6078805183060467; 0,21063924534246325; 0,9659699355252087; 0,9992637624964118; 0,5792917516082525; 0,7630393975414336; 0,48371036257594824; 0,9703093701973557
0,15097611639017025; 0,05632606288418174; 0,4733380889520049; 0,6275833146646619; 0,40835000295192003; 0,24077802523970604; 0,13247098540887237; 0,7921844315715134; 0,9311680938117206; 0,8081923206336796; 0,6389730884693563
0,6530713675455715; 0,0516895460896194; 0,9218368413858116; 0,032998037058860064; 0,2156274444423616; 0,9020482618361712; 0,9020949946716428; 0,4784046644344926; 0,8360526524484158; 0,3300273031927645; 0,8070798111148179
1,2675821531763065; 0,439586668740958; 0,60636315215379; 0,1706230533309281; 0,009207765571773052; 0,20664856769144535; 0,4824089175090194; 0,2423148904927075; 0,8986749793402851; 0,8973348727449775; 0,4042671360075474
0,42327945671765327; 0,10840862710028887; 0,503241051454097; 0,8471142891794443; 0,3100278335623443; 0,315741537604481; 0,4496665457263589; 0,28175800759345293; 0,906302128918469; 0,10295509174466133; 0,508207508828491
-0,38189892714685475; 0,7506913826800883; 0,19741690903902054; 0,9455019463784993; 0,7431893250904977; 0,08101427415385842; 0,41052685072645545; 0,9720192914828658; 0,2894605561159551; 0,7054274356923997; 0,11878765979781747
-0,1632870777754893; 0,3358234637416899; 0,8116761492565274; 0,7987820389680564; 0,5810158522799611; 0,019081055652350187; 0,6080192821100354; 0,6919892961159348; 0,809691034257412; 0,8448073845356703; 0,47836921410635114
0,5111339899650815; 0,9824192589148879; 0,04106420138850808; 0,974298408254981; 0,19106657058000565; 0,2039079712703824; 0,1516797891817987; 0,511424767319113; 0,9944032453931868; 0,3146425625309348; 0,8329103267751634
-0,0798372556808272; 0,19891929253935814; 0,27237121760845184; 0,462223157286644; 0,43200262263417244; 0,24933389853686094; 0,6681679207831621; 0,4980947617441416; 0,6759858690202236; 0,1894734362140298; 0,9458540715277195
-0,07437734066481666; 0,585414610337466; 0,32545542623847723; 0,41132081439718604; 0,5018073841929436; 0,9688901291228831; 0,14008837472647429; 0,15640925290063024; 0,10487325489521027; 0,6683250735513866; 0,43227578047662973
0,03977760968767563; 0,08456461783498526; 0,7867708094418049; 0,8505818415433168; 0,9773660213686526; 0,8730755834840238; 0,34792344458401203; 0,4895033445209265; 0,13472094014286995; 0,9497267846018076; 0,15215587755665183
0,3753985473853051; 0,8589578471146524; 0,06545924581587315; 0,9111726623959839; 0,322425021789968; 0,6752137620933354; 0,7011077399365604; 0,3051828774623573; 0,3094935053959489; 0,2105027730576694; 0,35025948425754905
0,28398169329657563; 0,08397193113341928; 0,5484387367032468; 0,6435513882897794; 0,6630862718448043; 0,26627977937459946; 0,9811128098517656; 0,6271062311716378; 0,0383161217905581; 0,10445573413744569; 0,6897190064191818
-0,6914171055261027; 0,2526577692478895; 0,1943131652660668; 0,7737744678743184; 0,9916185168549418; 0,8014319916255772; 0,036592298187315464; 0,49446902610361576; 0,34312764555215836; 0,8057965217158198; 0,21106257196515799
-0,6603103904407036; 0,8921266756951809; 0,04660045588389039; 0,5014641331508756; 0,963663849979639; 0,005498311948031187; 0,48417322523891926; 0,017370400484651327; 0,4053893545642495; 0,14207320008426905; 0,7830761671066284
-0,2623654058908642; 0,36921883607283235; 0,022942693438380957; 0,8362466208636761; 0,6382895326241851; 0,8303995975293219; 0,17638986464589834; 0,34897044533863664; 0,7975897146388888; 0,688670173753053; 0,6384232984855771
-0,2976120038872212; 0,29622668074443936; 0,9451697547920048; 0,14816033793613315; 0,9802269791252911; 0,11661374848335981; 0,34474272280931473; 0,07532143266871572; 0,41402580915018916; 0,6556621403433383; 0,9636437031440437
0,009127727566218212; 0,6512432377785444; 0,1329976413398981; 0,3064535022713244; 0,1969429813325405; 0,1671052509918809; 0,4085857248865068; 0,7338526290841401; 0,8711560224182904; 0,806974861305207; 0,43450081534683704
0,7679392828298882; 0,23272458650171757; 0,7726797526702285; 0,6446295818313956; 0,06289459159597754; 0,705481416080147; 0,013116427231580019; 0,5792028540745378; 0,2905371873639524; 0,1755061629228294; 0,9477657657116652
0,0693461042851963; 0,3256229334510863; 0,11466697277501225; 0,36795523716136813; 0,669218675699085; 0,0958981029689312; 0,822652515489608; 0,12067326856777072; 0,22954626334831119; 0,2657526768743992; 0,3647300396114588
-0,4597934495713937; 0,37518453504890203; 0,2800442408770323; 0,2512047588825226; 0,9147876244969666; 0,9164560353383422; 0,16494167130440474; 0,11676819575950503; 0,5407953271642327; 0,52355811977759; 0,3795299883931875
-0,4180632057420375; 0,35101824766024947; 0,3717536013573408; 0,9049163162708282; 0,7524800775572658; 0,47806070977821946; 0,48724400997161865; 0,8689573737792671; 0,040096902288496494; 0,3758015986531973; 0,9888314362615347
0,45451907198561897; 0,738191797863692; 0,6640461790375412; 0,4230158179998398; 0,6944494317285717; 0,860495971981436; 0,5140436259098351; 0,7225167457945645; 0,20012158202007413; 0,6458123046904802; 0,8922950690612197
-0,4071754747332345; 0,9151868131011724; 0,006848076358437538; 0,22676901053637266; 0,7088590492494404; 0,07787600019946694; 0,0799213731661439; 0,2633529263548553; 0,2826665174216032; 0,15500058000907302; 0,6238272478803992
-0,19032355764439393; 0,5156986145302653; 0,1694185510277748; 0,4896235060878098; 0,48342205584049225; 0,8476493670605123; 0,044659985695034266; 0,7822473873384297; 0,7444655685685575; 0,6061169686727226; 0,9044275931082666
-0,10457238255777343; 0,14404933340847492; 0,1884306389838457; 0,9688129895366728; 0,3580207219347358; 0,48520716512575746; 0,6687285806983709; 0,45279765222221613; 0,06970288464799523; 0,8493296396918595; 0,984982798807323
-0,2205108606850075; 0,853682279586792; 0,046412577386945486; 0,7438746248371899; 0,4888113192282617; 0,9424679498188198; 0,9655287638306618; 0,23441502591595054; 0,3305739825591445; 0,5375189003534615; 0,09379641804844141
0,01119795511055347; 0,19466167222708464; 0,4017749624326825; 0,22135904291644692; 0,22264888882637024; 0,6346231275238097; 0,0657589603215456; 0,4959098706021905; 0,7340776841156185; 0,6749163307249546; 0,06269687879830599
-0,4821052562890774; 0,943456516135484; 0,18621458811685443; 0,724402988795191; 0,805438821669668; 0,05313309235498309; 0,48563453555107117; 0,33888556249439716; 0,06786024803295732; 0,7971674012951553; 0,1482804506085813
0,13274382348112057; 0,48354379180818796; 0,5671022413298488; 0,7662149141542614; 0,3005719315260649; 0,4813420558348298; 0,5236685243435204; 0,4670431884005666; 0,6640196568332613; 0,10809300607070327; 0,895576209295541
-0,34239958026247796; 0,07033257791772485; 0,3211292726919055; 0,0860529295168817; 0,8138619507662952; 0,7881849366240203; 0,21564567741006613; 0,11177321057766676; 0,030577529221773148; 0,9884148109704256; 0,4370110691525042
0,4897754364069362; 0,6090901433490217; 0,014779516961425543; 0,720658843871206; 0,1625115959905088; 0,8481650105677545; 0,6175476429052651; 0,8122952762059867; 0,2087819562293589; 0,9032711470499635; 0,7728304849006236
0,1574154715025862; 0,6205398389138281; 0,24936340004205704; 0,24540153704583645; 0,2331717829219997; 0,47556567937135696; 0,9564218483865261; 0,37386641278862953; 0,928175981156528; 0,3781680357642472; 0,32953802961856127
1,51074858321975; 0,6551454425789416; 0,6783143915235996; 0,6895008962601423; 0,0067542134784162045; 0,10917252441868186; 0,530542726162821; 0,18726900406181812; 0,9793996820226312; 0,45357220573350787; 0,49574728356674314
0,1331754727633816; 0,841137679759413; 0,8880653204396367; 0,49093382013961673; 0,28189188661053777; 0,22429966926574707; 0,10517174145206809; 0,03868989693000913; 0,06392803322523832; 0,4607379329390824; 0,04359202506020665
0,5940229560675793; 0,243594940751791; 0,7590029016137123; 0,12501408159732819; 0,4282750398851931; 0,7022593100555241; 0,0005800109356641769; 0,14995839074254036; 0,3154413681477308; 0,8503339043818414; 0,9128200765699148
-0,27906360878355896; 0,8264868147671223; 0,5199778880923986; 0,1515625505708158; 0,7280831756070256; 0,8032106184400618; 0,6397646302357316; 0,88731320342049; 0,2681870232336223; 0,44037666311487556; 0,9299198184162378
-0,02484846456033618; 0,22789656603708863; 0,2567123267799616; 0,8346686246804893; 0,2616190114058554; 0,7627026517875493; 0,2352335313335061; 0,5570345618762076; 0,02485146839171648; 0,7735210037790239; 0,22212252393364906
-0,353726813456948; 0,4709121659398079; 0,6030517402105033; 0,46213532891124487; 0,6540505215525627; 0,7009035120718181; 0,14189322758466005; 0,15280476259067655; 0,9980383128859103; 0,24850205751135945; 0,5140509400516748
-0,29418343830731014; 0,33160850359126925; 0,31685233674943447; 0,5037276027724147; 0,7718034340068698; 0,7006523967720568; 0,04334849584847689; 0,15857568755745888; 0,28968935599550605; 0,08808708842843771; 0,8525467873550951
-0,29996301759673144; 0,1890809927135706; 0,19890120020136237; 0,2581592886708677; 0,6153039741329849; 0,5626641758717597; 0,9767088918015361; 0,04775684326887131; 0,708891702350229; 0,4478502497076988; 0,7689428180456161
0,4853898830617413; 0,025235380977392197; 0,48485748935490847; 0,24015643587335944; 0,19851752510294318; 0,607735640835017; 0,10933426162227988; 0,9426094465889037; 0,3218606854788959; 0,42697382252663374; 0,6167941256426275
-0,43628840732315616; 0,10542662302032113; 0,38794594164937735; 0,49319690139964223; 0,8273032577708364; 0,12960474798455834; 0,7577414917759597; 0,6870367424562573; 0,17777745984494686; 0,3860909128561616; 0,4763756077736616
0,011473707242136796; 0,8542206026613712; 0,8808754715137184; 0,2083556279540062; 0,8252123412676156; 0,47205394320189953; 0,5654300791211426; 0,07151711732149124; 0,7860384783707559; 0,4586545112542808; 0,8908394216559827
-0,002155046434790469; 0,5066545130684972; 0,5273589016869664; 0,6260163211263716; 0,20977731607854366; 0,08116295328363776; 0,5809129225090146; 0,13124029384925961; 0,5399768720380962; 0,6487399092875421; 0,5240599410608411
-0,42936938136148756; 0,38232721108943224; 0,21060928935185075; 0,05196605622768402; 0,8044977686367929; 0,675327945034951; 0,791053113527596; 0,6699473708868027; 0,979092316236347; 0,27220886340364814; 0,6106493142433465
-0,45970587609494784; 0,23112324299290776; 0,9336208873428404; 0,8135952963493764; 0,8127370732836425; 0,7360521275550127; 0,3621722962707281; 0,6967548541724682; 0,1199653996154666; 0,7979225278832018; 0,16606213711202145
1,1347014088181817; 0,42844228399917483; 0,765105786267668; 0,1651119953021407; 0,0960664302110672; 0,02348252944648266; 0,1688756407238543; 0,14964614948257804; 0,5039703547954559; 0,5685507007874548; 0,37596556497737765
-0,6305777164188381; 0,2441663579083979; 0,6200125124305487; 0,4162451168522239; 0,9416764164343476; 0,7651067529805005; 0,5788319711573422; 0,5268928594887257; 0,981113656423986; 0,783415884245187; 0,18721078801900148
-0,6401851362947456; 0,730476709548384; 0,07272571045905352; 0,703993127681315; 0,9484392544254661; 0,2983272806741297; 0,6800086353905499; 0,8612196445465088; 0,2829652260988951; 0,9919973872601986; 0,9794753245078027
-0,01166933108980489; 0,8788646841421723; 0,16802833462134004; 0,2920289449393749; 0,2748033204115927; 0,2992422957904637; 0,474878559820354; 0,13012530049309134; 0,6700667194090784; 0,24467289075255394; 0,7964870212599635
-0,18566234395547568; 0,5852824528701603; 0,4581999331712723; 0,36634000949561596; 0,6339109535329044; 0,6181439510546625; 0,5580137087963521; 0,5650059916079044; 0,05312379961833358; 0,4012575326487422; 0,15533720329403877
-0,5013235311305133; 0,5900560622103512; 0,33786580711603165; 0,9683379870839417; 0,9425185960717499; 0,03487204061821103; 0,6749669387936592; 0,48832513485103846; 0,7960949838161469; 0,6630499633029103; 0,31884436309337616
0,544978973314996; 0,23420920735225081; 0,5921805147081614; 0,8213432379998267; 0,4851918020285666; 0,9306924808770418; 0,6939277080819011; 0,49731165496632457; 0,6858979226090014; 0,30786414351314306; 0,8401644648984075
0,5490316508403981; 0,8391643147915602; 0,7553582433611155; 0,05946866795420647; 0,43931408366188407; 0,23900419659912586; 0,019702116958796978; 0,751011396292597; 0,030911443289369345; 0,25599534111097455; 0,11050498019903898
-0,43760477173988244; 0,8109297207556665; 0,5245175017043948; 0,5058870012871921; 0,8043303373269737; 0,7961125825531781; 0,4766223095357418; 0,9588337801396847; 0,49086850648745894; 0,7796965595334768; 0,6353622935712337
0,7637872526467602; 0,9047672124579549; 0,837662625592202; 0,751736843958497; 0,3578952280804515; 0,29503568820655346; 0,08542094938457012; 0,3573378901928663; 0,9703752691857517; 0,535982474219054; 0,422380612231791
0,15573723263816486; 0,8911778940819204; 0,28504959074780345; 0,4447463736869395; 0,080213428940624; 0,8184979325160384; 0,3198939152061939; 0,9676415701396763; 0,6469395002350211; 0,23500242223963141; 0,28201905684545636
-0,48474185669426206; 0,01595200877636671; 0,3100336343050003; 0,23023419873788953; 0,8795923236757517; 0,3081762227229774; 0,9528410318307579; 0,29939430207014084; 0,7919327416457236; 0,6295631006360054; 0,2236457373946905
-0,35496599048320454; 0,3646025084890425; 0,465173676609993; 0,5572352143935859; 0,6879783035255969; 0,34412236977368593; 0,5084874946624041; 0,2326613524928689; 0,4418777017854154; 0,9205178073607385; 0,037300562020391226
0,5107762849772919; 0,3116926518268883; 0,7870937269181013; 0,10343229724094272; 0,4673927463591099; 0,37812766805291176; 0,37218438275158405; 0,5653704791329801; 0,8681076867505908; 0,8485572342760861; 0,7376484768465161
0,20544516488051331; 0,8044428690336645; 0,9438274782150984; 0,9405033783987164; 0,969301566015929; 0,2921073869802058; 0,30942141776904464; 0,5957969538867474; 0,2552305036224425; 0,2129230215214193; 0,7876785499975085
-0,08812863472551775; 0,3817656966857612; 0,5910785445012152; 0,6915368530899286; 0,3209128398448229; 0,9103231928311288; 0,9693814590573311; 0,04952834593132138; 0,39114554366096854; 0,8518198328092694; 0,41253068018704653
-0,28412225153740966; 0,04412563657388091; 0,49595769215375185; 0,1340578575618565; 0,5922525227069855; 0,7618626514449716; 0,01786415372043848; 0,6660241764038801; 0,8261756571009755; 0,3533182176761329; 0,7950249374844134
0,510332373221911; 0,39775540586560965; 0,7167131928727031; 0,4581776587292552; 0,5360193359665573; 0,4666536431759596; 0,07933121873065829; 0,22320799389854074; 0,460212130099535; 0,7129300418309867; 0,8584971195086837
-0,18939300892462133; 0,7607415704987943; 0,20769270276650786; 0,5884028878062963; 0,49297031899914145; 0,26215679245069623; 0,17801797343418002; 0,7157583995722234; 0,3261836380697787; 0,9553813738748431; 0,3011432671919465
-0,2003608923131262; 0,14378169178962708; 0,4421593747101724; 0,10237910645082593; 0,9184553679078817; 0,7208072603680193; 0,2601130432449281; 0,9539555353112519; 0,8754470143467188; 0,43184534879401326; 0,6085586920380592
0,4118535766287135; 0,8624751092866063; 0,8418194684199989; 0,8256285018287599; 0,11078208591789007; 0,5988033283501863; 0,26877486053854227; 0,45605224929749966; 0,537746706046164; 0,28620458859950304; 0,4993048729375005
-0,37861460209907; 0,958487406373024; 0,19561914587393403; 0,37350367195904255; 0,6999250869266689; 0,7384833740070462; 0,18479259824380279; 0,6176448371261358; 0,3735378975979984; 0,5410354435443878; 0,8129668622277677
0,5430394033832358; 0,631658629514277; 0,9927582331001759; 0,4970846977084875; 0,3583916272036731; 0,3438030360266566; 0,5538584277965128; 0,9589138426817954; 0,3244467838667333; 0,06836220296099782; 0,8158405576832592
-0,32331982283891564; 0,9943042849190533; 0,852278177626431; 0,7959857350215316; 0,7986266822554171; 0,4047408546321094; 0,7935546110384166; 0,17482219589874148; 0,4630592092871666; 0,9701625644229352; 0,006501579191535711
0,6333757925015466; 0,14604277722537518; 0,041594503447413445; 0,08768700994551182; 0,2782398699782789; 0,4809155142866075; 0,3706472967751324; 0,863954309374094; 0,3099272456020117; 0,87061668606475; 0,5806736052036285
0,21355937700052657; 0,15952137671411037; 0,8607130344025791; 0,025597030762583017; 0,6667816480621696; 0,19475274300202727; 0,3141919863410294; 0,23337774770334363; 0,0025997147895395756; 0,9145032670348883; 0,801816298160702
-0,23369068681972727; 0,008129225112497807; 0,3166978326626122; 0,3635879256762564; 0,5592955178581178; 0,1702150977216661; 0,8890126636251807; 0,11997779738157988; 0,9944812804460526; 0,3009779085405171; 0,11084377998486161
0,34521382038352655; 0,7093125185929239; 0,9759183502756059; 0,8238556003198028; 0,7989260610193014; 0,8320463257841766; 0,5108211487531662; 0,06696683680638671; 0,9336840212345123; 0,23511672066524625; 0,5867951158434153
-0,03435400473079252; 0,635755998082459; 0,3840527846477926; 0,8524336968548596; 0,5506274756044149; 0,16280218679457903; 0,7551297987811267; 0,8231490175239742; 0,9416394075378776; 0,7025609123520553; 0,9481036784127355
0,05839982259787626; 0,9304863009601831; 0,3966952236369252; 0,05658337892964482; 0,2966101849451661; 0,024830633774399757; 0,052095124032348394; 0,8875897936522961; 0,8623091853223741; 0,0043983482755720615; 0,7385695059783757
-0,12326607359685703; 0,5924960756674409; 0,28479962702840567; 0,29217111179605126; 0,38211770821362734; 0,597954822704196; 0,5817897631786764; 0,515172163490206; 0,43934615422040224; 0,4605574724264443; 0,3804739760234952
-0,12114355217951436; 0,943371269851923; 0,2759584579616785; 0,04612259706482291; 0,36737213749438524; 0,6573472996242344; 0,7782093556597829; 0,7189680831506848; 0,5271171238273382; 0,06415977235883474; 0,07234318507835269
-0,0002892251427053108; 0,8441088981926441; 0,8389818924479187; 0,6286606071516871; 0,6092717074789107; 0,9946317747235298; 0,08078381000086665; 0,7916318587958813; 0,5970927188172936; 0,39851686684414744; 0,008623446803539991
1,0407625327938868; 0,5429894016124308; 0,7893990087322891; 0,5224732235074043; 0,1814816971309483; 0,6802792912349105; 0,828735085669905; 0,340175561606884; 0,8293424332514405; 0,2996459659188986; 0,6548729347996414
0,5079574492561578; 0,3622670182958245; 0,9612014512531459; 0,09198515769094229; 0,6236155149526894; 0,1871358403004706; 0,32384922821074724; 0,15491189109161496; 0,5726486630737782; 0,9845658005215228; 0,5694018914364278
0,6622372786570024; 0,9589217086322606; 0,6852137907408178; 0,21860381215810776; 0,5198573754169047; 0,6811793777160347; 0,3190307389013469; 0,8301098123192787; 0,9775910833850503; 0,35813425248488784; 0,3358152103610337
-0,383697088371276; 0,5670925597660244; 0,4444678998552263; 0,3680004714988172; 0,7101167212240398; 0,2607874539680779; 0,4651039708405733; 0,5114036933518946; 0,4039598247036338; 0,19637845549732447; 0,7998933214694262
-0,36758327186526996; 0,08263242989778519; 0,2390049509704113; 0,1275659897364676; 0,7615831326693296; 0,9250405207276344; 0,6671718591824174; 0,790333773009479; 0,6923164878971875; 0,15146921202540398; 0,8234056183137
0,5734832224700567; 0,5128526645712554; 0,9302945998497307; 0,9904670808464289; 0,47823903476819396; 0,66616595024243; 0,4812904857099056; 0,9852959658019245; 0,9129902273416519; 0,04694109922274947; 0,8446031427010894
0,5105238946787376; 0,7804658892564476; 0,8887227652594447; 0,8009957480244339; 0,6643735975958407; 0,0375623838044703; 0,938624020665884; 0,30297387577593327; 0,26770057901740074; 0,6267158226110041; 0,11638316046446562
-0,04173579157380171; 0,17928541032597423; 0,16153897438198328; 0,04536226158961654; 0,2982685714960098; 0,3029555124230683; 0,6908474769443274; 0,3604948725551367; 0,7935621002689004; 0,9585940456017852; 0,620544733479619
-0,3776168361887736; 0,5337043511681259; 0,4586807629093528; 0,6976110502146184; 0,7973044123500586; 0,2616556501016021; 0,3372146347537637; 0,3158059031702578; 0,48747774865478277; 0,8760750601068139; 0,16907118866220117
0,12564347150745195; 0,7470042179338634; 0,5993248936720192; 0,29047958878800273; 0,1269635371863842; 0,2597915465012193; 0,6944411573931575; 0,11231750715523958; 0,21899503888562322; 0,4620616673491895; 0,9419524311088026
-0,14739158455066306; 0,918975479900837; 0,3225279310718179; 0,41211774479597807; 0,5237886160612106; 0,3882365729659796; 0,7214252576231956; 0,8325412245467305; 0,9184314352460206; 0,5772010423243046; 0,31721734115853906
-0,07755533455539036; 0,560878321994096; 0,5899468287825584; 0,12050574319437146; 0,8990884469822049; 0,7709263996221125; 0,394405048340559; 0,6886710324324667; 0,014127954374998808; 0,11592601425945759; 0,77084976201877
0,11422720630042396; 0,06729358993470669; 0,9856962305493653; 0,5432535265572369; 0,9900732967071235; 0,24108194513246417; 0,45748001243919134; 0,41942615155130625; 0,23804418742656708; 0,7367060170508921; 0,13421667274087667
0,172198191651057; 0,7091965563595295; 0,04084407305344939; 0,4395954869687557; 0,6959200263954699; 0,4074412826448679; 0,771851824130863; 0,9981815107166767; 0,4478654102422297; 0,41557024884968996; 0,4310584352351725
-0,03360945017557673; 0,8398242709226906; 0,62263392098248; 0,8828840027563274; 0,2626668019220233; 0,3795485384762287; 0,8497418505139649; 0,11803545849397779; 0,6746656466275454; 0,6096795555204153; 0,0017550415359437466
0,9772517061634555; 0,6385041680186987; 0,725617996416986; 0,7324011493474245; 0,13940913323312998; 0,16352753527462482; 0,505754520650953; 0,806328316219151; 0,4334102747961879; 0,630479718092829; 0,9074824452400208
-0,22103801387949917; 0,4801612771116197; 0,539664417039603; 0,07486874563619494; 0,48919717920944095; 0,3446102156303823; 0,9110926380380988; 0,6820189757272601; 0,19940383499488235; 0,6628312468528748; 0,66989263612777
0,941273518606086; 0,7649449175223708; 0,5684339255094528; 0,25977186812087893; 0,09396363375708461; 0,25373928155750036; 0,9641317427158356; 0,7161439349874854; 0,8679578769952059; 0,2123113488778472; 0,2939946800470352
-0,20780261328282926; 0,33061590790748596; 0,09464817494153976; 0,9953006696887314; 0,676752386149019; 0,8794837552122772; 0,1844314313493669; 0,6888223187997937; 0,8793746372684836; 0,18047740124166012; 0,7136638900265098
0,016777515418405175; 0,7017747885547578; 0,649359236471355; 0,08833943074569106; 0,20858747232705355; 0,7278513154014945; 0,9938366902060807; 0,012712623924016953; 0,09702791646122932; 0,004618071019649506; 0,6229691547341645
0,259312061227758; 0,5786444651894271; 0,22961709834635258; 0,31106109684333205; 0,02667192555963993; 0,5084967701695859; 0,9722015047445893; 0,7327894298359752; 0,13707828102633357; 0,7778099928982556; 0,18556136405095458
-0,4063545392795727; 0,3353202408179641; 0,7895518369041383; 0,974609028082341; 0,8137167887762189; 0,22292132209986448; 0,9471199568361044; 0,9604234066791832; 0,3508121375925839; 0,9202432129532099; 0,6680040932260454
0,2939912841064065; 0,6784087852574885; 0,5110713723115623; 0,7518616882152855; 0,47373181069269776; 0,7097726226784289; 0,604951798915863; 0,5458340775221586; 0,7551319915801287; 0,9084436446428299; 0,514706093352288
0,12091908182354312; 0,8414939059875906; 0,5814819014631212; 0,015023912768810987; 0,6200689030811191; 0,15744919516146183; 0,3833921607583761; 0,6479679252952337; 0,8614909192547202; 0,5005121422000229; 0,8032446173019707
-0,050302021842527064; 0,37943648686632514; 0,9080836595967412; 0,39586769975721836; 0,6355512030422688; 0,8402441698126495; 0,9964395281858742; 0,1531922770664096; 0,12260682135820389; 0,09595599351450801; 0,32235476141795516
0,9385574459889734; 0,7889241091907024; 0,8080265535973012; 0,3252742476761341; 0,1797999832779169; 0,31638644402846694; 0,28363271290436387; 0,202173569239676; 0,1530057736672461; 0,5153373912908137; 0,16752481320872903
-0,43569836812921847; 0,08277198811993003; 0,4118752460926771; 0,5088293910957873; 0,7446650336496532; 0,18505471711978316; 0,7655746643431485; 0,3283324879594147; 0,9724626024253666; 0,1700720051303506; 0,05394080746918917
-0,00282486920529558; 0,20390112465247512; 0,339266705326736; 0,20118410233408213; 0,2763376496732235; 0,8936700215563178; 0,38641839614138007; 0,3366751936264336; 0,8778667049482465; 0,22587953880429268; 0,2215605629608035
0,6446126933790989; 0,924303874373436; 0,8237332385033369; 0,4472286868840456; 0,5457739965058863; 0,6223634257912636; 0,29717039223760366; 0,8215690706856549; 0,9026068286038935; 0,8824755428358912; 0,2185440412722528
0,10039543024860245; 0,4655506541021168; 0,10052945092320442; 0,7135845497250557; 0,08191742422059178; 0,06366696488112211; 0,9156691413372755; 0,21790039120242; 0,9011673550121486; 0,5795649881474674; 0,20997572084888816
-0,11301048875698916; 0,25370362028479576; 0,1915749995969236; 0,342837234493345; 0,39439084380865097; 0,691692931111902; 0,8478023139759898; 0,6827622288838029; 0,49046022072434425; 0,3553278702311218; 0,8085708799771965
-0,6159583376956157; 0,17527737189084291; 0,1492207390256226; 0,7892161342315376; 0,944521214812994; 0,1644809409044683; 0,5866733980365098; 0,05146500328555703; 0,6145575665868819; 0,425227387342602; 0,47727720998227596
-0,28030545006332697; 0,06668960861861706; 0,06410390976816416; 0,6274124942719936; 0,6759414775297046; 0,156531878747046; 0,44059570087119937; 0,12822129111737013; 0,8442661524750292; 0,38380878465250134; 0,26815345976501703
0,04004082269634503; 0,9889670088887215; 0,16515255626291037; 0,2625919533893466; 0,16921261558309197; 0,6930974200367928; 0,6278164684772491; 0,16705603199079633; 0,5511176409199834; 0,29330497281625867; 0,1813760744407773
-0,41693031468065384; 0,14782990608364344; 0,09641712158918381; 0,8828811678104103; 0,7206663978286088; 0,36015537893399596; 0,20172287384048104; 0,954693716019392; 0,6325848642736673; 0,39507507253438234; 0,4627250744961202
0,5600140902683807; 0,7095407075248659; 0,6127205933444202; 0,8969467249698937; 0,2304692156612873; 0,6782215093262494; 0,9143027360551059; 0,9917224682867527; 0,7808247194625437; 0,579332185909152; 0,012279361486434937
-0,3093537493755135; 0,949286159593612; 0,08205077610909939; 0,9738024985417724; 0,8697102535516024; 0,05918729770928621; 0,06647479115054011; 0,6917760921642184; 0,26927358331158757; 0,4873241102322936; 0,3050640015862882
0,1150085063889743; 0,2483982341364026; 0,010447246953845024; 0,4539471613243222; 0,9990700576454401; 0,47615186171606183; 0,1228582439944148; 0,7717566764913499; 0,13580492930486798; 0,4522313098423183; 0,9382158908993006
-0,09289970916150889; 0,7274140533991158; 0,7229740829207003; 0,8788439463824034; 0,3985447669401765; 0,38380572386085987; 0,49183139903470874; 0,25966088101267815; 0,10982081200927496; 0,4630526378750801; 0,3089359528385103
-0,5923248083117383; 0,773216889705509; 0,18998550297692418; 0,07414248399436474; 0,9354343889281154; 0,6546402196399868; 0,5041100410744548; 0,2900287853553891; 0,3766463319770992; 0,4528205981478095; 0,6008747047744691
0,2088590412589438; 0,159203524235636; 0,08868141286075115; 0,016290127765387297; 0,04520401731133461; 0,18371950602158904; 0,6549397176131606; 0,9938802383840084; 0,40442584827542305; 0,031253127846866846; 0,9934744029305875
0,1964980652519149; 0,4639923241920769; 0,32804826088249683; 0,3527940157800913; 0,027057283092290163; 0,18960249004885554; 0,7078157546930015; 0,41442024428397417; 0,017005412839353085; 0,483919657766819; 0,3308298015035689
-0,5807833573974391; 0,5233173798769712; 0,327368195168674; 0,21880931314080954; 0,9002150306478143; 0,6359462481923401; 0,5081265047192574; 0,6412465861067176; 0,8824683804996312; 0,15650276886299253; 0,06060149986296892
-0,5404500697342414; 0,9361726427450776; 0,2675648666918278; 0,9112128829583526; 0,9783643605187535; 0,3649554243311286; 0,8813981041312218; 0,1283599636517465; 0,41530461935326457; 0,354306201916188; 0,6273266575299203
0,2418153392051129; 0,3752998448908329; 0,5023493045009673; 0,2678770888596773; 0,155244545545429; 0,8569964184425771; 0,5781962885521352; 0,3005583640187979; 0,6025697239674628; 0,37960309023037553; 0,8201961340382695
-0,23519845149093027; 0,08950929110869765; 0,6101258588023484; 0,5675129974260926; 0,5092525645159185; 0,766961760353297; 0,8197286953218281; 0,015701700933277607; 0,45764221297577024; 0,05419734539464116; 0,07009118190035224
-0,06703348971475395; 0,2419267692603171; 0,03762139705941081; 0,9825442191213369; 0,37531204521656036; 0,1718352623283863; 0,18035016162320971; 0,5790424360893667; 0,3415803727693856; 0,5914149228483438; 0,8840979947708547
-0,3748137308066465; 0,5863809199072421; 0,30774584133177996; 0,9362951484508812; 0,6733183292672038; 0,825303674209863; 0,8708718903362751; 0,7242437237873673; 0,8782663163729012; 0,0455731526017189; 0,37353741750121117
-0,11240614028599664; 0,6542074847966433; 0,9629080616869032; 0,6562544899061322; 0,9680397510528564; 0,5078043243847787; 0,49471420561894774; 0,8294225623831153; 0,6615022723563015; 0,8258617352694273; 0,5044639641419053
-0,182665754500313; 0,98544951248914; 0,5810946505516768; 0,1064881207421422; 0,7485982226207852; 0,443233638536185; 0,9405309832654893; 0,9920768858864903; 0,3899350827559829; 0,6776382424868643; 0,4116426035761833
0,016303310705268477; 0,3228128310292959; 0,6515544634312391; 0,7785083595663309; 0,6446554977446795; 0,9102065367624164; 0,17633157595992088; 0,5365446018986404; 0,4241126421838999; 0,6181639125570655; 0,5764444977976382
-0,012688024267035832; 0,8025052868761122; 0,20777473784983158; 0,334065820556134; 0,2847775239497423; 0,01259036036208272; 0,7009922871366143; 0,7978075225837529; 0,7377298926003277; 0,4680255586281419; 0,3962132930755615
-0,4447661463838069; 0,25633105682209134; 0,13978730095550418; 0,8155102445743978; 0,7709951181896031; 0,4501340654678643; 0,09503550874069333; 0,8841487597674131; 0,8488685893826187; 0,4579446669667959; 0,8014576029963791
0,12923455979175758; 0,5730129545554519; 0,19043313851580024; 0,6043241308070719; 0,20968215074390173; 0,13221586076542735; 0,0660231621004641; 0,17792687192559242; 0,45966689428314567; 0,5767027684487402; 0,7080867551267147
-0,006121232205152223; 0,9860291080549359; 0,9258828507736325; 0,4119697967544198; 0,9562452859245241; 0,41805951204150915; 0,701655700802803; 0,4253691164776683; 0,9817216643132269; 0,748146157246083; 0,945268074516207
0,8164203590416285; 0,7333773085847497; 0,8140311138704419; 0,3569960310123861; 0,26253044744953513; 0,0474980678409338; 0,9922024006955326; 0,5220199595205486; 0,4332989561371505; 0,1450818027369678; 0,8596624685451388
0,27763817035039967; 0,2534224446862936; 0,29477125126868486; 0,3122928589582443; 0,01998081151396036; 0,28087266255170107; 0,7399404561147094; 0,37555431481450796; 0,5562214800156653; 0,9485568157397211; 0,1700185714289546
0,48559411257104906; 0,4120861482806504; 0,7639138251543045; 0,5858448464423418; 0,5540293036028743; 0,09330047992989421; 0,6681217048317194; 0,9444129122421145; 0,8547472143545747; 0,8452724986709654; 0,13530928827822208
-0,11237809706812167; 0,9800482080318034; 0,6440217541530728; 0,38771667005494237; 0,36261188657954335; 0,5172565993852913; 0,8321055821143091; 0,7387580913491547; 0,25087344320490956; 0,5778398052789271; 0,37846077932044864
0,10639368442339804; 0,15518271178007126; 0,6870948243886232; 0,34192347899079323; 0,1266772672533989; 0,8371443152427673; 0,3231854853220284; 0,27834166400134563; 0,03217648575082421; 0,6499838107265532; 0,09052106272429228
0,4936808999174084; 0,35572189604863524; 0,7167869675904512; 0,22706001484766603; 0,3062063306570053; 0,5628079911693931; 0,8629239755682647; 0,8833248210139573; 0,688935003709048; 0,5039462833665311; 0,10102924983948469
-0,2758322197499355; 0,9669279395602643; 0,7140555200167; 0,13534649508073926; 0,8238359591923654; 0,3766237967647612; 0,7062979158945382; 0,6521135736256838; 0,2606992181390524; 0,4441243256442249; 0,7312472672201693
-0,6415683346864162; 0,6042515556327999; 0,19088956667110324; 0,8183791064657271; 0,9481772007420659; 0,9131803489290178; 0,15921046631410718; 0,9482557424344122; 0,8661150098778307; 0,018929199315607548; 0,23830215074121952
0,41757020907898856; 0,7819701321423054; 0,8484231922775507; 0,09546386450529099; 0,1863360609859228; 0,6235912921838462; 0,8311113156378269; 0,3111287485808134; 0,9859182192012668; 0,49282917054370046; 0,7131409384310246
0,1907875094266344; 0,7865164633840322; 0,11325342115014791; 0,19753756653517485; 0,027477221563458443; 0,025223185308277607; 0,9181879633106291; 0,33863737899810076; 0,08204406965523958; 0,7301817401312292; 0,13899101968854666
-0,15398225713044836; 0,9471233510412276; 0,8822839348576963; 0,19685434410348535; 0,7154522985219955; 0,9394238484092057; 0,9776817909441888; 0,876594893168658; 0,4132300582714379; 0,4065113430842757; 0,8485791017301381
-0,18605412106564923; 0,4916736143641174; 0,3739468320272863; 0,7472861064597964; 0,5180598525330424; 0,044401992578059435; 0,5106398286297917; 0,3011829727329314; 0,20870444690808654; 0,8192586647346616; 0,5981285562738776
0,1993161908910878; 0,023519938345998526; 0,37127884244546294; 0,3468706263229251; 0,21147314319387078; 0,10626164777204394; 0,1407987023703754; 0,09717477485537529; 0,21571996714919806; 0,6962115173228085; 0,7983297053724527
0,0964065076148084; 0,840664841234684; 0,16630576318129897; 0,3108634417876601; 0,47391432942822576; 0,005429943557828665; 0,6967758233658969; 0,35098096495494246; 0,6991234859451652; 0,6733268420211971; 0,876927032135427
-0,07549235235543714; 0,4615921429358423; 0,041536110918968916; 0,37314755097031593; 0,3036379492841661; 0,42395564913749695; 0,46414722176268697; 0,11314605921506882; 0,5327706071548164; 0,6527362670749426; 0,2616923009045422
-0,35062679830365207; 0,9011769215576351; 0,44716187193989754; 0,10059495223686099; 0,6588780917227268; 0,8217136664316058; 0,4063048968091607; 0,45470680948346853; 0,737828521989286; 0,6881117220036685; 0,7718402310274541
-0,3712859214931836; 0,5543702770955861; 0,13679418480023742; 0,8258617478422821; 0,6721488027833402; 0,4707282711751759; 0,4884836161509156; 0,9514100975356996; 0,8171520009636879; 0,6481322534382343; 0,6988619067706168
0,03116113616406077; 0,23849188815802336; 0,41637946339324117; 0,5681261303834617; 0,4005017294548452; 0,20981666957959533; 0,8797084898687899; 0,9605493219569325; 0,6620663828216493; 0,1605059029534459; 0,4296437534503639
-0,5772924155260553; 0,6782473274506629; 0,9254340208135545; 0,44995394814759493; 0,9623069572262466; 0,34262289153411984; 0,9493673024699092; 0,0068249828182160854; 0,22705098241567612; 0,8647872405126691; 0,38366117514669895
0,4694434311891911; 0,5984299704432487; 0,6375083709135652; 0,4142366359010339; 0,7033919361419976; 0,7208295846357942; 0,525269481819123; 0,7150584189221263; 0,5344703160226345; 0,4489244311116636; 0,20969793433323503
0,0683739588669898; 0,9488996719010174; 0,8846311504021287; 0,954067709390074; 0,7179712997749448; 0,11419264413416386; 0,2750357920303941; 0,3635151223279536; 0,5534572508186102; 0,298850669991225; 0,30513684917241335
-0,13077767661578096; 0,408817898016423; 0,621315567754209; 0,8441352937370539; 0,48521436285227537; 0,34333698404952884; 0,7355160913430154; 0,6806759811006486; 0,4165433906018734; 0,10649231169372797; 0,9438671921379864
-0,5621404133523386; 0,34946354990825057; 0,14882452739402652; 0,14449371676892042; 0,8734344406984746; 0,2092037801630795; 0,8498855903744698; 0,0701506556943059; 0,01676533231511712; 0,2638290151953697; 0,04492552066221833
0,12289137928142418; 0,694979200605303; 0,8756983219645917; 0,9407574418000877; 0,9793434482999146; 0,10933951055631042; 0,57912343647331; 0,8050740770995617; 0,5269039981067181; 0,44355365028604865; 0,9341610157862306
-0,3395881805498668; 0,9202471757307649; 0,4593572784215212; 0,37834942853078246; 0,6535920584574342; 0,8985682786442339; 0,3189165969379246; 0,9290079888887703; 0,772745952475816; 0,40198225528001785; 0,0707449191249907
-0,5668777913053117; 0,3907011663541198; 0,21058369474485517; 0,06391960009932518; 0,8790210611186922; 0,6393803260289133; 0,8191671520471573; 0,15756941167637706; 0,9599207052960992; 0,14717857353389263; 0,32393817510455847
-0,2156827241517936; 0,7846684991382062; 0,8424392645247281; 0,6005366705358028; 0,650550992693752; 0,433182330802083; 0,9102237145416439; 0,5895483964122832; 0,3925873120315373; 0,13841953547671437; 0,9140560240484774
0,006055063351656445; 0,10849859425798059; 0,48424199456349015; 0,13848098367452621; 0,21098894393071532; 0,09924875479191542; 0,8480676081962883; 0,37588759046047926; 0,3004944142885506; 0,08667766256257892; 0,09984535304829478
0,21324457796085927; 0,6615962516516447; 0,5509601240046322; 0,12365573924034834; 0,49198656901717186; 0,15257095731794834; 0,9652966042049229; 0,8384177559055388; 0,23481087246909738; 0,42720064194872975; 0,4617885216139257
0,07110494323398507; 0,707180742174387; 0,42297382885590196; 0,9130218708887696; 0,1305253580212593; 0,85534842684865; 0,9668907574377954; 0,7515109884552658; 0,693749017547816; 0,6701822802424431; 0,4293391746468842
0,39488838768310447; 0,7046359754167497; 0,7883240645751357; 0,9178870217874646; 0,809931525029242; 0,38951567094773054; 0,840166843496263; 0,9100159811787307; 0,604282921180129; 0,2606281000189483; 0,24107652343809605
0,02448869802575894; 0,38833870319649577; 0,4202951011247933; 0,9239689619280398; 0,40718697430565953; 0,3524022549390793; 0,9518253691494465; 0,3371634827926755; 0,8313068435527384; 0,2158797476440668; 0,5735266362316906
0,4748574973812504; 0,2795864613726735; 0,09035156155005097; 0,24370639072731137; 0,2210222464054823; 0,9063409427180886; 0,9531995933502913; 0,8362342491745949; 0,2864948925562203; 0,5556019265204668; 0,36315727699548006
0,6525716864541895; 0,06341739557683468; 0,895669327583164; 0,7042915397323668; 0,3372928253374994; 0,6501294285990298; 0,09075286705046892; 0,7508890614844859; 0,3179753441363573; 0,5032891514711082; 0,29498592484742403
-0,16180238843855954; 0,35039601009339094; 0,24650365998968482; 0,013788578100502491; 0,4140171711333096; 0,6793075120076537; 0,27339289570227265; 0,47820418421179056; 0,9811296006664634; 0,43602809216827154; 0,7590717910788953
-0,12646042390808346; 0,8971074516884983; 0,27092291973531246; 0,8402806459926069; 0,5005401270464063; 0,1348182880319655; 0,7496105707250535; 0,5538301458582282; 0,08717670012265444; 0,18541194265708327; 0,639876508153975
-0,4917066961179498; 0,0694171073846519; 0,5614189030602574; 0,09804877173155546; 0,7990735750645399; 0,968267829157412; 0,6921152346767485; 0,3912417502142489; 0,1576489177532494; 0,865159644279629; 0,11770245246589184
0,3485818579666168; 0,22443135734647512; 0,8035504659637809; 0,7855531559325755; 0,8547915737144649; 0,25620737206190825; 0,15075811557471752; 0,2443360392935574; 0,4763128091581166; 0,5624679392203689; 0,4107695403508842
-0,17352086842818573; 0,18957866495475173; 0,20880833035334945; 0,33535169111564755; 0,48955264454707503; 0,04876222461462021; 0,6022118548862636; 0,010562021750956774; 0,8928692080080509; 0,20816861372441053; 0,983833865262568
-0,1052544531463327; 0,3486505625769496; 0,14139931788668036; 0,26695962343364954; 0,3549537737853825; 0,04103362467139959; 0,7342114308848977; 0,26916185952723026; 0,9279850288294256; 0,935506091453135; 0,9947473127394915
0,46111029089610206; 0,5173304970376194; 0,9178973976522684; 0,9340514540672302; 0,18528675474226475; 0,8352150502614677; 0,896681013982743; 0,8922389298677444; 0,7373139611445367; 0,9276534072123468; 0,43134377244859934
0,32572994554819784; 0,7715607238933444; 0,4887857362627983; 0,2731909644789994; 0,3079284057021141; 0,6356743699871004; 0,8420550557784736; 0,9257016126066446; 0,007452037651091814; 0,4975083037279546; 0,1826293896883726
-0,37100410260153616; 0,07909459201619029; 0,33823502296581864; 0,804487353656441; 0,8964759148657322; 0,05054964357987046; 0,9299940532073379; 0,7057625628076494; 0,6654940545558929; 0,1316702370531857; 0,43492674035951495
-0,00377787708562835; 0,738256910815835; 0,970389389898628; 0,43931283708661795; 0,6412793486379087; 0,9165984494611621; 0,2848744015209377; 0,5593187920749187; 0,48790717869997025; 0,6486067031510174; 0,5116044380702078
-0,2571987886903693; 0,43758727610111237; 0,2119872635230422; 0,7852678932249546; 0,5611641276627779; 0,8210772136226296; 0,7618112382479012; 0,189367834944278; 0,9902388392947614; 0,7426560330204666; 0,29916997253894806
-0,49192106843978023; 0,6846869718283415; 0,3141954718157649; 0,10399485612288117; 0,8976516942493618; 0,4655871228314936; 0,3695889366790652; 0,7446678085252643; 0,24580415105447173; 0,7991166315041482; 0,4753631744533777
0,6321059824834486; 0,8275796691887081; 0,5168024464510381; 0,8741237372159958; 0,17456124490126967; 0,11443271022289991; 0,9442358445376158; 0,10550766345113516; 0,711972814053297; 0,9413452227599919; 0,7928878189995885
0,005088055294133104; 0,7717516333796084; 0,42467382550239563; 0,4857566440477967; 0,3874355871230364; 0,17151131574064493; 0,9918928714469075; 0,3339724987745285; 0,2522193407639861; 0,1650530770421028; 0,701960894279182
-0,531143760710432; 0,11972248600795865; 0,8298120554536581; 0,9701304654590786; 0,8414848474785686; 0,9724438078701496; 0,35053554316982627; 0,4494558214209974; 0,974722498562187; 0,5645090090110898; 0,17222699522972107
-0,052682255960538736; 0,13813649769872427; 0,8763196486979723; 0,4260944495908916; 0,9730702443048358; 0,2414096207357943; 0,43421416496858; 0,6553032309748232; 0,5272150519303977; 0,8213760028593242; 0,9726866539567709
0,017901548426675587; 0,3162630647420883; 0,42085498198866844; 0,5842852802015841; 0,3889812114648521; 0,5289447829127312; 0,017104169819504023; 0,05166303459554911; 0,8017945121973753; 0,05294210370630026; 0,06024735188111663
0,4835807355114138; 0,800199521239847; 0,07214365573599935; 0,45111439283937216; 0,11931430036202073; 0,11060777213424444; 0,8084591524675488; 0,3623857079073787; 0,0938406097702682; 0,5102078001946211; 0,9548777607269585
0,4720421364288327; 0,5106706987135112; 0,7032511471770704; 0,813019254244864; 0,7021762495860457; 0,9166028411127627; 0,11516151484102011; 0,8618795089423656; 0,3761653029359877; 0,7223759857006371; 0,4867988028563559
-0,5553472332098152; 0,503216037992388; 0,513309639878571; 0,34130103001371026; 0,8654551994986832; 0,790697387419641; 0,04235284170135856; 0,6256641051732004; 0,06172477640211582; 0,6135802883654833; 0,16952288104221225
0,46081012609840816; 0,8383300565183163; 0,6942275301553309; 0,6890078699216247; 0,7101652636192739; 0,5195752088911831; 0,9527199966832995; 0,3347105225548148; 0,5414431900717318; 0,09767028549686074; 0,7561732162721455
-0,6673693510019606; 0,9088099957443774; 0,5096985697746277; 0,6142393979243934; 0,9736980372108519; 0,18398904334753752; 0,4449001895263791; 0,1090245908126235; 0,7549501797184348; 0,12699815584346652; 0,4644258990883827
0,4655206814634222; 0,14097377844154835; 0,7807827433571219; 0,9406644245609641; 0,6389908846467733; 0,19062122516334057; 0,9917745208367705; 0,46364667220041156; 0,4507044982165098; 0,1545826718211174; 0,9915494471788406
0,2283273588071047; 0,031244268640875816; 0,49637728929519653; 0,8042796682566404; 0,5039977678097785; 0,48436843138188124; 0,5690718381665647; 0,46291817305609584; 0,8508559004403651; 0,3716913601383567; 0,7339577372185886
0,6107787778987299; 0,7594737154431641; 0,5874175736680627; 0,9392138565890491; 0,43044707737863064; 0,7931688134558499; 0,3554748725146055; 0,15843497356399894; 0,7866534162312746; 0,41859262669458985; 0,20027712360024452
-0,17312443598707447; 0,387046470772475; 0,7318835430778563; 0,5910493414849043; 0,5623673116788268; 0,28117481386289; 0,09465675288811326; 0,963025180157274; 0,7583768269978464; 0,3626107363961637; 0,6222289078868926
0,07953303028763829; 0,18739445228129625; 0,7925816378556192; 0,2137932521291077; 0,976981742773205; 0,11200734786689281; 0,885732511524111; 0,05016242526471615; 0,17627235129475594; 0,33569328812882304; 0,29940103460103273
-0,18935291556213152; 0,9777132365852594; 0,8368778596632183; 0,9845894034951925; 0,6155683039687574; 0,2389947078190744; 0,024117453955113888; 0,5459902686998248; 0,7243996486067772; 0,9456944409757853; 0,5631432216614485
-0,6810825886545283; 0,16971890348941088; 0,004403112921863794; 0,23139658197760582; 0,9840717036277056; 0,26840146305039525; 0,25756629556417465; 0,6112969149835408; 0,027199281845241785; 0,9258262407965958; 0,821185517590493
-0,028074376645346663; 0,6311658653430641; 0,07253917260095477; 0,9101444324478507; 0,9469574191607535; 0,9504175814799964; 0,4342103684321046; 0,49236581567674875; 0,8267383468337357; 0,3316060472279787; 0,47132877819240093
0,23437588370503906; 0,355422408785671; 0,6264043757691979; 0,8315359139814973; 0,8955668970011175; 0,3465317296795547; 0,09726709593087435; 0,19281429145485163; 0,7895235731266439; 0,12963726138696074; 0,043368203565478325
0,676828489596187; 0,8502969574183226; 0,887522759847343; 0,7344928020611405; 0,4049409441649914; 0,8429416534490883; 0,5671606711111963; 0,06427382212132215; 0,14949892600998282; 0,6609024801291525; 0,6975637883879244
0,9982774766426583; 0,010382270906120539; 0,03359876340255141; 0,15518705360591412; 0,03256090311333537; 0,28492292156443; 0,5615724069066346; 0,477441624738276; 0,8652527825906873; 0,0628634407185018; 0,5309787807054818
0,43746431277258235; 0,1935314959846437; 0,8924705251120031; 0,2941544163040817; 0,7366976356133819; 0,8409005138091743; 0,9552054037339985; 0,8213234599679708; 0,6801385194994509; 0,32290480425581336; 0,8952139518223703
-0,3969335950253878; 0,1431643315590918; 0,4006268964149058; 0,4810514668934047; 0,9781008288264275; 0,9277651598677039; 0,9445783263072371; 0,7309832707978785; 0,3989064949564636; 0,6064904453232884; 0,07847975241020322
0,14800765734491067; 0,6338132065720856; 0,19213205389678478; 0,7393804034218192; 0,0666042547672987; 0,7433333280496299; 0,9518866944126785; 0,060028288047760725; 0,47625688556581736; 0,6209777109324932; 0,10581337846815586
0,07721526370772068; 0,8932423270307481; 0,7642105589620769; 0,6179104591719806; 0,1883715852163732; 0,5315189063549042; 0,31261996179819107; 0,7061215075664222; 0,3005937631241977; 0,28556716395542026; 0,15464559942483902
-0,057976818928270994; 0,6945344982668757; 0,37640686612576246; 0,9949869895353913; 0,4351473469287157; 0,7164807789959013; 0,21552724950015545; 0,4468336212448776; 0,20239084819331765; 0,8713370151817799; 0,5553524796850979
-0,30679816587617764; 0,8814492020756006; 0,6726427869871259; 0,04723459156230092; 0,8722340143285692; 0,03915201500058174; 0,20513470191508532; 0,5220186314545572; 0,06128696305677295; 0,1660036975517869; 0,009707304183393717
0,24932277055705676; 0,6185326054692268; 0,07970905397087336; 0,7791140959598124; 0,14659788506105542; 0,4832927482202649; 0,3142706356011331; 0,21210735803470016; 0,1614804407581687; 0,6085577271878719; 0,4184112483635545
0,32938754858536795; 0,22004624688997865; 0,6518065603449941; 0,4311107504181564; 0,8835806767456234; 0,4897770471870899; 0,23690443532541394; 0,7238403218798339; 0,7878649975173175; 0,6426451127044857; 0,715149013325572
-0,38655913487689536; 0,38780928310006857; 0,15079839481040835; 0,6270687952637672; 0,7170313615351915; 0,9309134176000953; 0,11304382979869843; 0,501201952341944; 0,30463722068816423; 0,12689024209976196; 0,7444269503466785
0,03140565199270831; 0,2812674385495484; 0,8826660481281579; 0,1190610034391284; 0,21431490359827876; 0,46768001141026616; 0,14518698304891586; 0,9290970712900162; 0,18901364179328084; 0,5328212594613433; 0,9803152550011873
1,0090557297252287; 0,8612219449132681; 0,9556639804504812; 0,291836669202894; 0,11943274550139904; 0,04166796617209911; 0,8003403241746128; 0,15925015741959214; 0,6873766961507499; 0,945350157096982; 0,15195769723504782
-0,47560989474883986; 0,17133040819317102; 0,23195439064875245; 0,8524923603981733; 0,7824996970593929; 0,0009492821991443634; 0,19350604340434074; 0,047046052291989326; 0,2936716298572719; 0,7278292095288634; 0,7744486466981471
-0,1137575199614833; 0,5730369272641838; 0,660735288169235; 0,5401979526504874; 0,3710565180517733; 0,3444161540828645; 0,8676424822770059; 0,03032330423593521; 0,7068879818543792; 0,6898475242778659; 0,5009494293481112
0,2595257956168689; 0,6162954666651785; 0,6164847430773079; 0,8903963780030608; 0,5760588985867798; 0,134245160035789; 0,18780503142625093; 0,3541858303360641; 0,051762811839580536; 0,7575785964727402; 0,43603808945044875
-0,033474773714596985; 0,4196688197553158; 0,3935515689663589; 0,12631048681214452; 0,3088750201277435; 0,3720503798685968; 0,7706129187718034; 0,29514783155173063; 0,590692306868732; 0,235093898139894; 0,8066485072486103
0,6958200756878813; 0,9463621778413653; 0,8505227835848927; 0,6102427025325596; 0,33720561442896724; 0,5140177388675511; 0,5187033917754889; 0,8721708166413009; 0,06641285168007016; 0,1521772132255137; 0,929739982355386
0,3278106363132009; 0,020011695567518473; 0,0917275296524167; 0,6003404418006539; 0,42524895491078496; 0,5736203002743423; 0,3742045583203435; 0,7218147367238998; 0,23628918966278434; 0,40936513617634773; 0,40996423410251737
-0,4106729384135572; 0,5861144373193383; 0,2508394569158554; 0,2882133834064007; 0,7289513908326626; 0,44375506741926074; 0,5323626059107482; 0,5130954114720225; 0,8669403251260519; 0,38568336609750986; 0,6773763014934957
0,056565058426843326; 0,9986035819165409; 0,36524666054174304; 0,8694814178161323; 0,2161232461221516; 0,9216945758089423; 0,6889648218639195; 0,8595269923098385; 0,4575294950045645; 0,24600164545699954; 0,4417207343503833
0,32505024852759856; 0,8837727257050574; 0,5755500458180904; 0,38638923363760114; 0,7140256273560226; 0,6388965025544167; 0,5352878044359386; 0,7262887307442725; 0,3664675303734839; 0,540237920358777; 0,275154497474432
-0,03446701043619695; 0,5551820420660079; 0,33075998071581125; 0,7119408957660198; 0,45606527058407664; 0,9693268621340394; 0,7881707572378218; 0,43819452822208405; 0,0002464675344526768; 0,8420809363014996; 0,1984065705910325
-0,2361769984393768; 0,18300488404929638; 0,6853038589470088; 0,9269994790665805; 0,5344054601155221; 0,4245877335779369; 0,2635613502934575; 0,8128521149046719; 0,18545354437083006; 0,7984933191910386; 0,28360007610172033
0,24381713286299256; 0,12685598013922572; 0,7536838385276496; 0,3649963946081698; 0,7673192420043051; 0,16373508283868432; 0,38360824901610613; 0,7407374302856624; 0,004738962277770042; 0,48815084947273135; 0,7468868684954941
0,03446596510596814; 0,01794364582747221; 0,6894552828744054; 0,4612102876417339; 0,34302171412855387; 0,9272451042197645; 0,36059519555419683; 0,6431251452304423; 0,44356274185702205; 0,38567581167444587; 0,25165422866120934
-0,19921787490559978; 0,9833679283037782; 0,877793229650706; 0,37304952554404736; 0,4903197535313666; 0,4616857091896236; 0,182285038754344; 0,44176013581454754; 0,12500868551433086; 0,8731876979582012; 0,630976433865726
0,06815678237735423; 0,40945339668542147; 0,30261432519182563; 0,8582095568999648; 0,2772173462435603; 0,6299094459973276; 0,17863154597580433; 0,4168547308072448; 0,5625063218176365; 0,2348004449158907; 0,7743311407975852
0,30034550844966607; 0,10448919422924519; 0,5331471199169755; 0,41618257807567716; 0,47321322467178106; 0,6135532325133681; 0,963446359615773; 0,7914384957402945; 0,5893846056424081; 0,5214138114824891; 0,3138381387107074
0,5592063305415805; 0,27904903003945947; 0,868424816057086; 0,5017866543494165; 0,42331906501203775; 0,3321360433474183; 0,010572845581918955; 0,1653087167069316; 0,7013749852776527; 0,8128881477750838; 0,45800014305859804
-0,32515950887667655; 0,826807748991996; 0,04492245055735111; 0,0664454665966332; 0,6222158279269934; 0,0004796232096850872; 0,042385718785226345; 0,059834000654518604; 0,8613441023044288; 0,1486952151171863; 0,884268166963011
1,301842456602888; 0,4051029277034104; 0,7011930248700082; 0,07490980857983232; 0,04435833217576146; 0,7918146345764399; 0,4515858576633036; 0,045399194583296776; 0,8500553201884031; 0,6939756120555103; 0,10769778490066528
0,1520399618619625; 0,9208413292653859; 0,8588384287431836; 0,15850457595661283; 0,6372515866532922; 0,6663835835643113; 0,5892190709710121; 0,12888259626924992; 0,5828382056206465; 0,9967660307884216; 0,815074282232672
0,018530226616972855; 0,012159065343439579; 0,18765249755233526; 0,6826574471779168; 0,2317724833264947; 0,8729007132351398; 0,6287167286500335; 0,10378134297206998; 0,5463374266400933; 0,9007582226768136; 0,8592080320231616
0,09303519527941631; 0,29549686424434185; 0,14936197828501463; 0,004770731553435326; 0,45232927752658725; 0,0839429683983326; 0,8406076515093446; 0,07400949206203222; 0,24553529638797045; 0,7542076087556779; 0,5269625633955002
1,051031719733226; 0,030702980235219002; 0,8900002241134644; 0,7437716429121792; 0,0003664218820631504; 0,898781621363014; 0,7379489340819418; 0,24025186616927385; 0,9893410867080092; 0,6852213400416076; 0,2603907734155655
0,016319249289489395; 0,46177481953054667; 0,625208477023989; 0,3586176703684032; 0,3735642354004085; 0,6197639815509319; 0,3247881359420717; 0,4812456597574055; 0,16792951803654432; 0,9467227440327406; 0,5449994737282395
1,3248593721093413; 0,3985709575936198; 0,6537197260186076; 0,7159510673955083; 0,08498719613999128; 0,21122109284624457; 0,25132634583860636; 0,696778351906687; 0,6659848657436669; 0,03275817586109042; 0,9985360116697848
-0,6068257753623273; 0,3045285949483514; 0,03153169946745038; 0,08925849013030529; 0,9138876586221159; 0,03247476601973176; 0,5719089740887284; 0,2824273528531194; 0,021989502012729645; 0,5560664632357657; 0,3472693571820855
0,2991115792136421; 0,4719094121828675; 0,4598149969242513; 0,16128236521035433; 0,2692034086212516; 0,26690835738554597; 0,5130695383995771; 0,8910976895131171; 0,9608355886302888; 0,06861179508268833; 0,3427222901955247
0,005983591384272735; 0,27104048850014806; 0,4812838234938681; 0,9312635022215545; 0,36044903146103024; 0,0593273863196373; 0,8730515888892114; 0,044743310660123825; 0,3956204908899963; 0,9193693217821419; 0,2128726951777935
0,8789850889442883; 0,6201484207995236; 0,7569652586244047; 0,9567135842517018; 0,21015194291248918; 0,729982147924602; 0,22032592399045825; 0,5793813709169626; 0,7692161044105887; 0,4973181150853634; 0,48452751012519
1,1208308220005216; 0,48410071711987257; 0,8920707227662206; 0,10589059861376882; 0,1594861028715968; 0,13677287008613348; 0,19807575410231948; 0,9580567269586027; 0,48720054095610976; 0,26114205783233047; 0,8448574533686042
0,23416067928784878; 0,20413841819390655; 0,5045650573447347; 0,07336091296747327; 0,5568295242264867; 0,6630207542330027; 0,438223788049072; 0,36321151768788695; 0,6936493804678321; 0,767816892825067; 0,811808836646378
-0,07198627586522043; 0,28465223452076316; 0,37670186161994934; 0,849475865252316; 0,5131547511555254; 0,23828093660995364; 0,12805927731096745; 0,2650879481807351; 0,19167467392981052; 0,9491072888486087; 0,5649819797836244
0,4892962412823764; 0,20589861506596208; 0,5376395364291966; 0,7495513651520014; 0,22852048138156533; 0,6309124352410436; 0,23548263497650623; 0,5928994677960873; 0,6835323837585747; 0,07842107163742185; 0,428150303196162
0,28294375858362203; 0,7249368499033153; 0,7882711412385106; 0,27505899779498577; 0,9388173427432775; 0,8843064778484404; 0,2934056632220745; 0,3721201973967254; 0,11714212829247117; 0,9422565712593496; 0,36945409746840596
0,1503457683314471; 0,10433865943923593; 0,9357213340699673; 0,6333026019856334; 0,3480222746729851; 0,928083648905158; 0,35105588752776384; 0,9830368598923087; 0,11618797946721315; 0,2751001473516226; 0,9081754265353084
0,4890679502738043; 0,3164440584369004; 0,7486080210655928; 0,6225146730430424; 0,5244183414615691; 0,7727421359159052; 0,3627436454407871; 0,16820173151791096; 0,6873326571658254; 0,969181033782661; 0,2630908349528909
-0,22024948270795247; 0,07473649876192212; 0,08033674070611596; 0,05238816747441888; 0,5034562479704618; 0,6159075926989317; 0,05555975157767534; 0,28289235895499587; 0,8595615774393082; 0,12757150223478675; 0,898826468270272
0,27655171202740225; 0,9510217402130365; 0,30892868246883154; 0,16767607955262065; 0,024262327700853348; 0,2667747042141855; 0,6412324570119381; 0,9063887954689562; 0,3749360600486398; 0,255500883795321; 0,8542286506853998
0,8365628349000686; 0,47954777255654335; 0,9834559787996113; 0,9946612860076129; 0,3143224990926683; 0,21862183790653944; 0,8241349766030908; 0,23948741191998124; 0,8371619628742337; 0,3667434402741492; 0,3556310199201107
0,1803306104571618; 0,11866535386070609; 0,28759658336639404; 0,008188213221728802; 0,047111778520047665; 0,08456404879689217; 0,6405791067518294; 0,3939508735202253; 0,08406939450651407; 0,18335932306945324; 0,42077860282734036
0,12699094827083002; 0,7558212773874402; 0,970002899877727; 0,3246864518150687; 0,9692409876734018; 0,8338380809873343; 0,7370259999297559; 0,10597074218094349; 0,8889581803232431; 0,5187747576273978; 0,33327855728566647
0,13582311178462173; 0,28266920801252127; 0,2368336757645011; 0,7967789913527668; 0,07620915165171027; 0,6969889793545008; 0,527168607339263; 0,5063858171924949; 0,5065302955918014; 0,36694038938730955; 0,49251510482281446
-0,39536012121069924; 0,9185135853476822; 0,20933980122208595; 0,08658582717180252; 0,7623396329581738; 0,20451409416273236; 0,7308833268471062; 0,998499053530395; 0,4715290213935077; 0,5831301254220307; 0,9625690844841301
0,19107733230486473; 0,8944033496081829; 0,17788346111774445; 0,9695451534353197; 0,34992024255916476; 0,00699498550966382; 0,38687389297410846; 0,23250373546034098; 0,7541748741641641; 0,5738902073353529; 0,627027727663517
0,46189175638084856; 0,6952498350292444; 0,9900140706449747; 0,24178040213882923; 0,7303953147493303; 0,8331796312704682; 0,6414294936694205; 0,6966387457214296; 0,8152146087959409; 0,36866577062755823; 0,3734892779029906
-0,5876303869794879; 0,35392262507230043; 0,020636429078876972; 0,36516994051635265; 0,897173744160682; 0,41740258736535907; 0,17471522744745016; 0,6853835852816701; 0,13758877385407686; 0,6228755544871092; 0,38347956724464893
0,3477063570323799; 0,40320213604718447; 0,5500328843481839; 0,7057910948060453; 0,5391683159396052; 0,18190274946391582; 0,8320392398163676; 0,08060208009555936; 0,6616749661043286; 0,0594579977914691; 0,8744118586182594
-0,3760034845778981; 0,8507251511327922; 0,42238416243344545; 0,6554959858767688; 0,6978536588139832; 0,13284908002242446; 0,26842190977185965; 0,589954499155283; 0,06804868439212441; 0,12679071445018053; 0,8725303881801665
-0,12655413356408393; 0,44880348118022084; 0,2494033365510404; 0,7070115548558533; 0,608285766094923; 0,8098061932250857; 0,21585541730746627; 0,46217713691294193; 0,15764592913910747; 0,6095533212646842; 0,7228282219730318
0,5198084695923357; 0,27454684721305966; 0,7040723445825279; 0,4552189544774592; 0,5870478097349405; 0,5805304199457169; 0,8175260704010725; 0,9264039397239685; 0,24095385102555156; 0,27113500935956836; 0,8735639993101358
-0,562755028383995; 0,45450447918847203; 0,1895698755979538; 0,23522899392992258; 0,9271515253931284; 0,291416400577873; 0,2779291761107743; 0,7663426557555795; 0,9033002341166139; 0,49663194036111236; 0,045384387485682964
0,047423618002495234; 0,7121455487795174; 0,6449426300823689; 0,7557104714214802; 0,22431811597198248; 0,963644465431571; 0,5213561155833304; 0,955561513081193; 0,6675832900218666; 0,8400977058336139; 0,9360332889482379
0,3480129480552365; 0,9039135188795626; 0,4725207956507802; 0,17017751978710294; 0,23087873216718435; 0,9206322031095624; 0,16946625197306275; 0,5247716503217816; 0,41923010256141424; 0,9571732240729034; 0,8058851859532297
0,11661825498034623; 0,9506610939279199; 0,05367734143510461; 0,7007535840384662; 0,0565460491925478; 0,03546337131410837; 0,91859070956707; 0,48599892761558294; 0,7372129978612065; 0,08204624196514487; 0,7249015057459474
-0,29414691731430137; 0,592555248644203; 0,8968282025307417; 0,9622881128452718; 0,8388978494331241; 0,8005762882530689; 0,6150850052945316; 0,6797018880024552; 0,4105124273337424; 0,19224666245281696; 0,11624394822865725
-0,5750218663649198; 0,7065477874130011; 0,40078424848616123; 0,9364202991127968; 0,8836844586767256; 0,3316945442929864; 0,9864431009627879; 0,859220442827791; 0,9406682229600847; 0,9190350258722901; 0,16512137232348323
0,10922678447840051; 0,3679531360976398; 0,8261713455431163; 0,0936184274032712; 0,0921032764017582; 0,8476667702198029; 0,9567172359675169; 0,3504089377820492; 0,9343839441426098; 0,20086291898041964; 0,6111295172013342
-0,18234661775809677; 0,4025827613659203; 0,08604464121162891; 0,4805455645546317; 0,4399872785434127; 0,4178689871914685; 0,26947151497006416; 0,09350139508023858; 0,4928127289749682; 0,8701626942493021; 0,4812645851634443
0,010843924516794588; 0,06288403226062655; 0,16316064028069377; 0,8753177016042173; 0,2295810477808118; 0,8879738841205835; 0,9284995850175619; 0,6696985014714301; 0,7469239612109959; 0,8050557328388095; 0,7027338035404682
0,17238063212376023; 0,5755303376354277; 0,6178425238467753; 0,567177299875766; 0,06523741595447063; 0,17376823723316193; 0,8982588369399309; 0,8770005842670798; 0,42007474275305867; 0,6547983027994633; 0,8760873614810407
-0,09201383010544824; 0,1010418045334518; 0,13784552784636617; 0,5104506365023553; 0,3482507667504251; 0,6837874529883265; 0,7652800283394754; 0,15045934356749058; 0,28708590008318424; 0,5125453532673419; 0,04475617362186313
1,0800021220733773; 0,034978969022631645; 0,7011982034891844; 0,503494571428746; 0,13741374714300036; 0,5332002867944539; 0,2131035728380084; 0,6207472770474851; 0,8160921093076468; 0,653830477502197; 0,9924435582943261
-0,1923149893744333; 0,16973992716521025; 0,6263461229391396; 0,05438680946826935; 0,4598876442760229; 0,995599802583456; 0,6177910976111889; 0,9413795764558017; 0,36516605550423265; 0,36963407415896654; 0,9855977217666805
0,24336587837327142; 0,998769021127373; 0,49407651647925377; 0,13357740547508; 0,36745713371783495; 0,8541136044077575; 0,48094934364780784; 0,7875006999820471; 0,10557531286031008; 0,9756124378181994; 0,47128366911783814
-0,456083015151308; 0,484648868907243; 0,319906163495034; 0,6453264364972711; 0,9278208655305207; 0,12478372501209378; 0,39687810000032187; 0,379884724970907; 0,6303392699919641; 0,18996336963027716; 0,6093682553619146
0,2950103633251472; 0,9799717143177986; 0,7094138390384614; 0,5567265395075083; 0,9117941367439926; 0,9096175017766654; 0,7392223454080522; 0,12135057710111141; 0,6735993740148842; 0,6256504175253212; 0,9419090067967772
0,02791677817161025; 0,41039170045405626; 0,3019343437626958; 0,7249376247636974; 0,31184487836435437; 0,3661123444326222; 0,2985585816204548; 0,3475114218890667; 0,7432229397818446; 0,18415090395137668; 0,06974337203428149
-0,2863418719940757; 0,987571035977453; 0,36688694218173623; 0,3392359488643706; 0,5755923865363002; 0,8919777246192098; 0,8588962908834219; 0,3045854168012738; 0,05783791886642575; 0,1855506543070078; 0,9403475746512413
0,47188351653116895; 0,4677570341154933; 0,04577548010274768; 0,14408615184947848; 0,00608868058770895; 0,5032875193282962; 0,20453437604010105; 0,028064651414752007; 0,4995316653512418; 0,26791561488062143; 0,5740926717408001
-0,036221763928500336; 0,9231497556902468; 0,5964735466986895; 0,4223799416795373; 0,258293594699353; 0,196942369453609; 0,2236283617094159; 0,3663039654493332; 0,888134054839611; 0,5267259827814996; 0,26376647036522627
-0,13323803782225188; 0,1832754397764802; 0,1707418765872717; 0,06354144448414445; 0,38342570420354605; 0,08071841252967715; 0,5759405228309333; 0,6250412748195231; 0,5135379675775766; 0,8484529997222126; 0,8003758303821087
-0,5582212691450325; 0,4763423618860543; 0,25963548477739096; 0,228549609426409; 0,8669628882780671; 0,1577183404006064; 0,8131420989520848; 0,9817213951610029; 0,6788560929708183; 0,5208326107822359; 0,020918978843837976
0,4890602436384447; 0,4369521327316761; 0,5583222559653223; 0,6283836970105767; 0,4522111429832876; 0,9856808609329164; 0,011417906265705824; 0,302602534648031; 0,11719307722523808; 0,3071371763944626; 0,18129077600315213
-0,5007622326433697; 0,8438938083127141; 0,7694315263070166; 0,5596496011130512; 0,9096505842171609; 0,47706992644816637; 0,45849840249866247; 0,824497158639133; 0,7976143779233098; 0,7398760854266584; 0,7823639027774334
0,27311506309213746; 0,5427018725313246; 0,7703391737304628; 0,24026782857254148; 0,7355193053372204; 0,25901613058522344; 0,12715400336310267; 0,049456081353127956; 0,9022569889202714; 0,8224715795367956; 0,601940362714231
0,43323507637786235; 0,8742449665442109; 0,9160703588277102; 0,32149338675662875; 0,05496656335890293; 0,6457828977145255; 0,322600610088557; 0,42184633761644363; 0,9658111776225269; 0,7592985713854432; 0,2447727588005364
0,15104971388341903; 0,6453467961400747; 0,6609493545256555; 0,3778521604835987; 0,07833628542721272; 0,10795458452776074; 0,17369480663910508; 0,6020649666897953; 0,8811291404999793; 0,9236527238972485; 0,478758011944592
-0,44354895375744996; 0,8998679607175291; 0,5461350069381297; 0,7616194672882557; 0,7789249327033758; 0,803841388784349; 0,23033222882077098; 0,20297238184139132; 0,7835578634403646; 0,2566360468044877; 0,7604222670197487
-0,1015159346756004; 0,37196645233780146; 0,180227214936167; 0,9744279710575938; 0,3867304944433272; 0,9536637063138187; 0,7568899164907634; 0,5939081511460245; 0,9854709971696138; 0,07771664904430509; 0,811400031670928
0,612396550529408; 0,01803575921803713; 0,7754911845549941; 0,9870843817479908; 0,5516721466556191; 0,4048212715424597; 0,5798068316653371; 0,8938061902299523; 0,7329412456601858; 0,8070448660291731; 0,16727365273982286
0,8316069507969599; 0,3036060743033886; 0,9022835693322122; 0,9786886377260089; 0,26345778116956353; 0,774563574232161; 0,7568648019805551; 0,3764622746966779; 0,6723977248184383; 0,14258687617257237; 0,9206191156990826
0,7511841016116075; 0,460137409158051; 0,7904226412065327; 0,9157590251415968; 0,424967875238508; 0,26827638084068894; 0,2809540661983192; 0,8336070710793138; 0,9222733150236309; 0,7755612293258309; 0,8969255350530148
-0,34641633519736625; 0,043881908524781466; 0,21792395785450935; 0,6589210559614003; 0,6659321743063629; 0,4974138238467276; 0,027539419941604137; 0,8401493323035538; 0,6608837936073542; 0,3893303843215108; 0,009035348426550627
0,9810840565745236; 0,4571185074746609; 0,6271844855509698; 0,6020688386633992; 0,09737596567720175; 0,2541360422037542; 0,5940760020166636; 0,04224527254700661; 0,4971327534876764; 0,27356636663898826; 0,456126790959388
0,2502967057245443; 0,9811230404302478; 0,6466923635452986; 0,6291551319882274; 0,9425122262910008; 0,3624253086745739; 0,5841223709285259; 0,7139660199172795; 0,023025874979794025; 0,4003388579003513; 0,7282989048399031
0,02297738069723463; 0,24565923493355513; 0,07073893444612622; 0,5673539759591222; 0,644951076246798; 0,5270177600905299; 0,2917476035654545; 0,16433061938732862; 0,325913617387414; 0,5009769969619811; 0,7035849490202963
-0,6035042935361639; 0,075123046990484; 0,2222712361253798; 0,7230958067812026; 0,9858793294988573; 0,2091730604879558; 0,23144609853625298; 0,3924558339640498; 0,5519718867726624; 0,8534237761050463; 0,880544959101826
0,6287929674260696; 0,23103815456852317; 0,7799484371207654; 0,820778913795948; 0,4097949964925647; 0,4700423679314554; 0,9178323578089476; 0,8018505773507059; 0,9027929231524467; 0,22666307305917144; 0,41355832666158676
0,4138303046077159; 0,5850787553936243; 0,5963368187658489; 0,59025668958202; 0,03882965724915266; 0,6263794233091176; 0,45745182037353516; 0,23120150109753013; 0,7172968201339245; 0,7685364969074726; 0,4240244529210031
0,07298925265599583; 0,8366066189482808; 0,39903627382591367; 0,3354124780744314; 0,36995807848870754; 0,8431570981629193; 0,5324684879742563; 0,19372541084885597; 0,7627645079046488; 0,865804401692003; 0,1710617239587009
-0,29731983482102664; 0,6454422720707953; 0,26122164260596037; 0,7044519283808768; 0,7909213667735457; 0,7015623664483428; 0,041504548862576485; 0,03229201212525368; 0,049525541719049215; 0,4529076237231493; 0,4689533682540059
-0,557699969050879; 0,3250047075562179; 0,19669562438502908; 0,8100429903715849; 0,8666784064844251; 0,07109509082511067; 0,955709605012089; 0,8012510491535068; 0,8945042248815298; 0,42200478445738554; 0,820518740452826
0,713193903336235; 0,9078258350491524; 0,985726076643914; 0,8298849035054445; 0,42141558369621634; 0,7203060006722808; 0,5053591663017869; 0,8117819167673588; 0,6658934932202101; 0,2394942012615502; 0,2728222403675318
-0,12522854723107732; 0,0538884368725121; 0,09518805425614119; 0,37390617094933987; 0,6522529223002493; 0,9665344483219087; 0,12178272195160389; 0,513865047134459; 0,9585189749486744; 0,460557640530169; 0,013737191911786795
-0,1927177000226029; 0,8971121781505644; 0,10464346082881093; 0,3427113639190793; 0,4653421198017895; 0,8555219229310751; 0,5578723517246544; 0,029648360330611467; 0,4592263684608042; 0,7057577925734222; 0,7448808923363686
-0,5711353542208708; 0,007322079502046108; 0,04108475660905242; 0,8542408687062562; 0,8797714048996568; 0,1209801365621388; 0,18915008660405874; 0,5912094907835126; 0,7024335134774446; 0,4125930545851588; 0,22161953896284103
0,1695233734852691; 0,38947269367054105; 0,27035890938714147; 0,8190297135151923; 0,03406057879328728; 0,7854015412740409; 0,23529810132458806; 0,7008398920297623; 0,4788615806028247; 0,20052017690613866; 0,923071370460093
0,28180773006008514; 0,05940033169463277; 0,750194919295609; 0,34988616313785315; 0,7753486065194011; 0,433618470095098; 0,7836136850528419; 0,007289730478078127; 0,181507530156523; 0,30030679842457175; 0,3247930435463786
0,06418786624390466; 0,7460815100930631; 0,16461738292127848; 0,378158628474921; 0,12324441410601139; 0,34621772076934576; 0,3140583299100399; 0,28403010638430715; 0,19463664246723056; 0,3942338153719902; 0,023075620643794537
0,23845765050165488; 0,9851808398962021; 0,3161144843325019; 0,31664326786994934; 0,09334034565836191; 0,3006229898892343; 0,47719399351626635; 0,33715337328612804; 0,41280168714001775; 0,5341750308871269; 0,7214716970920563
-0,04571995600352679; 0,5727729201316833; 0,5662798602133989; 0,8933413489721715; 0,8080749842338264; 0,3285598405636847; 0,4745317450724542; 0,04923095041885972; 0,19724733522161841; 0,5163270933553576; 0,16684510698542
0,14963372857928794; 0,9599899826571345; 0,18777770875021815; 0,7688198913820088; 0,3598061171360314; 0,6527895764447749; 0,024288845248520374; 0,2876320406794548; 0,9649602747522295; 0,7223183684982359; 0,0009732861071825027
-0,03069233283310518; 0,3584163594059646; 0,5629142043180764; 0,40574168786406517; 0,5950830900110304; 0,7915281322784722; 0,511141337454319; 0,06606615427881479; 0,20092789782211185; 0,9595365906134248; 0,6500354763120413
-0,14804141254641703; 0,9782297550700605; 0,28802179684862494; 0,6144859427586198; 0,4923284752294421; 0,9371826332062483; 0,474976634606719; 0,5767684048041701; 0,6423448976129293; 0,07309151347726583; 0,6683945064432919
-0,6637408711895874; 0,00719341728836298; 0,12986676767468452; 0,5123825171031058; 0,9667418436147273; 0,2987926369532943; 0,6055221371352673; 0,26938951993361115; 0,3153602913953364; 0,9375465204939246; 0,4433147427625954
-0,15529830946095735; 0,5031068809330463; 0,04452763870358467; 0,8903582198545337; 0,4788188859820366; 0,6538506443612278; 0,6149952956475317; 0,039679321460425854; 0,9360484457574785; 0,3729359684512019; 0,2565977154299617
0,4549718798836423; 0,03791880467906594; 0,8751709060743451; 0,48125211941078305; 0,7240572520531714; 0,09791319817304611; 0,6258673081174493; 0,25531008979305625; 0,15587358316406608; 0,72215277235955; 0,8719674283638597
0,22688460474700697; 0,4951202096417546; 0,3891005995683372; 0,132990051060915; 0,21156031358987093; 0,28518777852877975; 0,7924067638814449; 0,7059487011283636; 0,771147380117327; 0,6121497042477131; 0,5591878658160567
-0,1628120992509135; 0,9513838542625308; 0,46971848886460066; 0,29306096117943525; 0,948796748649329; 0,4329568916000426; 0,9284446844831109; 0,5880664489232004; 0,27344199223443866; 0,6057241423986852; 0,0090296296402812
0,013044748669703852; 0,785649576690048; 0,5478294133208692; 0,5735916891135275; 0,9326971974223852; 0,1466638003475964; 0,362032363191247; 0,474125899374485; 0,7443956234492362; 0,7712828163057566; 0,9093019086867571
-0,07750520837147658; 0,5755392536520958; 0,6613235338591039; 0,9775200514122844; 0,325351744890213; 0,45863181399181485; 0,7463392107747495; 0,6959623340517282; 0,6968640638515353; 0,5042579970322549; 0,7442890675738454
1,231477405711756; 0,34751523146405816; 0,775317498948425; 0,9931629304774106; 0,04917256021872163; 0,8852295391261578; 0,9856517463922501; 0,9883609535172582; 0,2724423399195075; 0,3282575374469161; 0,2044692598283291
-0,41114312901188255; 0,8798873326741159; 0,32206446770578623; 0,2581749390810728; 0,7128419619984925; 0,3300969861447811; 0,5654008509591222; 0,42309931525960565; 0,23828595038503408; 0,37987659499049187; 0,003911502193659544
0,7897176925253696; 0,9271412063390017; 0,8205703236162663; 0,30882897693663836; 0,3038947065360844; 0,41288910480216146; 0,2377079389989376; 0,03397919703274965; 0,1407844708301127; 0,8340683430433273; 0,23382228147238493
-0,34277674977967293; 0,6448639477603137; 0,8240325311198831; 0,17007367918267846; 0,8105562850832939; 0,7732506734319031; 0,5354422931559384; 0,9234878923743963; 0,15547729469835758; 0,48599183978512883; 0,38134361477568746
0,051339944138695; 0,7569744982756674; 0,5494420914910734; 0,7432032986544073; 0,1391749121248722; 0,6651284121908247; 0,4014520589262247; 0,803708185441792; 0,9083196828141809; 0,4242939995601773; 0,15403465181589127
1,0703823929090763; 0,08368807472288609; 0,7544354354031384; 0,34527971455827355; 0,03464222839102149; 0,4741867780685425; 0,6753034479916096; 0,839789183344692; 0,17323929769918323; 0,4612745554186404; 0,8716074167750776
0,08155261667940183; 0,9162058141082525; 0,048750105779618025; 0,7894995575770736; 0,10010401159524918; 0,562803624663502; 0,295563125051558; 0,3974220622330904; 0,49345020670443773; 0,4428981952369213; 0,42143963975831866
0,162225171157374; 0,895725866779685; 0,05446250084787607; 0,4525519860908389; 0,01549758343026042; 0,5839262534864247; 0,07036751694977283; 0,698896539863199; 0,05300569208338857; 0,47311577247455716; 0,46403613360598683
-0,3706175287550072; 0,5774778011254966; 0,06628978624939919; 0,5996629893779755; 0,7146822363138199; 0,5339643182232976; 0,3531955135986209; 0,8689147313125432; 0,7609236701391637; 0,7711216453462839; 0,7779869912192225
0,06546327481730765; 0,5688150618225336; 0,054412247613072395; 0,5383619456551969; 0,1223213723860681; 0,37639989145100117; 0,009345649741590023; 0,1019606702029705; 0,5291471257805824; 0,23196846060454845; 0,1051100455224514
0,34852379207186795; 0,8163030752912164; 0,9014284359291196; 0,8077498814091086; 0,588233107700944; 0,557105012703687; 0,28320537647232413; 0,7590641807764769; 0,9040255048312247; 0,6092025996185839; 0,824512196239084
-0,13099182323869688; 0,5046163299120963; 0,08763368474319577; 0,15711977845057845; 0,38564138393849134; 0,5866083148866892; 0,9741511843167245; 0,10051615443080664; 0,6896661375649273; 0,4721191553398967; 0,5607460457831621
0,09645136319449815; 0,2992746699601412; 0,5757091334089637; 0,04802749678492546; 0,9191462388262153; 0,2984728435985744; 0,8240480949170887; 0,5110260867513716; 0,0011365055106580257; 0,03738108044490218; 0,49057557573542
-0,15743344011110677; 0,4161788271740079; 0,21985467709600925; 0,7428874019533396; 0,43981651356443763; 0,3113245186395943; 0,20963436551392078; 0,8931407504715025; 0,16980085335671902; 0,9517739494331181; 0,5767336203716695
-0,3105332750377725; 0,3172637945972383; 0,7310674395412207; 0,44874957064166665; 0,7791241556406021; 0,3409073413349688; 0,8281654915772378; 0,6742066880688071; 0,8085395246744156; 0,7085558697581291; 0,45548934023827314
0,030172756729239733; 0,11744806449860334; 0,19656637217849493; 0,5968773504719138; 0,22823278466239572; 0,6775922197848558; 0,05817074095830321; 0,9432105948217213; 0,628896702080965; 0,7262216899544001; 0,5785173745825887
0,42014304032242633; 0,8352052406407893; 0,5568221840076149; 0,47960884030908346; 0,1374522834084928; 0,4672852549701929; 0,6515199402347207; 0,8804109254851937; 0,26324700843542814; 0,20603581704199314; 0,7639805730432272
-0,4495027228657441; 0,21437451662495732; 0,33532749954611063; 0,5888544144108891; 0,9592540562152863; 0,7917938265018165; 0,37429497204720974; 0,1886708359234035; 0,2842085645534098; 0,10595977958291769; 0,7909629293717444
-0,03370954158389522; 0,6240148358047009; 0,8441549558192492; 0,7590360548347235; 0,9233083506114781; 0,5350951827131212; 0,5224198498763144; 0,7805270650424063; 0,7732463208958507; 0,5728177451528609; 0,9844348379410803
0,4938823294399396; 0,7437926861457527; 0,8789068958722055; 0,3259213869459927; 0,6945872749201953; 0,2806845474988222; 0,6540082613937557; 0,5371307851746678; 0,7291094777174294; 0,165622569154948; 0,8961524311453104
0,48986753540453876; 0,40357194608077407; 0,914593999274075; 0,9441480045206845; 0,27188793616369367; 0,6279779919423163; 0,36214834870770574; 0,18778599612414837; 0,6544774756766856; 0,11966008553281426; 0,9294092981144786
1,0396354590214365; 0,2838633335195482; 0,6893070107325912; 0,7441784930415452; 0,237428764346987; 0,18485037609934807; 0,1729107671417296; 0,5027842209674418; 0,9885074920020998; 0,25470837857574224; 0,4504128471016884
1,157215907776117; 0,25562888849526644; 0,7906531053595245; 0,18436877010390162; 0,1814106497913599; 0,9098943001590669; 0,3901692945510149; 0,8524906560778618; 0,4512992282398045; 0,927022248506546; 0,6243589967489243
0,2769632800959536; 0,6378592271357775; 0,5750512802042067; 0,9595372807234526; 0,7683070115745068; 0,20269160391762853; 0,08420061925426126; 0,7543878885917366; 0,4772838559001684; 0,33259992441162467; 0,1936075915582478
0,18506858351235733; 0,04770047916099429; 0,04754086723551154; 0,45056088641285896; 0,7552373437210917; 0,48858946189284325; 0,17366973450407386; 0,8799449829384685; 0,5997889311984181; 0,2727779163978994; 0,7688713492825627
0,7471300286287672; 0,018699128180742264; 0,7603547479957342; 0,12746533658355474; 0,2580874403938651; 0,04758693836629391; 0,9829184035770595; 0,842390903737396; 0,016647788230329752; 0,4856874463148415; 0,5131171112880111
-0,12821113812681809; 0,38837606040760875; 0,49633179558441043; 0,6974551077000797; 0,9284252799116075; 0,9147655442357063; 0,9099048194475472; 0,22616349393501878; 0,745922056492418; 0,14393690833821893; 0,6936015873216093
0,48283193858508505; 0,6550795929506421; 0,7408351511694491; 0,3201604876667261; 0,6222495357505977; 0,6390940565615892; 0,1416214513592422; 0,7699525221250951; 0,028874454088509083; 0,47206646064296365; 0,34318962367251515
-0,06077405993710727; 0,3087007338181138; 0,4170088768005371; 0,8454210259951651; 0,3282569949515164; 0,13842384610325098; 0,25409720465540886; 0,9562385324388742; 0,8940673330798745; 0,7271520500071347; 0,617470202036202
0,038428612871866843; 0,03969514789059758; 0,8863358595408499; 0,42711602291092277; 0,40418194187805057; 0,15478543285280466; 0,9524268959648907; 0,14694125717505813; 0,5038561662659049; 0,6537803490646183; 0,7697764122858644
-0,10152798464815271; 0,061744507402181625; 0,4176375796087086; 0,24150464916601777; 0,47289371583610773; 0,017004618421196938; 0,2376635135151446; 0,5951806465163827; 0,612669883761555; 0,293151639867574; 0,7948678908869624
0,526642943076158; 0,7393476078286767; 0,6241195145994425; 0,539953030180186; 0,636180252302438; 0,19188038213178515; 0,6100391368381679; 0,7682785931974649; 0,5101648778654635; 0,29627152998000383; 0,5390809266828
0,11482911157051838; 0,12585551477968693; 0,4478001329116523; 0,9820648124441504; 0,4697730061598122; 0,5940363560803235; 0,952745420858264; 0,3007180541753769; 0,1777546382509172; 0,1357356794178486; 0,9079334661364555
0,1316208163291546; 0,4837885475717485; 0,3667050953954458; 0,5081703006289899; 0,09565353905782104; 0,6858786228112876; 0,9423826946876943; 0,7832967350259423; 0,2149081197567284; 0,2089485563337803; 0,2294388092122972
0,23724272980443734; 0,7650007992051542; 0,8299877364188433; 0,05040426179766655; 0,8262771316803992; 0,6585646928288043; 0,6736614000983536; 0,6054298072122037; 0,49488053610548377; 0,4204420465976; 0,4307476980611682
0,33419393546149917; 0,11859869956970215; 0,8866643384099007; 0,5961474254727364; 0,8604208240285516; 0,1289893351495266; 0,1269798050634563; 0,31490955874323845; 0,6618879465386271; 0,6364910085685551; 0,5571454567834735
-0,43510371096263856; 0,19065461307764053; 0,07600591517984867; 0,22350257029756904; 0,7450718935579062; 0,9799138200469315; 0,2535463268868625; 0,7652973984368145; 0,5830332296900451; 0,69804931525141; 0,6917028771713376
0,3330133241602615; 0,15356671111658216; 0,7494321903213859; 0,5883913110010326; 0,734825465362519; 0,1084723980166018; 0,45010788505896926; 0,884922708850354; 0,6989090004935861; 0,5579309337772429; 0,18125109793618321
0,17460414595937337; 0,621211486402899; 0,4398387959226966; 0,3519476340152323; 0,279853702057153; 0,8973872871138155; 0,3737065917812288; 0,7999596791341901; 0,6639716401696205; 0,5785996448248625; 0,575497567653656
0,5452472571122802; 0,05577073758468032; 0,4671698110178113; 0,10623572859913111; 0,09015681874006987; 0,1856441767886281; 0,6022422015666962; 0,07632204191759229; 0,6251987577416003; 0,7405447470955551; 0,25821850216016173
-0,06684997005706805; 0,12288513407111168; 0,8418661844916642; 0,7879425385035574; 0,37460795789957047; 0,9143794649280608; 0,0984659343957901; 0,3913535191677511; 0,03835200797766447; 0,2720910031348467; 0,9594944966956973
-0,3377343067452625; 0,9272922165691853; 0,43481025798246264; 0,08446684433147311; 0,9207058358006179; 0,12127051036804914; 0,053136630449444056; 0,8950099404901266; 0,5853541502729058; 0,8368781669996679; 0,037558329757303
-0,1581715047715425; 0,09138807700946927; 0,30394193856045604; 0,4644706482067704; 0,5858384561724961; 0,6642835312522948; 0,6246610782109201; 0,8326408197171986; 0,5530558242462575; 0,33448605658486485; 0,522799776867032
0,08101929949043314; 0,43182888301089406; 0,2918152520433068; 0,09864189848303795; 0,17194556538015604; 0,12584327533841133; 0,7864785240963101; 0,8311773738823831; 0,8641884671524167; 0,2794268801808357; 0,2300197957083583
0,6117540479204161; 0,6872036745771766; 0,6580473631620407; 0,6712624677456915; 0,5215664613060653; 0,30861536180600524; 0,2857138207182288; 0,36421231739223003; 0,9457961395382881; 0,7111532199196517; 0,8518701177090406
-0,41831045881759393; 0,43642901023849845; 0,3758677621372044; 0,6558946873992682; 0,8662143470719457; 0,486909550614655; 0,8546918807551265; 0,2204764918424189; 0,8931380566209555; 0,662527531851083; 0,10678646201267838
-0,3579120664725856; 0,6708346414379776; 0,41916672559455037; 0,09612269280478358; 0,6903227409347892; 0,7694604778662324; 0,8544777394272387; 0,09811949264258146; 0,43060591397807; 0,44232937321066856; 0,3273543752729893
-0,25795329765604746; 0,7261895979754627; 0,21422241162508726; 0,6465202551335096; 0,615471342112869; 0,09595405077561736; 0,5857963147573173; 0,1330009438097477; 0,7631755322217941; 0,3470859369263053; 0,47251076390966773
-0,051108555782090094; 0,2244606874883175; 0,0032906471751630306; 0,5526866461150348; 0,27723353728652; 0,7970954547636211; 0,4388916748575866; 0,10433295089751482; 0,6092869387939572; 0,14793693786486983; 0,5490518449805677
0,2553912036842105; 0,22678558202460408; 0,4430245151743293; 0,6753970771096647; 0,33146260771900415; 0,10716658132150769; 0,23162171943113208; 0,631379705388099; 0,12560384534299374; 0,25412812316790223; 0,14988390589132905
0,46147964066527686; 0,5878930301405489; 0,5436702370643616; 0,743247021920979; 0,432112286798656; 0,9718607878312469; 0,11637864913791418; 0,5327764819376171; 0,06705127423629165; 0,7137032113969326; 0,9876754595898092
0,5312904488996032; 0,3330801706761122; 0,08984786691144109; 0,04562507616356015; 0,2038109479472041; 0,26939608436077833; 0,31559473741799593; 0,17068474227562547; 0,474315726198256; 0,5205745249986649; 0,5078180162236094
0,09298831619775734; 0,15191111899912357; 0,22111749276518822; 0,6191846122965217; 0,12069956120103598; 0,14091503899544477; 0,7669395115226507; 0,30204306123778224; 0,38988878251984715; 0,8689049044623971; 0,6698767966590822
0,12608868397059206; 0,45108036464080215; 0,4361965567804873; 0,20669613918289542; 0,4630367956124246; 0,8294290006160736; 0,9349685055203736; 0,5414214446209371; 0,6935371547006071; 0,8048894633539021; 0,944033844396472
-0,16692022275187546; 0,6823251028545201; 0,2617000504396856; 0,897326251026243; 0,45347324991598725; 0,7370513826608658; 0,03453513327986002; 0,3295595468953252; 0,5864110044203699; 0,3135663238354027; 0,8846920104697347
0,11770517666755075; 0,2758322162553668; 0,15889357402920723; 0,33825881918892264; 0,4287068797275424; 0,800891840364784; 0,5472094211727381; 0,10571816470474005; 0,5424919221550226; 0,4996358221396804; 0,3654160429723561
-0,07145163195616135; 0,7724842778407037; 0,2838877751491964; 0,4625690756365657; 0,4564915047958493; 0,7379210400395095; 0,5766433090902865; 0,7021405044943094; 0,1365749859251082; 0,8662782865576446; 0,7229740153998137
-0,21763850935779094; 0,9422106016427279; 0,40606845170259476; 0,5957281682640314; 0,5237298649735749; 0,8233250337652862; 0,08263257425278425; 0,5002755457535386; 0,6185128865763545; 0,3985209735110402; 0,28235239908099174
0,1860877495700521; 0,3485926357097924; 0,44386852625757456; 0,2389268120750785; 0,2092652074061334; 0,5310591519810259; 0,9915829147212207; 0,5738610080443323; 0,20655662054196; 0,16014564828947186; 0,08636510791257024
-0,1685187373912747; 0,7551671843975782; 0,9518112791702151; 0,12874087039381266; 0,8366656298749149; 0,5126749649643898; 0,24244208168238401; 0,715442628134042; 0,10981553001329303; 0,4179876050911844; 0,819634904153645
-0,2342873448584859; 0,3731437479145825; 0,6429246817715466; 0,7738006734289229; 0,5399102666415274; 0,8987843631766737; 0,9653800278902054; 0,5591560122556984; 0,7240653713233769; 0,91702323500067; 0,020099272951483727
0,453293615677435; 0,6772726192139089; 0,963614746928215; 0,05006073974072933; 0,12536361115053296; 0,504864985588938; 0,05362853221595287; 0,5307379402220249; 0,1013804255053401; 0,43008512910455465; 0,713656126987189
-0,5629993765120673; 0,7600209582597017; 0,4778983979485929; 0,7677468131296337; 0,8878351249732077; 0,6455154977738857; 0,38946880446746945; 0,9993145363405347; 0,3339434852823615; 0,9593999763019383; 0,21581163816154003
1,021462731219242; 0,31673568300902843; 0,9310455075465143; 0,7579737198539078; 0,06070388946682215; 0,9524802626110613; 0,8568178843706846; 0,2978971600532532; 0,06944886734709144; 0,30743449414148927; 0,3384041893295944
-0,28574909294277967; 0,04811030765995383; 0,15442564990371466; 0,7847538702189922; 0,5717564136721194; 0,09444518806412816; 0,48538540164008737; 0,5988133628852665; 0,9939698353409767; 0,5404010494239628; 0,9014520766213536
-0,23884823978229883; 0,12842816347256303; 0,47157671861350536; 0,304936938919127; 0,5180381019599736; 0,6289590746164322; 0,07439187727868557; 0,8713525170460343; 0,6672733165323734; 0,06582254078239202; 0,34911989560350776
-0,043753681185176516; 0,0067833950743079185; 0,21954084699973464; 0,8974706870503724; 0,2632811120711267; 0,6535156611353159; 0,0018319976516067982; 0,8760509779676795; 0,5681523508392274; 0,31867924239486456; 0,5637572412379086
-0,2804811688367461; 0,34304907638579607; 0,33532547345384955; 0,636825097259134; 0,6308557465672493; 0,4059023135341704; 0,5499725942499936; 0,09998511616140604; 0,27980191726237535; 0,41333248745650053; 0,7413324872031808
-0,01960645378945123; 0,38081697514280677; 0,18497878406196833; 0,7778489463962615; 0,27292881812900305; 0,8044138941913843; 0,20467567164450884; 0,977862237021327; 0,29087497433647513; 0,9635136090219021; 0,9342408734373748
-0,0647352451999616; 0,7393113444559276; 0,25603252835571766; 0,9376863003708422; 0,3002547277137637; 0,9265054822899401; 0,9627543198876083; 0,3995119701139629; 0,7531637037172914; 0,33890265226364136; 0,09550324594601989
1,0593671173789652; 0,3015945916995406; 0,9646213296800852; 0,7028729850426316; 0,23496039770543575; 0,85779660474509; 0,6541602523066103; 0,43578270310536027; 0,3800836051814258; 0,49897990096360445; 0,3810420264489949
-0,11632834400224677; 0,4597928514704108; 0,491030047647655; 0,9207038008607924; 0,835045067127794; 0,025343487039208412; 0,8564005824737251; 0,6563741592690349; 0,31713839061558247; 0,6913346005603671; 0,5096690123900771
-0,13215710161485938; 0,4160294597968459; 0,2670218790881336; 0,1822068067267537; 0,37810262804850936; 0,04844006756320596; 0,5858276602812111; 0,5763563965447247; 0,6634292677044868; 0,5664554312825203; 0,7646774905733764
-0,15632318818312604; 0,1875139963813126; 0,17887279065325856; 0,6466110837645829; 0,40915039787068963; 0,37059337738901377; 0,15123012801632285; 0,7527806381694973; 0,3484628847800195; 0,9995988011360168; 0,3785427394323051
0,06863549298756821; 0,07015268644317985; 0,9368623201735318; 0,2394094942137599; 0,11685231095179915; 0,6311721042729914; 0,9948743092827499; 0,550984718836844; 0,7574685686267912; 0,7599279214628041; 0,7419113498181105
0,3730300777932157; 0,3580649243667722; 0,814078155439347; 0,2751059723086655; 0,5835807472467422; 0,6245358576998115; 0,4571164292283356; 0,34971405006945133; 0,8797681825235486; 0,4528399989940226; 0,16836285963654518
-0,031209129620670847; 0,2697931989096105; 0,402053858153522; 0,49821378476917744; 0,6048290124163032; 0,34126832941547036; 0,3466487294062972; 0,43990012677386403; 0,35533085046336055; 0,9021882875822484; 0,3134090071544051
-0,4639256259838551; 0,7906420943327248; 0,1516017667017877; 0,4298715270124376; 0,8874511327594519; 0,0804400504566729; 0,28894465789198875; 0,27541393181309104; 0,8585246615111828; 0,45004854956641793; 0,9743999787606299
-0,22935498601230844; 0,6972860964015126; 0,1718331165611744; 0,9180744970217347; 0,5045242737978697; 0,22134954435750842; 0,975041186902672; 0,1414762889035046; 0,8784124394878745; 0,5428381310775876; 0,562807428650558
0,6522640294802097; 0,04656269168481231; 0,09057881403714418; 0,15018546348437667; 0,09170476719737053; 0,2520659677684307; 0,8408768158406019; 0,39423619816079736; 0,7420673072338104; 0,7741301008500159; 0,051696100272238255
0,44277885654745835; 0,05310336500406265; 0,4409344522282481; 0,8652073908597231; 0,05545488512143493; 0,7620168249122798; 0,7311783591285348; 0,592382971663028; 0,04047820204868913; 0,32945128669962287; 0,6083567161113024
0,33543496193205674; 0,2498684274032712; 0,8261060989461839; 0,1936853313818574; 0,2518579722382128; 0,7658534497022629; 0,7928481227718294; 0,31669698283076286; 0,8709784210659564; 0,4277874818071723; 0,4011348974891007
0,07829206737487225; 0,6837039720267057; 0,6969450344331563; 0,770632104948163; 0,14133914653211832; 0,6971281841397285; 0,33622007817029953; 0,827951970975846; 0,5034654121845961; 0,5171100036241114; 0,2796471011824906
0,02323981694022942; 0,18891519075259566; 0,6600398938171566; 0,15439179353415966; 0,8378672134131193; 0,01173067418858409; 0,4079037378542125; 0,49706945242360234; 0,3588494644500315; 0,36951239174231887; 0,3358080037869513
0,14312367935872206; 0,8311230628751218; 0,38613254437223077; 0,9968894482590258; 0,08668552432209253; 0,8822527783922851; 0,30475574964657426; 0,06742463354021311; 0,5576709164306521; 0,7096065268851817; 0,8477949155494571
0,08322129714161529; 0,8657569559291005; 0,30798585899174213; 0,740914492867887; 0,17394124390557408; 0,8791891727596521; 0,43382916832342744; 0,7144935885444283; 0,6258399304933846; 0,8321162960492074; 0,7517676278948784
-0,22911308111489243; 0,24240502854809165; 0,15424486575648189; 0,867525246925652; 0,5020162165164948; 0,803867423441261; 0,06174232577905059; 0,3775156941264868; 0,7561855870299041; 0,3742032521404326; 0,13565108459442854
-0,6909833727760463; 0,3971316581591964; 0,059858669992536306; 0,06199559150263667; 0,9908781941048801; 0,7906868373975158; 0,32248324574902654; 0,668512205593288; 0,03000309830531478; 0,6240701554343104; 0,7478843899443746
-0,1856616889239465; 0,031440573278814554; 0,49054585490375757; 0,979228307493031; 0,9297166196629405; 0,5216692783869803; 0,3575552157126367; 0,8322683959268034; 0,2096460466273129; 0,8171887886710465; 0,8058662372641265
0,13202167306032375; 0,40525664249435067; 0,03348949598148465; 0,26044133910909295; 0,8934591668657959; 0,4556613536551595; 0,9201424247585237; 0,7901321211829782; 0,8876609611324966; 0,6488262796774507; 0,2448523985221982
0,28113700450155815; 0,7728304406628013; 0,7933064042590559; 0,6551465676166117; 0,9237992828711867; 0,9066710155457258; 0,5720317093655467; 0,533785508479923; 0,5786815402098; 0,6316030379384756; 0,7130632344633341
0,766867210916813; 0,06156467739492655; 0,7210802300833166; 0,6168294660747051; 0,4450722583569586; 0,4207707126624882; 0,08941865433007479; 0,8109845481812954; 0,23664077930152416; 0,9179128091782331; 0,8635125583969057
-0,43677292896160413; 0,9640936125069857; 0,4069525497034192; 0,3767379065975547; 0,7719590133056045; 0,27111708745360374; 0,36339134769514203; 0,6980038718320429; 0,5616881274618208; 0,9559440272860229; 0,5639968505129218
-0,34786559824429525; 0,6286339149810374; 0,4751774943433702; 0,28454165952280164; 0,7849567523226142; 0,09757774649187922; 0,28839183133095503; 0,7351339748129249; 0,8866454982198775; 0,17224932089447975; 0,770591136533767
0,05068295228730543; 0,9596983478404582; 0,8084538369439542; 0,15342124551534653; 0,7822679649107158; 0,28998237615451217; 0,1995825138874352; 0,1314983619377017; 0,9863655865192413; 0,3293728898279369; 0,8495485857129097
-0,3146394300032172; 0,7176526715047657; 0,3493872806429863; 0,5106556359678507; 0,7338596940971911; 0,7997760190628469; 0,12333160638809204; 0,3121278304606676; 0,018180222250521183; 0,22212578170001507; 0,697470220271498
-0,20487829801970145; 0,7538073691539466; 0,9992334693670273; 0,1840837588533759; 0,9655881323851645; 0,9801932997070253; 0,4206522647291422; 0,2667205100879073; 0,20414818217977881; 0,6315642804838717; 0,7069699228741229
0,07968326941008133; 0,8109567877836525; 0,8887467887252569; 0,19690001383423805; 0,3442385448142886; 0,25113016879186034; 0,5207054573111236; 0,9610358392819762; 0,6811070488765836; 0,7443770412355661; 0,36618386674672365
0,04672286928036228; 0,5974585521034896; 0,8697594134137034; 0,1057426962070167; 0,7179755046963692; 0,7164283720776439; 0,17666280269622803; 0,7191900117322803; 0,4062311165034771; 0,9330595717765391; 0,05160617223009467
0,561951560669962; 0,3272279412485659; 0,7605550177395344; 0,7911623306572437; 0,4667655732482672; 0,048529746010899544; 0,3256533998064697; 0,8348894882947206; 0,2999373720958829; 0,13811431592330337; 0,5060645206831396
-0,2664533233007877; 0,5574246454052627; 0,5307938153855503; 0,49969637021422386; 0,5782082402147353; 0,5065733017399907; 0,08605969417840242; 0,03596083726733923; 0,7115820767357945; 0,25095571111887693; 0,08764938171952963
-0,1633636109096388; 0,7314096512272954; 0,36331149749457836; 0,9086187607608736; 0,49988009966909885; 0,15964425588026643; 0,4817899730987847; 0,29329339461401105; 0,9587545869871974; 0,1831743367947638; 0,8781493757851422
-0,5845313655913765; 0,0041379439644515514; 0,4474397492595017; 0,4745833710767329; 0,9181814868934453; 0,5703700301237404; 0,734066953882575; 0,1885261842980981; 0,704147535841912; 0,22615496069192886; 0,8616613917984068
0,11982795463821284; 0,9686419507488608; 0,3517761225812137; 0,2839058833196759; 0,2302789418026805; 0,040558033622801304; 0,24862470291554928; 0,028343876358121634; 0,630505315028131; 0,7305855876766145; 0,6650670804083347
-0,07905026104364889; 0,6262475969269872; 0,27930896170437336; 0,7509858659468591; 0,39485188387334347; 0,2947256965562701; 0,04254826903343201; 0,8105619489215314; 0,00882014911621809; 0,8194310171529651; 0,9747195774689317
0,2509779486372192; 0,18812066270038486; 0,13752443296834826; 0,7648265990428627; 0,00896916026249528; 0,4626749977469444; 0,9517909018322825; 0,4241610267199576; 0,19113771198317409; 0,7835118798539042; 0,49621488945558667
-0,09759726133747217; 0,7415982577949762; 0,9970965483225882; 0,5873517733998597; 0,8382717282511294; 0,6255822782404721; 0,3255075076594949; 0,12901878403499722; 0,19238637760281563; 0,6279207919724286; 0,3152743140235543
-0,0763742775358482; 0,29554248601198196; 0,48056985391303897; 0,13165455451235175; 0,8689855569973588; 0,8152241795323789; 0,6249373774044216; 0,12172755086794496; 0,43602908309549093; 0,1685941480100155; 0,4168871263973415
0,8399618199725464; 0,2247416810132563; 0,6692596627399325; 0,7810532771982253; 0,3906649216078222; 0,0963630392216146; 0,08690443774685264; 0,2863631546497345; 0,2258825753815472; 0,4756631515920162; 0,5854896083474159
-0,5277047571763801; 0,6458761999383569; 0,0261100260540843; 0,34082154324278235; 0,8361733132041991; 0,6995729231275618; 0,8043808117508888; 0,6029223571531475; 0,21230535069480538; 0,23810405191034079; 0,6825006464496255
0,06998298478296427; 0,9893652428872883; 0,026370824314653873; 0,5964881335385144; 0,9590036822482944; 0,19263381604105234; 0,21678543603047729; 0,20845257304608822; 0,7938937386497855; 0,4737432999536395; 0,7068727840669453
0,17035476358606466; 0,4076269716024399; 0,28022235818207264; 0,024756911676377058; 0,11842221999540925; 0,6498623555526137; 0,017505062744021416; 0,6927571706473827; 0,15930247539654374; 0,3938139411620796; 0,7257050187326968
-0,43701021087471853; 0,8034638972021639; 0,6423188876360655; 0,28003926342353225; 0,7524124993942678; 0,45301492884755135; 0,6811294155195355; 0,4261143649928272; 0,36480261012911797; 0,9116862127557397; 0,7094270070083439
-0,3365798768449787; 0,4645767235197127; 0,21649890067055821; 0,987907103728503; 0,6297433045692742; 0,6361514064483345; 0,9614949184469879; 0,19461265159770846; 0,1490556290373206; 0,32047185814008117; 0,5068907621316612
-0,5086089802960657; 0,1313889236189425; 0,26165446266531944; 0,26361885480582714; 0,8734753276221454; 0,9205367532558739; 0,4629602278582752; 0,814156074076891; 0,9313723756931722; 0,27808155911043286; 0,08440901432186365
0,07531544857992349; 0,6289358544163406; 0,2409447026439011; 0,9747316720895469; 0,19718654779717326; 0,6106082904152572; 0,8354049869813025; 0,42558139096945524; 0,5386768942698836; 0,5750408871099353; 0,6800923887640238
0,31952850344868444; 0,32868947088718414; 0,9088532929308712; 0,8307226137258112; 0,6857559117488563; 0,8639019876718521; 0,3783943303860724; 0,8909452049992979; 0,1553224567323923; 0,7422164971940219; 0,17516469722613692
-0,07140483281327592; 0,43508216878399253; 0,3132267268374562; 0,8815392311662436; 0,43879496958106756; 0,07437835866585374; 0,24626897973939776; 0,7317341808229685; 0,42284201132133603; 0,17913554096594453; 0,28678371105343103
0,43200858883524024; 0,39219753025099635; 0,9499595570378006; 0,00594281405210495; 0,11599487718194723; 0,2539019868709147; 0,21821935242041945; 0,11641421029344201; 0,5599260199815035; 0,19857848808169365; 0,9262171881273389
0,08035721562268736; 0,6062689828686416; 0,6803019079379737; 0,17256715521216393; 0,14341700449585915; 0,11412657238543034; 0,9407249512150884; 0,7162392740137875; 0,14328762935474515; 0,511937802657485; 0,908119929023087
0,555740639685866; 0,5191197013482451; 0,8237329823896289; 0,13585459860041738; 0,12451831670477986; 0,6975625725463033; 0,38259272277355194; 0,4756079763174057; 0,39563117641955614; 0,2983083864673972; 0,6270651179365814
0,3936484510404517; 0,8231561365537345; 0,9667085465043783; 0,3282130272127688; 0,8112788540311158; 0,8123715529218316; 0,9105787323787808; 0,57132881693542; 0,13906355435028672; 0,31917223520576954; 0,3949416116811335
-0,041634891634493465; 0,8829502896405756; 0,04742641979828477; 0,9659232054837048; 0,26873273495584726; 0,9309902675449848; 0,7588815768249333; 0,0007335259579122066; 0,09660405991598964; 0,36202401109039783; 0,6820120657794178
-0,06484932545545552; 0,1864741314202547; 0,9360118159092963; 0,8705431991256773; 0,6975471097975969; 0,48342100298032165; 0,4003906650468707; 0,40234509389847517; 0,2740334770642221; 0,21195943979546428; 0,3188663893379271
0,1298658364250128; 0,2165977070108056; 0,28657883452251554; 0,4138805824331939; 0,1909031830728054; 0,5648358901962638; 0,19428309937939048; 0,9731220742687583; 0,18833729065954685; 0,41153098037466407; 0,7402265188284218
-0,47208274163633146; 0,6927058561705053; 0,211399978492409; 0,5556179783307016; 0,788646328728646; 0,8162794220261276; 0,07942889351397753; 0,49156103329733014; 0,5627477834932506; 0,9884582725353539; 0,2636202098801732
0,34086864816001583; 0,5348672326654196; 0,5977198979817331; 0,2202447084710002; 0,6223655957728624; 0,4927684785798192; 0,7764433464035392; 0,9383941879495978; 0,9599017444998026; 0,7316444423049688; 0,35750097408890724
-0,31828471545659365; 0,4934773975983262; 0,41422382555902004; 0,7263541696593165; 0,7909735022112727; 0,06525607733055949; 0,18390378775075078; 0,01580002997070551; 0,15136063564568758; 0,5752749075181782; 0,12231995724141598
-0,3433470505685223; 0,2568478840403259; 0,6023863218724728; 0,13063379796221852; 0,7358129974454641; 0,9789153197780252; 0,806420183274895; 0,39874038100242615; 0,16767466953024268; 0,007136981468647718; 0,2638699007220566
0,276712697372677; 0,7291863248683512; 0,9564431016333401; 0,40728226210922003; 0,2977542458102107; 0,6634022342041135; 0,5882371831685305; 0,8889705315232277; 0,3859969601035118; 0,4330523433163762; 0,30413030460476875
0,4136367763838873; 0,19779624603688717; 0,8282176177017391; 0,372891831677407; 0,7847597026266158; 0,9231345821171999; 0,0322108855471015; 0,9728486877866089; 0,00015538418665528297; 0,46977153001353145; 0,5244787042029202
-0,22589233890670685; 0,10622840095311403; 0,29342318465933204; 0,14702908135950565; 0,5103184399195015; 0,08700879523530602; 0,6982376156374812; 0,5456753522157669; 0,1616751658730209; 0,061165316961705685; 0,2568712732754648
-0,1640431828660135; 0,2557603600434959; 0,4588362695649266; 0,24475999176502228; 0,4286969085223973; 0,8803351018577814; 0,15120678301900625; 0,3627623235806823; 0,7864213511347771; 0,7700563087128103; 0,2890128423459828
-0,2857039064385641; 0,9784656232222915; 0,6414715857245028; 0,4513471429236233; 0,871777995955199; 0,7520619104616344; 0,8728866572491825; 0,9656128878705204; 0,3090028464794159; 0,7125964565202594; 0,7639548219740391
-0,3390573904204975; 0,6522679948247969; 0,24225739249959588; 0,9277173387818038; 0,7300299764610827; 0,7663385616615415; 0,8694496038369834; 0,7729774489998817; 0,40364220179617405; 0,8313792617991567; 0,6709038275294006
0,4903376804995002; 0,3756042975001037; 0,685523530934006; 0,8163808668032289; 0,4697946007363498; 0,1442301836796105; 0,46894005592912436; 0,3569547417573631; 0,007156571373343468; 0,2786901155486703; 0,36686948826536536
0,9212899192209776; 0,04999201139435172; 0,6432254174724221; 0,1390205044299364; 0,1493575433269143; 0,28773139091208577; 0,7487080711871386; 0,16944154631346464; 0,932718853931874; 0,8808032623492181; 0,021886386908590794
0,3375388796160072; 0,16795102460309863; 0,944070918019861; 0,9502805448137224; 0,14766956912353635; 0,9740584050305188; 0,490179646294564; 0,6339345988817513; 0,9206341514363885; 0,800556109752506; 0,321734223049134
-0,5304289271150938; 0,7410752433352172; 0,13658692361786962; 0,4051123717799783; 0,8641238734126091; 0,8490927373059094; 0,25713771348819137; 0,551338454708457; 0,9089430058375001; 0,7573876539245248; 0,12450426630675793
0,10885613874311714; 0,7126581142656505; 0,8603945765644312; 0,23444011341780424; 0,8718248209916055; 0,9315114985220134; 0,14628281630575657; 0,22772106854245067; 0,6037420500069857; 0,7886891062371433; 0,47834906727075577
0,3083376605768038; 0,12194067146629095; 0,9526832858100533; 0,026528846472501755; 0,8310616826638579; 0,4661120977252722; 0,6101316125132143; 0,810191479511559; 0,10091133788228035; 0,967087204568088; 0,9027825891971588
-0,2135971668563564; 0,423172474373132; 0,8697772645391524; 0,6929073529317975; 0,6891439096070826; 0,4598793489858508; 0,903442470356822; 0,2677419790998101; 0,6598732327111065; 0,03439534921199083; 0,6842442499473691
-0,1714334623111088; 0,74745630659163; 0,4918430228717625; 0,016834178939461708; 0,9983383240178227; 0,5463893199339509; 0,7357603325508535; 0,7563052983023226; 0,6548599237576127; 0,17412210954353213; 0,2810602970421314
0,6720933333445973; 0,43182606156915426; 0,9359643119387329; 0,3461799672804773; 0,5087434807792306; 0,5489254500716925; 0,7263675956055522; 0,10471170116215944; 0,44341122591868043; 0,8114688177593052; 0,9365088348276913
-0,24732818560748407; 0,5236518909223378; 0,9288409939035773; 0,7500783568248153; 0,839687735773623; 0,1266256356611848; 0,5318021290004253; 0,38227733457461; 0,09920920105651021; 0,42660969914868474; 0,7725021936930716
0,1848431541095069; 0,26543463859707117; 0,45923878950998187; 0,6684736693277955; 0,47880015103146434; 0,6466797138564289; 0,3342051235958934; 0,9637118685059249; 0,10114524560049176; 0,8545301323756576; 0,9876443366520107
0,9611735122603656; 0,6471383143216372; 0,5949631873518229; 0,3188500925898552; 0,12173963896930218; 0,9244649442844093; 0,03145031305029988; 0,35050859907642007; 0,08393638581037521; 0,7092951266095042; 0,8319980641826987
0,6846350435383921; 0,3544024764560163; 0,6597025715745986; 0,7443401901982725; 0,5188515763729811; 0,05499503994360566; 0,7086308575235307; 0,38505234383046627; 0,488176719751209; 0,8222574600949883; 0,12603609822690487
-0,14445400234153633; 0,8338494603522122; 0,3790559461340308; 0,28477973071858287; 0,4674841118976474; 0,10916212992742658; 0,20580020872876048; 0,27981616323813796; 0,34911604365333915; 0,825243700761348; 0,6101994565688074
0,07562584858886646; 0,7949562142603099; 0,4341397103853524; 0,6443545962683856; 0,5378202232532203; 0,3162492262199521; 0,12736454186961055; 0,1524789254181087; 0,8590550324879587; 0,15355397248640656; 0,8186318376101553
0,05608467787565051; 0,6919897152110934; 0,20093397237360477; 0,43706708680838346; 0,19122783467173576; 0,6902764509432018; 0,004651935771107674; 0,4517666404135525; 0,881679268553853; 0,9949912810698152; 0,4724880689755082
-0,2696935549868771; 0,2412460488267243; 0,441037705168128; 0,19894623709842563; 0,9261298244819045; 0,7600661776959896; 0,5507290293462574; 0,8058872409164906; 0,5850138505920768; 0,7914499803446233; 0,6390332253649831
-0,2673237712939611; 0,09913387661799788; 0,5881364606320858; 0,7446203012950718; 0,626551749650389; 0,7486755303107202; 0,6632830533199012; 0,9274179884232581; 0,3752943086437881; 0,5891870986670256; 0,3498369730077684
0,12520377622442247; 0,9347786153666675; 0,08559970557689667; 0,14339473517611623; 0,04403732903301716; 0,5380253959447145; 0,8277727593667805; 0,35532298497855663; 0,3777679596096277; 0,03568820608779788; 0,6095826630480587
0,6772117008522205; 0,4590068031102419; 0,749190357979387; 0,6291816299781203; 0,3127342276275158; 0,1843591183423996; 0,7795870341360569; 0,9680272382684052; 0,8641457259654999; 0,3904247763566673; 0,23875207547098398
-0,005061720667769401; 0,3112191348336637; 0,338630941696465; 0,6394183030351996; 0,4130383925512433; 0,2745671854354441; 0,5822100271470845; 0,6944642188027501; 0,24573815474286675; 0,1599636608734727; 0,8810340310446918
-0,09375481599861271; 0,0739755597896874; 0,4099593060091138; 0,8543175715021789; 0,37921223137527704; 0,9454527967609465; 0,010571831837296486; 0,4884936916641891; 0,7410367815755308; 0,025518848095089197; 0,6375719062052667
-0,28604336296835065; 0,6886165891773999; 0,6575561040081084; 0,928248125128448; 0,9444382316432893; 0,03168609365820885; 0,05291643366217613; 0,92799182375893; 0,15703784069046378; 0,77099893335253; 0,592935626860708
0,016066188313514067; 0,9874757691286504; 0,28618654794991016; 0,549234273377806; 0,30704478127881885; 0,9190393714234233; 0,7440908644348383; 0,9035366852767766; 0,4831200148910284; 0,6264908262528479; 0,9831513878889382
0,10444423503587894; 0,425885281059891; 0,47156471805647016; 0,8317168494686484; 0,31532042007893324; 0,044667333364486694; 0,6946596298366785; 0,2445110776461661; 0,6601691548712552; 0,8498916295357049; 0,7535754810087383
-0,0643802558194109; 0,2410886730067432; 0,5736822639591992; 0,8515531728044152; 0,2893622233532369; 0,7842380679212511; 0,7414748617447913; 0,61744669592008; 0,2849185629747808; 0,6230219779536128; 0,6593013000674546
-0,22547214828958193; 0,6881478764116764; 0,47832760540768504; 0,09207443566992879; 0,503913848195225; 0,3882615710608661; 0,5180350542068481; 0,011908859014511108; 0,5056935073807836; 0,7919059861451387; 0,6283683432266116
0,4486157410827938; 0,7504328791983426; 0,9112641336396337; 0,9380633709952235; 0,7041958258487284; 0,5919893528334796; 0,22924838960170746; 0,926236379891634; 0,4090155931189656; 0,6020982079207897; 0,12511558458209038
-0,02553726341471866; 0,13487670989707112; 0,8867912013083696; 0,3768448089249432; 0,48819589195773005; 0,39587432611733675; 0,6343716848641634; 0,017814796417951584; 0,6675634887069464; 0,05543042439967394; 0,6121205883100629
-0,3115631355868608; 0,8957731984555721; 0,39727089973166585; 0,9317802265286446; 0,9229086586274207; 0,5131697035394609; 0,4815818788483739; 0,8607064695097506; 0,17203097557649016; 0,34218520065769553; 0,4158475142903626
0,3325967595738012; 0,05210882890969515; 0,4410136267542839; 0,9237523507326841; 0,12937681702896953; 0,5818507876247168; 0,8416707147844136; 0,884727000258863; 0,20706783840432763; 0,0063644531182944775; 0,41954411240294576
0,16071908745206429; 0,38934744615107775; 0,2720767962746322; 0,299817874096334; 0,11726261489093304; 0,11951566720381379; 0,42511245328933; 0,15123289404436946; 0,1246871454641223; 0,7657547737471759; 0,03629668056964874
0,9250572041896234; 0,5935973385348916; 0,8228130955249071; 0,3247477454133332; 0,0580861889757216; 0,21834184462204576; 0,9785659383051097; 0,7411967753432691; 0,27928088372573256; 0,3574836258776486; 0,7325358875095844
-0,28674327484586065; 0,9958230191841722; 0,31149094086140394; 0,20755285862833261; 0,7065992746502161; 0,22091905400156975; 0,5952885639853776; 0,7347977133467793; 0,08136094687506557; 0,36386189656332135; 0,8880997039377689
-0,10757961568162903; 0,514633840881288; 0,21603561332449317; 0,35706212744116783; 0,4218936888501048; 0,09224277595058084; 0,31820255564525723; 0,28281335160136223; 0,1789384726434946; 0,8258418296463788; 0,1842546472325921
-0,6815098894945445; 0,33428017143160105; 0,05975942825898528; 0,5598387536592782; 0,9826563103124499; 0,20617143670096993; 0,35060299187898636; 0,35227767657488585; 0,854639945551753; 0,8249846352264285; 0,5129855396226048
0,07312560008547479; 0,686100977472961; 0,22091228840872645; 0,4822765593416989; 0,3792673936113715; 0,9247522731311619; 0,7218826333992183; 0,4439024734310806; 0,6728469831869006; 0,6408405024558306; 0,46275498950853944
-0,005008321533383087; 0,10554384719580412; 0,2966860202141106; 0,6243454129435122; 0,314696432556957; 0,4254174493253231; 0,7310667377896607; 0,5509637529030442; 0,6337142884731293; 0,5575741599313915; 0,05316525558009744
0,02516990455263557; 0,870764521881938; 0,6422057887539268; 0,7609499953687191; 0,1849699760787189; 0,6381540894508362; 0,22816384909674525; 0,5858281282708049; 0,4212334929034114; 0,2238788097165525; 0,27277205139398575
-0,13592726608123593; 0,08922854857519269; 0,8258728161454201; 0,41596953663975; 0,552053289487958; 0,15372377587482333; 0,5886733424849808; 0,10382134327664971; 0,04777038749307394; 0,9690524870529771; 0,956830735784024
0,49693416864869616; 0,30695919366553426; 0,5899627921171486; 0,9410024741664529; 0,5729075437411666; 0,4797803186811507; 0,8206480885855854; 0,06010282412171364; 0,7989206649363041; 0,12758599035441875; 0,3640246158465743
1,13180555246167; 0,2714028535410762; 0,7246715356595814; 0,822448302526027; 0,04246671684086323; 0,6033902517519891; 0,011686934158205986; 0,5556306755170226; 0,49161827797070146; 0,35079898638650775; 0,709174838848412
-0,3129916235039519; 0,8347035176120698; 0,4894668706692755; 0,2930434704758227; 0,6114082532003522; 0,18968799011781812; 0,13002538541331887; 0,2970799496397376; 0,9774780441075563; 0,6947597917169333; 0,8565464238636196
0,10020217844940149; 0,9848544457927346; 0,9032465401105583; 0,5340549177490175; 0,4027991103939712; 0,38030920969322324; 0,36738294269889593; 0,41053234972059727; 0,8796644066460431; 0,37247704109176993; 0,39883196307346225
0,1043873924382002; 0,7910465709865093; 0,6509083574637771; 0,17698726616799831; 0,5202915607951581; 0,37232780223712325; 0,9654566678218544; 0,6386565999127924; 0,6595997102558613; 0,44014664413407445; 0,7789815706200898
0,6154721862515768; 0,5770989903248847; 0,8990037315525115; 0,9845249499194324; 0,380126113537699; 0,08041192451491952; 0,8579169604927301; 0,4083079546689987; 0,46619526157155633; 0,8026004121638834; 0,08053605584427714
0,26009085097506823; 0,2956646834500134; 0,9719091607257724; 0,5471102236770093; 0,40777023741975427; 0,650145570281893; 0,15404021041467786; 0,8193997857160866; 0,6439216807484627; 0,49187396094202995; 0,13558017136529088
1,1865124143637982; 0,828009070828557; 0,7116375775076449; 0,5644141947850585; 0,09495800361037254; 0,033690383192151785; 0,8139930772595108; 0,6677510095760226; 0,7911413852125406; 0,23667259141802788; 0,8902083421126008
0,2595922197586823; 0,7691241460852325; 0,3087360798381269; 0,7756084287539124; 0,004417821764945984; 0,9322174289263785; 0,9187930510379374; 0,36813171906396747; 0,32091497583314776; 0,5709686381742358; 0,7868344052694738
0,04525654947446205; 0,4762557530775666; 0,06438593845814466; 0,8539400431327522; 0,4864308126270771; 0,3570360019803047; 0,5863013546913862; 0,570502613671124; 0,8557899738661945; 0,7096629017032683; 0,6145122717134655
-0,41482750464834156; 0,42190241534262896; 0,1213116473518312; 0,7843390540219843; 0,8160732910037041; 0,6985799302347004; 0,8731813710182905; 0,27081379713490605; 0,7668560715392232; 0,7757302629761398; 0,3672543512657285
0,10509244912681732; 0,7337922663427889; 0,979124715551734; 0,5598793365061283; 0,9458270180039108; 0,5311161386780441; 0,26470667915418744; 0,43649727338925004; 0,5649612010456622; 0,6825114735402167; 0,9518840531818569
0,22931088351289963; 0,43270094506442547; 0,9555366872809827; 0,5735223209485412; 0,08045920822769403; 0,31618181290104985; 0,3320394060574472; 0,3283093608915806; 0,525567221455276; 0,36701758671551943; 0,05425500962883234
0,1859817733836621; 0,2244219919666648; 0,8855657679960132; 0,09498687507584691; 0,03469895292073488; 0,6756103439256549; 0,9238412412814796; 0,489188511390239; 0,39842423936352134; 0,43512250296771526; 0,523175326641649
0,4038690994074636; 0,14003881718963385; 0,748875830322504; 0,9418555307202041; 0,009937977883964777; 0,9222171758301556; 0,8796620373614132; 0,9794162237085402; 0,6375192916020751; 0,9847935447469354; 0,5626158779487014
1,0887633600256912; 0,6980348085053265; 0,6999556343071163; 0,5800243583507836; 0,22301984392106533; 0,09671780467033386; 0,15853124763816595; 0,36843681056052446; 0,8452352997846901; 0,8215950578451157; 0,3369563273154199
-0,10678437803259873; 0,5282629923895001; 0,32895191153511405; 0,15426898282021284; 0,39972254633903503; 0,007755964994430542; 0,8931574206799269; 0,2008929355069995; 0,9580422616563737; 0,08986977208405733; 0,8665878013707697
0,007899742408195081; 0,5123728485777974; 0,39258489524945617; 0,49706724425777793; 0,4039733838289976; 0,7010856186971068; 0,8283922607079148; 0,3351324861869216; 0,39436668530106544; 0,016239161137491465; 0,36130822636187077
-0,17757754043798796; 0,313621305860579; 0,6124523156322539; 0,8490452668629587; 0,43794257333502173; 0,4167018597945571; 0,7336811716668308; 0,7293454641476274; 0,13370419386774302; 0,18486269703134894; 0,006188542582094669
0,28953076817761203; 0,03212675824761391; 0,9744205405004323; 0,3080674228258431; 0,8884446243755519; 0,12950559426099062; 0,27267838176339865; 0,9013162269257009; 0,5526879662647843; 0,5917071383446455; 0,6309090950526297
0,3042769641071258; 0,6384923169389367; 0,7843178124167025; 0,5587046081200242; 0,20383943524211645; 0,21295780828222632; 0,7134875915944576; 0,011878140736371279; 0,25378413777798414; 0,3334844787605107; 0,8537266491912305
-0,000887404465132813; 0,5401338613592088; 0,45978867541998625; 0,8464069562032819; 0,4226809595711529; 0,8417138876393437; 0,02614565985277295; 0,6863455399870872; 0,39752540457993746; 0,40136895840987563; 0,9146585701964796
1,1347068599908678; 0,8990090535953641; 0,6344295060262084; 0,7661502682603896; 0,08723356015980244; 0,8518778239376843; 0,21225206647068262; 0,8780419062823057; 0,31884767673909664; 0,1859411345794797; 0,6581834340468049
-0,30360102977618525; 0,45199826546013355; 0,1338713406585157; 0,7638108609244227; 0,6212066141888499; 0,3641345826908946; 0,3333867248147726; 0,8731204876676202; 0,48065033461898565; 0,5965913599357009; 0,04238701006397605
0,14004552701258635; 0,9501351513899863; 0,8403348154388368; 0,6187119837850332; 0,3574210708029568; 0,2857350166887045; 0,6197211788967252; 0,1171884797513485; 0,7316776998341084; 0,8651784989051521; 0,4456200357526541
0,004486218371761639; 0,427873267326504; 0,6868012472987175; 0,5669832048006356; 0,2651092354208231; 0,40093471901491284; 0,34730371134355664; 0,9025865537114441; 0,33576672710478306; 0,18529680650681257; 0,19414615398272872
-0,15238401770942206; 0,6617538430728018; 0,3558451756834984; 0,0341944363899529; 0,6430839081294835; 0,2880270476453006; 0,837431073654443; 0,8440840751864016; 0,4539245548658073; 0,8603377873077989; 0,017936740536242723
0,41994185157952385; 0,4485421138815582; 0,6406665993854403; 0,507298331707716; 0,22250163741409779; 0,843608986120671; 0,40446358267217875; 0,07926359213888645; 0,5111241019330919; 0,888172309845686; 0,8262100187130272
0,732451067627393; 0,5760957123711705; 0,8508800030685961; 0,7519659292884171; 0,0009363214485347271; 0,28949858574196696; 0,037610471714287996; 0,8098224778659642; 0,1421170369721949; 0,5447019403800368; 0,5171885914169252
0,13734112159365564; 0,805797282140702; 0,8955475622788072; 0,8848276822827756; 0,3342326898127794; 0,8693117792718112; 0,18333649262785912; 0,9262701370753348; 0,23180493712425232; 0,741705019492656; 0,9190524658188224
-0,2425153454065964; 0,026782252825796604; 0,5059734242968261; 0,2493202080950141; 0,9235073546878994; 0,20293726865202188; 0,5352469375357032; 0,17927874298766255; 0,5933610112406313; 0,21936427429318428; 0,6172004770487547
-0,49195003553809297; 0,6066928459331393; 0,21917259972542524; 0,2628089259378612; 0,8557538292370737; 0,7524334192276001; 0,14430402498692274; 0,36081378487870097; 0,07208606880158186; 0,15625075809657574; 0,5215376052074134
0,9553178671666495; 0,1685390048660338; 0,5986124258488417; 0,6892578401602805; 0,1817362098954618; 0,1810392257757485; 0,25887557305395603; 0,4160470310598612; 0,46102782618254423; 0,6133734341710806; 0,9510467485524714
0,12155487408885178; 0,5389467147178948; 0,8164013423956931; 0,4843778549693525; 0,18895046412944794; 0,48300565779209137; 0,34022536175325513; 0,16838696412742138; 0,8905398147180676; 0,6641788873821497; 0,20926747284829617
-0,12133400616306428; 0,7665154919959605; 0,9556601871736348; 0,38360367668792605; 0,7594646317884326; 0,834460262209177; 0,06969755608588457; 0,929037531837821; 0,2974854651838541; 0,3793263314291835; 0,8045631069689989
0,4544971858983114; 0,5444111991673708; 0,529144259635359; 0,2301815333776176; 0,28371503995731473; 0,21781069552525878; 0,11870490247383714; 0,29967737663537264; 0,032086885534226894; 0,1771308360621333; 0,16285294573754072
0,3294607064516894; 0,8465328901074827; 0,4022608147934079; 0,5346434162929654; 0,14103548787534237; 0,31173969339579344; 0,9883162640035152; 0,52940833568573; 0,45837903348729014; 0,2921386817470193; 0,6425629942677915
0,26018071391933023; 0,09847354283556342; 0,6854620524682105; 0,6620461624115705; 0,9581538592465222; 0,2527843532152474; 0,23913076100870967; 0,29638961935415864; 0,9473018697462976; 0,0001666611060500145; 0,5033915448002517
0,12842815142116934; 0,7966528828255832; 0,16629378637298942; 0,48705062363296747; 0,05918464297428727; 0,30511877313256264; 0,9604971776716411; 0,9512634794227779; 0,7825659392401576; 0,3983597503975034; 0,5383582338690758
0,012817533413608176; 0,2952056797221303; 0,19658598816022277; 0,5006095203571022; 0,5242028650827706; 0,3504099976271391; 0,9409547662362456; 0,3082639453932643; 0,3497717441059649; 0,6368009247817099; 0,25119537813588977
-0,6016299262443457; 0,36205493472516537; 0,3126423438079655; 0,8459680513478816; 0,9153627194464207; 0,7962310244329274; 0,8140735025517642; 0,512725637294352; 0,7574405097402632; 0,644666078966111; 0,29859332693740726
0,15712362685723918; 0,7553089950233698; 0,2411045297048986; 0,8745441343635321; 0,0888651586137712; 0,03728268435224891; 0,9919702648185194; 0,19583319826051593; 0,8578207492828369; 0,5375844682566822; 0,980562811717391
0,6072331170517998; 0,8475364614278078; 0,8253271249122918; 0,6394463456235826; 0,40695631178095937; 0,4413743522018194; 0,903208167757839; 0,82306590070948; 0,7883272231556475; 0,33953063609078526; 0,46004927856847644
-0,20550636994704877; 0,021783918607980013; 0,7008637287653983; 0,7435769732110202; 0,8968157507479191; 0,4866107143461704; 0,5640438920818269; 0,9614851311780512; 0,743208160623908; 0,34009236190468073; 0,9364916863851249
0,6150344175476364; 0,02897615358233452; 0,6821234314702451; 0,47660366306081414; 0,48397451965138316; 0,1680625807493925; 0,4762445637024939; 0,08622468588873744; 0,26432110788300633; 0,34581506066024303; 0,4727117703296244
-0,25786826833108367; 0,9726647040806711; 0,9370006751269102; 0,5491603720001876; 0,9098165454342961; 0,08390726195648313; 0,005945016164332628; 0,13677492598071694; 0,529946964699775; 0,2675858079455793; 0,40940521098673344
-0,5386765703704494; 0,34180859941989183; 0,5202119341120124; 0,7692220243625343; 0,8516684016212821; 0,5427557332441211; 0,41748928744345903; 0,950965488795191; 0,12153367139399052; 0,018144491128623486; 0,4168158988468349
0,4040927585926549; 0,040738063398748636; 0,949917031917721; 0,8723882539197803; 0,08879525074735284; 0,44837779365479946; 0,9350878242403269; 0,5937120984308422; 0,3584439982660115; 0,4341890886425972; 0,5623427047394216
0,35543270927241305; 0,9583002072758973; 0,723617238458246; 0,9313955130055547; 0,7976083154790103; 0,6260329079814255; 0,937103548552841; 0,497640885412693; 0,19700350146740675; 0,5589921739883721; 0,3126045470125973
-0,029716055999759197; 0,019818590488284826; 0,25650945911183953; 0,12129064276814461; 0,4716315548866987; 0,9203419266268611; 0,9997662859968841; 0,5263481228612363; 0,09911677613854408; 0,18276703730225563; 0,32892888598144054
-0,026674254116467812; 0,14837334491312504; 0,7538468651473522; 0,6319146705791354; 0,31431682454422116; 0,6647066134028137; 0,539729654788971; 0,008320026099681854; 0,9187716781161726; 0,06381777860224247; 0,7788393558003008
-0,6535714699255029; 0,8100037770345807; 0,507081804331392; 0,13967153243720531; 0,9583159568719566; 0,8492275457829237; 0,8488841983489692; 0,96737454039976; 0,6373805338516831; 0,29853595793247223; 0,09244384104385972
-0,06603008031893216; 0,8087495588697493; 0,21557125076651573; 0,11614698497578502; 0,34532754216343164; 0,7783750081434846; 0,5480635203421116; 0,3058725092560053; 0,17723962059244514; 0,9625672018155456; 0,0816170210018754
0,0538337570535045; 0,21782047860324383; 0,9017078885808587; 0,279087136965245; 0,45885493559762836; 0,3562348550185561; 0,05493331188336015; 0,8544669053517282; 0,07083592796698213; 0,8454895108006895; 0,3361305850557983
0,14938603934337272; 0,4927412639372051; 0,49772786628454924; 0,21216553961858153; 0,0208223694935441; 0,3455862947739661; 0,4982280428521335; 0,7918502879329026; 0,42054038401693106; 0,9451506892219186; 0,8189089396037161
0,5903872306826103; 0,6834574597887695; 0,5047379741445184; 0,8582005579955876; 0,17101682210341096; 0,23702969308942556; 0,034156407695263624; 0,28930200682953; 0,37031553545966744; 0,050303527154028416; 0,9665344278328121
0,36140666136299765; 0,7530048978514969; 0,9718768219463527; 0,9401271906681359; 0,4380649337545037; 0,5914459037594497; 0,03664016863331199; 0,5985597604885697; 0,7557100281119347; 0,06718566594645381; 0,07545705093070865
0,0299187803817106; 0,32656449964269996; 0,13739407109096646; 0,664881850592792; 0,19053797470405698; 0,6800816929899156; 0,9312238031998277; 0,9092697850428522; 0,8781272927299142; 0,5004611196927726; 0,2960007875226438
0,14569465572920914; 0,5506602893583477; 0,04360238229855895; 0,4785778494551778; 0,017913223709911108; 0,2879252973943949; 0,0622479016892612; 0,33469890151172876; 0,9926792792975903; 0,11206720117479563; 0,4139534696005285
0,6284368221480906; 0,2965577128343284; 0,7104713153094053; 0,17071193037554622; 0,5163883985951543; 0,5915087889879942; 0,16271843714639544; 0,6155851599760354; 0,5334056955762208; 0,46841728035360575; 0,3790579056367278
0,5559571812225813; 0,2943848450668156; 0,6563649205490947; 0,5557390432804823; 0,6323454072698951; 0,05227117147296667; 0,6003729673102498; 0,18774766148999333; 0,6025431710295379; 0,605534992646426; 0,5777613744139671
0,30445737720527155; 0,13503042701631784; 0,7282417519018054; 0,009414887055754662; 0,8165395031683147; 0,4761447533965111; 0,6959530180320144; 0,9690929655916989; 0,4232002990320325; 0,18781230598688126; 0,8010341310873628
-0,056367790924400606; 0,5297417300753295; 0,36242563696578145; 0,8124575903639197; 0,5241865264251828; 0,9139704355038702; 0,5398574532009661; 0,6764649730175734; 0,6353745753876865; 0,5186039148829877; 0,6800115508958697
0,6175541781130774; 0,39265993796288967; 0,9765117424540222; 0,3962053502909839; 0,38907187478616834; 0,17855498660355806; 0,1883316971361637; 0,222262944560498; 0,5409101075492799; 0,033016803208738565; 0,5500173913314939
0,3483031688201876; 0,5230944850482047; 0,7792952368035913; 0,3155864463187754; 0,700690635945648; 0,48207603115588427; 0,2579768653959036; 0,2575319833122194; 0,9435426541604102; 0,7557552815414965; 0,8292726371437311
-0,28052479396724633; 0,9703064695931971; 0,4118189546279609; 0,3806335190311074; 0,9219752969220281; 0,14308273000642657; 0,16600622283294797; 0,7595321447588503; 0,10637158574536443; 0,21571196848526597; 0,9004668956622481
-0,04515285610685366; 0,6294770212844014; 0,38483688049018383; 0,5761449234560132; 0,323353661224246; 0,8489929032512009; 0,6242536553181708; 0,9845771109685302; 0,5813480564393103; 0,9381656148470938; 0,09254044340923429
0,2851793288652133; 0,5151155567727983; 0,5617652568034828; 0,13552600564435124; 0,6925536943599582; 0,7774229715578258; 0,21465536020696163; 0,6026438362896442; 0,4470577328465879; 0,6135408109985292; 0,21270365500822663
-0,00361349522759683; 0,6072891000658274; 0,4800622723996639; 0,4373286459594965; 0,7727897805161774; 0,8940514205023646; 0,7059066286310554; 0,4907535179518163; 0,07993569876998663; 0,9574096095748246; 0,9490923373959959
0,1486035566382334; 0,6175241791643202; 0,24441984249278903; 0,050404914654791355; 0,26133335195481777; 0,42716053454205394; 0,7540133534930646; 0,9664171086624265; 0,5040022204630077; 0,24521163944154978; 0,7739107417874038
-0,12456169084220262; 0,03642489109188318; 0,7293516271747649; 0,7069481108337641; 0,5420958050526679; 0,10216608317568898; 0,09307553712278605; 0,4653406427241862; 0,7892084973864257; 0,9237653170712292; 0,39554615411907434
-0,017360123169555302; 0,09207611298188567; 0,5647915401495993; 0,6398394126445055; 0,8277175179682672; 0,3382011502981186; 0,4621404269710183; 0,6890537589788437; 0,28182265907526016; 0,7365062972530723; 0,7399225002154708
-0,02160422191315078; 0,13303662138059735; 0,2751776734367013; 0,650170146021992; 0,27551083406433463; 0,06396338809281588; 0,7759079299867153; 0,9281876389868557; 0,5835852711461484; 0,4801320042461157; 0,6980906468816102
0,5772671732965331; 0,7014118959195912; 0,037366888485848904; 0,2392342146486044; 0,2461972637102008; 0,9436071524396539; 0,49433430517092347; 0,6947739175520837; 0,7210431788116693; 0,7836644132621586; 0,8223078683950007
0,4201962163012913; 0,5260395389050245; 0,5488185910508037; 0,7070501768030226; 0,43900635931640863; 0,6335056549869478; 0,8325962121598423; 0,4080293318256736; 0,04967589257284999; 0,7665113997645676; 0,22195144649595022
-0,5630128966650243; 0,9552021636627614; 0,2732857628725469; 0,3179035885259509; 0,9042901662178338; 0,3214437090791762; 0,6532546714879572; 0,9025981537997723; 0,9846122111193836; 0,9934478267095983; 0,5176741974428296
-0,19991130728324336; 0,9046176876872778; 0,39952203212305903; 0,04970000870525837; 0,7298441752791405; 0,9540924811735749; 0,6669601309113204; 0,4330916297622025; 0,4238485973328352; 0,3888568305410445; 0,14949093805626035
-0,36001839284833914; 0,6902300934307277; 0,8395738988183439; 0,834372594486922; 0,8578563532792032; 0,9895563945174217; 0,34614020865410566; 0,27566907554864883; 0,49604278337210417; 0,11825458751991391; 0,6378896688111126
1,2681780790012067; 0,45686103124171495; 0,9329303237609565; 0,8704579714685678; 0,10050063487142324; 0,7943901210092008; 0,5075561231933534; 0,9257552004419267; 0,15539570059627295; 0,021522131748497486; 0,9843827448785305
-0,1539504889430387; 0,8856190135702491; 0,5195600958541036; 0,5756571274250746; 0,41664882795885205; 0,21546383341774344; 0,7372584389522672; 0,8617562036961317; 0,9880244373343885; 0,5612748372368515; 0,8302078596316278
0,4378925396029159; 0,9073431608267128; 0,4275831147097051; 0,6191840176470578; 0,05710360128432512; 0,8561575785279274; 0,028152325190603733; 0,5585703570395708; 0,4498227136209607; 0,7563127400353551; 0,3784891660325229
0,09244820907707359; 0,11663745995610952; 0,32454523583874106; 0,49641929706558585; 0,2300981879234314; 0,9741348368115723; 0,00637372862547636; 0,8312880978919566; 0,8226257460191846; 0,17281540529802442; 0,1259076213464141
0,190678229647909; 0,5586769715882838; 0,8796714073978364; 0,13192169414833188; 0,8588848253712058; 0,49560331366956234; 0,05743948370218277; 0,013838185463100672; 0,15014984970912337; 0,6521152541972697; 0,04388483567163348
0,31013364846456476; 0,3743212940171361; 0,9717972986400127; 0,8366049835458398; 0,23715471616014838; 0,9982883557677269; 0,22712275851517916; 0,6892214887775481; 0,23858959786593914; 0,7402642462402582; 0,6329086483456194
0,03706732050101078; 0,585174921900034; 0,0388086074963212; 0,7283592680469155; 0,17008996289223433; 0,8068920322693884; 0,7380228117108345; 0,6583359595388174; 0,8566941544413567; 0,5869447756558657; 0,32385728880763054
0,17261296391684844; 0,7428167462348938; 0,8997690328396857; 0,38100270414724946; 0,4415923887863755; 0,5282402615994215; 0,8522138237021863; 0,9401271780952811; 0,875606260728091; 0,6925598760135472; 0,24837127001956105
0,16626998053853134; 0,6867275796830654; 0,4528467124328017; 0,6196132469922304; 0,041223420295864344; 0,8066972182132304; 0,8258587466552854; 0,7317894119769335; 0,8644490293227136; 0,057495035231113434; 0,5293079745024443
0,194017230455969; 0,5378623632714152; 0,1914727734401822; 0,5037826546467841; 0,008375001605600119; 0,005349950399249792; 0,07289919350296259; 0,1731408266350627; 0,03801637049764395; 0,9881958961486816; 0,6372275198809803
0,00953419893866773; 0,09912182437255979; 0,791254170704633; 0,8910260857082903; 0,3015049993991852; 0,33283194759860635; 0,8871688423678279; 0,8338876171037555; 0,8831257773563266; 0,07858166005462408; 0,11307094525545835
0,04102094715487462; 0,02281000232324004; 0,26066856971010566; 0,7195815891027451; 0,21076108422130346; 0,5295859882608056; 0,11262718122452497; 0,08628217317163944; 0,5076495273970068; 0,569878916721791; 0,14292933698743582
-0,41294980745473864; 0,529639583081007; 0,6788082057610154; 0,12899596011266112; 0,7389614912681282; 0,5317905801348388; 0,09187668189406395; 0,0958006544969976; 0,7571894666180015; 0,32440605480223894; 0,42725589079782367
-0,08699018049666114; 0,2809959575533867; 0,24257212365046144; 0,05895869294181466; 0,39938338520005345; 0,3559670550748706; 0,673482523765415; 0,11174135142937303; 0,5850456594489515; 0,7967847720719874; 0,17864810908213258
-0,26584857938762896; 0,9072683942504227; 0,3138076663017273; 0,29304629331454635; 0,7236819742247462; 0,26590812811627984; 0,7192816832102835; 0,8550382545217872; 0,4834928335621953; 0,6658342201262712; 0,02040495816618204
0,32161858510274083; 0,7552149049006402; 0,5454854681156576; 0,5048552840016782; 0,31194174429401755; 0,12886769138276577; 0,5528770904056728; 0,9857010119594634; 0,4112706249579787; 0,635613058693707; 0,395193827804178
0,018940213911358778; 0,1836046534590423; 0,05530470469966531; 0,0695420210249722; 0,18251164630055428; 0,020084481220692396; 0,2845208835788071; 0,2086490006186068; 0,8266528365202248; 0,9592518727295101; 0,060047265607863665
-0,3677413792312708; 0,4198449603281915; 0,26909422082826495; 0,2351920553483069; 0,7834499659948051; 0,4608559343032539; 0,1663989583030343; 0,7280833213590086; 0,9523942153900862; 0,32699706265702844; 0,692249437328428
-0,0030438273518995284; 0,09245239477604628; 0,39382979879155755; 0,5240170727483928; 0,5470464820973575; 0,7980897515080869; 0,22396259801462293; 0,5664888238534331; 0,2704541268758476; 0,9536505569703877; 0,37898931093513966
-0,18759253087095973; 0,85523387696594; 0,49097331753000617; 0,6054465067572892; 0,8173371078446507; 0,555790607817471; 0,43917828192934394; 0,11980248289182782; 0,15098323719576; 0,9198327828198671; 0,9567767409607768
0,3304921312122029; 0,691417143214494; 0,6250812574289739; 0,6017931937240064; 0,08200455270707607; 0,632756405044347; 0,17153328470885754; 0,7889317153021693; 0,1833368786610663; 0,4288181117735803; 0,04148000758141279
0,054496514192452654; 0,47055021626874804; 0,18210145831108093; 0,4813895192928612; 0,5083552352152765; 0,3294226094149053; 0,5411406452767551; 0,07645059237256646; 0,5532823125831783; 0,44276261841878295; 0,7326665227301419
0,05824945534112023; 0,2329593594186008; 0,6634046910330653; 0,1175991715863347; 0,1482728673145175; 0,03026681486517191; 0,033139786683022976; 0,755820139311254; 0,2994896271266043; 0,7125375219620764; 0,3752349172718823
-0,3410780835731098; 0,28988387854769826; 0,3646476911380887; 0,6762501518242061; 0,7153472476638854; 0,32547161541879177; 0,7615078561939299; 0,6030668616294861; 0,1641970667988062; 0,9073124923743308; 0,732580010779202
-0,00525426363131821; 0,2104191747494042; 0,3445905111730099; 0,616127441637218; 0,4538752702064812; 0,6917335726320744; 0,3180129728280008; 0,09623734280467033; 0,8953390372917056; 0,9947466049343348; 0,8973292610608041
1,0289073494019285; 0,8945535612292588; 0,6560714873485267; 0,39510713098570704; 0,23137272568419576; 0,8335941359400749; 0,8203100855462253; 0,5996079524047673; 0,4779014326632023; 0,6159799895249307; 0,6986626219004393
-0,14985972647748388; 0,8301313649863005; 0,07787817856296897; 0,03391684591770172; 0,4041459932923317; 0,6633877628482878; 0,7686981009319425; 0,727218868676573; 0,42357998760417104; 0,3543364484794438; 0,8311137943528593
0,11005145020755129; 0,2115875706076622; 0,15117218950763345; 0,8229243354871869; 0,09521104581654072; 0,4834671448916197; 0,7657942366786301; 0,31032496970146894; 0,6593418815173209; 0,9661267870105803; 0,41981684882193804
-0,25037459367753784; 0,6812284295447171; 0,32169887889176607; 0,019398588687181473; 0,6553100063465536; 0,18669301643967628; 0,6671412601135671; 0,08573316037654877; 0,6314698858186603; 0,8436970757320523; 0,20302618108689785
-0,324745410516249; 0,6965975305065513; 0,3243560027331114; 0,3809719616547227; 0,6238062107004225; 0,5480944267474115; 0,5962863322347403; 0,763624856248498; 0,8271625856868923; 0,12562125409021974; 0,5347161623649299
0,0835530999879018; 0,6753324903547764; 0,4711316707544029; 0,11093543842434883; 0,5520133697427809; 0,20976085355505347; 0,6722518340684474; 0,512912551406771; 0,5465459614060819; 0,15971411345526576; 0,2500577219761908
0,37496057782301406; 0,6966862482950091; 0,41830212576314807; 0,3592424476519227; 0,023096302524209023; 0,40595268411561847; 0,6404473232105374; 0,259327485691756; 0,04247034899890423; 0,035870957653969526; 0,035202027298510075
-0,2636316427054806; 0,3142348905093968; 0,6286506657488644; 0,8673159158788621; 0,8050910574384034; 0,07084925845265388; 0,7855024500750005; 0,33520750887691975; 0,2822788958437741; 0,2617437816224992; 0,24965854361653328
-0,20645297488230968; 0,9166759280487895; 0,7218488538637757; 0,9672115352004766; 0,5194586748257279; 0,21021388843655586; 0,8292690198868513; 0,9789115646854043; 0,6515653086826205; 0,08672445779666305; 0,5827813409268856
-0,5845195598544993; 0,6251816600561142; 0,378318530973047; 0,9217501562088728; 0,9632734577171504; 0,03643764043226838; 0,6405651858076453; 0,9681003936566412; 0,7842499408870935; 0,3742777816951275; 0,11639662133529782
1,4266022177018083; 0,2507121367380023; 0,6750989467836916; 0,46681018779054284; 0,044593621511012316; 0,24287067912518978; 0,03735061688348651; 0,4707734123803675; 0,13013959396630526; 0,4689154555089772; 0,056765705812722445
0,36515198079920297; 0,3263114173896611; 0,956520747859031; 0,8565335003659129; 0,578474179841578; 0,5612243302166462; 0,5553555516526103; 0,4830174376256764; 0,34571540728211403; 0,7067662598565221; 0,3958353428170085
0,05064798410350123; 0,15452315332368016; 0,4731511464342475; 0,7231233674101532; 0,46187316393479705; 0,1533235921524465; 0,36105219181627035; 0,06582379760220647; 0,5545427943579853; 0,6685835421085358; 0,5942733553238213
0,4193117567355154; 0,2754708603024483; 0,4977384642697871; 0,5898256665095687; 0,11019134055823088; 0,44454252906143665; 0,31559345545247197; 0,19068879773840308; 0,5299859526567161; 0,6022558193653822; 0,622043670155108
0,6516193738978274; 0,15821171132847667; 0,7793754655867815; 0,21543712494894862; 0,3573867487721145; 0,46608693478628993; 0,5939712622202933; 0,5984077206812799; 0,18528979178518057; 0,8204890540800989; 0,24573276471346617
0,15872147978902737; 0,1804973129183054; 0,4696431579068303; 0,9616583897732198; 0,5430642869323492; 0,04746291087940335; 0,6326571465469897; 0,18605328630656004; 0,5899758045561612; 0,6803298271261156; 0,6303170416504145
-0,5075181129667072; 0,5248118336312473; 0,334909588098526; 0,6666856948286295; 0,9066789522767067; 0,7484598895534873; 0,05668717157095671; 0,9827022841200233; 0,9468342480249703; 0,5823711869306862; 0,5113046802580357
-0,23762816466649592; 0,9184263162314892; 0,020576315466314554; 0,1339820041321218; 0,5269289021380246; 0,5081846755929291; 0,6467413431964815; 0,8894530585967004; 0,2635447164066136; 0,011937031988054514; 0,12506104120984674
0,11370049493216419; 0,35299143521115184; 0,642596653662622; 0,8342172782868147; 0,8341606264002621; 0,3839905206114054; 0,8118876614607871; 0,3786135115660727; 0,9122105930000544; 0,8842639033682644; 0,5744122816249728
-0,19330127637587244; 0,5796407251618803; 0,28186147660017014; 0,32265653647482395; 0,6409302409738302; 0,16535367630422115; 0,13627760857343674; 0,7386401914991438; 0,7189834378659725; 0,21544667845591903; 0,05190702620893717
0,6712718934889575; 0,048572007566690445; 0,8115476444363594; 0,7732944851741195; 0,5264767184853554; 0,9468592326156795; 0,1907733166590333; 0,25519096152856946; 0,9931887546554208; 0,14872026396915317; 0,6344295581802726
0,2568790227693421; 0,26297326060011983; 0,6877929349429905; 0,013860592618584633; 0,9327070703729987; 0,2382308654487133; 0,07939253328368068; 0,4582414668984711; 0,7044167080894113; 0,42536606173962355; 0,8816905091516674
-0,13240525572591333; 0,9353988156653941; 0,9962425134144723; 0,7068727500736713; 0,9016335513442755; 0,7290932168252766; 0,03857552586123347; 0,06608743174001575; 0,49197354493662715; 0,9104524534195662; 0,8802108056843281
0,03510019996094372; 0,6608692440204322; 0,359344947617501; 0,15949996560811996; 0,3837512331083417; 0,746576180215925; 0,08380493801087141; 0,6084726895205677; 0,08346538012847304; 0,3395864306949079; 0,8858021446503699
0,6111451952350538; 0,37243587523698807; 0,6448522917926311; 0,5459435223601758; 0,4631931949406862; 0,5881033721379936; 0,6084602558985353; 0,024316548835486174; 0,9370154673233628; 0,09030949091538787; 0,675903751514852
0,2849309189088414; 0,39899820275604725; 0,5346332914195955; 0,4181927922181785; 0,5305550964549184; 0,7707122843712568; 0,625556523911655; 0,7432066779583693; 0,6686926819384098; 0,023431549314409494; 0,5297741517424583
0,365677760800906; 0,18411686271429062; 0,9973316127434373; 0,02622717060148716; 0,48216540180146694; 0,27812334056943655; 0,1910809502005577; 0,5057865991257131; 0,5102270692586899; 0,3663398753851652; 0,21955009130761027
0,24543072361858434; 0,38207818660885096; 0,07734116911888123; 0,04887970956042409; 0,5911589679308236; 0,5371884619817138; 0,9929713485762477; 0,9127822238951921; 0,8098354148678482; 0,4336297116242349; 0,0454643527045846
-0,29946629419073495; 0,5088289305567741; 0,7760495636612177; 0,7267763763666153; 0,6789603177458048; 0,23003167985007167; 0,6432934524491429; 0,4347075158730149; 0,2540364828892052; 0,375285258051008; 0,7007806077599525
-0,36607663061538626; 0,6090273829177022; 0,6235878099687397; 0,41715796291828156; 0,9177256156690419; 0,22443848056718707; 0,741343554109335; 0,503242184408009; 0,9210375053808093; 0,454163474496454; 0,5544948573224247
0,593954574340984; 0,6829008045606315; 0,04812423978000879; 0,3484563990496099; 0,3093237988650799; 0,4588236501440406; 0,9621582571417093; 0,05122233275324106; 0,23735808907076716; 0,8860322004184127; 0,5818201559595764
0,09329388534863046; 0,49715501721948385; 0,3491011308506131; 0,13665224658325315; 0,1537987682968378; 0,4536304292269051; 0,8490575668402016; 0,15425878344103694; 0,9771438357420266; 0,5293935113586485; 0,5055509689264
-0,10789904682850691; 0,29630017187446356; 0,5038926741108298; 0,2046836270019412; 0,9164523831568658; 0,44629600876942277; 0,04355955170467496; 0,05637653497979045; 1,5212688595056534E-05; 0,4397773491218686; 0,3097743494436145
-0,44539230973152716; 0,2102424674667418; 0,19599174801260233; 0,9164478578604758; 0,8088039108552039; 0,4097246755845845; 0,2442327868193388; 0,21312232315540314; 0,5900382357649505; 0,8833229416050017; 0,9295703461393714
-0,2953710200604704; 0,6377347512170672; 0,313653283752501; 0,7230988750234246; 0,591213995590806; 0,12893511960282922; 0,1792254545725882; 0,487267654389143; 0,14395423280075192; 0,042344850953668356; 0,17126400349661708
-0,045682463539485386; 0,7282683230005205; 0,30557839712128043; 0,9911339939571917; 0,41137987514957786; 0,6784114018082619; 0,19185003638267517; 0,10603550728410482; 0,9456481332890689; 0,24029202805832028; 0,8942148922942579
0,7086008977374125; 0,8431509514339268; 0,5445449147373438; 0,6640179343521595; 0,09197601582854986; 0,022158116567879915; 0,7037214385345578; 0,9540069000795484; 0,742489364463836; 0,8589987764135003; 0,339727780316025
0,0811077132578616; 0,42439652839675546; 0,3040374228730798; 0,6760742221958935; 0,21991694252938032; 0,4948488282971084; 0,5964657501317561; 0,6759703038260341; 0,9679556176997721; 0,9771301867440343; 0,9270976707339287
0,7652706960478404; 0,13883075211197138; 0,5406821775250137; 0,3485891972668469; 0,027756914496421814; 0,46358853159472346; 0,6726322621107101; 0,11570347473025322; 0,7647120542824268; 0,8499386929906905; 0,9707504119724035
0,2331119201901384; 0,06256623705849051; 0,9510555705055594; 0,5241798227652907; 0,4007724733091891; 0,32845995761454105; 0,3919699243269861; 0,4037369950674474; 0,782686211168766; 0,19600282236933708; 0,5896143591962755
-0,10660616938657048; 0,16553819552063942; 0,07414531009271741; 0,2866278104484081; 0,3485463662073016; 0,4639544887468219; 0,7403877768665552; 0,9654092397540808; 0,48916167858988047; 0,14993697172030807; 0,7945677558891475
0,08357086054446684; 0,08557719830423594; 0,6483203279785812; 0,568511460442096; 0,11027343710884452; 0,2953691869042814; 0,1780273225158453; 0,951055861543864; 0,22466435423120856; 0,5985530354082584; 0,1779042249545455
0,18235847085013893; 0,11303550889715552; 0,22110345726832747; 0,4639192037284374; 0,00854493398219347; 0,38118287920951843; 0,5313402581959963; 0,8942673839628696; 0,39985991083085537; 0,6859749779105186; 0,03681602701544762
-0,00465901899057498; 0,6005204003304243; 0,08852974651381373; 0,34388930071145296; 0,21181029872968793; 0,44686090387403965; 0,16992912255227566; 0,2287729075178504; 0,7726969826035202; 0,6103031202219427; 0,7083753272891045
0,47347027199921854; 0,033558609429746866; 0,7154452349059284; 0,804614573251456; 0,7206079484894872; 0,04388804268091917; 0,5265958267264068; 0,5776688754558563; 0,89435068750754; 0,05803944310173392; 0,9969973545521498
-0,430877432446713; 0,48642048332840204; 0,22025834117084742; 0,9181038779206574; 0,7994779041036963; 0,5001875907182693; 0,6818551113829017; 0,011528071947395802; 0,6070988555438817; 0,4760567406192422; 0,6562160504981875
0,82094098207786; 0,2249607010744512; 0,9593054098077118; 0,4768489967100322; 0,19759375369176269; 0,7019207598641515; 0,9342249506153166; 0,011282952036708593; 0,6128061404451728; 0,6515414640307426; 0,014306425582617521
0,02244833584950626; 0,10875810962170362; 0,5011393404565752; 0,4849151046946645; 0,2008367427624762; 0,5802112054079771; 0,2509869197383523; 0,14915898349136114; 0,26729133957996964; 0,5857111080549657; 0,8187670819461346
0,2340953264383893; 0,5494751236401498; 0,6301113767549396; 0,7419038028456271; 0,7253759461455047; 0,40211879275739193; 0,6942813508212566; 0,40535628143697977; 0,31140856398269534; 0,6393289007246494; 0,938051862642169
0,12096523238165352; 0,7373496936634183; 0,1921874121762812; 0,7933871154673398; 0,10442788572981954; 0,6886426885612309; 0,0990702174603939; 0,03148943977430463; 0,7977463770657778; 0,17012990219518542; 0,8378678681328893
0,4022139821847692; 0,638879744336009; 0,6500560701824725; 0,8777127624489367; 0,7616668702103198; 0,04793792264536023; 0,9814715799875557; 0,581455847248435; 0,7023316062986851; 0,5778759238310158; 0,3969299690797925
0,33316759167171206; 0,13408074993640184; 0,9424493568949401; 0,12177999503910542; 0,5728060551919043; 0,1588036841712892; 0,9837030097842216; 0,5089963325299323; 0,04370569856837392; 0,09901212342083454; 0,48535644775256515
-0,03450542098775665; 0,571416724473238; 0,1042306236922741; 0,7733119553886354; 0,7276451061479747; 0,41871257731691003; 0,024163892026990652; 0,48654304817318916; 0,940884075127542; 0,12489869864657521; 0,39640119299292564
0,5482834359510245; 0,4114717007614672; 0,4636226170696318; 0,634277381002903; 0,07336435094475746; 0,7926366752944887; 0,7638361770659685; 0,3761840667575598; 0,20257283747196198; 0,6574624180793762; 0,23615133855491877
-0,08023826249618497; 0,19140169257298112; 0,8605229863896966; 0,05663430504500866; 0,5655056517571211; 0,360996725037694; 0,8448021775111556; 0,16952957026660442; 0,6163083366118371; 0,5737678813748062; 0,42574438313022256
0,34903663519473804; 0,45634492253884673; 0,8580788988620043; 0,3567700870335102; 0,8574724504724145; 0,2171329907141626; 0,706155635882169; 0,2700853426940739; 0,5190763142891228; 0,01481856731697917; 0,5131912287324667
-0,10236705169750421; 0,8970101526938379; 0,44406792102381587; 0,1681794081814587; 0,6793658421374857; 0,35580546129494905; 0,34670925280079246; 0,11711660074070096; 0,9050419023260474; 0,053800593595951796; 0,3547859378159046
1,0859412899382241; 0,6102761481888592; 0,9860995435155928; 0,8734043971635401; 0,11923815868794918; 0,3576519684866071; 0,18606683472171426; 0,2934616827405989; 0,4049267512746155; 0,2681876732967794; 0,47902111196890473
0,10325934494304803; 0,19812595332041383; 0,1210941057652235; 0,3917364692315459; 0,08836645213887095; 0,905665101017803; 0,9762171357870102; 0,8524422398768365; 0,207779198884964; 0,12344507733359933; 0,6725808279588819
0,0895801358393408; 0,7274822480976582; 0,025701527018100023; 0,7852320489473641; 0,08975503733381629; 0,30726250587031245; 0,9203117098659277; 0,022681235801428556; 0,7599921221844852; 0,7896421812474728; 0,9256813004612923
-0,2726471267884507; 0,6064186613075435; 0,1825469359755516; 0,7951786355115473; 0,9290748597122729; 0,517676133196801; 0,44097386905923486; 0,24077853513881564; 0,4371907915920019; 0,8504701829515398; 0,7088722218759358
-0,47973703758141095; 0,5808125683106482; 0,6505626644939184; 0,739845076110214; 0,8022112171165645; 0,8514291006140411; 0,14725333778187633; 0,6708935690112412; 0,5408338746055961; 0,9099110467359424; 0,3740766146220267
-0,18494273570171949; 0,03260259283706546; 0,1355525846593082; 0,7059711241163313; 0,9447745443321764; 0,23603113228455186; 0,515484353993088; 0,8871558289974928; 0,9653452890925109; 0,6811236795037985; 0,6088813878595829
-0,048615187212521546; 0,6128374612890184; 0,4287207224406302; 0,20008756686002016; 0,3347947308793664; 0,8693825076334178; 0,7149498499929905; 0,26281791646033525; 0,7455493290908635; 0,12163071613758802; 0,6211815653368831
0,5202775903718039; 0,6095174513757229; 0,7503724731504917; 0,7763007017783821; 0,4610168160870671; 0,6306962557137012; 0,6373101784847677; 0,7212313245981932; 0,9040150963701308; 0,9234822373837233; 0,47190147638320923
-0,5105492094932148; 0,8327286830171943; 0,3732814216054976; 0,9722775570116937; 0,9586981539614499; 0,2983378185890615; 0,40645882673561573; 0,6577081382274628; 0,20456180861219764; 0,524466441012919; 0,5086651095189154
-0,39547169216062267; 0,836921461392194; 0,076512117870152; 0,555634836666286; 0,7000675611197948; 0,4033715482801199; 0,777684198692441; 0,7264949050731957; 0,7178909992799163; 0,7896351008675992; 0,7430548751726747
-0,33686559826557044; 0,856105450540781; 0,31552985217422247; 0,7116716178134084; 0,8112971442751586; 0,34715185733512044; 0,24218652490526438; 0,043373574037104845; 0,2996554085984826; 0,8839443176984787; 0,1290663410909474
0,29947058035690577; 0,9958711876533926; 0,011814611498266459; 0,6898408397100866; 0,7619451493956149; 0,7142670988105237; 0,5261154132895172; 0,9845548057928681; 0,28519329242408276; 0,17999364295974374; 0,8270460423082113
-0,09724046852421833; 0,44271791772916913; 0,16952877398580313; 0,6464450531639159; 0,7404343760572374; 0,38951385067775846; 0,46944227535277605; 0,21674263617023826; 0,890619826503098; 0,22610929375514388; 0,16477082669734955
-0,09803889788792235; 0,9925365895032883; 0,8818111564032733; 0,7932740156538785; 0,5712453895248473; 0,8531018001958728; 0,7882360103540123; 0,6395705575123429; 0,84726936602965; 0,1424304605461657; 0,6351120765320957
-0,34541402840368685; 0,8416130868718028; 0,2317192992195487; 0,6763546350412071; 0,7266840524971485; 0,9476415533572435; 0,2767389980144799; 0,7768867621198297; 0,2650604243390262; 0,45479896245524287; 0,940893224440515
0,5010145579813569; 0,15043603954836726; 0,7000117185525596; 0,6675555114634335; 0,6572211985476315; 0,594777547288686; 0,7104843934066594; 0,225879633333534; 0,42397319711744785; 0,9333984469994903; 0,288206338416785
0,3658368257254057; 0,9113739538006485; 0,7887205886654556; 0,7498657768592238; 0,7865262064151466; 0,37079514330253005; 0,8525079865939915; 0,8610295159742236; 0,8533146432600915; 0,9055583886802197; 0,8259276184253395
-0,5043854515630815; 0,4289240390062332; 0,13017919892445207; 0,3226139089092612; 0,9986234265379608; 0,987555961124599; 0,27876874804496765; 0,6395029658451676; 0,44734342489391565; 0,0530899572186172; 0,626866280566901
0,2563040725081033; 0,6890717004425824; 0,919714015442878; 0,3642517509870231; 0,1806661281734705; 0,6549295601435006; 0,8736403593793511; 0,49967916775494814; 0,31861694948747754; 0,7358408579602838; 0,33212931640446186
0,718604601084468; 0,488496714271605; 0,6689984700642526; 0,09020564192906022; 0,4418633012101054; 0,48793399054557085; 0,7998717101290822; 0,4014464318752289; 0,9722607582807541; 0,800133747048676; 0,1400992046110332
0,9476888535311858; 0,4252294497564435; 0,6458081663586199; 0,7671486856415868; 0,03962805029004812; 0,7265328303910792; 0,5075291022658348; 0,35762954177334905; 0,4688854697160423; 0,19456089520826936; 0,8579456279985607
0,7475690319966466; 0,9295679004862905; 0,8233877765014768; 0,5886593479663134; 0,3681913842447102; 0,448714931961149; 0,9291574177332222; 0,9077589586377144; 0,7192393289878964; 0,24074420612305403; 0,23215224407613277
0,4506584105564375; 0,7688439451158047; 0,4874106231145561; 0,28950657369568944; 0,010136357508599758; 0,31931174034252763; 0,1043938365764916; 0,721998899243772; 0,47587114945054054; 0,8578859628178179; 0,05320325633510947
0,8442083200454245; 0,07443614350631833; 0,9989084010012448; 0,8412817316129804; 0,18720672698691487; 0,2987399776466191; 0,4386958349496126; 0,34320789761841297; 0,11823779856786132; 0,5094364183023572; 0,5031868400983512
-0,5436389875985972; 0,20875402633100748; 0,04938177578151226; 0,8612294914200902; 0,8534714202396572; 0,4082745132036507; 0,27850208105519414; 0,34149124613031745; 0,3982958341948688; 0,16141409007832408; 0,1925843241624534
1,0647139667064955; 0,22237314470112324; 0,9119032127782702; 0,3237679642625153; 0,04421715531498194; 0,34957485366612673; 0,139102088753134; 0,3890320244245231; 0,9053583759814501; 0,3238836657255888; 0,563390004914254
0,052146817137156624; 0,30714120995253325; 0,5201165303587914; 0,5297733671031892; 0,7713878843933344; 0,5503354230895638; 0,22913169162347913; 0,2679536365903914; 0,30274065490812063; 0,8426823765039444; 0,6819635690189898
0,013346255028485363; 0,1813589963130653; 0,3824737719260156; 0,39877422945573926; 0,38214124739170074; 0,1353130671195686; 0,05098108574748039; 0,8526385691948235; 0,10256162099540234; 0,1517838346771896; 0,2635227954015136
0,3851598214984383; 0,6756197707727551; 0,740087004378438; 0,25050093000754714; 0,6970600010827184; 0,7064033383503556; 0,7268535122275352; 0,987621333450079; 0,8542725425213575; 0,8464091536588967; 0,9806659417226911
-0,1481678077868529; 0,6269743451848626; 0,9636447853408754; 0,36175540229305625; 0,7516790060326457; 0,4156010299921036; 0,09298428287729621; 0,6676251385360956; 0,10350042954087257; 0,34358506137505174; 0,1827791747637093
-0,36181208216882604; 0,8090145271271467; 0,17795539135113358; 0,820364598184824; 0,6576916533522308; 0,73360614804551; 0,8984056450426579; 0,1773593919351697; 0,46761957462877035; 0,6300203371793032; 0,6716737505048513
-0,3839874264681945; 0,7378706927411258; 0,39399409014731646; 0,5523523921146989; 0,6946606258861721; 0,1449573328718543; 0,6488342434167862; 0,11128605529665947; 0,029438336845487356; 0,9884501597844064; 0,5406068689189851
0,2504704931198032; 0,49652230460196733; 0,2029159488156438; 0,5930527886375785; 0,2095498419366777; 0,6661556963808835; 0,045888903085142374; 0,05513432202860713; 0,07742344681173563; 0,944471396971494; 0,005972959101200104
-0,3783906789682837; 0,8915572031401098; 0,3994743525981903; 0,8133660615421832; 0,9141943333670497; 0,9004990113899112; 0,6215998413972557; 0,5317232091911137; 0,15489048836752772; 0,9733418105170131; 0,43283077981323004
-0,28356760613491766; 0,12396094668656588; 0,059399417135864496; 0,5699483444914222; 0,5659061153419316; 0,31483149016276; 0,9741773153655231; 0,16126499604433775; 0,2547561856918037; 0,8375077154487371; 0,19764092285186052
-0,3814484948624935; 0,3747779284603894; 0,6353465281426907; 0,2621971578337252; 0,7058421047404408; 0,378982946742326; 0,9521266524679959; 0,2960650408640504; 0,4329744931310415; 0,15108314668759704; 0,1308716689236462
0,6902486449191615; 0,23851887043565512; 0,9115254911594093; 0,6471849903464317; 0,5096560884267092; 0,7641932908445597; 0,8994029979221523; 0,17595565738156438; 0,4087688568979502; 0,7325845356099308; 0,6547091244719923
1,0371935754404484; 0,8187039773911238; 0,5699597857892513; 0,49919735873118043; 0,0001968294382095337; 0,3958214772865176; 0,6971604721620679; 0,5887754121795297; 0,9448255421593785; 0,1876049959100783; 0,29241728130728006
0,35693528672187197; 0,07753688981756568; 0,8846693555824459; 0,8923983373679221; 0,4448979035951197; 0,6574220294132829; 0,5297301975078881; 0,7619759915396571; 0,5781652070581913; 0,35539678344503045; 0,24286113725975156
0,40688394274207224; 0,47911783680319786; 0,9772994867525995; 0,4767964375205338; 0,1457870239391923; 0,3947679568082094; 0,11381766246631742; 0,1114850752055645; 0,6642489228397608; 0,6992333163507283; 0,7113615698181093
-0,583625682624; 0,9749597636982799; 0,19891639798879623; 0,5272740558721125; 0,936970392242074; 0,6316186953336; 0,9510087482631207; 0,6861325115896761; 0,6686376361176372; 0,518309332896024; 0,8631930816918612
-0,01482795734511982; 0,25308410730212927; 0,7056290577165782; 0,30732755782082677; 0,26410542195662856; 0,323051483836025; 0,7787340367212892; 0,8826634008437395; 0,2520608212798834; 0,5624696011655033; 0,567684119567275
0,2573671495604544; 0,754424437880516; 0,7252322998829186; 0,7740291226655245; 0,7910314449109137; 0,022467258851975203; 0,9804720296524465; 0,04285652423277497; 0,7849134965799749; 0,8101599393412471; 0,20758072286844254
0,7929374664496998; 0,9774494678713381; 0,6961719384416938; 0,28721262188628316; 0,3657664433121681; 0,4676070953719318; 0,025057466235011816; 0,4714790089055896; 0,19797511491924524; 0,9259937270544469; 0,7320073829032481
0,12925765027143366; 0,3357105259783566; 0,08551035216078162; 0,5900528430938721; 0,04045725567266345; 0,8377480744384229; 0,8854128266684711; 0,09761523408815265; 0,7860097452066839; 0,6694562206976116; 0,10221954202279449
-0,2150852880105861; 0,9076261785812676; 0,6186790391802788; 0,24799503199756145; 0,48607368720695376; 0,271715484559536; 0,8418281408958137; 0,05060965474694967; 0,043040580581873655; 0,21722729364410043; 0,9443002478219569
-0,15815804935961614; 0,3590589873492718; 0,4586415342055261; 0,6388315195217729; 0,7476014695130289; 0,7455067783594131; 0,5304211797192693; 0,46095189405605197; 0,8738036504946649; 0,6732263956218958; 0,40304706059396267
0,03951553139091686; 0,08918100642040372; 0,2693299292586744; 0,1768786609172821; 0,23343917122110724; 0,5358325010165572; 0,35740847140550613; 0,28696847800165415; 0,40139674907550216; 0,5529013876803219; 0,1823650924488902
0,2572444678437288; 0,8165252562612295; 0,721927110105753; 0,3830695697106421; 0,21189434779807925; 0,8503873599693179; 0,8784652343019843; 0,018806189764291048; 0,7793660988099873; 0,5375287760980427; 0,442498286254704
0,1325378260987288; 0,9679694520309567; 0,0854578367434442; 0,2765296781435609; 0,04019657336175442; 0,6086885472759604; 0,5416024290025234; 0,5988497748039663; 0,7530559981241822; 0,7578348447568715; 0,48330281069502234
0,4177345626039047; 0,5737163345329463; 0,06513349851593375; 0,8469736776314676; 0,42971136420965195; 0,01614514645189047; 0,44257417134940624; 0,1992112365551293; 0,31689008232206106; 0,2719401763752103; 0,31481186021119356
0,06923734401448753; 0,6197725171223283; 0,19800726883113384; 0,5995868751779199; 0,45729375537484884; 0,6294947606511414; 0,08968510199338198; 0,4797737989574671; 0,5258673564530909; 0,07667001942172647; 0,6571899875998497
-0,16232468696322355; 0,2524994001723826; 0,24490953842177987; 0,1569765736348927; 0,4278247421607375; 0,19969327980652452; 0,621598759200424; 0,7918285233899951; 0,5354398735798895; 0,26190348202362657; 0,8339843535795808
-0,0912726548508488; 0,7094005942344666; 0,6568483184091747; 0,5422781766392291; 0,6307803527452052; 0,8074666452594101; 0,3698793863877654; 0,25215232325717807; 0,21121101593598723; 0,28434544522315264; 0,5857809321023524
0,05543234732476204; 0,7392530753277242; 0,023217002395540476; 0,10844407137483358; 0,13633249374106526; 0,3871698919683695; 0,9140771022066474; 0,9028774639591575; 0,9440652327612042; 0,498950382694602; 0,5779043599031866
0,6322613083049438; 0,3865099619142711; 0,8820345378480852; 0,2749462351202965; 0,35105617716908455; 0,657533754594624; 0,12914023408666253; 0,4384737149812281; 0,8701912900432944; 0,8421513848006725; 0,548571071587503
0,24093503565221183; 0,01317840302363038; 0,9794091298244894; 0,5844460041262209; 0,37595754535868764; 0,6204860745929182; 0,6883592018857598; 0,8428850937634706; 0,25158894481137395; 0,1231790715828538; 0,42472299886867404
-0,13711189671477098; 0,5043175630271435; 0,5015133735723794; 0,8593511772342026; 0,38999265572056174; 0,20799688808619976; 0,6785413366742432; 0,5229537240229547; 0,32265344681218266; 0,6100570522248745; 0,5879890667274594
-0,24167295727837762; 0,06929243542253971; 0,5387127078138292; 0,44402572698891163; 0,8284366712905467; 0,17725540464743972; 0,9251008215360343; 0,7540327138267457; 0,7111300714313984; 0,6235983991064131; 0,9111747536808252
0,11539834877359048; 0,41608040360733867; 0,721389252692461; 0,02975804964080453; 0,979941941332072; 0,6909862915053964; 0,4342811997048557; 0,5998038221150637; 0,5372956651262939; 0,10610057413578033; 0,11488060047850013
0,15462199424689674; 0,8824837049469352; 0,031817296985536814; 0,3481168462894857; 0,010376565624028444; 0,6891754623502493; 0,5625733290798962; 0,22580920765176415; 0,482108598574996; 0,6472833082079887; 0,07600067788735032
-0,4884045286085764; 0,37097668973729014; 0,4939468167722225; 0,47313612792640924; 0,8003025935031474; 0,3169672964140773; 0,7063018279150128; 0,21420196257531643; 0,9959628749638796; 0,5371545548550785; 0,7381145972758532
-0,38402785948859763; 0,14546598447486758; 0,3786296835169196; 0,9975411356426775; 0,918453554622829; 0,14447440253570676; 0,16748709185048938; 0,1384262633509934; 0,2120430595241487; 0,9423968144692481; 0,8513462101109326
0,20039237872489127; 0,5194231476634741; 0,942946863360703; 0,025472896173596382; 0,3153350409120321; 0,0754455616697669; 0,7709321053698659; 0,9094461021013558; 0,46323572006076574; 0,9038900481536984; 0,9895942439325154
-0,5487460010282681; 0,622217811178416; 0,36304853623732924; 0,5661117606796324; 0,8616414163261652; 0,056090622674673796; 0,8420385746285319; 0,1369090275838971; 0,35402499604970217; 0,54114860156551; 0,13315052166581154
-0,08633517693251273; 0,3851331393234432; 0,2007803674787283; 0,986666226759553; 0,43035306315869093; 0,8036995348520577; 0,7984039806760848; 0,5038557364605367; 0,6995777585543692; 0,5179879167117178; 0,4128920934163034
0,40205407570117596; 0,05344575038179755; 0,013906877022236586; 0,3149193818680942; 0,6386805921792984; 0,8579169195145369; 0,6343216123059392; 0,02409946732223034; 0,6313306051306427; 0,47432607877999544; 0,8029700391925871
0,08817939356189725; 0,5701721389777958; 0,7781047453172505; 0,828950725030154; 0,3886875626631081; 0,2704053958877921; 0,053625387605279684; 0,4101918158121407; 0,011008632835000753; 0,5514323394745588; 0,32195959938690066
-0,17762624456849946; 0,16295960638672113; 0,6264378582127392; 0,4764264435507357; 0,4535673768259585; 0,8788314023986459; 0,6882121083326638; 0,440216401591897; 0,8899510074406862; 0,8547788443975151; 0,12256992515176535
