 y; x1; x2; x3; x4; x5; x6; x7; x8; x9; x10
12,269805067499775; 0,6259468663483858; 0,8224279480054975; 0,3226044028997421; 0,2624656604602933; 0,07105678087100387; 0,582631581928581; 0,467964094132185; 0,7016703519038856; 0,1492298231460154; 0,5313124498352408
13,498308665070521; 0,6139203277416527; 0,16955289291217923; 0,5763356778770685; 0,22893906058743596; 0,91185860382393; 0,9905018610879779; 0,22747896844521165; 0,8682234170846641; 0,2939406195655465; 0,23002358712255955
14,604867437357395; 0,8768754974007607; 0,1285111871547997; 0,5894352928735316; 0,7292596762999892; 0,553467393387109; 0,6117197154089808; 0,1332138511352241; 0,12327211769297719; 0,07573098549619317; 0,2652134564705193
11,412495122157303; 0,700735374353826; 0,8577209375798702; 0,8169547808356583; 0,7288590115495026; 0,07215049676597118; 0,33360429806634784; 0,6059099589474499; 0,5802663643844426; 0,27157852007076144; 0,15707549219951034
15,00113116397381; 0,332102345302701; 0,6398921636864543; 0,8414122946560383; 0,3047431637533009; 0,24684178875759244; 0,8863944672048092; 0,012509388383477926; 0,31366405030712485; 0,9061634899117053; 0,3178161480464041
14,542441362201805; 0,8026062748394907; 0,9971615388058126; 0,7936744354665279; 0,47243291325867176; 0,031766528729349375; 0,8452245970256627; 0,38305582851171494; 0,5698982598260045; 0,5900373109616339; 0,2916939021088183
12,363225443682861; 0,3366253590211272; 0,8776770732365549; 0,07096703862771392; 0,22734762215986848; 0,017611072398722172; 0,6180558358319104; 0,8534802510403097; 0,4816610678099096; 0,43603136437013745; 0,2177171208895743
12,82118990098759; 0,0019988277927041054; 0,046274006366729736; 0,6048250664025545; 0,31160126021131873; 0,350200311280787; 0,5872991634532809; 0,633770793210715; 0,7707801288925111; 0,6612710212357342; 0,9674201817251742
9,31281570675189; 0,6393079711124301; 0,9119610353372991; 0,03772519249469042; 0,7245360505767167; 0,33696173829957843; 0,05206573894247413; 0,2789708231575787; 0,15624793525785208; 0,41034958185628057; 0,7715719663538039
12,366095859362144; 0,8435564208775759; 0,05565278744325042; 0,013229889795184135; 0,9175193724222481; 0,6557436413131654; 0,3242683056741953; 0,28611728362739086; 0,7159334383904934; 0,9035227778367698; 0,6757812015712261
14,42028415371166; 0,07672434579581022; 0,6215967833995819; 0,07724926574155688; 0,2561626825481653; 0,45170015888288617; 0,9205147102475166; 0,7992490902543068; 0,07744748750701547; 0,45677661430090666; 0,6612232052721083
14,866974652910386; 0,7206307398155332; 0,21847760118544102; 0,22047023987397552; 0,7454704600386322; 0,8623451739549637; 0,6026168065145612; 0,15012465557083488; 0,1309969243593514; 0,9090647930279374; 0,3537212978117168
9,492619284624386; 0,03221229650080204; 0,37796345679089427; 0,2951980629004538; 0,4842951176688075; 0,5456546717323363; 0,979355332441628; 0,12968720495700836; 0,5487411636859179; 0,5310616851784289; 0,7704119211994112
9,024160015422352; 0,4912243480794132; 0,13886739360168576; 0,22316335514187813; 0,19399426970630884; 0,2893740008585155; 0,056147448252886534; 0,24439671589061618; 0,2640707385726273; 0,6649144375696778; 0,34749680012464523
14,663630011001473; 0,8813236188143492; 0,4473938890732825; 0,3984681614674628; 0,5757456286810338; 0,5021585072390735; 0,6915877726860344; 0,7790022143162787; 0,4540621265769005; 0,6248589670285583; 0,44226879719644785
12,835910207068707; 0,8221057970076799; 0,29890017490834; 0,3919282332062721; 0,8159467373043299; 0,6830825791694224; 0,7810964705422521; 0,035805702675133944; 0,8398727877065539; 0,5409767385572195; 0,8882030663080513
11,053318149004525; 0,7444811081513762; 0,40025092009454966; 0,027201101183891296; 0,9347403333522379; 0,8840883667580783; 0,19612019695341587; 0,5010937917977571; 0,21327413944527507; 0,28662023274227977; 0,8614686657674611
10,490398898700844; 0,3789950208738446; 0,6189139131456614; 0,16046557761728764; 0,7408334789797664; 0,9507986819371581; 0,8911534985527396; 0,43579879868775606; 0,9088450092822313; 0,14972446346655488; 0,8381656776182353
9,337504781333687; 0,24215286830440164; 0,5172089403495193; 0,0040598055347800255; 0,2809181483462453; 0,5861821230500937; 0,17475914396345615; 0,4898584899492562; 0,4125287258066237; 0,495573902502656; 0,7294178064912558
15,063883303856176; 0,9900865666568279; 0,31059284461662173; 0,8739649076014757; 0,73590719839558; 0,952581072691828; 0,644793382845819; 0,6045474475249648; 0,017225390300154686; 0,08384370524436235; 0,2193197780288756
14,725066506202877; 0,7445080382749438; 0,9907737830653787; 0,3683076431043446; 0,3037869571708143; 0,20122715970501304; 0,8321789079345763; 0,7502861879765987; 0,6695412318222225; 0,5203843475319445; 0,11640015477314591
14,25750028367299; 0,2949712877161801; 0,8441429324448109; 0,8879480920732021; 0,6165524809621274; 0,8122420129366219; 0,8511117319576442; 0,7473531668074429; 0,565354055725038; 0,1537921573035419; 0,9291384848766029
9,82433665794952; 0,7770042228512466; 0,5557031342759728; 0,37374290404841304; 0,325501911342144; 0,8468612977303565; 0,26341705583035946; 0,4418172365985811; 0,5117529560811818; 0,021383754443377256; 0,2394067132845521
11,815449047433917; 0,6037136251106858; 0,03495851019397378; 0,7753140432760119; 0,7082744324579835; 0,28881583781912923; 0,8510688650421798; 0,7829211731441319; 0,9679468763060868; 0,7568114316090941; 0,8963053268380463
12,11445081573477; 0,25220570201054215; 0,922245831694454; 0,8738143658265471; 0,6001276625320315; 0,36172134010121226; 0,44830175628885627; 0,24753891257569194; 0,6594562451355159; 0,23414698196575046; 0,34137002751231194
10,165519305593403; 0,6108127436600626; 0,6417661858722568; 0,09172832313925028; 0,38033224549144506; 0,053289758041501045; 0,9934678208082914; 0,2106343931518495; 0,7484481711871922; 0,5673668822273612; 0,9386880719102919
13,704589092103932; 0,6479593305848539; 0,7829932505264878; 0,6857838784344494; 0,19422487635165453; 0,5691763600334525; 0,7828523777425289; 0,1072892933152616; 0,9335656994953752; 0,8208560002967715; 0,32741486141458154
13,375567855912262; 0,9510828536003828; 0,925056962762028; 0,13987323315814137; 0,9781688125804067; 0,8491607704199851; 0,6937471413984895; 0,9017697456292808; 0,340467126108706; 0,6027005915530026; 0,8823886304162443
14,742389204214572; 0,8282147208228707; 0,7730864123441279; 0,04242858337238431; 0,7939082062803209; 0,19057122338563204; 0,7004151404835284; 0,36207243613898754; 0,4770715069025755; 0,002539608161896467; 0,7555080186575651
12,076861410468105; 0,10243877256289124; 0,4168267878703773; 0,3490716088563204; 0,8690711786039174; 0,06237831572070718; 0,7999060046859086; 0,4459748868830502; 0,4639097317121923; 0,7217842754907906; 0,2574314051307738
15,178208305726146; 0,40889287274330854; 0,0322482674382627; 0,5307019255124032; 0,9939045421779156; 0,9979973821900785; 0,9897405025549233; 0,6025736280716956; 0,8806342231109738; 0,973047430627048; 0,9700909736566246
11,112691370989106; 0,4434003969654441; 0,09545165440067649; 0,17708266619592905; 0,41521691158413887; 0,05927812773734331; 0,41429392294958234; 0,9240175290033221; 0,8547081225551665; 0,696358151268214; 0,625212776940316
11,652308065228743; 0,1846168884076178; 0,5197852994315326; 0,0780447693541646; 0,8660696605220437; 0,9205619851127267; 0,9200530853122473; 0,17327193915843964; 0,26726413192227483; 0,8827612418681383; 0,30495662754401565
14,901680354273505; 0,7494523357599974; 0,6280648512765765; 0,6447882261127234; 0,4017921010963619; 0,220780277159065; 0,8729023560881615; 0,9882680028676987; 0,26699898578226566; 0,33491203049197793; 0,24844617629423738
14,900693639610202; 0,23216225020587444; 0,6874632663093507; 0,11195934750139713; 0,9473384572193027; 0,7432752083986998; 0,9893203303217888; 0,6691037113778293; 0,4930016021244228; 0,9832134041935205; 0,15596742322668433
10,589785023608; 0,8684796812012792; 0,044553341809660196; 0,43084772303700447; 0,13751959521323442; 0,34915910102427006; 0,4295701994560659; 0,39039530605077744; 0,8890980593860149; 0,6576900980435312; 0,029440744314342737
10,811757194789374; 0,8869474437087774; 0,8704894124530256; 0,5228857533074915; 0,7869223668240011; 0,3635150967165828; 0,2575351814739406; 0,10871496004983783; 0,3087093932554126; 0,412919741589576; 0,2809640746563673
14,352246550300237; 0,9705354021862149; 0,5415086601860821; 0,28920922754332423; 0,40574530232697725; 0,21452569030225277; 0,7450790759176016; 0,7202109126374125; 0,15804289979860187; 0,28050857363268733; 0,08259164122864604
10,000028523283616; 0,3195635508745909; 0,8233473785221577; 0,9353398378007114; 0,8736639372073114; 0,9729916416108608; 0,10962303867563605; 0,37667828891426325; 0,9877508501522243; 0,6690937462262809; 0,20624954625964165
13,908572498293182; 0,2315480373799801; 0,18512574071064591; 0,7855407525785267; 0,6042258562520146; 0,5829638638533652; 0,595236461609602; 0,5974114825949073; 0,46463197423145175; 0,04015676770359278; 0,6010805270634592
14,667529487114278; 0,4932124321348965; 0,5962037653662264; 0,685161299072206; 0,20438921405002475; 0,3248727200552821; 0,7985566211864352; 0,34098483016714454; 0,9549154099076986; 0,9434208795428276; 0,3044512514024973
11,358935660681684; 0,30460155196487904; 0,07179285399615765; 0,7618958097882569; 0,03933270974084735; 0,5801467918790877; 0,5580762862227857; 0,064923414029181; 0,5884102685377002; 0,1507306178100407; 0,3457798771560192
10,349880255777439; 0,7477560914121568; 0,2196271326392889; 0,673751094378531; 0,8621040051802993; 0,017782493494451046; 0,9632754507474601; 0,5469543286599219; 0,7781582060270011; 0,6599495746195316; 0,5882312376052141
14,928293719440612; 0,20168595435097814; 0,37491714768111706; 0,392932437825948; 0,25270297611132264; 0,49865982262417674; 0,958345462102443; 0,15965665550902486; 0,8770237690769136; 0,8683807221241295; 0,6029496993869543
12,129970492116497; 0,2823299732990563; 0,5470955288037658; 0,1346450475975871; 0,4302523252554238; 0,06704988004639745; 0,9307412635535002; 0,047240943647921085; 0,29427019506692886; 0,0441535203717649; 0,7996725868433714
11,242480704565684; 0,4953536055982113; 0,6217991863377392; 0,9733405755832791; 0,5598198841325939; 0,5406728074885905; 0,3962902049534023; 0,9806055789813399; 0,9631011057645082; 0,1928963498212397; 0,8080972726456821
9,376627300133867; 0,4486072170548141; 0,9163912958465517; 0,8397297952324152; 0,8852744135074317; 0,18302052654325962; 0,006241361144930124; 0,07498892955482006; 0,9794188868254423; 0,02703181840479374; 0,812470109667629
9,991231287745613; 0,3067524265497923; 0,4279576917178929; 0,21207996923476458; 0,034657061100006104; 0,49099547788500786; 0,39139983570203185; 0,019090956542640924; 0,9669015291146934; 0,018739487510174513; 0,9616740397177637
9,491500621105942; 0,9214823986403644; 0,16600866010412574; 0,30940135801211; 0,23181208549067378; 0,8840096327476203; 0,2060387940146029; 0,8634195984341204; 0,15187458228319883; 0,7172018871642649; 0,4582146084867418
10,697801070722038; 0,8802759060636163; 0,8029973288066685; 0,6845639757812023; 0,7109467452391982; 0,5954312817193568; 0,8648450220935047; 0,5611557788215578; 0,2414162838831544; 0,8289143051952124; 0,23203569138422608
11,231709352994482; 0,5441357134841383; 0,8613030011765659; 0,585311580915004; 0,6024442543275654; 0,4465035814791918; 0,3625034438446164; 0,4997467817738652; 0,16714310320094228; 0,1601200057193637; 0,11011920869350433
14,627824627199557; 0,09727211017161608; 0,48958525992929935; 0,7210010923445225; 0,13707608124241233; 0,04794902401044965; 0,8531579500995576; 0,9996199859306216; 0,40307735186070204; 0,34888002136722207; 0,780749699100852
11,386750470227604; 0,004826707299798727; 0,904137562494725; 0,24375315569341183; 0,00471539655700326; 0,8886630702763796; 0,6571123576723039; 0,6388922897167504; 0,039728071074932814; 0,07492913631722331; 0,49373775301501155
8,739123801518657; 0,6863455288112164; 0,973548190202564; 0,6211210377514362; 0,8044691211543977; 0,7575885909609497; 0,9150938582606614; 0,47896841214969754; 0,22921490063890815; 0,4396456475369632; 0,5293472842313349
15,030685659097228; 0,06611779052764177; 0,2716643465682864; 0,316359359305352; 0,8029721057973802; 0,7064377688802779; 0,679967304226011; 0,09453250607475638; 0,6628171843476593; 0,8313462971709669; 0,907459276728332
14,998073006607438; 0,41693618753924966; 0,690675544552505; 0,9870008593425155; 0,4314482444897294; 0,9058371977880597; 0,8433001097291708; 0,29062369791790843; 0,7451676060445607; 0,49397839512676; 0,7400660323910415
10,969997682145323; 0,7692567515186965; 0,38242981117218733; 0,7098234412260354; 0,6851428551599383; 0,10220680292695761; 0,2998969475738704; 0,30705547891557217; 0,8020108048804104; 0,531214858405292; 0,9808636731468141
14,38682525463064; 0,4241517325863242; 0,14514783956110477; 0,30927948327735066; 0,47675494477152824; 0,7459331806749105; 0,8476262255571783; 0,9394527995027602; 0,9317656252533197; 0,9832851500250399; 0,8248925399966538
10,752851935634462; 0,8614513329230249; 0,4458976308815181; 0,3016848270781338; 0,999632406514138; 0,3844492747448385; 0,13981823530048132; 0,7142412886023521; 0,4676749659702182; 0,31174843944609165; 0,20890387427061796
10,2230718282228; 0,27715683868154883; 0,987043737899512; 0,7760809352621436; 0,15619356092065573; 0,9993655206635594; 0,46039963606745005; 0,8562825466506183; 0,11871861852705479; 0,32676987955346704; 0,7535557397641242
11,085306346454763; 0,6914696050807834; 0,5542600271292031; 0,901003641076386; 0,43729527946561575; 0,9973438400775194; 0,42482928838580847; 0,7955923145636916; 0,19154192507266998; 0,25490515027195215; 0,12507856916636229
9,114930734331377; 0,7059665396809578; 0,7613335293717682; 0,5326438462361693; 0,5015580495819449; 0,8962441477924585; 0,068037168122828; 0,260341945104301; 0,9518840978853405; 0,5847902153618634; 0,8224225011654198
9,265736214546523; 0,7438271665014327; 0,22332725021988153; 0,04227898921817541; 0,5425954316742718; 0,43263814970850945; 0,03223301190882921; 0,5833097496069968; 0,13776793191209435; 0,2777713155373931; 0,29771043499931693
11,023787021468229; 0,27397817047312856; 0,25952354026958346; 0,8940711934119463; 0,11790476040914655; 0,2584023722447455; 0,5059538786299527; 0,4150651474483311; 0,05086584948003292; 0,4769167550839484; 0,7956115924753249
11,36371070108936; 0,6724607925862074; 0,5482236403040588; 0,3055358473211527; 0,9282953604124486; 0,4492552373558283; 0,23837585467845201; 0,8047521496191621; 0,021322984248399734; 0,39536165865138173; 0,40877413423731923
12,420145573356491; 0,529964170884341; 0,156531339045614; 0,9987472957000136; 0,7346931621432304; 0,40136459236964583; 0,8655802286230028; 0,3030245224945247; 0,3371911244466901; 0,8079582778736949; 0,6542298928834498
13,738273632920254; 0,44976562075316906; 0,7068519741296768; 0,7833622936159372; 0,7008610400371253; 0,8733247248455882; 0,7830004985444248; 0,32446993654593825; 0,736782940570265; 0,9528438299894333; 0,68361601466313
12,127048660789784; 0,49780509481206536; 0,17498012632131577; 0,6960384645499289; 0,09042628109455109; 0,9124234188348055; 0,6204189592972398; 0,315180083271116; 0,4678620803169906; 0,22940109902992845; 0,22799888951703906
9,406370271032364; 0,08982256567105651; 0,30510889552533627; 0,6424164487980306; 0,4334227601066232; 0,5509786680340767; 0,11882644984871149; 0,06709981523454189; 0,844897483009845; 0,19989712769165635; 0,46597441332414746
9,676082690539504; 0,049759754445403814; 0,5504681766033173; 0,8642259505577385; 0,9828411783091724; 0,11992978025227785; 0,7864375691860914; 0,9769276883453131; 0,8573163556866348; 0,3514263634569943; 0,05941128637641668
9,228847217483427; 0,2932432843372226; 0,35092575941234827; 0,7202185075730085; 0,10708355763927102; 0,8723690449260175; 0,20807177852839231; 0,5486794114112854; 0,8509162343107164; 0,6068545002490282; 0,5606001685373485
9,170068612425943; 0,6904821800999343; 0,7667473452165723; 0,5345281818881631; 0,11403049854561687; 0,7143001123331487; 0,24394627753645182; 0,004605447873473167; 0,5834271665662527; 0,754533773753792; 0,3941223155707121
12,52282675951927; 0,04375768778845668; 0,27335604513064027; 0,7982688094489276; 0,5055359895341098; 0,09153036586940289; 0,5285608037374914; 0,5693951081484556; 0,27755485475063324; 0,1455935724079609; 0,8628722010180354
11,101083783052227; 0,322964446619153; 0,4771680850535631; 0,45161739038303494; 0,5274526430293918; 0,7302924264222383; 0,988587464671582; 0,4004977596923709; 0,8443810385651886; 0,7550361114554107; 0,6153706181794405
11,400280561126483; 0,7635817192494869; 0,3128827675245702; 0,7563086338341236; 0,10402119299396873; 0,03691623825579882; 0,567823676392436; 0,7319517699070275; 0,6592352711595595; 0,23288970068097115; 0,29919177247211337
10,485729542202725; 0,9951722170226276; 0,2912840601056814; 0,5215958473272622; 0,4659010376781225; 0,5849183732643723; 0,3216303354129195; 0,9262599484063685; 0,6888122134841979; 0,8016938380897045; 0,17336751287803054
11,279323968439822; 0,22876906720921397; 0,14112256281077862; 0,21285627828910947; 0,08104284713044763; 0,6657967078499496; 0,5416882340796292; 0,3162256316281855; 0,7360324314795434; 0,6016096700914204; 0,4448418999090791
9,728115585178386; 0,5025848657824099; 0,3511627889238298; 0,8549705552868545; 0,6367787327617407; 0,411498268134892; 0,11978208739310503; 0,24450979521498084; 0,5130220060236752; 0,3332333224825561; 0,10506639489904046
12,04449632030817; 0,8947710022330284; 0,7977723316289485; 0,9313386613503098; 0,8464766000397503; 0,2522965078242123; 0,35455278772860765; 0,8303073113784194; 0,601418252568692; 0,42426438676193357; 0,1596663137897849
8,76352250258485; 0,5188696305267513; 0,657484132796526; 0,13278899295255542; 0,9642264600843191; 0,8407600405625999; 0,9737728293985128; 0,16714126849547029; 0,375122107565403; 0,33748114528134465; 0,9060790636576712
14,62415349841239; 0,5134375938214362; 0,6381488228216767; 0,8597280620597303; 0,6123534035868943; 0,6078899102285504; 0,8331412733532488; 0,6880146726034582; 0,20674539729952812; 0,35350912529975176; 0,7905182125978172
12,948279780239183; 0,4612600076943636; 0,1583121414296329; 0,5577694866806269; 0,7444089148193598; 0,3800928182899952; 0,44135447265580297; 0,6920947353355587; 0,5084193362854421; 0,5488243885338306; 0,09689125558361411
10,705981852853979; 0,7570769595913589; 0,48626764956861734; 0,05656736949458718; 0,47334285778924823; 0,7773738759569824; 0,3541717384941876; 0,5491005512885749; 0,5716716228052974; 0,35295509546995163; 0,33988878270611167
10,023932880005493; 0,33308543311432004; 0,061838497407734394; 0,5588476387783885; 0,8117513158358634; 0,69635054981336; 0,09406936494633555; 0,07058920012786984; 0,6645074235275388; 0,22253340249881148; 0,5280160587280989
13,387328215387427; 0,018298025242984295; 0,28012063447386026; 0,7551702349446714; 0,15579931298270822; 0,35693358769640326; 0,6987513424828649; 0,8919266257435083; 0,8172378684394062; 0,45390255376696587; 0,8031342914327979
14,716880851509357; 0,5114150890149176; 0,9013432543724775; 0,022561843041330576; 0,10124927619472146; 0,981171959079802; 0,9373536906205118; 0,8707080814056098; 0,6153568029403687; 0,09183701127767563; 0,29447782738134265
13,95902529935088; 0,6274898173287511; 0,4913123934529722; 0,49337204499170184; 0,13384882314130664; 0,6063328045420349; 0,8223849963396788; 0,7571410476230085; 0,9881865587085485; 0,6391009967774153; 0,3061835542321205
11,627571453436596; 0,06678439769893885; 0,13881505746394396; 0,3776530553586781; 0,24531402345746756; 0,9111530277878046; 0,5066083050332963; 0,5581904007121921; 0,8408561595715582; 0,2049813698977232; 0,2359349960461259
9,540465120626521; 0,6197305889800191; 0,35513652907684445; 0,6374400737695396; 0,6861558449454606; 0,023027291987091303; 0,057955685537308455; 0,8400608408264816; 0,2753845090046525; 0,41933201160281897; 0,8331401064060628
11,045871003875272; 0,44606043631210923; 0,7861180193722248; 0,4081181278452277; 0,9765443759970367; 0,008172500412911177; 0,1998168141581118; 0,533349025528878; 0,5235519739799201; 0,2229136466048658; 0,20196065260097384
9,467000314606423; 0,9629001151770353; 0,29775158083066344; 0,9468607064336538; 0,3630858608521521; 0,6815221351571381; 0,15750733204185963; 0,9427798194810748; 0,20658916514366865; 0,3557770955376327; 0,8780745794065297
10,05359379768543; 0,7562175509519875; 0,9233530410565436; 0,08653405588120222; 0,7410036781802773; 0,7796465549618006; 0,1795628508552909; 0,01261013513430953; 0,1794569562189281; 0,36040739016607404; 0,81058917241171
9,591720797844886; 0,12206146074458957; 0,7080943924374878; 0,9531557634472847; 0,17755704140290618; 0,7849823599681258; 0,31368626188486814; 0,7052413821220398; 0,2322716466151178; 0,3407360385172069; 0,4208232187665999
13,85203082708371; 0,5440768483094871; 0,0020801215432584286; 0,5230418522842228; 0,2128665349446237; 0,9728887807577848; 0,7277887975797057; 0,05691717332229018; 0,790891969576478; 0,28933381335809827; 0,45153699815273285
14,70576060823147; 0,9273397722281516; 0,5949673526920378; 0,36580168968066573; 0,5686046141199768; 0,2977166483178735; 0,6665157894603908; 0,8676532134413719; 0,8048858451656997; 0,22867953078821301; 0,5927138240076602
10,178781522820824; 0,7407773602753878; 0,0858743404969573; 0,48024121951311827; 0,052808578591793776; 0,6724856649525464; 0,40225539496168494; 0,5831935186870396; 0,7422632146626711; 0,32780402107164264; 0,8907860517501831
15,061906314420023; 0,06615591607987881; 0,5380970821715891; 0,5531130493618548; 0,23562742164358497; 0,31276541482657194; 0,8653881247155368; 0,5930362837389112; 0,23265052866190672; 0,8765226425603032; 0,4257683241739869
9,048265641235524; 0,4491966343484819; 0,24556452594697475; 0,7541075418703258; 0,3295731609687209; 0,8213085746392608; 0,030282593332231045; 0,6872252062894404; 0,048108954448252916; 0,8318349798209965; 0,8397891726344824
10,51143561051255; 0,08685845509171486; 0,6135972612537444; 0,8152370136231184; 0,8909964323975146; 0,06653528334572911; 0,15835630055516958; 0,38490075850859284; 0,26579215517267585; 0,093608308583498; 0,4347339333035052
9,434889198610502; 0,29393472196534276; 0,3457800499163568; 0,9781393632292747; 0,7573167900554836; 0,43803458847105503; 0,005896434187889099; 0,756328986492008; 0,9859357383102179; 0,5836541624739766; 0,5257077785208821
9,73033483368316; 0,6876777461729944; 0,49568320950493217; 0,7210594164207578; 0,5991948307491839; 0,455855084117502; 0,13970820931717753; 0,12735634157434106; 0,6207524440251291; 0,4878102778457105; 0,25500694988295436
9,9413439766423; 0,6964003369212151; 0,3806692617945373; 0,08575857896357775; 0,0807082331739366; 0,6140319872647524; 0,3786160037852824; 0,838361126370728; 0,532026703003794; 0,6154336831532419; 0,6082311398349702
13,940105994327975; 0,7291028797626495; 0,647412808611989; 0,3153457841835916; 0,3885164144448936; 0,9208830213174224; 0,6621875897981226; 0,17470916640013456; 0,8769405209459364; 0,9852214911952615; 0,485154302790761
9,154447662963408; 0,6152431215159595; 0,521528659388423; 0,76264136005193; 0,15038462914526463; 0,7498135850764811; 0,17511632153764367; 0,052707061637192965; 0,8398501793853939; 0,9631648873910308; 0,4752319697290659
11,279424760585446; 0,5215468243695796; 0,31272711185738444; 0,15693152183666825; 0,09302913630381227; 0,700380171649158; 0,5799487736076117; 0,848725417163223; 0,2852824302390218; 0,60346554312855; 0,6994261792860925
8,919765768420021; 0,3522856794297695; 0,3126776600256562; 0,18638396030291915; 0,9400040651671588; 0,8146634842269123; 0,8620372447185218; 0,2709693922661245; 0,5857543032616377; 0,17006216943264008; 0,5166089362464845
14,56413863984925; 0,19789727218449116; 0,22124274680390954; 0,35849647177383304; 0,8666392401792109; 0,6451213611289859; 0,5246179173700511; 0,9356453390792012; 0,8238963182084262; 0,2587803308852017; 0,6816141880117357
10,61739027104489; 0,4520833264105022; 0,9654313754290342; 0,3078109403140843; 0,07344168238341808; 0,7383458884432912; 0,4998241770081222; 0,330178190022707; 0,18222119892016053; 0,7025977573357522; 0,4302431959658861
13,765131093254421; 0,057443146128207445; 0,06810003193095326; 0,2830915027298033; 0,016753280069679022; 0,6859081955626607; 0,775730156339705; 0,2894538049586117; 0,0022058426402509212; 0,07218134682625532; 0,4008110328577459
13,759513275167933; 0,8756869514472783; 0,3916994030587375; 0,6413263007998466; 0,11875424487516284; 0,5895194644108415; 0,7526889662258327; 0,04286899324506521; 0,1282978504896164; 0,8829733207821846; 0,6374686933122575
8,826846251632352; 0,3895862312056124; 0,5137366531416774; 0,20864862715825438; 0,11861341260373592; 0,6336777480319142; 0,003550328314304352; 0,48051946703344584; 0,5595267373137176; 0,9092041496187449; 0,6759265949949622
10,032298723228335; 0,8007252984680235; 0,6660176771692932; 0,31040761154145; 0,6862417738884687; 0,5071704839356244; 0,17158685717731714; 0,8266323530115187; 0,0649969452060759; 0,2470521256327629; 0,490218638908118
11,676568364594678; 0,3698477535508573; 0,3246776037849486; 0,6078891172073781; 0,0696627227589488; 0,23794916039332747; 0,6241143872030079; 0,944521885830909; 0,29284060280770063; 0,1506818924099207; 0,5870626857504249
9,617168869219736; 0,028938395902514458; 0,9403283973224461; 0,3090983801521361; 0,5833876463584602; 0,8417808329686522; 0,9261622941121459; 0,6715710437856615; 0,9717221893370152; 0,8478115065954626; 0,9531069477088749
12,52854441160168; 0,2206118437461555; 0,8364086654037237; 0,3749186247587204; 0,35363911744207144; 0,6962617910467088; 0,5704207886010408; 0,09816246526315808; 0,011931355111300945; 0,2568953922018409; 0,9166310327127576
14,067991019955151; 0,984347544144839; 0,5933985863812268; 0,7826866968534887; 0,3827021671459079; 0,42026229528710246; 0,7321262708865106; 0,5086345770396292; 0,14571637753397226; 0,9901178469881415; 0,1398656265810132
11,541029250997944; 0,057979298289865255; 0,27946694241836667; 0,47331517608836293; 0,16958109103143215; 0,5969950426369905; 0,528979160822928; 0,6488036522641778; 0,7550771357491612; 0,9880969668738544; 0,13348150439560413
11,515890635009017; 0,23385313665494323; 0,6204277733340859; 0,9888577004894614; 0,5066325087100267; 0,33542626071721315; 0,413576889783144; 0,7311894274316728; 0,6828792355954647; 0,0366201177239418; 0,3816187954507768
9,40931425904761; 0,6349446019157767; 0,5160913579165936; 0,4483994236215949; 0,6121159284375608; 0,38309611892327666; 0,07417423743754625; 0,19714541593566537; 0,20219723926857114; 0,7718154662288725; 0,24309229664504528
14,377740706381502; 0,8018819564022124; 0,9031875436194241; 0,5600081263110042; 0,4213304417207837; 0,9025639346800745; 0,7304762098938227; 0,8192795412614942; 0,3460575845092535; 0,798792899120599; 0,45770815573632717
12,218138700145225; 0,2765720495954156; 0,6501139993779361; 0,5301779843866825; 0,5679756631143391; 0,7380085005424917; 0,4560014777816832; 0,24505605967715383; 0,5963367251679301; 0,33023518649861217; 0,7724030031822622
12,49278290741345; 0,14485422801226377; 0,9427539044991136; 0,9669899330474436; 0,8269748706370592; 0,3729353304952383; 0,42425715224817395; 0,9949625721201301; 0,5369810317642987; 0,07057446334511042; 0,6208243165165186
9,235886644087003; 0,812074881978333; 0,9768121866509318; 0,381868377327919; 0,5487866862677038; 0,38443204713985324; 0,10905325459316373; 0,4154382417909801; 0,05089425528421998; 0,24716024985536933; 0,4519598460756242
8,993260561841577; 0,7816528244875371; 0,9964056368917227; 0,9351650048047304; 0,0005566626787185669; 0,10582001972943544; 0,2767814467661083; 0,6198594095185399; 0,7361248643137515; 0,12469688896089792; 0,5062272883951664
11,392952897856333; 0,4024792416021228; 0,3095348128117621; 0,19034374738112092; 0,43956900760531425; 0,31894055288285017; 0,9466952192597091; 0,06621964275836945; 0,3631835854612291; 0,24040162982419133; 0,10558631317690015
14,912604783091368; 0,5793559267185628; 0,02323164464905858; 0,43607894144952297; 0,28565714741125703; 0,3485916596837342; 0,7863247962668538; 0,6929286331869662; 0,998318515252322; 0,29863541619852185; 0,8797231120988727
13,138576279844344; 0,30791907105594873; 0,24745222833007574; 0,9064299003221095; 0,6414556200616062; 0,4548801677301526; 0,5152367204427719; 0,20329079683870077; 0,134035705588758; 0,8124055126681924; 0,4756919420324266
13,935924704073653; 0,10257190046831965; 0,7265445929951966; 0,7204669429920614; 0,9625800689682364; 0,9847064483910799; 0,700081265065819; 0,5599437835626304; 0,14339326974004507; 0,45787456491962075; 0,012879375368356705
14,841389584407256; 0,310893043410033; 0,7576125920750201; 0,05922691756859422; 0,4278261470608413; 0,5882527227513492; 0,7539594173431396; 0,5218595126643777; 0,8451908626593649; 0,9461286114528775; 0,15644628880545497
14,585301411353731; 0,4120404343120754; 0,2593284188769758; 0,1091228355653584; 0,32916370686143637; 0,8997680395841599; 0,7448102543130517; 0,8708453387953341; 0,6652146521955729; 0,9602875304408371; 0,0841525006107986
9,495409207712136; 0,7149259550496936; 0,25671296659857035; 0,12119868164882064; 0,3277164278551936; 0,8101356099359691; 0,1901219948194921; 0,09580272156745195; 0,3860466443002224; 0,5202793050557375; 0,915450501255691
10,719487020944936; 0,7764795022085309; 0,23227471439167857; 0,216678227763623; 0,04555164882913232; 0,9626577510498464; 0,49742358457297087; 0,5315372422337532; 0,7884054435417056; 0,7314432179555297; 0,49062997475266457
12,842345117545895; 0,3830067105591297; 0,05159484874457121; 0,28774581337347627; 0,9840393592603505; 0,9890725584700704; 0,35617539612576365; 0,3718036198988557; 0,9547169026918709; 0,5894772224128246; 0,7484820997342467
14,005778404939473; 0,5808746921829879; 0,13658242113888264; 0,5407159542664886; 0,8184467945247889; 0,8970614639110863; 0,4933918039314449; 0,5865622735582292; 0,4199891909956932; 0,6304483194835484; 0,6611947594210505
9,698588410677075; 0,46952800871804357; 0,19026695843786; 0,7232106006704271; 0,18974414095282555; 0,869761279784143; 0,2701602801680565; 0,8719073734246194; 0,4672543597407639; 0,9249319545924664; 0,8794966898858547
9,367628334928021; 0,5818619951605797; 0,05145017942413688; 0,6365405032411218; 0,4669473827816546; 0,26973988907411695; 0,08892630832269788; 0,09270982770249248; 0,18706668494269252; 0,02986604254692793; 0,06081764865666628
10,422097787104596; 0,7744907317683101; 0,9541744142770767; 0,8462539259344339; 0,35256160562857985; 0,7064266400411725; 0,40424765832722187; 0,6207247427664697; 0,8091826564632356; 0,7208802266977727; 0,22369793616235256
13,128859425486477; 0,5958756073378026; 0,3851271737366915; 0,52396055823192; 0,6146499919705093; 0,3691134895198047; 0,506728844717145; 0,07893598033115268; 0,2680835770443082; 0,9207360721193254; 0,6780032780952752
9,015587717009044; 0,06723439181223512; 0,3666118588298559; 0,11697083665058017; 0,23722137417644262; 0,6211033659055829; 0,06408670032396913; 0,5132210636511445; 0,41946063144132495; 0,9411909370683134; 0,8724797661416233
11,803115317972058; 0,308797680772841; 0,16462970850989223; 0,33090341789647937; 0,36448531271889806; 0,4709067572839558; 0,47965139150619507; 0,6178055182099342; 0,7071974161081016; 0,6497623482719064; 0,5617234036326408
8,914346775514545; 0,32901991717517376; 0,717957251239568; 0,6525899572297931; 0,25361959356814623; 0,7554829097352922; 0,08648318843916059; 0,18750798888504505; 0,09547890210524201; 0,8845590464770794; 0,918953153770417
10,882764244081264; 0,8721356485038996; 0,30405318457633257; 0,23981389589607716; 0,8275123443454504; 0,18432509945705533; 0,8140964428894222; 0,8110120543278754; 0,6403561737388372; 0,9487602915614843; 0,4019024195149541
9,720532883608271; 0,3540390837006271; 0,5412905220873654; 0,4616147419437766; 0,035835384856909513; 0,25279890233650804; 0,35204909974709153; 0,30944008892402053; 0,1385658006183803; 0,8451526626013219; 0,48827014584094286
14,589261380560359; 0,53328155586496; 0,3846124056726694; 0,39573813881725073; 0,8871328691020608; 0,26222750870510936; 0,5593578941188753; 0,5727760242298245; 0,6586670591495931; 0,8800473352894187; 0,9991285516880453
15,168012189373371; 0,4039034079760313; 0,23681351635605097; 0,543516815174371; 0,2585746762342751; 0,08479298511520028; 0,8421316682361066; 0,2596804453060031; 0,5590749946422875; 0,23792761657387018; 0,26760904444381595
13,488726607851842; 0,8329797852784395; 0,6527935573831201; 0,8597382046282291; 0,534982165787369; 0,678232186473906; 0,8755680057220161; 0,5087291798554361; 0,6850286750122905; 0,02601431217044592; 0,8067683982662857
14,565147907719448; 0,6769449436105788; 0,9496623435989022; 0,6993469381704926; 0,24977363739162683; 0,9430912812240422; 0,917891351506114; 0,10241197142750025; 0,6763020632788539; 0,18651325721293688; 0,07061651861295104
10,98095977774889; 0,7104041934944689; 0,03243205975741148; 0,8615525597706437; 0,31818421138450503; 0,049086233135312796; 0,4297340209595859; 0,7795344176702201; 0,19982158858329058; 0,7204303508624434; 0,8104336303658783
14,264246240236503; 0,4600568604655564; 0,4839066411368549; 0,6981666162610054; 0,7242549881339073; 0,9946825965307653; 0,5596116525121033; 0,8943244419060647; 0,10288735805079341; 0,9734173617325723; 0,3877729042433202
9,44640677993628; 0,07938547292724252; 0,719541042111814; 0,8066183617338538; 0,5190199203789234; 0,022791726980358362; 0,1385985785163939; 0,09930903883650899; 0,43041585059836507; 0,7783100418746471; 0,23896411014720798
9,321491800632941; 0,27616710402071476; 0,3333007334731519; 0,4132734346203506; 0,2020337488502264; 0,8896859372034669; 0,18674535863101482; 0,1455701789818704; 0,8313417201861739; 0,14565726881846786; 0,49812434148043394
9,019714118548931; 0,47836951445788145; 0,22501768544316292; 0,32378652272745967; 0,018261785618960857; 0,8025962617248297; 0,13307198230177164; 0,4252696977928281; 0,056626934092491865; 0,4566312679089606; 0,8724058088846505
14,73755675040216; 0,2532966183498502; 0,7168561914004385; 0,9237023685127497; 0,6160757225006819; 0,11155918007716537; 0,7060116822831333; 0,9005429898388684; 0,7617425341159105; 0,6554059707559645; 0,9779593837447464
9,207781593968503; 0,3226501471363008; 0,6140069742687047; 0,4940466550178826; 0,349043277092278; 0,7607640572823584; 0,1345631810836494; 0,5703141065314412; 0,11290022870525718; 0,834360885899514; 0,38479538075625896
12,284960104985249; 0,9444075911305845; 0,8329353737644851; 0,7688822806812823; 0,6586978160776198; 0,4848886267282069; 0,44556666165590286; 0,11099599674344063; 0,7118835402652621; 0,7739997152239084; 0,18948704842478037
13,191976829176655; 0,4862528066150844; 0,14795319037511945; 0,7691532331518829; 0,8927814546041191; 0,2570852264761925; 0,4023872413672507; 0,604853923432529; 0,0793239981867373; 0,8395788902416825; 0,6535773635841906
12,153506630177159; 0,5001111198216677; 0,8778064139187336; 0,26503933360800147; 0,38836925057694316; 0,8459994723089039; 0,527920859400183; 0,037145861890167; 0,04190096305683255; 0,2820674953982234; 0,8795728390105069
15,021223572720805; 0,9827006356790662; 0,13230658695101738; 0,7679062308743596; 0,47458363184705377; 0,0649880776181817; 0,7789808791130781; 0,6819440126419067; 0,14414461143314838; 0,176595329772681; 0,6936158337630332
14,924938189041557; 0,504436104092747; 0,5688446159474552; 0,08939442643895745; 0,12965324195101857; 0,7082128687761724; 0,8548985822126269; 0,8489748649299145; 0,4937080470845103; 0,6267417832277715; 0,6863744049333036
10,542785485068427; 0,7690395736135542; 0,6520299226976931; 0,5882899961434305; 0,538810620084405; 0,6960773188620806; 0,3059393563307822; 0,034872511867433786; 0,9804901257157326; 0,8512864164076746; 0,028147628996521235
10,676247088360329; 0,3926893249154091; 0,5791487670503557; 0,138075839728117; 0,5028215046040714; 0,8678662180900574; 0,321719859726727; 0,7163329492323101; 0,9447217928245664; 0,30299143958836794; 0,9946886543184519
9,20997692137911; 0,27241660887375474; 0,4924819767475128; 0,7052963930182159; 0,3344575008377433; 0,9699285058304667; 0,11667017824947834; 0,8592819944024086; 0,46396920131519437; 0,9061651253141463; 0,04319837037473917
11,616006679234884; 0,12449921714141965; 0,363863498903811; 0,41174847120419145; 0,10338142095133662; 0,9852984165772796; 0,5632754168473184; 0,7332960558123887; 0,09690744010731578; 0,0030624973587691784; 0,025242626667022705
10,02703946987355; 0,4684503241442144; 0,09822518564760685; 0,36343240132555366; 0,9126529120840132; 0,9871940659359097; 0,8082214971072972; 0,8662625732831657; 0,15792543860152364; 0,07396222883835435; 0,8796335603110492
14,97848698792393; 0,14929898222908378; 0,3768621045164764; 0,04486333066597581; 0,5883510559797287; 0,45278793945908546; 0,7632543430663645; 0,16303927544504404; 0,3052235241048038; 0,45213134633377194; 0,5787934502586722
11,829876913281222; 0,3586459634825587; 0,05328223668038845; 0,5374090443365276; 0,25793088926002383; 0,6007636138238013; 0,5401315344497561; 0,6205732170492411; 0,8895257259719074; 0,15478428220376372; 0,6097512035630643
10,952593859871255; 0,9243772285990417; 0,6948544234037399; 0,4108367511071265; 0,19262742949649692; 0,7651947266422212; 0,4899020455777645; 0,4396393890492618; 0,7551652728579938; 0,10945591470226645; 0,18946074275299907
13,588029612980634; 0,12784903589636087; 0,45572314551100135; 0,2654647696763277; 0,4442142522893846; 0,520518493372947; 0,6401568222790956; 0,2890997980721295; 0,9813292776234448; 0,48195840138942003; 0,8267205357551575
9,715971213615939; 0,5447694561444223; 0,7006275984458625; 0,7706605680286884; 0,03341320436447859; 0,20248555950820446; 0,3886688444763422; 0,9676246093586087; 0,5682552331127226; 0,07256321841850877; 0,558961465023458
9,394616518378099; 0,7815070943906903; 0,5677416250109673; 0,12226610258221626; 0,3157196035608649; 0,1221670382656157; 0,19585789740085602; 0,29565659165382385; 0,5482519315555692; 0,6270748567767441; 0,5604477962478995
9,322830197959986; 0,2703735204413533; 0,1009534508921206; 0,523712744936347; 0,7661922439001501; 0,22450292948633432; 0,8821803377941251; 0,9633194948546588; 0,10233272379264235; 0,9200911191292107; 0,7445143545046449
11,296781472027607; 0,6632656534202397; 0,13137602200731635; 0,5708375065587461; 0,9344223197549582; 0,09844142431393266; 0,2163507416844368; 0,7168120560236275; 0,9199693105183542; 0,4125171024352312; 0,2880867328494787
14,619170810302423; 0,9688300928100944; 0,045590803027153015; 0,7159644225612283; 0,9986877869814634; 0,18168784258887172; 0,4796747509390116; 0,5271062338724732; 0,16381934331730008; 0,11920547345653176; 0,2338537247851491
10,010283298036997; 0,2473330134525895; 0,5919840363785625; 0,6632215324789286; 0,490050305146724; 0,7936895522288978; 0,24790264712646604; 0,8175043403171003; 0,2017916669137776; 0,5072795348241925; 0,04398409649729729
14,63158242465111; 0,8959444742649794; 0,5759346927516162; 0,9778840071521699; 0,8920684917829931; 0,8942305985838175; 0,9576572361402214; 0,7340181446634233; 0,665658169426024; 0,17720408970490098; 0,5663370992988348
10,159872223056304; 0,4337676828727126; 0,5003971257247031; 0,27139082830399275; 0,05650355201214552; 0,2323088701814413; 0,41808930272236466; 0,875028183683753; 0,33940064534544945; 0,65876957308501; 0,9873456517234445
9,102534794640293; 0,07390303071588278; 0,32384239230304956; 0,821189793292433; 0,22815436264500022; 0,44804817251861095; 0,1077019046060741; 0,012797998264431953; 0,48361264262348413; 0,5774285076186061; 0,10195159958675504
14,822066321801106; 0,17870768578723073; 0,15314323641359806; 0,15309901349246502; 0,9413901744410396; 0,13612946681678295; 0,6494196164421737; 0,043521784245967865; 0,04809390613809228; 0,8963119708932936; 0,2557532279752195
10,652989381593725; 0,41999497031793; 0,10044239740818739; 0,34812352480366826; 0,8153009219095111; 0,6100498191080987; 0,18960506655275822; 0,6163043165579438; 0,9389672498218715; 0,05269618611782789; 0,4458434279076755
15,157231184769651; 0,8739762678742409; 0,18138371780514717; 0,781472462695092; 0,6721791648305953; 0,581341490149498; 0,7642279346473515; 0,494934200309217; 0,30048910481855273; 0,3100998420268297; 0,6862784414552152
13,04483473275867; 0,44059361843392253; 0,35486619966104627; 0,004892305471003056; 0,8152234577573836; 0,9558058148249984; 0,42185899429023266; 0,4306924333795905; 0,17701006354764104; 0,6482366593554616; 0,22283294796943665
14,820621929859268; 0,347491645719856; 0,9386609462089837; 0,7587621491402388; 0,6560706594027579; 0,3369643511250615; 0,7742311679758132; 0,9603592623025179; 0,9524120218120515; 0,7441948098130524; 0,8468914688564837
9,562601441673225; 0,987864289432764; 0,5175403235480189; 0,14923687558621168; 0,56748316437006; 0,28172571677714586; 0,12946427566930652; 0,6467225225642323; 0,0036892867647111416; 0,692233819514513; 0,7051999592222273
14,170700946419318; 0,4259418146684766; 0,883944627828896; 0,8891356773674488; 0,40800014231354; 0,31811132887378335; 0,8871135828085244; 0,9521111184731126; 0,061138601042330265; 0,13315131608396769; 0,05911972466856241
13,552200916698883; 0,06614725477993488; 0,15741692250594497; 0,7281950595788658; 0,6546528185717762; 0,8052821611054242; 0,5192361753433943; 0,408288040664047; 0,45535592222586274; 0,548997048754245; 0,42892155470326543
10,127955276156593; 0,16225243639200926; 0,8021730673499405; 0,09992354549467564; 0,10239083040505648; 0,47212043358013034; 0,4263538159430027; 0,819267185870558; 0,4743320494890213; 0,9032765030860901; 0,6539487205445766
10,029376718008882; 0,6764600109308958; 0,7296816441230476; 0,7108045793138444; 0,355589812155813; 0,5828961404040456; 0,30263127526268363; 0,2648672400973737; 0,15560143208131194; 0,4640845856629312; 0,9482663138769567
11,016299981413892; 0,7638199995271862; 0,3091793335042894; 0,2854911261238158; 0,7130770706571639; 0,22319665551185608; 0,27140188263729215; 0,6371415415778756; 0,4589923182502389; 0,33919847710058093; 0,7773217144422233
12,1148583288086; 0,7195063978433609; 0,7848307280801237; 0,20099740521982312; 0,007002129219472408; 0,2084630629979074; 0,6621087938547134; 0,2465162305161357; 0,412694504018873; 0,6974908895790577; 0,8909596628509462
11,850347767109342; 0,025096530094742775; 0,36070544132962823; 0,5938690607436001; 0,8249016054905951; 0,6950168679468334; 0,3353047873824835; 0,9457256933674216; 0,2793229529634118; 0,5731354490853846; 0,4483783235773444
9,264551373619737; 0,3451029909774661; 0,07127526169642806; 0,2845075041987002; 0,4901112443767488; 0,8785577560774982; 0,046865581534802914; 0,906614359933883; 0,17119631730020046; 0,5150600085034966; 0,45255613373592496
12,675282021057816; 0,14694160083308816; 0,5735669480636716; 0,7795954388566315; 0,37571878964081407; 0,6672227126546204; 0,5718760318122804; 0,7818374577909708; 0,8195186210796237; 0,011878657154738903; 0,6384338652715087
10,306417875094569; 0,34501197282224894; 0,8391119898296893; 0,5248560360632837; 0,6493229581974447; 0,41415921971201897; 0,2415776364505291; 0,36470871279016137; 0,1686662882566452; 0,4522527907975018; 0,5610776548273861
9,376763435551945; 0,24280735477805138; 0,4764035795815289; 0,23730736784636974; 0,6472640470601618; 0,871501945424825; 0,04522739490494132; 0,21115777641534805; 0,04013008298352361; 0,013019556179642677; 0,6612043641507626
9,823883469371843; 0,9275299063883722; 0,7838457999750972; 0,3854190590791404; 0,9370294720865786; 0,5904314275830984; 0,0582079472951591; 0,2341008777730167; 0,8658348098397255; 0,49704335955902934; 0,26699159294366837
12,83487212327027; 0,05755556654185057; 0,9070856575854123; 0,39978519082069397; 0,9373296136036515; 0,24681592732667923; 0,38048845948651433; 0,7658541155979037; 0,54726707842201; 0,7883659624494612; 0,5835216646082699
11,346238149489988; 0,1632983759045601; 0,4105538548901677; 0,20024177944287658; 0,6711822301149368; 0,9227436161600053; 0,33566572749987245; 0,4994296417571604; 0,25776963494718075; 0,42006273847073317; 0,3076188093982637
8,990708464223424; 0,8916998715139925; 0,30306666949763894; 0,4331783871166408; 0,12773657543584704; 0,963502046186477; 0,08559774095192552; 0,36522389156743884; 0,9051284804008901; 0,31309858011081815; 0,036267080809921026
14,826179265718075; 0,6838466040790081; 0,9920292729511857; 0,5798248914070427; 0,8556769276037812; 0,9439571439288557; 0,6251438385806978; 0,3074165997095406; 0,9694270649924874; 0,1880605653859675; 0,8581413822248578
14,683673595152834; 0,011965861544013023; 0,5990710556507111; 0,5489524891600013; 0,18260224116966128; 0,6782731860876083; 0,813590663485229; 0,11012637568637729; 0,7907923278398812; 0,4847997692413628; 0,5874857096932828
10,413160481107264; 0,008521517738699913; 0,26541175739839673; 0,8787975404411554; 0,3616530201397836; 0,1774961152113974; 0,9975996278226376; 0,8466314123943448; 0,1817906009964645; 0,5049232481978834; 0,4190887841396034
14,36199447111296; 0,3339090356603265; 0,2039121463894844; 0,6282705864869058; 0,5020602541044354; 0,05056753382086754; 0,6439807023853064; 0,7173683908767998; 0,05737748509272933; 0,5476259994320571; 0,9679515571333468
13,792121787599594; 0,4192113997414708; 0,8993876469321549; 0,8895199289545417; 0,2840019864961505; 0,6621772865764797; 0,7364603523164988; 0,886715320404619; 0,03302775276824832; 0,511232222430408; 0,4795263228006661
8,958144709816374; 0,40262853587046266; 0,7921093567274511; 0,28635993925854564; 0,13675503246486187; 0,8190594189800322; 0,1560658598318696; 0,09996237000450492; 0,15869941841810942; 0,5887103085406125; 0,18572632921859622
11,25162640579245; 0,5612535537220538; 0,6369812721386552; 0,5952147049829364; 0,9128457405604422; 0,08355626603588462; 0,24993070075288415; 0,3444593893364072; 0,1988051924854517; 0,21877751918509603; 0,862125295214355
11,334061310875144; 0,9662663084454834; 0,888691452331841; 0,8353770920075476; 0,6635803733952343; 0,7166643901728094; 0,372504067607224; 0,3189644291996956; 0,9798431470990181; 0,9615423297509551; 0,2956279143691063
12,181360924075213; 0,14984640898182988; 0,3975910823792219; 0,684552542399615; 0,587921149097383; 0,32309196004644036; 0,4468475547619164; 0,16670240554958582; 0,6744598103687167; 0,30761796701699495; 0,09468878572806716
14,758296969528027; 0,3584017953835428; 0,7407484515570104; 0,9464036696590483; 0,02636185334995389; 0,36290243500843644; 0,9235916323959827; 0,1364611848257482; 0,8461785125546157; 0,7362348609603941; 0,8335498915985227
8,997663061434586; 0,5551841147243977; 0,6821813536807895; 0,8621145933866501; 0,08273130003362894; 0,6205076933838427; 0,17066142754629254; 0,4143866072408855; 0,06747215799987316; 0,25956499855965376; 0,9173541381023824
14,924180993589687; 0,16378125874325633; 0,0908220000565052; 0,7586387428455055; 0,583780603017658; 0,8177218153141439; 0,7808105573058128; 0,7093274453654885; 0,7062759781256318; 0,8330762227997184; 0,04251159867271781
13,540593069942792; 0,05340722296386957; 0,8033343674615026; 0,22962055495008826; 0,13041523145511746; 0,29845524253323674; 0,7330091800540686; 0,7591947806067765; 0,9537675934843719; 0,5185206811875105; 0,04872155422344804
14,83547591212754; 0,1074800081551075; 0,7496708412654698; 0,8323808391578496; 0,06854241294786334; 0,07994526252150536; 0,973094142973423; 0,6059748735278845; 0,8323123408481479; 0,47895404417067766; 0,40248961467295885
8,80292608370811; 0,9604522823356092; 0,6989027997478843; 0,1765595111064613; 0,02893612952902913; 0,9527437225915492; 0,1044486053287983; 0,6804722528904676; 0,920946495141834; 0,1287569305859506; 0,8227261146530509
11,068686766119662; 0,9061245159246027; 0,08185178507119417; 0,5201088101603091; 0,6521887215785682; 0,9938692739233375; 0,2960153352469206; 0,8770639044232666; 0,9092209436930716; 0,4007670637220144; 0,06397057184949517
13,054946458371127; 0,7896883091889322; 0,21764742489904165; 0,5852082278579473; 0,525939391925931; 0,015905795618891716; 0,5576383457519114; 0,6040640505962074; 0,008533545769751072; 0,5844403649680316; 0,06565408501774073
13,726814083727202; 0,5795934391207993; 0,9228273392654955; 0,5929094664752483; 0,9522269126027822; 0,4055492947809398; 0,47558520874008536; 0,660004595760256; 0,4484443534165621; 0,5167317041195929; 0,015372627880424261
9,782768495711032; 0,10736855445429683; 0,005202216561883688; 0,7574354484677315; 0,7260641898028553; 0,27477682242169976; 0,8781843911856413; 0,10396297462284565; 0,3505358104594052; 0,6294544469565153; 0,7661124067381024
10,457150301724946; 0,2108278009109199; 0,5361391650512815; 0,21759204007685184; 0,051191231701523066; 0,9977686870843172; 0,4607394621707499; 0,887527834624052; 0,22276091622188687; 0,6635144012980163; 0,27308922866359353
9,008842113403654; 0,05723040923476219; 0,005120153073221445; 0,28701155073940754; 0,26946722716093063; 0,49343029595911503; 0,01191141176968813; 0,5245147445239127; 0,11439423589035869; 0,9120029201731086; 0,5549501492641866
14,142227168206793; 0,23895845701918006; 0,4051518617197871; 0,27660510735586286; 0,2555711851455271; 0,12137246876955032; 0,7199701010249555; 0,5118288868106902; 0,6665707593783736; 0,14883444737643003; 0,875930923037231
13,045896044840351; 0,3525200425647199; 0,8207990368828177; 0,14817405864596367; 0,17495665745809674; 0,5053115589544177; 0,6776581835001707; 0,9849247396923602; 0,6177307274192572; 0,9993785787373781; 0,5423096888698637
10,745294817338136; 0,34015204664319754; 0,8339163209311664; 0,5697548310272396; 0,7356794886291027; 0,2893834528513253; 0,25864134449511766; 0,036037425976246595; 0,11949132476001978; 0,9849271913990378; 0,048574804328382015
12,959308894589494; 0,7868565954267979; 0,37717849807813764; 0,7381380121223629; 0,792012108489871; 0,4702844391576946; 0,4368564123287797; 0,4015752775594592; 0,6552382265217602; 0,984279771335423; 0,22849140968173742
9,56613704685921; 0,18996388372033834; 0,48383771860972047; 0,3086290149949491; 0,531141069252044; 0,7369725722819567; 0,13141071377322078; 0,490328133571893; 0,24164375942200422; 0,8182895337231457; 0,8156841290183365
12,87633625927673; 0,6140469308011234; 0,26118587888777256; 0,284398945979774; 0,1139830038882792; 0,06830400135368109; 0,7288273219019175; 0,5061720926314592; 0,9497169209644198; 0,001353191677480936; 0,1005609342828393
8,6773327095322; 0,23040968272835016; 0,7969653871841729; 0,03488384326919913; 0,8881703694351017; 0,22437925916165113; 0,8553155912086368; 0,6378818079829216; 0,7191210146993399; 0,029491803608834743; 0,4521345100365579
10,009476512101871; 0,6951682548969984; 0,7893172386102378; 0,6711302376352251; 0,1261223847977817; 0,1480317572131753; 0,4148590243421495; 0,7214197083376348; 0,8319190335460007; 0,8567707687616348; 0,06715797586366534
8,951680438852224; 0,8745515029877424; 0,809101574588567; 0,7486570519395173; 0,144826325122267; 0,9331235908903182; 0,16495349304750562; 0,6678068251349032; 0,08566233702003956; 0,9508640985004604; 0,04119343403726816
14,592177809214174; 0,04452482517808676; 0,4425982120446861; 0,8639372950419784; 0,5422354103066027; 0,684973374940455; 0,6835280684754252; 0,14330144599080086; 0,8127599055878818; 0,6734228399582207; 0,8691098764538765
10,853159999967154; 0,5028012599796057; 0,8505411017686129; 0,37054553162306547; 0,43141898000612855; 0,32153491117060184; 0,3852955335751176; 0,8606497752480209; 0,22283958783373237; 0,9157093283720315; 0,6110417544841766
12,493251886140078; 0,8599830772727728; 0,5212079603224993; 0,19083484495058656; 0,7680359953083098; 0,1546293254941702; 0,7969678789377213; 0,1575205004774034; 0,11706017842516303; 0,5806801784783602; 0,4138147854246199
9,996260206819905; 0,8518878635950387; 0,48237743973731995; 0,8352515739388764; 0,75798494881019; 0,6991438283585012; 0,13137619523331523; 0,42333921510726213; 0,9556488515809178; 0,6232317388057709; 0,695142213255167
14,198770424535665; 0,13506126729771495; 0,9875526237301528; 0,009025434032082558; 0,07843629410490394; 0,6767391697503626; 0,8180933287367225; 0,6590131381526589; 0,11772865848615766; 0,27147321635857224; 0,8797598723322153
14,479715696743106; 0,8756830538623035; 0,8972627515904605; 0,3528663865290582; 0,022328675724565983; 0,5117239500395954; 0,9954996895976365; 0,058121017180383205; 0,6884965561330318; 0,19325684756040573; 0,027779764495790005
9,56824157669885; 0,007288978900760412; 0,7318919454701245; 0,25732919899746776; 0,6348808323964477; 0,3054258697666228; 0,12143564829602838; 0,3600018220022321; 0,7630416378378868; 0,05746030481532216; 0,637929470743984
11,546822521737775; 0,7180225285701454; 0,7554179518483579; 0,3898014943115413; 0,7328019309788942; 0,5620987466536462; 0,3390878397040069; 0,39467597706243396; 0,09642042918130755; 0,7315731253474951; 0,617371788714081
12,19854738326198; 0,6906035859137774; 0,8128392836079001; 0,15876464685425162; 0,8389983647502959; 0,24127583159133792; 0,3606327115558088; 0,32663496350869536; 0,7539475648663938; 0,8705594558268785; 0,06699647940695286
10,518084256379002; 0,6946288314647973; 0,3932500728406012; 0,36196358734741807; 0,4720471706241369; 0,3151382841169834; 0,3293354040943086; 0,26899999380111694; 0,9847354940138757; 0,7918155719526112; 0,8917885050177574
10,197035817463206; 0,2823003991506994; 0,03153948672115803; 0,37756862211972475; 0,899924598634243; 0,5390222994610667; 0,08871655212715268; 0,20530406897887588; 0,850242089945823; 0,7338142818771303; 0,11640877975150943
11,580022955008346; 0,3728857818059623; 0,8006523521617055; 0,6729828519746661; 0,8370359605178237; 0,1378799439407885; 0,326668540481478; 0,7337304074317217; 0,322559651453048; 0,063723084051162; 0,2803075644187629
11,518998348721777; 0,32443883968517184; 0,6033042799681425; 0,04511911841109395; 0,3671344816684723; 0,48708324786275625; 0,4647516356781125; 0,10327720735222101; 0,6328304586932063; 0,33450044970959425; 0,9270917908288538
12,670014134524612; 0,4599122302606702; 0,8729976643808186; 0,5159356859512627; 0,7738373260945082; 0,33306214213371277; 0,4265916710719466; 0,2964483806863427; 0,3611806598491967; 0,08204355509951711; 0,8128167209215462
10,482123557538975; 0,7336331079714; 0,33581985905766487; 0,2796677206642926; 0,19126974465325475; 0,9450758253224194; 0,40156578412279487; 0,8896277323365211; 0,4206502791494131; 0,0967983459122479; 0,08634972898289561
9,919993722635487; 0,0061966050416231155; 0,08903778297826648; 0,1918361079879105; 0,9957486712373793; 0,3085992797277868; 0,007630401756614447; 0,817976575344801; 0,3913304889574647; 0,15829050773754716; 0,5325897252187133
11,896894240593793; 0,4359530839137733; 0,48145113978534937; 0,496350365690887; 0,285520754288882; 0,9523663287982345; 0,5467580780386925; 0,4515903522260487; 0,5170953786000609; 0,019822681788355112; 0,3010409469716251
14,18853163918992; 0,8916882132180035; 0,3877799012698233; 0,9921907410025597; 0,23028252506628633; 0,9494835459627211; 0,739296143874526; 0,26193534722551703; 0,8984992927871644; 0,6239166236482561; 0,2160008759237826
9,774681836483536; 0,023320396430790424; 0,7592706009745598; 0,6025503915734589; 0,952276767231524; 0,20870631048455834; 0,04094541631639004; 0,5794196971692145; 0,14605728816241026; 0,49762605410069227; 0,6835714350454509
10,305671210012921; 0,6106497426517308; 0,5982596217654645; 0,7666268358007073; 0,6236779340542853; 0,6237767129205167; 0,2323311003856361; 0,9519445849582553; 0,1526759252883494; 0,7812203378416598; 0,17198907351121306
14,157564321273036; 0,2960826437920332; 0,7635363298468292; 0,960149229504168; 0,8830934544093907; 0,7828192883171141; 0,697345064021647; 0,14218150964006782; 0,3292257599532604; 0,6682456717826426; 0,19400067813694477
11,972257903998921; 0,14391289139166474; 0,18981237011030316; 0,04126580012962222; 0,41945763723924756; 0,9566124407574534; 0,4752029571682215; 0,9437068230472505; 0,586113148368895; 0,2747166911140084; 0,037334948778152466
9,988417541873197; 0,3103945222683251; 0,5180752486921847; 0,36525776935741305; 0,1336155845783651; 0,8657607808709145; 0,359863402787596; 0,04961702413856983; 0,5431553740054369; 0,2719294256530702; 0,09743311163038015
9,897882055381809; 0,5363730918616056; 0,38453682558611035; 0,808921754360199; 0,3650677944533527; 0,6610102555714548; 0,2642770712263882; 0,15304681845009327; 0,8204201883636415; 0,7679592608474195; 0,7267694952897727
13,410252822879206; 0,9293254809454083; 0,025157444179058075; 0,016482741106301546; 0,8257673480547965; 0,4846246214583516; 0,9935939386487007; 0,23080022959038615; 0,7592963674105704; 0,23559685982763767; 0,13455235539004207
9,489426252991237; 0,7079348056577146; 0,4976934650912881; 0,7621975583024323; 0,44507514918223023; 0,10984581429511309; 0,14834506902843714; 0,11264151893556118; 0,9310826230794191; 0,01746940892189741; 0,9370328239165246
11,64531263745591; 0,25787175446748734; 0,4614227428101003; 0,7095372248440981; 0,3152016531676054; 0,050763423554599285; 0,5156459528952837; 0,06999648967757821; 0,7888702712953091; 0,19654384767636657; 0,7349142008461058
11,495557627405852; 0,968053902965039; 0,6455744211561978; 0,07116030110046268; 0,70703284163028; 0,8193037756718695; 0,3381688338704407; 0,9744589626789093; 0,3011219874024391; 0,45200108643621206; 0,7080018860287964
9,420567864733487; 0,9849546290934086; 0,009416870772838593; 0,7641694410704076; 0,5437367064878345; 0,34425119450315833; 0,07088621845468879; 0,8305100384168327; 0,8011295655742288; 0,5768722984939814; 0,6737910849042237
14,43058269004861; 0,6079916609451175; 0,8802203643135726; 0,11423018807545304; 0,36169199552387; 0,9266487630084157; 0,7373985988087952; 0,3186156079173088; 0,6958109340630472; 0,6010750001296401; 0,08434218261390924
14,921667521137431; 0,7598798638209701; 0,4580390751361847; 0,9231476690620184; 0,26150739286094904; 0,732068142388016; 0,8678577379323542; 0,6609075665473938; 0,48097110632807016; 0,528306967113167; 0,0310098216868937
10,167196635551464; 0,14858285896480083; 0,3523568846285343; 0,14632864203304052; 0,6252993629314005; 0,790127785410732; 0,19517796114087105; 0,7277860622853041; 0,5294889523647726; 0,3853992857038975; 0,9204199449159205
9,627000816526145; 0,8152519073337317; 0,19702133117243648; 0,11646158713847399; 0,9521443694829941; 0,5066434419713914; 0,8026482840068638; 0,3217348428443074; 0,3601497868075967; 0,2755222260020673; 0,34448789758607745
12,178147040726186; 0,8842952684499323; 0,1589347617700696; 0,17129609175026417; 0,9411363317631185; 0,10549222584813833; 0,2985802427865565; 0,7156067751348019; 0,20756306825205684; 0,13859334541484714; 0,06711824098601937
9,979713875050532; 0,21167110977694392; 0,08548444043844938; 0,8818177590146661; 0,5185230635106564; 0,20172413671389222; 0,20786552783101797; 0,13634512200951576; 0,2826269157230854; 0,35313962772488594; 0,858267548494041
13,450515841733107; 0,7668847981840372; 0,3612017068080604; 0,23704329365864396; 0,36366284592077136; 0,04841301450505853; 0,9230157653801143; 0,6537196231074631; 0,20225169230252504; 0,09699640702456236; 0,6374919624067843
10,069075253843083; 0,8330709831789136; 0,818933087401092; 0,4365689428523183; 0,35017172480002046; 0,6720281112939119; 0,3148295870050788; 0,1600630134344101; 0,3397082085721195; 0,669055201113224; 0,24251809669658542
10,829961556718644; 0,8440805445425212; 0,21440741745755076; 0,6432443112134933; 0,21677401289343834; 0,26297988556325436; 0,4321350255049765; 0,5925930789671838; 0,3282814957201481; 0,5106857526116073; 0,9307402903214097
11,69350014067729; 0,8504425073042512; 0,8738750074990094; 0,7422441332601011; 0,4627979313954711; 0,10325813619419932; 0,4632996814325452; 0,8302605538628995; 0,4225748716853559; 0,05911154951900244; 0,6852634181268513
9,114748611163515; 0,14759182464331388; 0,14856865210458636; 0,1535765929147601; 0,8851717319339514; 0,5104392217472196; 0,8750719702802598; 0,252566184848547; 0,464569590985775; 0,5841221315786242; 0,32012450229376554
9,172134639340687; 0,3171678218059242; 0,33829154074192047; 0,5467488672584295; 0,27990505238994956; 0,5937511855736375; 0,11396687524393201; 0,16875647846609354; 0,32106273947283626; 0,7898967559449375; 0,6878538215532899
14,006344624594561; 0,028998701833188534; 0,8625703537836671; 0,6405541663989425; 0,6695085666142404; 0,8116406393237412; 0,5977844460867345; 0,8763242810964584; 0,42945136222988367; 0,623886143323034; 0,26689886674284935
11,675902099463999; 0,07466903002932668; 0,9813063708133996; 0,865766089875251; 0,015406849794089794; 0,984383110422641; 0,6889315890148282; 0,48025202099233866; 0,9538308014161885; 0,05307054053992033; 0,3203979264944792
14,269983592845493; 0,6538061178289354; 0,1288541960529983; 0,6129205361939967; 0,8842007382772863; 0,7302139168605208; 0,49760368652641773; 0,6316737425513566; 0,5822170320898294; 0,3292098920792341; 0,2379342196509242
9,496455505658298; 0,21731443982571363; 0,7626768490299582; 0,6830849633552134; 0,8449624059721828; 0,8771380786783993; 0,8353008041158319; 0,5563475009985268; 0,17636335780844092; 0,6789908739738166; 0,7903412184678018
9,13763560369189; 0,13877412397414446; 0,24434794206172228; 0,0064191375859081745; 0,33511229511350393; 0,26078698085621; 0,06513678096234798; 0,208351980894804; 0,1869974611327052; 0,48126723105087876; 0,052745161578059196
9,835130846524018; 0,5474660671316087; 0,35804201988503337; 0,5113390358164907; 0,5460280561819673; 0,19806901505216956; 0,17237844550982118; 0,5882307379506528; 0,36870164005085826; 0,7830376592464745; 0,8849699031561613
14,850654454415197; 0,7751275422051549; 0,5022303303703666; 0,8817429491318762; 0,40876652440056205; 0,8493020543828607; 0,7880522231571376; 0,9026757599785924; 0,6586439786478877; 0,18189469864591956; 0,036506060510873795
13,72964622396461; 0,2542277229949832; 0,062072963919490576; 0,6441984944976866; 0,43274278566241264; 0,5263649197295308; 0,6578389755450189; 0,36323873326182365; 0,45220515970140696; 0,04607488587498665; 0,888158748857677
13,722984487805816; 0,33843596279621124; 0,22539321472868323; 0,4362354762852192; 0,4926102883182466; 0,20351112075150013; 0,5936927949078381; 0,5637432215735316; 0,20020848233252764; 0,8001669407822192; 0,7240625661797822
9,778087003654456; 0,6361176921054721; 0,5909798289649189; 0,902344711124897; 0,7434803489595652; 0,848471743054688; 0,10977203585207462; 0,982371783349663; 0,8823388456366956; 0,5709610129706562; 0,37435555970296264
9,388458316911441; 0,25408029928803444; 0,6509846788831055; 0,3761521000415087; 0,5676143397577107; 0,5434378203935921; 0,10298348870128393; 0,15287028206512332; 0,8082059035077691; 0,693045751657337; 0,26472428953275084
9,670595128515043; 0,4447106197476387; 0,5446240701712668; 0,3769503687508404; 0,01995402993634343; 0,687615520786494; 0,34909240109845996; 0,7780917710624635; 0,12247725715860724; 0,5752180777490139; 0,23147653974592686
11,198062821546358; 0,4533942644484341; 0,7494231453165412; 0,15204364294186234; 0,05410811025649309; 0,9535912852734327; 0,6060345373116434; 0,8677581688389182; 0,012103746179491282; 0,013429462444037199; 0,6885413755662739
9,18314212012467; 0,2681538946926594; 0,5573611268773675; 0,04973523365333676; 0,615568345412612; 0,9551954418420792; 0,012204754166305065; 0,8355344566516578; 0,9037171918898821; 0,18198463739827275; 0,827068698592484
12,257142856035554; 0,16440294170752168; 0,11107481317594647; 0,5283157913945615; 0,5105195981450379; 0,10647853836417198; 0,49015845637768507; 0,02977295219898224; 0,05632161162793636; 0,01673428900539875; 0,6314199813641608
14,103454337397023; 0,3686484796926379; 0,03461783565580845; 0,2822816241532564; 0,7989511652849615; 0,4357500160112977; 0,5079937451519072; 0,8428129311650991; 0,3526099934242666; 0,3683767975308001; 0,5102124009281397
10,174522013035979; 0,25452179927378893; 0,24663719534873962; 0,0579756717197597; 0,402829656843096; 0,39278519386425614; 0,27493170043453574; 0,9529008627869189; 0,4207462831400335; 0,3853143434971571; 0,16771131521090865
15,07201045852305; 0,32072589872404933; 0,5363258486613631; 0,9579705279320478; 0,6504941415041685; 0,17447266727685928; 0,7509483653120697; 0,8492602626793087; 0,282149211037904; 0,20704065822064877; 0,016491219401359558
9,78247197200332; 0,5828660405240953; 0,046403015963733196; 0,22751638758927584; 0,9761122963391244; 0,8452144619077444; 0,8563056918792427; 0,08537121815606952; 0,9927384844049811; 0,8459576722234488; 0,7071499032899737
12,33334748648946; 0,46101589500904083; 0,6606472446583211; 0,9593745665624738; 0,4965835167095065; 0,12646552408114076; 0,5332717290148139; 0,6941904150880873; 0,8054027054458857; 0,930504254065454; 0,2692464869469404
10,480566704906215; 0,27706112153828144; 0,9941746075637639; 0,7373542953282595; 0,5769595648162067; 0,7485604421235621; 0,31295435270294547; 0,9627998797222972; 0,973620776552707; 0,2907362855039537; 0,9569132947362959
14,749401840520001; 0,8272705348208547; 0,8213989567011595; 0,9590901448391378; 0,763184854760766; 0,31335869804024696; 0,7267039930447936; 0,47353355679661036; 0,7273529539816082; 0,15889266459271312; 0,8456206251867115
14,969197607639986; 0,41417297488078475; 0,30658641923218966; 0,05890194047242403; 0,015095774549990892; 0,3179025989957154; 0,9849720578640699; 0,3243587897159159; 0,7332393992692232; 0,980756918899715; 0,24986444925889373
10,483233702162874; 0,14281497476622462; 0,19804913643747568; 0,37440266367048025; 0,8487285291776061; 0,502869229298085; 0,16183822695165873; 0,6952676582150161; 0,3534997049719095; 0,23021456226706505; 0,3869449985213578
14,153346477498417; 0,2298450698144734; 0,5923353666439652; 0,8426491743884981; 0,7585765309631824; 0,2554615894332528; 0,8011548756621778; 0,645008122548461; 0,9645599704235792; 0,599922280292958; 0,5874198502860963
12,472748184087537; 0,7857291926629841; 0,3296323474496603; 0,4131858223117888; 0,9612655527889729; 0,07700514327734709; 0,31980291241779923; 0,051207758486270905; 0,31905973982065916; 0,9624537262134254; 0,32343485997989774
9,948451973186954; 0,5023326594382524; 0,743085216730833; 0,3213729760609567; 0,3973701996728778; 0,13905298989266157; 0,29057646403089166; 0,20168145326897502; 0,5303341136313975; 0,3884160267189145; 0,18993354076519608
11,146440944734321; 0,03193499194458127; 0,5653190957382321; 0,5432430831715465; 0,2525268066674471; 0,1826826580800116; 0,47336693247780204; 0,4880354078486562; 0,06592321209609509; 0,11126474011689425; 0,06937867356464267
14,672452408966187; 0,0750347338616848; 0,0018398743122816086; 0,7618000567890704; 0,7681878637522459; 0,4878815496340394; 0,7256825608201325; 0,3185179056599736; 0,6659463662654161; 0,9716373411938548; 0,45057185273617506
9,325904836523039; 0,4406408853828907; 0,005724219139665365; 0,06285170000046492; 0,6546011599712074; 0,7264846549369395; 0,0003367750905454159; 0,6593788722530007; 0,5700456094928086; 0,9973955526947975; 0,31010116962715983
10,288153641361024; 0,5586155229248106; 0,41443937504664063; 0,24458499811589718; 0,4060756261460483; 0,8832364655099809; 0,29778443183749914; 0,603670640848577; 0,34445565566420555; 0,3957243845798075; 0,9537459663115442
9,788947685852484; 0,24677347531542182; 0,08930655103176832; 0,008023086003959179; 0,6992849912494421; 0,9069314831867814; 0,0990405990742147; 0,4543982772156596; 0,8925240803509951; 0,4124531247653067; 0,6476529291830957
15,127003886496635; 0,2963915280997753; 0,3015381507575512; 0,5635364004410803; 0,31992678716778755; 0,09683272521942854; 0,8474117661826313; 0,34174194606021047; 0,1961720259860158; 0,47861885093152523; 0,8637690981850028
12,623397204636175; 0,4136406541801989; 0,5959353535436094; 0,8295221878215671; 0,963430926669389; 0,7376849665306509; 0,3612021026201546; 0,3345295265316963; 0,721361945848912; 0,7633113190531731; 0,13311678590252995
11,12840849376983; 0,4185980432666838; 0,5431299125775695; 0,04327958868816495; 0,7117083114571869; 0,5814070967026055; 0,2948637814261019; 0,8875996749848127; 0,7540531810373068; 0,9226249312050641; 0,2751016612164676
10,779466955404684; 0,4126242510974407; 0,8952152421697974; 0,5013259160332382; 0,6813063705340028; 0,7944090305827558; 0,28678695904091; 0,49270995426923037; 0,5057316748425364; 0,7189714363776147; 0,6506007970310748
14,545508942200925; 0,7819008235819638; 0,9547884636558592; 0,22154616611078382; 0,9443752747029066; 0,42695668060332537; 0,9399127219803631; 0,4388317530974746; 0,5817761262878776; 0,5698978891596198; 0,5646442798897624
8,887273593448459; 0,35219369223341346; 0,7034475784748793; 0,015037399716675282; 0,9671810949221253; 0,8996215527877212; 0,9818466189317405; 0,20176093559712172; 0,05249563278630376; 0,5253834333270788; 0,6813139552250504
12,589894692020527; 0,6606011758558452; 0,14926838222891092; 0,363423659466207; 0,6528659048490226; 0,8993481351062655; 0,4493319755420089; 0,3933153422549367; 0,8277409607544541; 0,9083456825464964; 0,6312653268687427
14,306798064237139; 0,27855569310486317; 0,6403189264237881; 0,005817868281155825; 0,45812048576772213; 0,28265803027898073; 0,7101490120403469; 0,3726722043938935; 0,06440055463463068; 0,7294330727308989; 0,4228192907758057
8,676032111682595; 0,0378262335434556; 0,9896007464267313; 0,6511246580630541; 0,14102865708991885; 0,3520176117308438; 0,08518863143399358; 0,2011870127171278; 0,768751394469291; 0,4413089104928076; 0,07503334293141961
10,770640694670776; 0,15011896006762981; 0,5161218461580575; 0,22098344983533025; 0,5040862057358027; 0,8384393905289471; 0,3417748645879328; 0,9911824185401201; 0,13751075323671103; 0,9177122632972896; 0,2823386429809034
9,003836505862019; 0,27333846827968955; 0,9737950940616429; 0,4167511807754636; 0,09483276586979628; 0,5669332705438137; 0,23756925854831934; 0,8405581335537136; 0,9762224485166371; 0,4844043939374387; 0,7922489093616605
9,428236349666673; 0,41731924936175346; 0,8681579935364425; 0,6724274200387299; 0,8793980441987514; 0,12618094915524125; 0,013693199958652258; 0,5567687153816223; 0,436021423432976; 0,14332987880334258; 0,176128048915416
14,956502552185375; 0,8807884799316525; 0,4638650957494974; 0,8496507173404098; 0,2533932225778699; 0,4776953235268593; 0,9515813952311873; 0,24402923276647925; 0,5510795703157783; 0,6547722672112286; 0,5100733996368945
9,123495093694446; 0,4748283280059695; 0,4137467620894313; 0,21516352985054255; 0,08202937385067344; 0,12380589824169874; 0,1723507847636938; 0,7390652918256819; 0,3364772186614573; 0,7693296475335956; 0,06363406870514154
13,739349210603368; 0,21605501789599657; 0,47984678484499454; 0,16104152565822005; 0,416605809237808; 0,15100118657574058; 0,8919279589317739; 0,11214955477043986; 0,26223187940195203; 0,1482400414533913; 0,41713016433641315
8,783352499278438; 0,8452852619811893; 0,5861234781332314; 0,16887041134759784; 0,03329986985772848; 0,9568655854091048; 0,00999591127038002; 0,9452715795487165; 0,7967819524928927; 0,5916411154903471; 0,922797926235944
13,956254739061135; 0,9660896239802241; 0,9515963075682521; 0,7949423748068511; 0,7669067271053791; 0,7472268827259541; 0,5760932127013803; 0,3223545481450856; 0,03691167291253805; 0,8975002840161324; 0,6298813903704286
15,154197262981812; 0,8646414955146611; 0,30426016403362155; 0,7400074279867113; 0,884056163020432; 0,9617610219866037; 0,6424537221901119; 0,5671548075042665; 0,9923003623262048; 0,6549084531143308; 0,7383380881510675
11,340593496370966; 0,6459725047461689; 0,3815926508978009; 0,5248352442868054; 0,1531436494551599; 0,44380302960053086; 0,5654059355147183; 0,7946377014741302; 0,30758392671123147; 0,8403871143236756; 0,708783455658704
10,881895065029473; 0,0849158950150013; 0,703843898139894; 0,4927743077278137; 0,3666727622039616; 0,6288488069549203; 0,429553194437176; 0,12580516561865807; 0,556219756603241; 0,809499298222363; 0,103727410081774
11,129261890590922; 0,6137190642766654; 0,1896642162464559; 0,1461175070144236; 0,31480251532047987; 0,16199638321995735; 0,46104962285608053; 0,42525595473125577; 0,5410539992153645; 0,40169052965939045; 0,16928736632689834
13,590977461219545; 0,6663156365975738; 0,20533775445073843; 0,9767612791620195; 0,3851128132082522; 0,32996157463639975; 0,911302219145; 0,48394079599529505; 0,6861422625370324; 0,22529894998297095; 0,5333074489608407
15,090772419146985; 0,9310430125333369; 0,46997046982869506; 0,16106928698718548; 0,5925475163385272; 0,7438499862328172; 0,7256474164314568; 0,3075187439098954; 0,3148789587430656; 0,5339623936451972; 0,06969616375863552
14,105958311169775; 0,5725068696774542; 0,11660176049917936; 0,10738656995818019; 0,7182004456408322; 0,35845381300896406; 0,5397382015362382; 0,4916175790131092; 0,08022296521812677; 0,3242849316447973; 0,7324730874970555
8,935772438249051; 0,07720197411254048; 0,3042854703962803; 0,234904192853719; 0,6165948007255793; 0,5703866300173104; 0,9481365540996194; 0,8584252777509391; 0,5548864281736314; 0,2319418373517692; 0,005824674852192402
9,65537382504729; 0,8339228644035757; 0,20256217708811164; 0,05015299655497074; 0,877097665797919; 0,9188246205449104; 0,0034670261666178703; 0,7268495061434805; 0,07017887337133288; 0,22798979794606566; 0,1372013702057302
12,848703747930568; 0,0560370571911335; 0,652217494789511; 0,44208682887256145; 0,6831847750581801; 0,39059450989589095; 0,4760263063944876; 0,4226734903641045; 0,9170290296897292; 0,47137799905613065; 0,8986609093844891
13,785226674336478; 0,15759153803810477; 0,8173364908434451; 0,7826804118230939; 0,3589122467674315; 0,7987586059607565; 0,9835169818252325; 0,8683668919838965; 0,5374764548614621; 0,6229519946500659; 0,35688961250707507
9,123080231089022; 0,9333966681733727; 0,653662346303463; 0,9619110855273902; 0,27004547230899334; 0,1993551952764392; 0,14882995327934623; 0,18112642783671618; 0,40110037941485643; 0,07561682816594839; 0,9703969042748213
9,871942698837394; 0,14257882069796324; 0,21535871410742402; 0,9738066149875522; 0,37091699661687016; 0,48068186873570085; 0,2535979556851089; 0,8871720051392913; 0,118178506847471; 0,042570572812110186; 0,07931399205699563
9,295949312692382; 0,10540786245837808; 0,012566637247800827; 0,15542975487187505; 0,36186526203528047; 0,6551230899058282; 0,1004580408334732; 0,43358119064942; 0,16999038215726614; 0,23450417397543788; 0,6012046001851559
14,547121549453726; 0,06216910341754556; 0,02948965271934867; 0,4736645589582622; 0,6413042424246669; 0,9691218552179635; 0,6050461167469621; 0,9469506894238293; 0,1976577714085579; 0,03245103685185313; 0,6932595404796302
8,79228148132632; 0,09900892851874232; 0,9048933140002191; 0,6060191788710654; 0,8771947482600808; 0,235265146009624; 0,8904841304756701; 0,35150212328881025; 0,7744724755175412; 0,1568347103893757; 0,49074854562059045
12,018786685646207; 0,7724048215895891; 0,11144149117171764; 0,024249518290162086; 0,4627422443591058; 0,31435124622657895; 0,4637163635343313; 0,8499723859131336; 0,11354476260021329; 0,52497548609972; 0,25378970243036747
12,199544332235085; 0,14982388447970152; 0,6912319175899029; 0,06801532302051783; 0,5740709519013762; 0,3886946486309171; 0,4647243185900152; 0,1731799873523414; 0,05080076493322849; 0,39100319193676114; 0,8211252600885928
11,17588126073066; 0,3235002988949418; 0,33175643160939217; 0,9614180377684534; 0,5558600788936019; 0,35196691611781716; 0,3755923258140683; 0,42878700979053974; 0,5220375852659345; 0,03990341955795884; 0,36639254726469517
14,486000270146128; 0,09239909891039133; 0,6940647894516587; 0,014794697519391775; 0,004759781062602997; 0,17189801950007677; 0,9246962242759764; 0,6350209224037826; 0,11093380721285939; 0,23569070734083652; 0,08946517761796713
13,302877673181978; 0,18960098270326853; 0,11525031877681613; 0,5686917523853481; 0,7494111731648445; 0,7642938452772796; 0,8414303730241954; 0,9084347831085324; 0,6149279354140162; 0,09890676941722631; 0,941503704059869
11,211352584319966; 0,38055659644305706; 0,6350643229670823; 0,2107736561447382; 0,9615655480884016; 0,9649174180813134; 0,7820400749333203; 0,336915101390332; 0,9123752918094397; 0,22210173914209008; 0,4317084150388837
12,776594412167375; 0,21914425725117326; 0,3535237004980445; 0,7498842212371528; 0,9481755467131734; 0,019051830749958754; 0,3516430947929621; 0,15548604680225253; 0,03647613199427724; 0,031553242821246386; 0,4693557433784008
11,426793891378615; 0,19465978909283876; 0,5459972289390862; 0,11230139946565032; 0,34876130567863584; 0,7570766299031675; 0,4745194027200341; 0,6069595823064446; 0,5016772039234638; 0,24287331383675337; 0,5905037797056139
9,609447431912251; 0,005800605285912752; 0,936162447091192; 0,7121184458956122; 0,48291991325095296; 0,6056646672077477; 0,21760886209085584; 0,9141081823036075; 0,5849808258935809; 0,4083196297287941; 0,9613577993586659
13,029411548978024; 0,039428369142115116; 0,582585962023586; 0,7534689977765083; 0,9161536325700581; 0,370989422313869; 0,9130664239637554; 0,2003002054989338; 0,563324972987175; 0,023771234322339296; 0,10723764961585402
13,126790995358036; 0,12033330416306853; 0,2436320106498897; 0,5863446574658155; 0,0723397321999073; 0,4860210600309074; 0,7135122581385076; 0,955177784897387; 0,7575161228887737; 0,8892566254362464; 0,0628586863167584
8,839302128477081; 0,8127735508605838; 0,46003559650853276; 0,6450260812416673; 0,03744227113202214; 0,338623508810997; 0,015666600316762924; 0,6364076044410467; 0,016875495668500662; 0,8204571367241442; 0,7610714477486908
14,133318401723612; 0,23484437400475144; 0,716223350726068; 0,18014764925464988; 0,2539899838156998; 0,5421132245101035; 0,9363900809548795; 0,1922317328862846; 0,3583860597573221; 0,9364027502015233; 0,7316871932707727
9,579127533171707; 0,2273326124995947; 0,5964032877236605; 0,7129425625316799; 0,4486315813846886; 0,8574353624135256; 0,17499925615265965; 0,5072142486460507; 0,24450790090486407; 0,8899864493869245; 0,657509125303477
15,164354188163493; 0,931973117403686; 0,06440738588571548; 0,26487477822229266; 0,4981212494894862; 0,24224459240213037; 0,7754499153234065; 0,9524323381483555; 0,6677455957978964; 0,5322240553796291; 0,31421473575755954
9,643777277281163; 0,2113854573108256; 0,0929725170135498; 0,3756682490929961; 0,7013400024734437; 0,43581385677680373; 0,06353686936199665; 0,17987893288955092; 0,7667496474459767; 0,1319128880277276; 0,18394859274849296
14,468597587077722; 0,3908108565956354; 0,9274900425225496; 0,8983683162368834; 0,4392552231438458; 0,4532944285310805; 0,8986817295663059; 0,8493554480373859; 0,1905838344246149; 0,11416113004088402; 0,47760396264493465
11,233412099038922; 0,845062589738518; 0,7233486105687916; 0,40837425692006946; 0,19363357638940215; 0,34966189647093415; 0,5410580462776124; 0,7324220086447895; 0,01729096844792366; 0,2779086730442941; 0,8516677585430443
12,405437545068429; 0,37568077398464084; 0,04830935690551996; 0,3876151693984866; 0,5585775105282664; 0,5399983078241348; 0,4633064051158726; 0,7575101708061993; 0,7230088105425239; 0,8473018878139555; 0,46535803982988
9,284940170208305; 0,8401369606144726; 0,8391451626084745; 0,2834819033741951; 0,196953478269279; 0,4904195750132203; 0,2329752566292882; 0,8780153477564454; 0,5570121915079653; 0,5705851423554122; 0,5451305946335196
13,665688306547224; 0,27900965977460146; 0,04479950154200196; 0,09197551105171442; 0,9435592899098992; 0,86969846021384; 0,42066570930182934; 0,1322176824323833; 0,7191986800171435; 0,25861058244481683; 0,6780005604960024
9,96756200796807; 0,2676590089686215; 0,09362719906494021; 0,9621441527269781; 0,8182175727561116; 0,7459296295419335; 0,08678060164675117; 0,5950400386936963; 0,9878138098865747; 0,9178370046429336; 0,27897837152704597
10,774301769371904; 0,48183806659653783; 0,549371930770576; 0,8629401684738696; 0,7641586326062679; 0,45938685443252325; 0,8933726847171783; 0,46046060137450695; 0,2868725252337754; 0,9348055422306061; 0,6647227988578379
10,41915138973546; 0,8566299211233854; 0,0630537811666727; 0,5182357444427907; 0,4545856108888984; 0,8100859276019037; 0,9887777920812368; 0,1313476008363068; 0,6623246381059289; 0,40811546705663204; 0,5701819965615869
10,64572948956522; 0,3058839305303991; 0,5928521566092968; 0,1721179224550724; 0,028425203170627356; 0,23223398253321648; 0,5168076022528112; 0,8410268248990178; 0,9053481491282582; 0,25166082801297307; 0,663315499201417
11,415391153588228; 0,07611458282917738; 0,8254961115308106; 0,9603486438281834; 0,14301355043426156; 0,8394237295724452; 0,5988389444537461; 0,6520913615822792; 0,40617067320272326; 0,5708354380913079; 0,4044205225072801
9,371147970844223; 0,7269154381938279; 0,03986508818343282; 0,5458586704917252; 0,6748278420418501; 0,6870000963099301; 0,006055638659745455; 0,37682651448994875; 0,7508121668361127; 0,5872208955697715; 0,9427728080190718
14,39673488602908; 0,1735427319072187; 0,2734163710847497; 0,44632462365552783; 0,30613160179927945; 0,031902571208775043; 0,7247511390596628; 0,8478889097459614; 0,3898133607581258; 0,24067203607410192; 0,8113628281280398
15,07452344104597; 0,4331300160847604; 0,3570750690996647; 0,5130754145793617; 0,9033602513372898; 0,5161069640889764; 0,5792717230506241; 0,8129843352362514; 0,1381537765264511; 0,353654270991683; 0,5907281739637256
10,243464142491337; 0,7300706417299807; 0,4109928784891963; 0,4770063543692231; 0,13594099041074514; 0,7186828195117414; 0,4089459702372551; 0,9786718720570207; 0,6883422466926277; 0,8530378802679479; 0,2120801666751504
10,725801947361832; 0,6152434619143605; 0,5826784390956163; 0,2893561669625342; 0,16867886064574122; 0,699048490729183; 0,45423424104228616; 0,6503766751848161; 0,9736878531984985; 0,9262568443082273; 0,8668451379053295
13,762556159751309; 0,5093974433839321; 0,4027517568320036; 0,45033150305971503; 0,8855121098458767; 0,37347752042114735; 0,9291627849452198; 0,8506823922507465; 0,7394550805911422; 0,010358289815485477; 0,010248408187180758
10,998271023930975; 0,9067891864106059; 0,1986278649419546; 0,02712317928671837; 0,974847428034991; 0,04660056997090578; 0,9491468495689332; 0,4721063715405762; 0,9848604942671955; 0,5296133630909026; 0,6798516786657274
13,460106310445495; 0,03812970267608762; 0,040380978025496006; 0,16038310714066029; 0,8200636012479663; 0,8076222306117415; 0,46258642710745335; 0,16328991623595357; 0,5158656812272966; 0,2837985376827419; 0,36863252194598317
8,79830744001389; 0,10988296661525965; 0,9022710477001965; 0,5899424678646028; 0,2359702899120748; 0,16426957491785288; 0,08269703621044755; 0,6925153322517872; 0,7821660791523755; 0,5581988585181534; 0,7796310759149492
9,968538592083727; 0,20049878815189004; 0,10567535692825913; 0,6470198309980333; 0,8023981680162251; 0,3810666515491903; 0,08845687797293067; 0,6640721042640507; 0,16138660302385688; 0,142519052606076; 0,10556485736742616
10,784101106676374; 0,7094855066388845; 0,09892364451661706; 0,8668999555520713; 0,9594939360395074; 0,27756406320258975; 0,7759808511473238; 0,4482585242949426; 0,5535726579837501; 0,7189625515602529; 0,29361648159101605
14,60972054748702; 0,1875253883190453; 0,0431686332449317; 0,8658387521281838; 0,7697191350162029; 0,9706916422583163; 0,6048908121883869; 0,4775838227942586; 0,864879391156137; 0,8668945590034127; 0,5879257745109499
10,27938073472465; 0,9837973630055785; 0,3858784227631986; 0,8514048061333597; 0,36569995479658246; 0,4659509975463152; 0,32728231558576226; 0,15276248333975673; 0,5594082763418555; 0,7413681005127728; 0,6568559086881578
14,835076229951413; 0,32924195285886526; 0,43877447582781315; 0,621345086954534; 0,04311955999583006; 0,08898566709831357; 0,977680561132729; 0,9003939386457205; 0,6400843798182905; 0,5397577015683055; 0,23430239222943783
12,959960579351485; 0,8637839425355196; 0,6023593046702445; 0,48638469306752086; 0,6228706077672541; 0,26953877042979; 0,4953448656015098; 0,11920230742543936; 0,13808310497552156; 0,39817054849117994; 0,42369882110506296
13,43202050597625; 0,3265945380553603; 0,7323357276618481; 0,6701569822616875; 0,47701412439346313; 0,9592422274872661; 0,6106957094743848; 0,29801433254033327; 0,85562037024647; 0,6635123598389328; 0,5070163561031222
10,154521066536375; 0,5969078564085066; 0,05147547088563442; 0,4768327511847019; 0,642859878949821; 0,28936250135302544; 0,1782366530969739; 0,8592295809648931; 0,9254683335311711; 0,22812179615721107; 0,06925269681960344
13,679929888244134; 0,4761784849688411; 0,8058403870090842; 0,7681172084994614; 0,005974208936095238; 0,30670924857258797; 0,8639547121711075; 0,011533550918102264; 0,24800356477499008; 0,3220014050602913; 0,9332302240654826
14,724039330096861; 0,4506984306499362; 0,6425901520997286; 0,5105041167698801; 0,17431025207042694; 0,34491933276876807; 0,9770649927668273; 0,9833942744880915; 0,1687986864708364; 0,08726017642766237; 0,9178525167517364
10,282519986219224; 0,9279904593713582; 0,45359179424121976; 0,8422484309412539; 0,9932143590413034; 0,5858688140287995; 0,08144236309453845; 0,1826332863420248; 0,7938355160877109; 0,5212486647069454; 0,3523957934230566
10,543570961024633; 0,4907517898827791; 0,4452398559078574; 0,4448417122475803; 0,6205369993112981; 0,9230785360559821; 0,27325520385056734; 0,23935285210609436; 0,49910639878362417; 0,8981751739047468; 0,002254926133900881
11,277410537196875; 0,050984370056539774; 0,34720577113330364; 0,7965120216831565; 0,3315191837027669; 0,20230237999930978; 0,47147519886493683; 0,9467941364273429; 0,33446591068059206; 0,21294004330411553; 0,8558327001519501
12,76809188279584; 0,12600256223231554; 0,5351786478422582; 0,6495037116110325; 0,7613445222377777; 0,9342454662546515; 0,4261389132589102; 0,8939738445915282; 0,1134198997169733; 0,6531813815236092; 0,43926924047991633
9,874144149979697; 0,30599674629047513; 0,10437072580680251; 0,04186938051134348; 0,8935025106184185; 0,021076937671750784; 0,868501631077379; 0,4171427362598479; 0,4172618631273508; 0,2694298382848501; 0,16886048717424273
13,316872247193121; 0,0594768519513309; 0,9079056149348617; 0,40159860672429204; 0,6232162760570645; 0,37324143666774035; 0,8219110500067472; 0,8043952202424407; 0,044677752535790205; 0,19831731636077166; 0,6489501050673425
11,1845963309412; 0,053292912896722555; 0,5287719508633018; 0,5739633399061859; 0,22516975086182356; 0,07026512268930674; 0,48051705164834857; 0,5745229651220143; 0,5562637345865369; 0,46979415230453014; 0,10339030344039202
9,825091819369636; 0,08629567315801978; 0,6352953230962157; 0,9719546353444457; 0,3605088503099978; 0,938382281921804; 0,2797040157020092; 0,18369427183642983; 0,12970077199861407; 0,12357616191729903; 0,5502823358401656
9,74308585180403; 0,5876721874810755; 0,09098474914208055; 0,11567919189110398; 0,4193131495267153; 0,43864830723032355; 0,1893084761686623; 0,7701624929904938; 0,43360514706000686; 0,26725028455257416; 0,7566204913891852
13,196769555804874; 0,3081585471518338; 0,14234193554148078; 0,20343724871054292; 0,48389410646632314; 0,18557795276865363; 0,5565472999587655; 0,0988667025230825; 0,37903804844245315; 0,3710708189755678; 0,12434369698166847
14,727441136371835; 0,48962912149727345; 0,3454184546135366; 0,9600262930616736; 0,2978548798710108; 0,9493999322876334; 0,7561648306436837; 0,09283753205090761; 0,35334178479388356; 0,9655681694857776; 0,5898343613371253
14,369667359569554; 0,6312197083607316; 0,3741176831535995; 0,8267868682742119; 0,7428165324963629; 0,6378316557966173; 0,802872265689075; 0,366693165153265; 0,6710545290261507; 0,3090402837842703; 0,7904492313973606
15,059446848425983; 0,41784562868997455; 0,562769275624305; 0,2097943820990622; 0,16005631955340505; 0,9908722145482898; 0,8809964130632579; 0,4845844954252243; 0,6232331283390522; 0,17577043920755386; 0,539201030973345
9,553992014966596; 0,6084501780569553; 0,3948960928246379; 0,6969455042853951; 0,43752857437357306; 0,9390100580640137; 0,1675890744663775; 0,7511653392575681; 0,7491523413918912; 0,3475621738471091; 0,2929081544280052
15,168517615825214; 0,9137547290883958; 0,08317510364577174; 0,5098880026489496; 0,16366321546956897; 0,6175973527133465; 0,8658384592272341; 0,1240907316096127; 0,09591691195964813; 0,3173469742760062; 0,6945473565720022
11,525038464243437; 0,5526919523254037; 0,896693417802453; 0,34853943483904004; 0,5271466169506311; 0,8873388268984854; 0,4207225190475583; 0,9846281073987484; 0,8880698117427528; 0,2726968368515372; 0,5526116658002138
11,787025166180232; 0,959662526845932; 0,8263504952192307; 0,9251609798520803; 0,8680427665822208; 0,2834228742867708; 0,7741369409486651; 0,5678775552660227; 0,5591104789637029; 0,7095080791041255; 0,11551349656656384
15,137015221002983; 0,5547374533489347; 0,05580815626308322; 0,6635486353188753; 0,15461684996262193; 0,6999994092620909; 0,9675977719016373; 0,6783309574238956; 0,17752001620829105; 0,023970973677933216; 0,32086806325241923
14,265415862264334; 0,7766386633738875; 0,39696582313627005; 0,45357349794358015; 0,019747784361243248; 0,3037681463174522; 0,8347023888491094; 0,2931085512973368; 0,24593306751921773; 0,43592154514044523; 0,7652628063224256
14,538646573830695; 0,7525768633931875; 0,32826258754357696; 0,9934857389889657; 0,49279278703033924; 0,9728417666628957; 0,8954415745101869; 0,6977369417436421; 0,9399758470244706; 0,4080443517304957; 0,31719896802678704
13,577283524438172; 0,08574957679957151; 0,9638338424265385; 0,20234788674861193; 0,9909148784354329; 0,4557916303165257; 0,42406499153003097; 0,21692316979169846; 0,6854584133252501; 0,6787614380009472; 0,736142111942172
11,460187833873603; 0,7840729393064976; 0,7153806108981371; 0,0007019005715847015; 0,1329018329270184; 0,13947761477902532; 0,5517882113344967; 0,8866616571322083; 0,9341320660896599; 0,419477513525635; 0,9114028424955904
11,510086828029358; 0,9091205722652376; 0,1145297596231103; 0,3761237720027566; 0,019257125444710255; 0,05215679435059428; 0,6212779921479523; 0,696392219979316; 0,7797235040925443; 0,10625915555283427; 0,8958869110792875
14,936786858661174; 0,37719568284228444; 0,47120821475982666; 0,9861142872832716; 0,8702890146523714; 0,7556233457289636; 0,689239211846143; 0,7639248087070882; 0,28041769517585635; 0,01459246315062046; 0,2350325188599527
9,00509605465899; 0,47803878551349044; 0,46491217613220215; 0,59372693952173; 0,9454875630326569; 0,5543818273581564; 0,8490523346699774; 0,7389210909605026; 0,0791599522344768; 0,780382162425667; 0,7712039141915739
15,125792556066992; 0,213868566788733; 0,23470957577228546; 0,7624033186584711; 0,4145175972953439; 0,36063671577721834; 0,8114934680052102; 0,41745617613196373; 0,9369688993319869; 0,15537919895723462; 0,09397340938448906
11,781430349458375; 0,5001670513302088; 0,5248624617233872; 0,5936313685961068; 0,9833069052547216; 0,17557061929255724; 0,2571601299569011; 0,09263105224817991; 0,23885829793289304; 0,5077366381883621; 0,41110832523554564
14,91048889507501; 0,7908218456432223; 0,850816436111927; 0,5052474956028163; 0,104902527295053; 0,29148863395676017; 0,9147012042813003; 0,8298753281123936; 0,09483834821730852; 0,6429881723597646; 0,006997399497777224
12,036958083844514; 0,25520031806081533; 0,38542040809988976; 0,06533594010397792; 0,2675943593494594; 0,6377575537189841; 0,5881428895518184; 0,28195673832669854; 0,017116285860538483; 0,5274607473984361; 0,5850754156708717
9,570189612348761; 0,6810868685133755; 0,6520771575160325; 0,10944043844938278; 0,7087254673242569; 0,7809341424144804; 0,08175226720049977; 0,16639275988563895; 0,9002775764092803; 0,48205913696438074; 0,012808113358914852
8,808035473705017; 0,9239922659471631; 0,8063112157396972; 0,9567080130800605; 0,7996548768132925; 0,46302525559440255; 0,9148695534095168; 0,2889941087923944; 0,20807849569246173; 0,021142530720680952; 0,2819924638606608
11,430296667218698; 0,8612429420463741; 0,8012759010307491; 0,5186474537476897; 0,2869901522062719; 0,2787428302690387; 0,5386250023730099; 0,2351659289561212; 0,7060229647904634; 0,183499522972852; 0,7350150183774531
15,15652115901452; 0,11749439220875502; 0,272160972468555; 0,6452176701277494; 0,3417270793579519; 0,911007484421134; 0,808713206090033; 0,047000691294670105; 0,5023090303875506; 0,842729052528739; 0,15201565576717257
11,429749297588828; 0,41518457932397723; 0,3182988497428596; 0,43073953269049525; 0,10596091067418456; 0,23835899401456118; 0,5490188007242978; 0,7658706451766193; 0,8637976855970919; 0,7888753456063569; 0,1539400964975357
14,852709033066334; 0,39046731451526284; 0,6944168410263956; 0,8965189643204212; 0,5292279864661396; 0,28155045583844185; 0,8209197204560041; 0,14234481193125248; 0,47544143069535494; 0,6795376096852124; 0,25156304566189647
14,013219914968506; 0,8793077389709651; 0,17721547512337565; 0,19478575000539422; 0,2644706480205059; 0,44097197940573096; 0,7013953910209239; 0,40767197171226144; 0,5342040862888098; 0,8950138604268432; 0,13464980944991112
10,366391766783169; 0,6372292572632432; 0,15109363198280334; 0,2448625434190035; 0,8728274712339044; 0,4662984819151461; 0,12578488187864423; 0,39707248704507947; 0,21674638520926237; 0,7270048777572811; 0,0042281667701900005
12,874936226811544; 0,3191730687394738; 0,5141059490852058; 0,8718813168816268; 0,4659670586697757; 0,5531583949923515; 0,929503611754626; 0,6813197513110936; 0,5858005871996284; 0,779055202845484; 0,7086080517619848
11,437855078270827; 0,2976231421343982; 0,3822655756957829; 0,15090024704113603; 0,6600800193846226; 0,4265737100504339; 0,9264893517829478; 0,7522428859956563; 0,6916766092181206; 0,2643160433508456; 0,8638549675233662
13,981418025972488; 0,5431379247456789; 0,7171820695511997; 0,6430053226649761; 0,3301475215703249; 0,527073489036411; 0,9764860668219626; 0,5112895877100527; 0,9510157709009945; 0,023941208142787218; 0,15662527456879616
9,351824665315812; 0,7054700716398656; 0,9085856382735074; 0,9008890278637409; 0,045234027318656445; 0,4493739693425596; 0,3251833179965615; 0,6921841711737216; 0,09629657212644815; 0,2302179508842528; 0,5695195654407144
9,814322605598178; 0,7148891417309642; 0,6002282379195094; 0,8691892889328301; 0,18348177103325725; 0,5608975598588586; 0,3265072302892804; 0,5832872958853841; 0,4962621796876192; 0,27529284125193954; 0,7295324034057558
13,918827223702285; 0,7346296855248511; 0,6072184983640909; 0,06729685282334685; 0,7471100287511945; 0,5270516104064882; 0,5383174661546946; 0,29626491153612733; 0,8823780710808933; 0,0048032174818217754; 0,9429631670936942
10,275268667466648; 0,48081551073119044; 0,5281253913417459; 0,31876275036484003; 0,5682458211667836; 0,36885921144858; 0,2560769156552851; 0,7613964229822159; 0,5886274203658104; 0,6429842566139996; 0,5904938862659037
15,00957368427418; 0,009147718083113432; 0,09265442844480276; 0,40522628370672464; 0,6467055161483586; 0,1071513807401061; 0,8031420256011188; 0,3042238727211952; 0,6065753288567066; 0,9507057219743729; 0,9193445043638349
13,297228435274516; 0,6683276300318539; 0,455733728595078; 0,5494605046696961; 0,7168575436808169; 0,6276153167709708; 0,5101789110340178; 0,26748287165537477; 0,9281700602732599; 0,0893794959411025; 0,29905517725273967
10,545602253131012; 0,7751779342070222; 0,8107277601957321; 0,8316770414821804; 0,9349349802359939; 0,7189786126837134; 0,16312285652384162; 0,734175993129611; 0,9170763110741973; 0,14794065849855542; 0,12299483362585306
9,087091824449493; 0,19549340149387717; 0,9573117177933455; 0,1662657167762518; 0,818849315866828; 0,7387576699256897; 0,8530363128520548; 0,45030977111309767; 0,640259453561157; 0,9042349685914814; 0,22446398064494133
9,755104321341452; 0,4667488452978432; 0,5827407091856003; 0,67539202561602; 0,155746650416404; 0,7144146375358105; 0,3197832596488297; 0,805835620034486; 0,06766236806288362; 0,7231134660542011; 0,015586547553539276
10,180144557306672; 0,5852631297893822; 0,09208860248327255; 0,25559813994914293; 0,6627899114973843; 0,6332290824502707; 0,1755985701456666; 0,104082393925637; 0,8399781323969364; 0,6797358328476548; 0,13774044206365943
14,92850459757165; 0,07010119128972292; 0,5004762532189488; 0,21478801034390926; 0,008353286422789097; 0,509387191850692; 0,9792496031150222; 0,18503612512722611; 0,21831454802304506; 0,5533449035137892; 0,9675680198706686
12,646031936984963; 0,17210617661476135; 0,001749307382851839; 0,7968879765830934; 0,6820796886458993; 0,9841736666858196; 0,4343444984406233; 0,6414600759744644; 0,9250625604763627; 0,5009492933750153; 0,4001826671883464
14,76844576526032; 0,46300013177096844; 0,11351050669327378; 0,42560919281095266; 0,5958558283746243; 0,8405009033158422; 0,6970730302855372; 0,47857770463451743; 0,6983830123208463; 0,23785588005557656; 0,08093912387266755
14,6246036161344; 0,3121703923679888; 0,707236843649298; 0,6564731220714748; 0,49622191675007343; 0,38595610950142145; 0,7415737654082477; 0,3828017534688115; 0,3670861655846238; 0,304894654545933; 0,30420516105368733
9,33620558395367; 0,8431551046669483; 0,2554972292855382; 0,38618046790361404; 0,17357988515868783; 0,20196523610502481; 0,19130455004051328; 0,716491655446589; 0,904483137652278; 0,2905363258905709; 0,6945427339524031
12,914507609829966; 0,3465112359263003; 0,8714772313833237; 0,5644956580363214; 0,3006773409433663; 0,6957420599646866; 0,6449741385877132; 0,13802368845790625; 0,6510694781318307; 0,9602941246703267; 0,7254373859614134
12,650243547850996; 0,21590124582871795; 0,9483404248021543; 0,6597787137143314; 0,6339033152908087; 0,7439212040044367; 0,4959648889489472; 0,9279475514777005; 0,45980789279565215; 0,2734849499538541; 0,5167015697807074
11,045324433938926; 0,025592579040676355; 0,8598635168746114; 0,5102124121040106; 0,19539178116247058; 0,3633835632354021; 0,5034963781945407; 0,9069551965221763; 0,9516657525673509; 0,60708939563483; 0,19624585937708616
10,020322469451258; 0,6687515676021576; 0,353718429338187; 0,5644980422221124; 0,29391365498304367; 0,47784181172028184; 0,2958620050922036; 0,8015877241268754; 0,4132436397485435; 0,5499128238297999; 0,1649761707521975
14,22754199451036; 0,25671148346737027; 0,48401939077302814; 0,8092354754917324; 0,23001255467534065; 0,7711583836935461; 0,9773348541930318; 0,3943636459298432; 0,31225027283653617; 0,867239351850003; 0,6901950179599226
11,85627795226298; 0,4908719933591783; 0,3101583174429834; 0,5412536263465881; 0,7499428447335958; 0,5475739184767008; 0,9666869197972119; 0,0030676843598484993; 0,36084548849612474; 0,7490326380357146; 0,5618183752521873
9,26616319337242; 0,7736128773540258; 0,6005886686034501; 0,1383260963484645; 0,21116186119616032; 0,6656926306895912; 0,19672889541834593; 0,35904291924089193; 0,09775425400584936; 0,8914819187484682; 0,18812958477064967
9,090806727844903; 0,23116439068689942; 0,06397022260352969; 0,20399076398462057; 0,3105252399109304; 0,09649281296879053; 0,04322578152641654; 0,9773171180859208; 0,2514071762561798; 0,7790435361675918; 0,29370736610144377
14,577736214986915; 0,22979216137900949; 0,6090402211993933; 0,15265343291684985; 0,9329113713465631; 0,28861359087750316; 0,5145551050081849; 0,025207606609910727; 0,4528671409934759; 0,18341957358643413; 0,3869759417138994
8,682299447958263; 0,7686934662051499; 0,812070416752249; 0,2703150575980544; 0,6252724616788328; 0,17807656479999423; 0,98588204709813; 0,1386512592434883; 0,0492020552046597; 0,5740936663933098; 0,474106406327337
8,901626432611764; 0,6827229992486537; 0,4047069512307644; 0,2936107022687793; 0,7918806909583509; 0,3227257849648595; 0,8878512848168612; 0,9762390847317874; 0,9681148612871766; 0,33462580339983106; 0,9007105468772352
12,347423700877005; 0,2841560519300401; 0,05148202273994684; 0,03822641680017114; 0,28771765576675534; 0,9500896190293133; 0,5668719066306949; 0,8171556852757931; 0,6486134435981512; 0,6118048932403326; 0,9757054303772748
14,352487005420011; 0,6299541047774255; 0,3576017990708351; 0,24815886979922652; 0,9731724262237549; 0,49026412842795253; 0,47013717610388994; 0,4860717016272247; 0,5394484824500978; 0,9705162849277258; 0,3427970358170569
9,829821821738264; 0,3208637675270438; 0,07080970425158739; 0,45800683833658695; 0,18351007951423526; 0,36194232758134604; 0,29376146383583546; 0,7577395383268595; 0,23380473908036947; 0,1422202498652041; 0,937798704020679
9,867549139885798; 0,9074668250977993; 0,02928526047617197; 0,399069803301245; 0,042190972715616226; 0,6245193793438375; 0,3809828911907971; 0,30100435577332973; 0,18594003794714808; 0,71055161440745; 0,580289906822145
9,131388606290441; 0,6728874915279448; 0,2972929384559393; 0,8039974169805646; 0,21356939943507314; 0,5372126041911542; 0,11749962996691465; 0,2683096742257476; 0,06850062683224678; 0,6823583813384175; 0,07671508751809597
9,542357753796512; 0,15914247184991837; 0,44680670788511634; 0,6419627494178712; 0,6688162079080939; 0,43438456673175097; 0,0753482673317194; 0,0404237462207675; 0,11019928427413106; 0,9234902528114617; 0,680936548858881
10,9456875490375; 0,423407428432256; 0,7571989763528109; 0,38975785905495286; 0,2633505742996931; 0,047585459891706705; 0,45240052323788404; 0,16045245667919517; 0,23789578210562468; 0,27264536265283823; 0,6982575180009007
13,90133941120029; 0,000672441441565752; 0,03571775695309043; 0,17377511784434319; 0,5861651101149619; 0,9680152144283056; 0,8501030714251101; 0,063004394993186; 0,9437835989519954; 0,47314299596473575; 0,6394360838457942
14,637557736847137; 0,734279434196651; 0,5826391694135964; 0,07641588104888797; 0,12751120096072555; 0,33908597053959966; 0,9882128979079425; 0,5662511033006012; 0,5850061681121588; 0,6937918784096837; 0,5680986223742366
14,877483114606532; 0,6838056570850313; 0,17962194792926311; 0,49592711264267564; 0,5985063500702381; 0,3511315626092255; 0,6573757757432759; 0,499157034792006; 0,3570765242911875; 0,11276005720719695; 0,9776812773197889
9,876153231685578; 0,7605483653023839; 0,8247737335041165; 0,12776575982570648; 0,5693847383372486; 0,7823657016269863; 0,2202761610969901; 0,6966243498027325; 0,22869080444797873; 0,7331567942164838; 0,6363789904862642
14,899371461397536; 0,747685126028955; 0,8685649326071143; 0,8930621314793825; 0,04015212692320347; 0,9629648826085031; 0,9803633610717952; 0,8896129839122295; 0,8263641311787069; 0,012552517466247082; 0,188524488825351
8,945769648369708; 0,24844139954075217; 0,5368360192514956; 0,24921920849010348; 0,0879824236035347; 0,8992717331275344; 0,11742530856281519; 0,27822669548913836; 0,3817209368571639; 0,19820219138637185; 0,314429453574121
13,839681365152018; 0,8443073406815529; 0,48257682798430324; 0,6402761088684201; 0,006384649779647589; 0,989501697011292; 0,8430483872070909; 0,24129301495850086; 0,1799467378295958; 0,6718760370276868; 0,9206994264386594
14,631340890844962; 0,9898855965584517; 0,3329208013601601; 0,9692066204734147; 0,5174873587675393; 0,18952292948961258; 0,7122833053581417; 0,6257955865003169; 0,9548888844437897; 0,8807702767662704; 0,5889163678511977
13,582584086343271; 0,5934439627453685; 0,996953094843775; 0,8055899725295603; 0,25683307461440563; 0,5314952027983963; 0,7055465416051447; 0,6389987557195127; 0,11295459466055036; 0,0800273073837161; 0,328962339553982
12,146284828594595; 0,3663675053976476; 0,08529241988435388; 0,8906778856180608; 0,026722717098891735; 0,03132454352453351; 0,6939042545855045; 0,31209359411150217; 0,9527727197855711; 0,8665497647598386; 0,4392865621484816
9,021031027910075; 0,0824021315202117; 0,629056956153363; 0,8011352005414665; 0,08237595157697797; 0,7643347647972405; 0,17309498600661755; 0,350556462071836; 0,975344832520932; 0,3751342468895018; 0,19743558764457703
9,949680396720018; 0,6019249772652984; 0,8839220819063485; 0,7656915886327624; 0,6834860476665199; 0,5420222682878375; 0,17802592366933823; 0,7953023170121014; 0,6347831632010639; 0,14844598481431603; 0,5741859599947929
9,376007929240037; 0,6215817634947598; 0,20710078068077564; 0,09113336633890867; 0,4183701272122562; 0,04579597432166338; 0,10877750907093287; 0,6606181538663805; 0,06962156808003783; 0,8161265961825848; 0,05209583742544055
8,657541034594423; 0,3407119638286531; 0,8268865826539695; 0,4360244660638273; 0,8254084950312972; 0,2649649130180478; 0,9000403597019613; 0,4493189789354801; 0,809372809715569; 0,163775569293648; 0,5252414704300463
9,674211612708204; 0,7567683951929212; 0,5924723278731108; 0,8381620170548558; 0,8793430672958493; 0,9850542135536671; 0,032542550936341286; 0,3196414257399738; 0,33118006959557533; 0,7984318942762911; 0,37970133358612657
14,95431282178481; 0,5672626285813749; 0,5169972567819059; 0,47462670085951686; 0,7253194223158062; 0,9071400840766728; 0,6342407679185271; 0,8231397219933569; 0,1235161037184298; 0,14537178305909038; 0,421736020129174
15,037602427635969; 0,4455575798638165; 0,6070202463306487; 0,028829696588218212; 0,8531667129136622; 0,16390089178457856; 0,6222016592510045; 0,5711361924186349; 0,007297741714864969; 0,5114276041276753; 0,3501418284140527
9,911642260729268; 0,39234702195972204; 0,586960191372782; 0,4455792740918696; 0,24154154816642404; 0,8694163872860372; 0,31811814988031983; 0,6573103563860059; 0,22396386321634054; 0,4652949315495789; 0,6532292948104441
9,874513649552377; 0,14481223095208406; 0,6924415808171034; 0,16518397675827146; 0,36041254736483097; 0,9207685287110507; 0,2718022409826517; 0,14559939270839095; 0,40135391242802143; 0,21380361448973417; 0,8336689933203161
15,079435883367283; 0,7548157973214984; 0,36745212273672223; 0,71450768224895; 0,22526972135528922; 0,1457574749365449; 0,9420254179276526; 0,038905161898583174; 0,41814200580120087; 0,8011740725487471; 0,46917462022975087
8,920454552965559; 0,8663394148461521; 0,9263434028252959; 0,9289302225224674; 0,2965777493081987; 0,8315661805681884; 0,1199354287236929; 0,5041886637918651; 0,687353968154639; 0,468328929040581; 0,78263277746737
14,928088993125783; 0,8644708576612175; 0,7569719264283776; 0,5830782987177372; 0,5390005591325462; 0,2332549225538969; 0,7410403494723141; 0,0496432320214808; 0,35788869159296155; 0,8335964642465115; 0,809958434663713
14,534851597517443; 0,4104310250841081; 0,7797342948615551; 0,15436509996652603; 0,13534297095611691; 0,8564661927521229; 0,9713520188815892; 0,9880314129404724; 0,9412297285161912; 0,12729060044512153; 0,5533018559217453
13,40764122699485; 0,053834783378988504; 0,37152706691995263; 0,8084294167347252; 0,419709256850183; 0,15273226518183947; 0,6077855657786131; 0,9875859362073243; 0,02681476715952158; 0,9203059142455459; 0,8106418703682721
15,151444405608084; 0,630118868779391; 0,30406648805364966; 0,4304875307716429; 0,5644837855361402; 0,29622016102075577; 0,7406768500804901; 0,4417658015154302; 0,9414995424449444; 0,07661906722933054; 0,28771708346903324
13,340907487418376; 0,5234365151263773; 0,2727306727319956; 0,7373067792505026; 0,791223390493542; 0,6892566489987075; 0,46877277735620737; 0,7710634986869991; 0,38529202435165644; 0,2891322411596775; 0,22081310534849763
14,268720769366386; 0,8684650952927768; 0,681587244849652; 0,75204584794119; 0,7525826087221503; 0,5094405924901366; 0,7866085204295814; 0,22540357802063227; 0,7014182764105499; 0,39739591302350163; 0,33100676303729415
14,23839612413802; 0,8045204747468233; 0,9940318344160914; 0,2795981904491782; 0,9580478263087571; 0,5653757746331394; 0,6603158176876605; 0,44815572164952755; 0,5737884235568345; 0,8812159872613847; 0,10863146046176553
15,03145771351359; 0,7324182870797813; 0,21267757890745997; 0,4269047658890486; 0,05000288737937808; 0,28479092428460717; 0,9314156211912632; 0,8088912828825414; 0,645956879016012; 0,6749760340899229; 0,7884325943887234
8,868387827807187; 0,6110694562084973; 0,820507766213268; 0,15196335408836603; 0,35525942547246814; 0,7426043818704784; 0,04595691850408912; 0,08072956837713718; 0,8664661259390414; 0,7236277675256133; 0,6767589878290892
9,06308479411053; 0,9262823183089495; 0,7046294282190502; 0,9385319063439965; 0,364069992210716; 0,712108216714114; 0,09104000777006149; 0,980049136094749; 0,23267431324347854; 0,9092599940486252; 0,5537163498811424
14,313257674961791; 0,3280400992371142; 0,9240221921354532; 0,18190806917846203; 0,6251315954141319; 0,12522428715601563; 0,6590034337714314; 0,045664272271096706; 0,9360770606435835; 0,7282539582811296; 0,6924781566485763
12,12822269695588; 0,24320821044966578; 0,7729867999441922; 0,0334419384598732; 0,5340253678150475; 0,6288319150917232; 0,4667208278551698; 0,014468598179519176; 0,14138640323653817; 0,3621492204256356; 0,9502044999971986
9,832369930567133; 0,31593232369050384; 0,9777191146276891; 0,03298022644594312; 0,9925450650043786; 0,6568350582383573; 0,05346224270761013; 0,5566189424134791; 0,7943589668720961; 0,31779469968751073; 0,12539223255589604
11,579161004381728; 0,3583381134085357; 0,2819118336774409; 0,8047724072821438; 0,13411050755530596; 0,5939586260356009; 0,5460494826547801; 0,4127630228176713; 0,8865142511203885; 0,0914777284488082; 0,8216395657509565
14,95985211662287; 0,9274929538369179; 0,6024791677482426; 0,8308745650574565; 0,6885474831797183; 0,8601915459148586; 0,6559180598706007; 0,8231733054853976; 0,2783866901881993; 0,21135219326242805; 0,7536740680225194
8,743787670952871; 0,7875998788513243; 0,6769559727981687; 0,2610418959520757; 0,020032966043800116; 0,7983722081407905; 0,02735636942088604; 0,848369034472853; 0,8516764100641012; 0,024628123734146357; 0,030556274577975273
14,889222593218845; 0,671462397556752; 0,2919144919142127; 0,23718658974394202; 0,6862883120775223; 0,1346024638041854; 0,7424561767838895; 0,25491831824183464; 0,41949309734627604; 0,89029336348176; 0,8167152032256126
10,31747007248833; 0,5140405371785164; 0,9638346754945815; 0,27647105045616627; 0,21229875413700938; 0,4601274011656642; 0,4242421053349972; 0,11464219633489847; 0,8879334940575063; 0,7573492624796927; 0,4600323303602636
15,146456726361107; 0,6320560895837843; 0,24997675977647305; 0,9529176484793425; 0,6368465488776565; 0,4432494514621794; 0,7406378551386297; 0,864278101362288; 0,2369675226509571; 0,5438288198783994; 0,8916949005797505
15,024166360028547; 0,1970781935378909; 0,2522471593692899; 0,03146770177409053; 0,8650408475659788; 0,4495309111662209; 0,6580375209450722; 0,820831892080605; 0,5844674683175981; 0,2732354742474854; 0,2682432923465967
14,203994054933748; 0,5235058888792992; 0,936348635237664; 0,2363454382866621; 0,14282063161954284; 0,5037424629554152; 0,7902890271507204; 0,9998631714843214; 0,6407456607557833; 0,5584801067598164; 0,7809458286501467
15,169838366833652; 0,5043871682137251; 0,1045194398611784; 0,3167860875837505; 0,9680979638360441; 0,5452271923422813; 0,6173182805068791; 0,03373011387884617; 0,3283565449528396; 0,4985906658694148; 0,6440538819879293
9,817177583214434; 0,7190801585093141; 0,5832921760156751; 0,9630419574677944; 0,341565805952996; 0,26332652708515525; 0,2585020503029227; 0,9816062678582966; 0,1687251883558929; 0,1352730318903923; 0,03177051804959774
12,60740132093439; 0,6548562129028141; 0,0025325329042971134; 0,15690794168040156; 0,19517537532374263; 0,6975169652141631; 0,6127341636456549; 0,9275608621537685; 0,39088644133880734; 0,3338365633971989; 0,16401437344029546
10,276301128024182; 0,37804689910262823; 0,5514156268909574; 0,41884170891717076; 0,6437745350413024; 0,9732612827792764; 0,22398542007431388; 0,6069668889977038; 0,30164578557014465; 0,5387739175930619; 0,034752232022583485
9,052584416418837; 0,5135696409270167; 0,04512837762013078; 0,9148388896137476; 0,8080759937874973; 0,5255162278190255; 0,8794876798056066; 0,6148181506432593; 0,6369495298713446; 0,3968850909732282; 0,7059891652315855
10,324726217123656; 0,053234647028148174; 0,838056958746165; 0,37768577644601464; 0,038196861743927; 0,012285514734685421; 0,508217591792345; 0,3841076553799212; 0,3145794318988919; 0,48295077588409185; 0,1779300170019269
8,61113249549658; 0,9065815689973533; 0,9832754279486835; 0,5788640668615699; 0,8726359521970153; 0,6050264360383153; 0,8694023094139993; 0,7843929207883775; 0,24538959609344602; 0,7408678564243019; 0,9154895828105509
8,72583168040555; 0,3007347616367042; 0,9855835493654013; 0,05162563407793641; 0,04051875323057175; 0,6275724247097969; 0,14750062488019466; 0,5778979687020183; 0,3872129311785102; 0,5268231141380966; 0,718269613571465
14,071271060541072; 0,6755793676711619; 0,803303009364754; 0,6448988951742649; 0,08753656642511487; 0,1739373654127121; 0,7925584833137691; 0,6810343884862959; 0,9931581597775221; 0,9176527759991586; 0,035319847986102104
11,113852193825414; 0,39097574492916465; 0,40155724436044693; 0,8427924709394574; 0,5403243554756045; 0,34942039381712675; 0,3598563424311578; 0,5155356447212398; 0,6099247406236827; 0,34560114378109574; 0,9711019191890955
9,692476065112901; 0,6643708758056164; 0,08869618782773614; 0,5228153332136571; 0,6736128753982484; 0,6553324004635215; 0,08836548123508692; 0,17080765031278133; 0,03438051324337721; 0,6889361934736371; 0,37050429824739695
9,300188883047518; 0,6484111198224127; 0,7699069865047932; 0,5233877059072256; 0,06745713856071234; 0,28036860609427094; 0,27785954531282187; 0,15370950754731894; 0,06978086847811937; 0,40442498214542866; 0,18182426877319813
14,01604093656369; 0,7663912856951356; 0,2356272111646831; 0,09699538163840771; 0,33737362222746015; 0,015516270883381367; 0,6816831724718213; 0,07191437762230635; 0,7085185302421451; 0,43997331941500306; 0,7845266317017376
10,586227950684428; 0,6140679302625358; 0,13353202398866415; 0,26303660590201616; 0,24261152371764183; 0,2435828153975308; 0,3948289197869599; 0,5795275401324034; 0,4567836248315871; 0,5658777924254537; 0,4068507510237396
9,341115939527402; 0,1343130748718977; 0,1588595607317984; 0,32378859585151076; 0,0014836587943136692; 0,19348843581974506; 0,2518694414757192; 0,05341203510761261; 0,019922208972275257; 0,46205955231562257; 0,888783011585474
9,823214592210988; 0,551023231819272; 0,26620610849931836; 0,49638055730611086; 0,6485738414339721; 0,33268082048743963; 0,12822265876457095; 0,7830515266396105; 0,15974076930433512; 0,16113406140357256; 0,565240390598774
13,743064672610439; 0,9071307433769107; 0,9061365076340735; 0,8055248456075788; 0,7628204324282706; 0,9046484208665788; 0,7664097063243389; 0,7402058620937169; 0,24679018650203943; 0,38151377020403743; 0,24486309429630637
14,224115304723828; 0,4475114494562149; 0,1281372201628983; 0,09092251723632216; 0,3218630664050579; 0,628509171307087; 0,9244826375506818; 0,809984730090946; 0,690210044849664; 0,24234412936493754; 0,5165441771969199
10,209924753093269; 0,5750603908672929; 0,6811976754106581; 0,7621275619603693; 0,6549526583403349; 0,5545131340622902; 0,21062548365443945; 0,13162220269441605; 0,8133961604908109; 0,97049630433321; 0,5687486226670444
9,213114708688469; 0,24400607170537114; 0,23268033983185887; 0,31677665980532765; 0,050044319592416286; 0,544113690033555; 0,21443818183615804; 0,645960854832083; 0,829128110781312; 0,029766276478767395; 0,10247236350551248
14,496473668867415; 0,3267932287417352; 0,546324101742357; 0,4831325742416084; 0,7356844209134579; 0,6686956519261003; 0,9943115194328129; 0,9402922163717449; 0,8845561537891626; 0,20533454418182373; 0,5747962933965027
14,667682743705177; 0,8289907211437821; 0,6409890833310783; 0,09090840863063931; 0,6643278710544109; 0,7338136755861342; 0,6258006137795746; 0,5995015949010849; 0,720352663192898; 0,8530916483141482; 0,8499003304168582
9,307783395358518; 0,5304529331624508; 0,46513387048617005; 0,5477615417912602; 0,7983895051293075; 0,07975456491112709; 0,9787246072664857; 0,6490308921784163; 0,44376639323309064; 0,20286555821076035; 0,6421713531017303
9,309987994556016; 0,20619948720559478; 0,5686374194920063; 0,8350020064972341; 0,3577426318079233; 0,14370349049568176; 0,1469273827970028; 0,8909878293052316; 0,08731084549799562; 0,4921426400542259; 0,691138633992523
11,22607347798289; 0,9203116055577993; 0,1758209653198719; 0,7190107475034893; 0,4826217284426093; 0,36095526022836566; 0,39670286141335964; 0,33244504407048225; 0,27445453172549605; 0,15538281202316284; 0,19071369990706444
9,256478830831753; 0,7410705769434571; 0,931893911678344; 0,9416666352190077; 0,33008046541363; 0,37237924989312887; 0,2046703426167369; 0,30288063222542405; 0,09921462647616863; 0,8992377421818674; 0,9745346740819514
14,724961239026037; 0,9701809645630419; 0,8129037786275148; 0,5816225623711944; 0,7086525969207287; 0,6332570053637028; 0,6277854247018695; 0,11065812036395073; 0,9798061125911772; 0,6896704211831093; 0,6462562060914934
9,548422664262759; 0,0942443604581058; 0,2743648854084313; 0,5258589182049036; 0,6664613015018404; 0,6935058864764869; 0,06693944940343499; 0,38394504180178046; 0,12594062741845846; 0,861710726749152; 0,852320124860853
11,265951490518933; 0,9084334666840732; 0,14195759361609817; 0,19259057193994522; 0,39888824708759785; 0,9638844793662429; 0,4126152447424829; 0,20453209383413196; 0,7445309213362634; 0,2567091048695147; 0,13010541629046202
8,852309023323839; 0,9589777803048491; 0,5242397040128708; 0,4804681232199073; 0,18093630485236645; 0,15108243329450488; 0,016315585002303123; 0,5077536078169942; 0,1316975736990571; 0,42925200844183564; 0,014418098144233227
8,930268737031792; 0,3875069348141551; 0,9585956633090973; 0,5131656904704869; 0,02866987930610776; 0,9752044905908406; 0,2195574827492237; 0,29887081449851394; 0,9888027673587203; 0,23546828562393785; 0,639503775164485
15,178620107858283; 0,9728879788890481; 0,08467982430011034; 0,08534543123096228; 0,009275777731090784; 0,5143830315209925; 0,9800973404198885; 0,1502538905479014; 0,8592592910863459; 0,17371259350329638; 0,9184265793301165
9,806972127687107; 0,4598520607687533; 0,4259932590648532; 0,5115824462845922; 0,5975784435868263; 0,16839092411100864; 0,15702831046655774; 0,07214232534170151; 0,3631572965532541; 0,6652420731261373; 0,10451443819329143
14,688700282322156; 0,7158308988437057; 0,3333732923492789; 0,5847944053821266; 0,5187880364246666; 0,21365211298689246; 0,86549525661394; 0,8775844583287835; 0,12425602786242962; 0,6522564105689526; 0,9530151691287756
14,68349189988726; 0,35147251980379224; 0,24467191705480218; 0,28945918194949627; 0,4989972817711532; 0,9653056673705578; 0,8714669216424227; 0,3573865992948413; 0,8360493974760175; 0,8249756023287773; 0,8108392641879618
12,413160154384562; 0,4759710105136037; 0,5804488616995513; 0,7938421973958611; 0,6121677681803703; 0,17672083480283618; 0,4830996347591281; 0,4703322951681912; 0,3623520974069834; 0,6118766097351909; 0,5205087955109775
9,572013629920374; 0,753760454710573; 0,5221258909441531; 0,027751680463552475; 0,5131335584446788; 0,9388132579624653; 0,14256530115380883; 0,9664451251737773; 0,5687053292058408; 0,816512961871922; 0,050325711723417044
14,557737266874359; 0,7409492931328714; 0,599571606144309; 0,49778935220092535; 0,3895634007640183; 0,6564554627984762; 0,8641268624924123; 0,8540665586479008; 0,4209622051566839; 0,6589661869220436; 0,8114473382011056
9,134904153465289; 0,20404700050130486; 0,4994514677673578; 0,27842442272230983; 0,32007361203432083; 0,5253843199461699; 0,09895888390019536; 0,41001967806369066; 0,7307935249991715; 0,7563767354004085; 0,4519606060348451
13,737139962039521; 0,6404037978500128; 0,7019519610330462; 0,4917393368668854; 0,5712084826081991; 0,7378252609632909; 0,591905327513814; 0,9961844892241061; 0,7254686267115176; 0,08240467449650168; 0,7340771830640733
11,214455491793482; 0,41668662102892995; 0,06284602778032422; 0,7736829626373947; 0,12109102681279182; 0,16667131055146456; 0,5564306448213756; 0,7874419447034597; 0,1605366263538599; 0,3322123452089727; 0,29123897571116686
11,89781502245116; 0,17627388006076217; 0,7645829520188272; 0,7862793523818254; 0,9682783833704889; 0,846339606679976; 0,7759795864112675; 0,2646316671743989; 0,7348053981550038; 0,16240784944966435; 0,8556869053281844
9,718044963058086; 0,4343448895961046; 0,2025075051933527; 0,5295028011314571; 0,18472648970782757; 0,7863408704288304; 0,2747329124249518; 0,6709457002580166; 0,8323742328211665; 0,4449869985692203; 0,5642746752128005
9,33633840765963; 0,1358013437129557; 0,27101483661681414; 0,3827050616964698; 0,32736897096037865; 0,4304758165962994; 0,13595085823908448; 0,516491821501404; 0,6456506471149623; 0,33898237626999617; 0,09428121196106076
9,969659764979362; 0,35227415012195706; 0,7086572172120214; 0,8735956531018019; 0,81661495892331; 0,9924329887144268; 0,12454350432381034; 0,8719189437106252; 0,38640712201595306; 0,11404215637594461; 0,07212180644273758
9,349685986746719; 0,49042610405012965; 0,2608543215319514; 0,8185187606140971; 0,4678204390220344; 0,43682785145938396; 0,09239069884642959; 0,5829887604340911; 0,9774008430540562; 0,04511590953916311; 0,16942022740840912
12,605685166707541; 0,2812504074536264; 0,02325062220916152; 0,4205875997431576; 0,7220622692257166; 0,9400561940856278; 0,4171465039253235; 0,3647329160012305; 0,17729519167914987; 0,8755902536213398; 0,8564251530915499
13,304174599875626; 0,4993064529262483; 0,2899281121790409; 0,62399179674685; 0,6904814229346812; 0,3578488174825907; 0,8319115154445171; 0,6420328714884818; 0,05925368703901768; 0,5464444379322231; 0,6219444097951055
11,121906553017412; 0,8478530300781131; 0,556861272547394; 0,10441573988646269; 0,22000190988183022; 0,530449774581939; 0,476899859495461; 0,7169623537920415; 0,11786339711397886; 0,7707489738240838; 0,05976133840158582
10,041423950394217; 0,9331820989027619; 0,5738584394566715; 0,15790565498173237; 0,25946779223158956; 0,5171317453496158; 0,3332044552080333; 0,0953129674308002; 0,22635197127237916; 0,6600179309025407; 0,6076773083768785
11,906075254962861; 0,694031217135489; 0,09535402618348598; 0,027275010477751493; 0,10006762156262994; 0,7885530986823142; 0,5981413326226175; 0,2726493636146188; 0,6796183134429157; 0,5662477551959455; 0,9682575361803174
10,20562175896255; 0,8202948612160981; 0,6515221344307065; 0,6089561595581472; 0,5703081316314638; 0,7144614947028458; 0,25744182523339987; 0,9954326511360705; 0,5740184746682644; 0,07427973253652453; 0,43433804577216506
14,88413642253104; 0,21037520235404372; 0,19461739854887128; 0,2349472064524889; 0,8350502131506801; 0,22564124036580324; 0,6059967083856463; 0,5433244109153748; 0,44494319474324584; 0,33593373000621796; 0,8540036776103079
9,01160066852664; 0,9170212275348604; 0,6407623896375299; 0,05998304579406977; 0,16798400320112705; 0,8051351252943277; 0,14038729993626475; 0,9574029352515936; 0,8507540924474597; 0,9897113982588053; 0,36494698002934456
11,579546976043115; 0,41645030630752444; 0,9218744421377778; 0,9823837750591338; 0,8064886550419033; 0,2794002671726048; 0,323615200817585; 0,2683841809630394; 0,23019631626084447; 0,2897400544025004; 0,8591969860717654
8,932882568547784; 0,2235366478562355; 0,44810130447149277; 0,3536440716125071; 0,1354701486416161; 0,8436003746464849; 0,07286613760516047; 0,04054629663005471; 0,34673064900562167; 0,24558590399101377; 0,09190242644399405
11,179325303803543; 0,07830305257812142; 0,3368737627752125; 0,6155809313058853; 0,7359370673075318; 0,955038184300065; 0,28179876832291484; 0,3796280166134238; 0,9306431566365063; 0,9426850853487849; 0,6506635057739913
14,178784250205547; 0,7374914539977908; 0,655817927327007; 0,7876775916665792; 0,8790907002985477; 0,23813536763191223; 0,5306312753818929; 0,40421984158456326; 0,8994742296636105; 0,40916152484714985; 0,33511034259572625
9,979040372218682; 0,8969605881720781; 0,1159467832185328; 0,5115504432469606; 0,5954942456446588; 0,520951890386641; 0,9222777830436826; 0,7853082953952253; 0,7580126929096878; 0,6833278350532055; 0,5699379583820701
11,67809407544202; 0,09324825555086136; 0,7365347207523882; 0,40302778221666813; 0,7998053068295121; 0,1367342327721417; 0,9455051948316395; 0,9472755859605968; 0,2494983673095703; 0,08561963820829988; 0,5096389511600137
14,419989771074858; 0,4539860342629254; 0,6958253616467118; 0,9955942295491695; 0,7539243688806891; 0,4682634104974568; 0,783634917344898; 0,7982837497256696; 0,01921047968789935; 0,4516442818567157; 0,3487926656380296
14,710121415525219; 0,46752710826694965; 0,14753579534590244; 0,6306670550256968; 0,6718224273063242; 0,638677021022886; 0,6268481258302927; 0,60197968268767; 0,8350779297761619; 0,45441083749756217; 0,11216345289722085
8,923359924990754; 0,364566370844841; 0,7038188274018466; 0,38881351239979267; 0,7906102640554309; 0,21111849509179592; 0,9110525059513748; 0,7533017862588167; 0,1255708895623684; 0,2837332747876644; 0,4580309404991567
10,489918494862088; 0,46307982597500086; 0,49191162269562483; 0,12844154192134738; 0,35146110132336617; 0,29813634883612394; 0,3747803196310997; 0,44689086684957147; 0,8783500110730529; 0,22313522594049573; 0,9177091256715357
10,436955040183603; 0,63385786768049; 0,6249614139087498; 0,3603396890684962; 0,7565469956025481; 0,2792546949349344; 0,19997241767123342; 0,5915186107158661; 0,24968235194683075; 0,56582992663607; 0,16187944868579507
14,378427186895895; 0,8162894896231592; 0,7149038850329816; 0,9660607525147498; 0,3472119732759893; 0,29589942935854197; 0,886419175658375; 0,4185438668355346; 0,14298624824732542; 0,4358662464655936; 0,9339493322186172
14,946300189485358; 0,6638567298650742; 0,3491216925904155; 0,5636803330853581; 0,767123173456639; 0,9753928706049919; 0,6322344355285168; 0,3543746331706643; 0,5564883281476796; 0,9233566271141171; 0,6099804760888219
10,103465375911076; 0,020890242885798216; 0,2312978063710034; 0,8691295403987169; 0,4981712093576789; 0,6976959672756493; 0,22866610577329993; 0,12064474634826183; 0,13079757150262594; 0,44988199369981885; 0,02813680749386549
9,780028648996208; 0,04804790019989014; 0,9465493871830404; 0,8590358961373568; 0,25989898294210434; 0,1616053539328277; 0,320463209412992; 0,7744686272926629; 0,7506001829169691; 0,11755436891689897; 0,008043450303375721
15,179446807373619; 0,8439632365480065; 0,13469001790508628; 0,9917767401784658; 0,5254623335786164; 0,19510815246030688; 0,7897892659530044; 0,12394983042031527; 0,7383433473296463; 0,09593793889507651; 0,680162834469229
9,85937447567564; 0,4103153683245182; 0,9574782778508961; 0,5934689985588193; 0,7522578733041883; 0,9836318329907954; 0,8928574011661112; 0,12170632369816303; 0,25442761927843094; 0,7507482850924134; 0,7138418415561318
14,542125786674251; 0,9136051679961383; 0,725727679207921; 0,9448408628813922; 0,709678154438734; 0,3029678938910365; 0,7456965143792331; 0,274482695851475; 0,5997706027701497; 0,6850041830912232; 0,24443267052993178
14,63447785826182; 0,3565857820212841; 0,5919343298301101; 0,858892114367336; 0,48744945926591754; 0,4305274044163525; 0,6892298148013651; 0,4125379081815481; 0,3731191139668226; 0,5361312814056873; 0,6977501213550568
9,199107619222174; 0,23105166060850024; 0,25010803155601025; 0,21283479360863566; 0,47917430102825165; 0,4418256748467684; 0,03428663453087211; 0,8626366979442537; 0,9962643547914922; 0,33344747545197606; 0,3934496371075511
9,106177258264774; 0,0900826076976955; 0,6906873523257673; 0,010702784638851881; 0,6846372056752443; 0,7660382781177759; 0,9528079102747142; 0,1051172367297113; 0,5867100730538368; 0,545294797513634; 0,1292954827658832
11,112930496762226; 0,48475055675953627; 0,4966438594274223; 0,21656409278512; 0,8538476345129311; 0,3860451765358448; 0,23734880797564983; 0,5623241099528968; 0,98054114356637; 0,031035660300403833; 0,17665410600602627
9,549490717401003; 0,0006277989596128464; 0,8673082632012665; 0,3432881855405867; 0,7016140879131854; 0,9837821247056127; 0,10325760534033179; 0,2508083311840892; 0,08259002724662423; 0,15586529253050685; 0,2668779087252915
10,556294117881947; 0,6339944479987025; 0,5768717788159847; 0,508178595919162; 0,33770671812817454; 0,61854830943048; 0,3905371120199561; 0,3715930278412998; 0,5861658207140863; 0,755676694214344; 0,4486076640896499
10,283684028306528; 0,15793363796547055; 0,7820691536180675; 0,660550847183913; 0,3930378071963787; 0,24652970721945167; 0,35236403439193964; 0,23698954656720161; 0,6587105290964246; 0,45299495849758387; 0,5469033177942038
11,113926814998779; 0,9142207838594913; 0,28538739029318094; 0,5034534842707217; 0,014551267959177494; 0,7303395858034492; 0,5425964747555554; 0,09389235218986869; 0,8415566091425717; 0,8194353263825178; 0,4033989030867815
9,065358150254124; 0,20600731717422605; 0,3772265031002462; 0,5221171784214675; 0,7952651949599385; 0,09696991369128227; 0,9686447060666978; 0,22014446137472987; 0,25114357797428966; 0,7507422980852425; 0,9931186684407294
9,395716968740668; 0,11175969615578651; 0,040301534812897444; 0,30873264418914914; 0,34401390654966235; 0,6531897047534585; 0,14248531637713313; 0,1392402146011591; 0,9383972566574812; 0,9280864545144141; 0,02860612701624632
13,756414946485354; 0,04694703593850136; 0,16583093348890543; 0,4966832702048123; 0,9228514172136784; 0,7728000129573047; 0,4423159146681428; 0,2275860127992928; 0,16216433560475707; 0,36285998299717903; 0,9399264352396131
13,243483667477197; 0,8257355666719377; 0,9024203210137784; 0,6005265084095299; 0,5626995982602239; 0,3500011907890439; 0,5916549088433385; 0,9351254482753575; 0,08673669723793864; 0,509120587259531; 0,6272048642858863
13,232749926979015; 0,42659495677798986; 0,8465342679992318; 0,9613778870552778; 0,8294080700725317; 0,07121419068425894; 0,46930083772167563; 0,4132684408687055; 0,11465312913060188; 0,8401905186474323; 0,5572244292125106
10,187003561399857; 0,7263938435353339; 0,41500415932387114; 0,037221596110612154; 0,7052218792960048; 0,6677356110885739; 0,17568906769156456; 0,11956473579630256; 0,8816387918777764; 0,8111594188958406; 0,17225993983447552
9,101308176402796; 0,9222586243413389; 0,5798424077220261; 0,10327848419547081; 0,9936106791719794; 0,852544249035418; 0,7941023712046444; 0,3243463593535125; 0,2750020525418222; 0,6182584408670664; 0,026570675894618034
10,652101851579122; 0,09063094155862927; 0,39601975167170167; 0,7966891676187515; 0,656205911654979; 0,1794764269143343; 0,27194149792194366; 0,06508531421422958; 0,37490651989355683; 0,8862492418847978; 0,2870619366876781
14,332384257952203; 0,07418020023033023; 0,513318077661097; 0,4129235940054059; 0,7784286383539438; 0,24430443113669753; 0,9829960656352341; 0,22340521542355418; 0,774458384141326; 0,6767993220128119; 0,4774639382958412
11,873848753127382; 0,793333294801414; 0,10828619077801704; 0,6347950780764222; 0,005940423812717199; 0,4600656325928867; 0,670017730910331; 0,026783207431435585; 0,17205666238442063; 0,43136472068727016; 0,9617286468856037
10,955442480774472; 0,16859449865296483; 0,34545357758179307; 0,3490534098818898; 0,19057323224842548; 0,3264431692659855; 0,46462234016507864; 0,9479462965391576; 0,5365604725666344; 0,3288095626048744; 0,6593390279449522
11,210650899619555; 0,24290068401023746; 0,33661315543577075; 0,3939517121762037; 0,6225782055407763; 0,8356619230471551; 0,8819778566248715; 0,3300843252800405; 0,7548276535235345; 0,4802162288688123; 0,8199081653729081
9,388879512022692; 0,5290833725593984; 0,6463742656633258; 0,6447417228482664; 0,3480010782368481; 0,3062116103246808; 0,1767176752910018; 0,9009221135638654; 0,041316865012049675; 0,3582086404785514; 0,6122734490782022
11,494396256565757; 0,4229737212881446; 0,9829567335546017; 0,24088596319779754; 0,3124240171164274; 0,38898744294419885; 0,5068344967439771; 0,913633359130472; 0,49863880639895797; 0,7247064798139036; 0,779198438860476
13,852162084324318; 0,1930717257782817; 0,4759166045114398; 0,946068218909204; 0,969345670659095; 0,6294258823618293; 0,4550549234263599; 0,03917059535160661; 0,7956223413348198; 0,47780600283294916; 0,9862890825606883
14,035911508318696; 0,8081742362119257; 0,41728099435567856; 0,6036088392138481; 0,5485145398415625; 0,4039437500759959; 0,6022436572238803; 0,1948214960284531; 0,9060675278306007; 0,7749210242182016; 0,2253104173578322
9,759828084812625; 0,9616676378063858; 0,694477841258049; 0,49482213892042637; 0,1595920375548303; 0,6277070068754256; 0,3550681807100773; 0,25436012726277113; 0,6876055779866874; 0,6088269045576453; 0,9284974131733179
14,609730334784414; 0,257647099904716; 0,7780594169162214; 0,7389272176660597; 0,7574575408361852; 0,15914063109084964; 0,5940662976354361; 0,46284735668450594; 0,9490894414484501; 0,18768316134810448; 0,05446982802823186
8,858278683979586; 0,5713364002294838; 0,8625305844470859; 0,5491541037335992; 0,05084905959665775; 0,5277753286063671; 0,17613912047818303; 0,04413329251110554; 0,14422274939715862; 0,2532862341031432; 0,8435996882617474
12,928683942076454; 0,747527068015188; 0,7677838085219264; 0,24729765858501196; 0,34740640269592404; 0,03751856600865722; 0,650126573164016; 0,9349668035283685; 0,7951924866065383; 0,0834497269243002; 0,7751190885901451
10,154463961830615; 0,9022107990458608; 0,6318431445397437; 0,3276152005419135; 0,8970378530211747; 0,7197883711196482; 0,1089031808078289; 0,7389989360235631; 0,4819698566570878; 0,8861322510056198; 0,9396129138767719
9,294650610645807; 0,20761437667533755; 0,3600931609980762; 0,4505846472457051; 0,8152805394493043; 0,8327252473682165; 0,9438941259868443; 0,3060655742883682; 0,18067238945513964; 0,5626489291898906; 0,47311718156561255
9,144497210707929; 0,8920089052990079; 0,8063616752624512; 0,06516542285680771; 0,5959662399254739; 0,6578801427967846; 0,0445073819719255; 0,43305440712720156; 0,4948467812500894; 0,5061100134626031; 0,6775944018736482
13,69733351527194; 0,14884992502629757; 0,16606522956863046; 0,15810871915891767; 0,2013233588077128; 0,7981899725273252; 0,9917625607922673; 0,1092854687012732; 0,39997660042718053; 0,10600888868793845; 0,7780486531555653
12,550292773900834; 0,051051031332463026; 0,3002228778786957; 0,30383329652249813; 0,979522914160043; 0,47708905721083283; 0,9225892135873437; 0,8820491498336196; 0,04286436457186937; 0,3931412738747895; 0,9976263595744967
8,88565953852583; 0,44505995605140924; 0,6975141176953912; 0,9422571202740073; 0,1719998656772077; 0,15413184091448784; 0,09224860044196248; 0,35151036782190204; 0,21067616902291775; 0,7282177642919123; 0,25730987219139934
9,864509069852797; 0,9851696672849357; 0,7437309208326042; 0,40242210449650884; 0,8714897786267102; 0,5149420225061476; 0,08232193626463413; 0,35663875425234437; 0,29260216001421213; 0,3193742106668651; 0,8602857892401516
11,871855272121536; 0,8833380681462586; 0,5917605557478964; 0,8238856885582209; 0,8215967020951211; 0,13298585591837764; 0,3475359850563109; 0,8552371300756931; 0,6586503088474274; 0,8127097971737385; 0,2836877005174756
9,95469126800567; 0,0845314571633935; 0,33606719924136996; 0,9151397831737995; 0,36476827692240477; 0,3402988309971988; 0,2656193030998111; 0,6158615262247622; 0,7939452133141458; 0,44550227653235197; 0,7980726361274719
12,452904786365863; 0,10151544818654656; 0,17586199846118689; 0,23985409690067172; 0,5136537062935531; 0,4888981506228447; 0,48241760255768895; 0,49808765202760696; 0,04272814095020294; 0,2052183491177857; 0,7019426506012678
11,128103875423262; 0,8446632926352322; 0,3265829677693546; 0,18717144383117557; 0,0366912167519331; 0,06075454410165548; 0,5393772167153656; 0,9658108595758677; 0,8543339180760086; 0,7216116543859243; 0,5918079419061542
9,589350862342416; 0,6082876967266202; 0,9238250916823745; 0,5388863831758499; 0,10613727802410722; 0,2665656441822648; 0,34070729138329625; 0,4894498586654663; 0,2212306340225041; 0,5629448196850717; 0,011851608753204346
14,629498132299275; 0,10909843211993575; 0,21854097628965974; 0,3071416961029172; 0,03233211953192949; 0,488795661367476; 0,8442249274812639; 0,5635265163145959; 0,6813535466790199; 0,8693732391111553; 0,9973055175505579
9,913865714025519; 0,4559145043604076; 0,6968060149811208; 0,08492100844159722; 0,5630877837538719; 0,32743080565705895; 0,9297802424989641; 0,06379995448514819; 0,7108857296407223; 0,45268277917057276; 0,6743784500285983
10,695760574628956; 0,08111746003851295; 0,2683412926271558; 0,1840349812991917; 0,6355550801381469; 0,5924458801746368; 0,2610257272608578; 0,5403298139572144; 0,7079042666591704; 0,46515502873808146; 0,6278166174888611
13,675426209561586; 0,701317673549056; 0,8104621032252908; 0,10755974240601063; 0,4997194963507354; 0,503588036634028; 0,6133356569334865; 0,8069025976583362; 0,8613432636484504; 0,017946372739970684; 0,518012494314462
14,49636714893589; 0,7581160343252122; 0,10021488834172487; 0,8668712708167732; 0,7291886112652719; 0,9013887420296669; 0,7586142201907933; 0,2672783946618438; 0,6242143912240863; 0,4518636232241988; 0,08463482931256294
10,00551711188916; 0,19620797084644437; 0,7815053188242018; 0,812623418867588; 0,5698948092758656; 0,46199484542012215; 0,23346537165343761; 0,667630088981241; 0,12395078549161553; 0,2655169046483934; 0,35625572921708226
9,907359008160125; 0,747306733392179; 0,4720892538316548; 0,9920202093198895; 0,232845111284405; 0,999568531755358; 0,3131733206100762; 0,018649848643690348; 0,888153956271708; 0,006207550875842571; 0,1934861307963729
10,06178397695232; 0,021959679666906595; 0,0884418529458344; 0,6291283429600298; 0,8261990565806627; 0,18677003774791956; 0,09868002589792013; 0,8004185818135738; 0,06622954737395048; 0,7490364457480609; 0,743205436039716
15,074999115995496; 0,1991601660847664; 0,507334416732192; 0,21985818073153496; 0,5744754513725638; 0,2518079779110849; 0,7667622365988791; 0,7206853744573891; 0,6755136665888131; 0,373247099108994; 0,8063137959688902
9,901712025389479; 0,5074923038482666; 0,36888941563665867; 0,406927655916661; 0,9510803087614477; 0,16569606494158506; 0,03292502462863922; 0,007867543492466211; 0,2450077054090798; 0,3001196472905576; 0,16768194595351815
10,349709679323855; 0,20379080390557647; 0,8044857163913548; 0,1442660498432815; 0,40187185537070036; 0,05739149171859026; 0,3327182433567941; 0,021100651938468218; 0,41600024700164795; 0,9292524266056716; 0,8158850334584713
15,074315729840288; 0,8880796474404633; 0,4972284152172506; 0,5340953944250941; 0,7143913498148322; 0,6096376520581543; 0,689741610083729; 0,9169576307758689; 0,3093903767876327; 0,35357856657356024; 0,4845990166068077
15,017899077195112; 0,4778691232204437; 0,5787099972367287; 0,9342022030614316; 0,8997067240998149; 0,19088428607210517; 0,5894799851812422; 0,27781564742326736; 0,21976521611213684; 0,902694677002728; 0,18898165319114923
14,870396493768002; 0,5025428989902139; 0,6740127112716436; 0,9891143147833645; 0,7724464000202715; 0,43985002813860774; 0,7387179723009467; 0,9595920639112592; 0,7862213938497007; 0,4117436748929322; 0,1947431704029441
15,171107992769974; 0,9811549261212349; 0,11717305239289999; 0,20695079304277897; 0,8135638148523867; 0,2976794266141951; 0,6572694769129157; 0,2833277671597898; 0,7092093550600111; 0,3655350711196661; 0,8830650877207518
14,069660620311979; 0,921025977935642; 0,16972081968560815; 0,9161313828080893; 0,5492646535858512; 0,14507815288379788; 0,5995191331021488; 0,30705878837034106; 0,15506676072254777; 0,10971309058368206; 0,3302323594689369
13,873188277327449; 0,7528076898306608; 0,45743057131767273; 0,847179111558944; 0,8660248117521405; 0,8594154180027544; 0,476088535040617; 0,6407911079004407; 0,9006387246772647; 0,18132369639351964; 0,31817903323099017
8,90813348350106; 0,6351830302737653; 0,7792482362128794; 0,6941948188468814; 0,25488560507074; 0,2205219562165439; 0,09506580699235201; 0,12457354785874486; 0,36942902440205216; 0,7753340578638017; 0,431142998393625
12,071015282042044; 0,3200453040190041; 0,5957245347090065; 0,7365515935234725; 0,16157766291871667; 0,040905516128987074; 0,5989326322451234; 0,31344461161643267; 0,5648554186336696; 0,36102165887132287; 0,34785684663802385
10,287292111809174; 0,901129478123039; 0,6465250705368817; 0,6512544793076813; 0,5885931374505162; 0,9458701824769378; 0,2627103552222252; 0,1306539229117334; 0,7789912610314786; 0,06634393194690347; 0,3324694614857435
9,017690036850265; 0,8772524865344167; 0,4712793845683336; 0,713904938660562; 0,030543985310941935; 0,47970233717933297; 0,1723448890261352; 0,5378932449966669; 0,008555233012884855; 0,08893543994054198; 0,7982733906246722
11,897273078453042; 0,8672300367616117; 0,3508735755458474; 0,42936844378709793; 0,4903753367252648; 0,7072528069838881; 0,4799417555332184; 0,3114355159923434; 0,4839014569297433; 0,7266804724931717; 0,17187046771869063
13,777421588656546; 0,7040514480322599; 0,7855537040159106; 0,3056709738448262; 0,6014114487916231; 0,7817817162722349; 0,817397533915937; 0,6125908461399376; 0,7100154738873243; 0,42178892344236374; 0,7377257021144032
14,030493127269313; 0,7149051008746028; 0,12489634891971946; 0,6499829445965588; 0,7749793408438563; 0,315862188115716; 0,5287345759570599; 0,042729005217552185; 0,895099176093936; 0,3380452198907733; 0,03416108572855592
10,616117958673936; 0,5020762355998158; 0,30322633031755686; 0,29347151424735785; 0,7084931069985032; 0,4555097543634474; 0,22505328804254532; 0,45859655644744635; 0,24654238484799862; 0,6615548525005579; 0,4752584816887975
14,574599016895975; 0,21933156438171864; 0,9251970914192498; 0,5964887533336878; 0,70858184248209; 0,7407719697803259; 0,616703612729907; 0,6199522353708744; 0,03021511249244213; 0,6382092935964465; 0,23955723270773888
14,558296769853747; 0,04426920274272561; 0,9234009990468621; 0,2649369486607611; 0,8900656397454441; 0,25737143075093627; 0,5521758822724223; 0,34812155086547136; 0,3799983593635261; 0,21968204341828823; 0,43360132444649935
8,829672638060732; 0,7667141775600612; 0,600727601442486; 0,28338785795494914; 0,14489874709397554; 0,8541687708348036; 0,038906249683350325; 0,1271361457183957; 0,7728707576170564; 0,28349565947428346; 0,9329444030299783
12,280668936457563; 0,5657566683366895; 0,5107652880251408; 0,32757594250142574; 0,09280614322051406; 0,17288686847314239; 0,6369864521548152; 0,0678180274553597; 0,09274224797263741; 0,16119140246883035; 0,027945724315941334
15,105968489121478; 0,9478029734455049; 0,043994306586682796; 0,23633995093405247; 1,0393094271421432E-05; 0,9216492134146392; 0,9728865455836058; 0,7637670910917222; 0,7771154060028493; 0,6483953269198537; 0,14377484563738108
11,819325164812886; 0,837183581199497; 0,6001903531141579; 0,835762198548764; 0,5117258261889219; 0,8487053229473531; 0,4446167419664562; 0,004888070747256279; 0,5017907093279064; 0,49918910255655646; 0,6123433760367334
8,742131913194152; 0,6220781314186752; 0,7100767162628472; 0,6171795292757452; 0,08590667461976409; 0,5556556405499578; 0,030306877102702856; 0,38100379379466176; 0,6068150619976223; 0,9317541313357651; 0,9759983131662011
12,9346455704839; 0,8234826126135886; 0,5355178355239332; 0,3663219786249101; 0,48452215921133757; 0,8179907999001443; 0,8978236089460552; 0,5127085531130433; 0,700668596662581; 0,3636149875819683; 0,02632446400821209
10,145250399654284; 0,5099084498360753; 0,7880566203966737; 0,23293676879256964; 0,8297471259720623; 0,11247065803036094; 0,1442399057559669; 0,07240108773112297; 0,5784092238172889; 0,869501868262887; 0,6112158251926303
13,747252872363878; 0,7876032409258187; 0,78393684187904; 0,6645671669393778; 0,9457933609373868; 0,22108636749908328; 0,4445325625129044; 0,8275151439011097; 0,8665391341783106; 0,17311101080849767; 0,22896659187972546
15,137361800923312; 0,16047241957858205; 0,3462073337286711; 0,9895462649874389; 0,16586729511618614; 0,6530397767201066; 0,9668842819519341; 0,6153313205577433; 0,020809381268918514; 0,8100390466861427; 0,08525071945041418
13,804167690944244; 0,7271729088388383; 0,13274174463003874; 0,10301483143121004; 0,6011056895367801; 0,38756772968918085; 0,5969342705793679; 0,48089967342093587; 0,9454412944614887; 0,1757492176257074; 0,18861895892769098
10,305376515498732; 0,6684884470887482; 0,10591532802209258; 0,844113883562386; 0,6349539472721517; 0,09932746598497033; 0,9087418811395764; 0,55502291303128; 0,30819305358454585; 0,22973237885162234; 0,7887059366330504
9,822422286578995; 0,9063556320033967; 0,5406982051208615; 0,7970950701273978; 0,2554446584545076; 0,6205559633672237; 0,30445287656039; 0,9458144316449761; 0,5847518490627408; 0,9223313671536744; 0,1478428398258984
12,231643866035649; 0,8130616080015898; 0,8435351112857461; 0,8307467587292194; 0,22517770901322365; 0,8047849577851593; 0,5936465179547668; 0,11069212155416608; 0,051201851572841406; 0,9451978662982583; 0,6831333003938198
14,835178198844757; 0,006170141976326704; 0,8158304006792605; 0,8865696396678686; 0,2622090959921479; 0,8827131469734013; 0,8836536007001996; 0,6923960261046886; 0,9461667682044208; 0,8439597613178194; 0,5140833174809813
9,30108939457446; 0,20507945166900754; 0,4730803295969963; 0,802158294711262; 0,5981787205673754; 0,6763340816833079; 0,04222926218062639; 0,09178037755191326; 0,6219603195786476; 0,07531358813866973; 0,39339347975328565
13,585198628486237; 0,5212755142711103; 0,8643641551025212; 0,9382166070863605; 0,24681816715747118; 0,16096763499081135; 0,7591594541445374; 0,27057572174817324; 0,007360491901636124; 0,5007552523165941; 0,5052547631785274
9,329119148621496; 0,9018610641360283; 0,953434425406158; 0,9954633694142103; 0,7414366262964904; 0,3443231233395636; 0,05611687991768122; 0,2685438599437475; 0,5621550739742815; 0,9834588360972703; 0,09798160986974835
14,751712918020708; 0,6495069456286728; 0,38774813432246447; 0,5304922112263739; 0,21090152533724904; 0,6391573008149862; 0,8518963176757097; 0,1820927052758634; 0,9672135827131569; 0,6673812139779329; 0,8700863556005061
9,740220721659286; 0,1168046803213656; 0,19204467767849565; 0,3179913070052862; 0,37986233178526163; 0,2918711379170418; 0,20834439853206277; 0,35292492248117924; 0,8073820504359901; 0,26970761455595493; 0,7526775253936648
9,327061645576892; 0,3170698191970587; 0,10708195436745882; 0,007998011540621519; 0,7219766029156744; 0,6956188129261136; 0,894100031349808; 0,5265841037034988; 0,6468102238141; 0,7150164698250592; 0,3124238895252347
14,981001333855327; 0,724491692148149; 0,7156500550918281; 0,3568729110993445; 0,80139817064628; 0,7125231414102018; 0,6523258243687451; 0,11021048622205853; 0,5776561079546809; 0,1068515358492732; 0,2946507721208036
12,731092178302902; 0,8788430821150541; 0,47523583797737956; 0,7139662969857454; 0,5520010432228446; 0,7008652202785015; 0,5097859157249331; 0,024235414806753397; 0,9533186331391335; 0,10038348799571395; 0,5667828377336264
9,620941980858321; 0,2104304381646216; 0,6475674659013748; 0,1567943999543786; 0,48485845094546676; 0,7466704868711531; 0,1744878487661481; 0,09695218689739704; 0,5985211268998682; 0,03876331681385636; 0,48755744053050876
13,844588747942325; 0,915178996976465; 0,7162495688535273; 0,8671691375784576; 0,14193554548546672; 0,5268903318792582; 0,8160090739838779; 0,9782710201106966; 0,4401109009049833; 0,8968920898623765; 0,10650125658139586
10,88107850855988; 0,6187791526317596; 0,7156678289175034; 0,5248760795220733; 0,501210814807564; 0,3653422510251403; 0,35437033604830503; 0,18226498365402222; 0,8312661210075021; 0,6899582110345364; 0,1664853789843619
10,482696399126935; 0,2618384105153382; 0,9713470516726375; 0,2558133117854595; 0,6151083512231708; 0,8777057430706918; 0,2857693354599178; 0,9303585700690746; 0,8108139047399163; 0,6439874623902142; 0,6780235380865633
15,124132235824183; 0,11275304155424237; 0,37132740672677755; 0,09550746949389577; 0,13380652759224176; 0,8339042132720351; 0,9406849215738475; 0,4425221555866301; 0,35564255015924573; 0,3575700372457504; 0,18745356146246195
12,928004662106225; 0,0879502072930336; 0,08824937790632248; 0,002534048166126013; 0,7820680965669453; 0,7559030731208622; 0,4205441139638424; 0,3542001470923424; 0,24643926927819848; 0,9088443419896066; 0,7659423919394612
8,838349877838347; 0,9703278415836394; 0,44868638552725315; 0,7964021749794483; 0,6599124493077397; 0,41959180450066924; 0,9406443270854652; 0,19907330069690943; 0,10161075228825212; 0,13919809134677052; 0,6382522229105234
9,384196655330793; 0,13545731222257018; 0,12843741104006767; 0,06471155257895589; 0,5646866536699235; 0,8469039546325803; 0,9500236199237406; 0,3918163664638996; 0,5557271433062851; 0,13945550378412008; 0,457685440313071
9,347588100807574; 0,37864223681390285; 0,8050438398495317; 0,4678604006767273; 0,3289701733738184; 0,25134669337421656; 0,2105860598385334; 0,43333815736696124; 0,5045506674796343; 0,01559615321457386; 0,4447363503277302
9,480542447550013; 0,4057148681022227; 0,7147567835636437; 0,26597741059958935; 0,8926349631510675; 0,3972174972295761; 0,0011180844157934189; 0,9897677265107632; 0,022814974654465914; 0,8822778877802193; 0,6676802239380777
9,030934274628311; 0,36398303881287575; 0,8783053951337934; 0,901240146253258; 0,14114956464618444; 0,09298559045419097; 0,19842486176639795; 0,41118535259738564; 0,3684689658693969; 0,1518011474981904; 0,2919388641603291
9,247777294074067; 0,22276126919314265; 0,9738734462298453; 0,24151348834857345; 0,5734073366038501; 0,6164145823568106; 0,10224298341199756; 0,7217343035154045; 0,48573296004906297; 0,5416011959314346; 0,9538699318654835
8,99227910665248; 0,3162447693757713; 0,9213905753567815; 0,3241840545088053; 0,12574658263474703; 0,8570623560808599; 0,19684305740520358; 0,5543462713249028; 0,16434498270973563; 0,6967780594713986; 0,6343929502181709
8,7746946704212; 0,38415362359955907; 0,8667213870212436; 0,43486716179177165; 0,9422360528260469; 0,17819969542324543; 0,9773897239938378; 0,05547884292900562; 0,3019068627618253; 0,5742146950215101; 0,8445776225998998
9,535348114682977; 0,28688509156927466; 0,2934396476484835; 0,14577762642875314; 0,3004136513918638; 0,5556109244935215; 0,1972240167669952; 0,6052413815632463; 0,9067459502257407; 0,50912229064852; 0,358879161067307
11,393631753771185; 0,2850270909257233; 0,6415761387906969; 0,5388560076244175; 0,18169507570564747; 0,8546172571368515; 0,5470481868833303; 0,591283849440515; 0,6460502403788269; 0,2446632501669228; 0,9089847742579877
9,383052129586925; 0,5529764099046588; 0,2039519282989204; 0,09657698357477784; 0,41290581645444036; 0,6022630454972386; 0,11746226204559207; 0,8022256200201809; 0,018344378098845482; 0,9380375412292778; 0,4988218676298857
14,74202287329217; 0,2795453043654561; 0,8204893115907907; 0,22685187682509422; 0,824586421251297; 0,09158771857619286; 0,5947879925370216; 0,20820273039862514; 0,1504366467706859; 0,6372671099379659; 0,10904766386374831
10,565139546556312; 0,2842448246665299; 0,46229708939790726; 0,7957920618355274; 0,521446774713695; 0,9373426148667932; 0,3193836361169815; 0,32133762119337916; 0,22703511314466596; 0,4759192713536322; 0,19281328842043877
14,980443165914124; 0,47707133973017335; 0,7118440503254533; 0,38273246586322784; 0,6944536548107862; 0,7512425263412297; 0,6769456276670098; 0,10173673462122679; 0,5936192800290883; 0,8617555052042007; 0,07579628936946392
9,356659912396326; 0,32208406599238515; 0,49549562484025955; 0,2633427809923887; 0,4187120678834617; 0,5995107782073319; 0,12672269716858864; 0,19335097260773182; 0,8675416219048202; 0,5408496945165098; 0,17801041109487414
13,37459630531425; 0,9013637653551996; 0,5015564658679068; 0,6335671581327915; 0,12363509414717555; 0,0281573967076838; 0,7145125954411924; 0,6224702666513622; 0,705842652823776; 0,10057342238724232; 0,9875618452206254
9,092614889657966; 0,6970945089124143; 0,5906936461105943; 0,46130379382520914; 0,05227412097156048; 0,09875603253021836; 0,19827473629266024; 0,5211061257869005; 0,5301037156023085; 0,8681527050212026; 0,9875208223238587
12,740052242322394; 0,2564328168518841; 0,3797262189909816; 0,2700999672524631; 0,7821040721610188; 0,6458934964612126; 0,41123181907460093; 0,02404665481299162; 0,4438535878434777; 0,12359284656122327; 0,26695865858346224
11,04307535885533; 0,4886282067745924; 0,06189612206071615; 0,05964698316529393; 0,9446668270975351; 0,22235279297456145; 0,9594142348505557; 0,8234398765489459; 0,5595483449287713; 0,8375888424925506; 0,764560401905328
9,836128649438434; 0,46641339641064405; 0,05213420372456312; 0,7276044338941574; 0,660951055586338; 0,9096837909892201; 0,1256094234995544; 0,7216433812864125; 0,692218676675111; 0,31834481470286846; 0,3076785486191511
10,16807634842899; 0,1049027917906642; 0,007890878710895777; 0,670149551704526; 0,7658684263005853; 0,03269915282726288; 0,13438759790733457; 0,9977306677028537; 0,26756303384900093; 0,726933145429939; 0,627607214730233
9,053646082247768; 0,02080649510025978; 0,7247062269598246; 0,7566737392917275; 0,21495911851525307; 0,6848975089378655; 0,14696105755865574; 0,3074820265173912; 0,26866872049868107; 0,25044716196134686; 0,6160478116944432
12,306233854151703; 0,4173400863073766; 0,08459225576370955; 0,7475856700912118; 0,5336123970337212; 0,3357953638769686; 0,4953308622352779; 0,8092762613669038; 0,5643906854093075; 0,4417596668936312; 0,4992847046814859
11,023794643886433; 0,8301155311055481; 0,6092086494900286; 0,32569210371002555; 0,6434955787844956; 0,384367567487061; 0,3180399634875357; 0,024089067708700895; 0,2649191226810217; 0,061353019904345274; 0,028798476327210665
15,031683058327296; 0,3349249707534909; 0,6065793051384389; 0,19903263915330172; 0,8120613577775657; 0,46781758265569806; 0,66832319740206; 0,027906253468245268; 0,8206181610003114; 0,7014618627727032; 0,629942893050611
9,268186198142777; 0,5065801008604467; 0,9512991304509342; 0,8485309625975788; 0,4012963720597327; 0,6218594275414944; 0,18256421713158488; 0,2385197291150689; 0,5032945433631539; 0,5567021970637143; 0,26868304098024964
15,159719287537854; 0,021727052982896566; 0,2272579246200621; 0,5793362306430936; 0,5773302200250328; 0,9063296667300165; 0,7456713388673961; 0,31367111718282104; 0,6133722234517336; 0,3594616032205522; 0,7576510179787874
14,788822953582995; 0,9631260968744755; 0,2677374924533069; 0,20936630759388208; 0,3723225938156247; 0,8209012746810913; 0,7703558490611613; 0,2204066659323871; 0,8892160388641059; 0,01885541807860136; 0,4404779872857034
9,693733032809122; 0,17728776158764958; 0,8220773283392191; 0,29129213793203235; 0,1383398473262787; 0,10901694465428591; 0,3342814240604639; 0,5552363940514624; 0,9876624685712159; 0,6373107405379415; 0,42881620256230235
9,168502131305592; 0,9871144266799092; 0,7293563527055085; 0,18498401949182153; 0,45690117217600346; 0,07855206076055765; 0,09140258934348822; 0,8756768121384084; 0,1869089943356812; 0,8981686420738697; 0,7613785769790411
14,6449997054311; 0,2563354913145304; 0,6426879530772567; 0,19905112590640783; 0,735185522120446; 0,021690030116587877; 0,5977113051339984; 0,013450850266963243; 0,08841196354478598; 0,4749106131494045; 0,9874357925727963
12,209282608756514; 0,4459374425932765; 0,46035616798326373; 0,5674062762409449; 0,16232252912595868; 0,11021085316315293; 0,6538560995832086; 0,23417356796562672; 0,4881639024242759; 0,8373849089257419; 0,4078745571896434
9,366251116931432; 0,7707710573449731; 0,4782461365684867; 0,3546747947111726; 0,37948974361643195; 0,18450955441221595; 0,15208889776840806; 0,13911306206136942; 0,4453304996713996; 0,7415646421723068; 0,8750997041352093
11,176244487935909; 0,1408929186873138; 0,367251000367105; 0,35801666509360075; 0,5593591784127057; 0,15619851369410753; 0,35078640980646014; 0,2063123621046543; 0,17069437727332115; 0,9084086534567177; 0,8492795038037002
10,027292546571639; 0,41433632001280785; 0,8285874058492482; 0,3430454568006098; 0,8642053599469364; 0,2237450983375311; 0,11743833450600505; 0,7754685999825597; 0,9999881023541093; 0,9859183933585882; 0,376627451274544
14,612187156178111; 0,558110989164561; 0,5384870315901935; 0,3643335234373808; 0,40764712961390615; 0,8938452475704253; 0,746507456060499; 0,7678971425630152; 0,4414794007316232; 0,050738987512886524; 0,415640477091074
13,410402135612712; 0,03835549158975482; 0,3743933909572661; 0,7308276514522731; 0,9157934053801; 0,4354026047512889; 0,944439338054508; 0,9686975972726941; 0,5881804642267525; 0,29838639637455344; 0,5442506507970393
9,565508684143849; 0,594686103053391; 0,5951425987295806; 0,8008465091697872; 0,9001281312666833; 0,5855844668112695; 0,8395781791768968; 0,22343485103920102; 0,6588966581039131; 0,4823939725756645; 0,8474274761974812
9,472225081507595; 0,4700475395657122; 0,7330181961879134; 0,19159180717542768; 0,3774939370341599; 0,6930957743898034; 0,19895128905773163; 0,3905507638119161; 0,10024871164932847; 0,8664549817331135; 0,6119168628938496
10,16301526200945; 0,15605708258226514; 0,4423591122031212; 0,8227643244899809; 0,47664049081504345; 0,7756395377218723; 0,27245472744107246; 0,5732206893153489; 0,7540683522820473; 0,5209698230028152; 0,23788840603083372
10,15805619451098; 0,35358082596212626; 0,8121055685915053; 0,7224900983273983; 0,7151606907136738; 0,8116338849067688; 0,19109535310417414; 0,13252526242285967; 0,19439521385356784; 0,7738489196635783; 0,6664527198299766
10,447129537866303; 0,8842576793394983; 0,7993226163089275; 0,8597564082592726; 0,5776703958399594; 0,5160512584261596; 0,2898839833214879; 0,3154458226636052; 0,8204543315805495; 0,5320214168168604; 0,4270389969460666
13,78807231133709; 0,20602958230301738; 0,6775371301919222; 0,6881748442538083; 0,3121877247467637; 0,5323164453729987; 0,7405589479021728; 0,4285967918112874; 0,49230462638661265; 0,8514840118587017; 0,8059603767469525
10,990010146663593; 0,40389879373833537; 0,14565226063132286; 0,1656043347902596; 0,49306943267583847; 0,212376918643713; 0,3467172523960471; 0,3592680720612407; 0,9182493607513607; 0,18022716604173183; 0,39104643231257796
14,013406316276505; 0,9748385190032423; 0,5077459872700274; 0,7074714680202305; 0,05194338224828243; 0,5522699733264744; 0,8199185356497765; 0,5132472640834749; 0,929915661457926; 0,43132841773331165; 0,5590532147325575
10,483980348079221; 0,17861299263313413; 0,7058355351909995; 0,5262491945177317; 0,973600534722209; 0,10063779912889004; 0,13016786379739642; 0,39277965389192104; 0,45198189141228795; 0,4385422528721392; 0,7688006204552948
14,647118571252737; 0,7850488657131791; 0,07117373775690794; 0,25535547314211726; 0,016515692695975304; 0,04099860321730375; 0,8559305141679943; 0,42665482172742486; 0,731187014374882; 0,2802721820771694; 0,4318918981589377
10,828559363480407; 0,7814781633205712; 0,04079558188095689; 0,6958193550817668; 0,3706214032135904; 0,8820792497135699; 0,4047084851190448; 0,8622540845535696; 0,5442154696211219; 0,0842433082871139; 0,6463482771068811
13,096640460938447; 0,6153943310491741; 0,6034973873756826; 0,038042362313717604; 0,07987422589212656; 0,8551404918543994; 0,7130217016674578; 0,34354111179709435; 0,8402183745056391; 0,37350588850677013; 0,6771893701516092
13,934686217448586; 0,40649767266586423; 0,4822184229269624; 0,8355165063403547; 0,6082394691184163; 0,4515117951668799; 0,6147445267997682; 0,41421590046957135; 0,36399877863004804; 0,6105896518565714; 0,9936455525457859
14,819997569767782; 0,7695738906040788; 0,8758828602731228; 0,004960165824741125; 0,009400423616170883; 0,8198644039221108; 0,9928287053480744; 0,8390016867779195; 0,5835831905715168; 0,31375542702153325; 0,9960240181535482
9,055220687804894; 0,43029580265283585; 0,8372092912904918; 0,0819084383547306; 0,18887071125209332; 0,38189541129395366; 0,176099494099617; 0,5305904150009155; 0,4720171890221536; 0,024496620055288076; 0,5507886568084359
12,444518959046363; 0,6787919481284916; 0,39517118828371167; 0,28138780780136585; 0,7749881185591221; 0,2514384165406227; 0,4174503181129694; 0,42027343483641744; 0,5073340716771781; 0,19985452806577086; 0,6615623002871871
10,51540622985679; 0,48158717853948474; 0,9962061000987887; 0,5039694607257843; 0,7821732740849257; 0,9732082700356841; 0,23440257646143436; 0,6113575426861644; 0,6899211788550019; 0,40637356927618384; 0,35667121410369873
10,211911490189216; 0,7858985308557749; 0,5529620288871229; 0,6421977784484625; 0,5369390607811511; 0,7700668107718229; 0,24627966433763504; 0,6382014625705779; 0,5490546957589686; 0,31924219662323594; 0,05692550214007497
10,128978989824835; 0,6407460011541843; 0,37394265132024884; 0,7510752426460385; 0,355785240419209; 0,7537927497178316; 0,2907264716923237; 0,7202764074318111; 0,27882338175550103; 0,2651764117181301; 0,38200705125927925
14,412006262554884; 0,970485735218972; 0,7209677663631737; 0,9371864814311266; 0,8386022192426026; 0,6315822135657072; 0,5769597422331572; 0,14960953267291188; 0,520834153983742; 0,37439883267506957; 0,31427488988265395
10,753761912213402; 0,0664531933143735; 0,24366659577935934; 0,6482531381770968; 0,3436397323384881; 0,3688774621114135; 0,4035642151720822; 0,36648550909012556; 0,7989652054384351; 0,8936850260943174; 0,9902337673120201
9,881976092307806; 0,18176754983142018; 0,6419292194768786; 0,02112927008420229; 0,0263032135553658; 0,42120437836274505; 0,3917181845754385; 0,14351131720468402; 0,9908998096361756; 0,21805655816569924; 0,43714409973472357
11,984247762539207; 0,6361469342373312; 0,008566156961023808; 0,6257269764319062; 0,5450813211500645; 0,9885574765503407; 0,45520704658702016; 0,6577121173031628; 0,4436821141280234; 0,11414064886048436; 0,16822319570928812
12,314865264703688; 0,49041021009907126; 0,6443404802121222; 0,4786073798313737; 0,8334936713799834; 0,9600486918352544; 0,796674354467541; 0,5005721156485379; 0,6715639187023044; 0,44518459727987647; 0,17806474352255464
9,021565913566809; 0,5270879836753011; 0,44172645919024944; 0,7416912657208741; 0,2382695348933339; 0,7618489568121731; 0,07878839364275336; 0,32187808165326715; 0,5919065307825804; 0,06757982494309545; 0,37462465930730104
13,05050135305279; 0,21959790401160717; 0,5874578449875116; 0,8792104008607566; 0,518171667587012; 0,002414241898804903; 0,5446702004410326; 0,958805778529495; 0,27464162604883313; 0,714412048459053; 0,2557307085953653
14,914859282787777; 0,08608696702867746; 0,1493102009408176; 0,5502305803820491; 0,4408438578248024; 0,1595414848998189; 0,7794630117714405; 0,5792352790012956; 0,23485060967504978; 0,6599465035833418; 0,22635693242773414
13,07720387785443; 0,9158201585523784; 0,18728845240548253; 0,08280826872214675; 0,72394859790802; 0,7922450574114919; 0,45524390367791057; 0,9623392047360539; 0,9160721777006984; 0,6428046734072268; 0,5265503916889429
9,163439274618773; 0,681073410436511; 0,3497347482480109; 0,5432508308440447; 0,42660409258678555; 0,08414006559178233; 0,05324379773810506; 0,08324680896475911; 0,8391120368614793; 0,5732173593714833; 0,5822169412858784
12,618016928350121; 0,9898377824574709; 0,666987965349108; 0,7914156294427812; 0,24306321050971746; 0,9472724311053753; 0,6470024366863072; 0,7484023808501661; 0,29011338436976075; 0,7329724058508873; 0,06327797938138247
14,5791280819447; 0,08110751397907734; 0,4730897964909673; 0,8847726513631642; 0,3939193324185908; 0,4166497210972011; 0,9389969981275499; 0,06903552915900946; 0,7951280041597784; 0,9235857776366174; 0,05140788946300745
14,905587340192195; 0,49818877549842; 0,8503636545501649; 0,7045514117926359; 0,9442748888395727; 0,7671328554861248; 0,5896732495166361; 0,7858885615132749; 0,899481596890837; 0,20887175109237432; 0,016234675887972116
10,364098253195877; 0,7004359229467809; 0,46738836728036404; 0,5307021397165954; 0,7359189153648913; 0,44436097983270884; 0,18838617345318198; 0,34085670253261924; 0,7647480391897261; 0,747480143327266; 0,3676210409030318
11,471423774407864; 0,10178223485127091; 0,9219863465987146; 0,5192068847827613; 0,22277018567547202; 0,3137891353107989; 0,5308521972037852; 0,3405462368391454; 0,3343505789525807; 0,6516255079768598; 0,058384834323078394
12,44764273204536; 0,15901320287957788; 0,7586625069379807; 0,88931171502918; 0,49488506745547056; 0,9929659008048475; 0,5072818892076612; 0,17843600269407034; 0,8306986643001437; 0,7027365667745471; 0,8578657573089004
11,788494642896742; 0,5963192079216242; 0,038183575961738825; 0,5624706679955125; 0,7379274927079678; 0,40469827596098185; 0,3606873885728419; 0,13391848793253303; 0,8510322901420295; 0,4238584483973682; 0,5045512183569372
8,854912682351587; 0,8783042910508811; 0,821082676295191; 0,6883113156072795; 0,38638717914000154; 0,2751490632072091; 0,030408130958676338; 0,12390526849776506; 0,18474702443927526; 0,9087934554554522; 0,6589570241048932
13,309033644942494; 0,4565286538563669; 0,028360099531710148; 0,858304803725332; 0,9703654041513801; 0,45417765341699123; 0,40542549965903163; 0,4474777979776263; 0,7685157200321555; 0,587140444200486; 0,7464325088076293
10,270103158297559; 0,6395752220414579; 0,5496917660348117; 0,4244203716516495; 0,38728451542556286; 0,0955978762358427; 0,3174135163426399; 0,0399912353605032; 0,2570451470091939; 0,5652741896919906; 0,8151801289059222
13,569280543336745; 0,24053111905232072; 0,06978051923215389; 0,18431779416278005; 0,5118048768490553; 0,14313609525561333; 0,8655946622602642; 0,5369844874367118; 0,1561817559413612; 0,15562056377530098; 0,2764380481094122
10,150883641465645; 0,4375218478962779; 0,5399391921237111; 0,0957557475194335; 0,4805140160024166; 0,00409719767048955; 0,25720102014020085; 0,26076331129297614; 0,1800024639815092; 0,29055228689685464; 0,7036176528781652
8,846243258249624; 0,9911498967558146; 0,4610224370844662; 0,19215010339394212; 0,5309521099552512; 0,6466475478373468; 0,9936147714033723; 0,289668517652899; 0,6835647616535425; 0,3712165281176567; 0,30094296019524336
10,481458247636088; 0,23389875888824463; 0,3927864758297801; 0,47958135372027755; 0,38328381488099694; 0,369441379327327; 0,3366055660881102; 0,007904000114649534; 0,5882096416316926; 0,3336621564812958; 0,3634506119415164
10,1788411062313; 0,4447613274678588; 0,250965328887105; 0,26280808029696345; 0,2754336935468018; 0,9138340721838176; 0,3258072235621512; 0,1690747574903071; 0,48068296955898404; 0,10403627390041947; 0,03529067290946841
11,882162407779402; 0,3787508043460548; 0,416512968018651; 0,3786716517060995; 0,1828423752449453; 0,8806926272809505; 0,5604795548133552; 0,4157442506402731; 0,19885579496622086; 0,48155809147283435; 0,1595975230447948
12,437575242851755; 0,1995605775155127; 0,25085706217214465; 0,004393611568957567; 0,9498239299282432; 0,4473648378625512; 0,9507935680449009; 0,05082419840618968; 0,7642053575254977; 0,5210998081602156; 0,3062080149538815
12,886072986299343; 0,3359171077609062; 0,5008958061225712; 0,19749830337241292; 0,38110329722985625; 0,7563290703110397; 0,5833858610130847; 0,8725743992254138; 0,750275841448456; 0,964758652728051; 0,6475396221503615
10,19152084210021; 0,4462031051516533; 0,13632564200088382; 0,028741639107465744; 0,5403281184844673; 0,16466381959617138; 0,22350515751168132; 0,8879704335704446; 0,994406022131443; 0,9331755419261754; 0,4190291096456349
15,029833844690987; 0,09903117455542088; 0,4281583144329488; 0,648563090711832; 0,9058060864917934; 0,18228236213326454; 0,6123969689942896; 0,4841530341655016; 0,5454370491206646; 0,9570542783476412; 0,34782261308282614
14,656229534903504; 0,6588674187660217; 0,1741680740378797; 0,8339235773310065; 0,8564479518681765; 0,18492684699594975; 0,6929398966021836; 0,5202954038977623; 0,37418239610269666; 0,7925705122761428; 0,36729024024680257
11,310980012171305; 0,29495555302128196; 0,2737405258230865; 0,6373093770816922; 0,783545607700944; 0,5738282185047865; 0,29666440933942795; 0,8668613801710308; 0,6544277654029429; 0,027112563140690327; 0,8644970860332251
14,222337105389798; 0,32875128043815494; 0,7143166665919125; 0,21251111943274736; 0,5897591742686927; 0,5413653897121549; 0,8427570536732674; 0,8508467455394566; 0,6163098555989563; 0,6252109077759087; 0,5077360118739307
14,914849563092195; 0,8194527113810182; 0,4978530639782548; 0,6919498280622065; 0,9039703710004687; 0,0448150266893208; 0,9357529887929559; 0,26559722423553467; 0,945166090503335; 0,23720104107633233; 0,7447365024127066
9,348585359840934; 0,05315558984875679; 0,3088755561038852; 0,7342306934297085; 0,2411832194775343; 0,9223994323983788; 0,18877947190776467; 0,24995923275128007; 0,9530079890973866; 0,05396666517481208; 0,6362680303864181
10,09971413265207; 0,46646472718566656; 0,2735012895427644; 0,7980360616929829; 0,48703740583732724; 0,35634034499526024; 0,23504437459632754; 0,5681158225052059; 0,6213226523250341; 0,048132171388715506; 0,43326892238110304
11,661991635332242; 0,495199007447809; 0,5944766378961504; 0,02728575235232711; 0,24071864457800984; 0,4137491793371737; 0,5540702785365283; 0,41936424002051353; 0,6714029023423791; 0,5957458028569818; 0,6601725718937814
14,955660519856593; 0,09486439498141408; 0,732293713837862; 0,20745279407128692; 0,5789437596686184; 0,7712255078367889; 0,7610121094621718; 0,16846666252240539; 0,07190405018627644; 0,6835517329163849; 0,8824405460618436
14,639557412601675; 0,8120993440970778; 0,623835333622992; 0,8513348954729736; 0,020364483818411827; 0,9013948878273368; 0,8948013065382838; 0,7035303944721818; 0,016711288131773472; 0,9293730780482292; 0,5195949231274426
9,696467341522714; 0,898271334823221; 0,8477907469496131; 0,431431045755744; 0,7917492631822824; 0,5270036244764924; 0,09761418122798204; 0,8962070010602474; 0,6804910823702812; 0,3973911455832422; 0,5831138514913619
10,785881344058009; 0,1179722249507904; 0,07915664045140147; 0,6686792550608516; 0,03251412510871887; 0,5528704761527479; 0,5200761081650853; 0,3527980549260974; 0,7669789935462177; 0,055689575150609016; 0,5911132618784904
11,530818686687438; 0,2894134963862598; 0,2956521841697395; 0,28340483410283923; 0,2784409439191222; 0,7056740210391581; 0,5072305677458644; 0,6316743567585945; 0,8504030583426356; 0,3357549523934722; 0,10749057354405522
10,577410970111494; 0,06424276018515229; 0,4087217473424971; 0,6129536428488791; 0,6341097773984075; 0,13311107130721211; 0,27046882128342986; 0,5474010137841105; 0,5286958571523428; 0,22454972565174103; 0,5874234717339277
13,019303447957846; 0,03547117859125137; 0,29265417298302054; 0,5740448413416743; 0,059011029079556465; 0,6357261631637812; 0,700537467841059; 0,516701144631952; 0,31760143814608455; 0,01655276771634817; 0,019680294208228588
11,913627395399967; 0,7101231617853045; 0,5867980625480413; 0,4591701286844909; 0,24967455631121993; 0,8703238009475172; 0,5451375697739422; 0,6228866875171661; 0,95962891029194; 0,27938889944925904; 0,7417701431550086
13,231133775579936; 0,5611307225190103; 0,1651015905663371; 0,36540144495666027; 0,7689480385743082; 0,4759626630693674; 0,45065940311178565; 0,4737765504978597; 0,4477663370780647; 0,8096841131336987; 0,3077407977543771
9,841398528168234; 0,49193375231698155; 0,034179046750068665; 0,9908216260373592; 0,9518878892995417; 0,955810893792659; 0,009076829999685287; 0,8001920110546052; 0,2835471727885306; 0,2362755830399692; 0,6577968210913241
12,570250203188227; 0,6861925539560616; 0,3266820125281811; 0,5408643344417214; 0,036792061757296324; 0,9598671197891235; 0,672697002068162; 0,5892204414121807; 0,7785373847000301; 0,9848129106685519; 0,9994631465524435
10,942216318360403; 0,812759140972048; 0,40293364180251956; 0,4988535279408097; 0,4022459746338427; 0,19293196592479944; 0,3879814478568733; 0,7337101986631751; 0,06340574333444238; 0,24847491178661585; 0,7900359947234392
11,807132596610273; 0,8261850019916892; 0,09643030818551779; 0,7754869684576988; 0,9488773168995976; 0,1537759844213724; 0,26110072946175933; 0,711519374512136; 0,037294354755431414; 0,7538924342952669; 0,2233239822089672
9,177043838257966; 0,7484598406590521; 0,8418883914127946; 0,9355976008810103; 0,5345774907618761; 0,9361187946051359; 0,08648535376414657; 0,8859556750394404; 0,7338844370096922; 0,4976659566164017; 0,4666486708447337
14,257819822026795; 0,9838167997077107; 0,7443312513642013; 0,9722641534171999; 0,23866850463673472; 0,11604312481358647; 0,7503252038732171; 0,04034604411572218; 0,9910163339227438; 0,284042458049953; 0,13783155707642436
10,804197566703438; 0,5322886453941464; 0,9274246976710856; 0,10988343367353082; 0,47418086510151625; 0,8164632776752114; 0,380785642657429; 0,464297610335052; 0,06468992307782173; 0,8658294435590506; 0,3952952725812793
15,030294971336561; 0,94853386702016; 0,6175316637381911; 0,4556708615273237; 0,5075707254000008; 0,9165900689549744; 0,7574720801785588; 0,5148767177015543; 0,5117759453132749; 0,2707092356868088; 0,7878002743236721
13,687790440853416; 0,23523773020133376; 0,6380813852883875; 0,5610683932900429; 0,17807178106158972; 0,832144380081445; 0,7358244070783257; 0,1369500164873898; 0,7495367010124028; 0,3138538389466703; 0,10409310180693865
13,576935897809802; 0,2526938975788653; 0,9491414790973067; 0,40617072116583586; 0,32679743273183703; 0,5927177174016833; 0,6957990098744631; 0,012633102480322123; 0,0917903920635581; 0,3847654922865331; 0,18065633671358228
15,117376958380733; 0,9481600713916123; 0,10044987732544541; 0,5184828317724168; 0,3149867607280612; 0,4679654026404023; 0,8415643167681992; 0,5342851988971233; 0,8120731329545379; 0,8617974929511547; 0,553434916306287
8,94916859465899; 0,19734226446598768; 0,862246701028198; 0,9613915239460766; 0,08245672890916467; 0,06119050458073616; 0,19802913069725037; 0,17086465749889612; 0,8808416933752596; 0,7459810697473586; 0,11579119320958853
8,963968950347027; 0,8460426786914468; 0,80965760583058; 0,7037863815203309; 0,5405212566256523; 0,8814311060123146; 0,010836442932486534; 0,9287528609856963; 0,6060263877734542; 0,31853997660800815; 0,38312902906909585
13,466984666757163; 0,6087182299233973; 0,14092956250533462; 0,16493135271593928; 0,9222467383369803; 0,8138595297932625; 0,4193873908370733; 0,5236632144078612; 0,6596314376220107; 0,6887974287383258; 0,23540805745869875
12,706656948141317; 0,8004726567305624; 0,5338536091148853; 0,5658900467678905; 0,691939789801836; 0,13450105674564838; 0,9924781592562795; 0,6247688792645931; 0,2218956146389246; 0,436489824205637; 0,037769153248518705
10,802792378054248; 0,06862480193376541; 0,34820526000112295; 0,8456917190924287; 0,5329277720302343; 0,07151937857270241; 0,33198294742032886; 0,4634536365047097; 0,568545370362699; 0,9781659701839089; 0,28337855311110616
9,643505079775972; 0,09888035850599408; 0,9089339757338166; 0,35879768431186676; 0,2841146527789533; 0,8153384909965098; 0,28001931589096785; 0,8034354490227997; 0,34918569307774305; 0,3474321844987571; 0,39317371789366007
9,92046877920525; 0,7782056033611298; 0,7499162517488003; 0,4233362004160881; 0,1910268752835691; 0,2071472853422165; 0,37306902231648564; 0,7982760816812515; 0,772158085834235; 0,798651996999979; 0,5985957938246429
10,704905009626088; 0,5464893789030612; 0,18301046220585704; 0,25163139030337334; 0,2098013274371624; 0,5439445204101503; 0,4188020471483469; 0,48478509951382875; 0,896104927174747; 0,5692437710240483; 0,307431114371866
13,517547149592648; 0,8906364412978292; 0,22150485776364803; 0,4023254024796188; 0,7145460080355406; 0,3435446354560554; 0,7912011672742665; 0,35747063905000687; 0,5600516991689801; 0,3016797178424895; 0,9037186927162111
11,886411466330593; 0,6446842732839286; 0,8408834091387689; 0,3004568228498101; 0,47794678900390863; 0,5571280098520219; 0,4696199372410774; 0,3794357622973621; 0,8049865677021444; 0,7440639105625451; 0,05827022297307849
9,0935298800087; 0,4770689751021564; 0,1627850728109479; 0,2557483301497996; 0,09634440904483199; 0,41579127963632345; 0,13214540062472224; 0,6442806883715093; 0,9227683306671679; 0,05387947987765074; 0,5571874855086207
11,936799603584841; 0,3367642746306956; 0,4312759628519416; 0,2330919480882585; 0,6647690515965223; 0,29896209947764874; 0,3867426021024585; 0,02540599601343274; 0,867565946187824; 0,8306791917420924; 0,7276619938202202
10,439579972946857; 0,7061866987496614; 0,6743488260544837; 0,2609115205705166; 0,7228196421638131; 0,28524174029007554; 0,9605179908685386; 0,9372870386578143; 0,010713768191635609; 0,4025286962278187; 0,7156854411587119
10,318824702039668; 0,7886093915440142; 0,22934458032250404; 0,23551184916868806; 0,20010670041665435; 0,9080064119771123; 0,37820243649184704; 0,03507048450410366; 0,9166327603161335; 0,6033683740533888; 0,45981378154829144
11,474038609249764; 0,6821140153333545; 0,027599624823778868; 0,18558452976867557; 0,9108022539876401; 0,7493078280240297; 0,24373759888112545; 0,009369472973048687; 0,7237370386719704; 0,572826870251447; 0,5014855545014143
15,117312170612948; 0,6971441321074963; 0,23468259209766984; 0,536212143022567; 0,009597910568118095; 0,4421786251477897; 0,9296832443214953; 0,30294736940413713; 0,90337337506935; 0,013281372841447592; 0,07539724744856358
9,049341355041623; 0,18861833959817886; 0,8013832634314895; 0,9851465276442468; 0,5267680888064206; 0,991151821333915; 0,04219317715615034; 0,38317295210435987; 0,2174234064295888; 0,1641848091967404; 0,28428268479183316
11,298840996075239; 0,5935770845972002; 0,9115279805846512; 0,5082362252287567; 0,9868756826035678; 0,8054564013145864; 0,9077663063071668; 0,7070909850299358; 0,3371638646349311; 0,04344286862760782; 0,9744551214389503
10,480629923277343; 0,3263818905688822; 0,5312318969517946; 0,4551009461283684; 0,13871299708262086; 0,11781412037089467; 0,4302501636557281; 0,06710593122988939; 0,14877632865682244; 0,4411352970637381; 0,224569586571306
12,451694789392448; 0,281171893235296; 0,819818442221731; 0,8154595140367746; 0,012899686116725206; 0,5748884370550513; 0,7427039816975594; 0,38128997199237347; 0,0336844427511096; 0,7671466618776321; 0,4540338637307286
9,31566272037786; 0,9605443147011101; 0,007143499329686165; 0,8501601689495146; 0,44028532365337014; 0,704333377070725; 0,08392309304326773; 0,9292118512094021; 0,16353314695879817; 0,8978002332150936; 0,18251979630440474
10,734563977307511; 0,7702269237488508; 0,028384867124259472; 0,32479394413530827; 0,6935739363543689; 0,09646371752023697; 0,2423570677638054; 0,2568567977286875; 0,503715128172189; 0,09011685196310282; 0,44377279141917825
9,1116257133554; 0,23435561312362552; 0,12833852553740144; 0,7206432856619358; 0,07009507017210126; 0,8714067880064249; 0,15773968258872628; 0,44100840063765645; 0,9357111370190978; 0,5858472599647939; 0,6942625311203301
14,656417338996821; 0,9351934813894331; 0,33699590526521206; 0,07534956559538841; 0,47696884209290147; 0,8257442424073815; 0,6824161661788821; 0,9234147556126118; 0,26506167044863105; 0,5575014799833298; 0,7135277856141329
14,61940675614716; 0,4853628659620881; 0,9049059706740081; 0,6641303710639477; 0,32170496694743633; 0,1701581352390349; 0,9478619578294456; 0,48338758014142513; 0,9507094374857843; 0,6381982029415667; 0,41277532931417227
12,247161754613627; 0,9096060823649168; 0,08899117726832628; 0,6978292358107865; 0,5238809655420482; 0,6893963413313031; 0,9018874722532928; 0,4518662462942302; 0,1108218478038907; 0,30972958635538816; 0,7249920521862805
15,023815528365098; 0,6490471134893596; 0,2969281217083335; 0,3196493089199066; 0,13132840301841497; 0,7216205787844956; 0,9304403592832386; 0,1068779332563281; 0,8083723126910627; 0,5901839644648135; 0,9490467077121139
15,144023397626073; 0,04492287803441286; 0,30791157810017467; 0,4169703470543027; 0,23757726093754172; 0,21820717863738537; 0,8887306577526033; 0,4890102078206837; 0,811098019592464; 0,10856724064797163; 0,8999659512192011
13,52612497702032; 0,8922101748175919; 0,04238805454224348; 0,2883574762381613; 0,5592587483115494; 0,33010331308469176; 0,5666699470020831; 0,33731728978455067; 0,5196045683696866; 0,8668268444016576; 0,7798241996206343
14,87471898854836; 0,2620492489077151; 0,8818775867111981; 0,4975048420019448; 0,6731786755844951; 0,26135719660669565; 0,7149806059896946; 0,1683603022247553; 0,17497690534219146; 0,17704174015671015; 0,8609951897524297
14,807690728046909; 0,2338359379209578; 0,297543756198138; 0,9574708575382829; 0,4708552132360637; 0,6520324032753706; 0,7042881455272436; 0,6492998809553683; 0,5633946666494012; 0,41761589841917157; 0,7446848070248961
9,0691107090413; 0,8666372313164175; 0,5965024963952601; 0,7087446446530521; 0,09080289397388697; 0,07970064226537943; 0,18727868050336838; 0,0975626315921545; 0,9725478570908308; 0,8384843394160271; 0,4453818001784384
10,472667558561879; 0,6435782122425735; 0,6022553690709174; 0,47725404193624854; 0,17252862872555852; 0,5159720038063824; 0,4591366690583527; 0,3911921917460859; 0,12411279743537307; 0,17987904697656631; 0,07970727048814297
9,607412931362575; 0,348889434710145; 0,40816766722127795; 0,13412929978221655; 0,04114992078393698; 0,8341774167492986; 0,31684614857658744; 0,756763813085854; 0,5472345915623009; 0,23874084698036313; 0,5394174908287823
10,936762539086775; 0,5648214556276798; 0,6297684572637081; 0,4223243952728808; 0,35992649383842945; 0,05055285943672061; 0,4087998755276203; 0,936053573153913; 0,5775803262367845; 0,09338708780705929; 0,2763972240500152
14,927160683657293; 0,6294124792329967; 0,8198818978853524; 0,5308756902813911; 0,8078700127080083; 0,3991868896409869; 0,656747433822602; 0,08488385798409581; 0,37374287098646164; 0,6898078778758645; 0,11265639588236809
14,059998980494678; 0,8719693184830248; 0,9267680644989014; 0,8950333264656365; 0,25083577120676637; 0,33238850673660636; 0,7377920020371675; 0,3716843328438699; 0,6632263539358974; 0,2792686470784247; 0,02191358106210828
14,017602305599844; 0,43143463181331754; 0,5577016663737595; 0,22361204540356994; 0,86036964552477; 0,15542354993522167; 0,5230162614025176; 0,2853149143047631; 0,6128736468963325; 0,9568800022825599; 0,32255542930215597
9,529930133482921; 0,28779818303883076; 0,9988192194141448; 0,7292948788963258; 0,49640625016763806; 0,37395657133311033; 0,2052615201100707; 0,09205039450898767; 0,7951520755887032; 0,28623363422229886; 0,11610201420262456
10,470084772124048; 0,5598435518331826; 0,24165260372683406; 0,25091405864804983; 0,6044463822618127; 0,608103072270751; 0,2544768755324185; 0,8739535799250007; 0,634869534522295; 0,36694478895515203; 0,2131863059476018
9,541894400296341; 0,1970697082579136; 0,6527669578790665; 0,48256019689142704; 0,8425661129876971; 0,48490726249292493; 0,025904393289238214; 0,20555065339431167; 0,44197317957878113; 0,10699401563033462; 0,06868459144607186
10,281452629227863; 0,82600730471313; 0,5398589484393597; 0,5585732767358422; 0,20826994627714157; 0,3121509114280343; 0,3961029783822596; 0,12362859258428216; 0,6372689981944859; 0,6452669939026237; 0,9688070379197598
14,950683357958033; 0,8377393865957856; 0,3307539722882211; 0,4375797603279352; 0,5781982475891709; 0,9516780353151262; 0,7711957502178848; 0,6167070455849171; 0,1843433314934373; 0,8328475612215698; 0,47010421799495816
11,746680572316963; 0,8759035081602633; 0,2747037126682699; 0,2261077268049121; 0,5274141882546246; 0,7449456821195781; 0,43719005677849054; 0,280040533747524; 0,8983451868407428; 0,9892805321142077; 0,8089690841734409
15,176048322256802; 0,05295330099761486; 0,15143170673400164; 0,814860082231462; 0,856465847697109; 0,6424514385871589; 0,6343848663382232; 0,6509486706927419; 0,46460409788414836; 0,43375234957784414; 0,9556910190731287
8,833365395828976; 0,4613810465671122; 0,5127515075728297; 0,7473615994676948; 0,03948347736150026; 0,5823326213285327; 0,04577693622559309; 0,17375534400343895; 0,9765704041346908; 0,937882024794817; 0,23105685180053115
9,126021387858312; 0,8066346403211355; 0,19393555400893092; 0,038303271401673555; 0,030064997728914022; 0,2036694739945233; 0,17011322686448693; 0,3233755393885076; 0,7747852834872901; 0,9341511558741331; 0,6316718077287078
12,740926976973885; 0,7128985896706581; 0,7011155695654452; 0,47140740090981126; 0,44484814163297415; 0,7656054059043527; 0,5728945131413639; 0,6062127999030054; 0,9029356455430388; 0,8137839683331549; 0,04128881357610226
14,071511121085415; 0,08844932494685054; 0,7773705599829555; 0,7111789700575173; 0,19582042377442122; 0,0053222947753965855; 0,7836057571694255; 0,0030011790804564953; 0,22097658040001988; 0,8720745495520532; 0,7689493857324123
10,165286686453264; 0,8799384743906558; 0,3368385643698275; 0,5453877737745643; 0,5063926358707249; 0,4890743624418974; 0,9489207919687033; 0,5519858784973621; 0,10521070472896099; 0,9763153730891645; 0,4076299355365336
12,390987663551185; 0,5761249256320298; 0,9385444116778672; 0,4658690243959427; 0,804100121371448; 0,721496282145381; 0,4168544630520046; 0,019791392609477043; 0,01858707284554839; 0,13869291823357344; 0,9965849020518363
14,637498221215118; 0,45263013103976846; 0,40214782766997814; 0,3098552324809134; 0,687702449504286; 0,24545715376734734; 0,7523992345668375; 0,10725282086059451; 0,7559808078221977; 0,3003063816577196; 0,3973308806307614
13,133426573605663; 0,84817910566926; 0,1521296496503055; 0,42313543148338795; 0,7028137692250311; 0,47318141208961606; 0,8155086110346019; 0,15910973120480776; 0,7790011097677052; 0,6736228293739259; 0,3327450738288462
13,778081927448838; 0,6531495302915573; 0,019849078729748726; 0,23834040155634284; 0,11794669413939118; 0,11893361108377576; 0,7359514199197292; 0,6221566670574248; 0,06221119128167629; 0,5132661443203688; 0,023369769100099802
9,953638403025366; 0,7159779160283506; 0,8176999995484948; 0,4760490651242435; 0,6269693188369274; 0,2678158809430897; 0,20264131529256701; 0,7206241609528661; 0,06321090552955866; 0,16110380878672004; 0,09581243293359876
10,472834647913999; 0,4611012162640691; 0,07410560688003898; 0,7923018834553659; 0,9189073643647134; 0,7842023144476116; 0,1220961743965745; 0,4634363129734993; 0,44342002645134926; 0,7006417335942388; 0,6308751502074301
9,4187947275913; 0,786428777500987; 0,6501814560033381; 0,9979829266667366; 0,33627964463084936; 0,01654977397993207; 0,18821755144745111; 0,06660350738093257; 0,9594452972523868; 0,08440046850591898; 0,3663403959944844
10,353991788948543; 0,1673819269053638; 0,18317144317552447; 0,8812207882292569; 0,9985103379003704; 0,09748212434351444; 0,08023487264290452; 0,2860881923697889; 0,2707972191274166; 0,9714265251532197; 0,7433761614374816
13,381515099313727; 0,1222279598005116; 0,8025193838402629; 0,3050605240277946; 0,619990554638207; 0,820663989521563; 0,5641558025963604; 0,11101111816242337; 0,24371370114386082; 0,33327225036919117; 0,632198300678283
13,103265784268824; 0,8953422238118947; 0,9819957856088877; 0,1418274398893118; 0,22068657260388136; 0,4537488566711545; 0,6837825872935355; 0,9862743834964931; 0,20165652548894286; 0,0022084531374275684; 0,8020252422429621
11,41284227698739; 0,8276460031047463; 0,11978851910680532; 0,6069650985300541; 0,8565550483763218; 0,05344480415806174; 0,25743293622508645; 0,7950783832930028; 0,15880048787221313; 0,3126284317113459; 0,1617693635635078
11,978324634393923; 0,6892742561176419; 0,6326036811806262; 0,698190906085074; 0,8400521115399897; 0,7668947372585535; 0,9612860810011625; 0,6284297024831176; 0,10709518473595381; 0,2766287769190967; 0,02842350397258997
12,95027628132778; 0,6255818204954267; 0,9364500441588461; 0,13086206978186965; 0,0661253109574318; 0,5051303748041391; 0,7161936480551958; 0,5920575726777315; 0,9168363241478801; 0,9147657328285277; 0,6201014928519726
13,344857174545336; 0,5063267932273448; 0,7701381100341678; 0,3715996602550149; 0,21171664632856846; 0,2649961495772004; 0,7192597440443933; 0,9312806017696857; 0,25211296835914254; 0,7105104862712324; 0,028178011067211628
9,802549954747526; 0,6711004534736276; 0,7210964071564376; 0,1756454650312662; 0,6175443488173187; 0,36307403165847063; 0,16473951609805226; 0,7441422059200704; 0,6040839948691428; 0,3350113779306412; 0,11456807050853968
9,8756688608275; 0,6357140694744885; 0,06379960849881172; 0,3737158076837659; 0,878575686365366; 0,7002800977788866; 0,04283478204160929; 0,04265323840081692; 0,7227172260172665; 0,15104487026110291; 0,5788236116059124
15,125131811558454; 0,7656569061800838; 0,38426560908555984; 0,07237331196665764; 0,906597136054188; 0,2401493643410504; 0,653930155094713; 0,5537051940336823; 0,812668354716152; 0,24587221257388592; 0,6551194093190134
11,87120832570361; 0,841891183052212; 0,3720895918086171; 0,9213387439958751; 0,8881718451157212; 0,02072234684601426; 0,3135007889941335; 0,3604824114590883; 0,28067077649757266; 0,20158826187252998; 0,43050455302000046
14,521365737736229; 0,464838488958776; 0,8784785657189786; 0,03857377963140607; 0,7947860327549279; 0,250953936483711; 0,7457181247882545; 0,2814278360456228; 0,2296251584775746; 0,560075307264924; 0,039364611729979515
9,14446421080116; 0,11794645432382822; 0,3796601085923612; 0,8987513594329357; 0,4530023871921003; 0,8817842677235603; 0,040448838379234076; 0,2832252411171794; 0,5158364912495017; 0,5014212131500244; 0,3634693040512502
12,802392378587978; 0,12241284362971783; 0,9543553185649216; 0,6143307080492377; 0,640365730971098; 0,06055303057655692; 0,49870382715016603; 0,7710490212775767; 0,12216305080801249; 0,07789403852075338; 0,20340866455808282
13,2950600276463; 0,9182249763980508; 0,7730444334447384; 0,3141346527263522; 0,9429001649841666; 0,6105092610232532; 0,40899604419246316; 0,3821844607591629; 0,6189651936292648; 0,31393343675881624; 0,6511074160225689
9,845834280321663; 0,44173184037208557; 0,2943980027921498; 0,957872855477035; 0,14658452570438385; 0,9960386245511472; 0,34498289972543716; 0,07845360785722733; 0,019533124286681414; 0,10145054152235389; 0,7776405783370137
10,062738956387737; 0,4998721326701343; 0,47671161498874426; 0,6499141906388104; 0,9831646177917719; 0,22048750845715404; 0,05227423273026943; 0,6780925765633583; 0,8210521242581308; 0,3945814184844494; 0,4009072817862034
10,343678789425047; 0,44503516610711813; 0,13004894508048892; 0,3729744213633239; 0,216100144200027; 0,1610120553523302; 0,36763685988262296; 0,8549833665601909; 0,4985633622854948; 0,588869605679065; 0,14039588952437043
9,309275280054216; 0,9699628376401961; 0,5364714940078557; 0,12215036945417523; 0,7341385660693049; 0,22601443994790316; 0,0005468833260238171; 0,21352029731497169; 0,03290327591821551; 0,8154560294933617; 0,8096560467965901
14,354027200213865; 0,6980187799781561; 0,8456613104790449; 0,022193829528987408; 0,9061779351904988; 0,8698204923421144; 0,9294505952857435; 0,6049347766675055; 0,6530184824950993; 0,11047722399234772; 0,44576155534014106
11,512890054576415; 0,002834595274180174; 0,7795735304243863; 0,6070203213021159; 0,013896218035370111; 0,8041549921035767; 0,605799438431859; 0,17868695594370365; 0,3587662964127958; 0,49585007270798087; 0,28399002458900213
9,717551430240212; 0,5927490252070129; 0,04737055767327547; 0,9494725689291954; 0,15223607746884227; 0,2580765578895807; 0,3044174099341035; 0,2328455955721438; 0,8517774729989469; 0,07675574719905853; 0,17215958144515753
10,607278500396722; 0,7823797576129436; 0,38811771385371685; 0,2646842785179615; 0,9779371065087616; 0,39004092710092664; 0,8644097032956779; 0,5510291117243469; 0,6516172494739294; 0,03272639401257038; 0,6019544037990272
14,42168713775579; 0,5935984505340457; 0,6956984046846628; 0,7401363481767476; 0,9152714079245925; 0,8011042643338442; 0,7037269193679094; 0,7683738423511386; 0,34265856351703405; 0,20146694220602512; 0,7370577827095985
15,129636645912464; 0,8449874287471175; 0,3036007103510201; 0,8913875506259501; 0,15553418081253767; 0,46124834241345525; 0,9846578957512975; 0,5879425341263413; 0,21987007884308696; 0,923605150077492; 0,5209078514017165
9,111355841454785; 0,03277334617450833; 0,4781449041329324; 0,11488733859732747; 0,2885115114040673; 0,3672294947318733; 0,09960997756570578; 0,3074300470761955; 0,8510896023362875; 0,5690850676037371; 0,5328144934028387
9,699076858267071; 0,3550440869294107; 0,5459606535732746; 0,4023215128108859; 0,8519683880731463; 0,6284126718528569; 0,04367604712024331; 0,5940737780183554; 0,5890506091527641; 0,7908824686892331; 0,7029271563515067
10,100066384033395; 0,5081645925529301; 0,4532423228956759; 0,01636597840115428; 0,18624790664762259; 0,07851180620491505; 0,3626364581286907; 0,8597587854601443; 0,6113001750782132; 0,2596104168333113; 0,697767632547766
14,346292979042616; 0,650789808947593; 0,7961683566682041; 0,1558966957964003; 0,5773902260698378; 0,8961735051125288; 0,6347588845528662; 0,7624854235909879; 0,1829322432167828; 0,5860085487365723; 0,7864139648154378
8,986536522125967; 0,6046083248220384; 0,06919481419026852; 0,6338071092031896; 0,9733698195777833; 0,3737328518182039; 0,9755770796909928; 0,32085213297978044; 0,8657087706960738; 0,8971816757693887; 0,8995819906704128
13,884969105563941; 0,686721745878458; 0,5422140741720796; 0,01362911844626069; 0,7363683232106268; 0,4550627814605832; 0,539485995657742; 0,375386870931834; 0,7856629500165582; 0,2935939379967749; 0,1227972493506968
11,874231515193241; 0,707167096901685; 0,4541214448399842; 0,47122218273580074; 0,10424856934696436; 0,9119232459925115; 0,5903320400975645; 0,995246313046664; 0,3970446237362921; 0,07340236846357584; 0,52142787957564
15,023416644077285; 0,22161104436963797; 0,4722347124479711; 0,22101014107465744; 0,37472681794315577; 0,7332121143117547; 0,8826242000795901; 0,4727903068996966; 0,3400854333303869; 0,4523004163056612; 0,05469072284176946
11,357430984558091; 0,19334881380200386; 0,10130643052980304; 0,14729157788679004; 0,1681511765345931; 0,878068380523473; 0,5077016879804432; 0,01163067389279604; 0,465356916654855; 0,8709692661650479; 0,6080989283509552
12,456106780950066; 0,2825926933437586; 0,19922516122460365; 0,324886423535645; 0,6700201062485576; 0,36260184133425355; 0,4287074529565871; 0,377268785610795; 0,9689115225337446; 0,24935314897447824; 0,6751362234354019
14,011200342793723; 0,4100882923230529; 0,7732318937778473; 0,3414467051625252; 0,3415485746227205; 0,8847407354041934; 0,7027741754427552; 0,679536429233849; 0,5288482285104692; 0,5898301173001528; 0,4257328249514103
8,737996486667598; 0,44477050052955747; 0,8863959996961057; 0,5532471779733896; 0,028499193023890257; 0,5813575605861843; 0,12603956693783402; 0,627924244850874; 0,9781262241303921; 0,9431966417469084; 0,9422659049741924
8,87058894335436; 0,6796869141981006; 0,3965993281453848; 0,24229972949251533; 0,04968971712514758; 0,3696984169073403; 0,028292549308389425; 0,015300056897103786; 0,7974407505244017; 0,7130566276609898; 0,2507785800844431
12,400043774957158; 0,08662714948877692; 0,9470441211014986; 0,07059710985049605; 0,7921582818962634; 0,7072033672593534; 0,8002589913085103; 0,2949208947829902; 0,8368536401540041; 0,2261553625576198; 0,10628902586176991
14,697252892725842; 0,6816767761483788; 0,6009873948059976; 0,5455104452557862; 0,24673129711300135; 0,5112881273962557; 0,7852883744053543; 0,46297652227804065; 0,025864385534077883; 0,6049005379900336; 0,0902598388493061
14,526084649319897; 0,30392041709274054; 0,7023823098279536; 0,9972940748557448; 0,2021225020289421; 0,07617465779185295; 0,8519877176731825; 0,3146926714107394; 0,5687111206352711; 0,5095274737104774; 0,5293062827549875
10,982712590061055; 0,6707367356866598; 0,5131990131922066; 0,5125106065534055; 0,007304592523723841; 0,00127769960090518; 0,5455986307933927; 0,5885393959470093; 0,3875386477448046; 0,992588612716645; 0,08813194232061505
14,190611475492863; 0,8311067195609212; 0,10896018799394369; 0,21726586436852813; 0,3710394366644323; 0,5652937376871705; 0,6754506598226726; 0,43097021244466305; 0,8264622138813138; 0,9793246062472463; 0,015838151797652245
9,558209044247441; 0,7933043278753757; 0,5076567977666855; 0,8210740792565048; 0,7249626088887453; 0,8597189234569669; 0,9475546842440963; 0,6863888781517744; 0,6799750700592995; 0,774362645111978; 0,6339067271910608
10,474295737096545; 0,7054086197167635; 0,5487452228553593; 0,6813940815627575; 0,18760987650603056; 0,15938081126660109; 0,43906175857409835; 0,6304446524009109; 0,6638360652141273; 0,9064911124296486; 0,671456347219646
14,81773736877443; 0,17418500734493136; 0,051004810724407434; 0,6093538077548146; 0,0784317753277719; 0,5080418419092894; 0,9777294518426061; 0,579077017493546; 0,12610046891495585; 0,8574361633509398; 0,26374168088659644
13,59269814701723; 0,14838031819090247; 0,270060820505023; 0,5938004576601088; 0,9979535969905555; 0,21984036033973098; 0,4084550109691918; 0,9156173141673207; 0,8562628412619233; 0,8470627181231976; 0,20572947151958942
12,494556900715564; 0,9380113137885928; 0,5438818871043622; 0,6021015741862357; 0,9827630687505007; 0,024790984578430653; 0,3224153812043369; 0,8224408626556396; 0,6043423423543572; 0,35035586077719927; 0,26817003544420004
8,789144764028345; 0,7979272278025746; 0,9010184383951128; 0,22498682793229818; 0,2933408673852682; 0,6254396648146212; 0,05953778186812997; 0,9521178668364882; 0,48128144815564156; 0,241910214535892; 0,8662122720852494
13,72179861822374; 0,7523417393676937; 0,0641412059776485; 0,25894817989319563; 0,6206684461794794; 0,5850936812348664; 0,8500043177045882; 0,7839194964617491; 0,4685323038138449; 0,6501754755154252; 0,6950498265214264
9,562962297809882; 0,056319632567465305; 0,9559946153312922; 0,8626657789573073; 0,10825054626911879; 0,25854902155697346; 0,3363209939561784; 0,21874847309663892; 0,623383432161063; 0,36816687881946564; 0,7569830375723541
15,044156709140633; 0,03438575612381101; 0,14855550834909081; 0,4741617711260915; 0,9578953022137284; 0,5648789443075657; 0,5443330225534737; 0,8985044150613248; 0,8400844042189419; 0,6000258983112872; 0,8467976679094136
14,960354569283194; 0,1135828229598701; 0,7093671844340861; 0,9614471974782646; 0,07362069236114621; 0,5637865150347352; 0,9258374315686524; 0,06991192186251283; 0,7680040472187102; 0,9628345994278789; 0,027267660479992628
14,382413848004221; 0,22988809365779161; 0,12926632817834616; 0,20653468510136008; 0,9214134514331818; 0,11860320577397943; 0,5121823670342565; 0,3033180283382535; 0,6626937910914421; 0,3173550572246313; 0,1299119908362627
8,788424427150938; 0,36951704788953066; 0,7685878970660269; 0,39524406287819147; 0,2931689918041229; 0,8137950743548572; 0,016267054248601198; 0,08465879876166582; 0,21287339134141803; 0,2524622976779938; 0,07911494094878435
14,157236755210128; 0,3791396380402148; 0,6260948949493468; 0,9193247919902205; 0,9688854669220746; 0,8837904785759747; 0,4866308756172657; 0,31277909129858017; 0,9321841187775135; 0,04979671537876129; 0,9314578659832478
12,100619761674999; 0,1795513154938817; 0,868476496078074; 0,1594002963975072; 0,4056787174195051; 0,945821643806994; 0,5616228496655822; 0,835847900249064; 0,4019921002909541; 0,6240458437241614; 0,14311025571078062
12,412465402925326; 0,12637567427009344; 0,004669021349400282; 0,5853827456012368; 0,6512197507545352; 0,34037402272224426; 0,8455314501188695; 0,5654581505805254; 0,5188138955272734; 0,7723242081701756; 0,723634238820523
11,873031614736492; 0,15606026770547032; 0,1436489992775023; 0,3451599646359682; 0,8754113190807402; 0,3587148846127093; 0,3103845315054059; 0,955689718015492; 0,7583476412110031; 0,2417218154296279; 0,8499006647616625
11,892977634039617; 0,42250957200303674; 0,7119338256306946; 0,5051116859540343; 0,7544662752188742; 0,877433214802295; 0,3603294361382723; 0,6698003141209483; 0,305256346706301; 0,3284551561810076; 0,9878729349002242
12,233783768381375; 0,5886606508865952; 0,9484603139571846; 0,043854459654539824; 0,8746184464544058; 0,8550829193554819; 0,359192147385329; 0,5011093029752374; 0,4128827848471701; 0,5275566754862666; 0,4849227308295667
15,157410280358567; 0,7195821674540639; 0,2696179240010679; 0,672893367242068; 0,8092263573780656; 0,759158662520349; 0,669020305853337; 0,07161106634885073; 0,5911225783638656; 0,5851857513189316; 0,09898607712239027
10,415206282805935; 0,6383376140147448; 0,6690918179228902; 0,29579209676012397; 0,9198003471828997; 0,0981716001406312; 0,9970776317641139; 0,48544245678931475; 0,34128110064193606; 0,2552785030566156; 0,7351595410145819
10,784828789450868; 0,9316851673647761; 0,2888183519244194; 0,7785132573917508; 0,8751797480508685; 0,09830715740099549; 0,18378283455967903; 0,5499592199921608; 0,20023537846282125; 0,49766682274639606; 0,19540325179696083
14,055849985183036; 0,9339463301002979; 0,782996516674757; 0,562206394970417; 0,5717783118598163; 0,7733529042452574; 0,6191162024624646; 0,466467525344342; 0,8949168538674712; 0,950448211748153; 0,6189207239076495
11,307256893041217; 0,7282184413634241; 0,5798363466747105; 0,8857565438374877; 0,9378508846275508; 0,18195599224418402; 0,2296899394132197; 0,8688910114578903; 0,5968085047788918; 0,07227966841310263; 0,3114708256907761
13,044260159927166; 0,9231146792881191; 0,21795100113376975; 0,13675417937338352; 0,5331972404383123; 0,924711337313056; 0,5273530990816653; 0,7133798152208328; 0,7627125675790012; 0,8782587009482086; 0,38940580980852246
13,458711377459588; 0,8314953059889376; 0,12250336585566401; 0,3231520401313901; 0,6919317040592432; 0,5109801231883466; 0,49763117730617523; 0,9877986344508827; 0,3715391205623746; 0,6311614937148988; 0,9711963841691613
13,214408092265614; 0,028417330235242844; 0,6891683852300048; 0,5572038949467242; 0,4546311032027006; 0,25703399581834674; 0,6086063114926219; 0,20141999889165163; 0,3249943205155432; 0,4572568740695715; 0,5108648263849318
12,995327810611945; 0,19921099487692118; 0,9632485997863114; 0,960207361727953; 0,2171462308615446; 0,9934033420868218; 0,7001255480572581; 0,7799872821196914; 0,2795828552916646; 0,766322570387274; 0,6760705295018852
14,522781693674503; 0,011372219305485487; 0,8135706544853747; 0,47058488382026553; 0,2655383930541575; 0,03922799602150917; 0,921769242733717; 0,31730492413043976; 0,7569294045679271; 0,6106671649031341; 0,7461466947570443
8,931155088282539; 0,22494089603424072; 0,7876517763361335; 0,9442338924854994; 0,33149390341714025; 0,7541063991375268; 0,07868303451687098; 0,1830116338096559; 0,6169623672030866; 0,20596707751974463; 0,02045060833916068
13,793698024853986; 0,8936785007826984; 0,9447332206182182; 0,08825577050447464; 0,9426061371341348; 0,33513547433540225; 0,45890162512660027; 0,8601945526897907; 0,34731030836701393; 0,3385881003923714; 0,9684359887614846
13,748143477170581; 0,5234677707776427; 0,5795034673064947; 0,6850777724757791; 0,01355806877836585; 0,5436772140674293; 0,798889466561377; 0,41134941950440407; 0,6821980560198426; 0,33988939970731735; 0,727592408657074
10,828380983887033; 0,638750369194895; 0,16373426234349608; 0,4112458354793489; 0,7865849360823631; 0,26350872684270144; 0,21895845979452133; 0,41542724100872874; 0,3092581043019891; 0,6513871462084353; 0,9524320238269866
14,61496044719873; 0,3229745770804584; 0,2569359401240945; 0,9252555798739195; 0,5420861346647143; 0,6717606065794826; 0,8716688663698733; 0,8734950893558562; 0,3969962215051055; 0,0398059943690896; 0,9741417896002531
10,264472949994914; 0,7977166660130024; 0,6470585688948631; 0,16730991192162037; 0,8461907170712948; 0,6742414296604693; 0,14741589315235615; 0,6618954474106431; 0,5602192762307823; 0,9812848563306034; 0,21154735144227743
9,856497121011902; 0,06505664577707648; 0,7896754913963377; 0,6077034757472575; 0,5742327873595059; 0,7456154953688383; 0,2075430047698319; 0,2386490497738123; 0,6594349411316216; 0,07339896075427532; 0,1664458909071982
9,366201387147735; 0,8424758934415877; 0,9824611931107938; 0,7313528899103403; 0,4452446564100683; 0,7613048036582768; 0,1760918782092631; 0,3469617962837219; 0,9606074318289757; 0,0667048804461956; 0,6223729182966053
9,37351006086784; 0,3306064875796437; 0,9457520167343318; 0,49638770474120975; 0,4996106908656657; 0,2422935334034264; 0,1655365712940693; 0,8107148744165897; 0,5146876997314394; 0,5443468908779323; 0,6475055809132755
15,00924021557097; 0,20231469441205263; 0,6446947287768126; 0,9863865314982831; 0,306952808983624; 0,16822584485635161; 0,8569215522147715; 0,22512731421738863; 0,8298985883593559; 0,468806404620409; 0,35866786865517497
10,054378277437788; 0,4288787804543972; 0,09405914368107915; 0,4917108383961022; 0,6665901448577642; 0,5690150861628354; 0,16430815821513534; 0,3187976824119687; 0,8419231232255697; 0,06709235953167081; 0,7318978291004896
10,811902046033605; 0,06142956716939807; 0,6077388799749315; 0,9275917336344719; 0,7275809533894062; 0,48417387483641505; 0,2750272639095783; 0,12283136555925012; 0,6930299610830843; 0,36316689662635326; 0,35902521573007107
11,265058741638597; 0,7892224523238838; 0,15931672882288694; 0,6899917153641582; 0,6397397709079087; 0,2286714124493301; 0,335765378549695; 0,9945887229405344; 0,4461389319039881; 0,09952387725934386; 0,9091267604380846
8,938023247453179; 0,9916235888376832; 0,24376978632062674; 0,9569563162513077; 0,9728257982060313; 0,8659159322269261; 0,8685640152543783; 0,9462246014736593; 0,32601041719317436; 0,9187623425386846; 0,8977224710397422
9,589381080904863; 0,7888606796041131; 0,1919875666499138; 0,47770754620432854; 0,089486681856215; 0,28304668376222253; 0,2835302157327533; 0,4166556904092431; 0,22595817130059004; 0,8621007208712399; 0,24892414873465896
13,072425900020818; 0,10793629800900817; 0,8776131221093237; 0,661139267962426; 0,3671397934667766; 0,2929673008620739; 0,941060190089047; 0,3569556684233248; 0,8783334805630147; 0,33077903324738145; 0,9352787863463163
14,692791230827652; 0,7492219312116504; 0,5529802488163114; 0,7167418194003403; 0,17187328124418855; 0,9920115531422198; 0,9394780425354838; 0,6427473262883723; 0,44032810302451253; 0,1868251017294824; 0,8232376058585942
9,34834932293055; 0,18160158582031727; 0,5850157556124032; 0,14662238396704197; 0,04102577827870846; 0,8112840168178082; 0,2745217946358025; 0,16785803996026516; 0,14118981081992388; 0,4126149150542915; 0,08941169595345855
9,56589305363125; 0,9687633169814944; 0,9539562002755702; 0,5819661249406636; 0,61879060883075; 0,38055948400869966; 0,15167439449578524; 0,4364860667847097; 0,720689530018717; 0,7337291999720037; 0,24058512831106782
9,108372308402805; 0,7451278944499791; 0,9965886981226504; 0,9122516447678208; 0,3845301163382828; 0,8460427885875106; 0,1453357287682593; 0,5255423099733889; 0,3773378636687994; 0,040790257044136524; 0,5390930604189634
13,473837489930503; 0,26080501126125455; 0,9150819452479482; 0,411740202922374; 0,9491293444298208; 0,5651245312765241; 0,42738749692216516; 0,22722071269527078; 0,09696648549288511; 0,912304297555238; 0,8081076582893729
14,140461553093896; 0,678708279505372; 0,13962953351438046; 0,6779717341996729; 0,3848511544056237; 0,19510086439549923; 0,8928154548630118; 0,20947559364140034; 0,48334401939064264; 0,8550487631000578; 0,260235623922199
11,348064977640872; 0,46680821012705564; 0,9330479851923883; 0,09007297037169337; 0,6340207429602742; 0,8136685672216117; 0,8682100982405245; 0,687719838693738; 0,42159701557829976; 0,8740200335159898; 0,09412244614213705
10,365428220753438; 0,8577756877057254; 0,8720531999133527; 0,9984067087061703; 0,14478295389562845; 0,27579196682199836; 0,43572309659793973; 0,1795537443831563; 0,545755859464407; 0,12040869053453207; 0,17601647041738033
15,044500146771064; 0,7254007211886346; 0,5274108326993883; 0,00594383105635643; 0,34201807947829366; 0,4452866446226835; 0,8338257456198335; 0,971106227952987; 0,8624542495235801; 0,3741144579835236; 0,14887660462409258
9,10498072174285; 0,050702407490462065; 0,6241508536040783; 0,932700171135366; 0,18429758911952376; 0,9556801039725542; 0,1581984432414174; 0,9296608469448984; 0,7013817164115608; 0,4901427188888192; 0,6575939985923469
13,587586339975719; 0,7177587528713048; 0,4215568550862372; 0,846959981136024; 0,6885813167318702; 0,9960194113664329; 0,7971449522301555; 0,5253534456714988; 0,0013151583261787891; 0,154491254594177; 0,4036379479803145
12,06182004860274; 0,053746323101222515; 0,740724743809551; 0,9942624624818563; 0,2484549437649548; 0,12809414695948362; 0,6125245168805122; 0,3648701077327132; 0,7184284841641784; 0,7556104459799826; 0,17992119817063212
13,85354779174131; 0,20117147685959935; 0,8207296682521701; 0,43636524537578225; 0,23205792205408216; 0,9651164235547185; 0,9988628951832652; 0,24141782149672508; 0,2810189495794475; 0,24776325607672334; 0,41931282356381416
12,04942479487276; 0,23321034107357264; 0,9780052020214498; 0,6842447738163173; 0,017453968059271574; 0,6328202318400145; 0,6765758846886456; 0,3387148603796959; 0,9281722540035844; 0,2938196170143783; 0,2756387908011675
14,789407084815291; 0,6323849107138813; 0,6597359152510762; 0,364255634136498; 0,5955733861774206; 0,1561787356622517; 0,6720557645894587; 0,059760225005447865; 0,17923553148284554; 0,8135905638337135; 0,1386053622700274
13,834718478495112; 0,30777833284810185; 0,44189243018627167; 0,6033635274507105; 0,39384580263867974; 0,49413401167839766; 0,9376466195099056; 0,8518740078434348; 0,154720701277256; 0,6481764721684158; 0,09969214489683509
9,90065224540978; 0,37783051282167435; 0,5973932929337025; 0,2928395546041429; 0,47322450997307897; 0,8327814540825784; 0,2268615299835801; 0,8020183984190226; 0,6163680693134665; 0,7576526571065187; 0,40441621327772737
10,632951571936957; 0,13690777868032455; 0,9273739196360111; 0,5029657301492989; 0,8459162716753781; 0,5970854200422764; 0,21130421617999673; 0,6471847160719335; 0,07164696417748928; 0,3690359489992261; 0,6594931911677122
9,171485803807494; 0,3852219991385937; 0,7921068551950157; 0,3641280382871628; 0,31522700656205416; 0,8629024834372103; 0,16711598495021462; 0,8044380014762282; 0,03180731134489179; 0,9230475127696991; 0,5235772873274982
14,331436052561827; 0,21250347141176462; 0,1030143415555358; 0,5630646795034409; 0,3736959774978459; 0,36636942299082875; 0,743545372504741; 0,03045465610921383; 0,05168921314179897; 0,011361106764525175; 0,47710137721151114
9,689583351479019; 0,1355375573039055; 0,9504509526304901; 0,7051251092925668; 0,8291945289820433; 0,38656033715233207; 0,08922512969002128; 0,7279397798702121; 0,36824570782482624; 0,5685555879026651; 0,23969947407022119
10,704400753229084; 0,32998238457366824; 0,13095294684171677; 0,8364685554988682; 0,05142239388078451; 0,5821528914384544; 0,518041770439595; 0,26589776622131467; 0,09475724212825298; 0,6998506165109575; 0,7688889014534652
11,34375874907971; 0,05879378458485007; 0,024696863256394863; 0,9990862887352705; 0,5791546236723661; 0,9522958756424487; 0,3761869124136865; 0,7486122082918882; 0,19030879763886333; 0,5566983954049647; 0,5059893438592553
8,627341141322217; 0,08934931457042694; 0,8985881633125246; 0,466111202724278; 0,6962007652036846; 0,3468247354030609; 0,9397764950990677; 0,11980335181578994; 0,489351584110409; 0,40856066765263677; 0,1906956396996975
9,005080373068418; 0,45426055835559964; 0,22036551032215357; 0,9154342198744416; 0,31782030733302236; 0,4665191248059273; 0,006050763186067343; 0,14399884035810828; 0,5641179056838155; 0,5371087240055203; 0,9287284589372575
9,127188960043567; 0,1251995419152081; 0,8773311115801334; 0,5868146275170147; 0,4460937022231519; 0,23401718586683273; 0,11124386079609394; 0,25684865890070796; 0,6661891457624733; 0,8300080928020179; 0,10590946348384023
14,183814585696314; 0,36401631543412805; 0,6746021509170532; 0,6349872052669525; 0,3686801982112229; 0,5114644896239042; 0,7293204586021602; 0,4287194339558482; 0,2399155581369996; 0,7726738541387022; 0,8576774629764259
14,917692062680448; 0,7004013727419078; 0,838291073217988; 0,489695331081748; 0,127220350317657; 0,9923660270869732; 0,9703004299663007; 0,3779882709495723; 0,800364637747407; 0,4329382753930986; 0,7333253845572472
13,590325090869154; 0,7722236472181976; 0,1764974449761212; 0,9156943657435477; 0,535168718546629; 0,8061794033274055; 0,5797645477578044; 0,15693998523056507; 0,6491053951904178; 0,4048725627362728; 0,6624979139305651
8,997686585159167; 0,9070734288543463; 0,06953895604237914; 0,3591480487957597; 0,2255630581639707; 0,49795645428821445; 0,022405562922358513; 0,8422324755229056; 0,10520513681694865; 0,7057583960704505; 0,3242239346727729
15,193882868802511; 0,38205703580752015; 0,05672817397862673; 0,8723371583037078; 0,5574859562329948; 0,6152419964782894; 0,7490265159867704; 0,9184970101341605; 0,8733225166797638; 0,2517525036819279; 0,9944084007292986
13,620264108952073; 0,002826368436217308; 0,308107144664973; 0,5999372103251517; 0,9182504629716277; 0,1356027340516448; 0,42956667952239513; 0,3700905591249466; 0,15390565153211355; 0,7017546184360981; 0,12238583154976368
9,139783710274033; 0,7003857721574605; 0,6557229706086218; 0,14257725700736046; 0,6249542594887316; 0,30753990542143583; 0,009835329838097095; 0,850268610753119; 0,6841606111265719; 0,21285232063382864; 0,06769215082749724
11,474563116325257; 0,5698009608313441; 0,08715309808030725; 0,7891484689898789; 0,4718639962375164; 0,10836905147880316; 0,4405569233931601; 0,5867975843138993; 0,5558733157813549; 0,3967206752859056; 0,33886786783114076
13,561580475199635; 0,012729327194392681; 0,8763725911267102; 0,9928479758091271; 0,66367477318272; 0,7319860337302089; 0,5809215917252004; 0,19335566321387887; 0,6747473599389195; 0,04689367860555649; 0,13526538386940956
14,911141181294308; 0,9223274844698608; 0,6254468723200262; 0,6477459734305739; 0,5012568510137498; 0,5017948010936379; 0,7906590672209859; 0,9803822585381567; 0,9112703902646899; 0,7692573959939182; 0,28916091239079833
14,689062641970855; 0,38847373239696026; 0,764557100366801; 0,4630624898709357; 0,05633642850443721; 0,9569337870925665; 0,9035162427462637; 0,7966351942159235; 0,6462687724269927; 0,6106954738497734; 0,11381201585754752
9,144361575480954; 0,3354305177927017; 0,49784503830596805; 0,33696712367236614; 0,3639667513780296; 0,9937103940173984; 0,09310487890616059; 0,3517238390631974; 0,38077257573604584; 0,5023004221729934; 0,22748058987781405
11,011333302053107; 0,20579072274267673; 0,5277403858490288; 0,694044086150825; 0,41840318497270346; 0,16956444922834635; 0,38980210293084383; 0,7082205633632839; 0,23482560785487294; 0,3222923665307462; 0,38244642689824104
9,758118485208795; 0,7303147432394326; 0,41418138332664967; 0,218257165979594; 0,08601270383223891; 0,010330392979085445; 0,33842244232073426; 0,6139497985132039; 0,6775488359853625; 0,5269411420449615; 0,7805837616324425
9,82308380814743; 0,01854170672595501; 0,21201105136424303; 0,6128396904096007; 0,9760902798734605; 0,021764432080090046; 0,00014107860624790192; 0,5158756286837161; 0,45867035211995244; 0,8856654949486256; 0,6642650105059147
13,034594272295497; 0,6737763113342226; 0,5093595571815968; 0,7153374077752233; 0,4677968332543969; 0,24658428877592087; 0,5897006220184267; 0,13944480707868934; 0,3488263478502631; 0,4042596258223057; 0,27094545355066657
9,567471592531094; 0,950771271251142; 0,810101815033704; 0,2731441743671894; 0,8960475670173764; 0,22729012975469232; 0,8837531935423613; 0,756897384300828; 0,2446955875493586; 0,47144064540043473; 0,4675779794342816
9,385579643631182; 0,5923087359406054; 0,546575924847275; 0,4376572761684656; 0,624287920538336; 0,018428828567266464; 0,9238514923490584; 0,8080561300739646; 0,8542864117771387; 0,37787513760849833; 0,5063090943731368
9,274795333750303; 0,6573572233319283; 0,9049363886006176; 0,3981945151463151; 0,05785202793776989; 0,8863846994936466; 0,29152282839640975; 0,6804092200472951; 0,8536707707680762; 0,40647486969828606; 0,16808070475235581
10,265671059878672; 0,9946262654848397; 0,45619845017790794; 0,40722005907446146; 0,4711177754215896; 0,4710885463282466; 0,2741708913818002; 0,824402024038136; 0,45049442490562797; 0,7516210828907788; 0,02780957380309701
13,095926490363892; 0,7098274040035903; 0,3548757405951619; 0,7960303276777267; 0,21919142175465822; 0,20451064174994826; 0,6485541933216155; 0,16174289165064692; 0,9679394871927798; 0,07830258691683412; 0,5614222185686231
13,744901821770636; 0,5979516371153295; 0,22448140708729625; 0,44211350195109844; 0,20405564922839403; 0,2146357069723308; 0,7027593632228673; 0,691532492171973; 0,38688464229926467; 0,78003313485533; 0,20664621330797672
14,790922693622; 0,7781134243123233; 0,9529545456171036; 0,7109695211984217; 0,7061660489998758; 0,8755864910781384; 0,703703947365284; 0,0714228949509561; 0,6108969869092107; 0,30827673664316535; 0,8353947051800787
9,103879251032899; 0,5035763350315392; 0,007779614068567753; 0,09293848741799593; 0,13005600729957223; 0,9471016265451908; 0,11580809252336621; 0,3619180736131966; 0,15374261606484652; 0,4939284729771316; 0,3053865754045546
11,975445161419488; 0,15110848937183619; 0,8609324116259813; 0,19628842221572995; 0,07701075403019786; 0,3011647812090814; 0,6293270839378238; 0,4229116979986429; 0,7871257001534104; 0,3009142763912678; 0,19064062274992466
12,750734354843695; 0,2635879907757044; 0,5144895953126252; 0,5392307345755398; 0,8322753738611937; 0,2613426707684994; 0,4248862396925688; 0,7467095972970128; 0,08374824142083526; 0,42279686452820897; 0,16990443784743547
9,033792839777051; 0,8409869563765824; 0,27968820044770837; 0,7830844521522522; 0,07814013957977295; 0,5843002293258905; 0,12373970169574022; 0,090163080021739; 0,023311697877943516; 0,21011728048324585; 0,2507085078395903
12,191252256993115; 0,9448407054878771; 0,2955030878074467; 0,18725892342627048; 0,11174681084230542; 0,8912326502613723; 0,6221288475207984; 0,19346415903419256; 0,9662115457467735; 0,17263109423220158; 0,6768167628906667
10,589144011310268; 0,6647584694437683; 0,5676286942325532; 0,19007462076842785; 0,5144191994331777; 0,26844459446147084; 0,3283837432973087; 0,1254117484204471; 0,14646084234118462; 0,6524022938683629; 0,4547034013085067
12,889224843907783; 0,5091200671158731; 0,3333227541297674; 0,9233310930430889; 0,6366977440193295; 0,5470956331118941; 0,48712621023878455; 0,42025148402899504; 0,241236281581223; 0,7602020213380456; 0,11564857047051191
14,822604934448169; 0,8516639270819724; 0,9169635674916208; 0,7999389013275504; 0,038070942275226116; 0,9042336354032159; 0,9887853008694947; 0,4618917480111122; 0,5247115748934448; 0,7491621584631503; 0,290433743968606
9,415552327705225; 0,7877206080593169; 0,8324842820875347; 0,13905707746744156; 0,6510174213908613; 0,18357322504743934; 0,09130070498213172; 0,9915931117720902; 0,0742360157892108; 0,7855429640039802; 0,14244885416701436
10,239058391092913; 0,06551742274314165; 0,046202659606933594; 0,03306199237704277; 0,5649523795582354; 0,67833995167166; 0,22021827846765518; 0,5260168230161071; 0,07562360027804971; 0,5120280073024333; 0,7324333488941193
13,939912619776225; 0,45571862254291773; 0,5295087047852576; 0,6508075566962361; 0,1040345667861402; 0,1288852202706039; 0,7835183390416205; 0,7066087420098484; 0,7436501211486757; 0,4201072296127677; 0,024263821076601744
11,604787030240953; 0,5673698987811804; 0,8201573868282139; 0,8530070716515183; 0,4292799918912351; 0,017708071507513523; 0,47923432709649205; 0,3301046434789896; 0,07608706597238779; 0,3264693492092192; 0,3200777103193104
14,351165408644512; 0,034409331157803535; 0,7890119338408113; 0,005155413877218962; 0,8342803851701319; 0,6456695226952434; 0,5386888715438545; 0,030548445880413055; 0,28610525047406554; 0,719930843450129; 0,04692627117037773
9,980014733275524; 0,6031745271757245; 0,13433295814320445; 0,9410336771979928; 0,8987382473424077; 0,19348044088110328; 0,05840252619236708; 0,7634667684324086; 0,7215440971776843; 0,7120215748436749; 0,13524483516812325
14,413721408911126; 0,4601741428487003; 0,4592869929037988; 0,9766364982351661; 0,1386203789152205; 0,22431222023442388; 0,823196399025619; 0,061267129611223936; 0,7854880578815937; 0,5783830559812486; 0,6304802088998258
10,132228872133371; 0,8364372602663934; 0,6978630861267447; 0,6325542791746557; 0,2193204932846129; 0,9094419870525599; 0,3896551597863436; 0,7281521754339337; 0,6572907790541649; 0,7868826799094677; 0,6614901660941541
9,822612294330927; 0,3270079246722162; 0,85864416975528; 0,6084719807840884; 0,534587241243571; 0,42525079287588596; 0,21294683124870062; 0,5408461070619524; 0,841306768823415; 0,32770690973848104; 0,46965273143723607
11,775406794306251; 0,33394044265151024; 0,48440085630863905; 0,04050920344889164; 0,6662296075373888; 0,0887627131305635; 0,3995282640680671; 0,6038968008942902; 0,25775432912632823; 0,6235837675631046; 0,7632769946940243
9,039555563265584; 0,6229732087813318; 0,24473784631118178; 0,7226307606324553; 0,29131807712838054; 0,050025736447423697; 0,04082418465986848; 0,25545677822083235; 0,580811875872314; 0,9175702631473541; 0,47909795166924596
9,825419952188092; 0,09085577493533492; 0,009096392430365086; 0,7788099674507976; 0,553764256183058; 0,5315451710484922; 0,1670718202367425; 0,9291182844899595; 0,48235453478991985; 0,4130098279565573; 0,4208557126112282
9,353800193165572; 0,3234705850481987; 0,9595223567448556; 0,26832769624888897; 0,7777052368037403; 0,8877438479103148; 0,046894908882677555; 0,7519834567792714; 0,7281659869477153; 0,25638475734740496; 0,27669484401121736
12,747156874899165; 0,5331552023999393; 0,47789606684818864; 0,16339811543002725; 0,7701018606312573; 0,6676171538420022; 0,419228482991457; 0,8775554532185197; 0,05966372927650809; 0,8863846641033888; 0,11012342432513833
10,181223490181939; 0,7754856795072556; 0,9688349645584822; 0,29117449233308434; 0,8722676439210773; 0,1637534941546619; 0,9909881153143942; 0,8922121520154178; 0,36684658005833626; 0,15838397201150656; 0,37258091988041997
9,268917022335273; 0,9792915252037346; 0,9142039632424712; 0,6099277273751795; 0,7837692373432219; 0,647219710983336; 0,020317236427217722; 0,7241768161766231; 0,34729882702231407; 0,4882144685834646; 0,8955729301087558
10,29237669493058; 0,2527691940777004; 0,36270255828276277; 0,9862861908040941; 0,22994304867461324; 0,8138627847656608; 0,3616689364425838; 0,2968569272197783; 0,6116386414505541; 0,5260430038906634; 0,4081466617062688
14,750357571841072; 0,8348652087152004; 0,921378274448216; 0,22921539191156626; 0,6923531387001276; 0,6574759348295629; 0,7189634614624083; 0,9222027403302491; 0,6722911871038377; 0,5307594733312726; 0,3200626540929079
13,345657197308471; 0,09145361464470625; 0,3797529563307762; 0,0986808780580759; 0,20511108078062534; 0,43640986550599337; 0,7099305684678257; 0,7101766332052648; 0,5671192402951419; 0,2276807650923729; 0,49855146650224924
12,710684853040908; 0,7294590780511498; 0,3739058608189225; 0,18667672434821725; 0,349869956728071; 0,05415091384202242; 0,5688855722546577; 0,930818703956902; 0,2444546092301607; 0,8283644900657237; 0,3429958908818662
9,284363907460046; 0,9068663809448481; 0,4520340687595308; 0,8537816316820681; 0,9721335195936263; 0,32604438718408346; 0,8962564142420888; 0,7061659540049732; 0,6289005135186017; 0,3058882663026452; 0,13344178115949035
9,17669916908613; 0,6726847789250314; 0,939095146022737; 0,7912868866696954; 0,6259721694514155; 0,6464953562244773; 0,06269639590755105; 0,33547318540513515; 0,03591747535392642; 0,6594388177618384; 0,8686101180501282
15,128632856802158; 0,5291311186738312; 0,0033441074192523956; 0,18358186911791563; 0,09486718708649278; 0,2111040879972279; 0,9347968907095492; 0,22124709328636527; 0,4101746971718967; 0,03219027956947684; 0,5668956679292023
13,410153127258202; 0,7092899619601667; 0,8334712940268219; 0,1894081635400653; 0,6262846109457314; 0,7065821830183268; 0,5718389572575688; 0,2955974470824003; 0,29480331344529986; 0,9168348032981157; 0,34445492969825864
9,970048130633632; 0,4398519080132246; 0,9794678981415927; 0,7351141753606498; 0,5805966947227716; 0,2052252977155149; 0,24020041897892952; 0,01551024243235588; 0,5942939729429781; 0,882730538956821; 0,2007840732112527
