 y; x1; x2; x3; x4; x5; x6; x7; x8; x9; x10
0,020524350595022663; 0,6092587155289948; 0,18232507584616542; 0,0023572719655930996; 0,9991967277601361; 0,6538585009984672; 0,9311303584836423; 0,24200483178719878; 0,5947386189363897; 0,1433795215561986; 0,24818570772185922
0,021846684271757795; 0,6361431577242911; 0,2396027920767665; 0,7355215824209154; 0,7909637717530131; 0,7341227228753269; 0,19894714374095201; 0,837462040130049; 0,9760993532836437; 0,22444590646773577; 0,4775626054033637
0,02219060967011115; 0,6978637888096273; 0,27587582310661674; 0,8327953238040209; 0,6340707074850798; 0,15970575576648116; 0,5650556869804859; 0,8292325804941356; 0,892622119281441; 0,86944739241153; 0,45487319165840745
0,019879876768972248; 0,8949280520901084; 0,08782373135909438; 0,4111979282461107; 0,532599707134068; 0,7363085453398526; 0,4614579430781305; 0,23850290849804878; 0,46776866540312767; 0,24690080480650067; 0,34638541750609875
0,02006393448969983; 0,06978817144408822; 0,6077794353477657; 0,0082204625941813; 0,2470217770896852; 0,7578793223947287; 0,8897270020097494; 0,20672127371653914; 0,9238811274990439; 0,04856735933572054; 0,7746884464286268
0,01984648877594279; 0,6822574594989419; 0,34407870192080736; 0,13392537320032716; 0,4200980099849403; 0,5260031796060503; 0,4457473000511527; 0,08701811218634248; 0,12748691951856017; 0,9059260413050652; 0,4670800711028278
0,023119263828283665; 0,34170221677049994; 0,37574701476842165; 0,8175803399644792; 0,19635770423337817; 0,6679022782482207; 0,29898566473275423; 0,9804663774557412; 0,9192953398451209; 0,6132319066673517; 0,5114778466522694
0,019184152038351013; 0,5304308207705617; 0,8565009757876396; 0,6284908736124635; 0,6353325764648616; 0,4618173870258033; 0,6936558214947581; 0,21399506833404303; 0,741579751484096; 0,02750490652397275; 0,17528329091146588
0,02244700481776833; 0,3492600182071328; 0,14674181072041392; 0,4676390215754509; 0,6301785688847303; 0,6952791316434741; 0,07113657565787435; 0,8624269450083375; 0,9050124818459153; 0,7248090235516429; 0,10187772614881396
0,019557956379999724; 0,5248027951456606; 0,08703691884875298; 0,7801586985588074; 0,47398824617266655; 0,20919003523886204; 0,38664152566343546; 0,4008621722459793; 0,6458004955202341; 0,9778346158564091; 0,3071255940012634
0,02151236971132226; 0,8736954987980425; 0,889508718624711; 0,5095474012196064; 0,19576873071491718; 0,7194237862713635; 0,9235935937613249; 0,8890424566343427; 0,24772624857723713; 0,9057262758724391; 0,5578237762674689
0,020721432523221395; 0,6806413885205984; 0,7806800701655447; 0,7984536183066666; 0,18370859557762742; 0,4550744853913784; 0,40440092282369733; 0,5691046947613358; 0,5139492335729301; 0,032962295692414045; 0,34440594213083386
0,02057270941205922; 0,30588319757953286; 0,3657980337738991; 0,8354692971333861; 0,8521029609255493; 0,9011584436520934; 0,6129396171309054; 0,25905374670401216; 0,511353706009686; 0,9672936582937837; 0,15032906970009208
0,02017404384334128; 0,9341954686678946; 0,17409645952284336; 0,8739001415669918; 0,1545404209755361; 0,9493057657964528; 0,3265899862162769; 0,19567560171708465; 0,4196808533743024; 0,7039203927852213; 0,2385567920282483
0,022851120714253485; 0,6946885497309268; 0,35912198573350906; 0,3117298982106149; 0,8867838578298688; 0,9180408800020814; 0,7952038082294166; 0,9072670703753829; 0,15877486113458872; 0,9013377758674324; 0,7446960425004363
0,02064016829205294; 0,2623200607486069; 0,2509839707054198; 0,3378312992863357; 0,7947868541814387; 0,7008439595811069; 0,9435307057574391; 0,2798586799763143; 0,20929606212303042; 0,8204708397388458; 0,4803881752304733
0,022631928214215145; 0,10430133854970336; 0,5501745869405568; 0,052114641293883324; 0,6397047536447644; 0,13283022958785295; 0,43156766751781106; 0,8498379620723426; 0,40413987496867776; 0,2971875015646219; 0,9820452011190355
0,020879374306947595; 0,3344661365263164; 0,6193718728609383; 0,44390759989619255; 0,6934627932496369; 0,09431033534929156; 0,9939231197349727; 0,5656911609694362; 0,09339866461232305; 0,16881477646529675; 0,34673673240467906
0,02067510181028355; 0,2504455801099539; 0,06410732120275497; 0,5049055302515626; 0,7663504960946739; 0,42199523001909256; 0,21300128614529967; 0,7369014765135944; 0,021181977819651365; 0,3406029907055199; 0,35447075637057424
0,020632506876290348; 0,7893493454903364; 0,6852733776904643; 0,4630323173478246; 0,8490306506864727; 0,521354004740715; 0,3529865047894418; 0,40480710566043854; 0,4312506187707186; 0,3185115270316601; 0,8826119722798467
0,020846556976808532; 0,553674025926739; 0,812505123205483; 0,805946066044271; 0,7189058195799589; 0,845510350074619; 0,03927783854305744; 0,3431404340080917; 0,7482038796879351; 0,985680416226387; 0,5264762858860195
0,019642862081523715; 0,0698544280603528; 0,9915576223284006; 0,6786072920076549; 0,07402247935533524; 0,05411415919661522; 0,26769261667504907; 0,12870005145668983; 0,67022046726197; 0,46070801513269544; 0,047012974973767996
0,021277192997906; 0,7487316862680018; 0,5371718821115792; 0,48110315296798944; 0,24686202686280012; 0,8996569141745567; 0,3072395068593323; 0,473221804946661; 0,8299403712153435; 0,3044922882691026; 0,22997912159189582
0,022008980866895775; 0,4185939347371459; 0,035074032843112946; 0,8612516704015434; 0,09441444231197238; 0,2066878522746265; 0,9069058368913829; 0,8894345667213202; 0,6504810252226889; 0,847263949457556; 0,40105678187683225
0,0197987448446331; 0,045544651336967945; 0,51467210566625; 0,40867729438468814; 0,3253984353505075; 0,12175170937553048; 0,5666147144511342; 0,006276996806263924; 0,22097126068547368; 0,4962238045409322; 0,5144465807825327
0,019935234558693546; 0,3438513595610857; 0,9246773775666952; 0,8424639324657619; 0,7623244090937078; 0,6812791409902275; 0,9953445163555443; 0,45833851071074605; 0,5430706958286464; 0,4061385574750602; 0,9318853742443025
0,020850527152382486; 0,21673964941874146; 0,5340282330289483; 0,1659933696500957; 0,2727329945191741; 0,5723295439966023; 0,6662921318784356; 0,45468870969489217; 0,7494823536835611; 0,052398915868252516; 0,2118277233093977
0,021570886952078122; 0,44455199828371406; 0,249113152269274; 0,3903484526090324; 0,5294319903478026; 0,523460139054805; 0,5893110353499651; 0,6025159088894725; 0,3540198905393481; 0,8435527831315994; 0,6636365875601768
0,02166464774228498; 0,7556130164302886; 0,5780858187936246; 0,862717064563185; 0,3321130513213575; 0,9180205776356161; 0,5740288565866649; 0,5863059526309371; 0,9121359186246991; 0,09519736235961318; 0,0930636441335082
0,022075270864454186; 0,2527002985589206; 0,6415944769978523; 0,2943494603969157; 0,7661173436790705; 0,011420299299061298; 0,3584374859929085; 0,7612868282012641; 0,016184627544134855; 0,39134350372478366; 0,16740502882748842
0,021072169921374864; 0,9547675400972366; 0,8282702225260437; 0,7833540714345872; 0,22978178318589926; 0,5751052577979863; 0,04505669279024005; 0,5493952361866832; 0,12912223441526294; 0,3896308885887265; 0,1829522904008627
0,02272411424404085; 0,5410370836034417; 0,8550355499610305; 0,30866316985338926; 0,812024496961385; 0,30713503481820226; 0,5367002724669874; 0,8845164799131453; 0,17170941131189466; 0,39914326183497906; 0,7789408029057086
0,020497241075786637; 0,3514462113380432; 0,8540118876844645; 0,8110211798921227; 0,30135047947987914; 0,8371557486243546; 0,03171767061576247; 0,246498198248446; 0,3482674094848335; 0,9393573547713459; 0,04949558153748512
0,021358346916274473; 0,8997502699494362; 0,9923561569303274; 0,7637774455361068; 0,5763639472424984; 0,7687034402042627; 0,38293536845594645; 0,5864757038652897; 0,3785933372564614; 0,9114776533097029; 0,7933336556889117
0,02282696258362417; 0,2756973011419177; 0,49105674820020795; 0,13069431204348803; 0,329200251493603; 0,6991783021949232; 0,38163989363238215; 0,9110644389875233; 0,5572494175285101; 0,8429190521128476; 0,18635959969833493
0,0211813006055153; 0,1039551948197186; 0,6704769982025027; 0,1901625692844391; 0,7051470587030053; 0,28348577208817005; 0,7566681778989732; 0,5143469418399036; 0,0726934620179236; 0,812048879917711; 0,6531577883288264
0,020212882626542538; 0,2718316223472357; 0,7176401522010565; 0,421662540640682; 0,4023566571995616; 0,5797642292454839; 0,5969155658967793; 0,38418840570375323; 0,011710859835147858; 0,8016157462261617; 0,18239832809194922
0,020457156692400957; 0,6094734044745564; 0,3939986634068191; 0,11363447876647115; 0,7471378552727401; 0,06827127188444138; 0,6169192213565111; 0,22040988132357597; 0,6440123948268592; 0,3931946335360408; 0,5427393303252757
0,02258460883447329; 0,8340379511937499; 0,6208049608394504; 0,7201035306788981; 0,7034112615510821; 0,485565397888422; 0,5420229746960104; 0,9658896178007126; 0,829608032014221; 0,844724340364337; 0,25883788149803877
0,023021059999659102; 0,5683977040462196; 0,2996726091951132; 0,41594703029841185; 0,19133211579173803; 0,706608525943011; 0,2593623851425946; 0,9555841241963208; 0,11160333035513759; 0,5419623758643866; 0,8911654832772911
0,019868624894259397; 0,09847481176257133; 0,5835268646478653; 0,9334753747098148; 0,06436770875006914; 0,6477411943487823; 0,1292598880827427; 0,05541914701461792; 0,7993389344774187; 0,9791765585541725; 0,3839815426617861
0,021749239575739154; 0,07243096502497792; 0,8325701123103499; 0,45576600916683674; 0,44551669247448444; 0,21649260772392154; 0,9688147897832096; 0,8948267926461995; 0,9845180604606867; 0,669122064486146; 0,45071012899279594
0,021360927057864593; 0,05075439438223839; 0,7314637242816389; 0,29819048615172505; 0,19776408094912767; 0,8096945388242602; 0,4848174541257322; 0,5001021139323711; 0,7178420159034431; 0,21929008467122912; 0,6381421652622521
0,021909097484739154; 0,09142891131341457; 0,5108031602576375; 0,6285924999974668; 0,9129718579351902; 0,7573839789256454; 0,3605151199735701; 0,6556965047493577; 0,5409852880984545; 0,32848452404141426; 0,3616452030837536
0,02085823331361315; 0,1561623434536159; 0,36679464066401124; 0,7046974617987871; 0,30549561651423573; 0,7312277466990054; 0,8310448690317571; 0,3485111640766263; 0,6925479555502534; 0,5259317294694483; 0,6637006257660687
0,022958719906774692; 0,18923916202038527; 0,8409701036289334; 0,29209133237600327; 0,627006568480283; 0,1196220749989152; 0,5303839934058487; 0,9941928507760167; 0,26454769587144256; 0,63157775439322; 0,1215934231877327
0,019724918002681186; 0,9771682163700461; 0,44617935875430703; 0,671596109867096; 0,6921221544034779; 0,46239046193659306; 0,7603803887031972; 0,016783649567514658; 0,7615402624942362; 0,30031728465110064; 0,7992112683132291
0,02094571484376703; 0,5898213279433548; 0,960963720921427; 0,7153301779180765; 0,7007171888835728; 0,8193503641523421; 0,17000873340293765; 0,3899714960716665; 0,7520883670076728; 0,08615435753017664; 0,06647455552592874
0,02204412791635181; 0,8534538000822067; 0,3616138878278434; 0,23158428398892283; 0,03394309896975756; 0,04822162166237831; 0,7727324734441936; 0,711779460310936; 0,24209025036543608; 0,9508549873717129; 0,7213985496200621
0,019840585858276544; 0,7147818026132882; 0,2810361832380295; 0,9254823080264032; 0,22289475845173; 0,31287720426917076; 0,6006980719976127; 0,0893570315092802; 0,32286899304017425; 0,7809030883945525; 0,39562030509114265
0,022166571681402222; 0,4506945670582354; 0,11717972764745355; 0,5645386567339301; 0,810179375577718; 0,7214543810114264; 0,3721420085057616; 0,889321428257972; 0,07199498219415545; 0,13747907895594835; 0,34999757166951895
0,02078856517247024; 0,9337385511025786; 0,5590462274849415; 0,13330572517588735; 0,6940590129233897; 0,08561045257374644; 0,46752475295215845; 0,3368058204650879; 0,5371938468888402; 0,7837846227921546; 0,7602177057415247
0,019794507476294187; 0,3220849079079926; 0,9653000384569168; 0,057081878650933504; 0,12957111559808254; 0,8239151290617883; 0,7961998535320163; 0,13670005975291133; 0,36810397962108254; 0,9285060465335846; 0,7234475300647318
0,019773939516317462; 0,42643305752426386; 0,8235954055562615; 0,6700539765879512; 0,5518721519038081; 0,7066869116388261; 0,8687396887689829; 0,19240761548280716; 0,5283535332418978; 0,46928963670507073; 0,5409873160533607
0,021140166533039146; 0,714886948466301; 0,1278719617985189; 0,25807866593822837; 0,2196728358976543; 0,5946224657818675; 0,34753757948055863; 0,5690430891700089; 0,2914981213398278; 0,10393806546926498; 0,5124963112175465
0,020890199547411323; 0,45360384741798043; 0,7646642783656716; 0,019142058212310076; 0,06803439790382981; 0,6209575487300754; 0,3308663289062679; 0,38893835712224245; 0,1489456626586616; 0,005483378656208515; 0,7817936800420284
0,02106374239679173; 0,13251361018046737; 0,04902827553451061; 0,21508015831932425; 0,8865100122056901; 0,6292583360336721; 0,7658953666687012; 0,5376007282175124; 0,975307384505868; 0,875901086255908; 0,6587443365715444
0,02204005591898657; 0,12925833323970437; 0,7064771982841194; 0,5535448417067528; 0,24373099766671658; 0,6542417062446475; 0,809736835770309; 0,9187252130359411; 0,9902219921350479; 0,7200376093387604; 0,1319728377275169
0,021734794952382265; 0,2774069895967841; 0,2655926598235965; 0,3462951146066189; 0,24924127059057355; 0,3497852315194905; 0,9563271249644458; 0,6065439353697002; 0,8435196881182492; 0,8254067916423082; 0,6609464259818196
0,021887741346506222; 0,0016103857196867466; 0,31850822176784277; 0,9281288739293814; 0,854902011808008; 0,5925483102910221; 0,535868470557034; 0,6650531110353768; 0,6495906203053892; 0,7190408031456172; 0,27211491856724024
0,01908012509327033; 0,9066331814974546; 0,07118757022544742; 0,19721796177327633; 0,23944924026727676; 0,11158063542097807; 0,7684453967958689; 0,0667047812603414; 0,2865453097037971; 0,8171423757448792; 0,8211914291605353
0,019804011108679336; 0,3716385727748275; 0,8112464281730354; 0,6220129877328873; 0,5032426198013127; 0,7619820795953274; 0,38613466639071703; 0,11098316684365273; 0,22082618903368711; 0,4409165708348155; 0,8688489333726466
0,022512396914850692; 0,5369634930975735; 0,9375493787229061; 0,49644764978438616; 0,7766638766042888; 0,984801986720413; 0,082316929474473; 0,8253283309750259; 0,5558235552161932; 0,6784581830725074; 0,1796011831611395
0,023152089534012845; 0,73280907003209; 0,40063572442159057; 0,6936382777057588; 0,30922903353348374; 0,24902550503611565; 0,84848916484043; 0,9833804424852133; 0,9708121321164072; 0,7750900285318494; 0,6663918797858059
0,019764660883841628; 0,6552067906595767; 0,40178873715922236; 0,7635103790089488; 0,6788038518279791; 0,8399948948062956; 0,4274114118888974; 0,016173585783690214; 0,5969002963975072; 0,005400080233812332; 0,23285613115876913
0,02000425457653045; 0,12588210823014379; 0,7957378448918462; 0,773076412267983; 0,11329509317874908; 0,9479670478031039; 0,5769868390634656; 0,08382848696783185; 0,059284248389303684; 0,5727980271913111; 0,6695850756950676
0,021335550756188145; 0,06594946328550577; 0,4597069462761283; 0,9400922670029104; 0,08324444945901632; 0,07884132117033005; 0,10295411245897412; 0,6419288506731391; 0,7983910460025072; 0,6821471797302365; 0,424358606338501
0,019423338710618448; 0,38842356065288186; 0,7070649573579431; 0,07642579870298505; 0,41175654996186495; 0,46811128640547395; 0,8236780911684036; 0,26946535985916853; 0,42080180486664176; 0,6778586464934051; 0,6051172348670661
0,021558848165513983; 0,015602383762598038; 0,6434298572130501; 0,28497687680646777; 0,5838306862860918; 0,38415728183463216; 0,4744924330152571; 0,5686297090724111; 0,6667796005494893; 0,03620530432090163; 0,6961545390076935
0,020956674355932507; 0,6797049171291292; 0,578157995827496; 0,7281521749682724; 0,6920896586962044; 0,09245939273387194; 0,5756921088322997; 0,41212799306958914; 0,7469356968067586; 0,9513094197027385; 0,39465936180204153
0,019618627512143997; 0,01629367284476757; 0,01352813234552741; 0,7201053136959672; 0,6225015348754823; 0,7685391432605684; 0,4525863160379231; 0,04848704067990184; 0,4428271814249456; 0,2579534687101841; 0,8352179862558842
0,019215373517897667; 0,5852729342877865; 0,05045942263677716; 0,02735457243397832; 0,3331295088864863; 0,3875488378107548; 0,2256182236596942; 0,23212546901777387; 0,31463955994695425; 0,5014492110349238; 0,661508284509182
0,022846857943912533; 0,9685493060387671; 0,781023211311549; 0,6917363074608147; 0,8671216764487326; 0,7409540093503892; 0,9493410619907081; 0,9337495071813464; 0,9357348438352346; 0,16668996354565024; 0,5984998140484095
0,02184399767313018; 0,15299308067187667; 0,6666140616871417; 0,8820217121392488; 0,7602144666016102; 0,6940180528908968; 0,1342708501033485; 0,6385108157992363; 0,5452156187966466; 0,3887771898880601; 0,7368153613060713
0,019719577413328995; 0,7087012813426554; 0,6481660609133542; 0,9376729493960738; 0,7017313116230071; 0,42780705681070685; 0,7189726200886071; 0,0742733390070498; 0,5214788038283587; 0,811218183953315; 0,015111487824469805
0,021582354303449017; 0,051948923617601395; 0,45848361076787114; 0,8928404385223985; 0,08392328303307295; 0,4899371834471822; 0,940601316280663; 0,6159691568464041; 0,3397393664345145; 0,3110869345255196; 0,899336020462215
0,021060675705400912; 0,9830735372379422; 0,3927286909893155; 0,18889813171699643; 0,00495981564745307; 0,6832445147447288; 0,5184659045189619; 0,41032335814088583; 0,250884972512722; 0,6516221025958657; 0,950388403609395
0,0210977498887964; 0,8003556984476745; 0,26430084835737944; 0,3827639985829592; 0,9613404925912619; 0,10914783738553524; 0,06471333326771855; 0,5916893095709383; 0,6955429324880242; 0,131039097905159; 0,7262975866906345
0,021588222951047686; 0,907660795841366; 0,13393670646473765; 0,3653564304113388; 0,5654059862717986; 0,6025419728830457; 0,9533538403920829; 0,5901703797280788; 0,9584185993298888; 0,43371028872206807; 0,9235985917039216
0,018433575859451407; 0,8179629766382277; 0,9501962922513485; 0,6251851972192526; 0,7958933371119201; 0,168282316531986; 0,8443123260512948; 0,09743063012138009; 0,18034571781754494; 0,6321835923008621; 0,3705892660655081
0,021464081390362613; 0,8087669415399432; 0,7199679012410343; 0,6827991530299187; 0,028276842553168535; 0,5720058530569077; 0,3295919490046799; 0,6415601861663163; 0,292417723685503; 0,686015319544822; 0,9792699292302132
0,020876527874239825; 0,7091805031523108; 0,12830060673877597; 0,47859662491828203; 0,03998988354578614; 0,8464452573098242; 0,23433737363666296; 0,4155208971351385; 0,5301535087637603; 0,8525756597518921; 0,04757199343293905
0,020179730776382503; 0,6073321443982422; 0,8617549687623978; 0,08253232855349779; 0,4531398266553879; 0,24520625825971365; 0,23668630328029394; 0,18386443983763456; 0,36579362815245986; 0,30377080477774143; 0,793367532081902
0,021367269635085857; 0,40726069500669837; 0,06902635423466563; 0,26308590127155185; 0,3448826898820698; 0,13117383420467377; 0,42876066127792; 0,8899341272190213; 0,9151954143308103; 0,4356357576325536; 0,09424963127821684
0,019601369361830163; 0,4347628587856889; 0,83307168725878; 0,5824200087226927; 0,5345366806723177; 0,5132363797165453; 0,4635974979028106; 0,1571596208959818; 0,10922151803970337; 0,5102954059839249; 0,5256681428290904
0,02131678058752839; 0,44815439637750387; 0,7752035693265498; 0,31452164333313704; 0,27927050553262234; 0,8969717444851995; 0,7474689371883869; 0,801778654102236; 0,4712917278520763; 0,3853582697920501; 0,048551675863564014
0,02031583876095089; 0,7930661360733211; 0,5252078627236187; 0,8249761024489999; 0,6882436028681695; 0,2880871812812984; 0,4325610511004925; 0,19045818597078323; 0,019899346865713596; 0,29772551264613867; 0,7522952165454626
0,019891325697150207; 0,9984243931248784; 0,23328357096761465; 0,7913797372020781; 0,719368124846369; 0,5093992813490331; 0,4799964311532676; 0,06208764482289553; 0,9458495117723942; 0,30504488153383136; 0,24161569215357304
0,019391133557844432; 0,08534160954877734; 0,9984883079305291; 0,0434572515077889; 0,8833949398249388; 0,1903148517012596; 0,16132150497287512; 0,1385931195691228; 0,9446145612746477; 0,012977043632417917; 0,2879702299833298
0,01981664682388158; 0,7402798058465123; 0,8716912898235023; 0,30982705345377326; 0,7703322260640562; 0,43672656593844295; 0,5361988693475723; 0,2549790097400546; 0,15585033129900694; 0,13797423243522644; 0,535641788970679
0,019652013447368236; 0,9776270454749465; 0,9486831030808389; 0,25787274772301316; 0,21051474381238222; 0,8802040107548237; 0,9598190765827894; 0,6581837027333677; 0,7454811683855951; 0,9674903191626072; 0,7178377169184387
0,01925833118152415; 0,9148867861367762; 0,9148779809474945; 0,46711177472025156; 0,8807027931325138; 0,7272993470542133; 0,9796231705695391; 0,16247012978419662; 0,3956527686677873; 0,3596292049624026; 0,8898040065541863
0,022001637943004942; 0,4684227774851024; 0,3494106442667544; 0,5077798566780984; 0,19954898906871676; 0,0690368702635169; 0,8705893591977656; 0,6940723271109164; 0,17979319486767054; 0,36688145948573947; 0,4592538084834814
0,020296107628139434; 0,6921641733497381; 0,6572892940603197; 0,6646485328674316; 0,3205226929858327; 0,4350400283001363; 0,9040822214446962; 0,4982736222445965; 0,26386331440880895; 0,8557034647092223; 0,7007293896749616
0,021925301628300236; 0,7266391115263104; 0,6169583713635802; 0,23561526788398623; 0,5922173410654068; 0,01620616065338254; 0,11746233701705933; 0,6590047040954232; 0,8870674734935164; 0,8426278070546687; 0,34451718954369426
0,020154559636659033; 0,3311778688803315; 0,0014629722572863102; 0,39124247757717967; 0,6871702936477959; 0,7329577263444662; 0,26964394887909293; 0,38557207165285945; 0,6230740691535175; 0,24001062102615833; 0,25827325554564595
0,02080733650340916; 0,5259080058895051; 0,09350591246038675; 0,6270573744550347; 0,07707098219543695; 0,6086935168132186; 0,053523190785199404; 0,6056428188458085; 0,36745317559689283; 0,36901209596544504; 0,8116012164391577
0,0191345242653457; 0,059770658146589994; 0,858449135441333; 0,2218485465273261; 0,867896871175617; 0,7228538645431399; 0,47110468801110983; 0,10044491337612271; 0,7104382659308612; 0,4163586185313761; 0,7546208212152123
0,01918070566001632; 0,43419792875647545; 0,13267058553174138; 0,9703746428713202; 0,3099246919155121; 0,11671328591182828; 0,53556266753003; 0,13324777968227863; 0,8337574121542275; 0,8082794179208577; 0,5731451441533864
0,02168427886344364; 0,32942758360877633; 0,033105355221778154; 0,6101718340069056; 0,7609423692338169; 0,23649901524186134; 0,9747919561341405; 0,7667122976854444; 0,43291722517460585; 0,04548863787204027; 0,6726284404285252
0,022899889885265572; 0,32627660408616066; 0,6324560279026628; 0,5128585938364267; 0,6459030997939408; 0,7551708342507482; 0,14168602041900158; 0,9463280984200537; 0,5988712324760854; 0,809732458088547; 0,7744285468943417
0,020259238865759047; 0,1311512584798038; 0,7704007239080966; 0,37467740988358855; 0,6248156898654997; 0,1557557643391192; 0,1415930725634098; 0,171908060554415; 0,1745467991568148; 0,9620866533368826; 0,15684623643755913
0,022579620497582244; 0,07930158916860819; 0,25190293742343783; 0,9254001318477094; 0,9854921009391546; 0,5025560590438545; 0,14381439238786697; 0,94454743899405; 0,2680635740980506; 0,9749842029996216; 0,33124271128326654
0,02102435541638891; 0,7948901001363993; 0,44476126367226243; 0,30460818903520703; 0,48273933911696076; 0,36954314121976495; 0,941661867313087; 0,4144679345190525; 0,7114699422381818; 0,2314139325171709; 0,29831521259620786
0,020828040768100423; 0,9469425254501402; 0,327365648932755; 0,5299543412402272; 0,2240617386996746; 0,6134095680899918; 0,7422757656313479; 0,38187133334577084; 0,7212884603068233; 0,39927467377856374; 0,9683481729589403
0,022846788557353104; 0,5228639696724713; 0,05890089459717274; 0,8714838521555066; 0,017410716507583857; 0,32702508149668574; 0,9844625853002071; 0,9317787336185575; 0,2633462119847536; 0,685102391988039; 0,4936080239713192
0,02050868497761979; 0,8480584030039608; 0,8052463829517365; 0,4610817306675017; 0,8750207354314625; 0,917128483299166; 5,2679795771837234E-05; 0,23696751752868295; 0,8422463550232351; 0,4787185713648796; 0,3751696050167084
0,021268659522367422; 0,07386341970413923; 0,18704060139134526; 0,24260376440361142; 0,02643743809312582; 0,31956768734380603; 0,4381511062383652; 0,5856298990547657; 0,7142571830190718; 0,6239942344836891; 0,7341305357404053
0,01897627211138449; 0,43929933942854404; 0,04172677965834737; 0,39770424691960216; 0,6257428708486259; 0,4951950334943831; 0,007025355938822031; 0,10756804747506976; 0,24569909228011966; 0,40877307252958417; 0,04401861969381571
0,0208114997779295; 0,3641435927711427; 0,32331141736358404; 0,06620200257748365; 0,24201162764802575; 0,6417279466986656; 0,8269287934526801; 0,34053642908111215; 0,7873225314542651; 0,18116201180964708; 0,4388673002831638
0,021526768538794625; 0,3022635565139353; 0,9201027085073292; 0,7531981253996491; 0,4880260624922812; 0,22237939946353436; 0,5473089846782386; 0,7548329601995647; 0,7807664284482598; 0,5683951885439456; 0,994049065746367
0,019487782441061002; 0,854452847968787; 0,12452171789482236; 0,6138806594535708; 0,6740724411793053; 0,6143101463094354; 0,529404928907752; 0,12994816433638334; 0,054435321129858494; 0,5443442952819169; 0,20612917561084032
0,020004013475966052; 0,21388103999197483; 0,25220595579594374; 0,10837320797145367; 0,03669662633910775; 0,222028364893049; 0,9845610819756985; 0,08445437625050545; 0,2277384982444346; 0,7064709095284343; 0,1631662747822702
0,021900395198154773; 0,7922801938839257; 0,5986770135350525; 0,964099083095789; 0,9534781230613589; 0,661717910785228; 0,15439549647271633; 0,6614186340011656; 0,891294376924634; 0,49640931701287627; 0,4148276806809008
0,021113149127720554; 0,3379885843023658; 0,9292758987285197; 0,21620771614834666; 0,7997521185316145; 0,6563225635327399; 0,42224054178223014; 0,5651655104011297; 0,7237958367913961; 0,21403543883934617; 0,8971169628202915
0,020251779052002223; 0,006299380678683519; 0,922892292495817; 0,5110033308155835; 0,17771875765174627; 0,7957414402626455; 0,19660450424999; 0,2203004490584135; 0,8830292113125324; 0,5212047137320042; 0,07348476629704237
0,02027887248459899; 0,028795238584280014; 0,5795324128121138; 0,4871988180093467; 0,06331468001008034; 0,9352184217423201; 0,6040043272078037; 0,1868217559531331; 0,5800395593978465; 0,15772168058902025; 0,6968140709213912
0,019810796481605348; 0,0054611400701105595; 0,49854974541813135; 0,33396889781579375; 0,9608887317590415; 0,8535550823435187; 0,6366632422432303; 0,0068755727261304855; 0,07134388061240315; 0,8618305590935051; 0,6170875965617597
0,02164371827041401; 0,5387152414768934; 0,5238335989415646; 0,36342357005923986; 0,039939744397997856; 0,7929635033942759; 0,511785127222538; 0,5801896336488426; 0,3342603058554232; 0,3843617672100663; 0,7580140121281147
0,02212250726572808; 0,4270460233092308; 0,6628295974805951; 0,9053903026506305; 0,299921702593565; 0,7166142561472952; 0,40065908478572965; 0,7374552907422185; 0,8013684875331819; 0,8516240641474724; 0,19042647862806916
0,020542434834064874; 0,7595452642999589; 0,23938925610855222; 0,7810354833491147; 0,034450369887053967; 0,27968624932691455; 0,24710867600515485; 0,46660021878778934; 0,9484551451168954; 0,472582065500319; 0,326412218157202
0,01917763050215172; 0,7420368674211204; 0,12500148313120008; 0,5049133012071252; 0,6792289293371141; 0,6254486637189984; 0,5038259467110038; 0,05776685290038586; 0,6722716735675931; 0,9041296252980828; 0,7001851224340498
0,02087971329844471; 0,9521763087250292; 0,563527325168252; 0,8678196999244392; 0,5936264554038644; 0,419306464958936; 0,8750503030605614; 0,4562237490899861; 0,36398604325950146; 0,5428246418014169; 0,4387240526266396
0,021973613887079496; 0,3635937194339931; 0,4397762091830373; 0,3054070798680186; 0,7433963310904801; 0,25182174472138286; 0,5950937997549772; 0,6836549020372331; 0,4073804272338748; 0,5736123751848936; 0,794209482613951
0,02050681873956357; 0,27279395749792457; 0,4845628449693322; 0,17409034026786685; 0,42190335085615516; 0,5298839737661183; 0,5968088498339057; 0,23641121480613947; 0,3680917527526617; 0,9214826570823789; 0,1924227182753384
0,02003205988076036; 0,1494272341951728; 0,6402811664156616; 0,4789123791269958; 0,371353876311332; 0,49839377775788307; 0,5905269705690444; 0,23484977707266808; 0,916884801350534; 0,12897498300299048; 0,8161169947125018
0,020475496262002554; 0,08150439942255616; 0,22647704044356942; 0,23808083357289433; 0,5234330175444484; 0,4769701175391674; 0,5673201377503574; 0,2287543728016317; 0,2604684713296592; 0,9245413606986403; 0,6405134131200612
0,021433890452494376; 0,8949688407592475; 0,8437213068827987; 0,3094637468457222; 0,1634534359909594; 0,1627291408367455; 0,06062773708254099; 0,5316515825688839; 0,3770743114873767; 0,05343006597831845; 0,15784041536971927
0,022033148166286504; 0,44780534924939275; 0,17558187106624246; 0,30274195224046707; 0,14190685097128153; 0,2984553393907845; 0,9622976765967906; 0,7204301017336547; 0,23708097031340003; 0,3014465873129666; 0,4504722463898361
0,02043521048564567; 0,7311986833810806; 0,05318474117666483; 0,11504884762689471; 0,995893569663167; 0,23307166993618011; 0,8585445848293602; 0,34966128738597035; 0,18780630314722657; 0,37304149474948645; 0,7841622610576451
0,019891490811843514; 0,5440769605338573; 0,10295775160193443; 0,7213633512146771; 0,5272042597644031; 0,2830433212220669; 0,5329060251824558; 0,4141130382195115; 0,35193265601992607; 0,745087475515902; 0,3242985219694674
0,02064700460373578; 0,1368562988936901; 0,7328021605499089; 0,9531882386654615; 0,5611729491502047; 0,8978062304668128; 0,5950274714268744; 0,30330350901931524; 0,5428117080591619; 0,8534476622007787; 0,8708310150541365
0,022091886384153055; 0,7238727225922048; 0,6180337024852633; 0,5940700373612344; 0,19169406732544303; 0,9582817801274359; 0,8198899161070585; 0,9297754229046404; 0,282574113458395; 0,20261724013835192; 0,7567237000912428
0,02041956128852524; 0,0054561360739171505; 0,9960110997781157; 0,21941403625532985; 0,2370677120052278; 0,06808750424534082; 0,22686825692653656; 0,3730290438979864; 0,8815979231148958; 0,5030562998726964; 0,10559176746755838
0,02197846848715366; 0,7010784316807985; 0,8188070524483919; 0,07797295646741986; 0,2884876481257379; 0,2065068045631051; 0,06173098087310791; 0,6789740179665387; 0,21503716986626387; 0,9297331068664789; 0,5526795056648552
0,019918704617273734; 0,6578276273794472; 0,9778133030049503; 0,012749738991260529; 0,4234925387427211; 0,9990195347927511; 0,5443763448856771; 0,5841267919167876; 0,6594430357217789; 0,6702987146563828; 0,7512517366558313
0,01994458697274055; 0,12375869089737535; 0,2355807265266776; 0,3209712067618966; 0,013374261558055878; 0,4125092141330242; 0,178536853287369; 0,15549901919439435; 0,27815495524555445; 0,9949750094674528; 0,4656043304130435
0,01969002052211594; 0,15203320607542992; 0,7870933935046196; 0,5115771270357072; 0,4843433788046241; 0,001007308717817068; 0,248490440659225; 0,03862719563767314; 0,6128217284567654; 0,5495184944011271; 0,3531711888499558
0,02183183490412633; 0,2865950968116522; 0,852423042524606; 0,24810685589909554; 0,18580955592915416; 0,5826831865124404; 0,5474840989336371; 0,6795389815233648; 0,04481885954737663; 0,7944040726870298; 0,47115249279886484
0,022408586780074184; 0,39976286981254816; 0,644787535071373; 0,6208622478879988; 0,05236152606084943; 0,8594033694826066; 0,9977477481588721; 0,8989952872507274; 0,8397207837551832; 0,023368819151073694; 0,5981558552011847
0,021163000588978166; 0,3543475102633238; 0,20190329244360328; 0,923696534242481; 0,44196983613073826; 0,6224531345069408; 0,8271968741901219; 0,5229675648733974; 0,8277714080177248; 0,5208084536716342; 0,3056503441184759
0,022306915481877403; 0,7648351490497589; 0,3405162198469043; 0,30847215419635177; 0,9755710456520319; 0,35237202839925885; 0,4248033598996699; 0,8865750087425113; 0,8846626495942473; 0,0657230420038104; 0,5105409743264318
0,018502697335113134; 0,8347378955222666; 0,9917374067008495; 0,4588313680142164; 0,37626201333478093; 0,2449125242419541; 0,8427175404503942; 0,05012357281520963; 0,9720950531773269; 0,32203685492277145; 0,4034700645133853
0,01901272482594393; 0,7969807647168636; 0,9227524450980127; 0,2133466862142086; 0,11911961389705539; 0,8942971038632095; 0,7729756287299097; 0,11228029243648052; 0,9641370321623981; 0,5878531700000167; 0,3693339410237968
0,022698640758826296; 0,6949547231197357; 0,7938755070790648; 0,688966709189117; 0,5451205270364881; 0,49994067288935184; 0,4363080277107656; 0,8695551608689129; 0,24150457233190536; 0,6341168987564743; 0,2581193260848522
0,02072833882681817; 0,2729322933591902; 0,8802940207533538; 0,9097799598239362; 0,042176831513643265; 0,7207080251537263; 0,5565649443306029; 0,36708337161689997; 0,217065688688308; 0,5516706006601453; 0,8526159753091633
0,01945757641625595; 0,3056724746711552; 0,9551691459491849; 0,6705072950571775; 0,3486693324521184; 0,07473725872114301; 0,7882034191861749; 0,3128278311342001; 0,10633596265688539; 0,03071437869220972; 0,9510351214557886
0,02236302492581737; 0,03310384647920728; 0,8328748648054898; 0,2036936366930604; 0,4973784238100052; 0,7348305373452604; 0,8243703837506473; 0,7971738497726619; 0,07060642074793577; 0,25209445552900434; 0,8608857882209122
0,021460726242328112; 0,5529614621773362; 0,01582106063142419; 0,060886065009981394; 0,7935769613832235; 0,19281800650060177; 0,3241012170910835; 0,921956046950072; 0,09459932008758187; 0,8030486777424812; 0,3656820054166019
0,021450865166273144; 0,602105694822967; 0,24598200852051377; 0,3429631097242236; 0,8761284085921943; 0,3990325448103249; 0,6105897575616837; 0,6592729636467993; 0,030220031272619963; 0,3406209545210004; 0,7128880280070007
0,021978714492861068; 0,18662351509556174; 0,7944530579261482; 0,04262310080230236; 0,2597199338488281; 0,35095456801354885; 0,5988216460682452; 0,8481868100352585; 0,4531074408441782; 0,917886936571449; 0,06366554321721196
0,020768295764208237; 0,8693102365359664; 0,3524729451164603; 0,39803999988362193; 0,09299408318474889; 0,5671375566162169; 0,08897182904183865; 0,36305474024266005; 0,2224984997883439; 0,8412832347676158; 0,9663761788979173
0,02156010638069098; 0,13865444110706449; 0,7161545753479004; 0,576568741351366; 0,278401764575392; 0,5749849774874747; 0,5400386238470674; 0,7888929359614849; 0,6422127191908658; 0,651885346043855; 0,8220026423223317
0,0205316839117457; 0,741904734633863; 0,3439556281082332; 0,9411618988960981; 0,3290138440206647; 0,5146264862269163; 0,6926110740751028; 0,24923443514853716; 0,720507426187396; 0,8116411715745926; 0,038627211935818195
0,020725213188878936; 0,351079564075917; 0,4759450419805944; 0,5443161153234541; 0,5952405137941241; 0,7620788305066526; 0,024467958603054285; 0,3094867402687669; 0,8544229492545128; 0,6410252284258604; 0,7461312022060156
0,019913402991670017; 0,14277577213943005; 0,14657077146694064; 0,3134723035618663; 0,989067459013313; 0,7476153993047774; 0,7134567350149155; 0,10917927324771881; 0,4827057081274688; 0,8500359351746738; 0,2751272665336728
0,021202873670396218; 0,7714390875771642; 0,17113522347062826; 0,17556367022916675; 0,11816451139748096; 0,20046334620565176; 0,3942428412847221; 0,770771324634552; 0,856253051199019; 0,39202658412978053; 0,41187429474666715
0,02023905557730648; 0,14951380528509617; 0,4024493400938809; 0,8640558361075819; 0,18920709425583482; 0,1384298144839704; 0,45109033212065697; 0,2230274104513228; 0,4657369744963944; 0,8359348028898239; 0,44965426065027714
0,01938299245847123; 0,5328240250237286; 0,17066162917762995; 0,0037062987685203552; 0,5866130655631423; 0,1553379399701953; 0,5586555921472609; 0,094881113152951; 0,9282623147591949; 0,9206835995428264; 0,2674390817992389
0,02180221704964224; 0,052533510606735945; 0,9566024849191308; 0,5641202097758651; 0,39047817792743444; 0,9714226969517767; 0,07646216358989477; 0,8214867180213332; 0,009517515078186989; 0,5117498165927827; 0,035819861106574535
0,02090576841003391; 0,7400286570191383; 0,7599150300957263; 0,31373597774654627; 0,014721922110766172; 0,1669027511961758; 0,6559410886839032; 0,497568535618484; 0,3555877129547298; 0,6263802680186927; 0,34476859495043755
0,02077137844225065; 0,13840259285643697; 0,27859668293967843; 0,21026440570130944; 0,4837465025484562; 0,16492587747052312; 0,9896361310966313; 0,33683865517377853; 0,6029797773808241; 0,4536480689421296; 0,3050644304603338
0,022812666116201464; 0,7572475047782063; 0,7420150092802942; 0,8576334365643561; 0,31445620581507683; 0,2794721154496074; 0,3709594551473856; 0,9185306318104267; 0,7281552380882204; 0,6528168865479529; 0,2562279445119202
0,020491157539567803; 0,5543183763511479; 0,4589125495404005; 0,16876256000250578; 0,6682159709744155; 0,09468502923846245; 0,7138482490554452; 0,23899329314008355; 0,08803387405350804; 0,892570641823113; 0,6467886185273528
0,022860345119396167; 0,9244060846976936; 0,6891439990140498; 0,6567367240786552; 0,5711203622631729; 0,31773108011111617; 0,7392150782980025; 0,9154482875019312; 0,8704655645415187; 0,22632482694461942; 0,4258068697527051
0,02014197932434832; 0,31608428340405226; 0,22244311310350895; 0,515087591484189; 0,8899491676129401; 0,8908228785730898; 0,29722691932693124; 0,1623609638772905; 0,3421461754478514; 0,8306805649772286; 0,12800926947966218
0,022200523763239603; 0,5394368190318346; 0,4152313293889165; 0,5190231134183705; 0,5533996345475316; 0,7646060138940811; 0,8015552000142634; 0,7384401774033904; 0,42470019683241844; 0,27704501850530505; 0,11822480335831642
0,02027407190855175; 0,9412409099750221; 0,33151413640007377; 0,43931808276101947; 0,4450345174409449; 0,16041906597092748; 0,5489661754108965; 0,2657097582705319; 0,35434070974588394; 0,9836031822487712; 0,24951754184439778
0,01975997292912699; 0,3398083341307938; 0,7390836919657886; 0,17262644274160266; 0,06592028448358178; 0,6671224925667048; 0,7004447374492884; 0,09076548041775823; 0,031178167089819908; 0,9083896735683084; 0,8443704480305314
0,019332524957563678; 0,17822399968281388; 0,9406769527122378; 0,47307501221075654; 0,8941281074658036; 0,7846199395135045; 0,7260553888045251; 0,10904339840635657; 0,821847262326628; 0,989379407837987; 0,7029770468361676
0,020801429367938697; 0,9782848614268005; 0,051925118546932936; 0,8049302673898637; 0,8069794569164515; 0,6976460525766015; 0,9111254061572254; 0,3467816240154207; 0,1505548325367272; 0,32452228106558323; 0,27399824699386954
0,019836019674996472; 0,1679400303401053; 0,35186700988560915; 0,5895888418890536; 0,9544399264268577; 0,18169326335191727; 0,9177794121205807; 0,02603941736742854; 0,2651334200054407; 0,4646078050136566; 0,0031581055372953415
0,01936526074288691; 0,32058150926604867; 0,9305206146091223; 0,11121663963422179; 0,4140704330056906; 0,7061730069108307; 0,9350806795991957; 0,2160145603120327; 0,3439150610938668; 0,8215239061973989; 0,21238004555925727
0,020618357350167076; 0,3929299651645124; 0,41835521161556244; 0,7651275359094143; 0,00019775796681642532; 0,8640162376686931; 0,484722388908267; 0,27293388126417994; 0,13322458136826754; 0,49290696159005165; 0,7102371696382761
0,021002254912734344; 0,028496381361037493; 0,9908160674385726; 0,9833162827417254; 0,8735176268965006; 0,5224914513528347; 0,28252977319061756; 0,39910103799775243; 0,3059630929492414; 0,769162215758115; 0,07267741300165653
0,021117446335353257; 0,18528528604656458; 0,9889051257632673; 0,02612871676683426; 0,7618825961835682; 0,6090056439861655; 0,12649854738265276; 0,6432957067154348; 0,202460459433496; 0,5930157713592052; 0,6492852959781885
0,02029391455777076; 0,47845622105523944; 0,9167311410419643; 0,013740232679992914; 0,10090635996311903; 0,5152693544514477; 0,12099036294966936; 0,24432008573785424; 0,500479718670249; 0,2802069019526243; 0,5678425212390721
0,022728445960466657; 0,9439047127962112; 0,540123856626451; 0,0643516811542213; 0,4385101539082825; 0,616818034555763; 0,23218757845461369; 0,8750458587892354; 0,5067806434817612; 0,1355460868217051; 0,6106661185622215
0,02003070752050629; 0,3931364770978689; 0,029187540989369154; 0,7397401514463127; 0,5228372272104025; 0,7675928128883243; 0,021800932940095663; 0,26722430577501655; 0,018434411380439997; 0,7745453990064561; 0,4044789238832891
0,020850912742409; 0,39694468257948756; 0,629188584163785; 0,13676528399810195; 0,10452361730858684; 0,5609987904317677; 0,7333445604890585; 0,5073502892628312; 0,5442391876131296; 0,9111716998741031; 0,6890615159645677
0,02110853294080324; 0,23682761751115322; 0,1755653559230268; 0,8170939665287733; 0,3257860718294978; 0,4145432272925973; 0,7871605772525072; 0,4437266029417515; 0,08645753376185894; 0,5024644490331411; 0,32095257146283984
0,021669851994928886; 0,8888011784292758; 0,8946718140505254; 0,410901858471334; 0,4592351629398763; 0,8337809308432043; 0,47420007921755314; 0,5911239394918084; 0,3761181361041963; 0,12569936411455274; 0,43923283414915204
0,01981008092996773; 0,4691483932547271; 0,3252059919759631; 0,11537139909341931; 0,8809286318719387; 0,284808830358088; 0,11874536564573646; 0,2671441067941487; 0,5055754235945642; 0,501456999219954; 0,6829037591814995
0,020249636860572618; 0,9632947905920446; 0,11031888937577605; 0,40225365199148655; 0,37181464210152626; 0,4822715516202152; 0,5367375714704394; 0,24574006721377373; 0,09407906280830503; 0,8262672373093665; 0,3994837673380971
0,019690235641264656; 0,1182493488304317; 0,6694740252569318; 0,28896556701511145; 0,040837453212589025; 0,22543181106448174; 0,5248369770124555; 0,011887931730598211; 0,6689695497043431; 0,23564729746431112; 0,40200330782681704
0,020077949075352562; 0,2384359110146761; 0,6029257355257869; 0,23684085020795465; 0,08938257629051805; 0,47878615465015173; 0,16458711493760347; 0,10307881236076355; 0,014345023781061172; 0,9536001090891659; 0,7970115439966321
0,019610564679045237; 0,8030879222787917; 0,682446432299912; 0,6357239973731339; 0,16276681469753385; 0,35968993743881583; 0,3313165972940624; 0,005090119317173958; 0,44200963620096445; 0,5383947091177106; 0,3341135182417929
0,02109458803834611; 0,21912334952503443; 0,45769532211124897; 0,36409003380686045; 0,289523187559098; 0,6885343710891902; 0,5992924780584872; 0,42434820206835866; 0,842040041461587; 0,46943484200164676; 0,7201797985471785
0,020522900714308085; 0,7662382102571428; 0,42752709705382586; 0,45038553792983294; 0,1519222822971642; 0,6336467429064214; 0,36293719662353396; 0,29709580540657043; 0,28479397343471646; 0,37371085677295923; 0,2843093303963542
0,02091984689551715; 0,4618800235912204; 0,49144366243854165; 0,49794540647417307; 0,45413740538060665; 0,9248167034238577; 0,9181466647423804; 0,3673453531228006; 0,22614111518487334; 0,8223095522262156; 0,3963689040392637
0,020858038038203526; 0,4091226253658533; 0,4504439369775355; 0,7151022315956652; 0,06535943923518062; 0,6038940441794693; 0,4194381907582283; 0,35456782346591353; 0,5649315612390637; 0,7978197503834963; 0,6420550127513707
0,02016895566316631; 0,8447821498848498; 0,6967781027778983; 0,5631846827454865; 0,8457895559258759; 0,11388605367392302; 0,6818890627473593; 0,3464798084460199; 0,6780110988765955; 0,548872304148972; 0,6308391215279698
0,020401701723546738; 0,43053107568994164; 0,326362659689039; 0,7841246626339853; 0,6131505351513624; 0,28251005057245493; 0,49974297173321247; 0,33347166841849685; 0,4530240767635405; 0,6868617022410035; 0,656273391097784
0,02251499335128853; 0,06164577975869179; 0,7133765555918217; 0,6564699662849307; 0,054322545416653156; 0,25896434392780066; 0,04431863036006689; 0,8197937719523907; 0,6165150799788535; 0,5171651355922222; 0,3019662550650537
0,01995024898631035; 0,42474305955693126; 0,4340803353115916; 0,7993428818881512; 0,9238983192481101; 0,36810551257804036; 0,8112737224437296; 0,05540320323780179; 0,780018218792975; 0,4741453439928591; 0,7946696276776493
0,018985818397222357; 0,6953837811015546; 0,05528866592794657; 0,4825128158554435; 0,7964733662083745; 0,3639138163998723; 0,41046253964304924; 0,2398702041245997; 0,8516636001877487; 0,7992669972591102; 0,02278004540130496
0,02167208072853439; 0,471943068318069; 0,5868164394050837; 0,7405948233790696; 0,11981250485405326; 0,924221902154386; 0,7116051381453872; 0,715936035849154; 0,7884438675828278; 0,9145436570979655; 0,011056364513933659
0,019030042298214922; 0,5340085881762207; 0,9832975002937019; 0,9294963986612856; 0,29384993528947234; 0,39808561792597175; 0,3299142881296575; 0,1376799182035029; 0,6425657877698541; 0,5281781060621142; 0,4752141828648746
0,021166309780717346; 0,6743213748559356; 0,9415665185078979; 0,7597536514513195; 0,5294769993051887; 0,1606362392194569; 0,5535620143637061; 0,7159755271859467; 0,43542213225737214; 0,7348176394589245; 0,5058091506361961
0,022885383589189255; 0,4011261388659477; 0,7131263385526836; 0,8899608324281871; 0,525011520832777; 0,38157914159819484; 0,6737326695583761; 0,9263495574705303; 0,32716358732432127; 0,2897089496254921; 0,16709088813513517
0,020211652936989774; 0,9329136544838548; 0,72935292404145; 0,6344195692799985; 0,7306084968149662; 0,8076294865459204; 0,7637654957361519; 0,1663589789532125; 0,8443813873454928; 0,0637783850543201; 0,8874953212216496
0,019525731608335373; 0,4892422491684556; 0,9356076526455581; 0,38042830443009734; 0,08204460376873612; 0,6226168619468808; 0,43672319408506155; 0,07099202182143927; 0,0009476249106228352; 0,501230500638485; 0,5278351753950119
0,01915991512782027; 0,9422780983150005; 0,004453517030924559; 0,016922622453421354; 0,5130267143249512; 0,7277381401509047; 0,6430357699282467; 0,032092456705868244; 0,1544834771193564; 0,95820471085608; 0,7477184636518359
0,021000111796759077; 0,05609680758789182; 0,2822770047932863; 0,8541063996963203; 0,2146176053211093; 0,8579707881435752; 0,5341928633861244; 0,403155408333987; 0,8440674599260092; 0,11612738622352481; 0,570739755872637
0,020418553536098522; 0,36104279523715377; 0,1385353459045291; 0,9187920265831053; 0,5951311788521707; 0,6812496981583536; 0,2065585614182055; 0,43826394714415073; 0,2344733802601695; 0,6287827813066542; 0,6094801933504641
0,02072139620250694; 0,4856426049955189; 0,4484652257524431; 0,4233813649043441; 0,7809087033383548; 0,13979338901117444; 0,14426369965076447; 0,3601329978555441; 0,8412638418376446; 0,7461463413201272; 0,9062561094760895
0,018619315185885887; 0,22083186823874712; 0,02495081815868616; 0,6380366152152419; 0,2872481681406498; 0,1953893662430346; 0,17607376398518682; 0,23687878670170903; 0,2379286321811378; 0,15520404651761055; 0,5712987813167274
0,019370573974770443; 0,555849511642009; 0,9570223093032837; 0,03183762636035681; 0,6246514553204179; 0,43922200705856085; 0,49927050434052944; 0,2651261826977134; 0,5845301845110953; 0,3904790189117193; 0,6106097283773124
0,020725851590547704; 0,14184482907876372; 0,6847959980368614; 0,49656403018161654; 0,3908605445176363; 0,2444119076244533; 0,8997358768247068; 0,43087167711928487; 0,4380459850654006; 0,7508617900311947; 0,5609517968259752
0,019170960743116007; 0,5509648164734244; 0,8867395613342524; 0,8785601113922894; 0,7319891788065434; 0,33885798742994666; 0,7490021148696542; 0,08001149818301201; 0,7015821360982955; 0,1236144625581801; 0,3340267837047577
0,018442449952837215; 0,6098864753730595; 0,9717964599840343; 0,8076312500052154; 0,5517203472554684; 0,11189313977956772; 0,8500907858833671; 0,06557774404063821; 0,44065836630761623; 0,267157310154289; 0,3778680399991572
0,022227819882170832; 0,23707462567836046; 0,23287946125492454; 0,36623542197048664; 0,884407218080014; 0,34378265449777246; 0,5493707694113255; 0,862873827572912; 0,477492933627218; 0,2008244078606367; 0,6361417220905423
0,02018029908347292; 0,33076895121484995; 0,7885271860286593; 0,6996566848829389; 0,7531361980363727; 0,997793850954622; 0,819493561051786; 0,5277554397471249; 0,16892502550035715; 0,6855838852934539; 0,1773760817013681
0,02197694356498346; 0,48819974483922124; 0,6339024980552495; 0,12156120501458645; 0,46572658978402615; 0,8678963081911206; 0,2755285082384944; 0,6734834550879896; 0,08284773863852024; 0,7193739283829927; 0,7144374195486307
0,020949512683947853; 0,31299132341519; 0,9091795468702912; 0,08774506114423275; 0,5467584058642387; 0,8518305993638933; 0,7981570838019252; 0,41078669810667634; 0,12998966593295336; 0,46703692013397813; 0,1039072317071259
0,02199636571967003; 0,22305538738146424; 0,12600596901029348; 0,16452741343528032; 0,9843846331350505; 0,08474153559654951; 0,2332398840226233; 0,8898607934825122; 0,10242527909576893; 0,5152606209740043; 0,08236026018857956
0,020919246675879286; 0,5937662064097822; 0,27636093739420176; 0,5210168771445751; 0,2370992568321526; 0,6771993180736899; 0,09326619002968073; 0,5973368631675839; 0,1903516580350697; 0,4798249467276037; 0,4315196839161217
0,019883517791293506; 0,6870103534311056; 0,28743958147242665; 0,6167426090687513; 0,2017141105607152; 0,38824566826224327; 0,523598006926477; 0,0541514721699059; 0,13319565821439028; 0,38167422777041793; 0,7003652136772871
0,01930568476206706; 0,345875839702785; 0,6976641016080976; 0,4758662669919431; 0,5756956650875509; 0,5679444945417345; 0,9510221895761788; 0,10043779481202364; 0,5472340504638851; 0,2333978610113263; 0,4728795401751995
0,019936252449848788; 0,8253119844011962; 0,8881646203808486; 0,15075151761993766; 0,16608613869175315; 0,769624943844974; 0,8173976731486619; 0,2909367182292044; 0,26574795227497816; 0,6949060489423573; 0,4051748448982835
0,02138737319824957; 0,9804531773552299; 0,9942162781953812; 0,39498354448005557; 0,8056788332760334; 0,7593822325579822; 0,10768486699089408; 0,5747904400341213; 0,3518493538722396; 0,6815998139791191; 0,2406631582416594
0,022561219319443403; 0,5223850384354591; 0,2812698273919523; 0,049356567207723856; 0,8171021854504943; 0,5546594480983913; 0,8079853192903101; 0,8415110618807375; 0,41461125388741493; 0,0934404325671494; 0,0985964173451066
0,020406246532464728; 0,6437283186241984; 0,8170426157303154; 0,6024618824012578; 0,43398342933505774; 0,5669750166125596; 0,05157244950532913; 0,2570443907752633; 0,8837068472057581; 0,3499489673413336; 0,7925941129215062
0,019501552294491426; 0,8996031996794045; 0,8189312550239265; 0,22979430854320526; 0,7902981848455966; 0,31128614163026214; 0,7079315567389131; 0,06314748851582408; 0,366911678109318; 0,5626089465804398; 0,9856595597229898
0,0219732332563335; 0,7471521971747279; 0,5545935858972371; 0,14174292888492346; 0,46964782383292913; 0,9219407462514937; 0,6855087354779243; 0,7510873563587666; 0,43513304414227605; 0,6282758661545813; 0,890278298407793
0,01999032881889087; 0,09867526544257998; 0,3179754288867116; 0,2689596591517329; 0,9243253618478775; 0,8893518936820328; 0,5199899459257722; 0,08213029056787491; 0,9921414754353464; 0,47781078377738595; 0,059685556683689356
0,022783740280036855; 0,16226353077217937; 0,19803565042093396; 0,7749391831457615; 0,9589407430030406; 0,5482816360890865; 0,17957290960475802; 0,9692306653596461; 0,8921078555285931; 0,531915329862386; 0,40170416701585054
0,020479221322193635; 0,38983673695474863; 0,5554469679482281; 0,3559192968532443; 0,5534860300831497; 0,5537920766510069; 0,5541178518906236; 0,22765107918530703; 0,23786774277687073; 0,601756056305021; 0,7650391738861799
0,02118588385349501; 0,7583700194954872; 0,8474049274809659; 0,1500085494481027; 0,161797059699893; 0,8120773574337363; 0,4163084523752332; 0,48160839546471834; 0,055021109990775585; 0,8885190705768764; 0,06474908906966448
0,02068102046285275; 0,24401458399370313; 0,6178432768210769; 0,8279029452241957; 0,34671337995678186; 0,8549375277943909; 0,07395677594467998; 0,2922926680184901; 0,01151878759264946; 0,1928860698826611; 0,33319193217903376
0,022332166090592215; 0,5146656609140337; 0,09203617880120873; 0,12506088661029935; 0,08572654193267226; 0,620091940741986; 0,9538238113746047; 0,7929354286752641; 0,3083325927145779; 0,14061916433274746; 0,719375332351774
0,022983770794336895; 0,6111883381381631; 0,6473072306253016; 0,48201804095879197; 0,5172156528569758; 0,6816725740209222; 0,6419208538718522; 0,945800977293402; 0,2127732248045504; 0,5332671795040369; 0,5457370928488672
0,023153301165937182; 0,47456487827003; 0,5488823992200196; 0,14544468186795712; 0,018661064095795155; 0,5801083743572235; 0,023042715154588223; 0,9951306516304612; 0,8044532425701618; 0,34066927898675203; 0,38623158214613795
0,020206876945217504; 0,6087351343594491; 0,8213038649410009; 0,2080325330607593; 0,337260237429291; 0,48897298565134406; 0,662031211424619; 0,5701760863885283; 0,4462324841879308; 0,39327475475147367; 0,10418726596981287
0,02072685587996211; 0,19543872075155377; 0,6404163460247219; 0,6656838105991483; 0,8149241339415312; 0,6281064068898559; 0,568640423938632; 0,4102913732640445; 0,30568736605346203; 0,7024015542119741; 0,6878929398953915
0,02255408265819802; 0,6207449226640165; 0,8627491453662515; 0,9162317253649235; 0,5817021690309048; 0,2647950556129217; 0,4654431575909257; 0,9237984251230955; 0,1646158192306757; 0,14544742880389094; 0,4065705696120858
0,021136702690216377; 0,45353419752791524; 0,4890118599869311; 0,7246379652060568; 0,47373855020850897; 0,8572874455712736; 0,8489719261415303; 0,43209561239928007; 0,1288294973783195; 0,2633370733819902; 0,1704036481678486
0,019984375990183375; 0,66810706211254; 0,36631142161786556; 0,30774290300905704; 0,5940885064192116; 0,478507440071553; 0,07614543568342924; 0,11059727286919951; 0,20347269251942635; 0,7045461819507182; 0,33156280033290386
0,022944075881591974; 0,785145690664649; 0,2934781829826534; 0,08683575363829732; 0,28468064963817596; 0,47796407574787736; 0,23114684503525496; 0,9771701442077756; 0,7077541211619973; 0,06647374480962753; 0,28889410849660635
0,021449395684212415; 0,5488756904378533; 0,26412398694083095; 0,4405614323914051; 0,6187262837775052; 0,04107132274657488; 0,6434594900347292; 0,5638131047599018; 0,15744712902233005; 0,24575466010719538; 0,3288019336760044
0,019602910168365306; 0,4537915186956525; 0,1860032775439322; 0,3720241920091212; 0,4133114852011204; 0,2529098060913384; 0,5065150237642229; 0,22654919745400548; 0,15403566975146532; 0,5740782041102648; 0,27035015216097236
0,021560771525291605; 0,5158221204765141; 0,8291011652909219; 0,9403981757350266; 0,09849794022738934; 0,9824450477026403; 0,8139500413089991; 0,810661647003144; 0,43104813573881984; 0,5938904932700098; 0,6924307327717543
0,02034049386160502; 0,2621371545828879; 0,8934343000873923; 0,20617700926959515; 0,6103018359281123; 0,022992352955043316; 0,13133757188916206; 0,33206743700429797; 0,1783872488886118; 0,24520878540351987; 0,8914332455024123
0,01898511684029054; 0,634911606553942; 0,8440540791489184; 0,8393100672401488; 0,5836611138656735; 0,4824850452132523; 0,24115455243736506; 0,00949005363509059; 0,7548874630592763; 0,6035213056020439; 0,2678822549059987
0,020710926158604176; 0,16050236113369465; 0,9214747888036072; 0,44933399884030223; 0,6610745089128613; 0,20606367755681276; 0,9406135403551161; 0,7496436163783073; 0,9685409227386117; 0,7800933327525854; 0,3380888979882002
0,020996789148362813; 0,6747074080631137; 0,7863229704089463; 0,6837880499660969; 0,6182088530622423; 0,9976237816736102; 0,33276956994086504; 0,6217137407511473; 0,08827140647917986; 0,7931629526428878; 0,11714783124625683
0,02156202302824614; 0,7773743341676891; 0,09338896675035357; 0,7211191519163549; 0,30717635387554765; 0,5956848971545696; 0,7986624999903142; 0,6858355095610023; 0,9747305382043123; 0,5894574238918722; 0,9525884408503771
0,01942276732948133; 0,7935354122892022; 0,05423993431031704; 0,6829151352867484; 0,7291609030216932; 0,34554103994742036; 0,25329177593812346; 0,44926751172170043; 0,6017828001640737; 0,40840362664312124; 0,5837557949125767
0,02020173685797639; 0,9942649700678885; 0,09350536670535803; 0,09176095528528094; 0,03993768338114023; 0,7080033565871418; 0,8594631073065102; 0,15101431123912334; 0,9005165216512978; 0,6810083147138357; 0,36158706014975905
0,02248049155777407; 0,24080997752025723; 0,5997433261945844; 0,514535051304847; 0,3445239500142634; 0,2824606350623071; 0,5864665014669299; 0,8176353783346713; 0,11099294619634748; 0,18626569909974933; 0,6771172760054469
0,021990698433060347; 0,9696195349097252; 0,7084324872121215; 0,884727016557008; 0,9504019725136459; 0,80336873838678; 0,6533090188167989; 0,681787567678839; 0,18753786711022258; 0,6903687021695077; 0,9288701536133885
0,021394127866473545; 0,06118966406211257; 0,1731254174374044; 0,4872434982098639; 0,764504314865917; 0,6104057929478586; 0,24666745075955987; 0,6165525447577238; 0,9156365529634058; 0,4171451097354293; 0,4695518366061151
0,02055643211144181; 0,34310811990872025; 0,5161149022169411; 0,7499413969926536; 0,3845264674164355; 0,6060398444533348; 0,12243728246539831; 0,25288282334804535; 0,6276957276277244; 0,067607750184834; 0,807318608276546
0,0208468642960316; 0,4134717183187604; 0,29727896908298135; 0,15964968129992485; 0,5182208735495806; 0,15457705408334732; 0,7221069633960724; 0,4012116133235395; 0,6961656152270734; 0,027190527878701687; 0,3728817109949887
0,02113271265429864; 0,5914174295030534; 0,6019703829661012; 0,19892514823004603; 0,7657454190775752; 0,4170077838934958; 0,14180471282452345; 0,4448887910693884; 0,5399563712999225; 0,9090001629665494; 0,6531657273881137
0,02053914269234595; 0,9623288647271693; 0,6625115070492029; 0,8809761446900666; 0,9073536065407097; 0,7784054125659168; 0,7400187784805894; 0,379186715465039; 0,7946070423349738; 0,12635608296841383; 0,07784291263669729
0,02310138300400482; 0,8751016478054225; 0,44170451862737536; 0,5872745397500694; 0,913562370929867; 0,23544412991032004; 0,8197056008502841; 0,9779552198015153; 0,9193976777605712; 0,9008707483299077; 0,9671653071418405
0,021043997038161646; 0,8429657639935613; 0,8153688884340227; 0,8028464699164033; 0,9766229586675763; 0,28384271869435906; 0,47355579072609544; 0,5568832270801067; 0,4174070884473622; 0,4223934467881918; 0,7584810825064778
0,021554253133187474; 0,19684129348024726; 0,5060316566377878; 0,8832026408053935; 0,4928179820999503; 0,42519745929166675; 0,7181741236709058; 0,5992226391099393; 0,6756363823078573; 0,04838447505608201; 0,4094003629870713
0,020160726794792114; 0,7665056870318949; 0,8666365616954863; 0,7764343633316457; 0,8657801994122565; 0,8326432560570538; 0,8392224367707968; 0,19846877874806523; 0,9434472443535924; 0,3980427859351039; 0,031693629920482635
0,01942019251579349; 0,2982688080519438; 0,5744728976860642; 0,7799699329771101; 0,15537429135292768; 0,6944977240636945; 0,6560537847690284; 0,004275364335626364; 0,0710112089291215; 0,9680296364240348; 0,7821876960806549
0,022079805448976645; 0,03662823839113116; 0,45853820350021124; 0,021756418980658054; 0,15259489277377725; 0,17877249419689178; 0,30796039989218116; 0,7712032301351428; 0,37675031227990985; 0,4257385488599539; 0,5631022113375366
0,02098409744504596; 0,22452370543032885; 0,8021235764026642; 0,28398628532886505; 0,8848400856368244; 0,03517628274857998; 0,47998203337192535; 0,6566686066798866; 0,4270614464767277; 0,43679773807525635; 0,08047483116388321
0,020468042902656147; 0,4044419010169804; 0,5824142112396657; 0,4569235066883266; 0,6846812735311687; 0,5192319015040994; 0,849131194408983; 0,41665506456047297; 0,993516652379185; 0,09891743678599596; 0,7720579169690609
0,022247974675407636; 0,8766126055270433; 0,6509392680600286; 0,16510846139863133; 0,7606740882620215; 0,42979906778782606; 0,8387461258098483; 0,8459482463076711; 0,7753707435913384; 0,5715921144001186; 0,5174962002784014
0,019869474167204918; 0,8640319560654461; 0,9333480717614293; 0,8879760862328112; 0,6971100326627493; 0,9043959504924715; 0,4679257096722722; 0,026840470731258392; 0,10488988040015101; 0,8065439788624644; 0,9662774605676532
0,020248653231192872; 0,03660888271406293; 0,7648645206354558; 0,757338909432292; 0,8438803842291236; 0,16110739018768072; 0,6016967901960015; 0,3656861209310591; 0,7512612747959793; 0,10200026165693998; 0,7797888978384435
0,02040412400127848; 0,4622274008579552; 0,13315447000786662; 0,8650838546454906; 0,10898410296067595; 0,7818513661623001; 0,35122806252911687; 0,20663447584956884; 0,11385730793699622; 0,9325546720065176; 0,9060076125897467
0,021220443626221764; 0,992052239831537; 0,8081806520931423; 0,9974327753297985; 0,5944142830558121; 0,8654468026943505; 0,21060580015182495; 0,4568507415242493; 0,692830131854862; 0,008755647577345371; 0,3931960090994835
0,020641510726359117; 0,6907540475949645; 0,9153735861182213; 0,03124193102121353; 0,1270044595003128; 0,22757167648524046; 0,4929503742605448; 0,5154964900575578; 0,7251696335151792; 0,5735583784990013; 0,3901950572617352
0,020818702687722766; 0,36603673780336976; 0,7507429937832057; 0,9651710609905422; 0,5434242924675345; 0,4491454027593136; 0,21101213619112968; 0,41735733579844236; 0,05655014142394066; 0,6470023388974369; 0,7054064343683422
0,021829169339159852; 0,38242496130988; 0,7492343452759087; 0,08315720874816179; 0,050356490071862936; 0,34971558628603816; 0,5353071051649749; 0,8253271467983723; 0,9992147437296808; 0,5685287723317742; 0,337213771417737
0,02018175146840153; 0,7522561214864254; 0,3536450145766139; 0,5707121272571385; 0,3501085815951228; 0,030131299514323473; 0,1247851517982781; 0,3600687417201698; 0,00554758682847023; 0,695638794451952; 0,13353759655728936
0,02175620835128148; 0,0841857991181314; 0,28594803204759955; 0,3170938161201775; 0,06037086807191372; 0,4457970936782658; 0,6480285720899701; 0,6114929923787713; 0,19107855716720223; 0,7359693548642099; 0,1898751026019454
0,020846219257404344; 0,9830869073048234; 0,6213993718847632; 0,37654629442840815; 0,5476032686419785; 0,16614139219745994; 0,08436511736363173; 0,3672384349629283; 0,6838327767327428; 0,7660661851987243; 0,08899331092834473
0,022532649173919537; 0,3251328100450337; 0,5028033987618983; 0,6358463149517775; 0,9667116934433579; 0,4803259144537151; 0,28011677088215947; 0,8259420725516975; 0,966698485892266; 0,22406258713454008; 0,8237199778668582
0,020747169754968098; 0,5292836227454245; 0,7396240211091936; 0,39258846500888467; 0,29700652742758393; 0,19538431987166405; 0,19016200490295887; 0,3130610645748675; 0,3508603856898844; 0,3101387331262231; 0,047370572574436665
0,020277499749413033; 0,4818479339592159; 0,6747791697271168; 0,7840924002230167; 0,7745260018855333; 0,43608954828232527; 0,19087027572095394; 0,16504815686494112; 0,8370893453247845; 0,6450148499570787; 0,45281362952664495
0,022083152795242644; 0,36427561985328794; 0,8139934996142983; 0,5338964308612049; 0,6510218195617199; 0,9488871460780501; 0,17313943896442652; 0,8061766284517944; 0,13588284282013774; 0,5103679704479873; 0,22120718704536557
0,019900120289768414; 0,979386470746249; 0,5650194585323334; 0,16196323605254292; 0,10012190183624625; 0,17078186897560954; 0,5714272046461701; 0,03815961675718427; 0,11630847910419106; 0,9588194862008095; 0,18181076785549521
0,02015698549353385; 0,006860893219709396; 0,17985268076881766; 0,4518756321631372; 0,021096762735396624; 0,0341557739302516; 0,4388158614747226; 0,449278580956161; 0,2639682493172586; 0,7212011157535017; 0,4719970375299454
0,020863845181208898; 0,08552867826074362; 0,8038956024684012; 0,4444298087619245; 0,6823493433184922; 0,5776366773061454; 0,24389042425900698; 0,4994865898042917; 0,6376883466728032; 0,8064893195405602; 0,5489737475290895
0,02302969479434942; 0,0040520294569432735; 0,36792661948129535; 0,1311733815819025; 0,8809325443580747; 0,6745327631942928; 0,4404474841430783; 0,9548610113561153; 0,19699525833129883; 0,9353534760884941; 0,5883685196749866
0,020216759153720395; 0,9247949328273535; 0,678972692694515; 0,8488440699875355; 0,707816147711128; 0,6346535095945001; 0,5300508649088442; 0,1896008336916566; 0,12144995154812932; 0,46949365409091115; 0,4600194147787988
0,021511399868162518; 0,03232842776924372; 0,6726791760884225; 0,31681019393727183; 0,22696479363366961; 0,02749404776841402; 0,057286299765110016; 0,5546061065979302; 0,39408720983192325; 0,1735605183057487; 0,437943231780082
0,02160101974203134; 0,16376599483191967; 0,35272892843931913; 0,018791223876178265; 0,6100368709303439; 0,8164256787858903; 0,9140554466284811; 0,5675597246736288; 0,34236454078927636; 0,5481091840192676; 0,6014342801645398
0,021416377518321924; 0,33473734045401216; 0,167795785702765; 0,1318119065836072; 0,022131029050797224; 0,8515814002603292; 0,32878362899646163; 0,5278505929745734; 0,8196671344339848; 0,015374797862023115; 0,06064458843320608
0,021975297306079878; 0,506145216524601; 0,986813438590616; 0,5111850500106812; 0,747513622045517; 0,6641682647168636; 0,6598250549286604; 0,7633908619172871; 0,5783034269697964; 0,034724718891084194; 0,9478857484646142
0,022003244747265317; 0,36233319342136383; 0,5842277989722788; 0,5028320583514869; 0,21766751073300838; 0,39784083887934685; 0,5591255915351212; 0,7579236519522965; 0,23522099945694208; 0,6186661026440561; 0,02364036487415433
0,020401338347180123; 0,998854773119092; 0,47473188722506166; 0,8799920589663088; 0,5487402775324881; 0,8321015457622707; 0,9279540632851422; 0,20836837962269783; 0,4082242692820728; 0,600326216313988; 0,02563644014298916
0,020477684286029585; 0,5596523717977107; 0,9285025293938816; 0,012300161644816399; 0,5227159764617682; 0,12579860724508762; 0,36820773547515273; 0,4239039933308959; 0,4253352810628712; 0,9332194924354553; 0,6485680951736867
0,020612796759387434; 0,9219036702997983; 0,5887282313778996; 0,2628879607655108; 0,6283936374820769; 0,2625224073417485; 0,388768476434052; 0,27313832519575953; 0,09130453644320369; 0,9446458583697677; 0,6275429069064558
0,022563642630328954; 0,5284623671323061; 0,42241028044372797; 0,24548710556700826; 0,6713294144719839; 0,3989577079191804; 0,07351164892315865; 0,9258907488547266; 0,6538986451923847; 0,8146416353993118; 0,31062121829017997
0,020130690838141216; 0,6064303060993552; 0,07379167806357145; 0,6291419984772801; 0,7855352601036429; 0,6656068130396307; 0,6001692721620202; 0,26136442041024566; 0,3019154369831085; 0,8086943277157843; 0,45144794089719653
0,022910679264675597; 0,46198444347828627; 0,4129205234348774; 0,5779323154129088; 0,4423620877787471; 0,13987662503495812; 0,886683186981827; 0,9218378812074661; 0,4312355942092836; 0,22798448894172907; 0,21078362641856074
0,021999420972401908; 0,19734251499176025; 0,4609379847534001; 0,6446363306604326; 0,2430864949710667; 0,14436640916392207; 0,3271856182254851; 0,7509921840392053; 0,15929480036720634; 0,6413046387024224; 0,8977068071253598
0,022335316788953154; 0,1773971375077963; 0,2221816349774599; 0,9741138955578208; 0,6133201774209738; 0,9969769432209432; 0,7570277182385325; 0,772211607079953; 0,2980436715297401; 0,489402461796999; 0,8502943525090814
0,019316867566600282; 0,37885755440220237; 0,28175264224410057; 0,49819546146318316; 0,7528684097342193; 0,27627134323120117; 0,03639646386727691; 0,2306560236029327; 0,14244925463572145; 0,6856294190511107; 0,17745599430054426
0,020855132297941267; 0,45739477733150125; 0,9280887502245605; 0,4094285685569048; 0,1677629197947681; 0,8778250869363546; 0,7097346875816584; 0,3748737033456564; 0,8815617063082755; 0,7854967047460377; 0,9608599254861474
0,020160617673442443; 0,09044947335496545; 0,5239477609284222; 0,9890646175481379; 0,8701046300120652; 0,9575310787186027; 0,47281031170859933; 0,12468288233503699; 0,2191369952633977; 0,79210419440642; 0,8833222985267639
0,02273724997608142; 0,6452811295166612; 0,34080600971356034; 0,651142343878746; 0,30544039560481906; 0,3829868044704199; 0,8012046408839524; 0,8773256805725396; 0,143895847722888; 0,11142890667542815; 0,0526041523553431
0,02000401860435148; 0,18211788590997458; 0,7187930895015597; 0,5682792104780674; 0,14848164515569806; 0,9470501448959112; 0,36051713116467; 0,09589287219569087; 0,16251749731600285; 0,33424269454553723; 0,37156450748443604
0,021020923540209433; 0,14285430731251836; 0,8439580104313791; 0,04346613772213459; 0,6378105557523668; 0,08858382795006037; 0,6332320026122034; 0,6755745569244027; 0,19631103053689003; 0,3081325036473572; 0,21270618354901671
0,01883041228474708; 0,03168936260044575; 0,19093317771330476; 0,4430733881890774; 0,8475824040360749; 0,21221922663971782; 0,0058183372020721436; 0,10554388863965869; 0,10825761128216982; 0,6980421771295369; 0,3451040373183787
0,022001208452157195; 0,3946063187904656; 0,7859668065793812; 0,9277535867877305; 0,4439018042758107; 0,20212592370808125; 0,3207614910788834; 0,7086338438093662; 0,8467539483681321; 0,12328603537753224; 0,6535191936418414
0,020432339600610347; 0,3550078165717423; 0,6453261128626764; 0,7762901480309665; 0,037071908824145794; 0,3617920749820769; 0,3479520920664072; 0,28569663828238845; 0,6792096244171262; 0,01536636520177126; 0,7505669523961842
0,0231198684899889; 0,5743059539236128; 0,23134231194853783; 0,2570055681280792; 0,6571059231646359; 0,0868449155241251; 0,8947627767920494; 0,9890514169819653; 0,5845140772871673; 0,3473391244187951; 0,7660425202921033
0,020539263338979753; 0,6662286212667823; 0,1644298443570733; 0,16916601825505495; 0,20576969254761934; 0,9386963490396738; 0,1060320339165628; 0,2598385326564312; 0,11674714228138328; 0,6214212151244283; 0,6342684091068804
0,01985060018008162; 0,7793963043950498; 0,7588107446208596; 0,9680040283128619; 0,6820311518386006; 0,3625136436894536; 0,5824574609287083; 0,1083781011402607; 0,4725737804546952; 0,2872890750877559; 0,014394741971045732
0,022213973831111105; 0,9283693572506309; 0,25091560650616884; 0,34214226761832833; 0,18647892493754625; 0,5600002710707486; 0,1866843467578292; 0,7994899554178119; 0,04090736620128155; 0,39512320049107075; 0,12419474730268121
0,02198638079807391; 0,5314245484769344; 0,271530385594815; 0,09248331841081381; 0,3161802049726248; 0,514318288769573; 0,8688299017958343; 0,6809681435115635; 0,4610534976236522; 0,650705081410706; 0,14225967833772302
0,020425103163934966; 0,08356896229088306; 0,370992261916399; 0,3620929718017578; 0,13157243933528662; 0,07344681164249778; 0,5289689204655588; 0,2932912767864764; 0,11801183922216296; 0,4054408981464803; 0,7050400134176016
0,02174001434906563; 0,3381696338765323; 0,9696437576785684; 0,7853452293202281; 0,5670968564227223; 0,32904416834935546; 0,471619242336601; 0,8205297286622226; 0,15936056710779667; 0,6158832409419119; 0,022481873631477356
0,02159639893728062; 0,6545332842506468; 0,8199433404952288; 0,10042913444340229; 0,08791913837194443; 0,7934656040742993; 0,14203904336318374; 0,5687108961865306; 0,5390276312828064; 0,27509830985218287; 0,5260737920179963
0,022243632093290118; 0,6850323425605893; 0,7910080421715975; 0,9201314868405461; 0,04658350441604853; 0,3430672609247267; 0,3773948233574629; 0,9040934299118817; 0,5463668955489993; 0,27655676286667585; 0,7510429094545543
0,02045856624411989; 0,6995086329989135; 0,8014144715853035; 0,908764039631933; 0,04606593865901232; 0,18371186684817076; 0,6575567163527012; 0,40300685120746493; 0,22821196634322405; 0,16241701133549213; 0,17523779161274433
0,020546988545597857; 0,06415269710123539; 0,2951881531625986; 0,7608612314797938; 0,049897732213139534; 0,4947055703960359; 0,7438841294497252; 0,26265837671235204; 0,4963366622105241; 0,15939176175743341; 0,9331203298643231
0,021725427982262912; 0,25708579225465655; 0,2520280056633055; 0,028302883729338646; 0,9335580137558281; 0,17212229128926992; 0,2956762118265033; 0,7329520788043737; 0,7231320380233228; 0,08209963422268629; 0,8321644249372184
0,020830013598962888; 0,4804463256150484; 0,23368614492937922; 0,05166773544624448; 0,6149908229708672; 0,07516653835773468; 0,7444868315942585; 0,3856098339892924; 0,49446545634418726; 0,6118554645217955; 0,592712945304811
0,020406049454527037; 0,30970120849087834; 0,6065530381165445; 0,07457325840368867; 0,3928835531696677; 0,4315150212496519; 0,8004348049871624; 0,404446825850755; 0,6366051980294287; 0,45109439082443714; 0,958159223664552
0,02132198170010657; 0,8611931153573096; 0,7289798445999622; 0,1215942888520658; 0,6472355118021369; 0,7561681172810495; 0,5317566003650427; 0,5682002319954336; 0,7388786701485515; 0,8634940357878804; 0,3641301984898746
0,020986502311064272; 0,38256543781608343; 0,8924042307771742; 0,3369821086525917; 0,712954388000071; 0,6563061340712011; 0,9097262932918966; 0,6113178315572441; 0,03910106606781483; 0,7494272035546601; 0,2826531259343028
0,021260116157316867; 0,18298506224527955; 0,1913568968884647; 0,3631959604099393; 0,7912927609868348; 0,14641549438238144; 0,9504170422442257; 0,4861420220695436; 0,1561053437180817; 0,849857684224844; 0,37148906849324703
0,018817140003729322; 0,7417831681668758; 0,18225650722160935; 0,45428676391020417; 0,8926924956031144; 0,45679689617827535; 0,10087444866076112; 0,05302316136658192; 0,8251411630772054; 0,1371563016436994; 0,6719284853897989
0,020279129605759276; 0,2124616769142449; 0,02714767912402749; 0,7512036482803524; 0,44518862292170525; 0,3462965819053352; 0,7811561278067529; 0,4416284649632871; 0,7430747649632394; 0,8157827877439559; 0,8474010485224426
0,019598663502552016; 0,860922989435494; 0,6957821981050074; 0,853521169628948; 0,47654033033177257; 0,55852717673406; 0,7924951263703406; 0,07545339222997427; 0,6221261778846383; 0,804493585601449; 0,005639633163809776
0,020868637480655605; 0,5819634576328099; 0,087650116533041; 0,25588527973741293; 0,8035808010026813; 0,5212622373364866; 0,07204119954258204; 0,3717050114646554; 0,15692604053765535; 0,1556846178136766; 0,7437378843314946
0,019686513062408678; 0,6295309970155358; 0,9150137514807284; 0,10753447748720646; 0,5338338576257229; 0,43718061968684196; 0,4666614271700382; 0,3431662595830858; 0,5824799332767725; 0,6378861763514578; 0,42591299396008253
0,020469791709759145; 0,967659686692059; 0,5386745287105441; 0,31048656441271305; 0,4035490322858095; 0,33436763985082507; 0,9114622888155282; 0,2769772997125983; 0,3411223189905286; 0,7916149976663291; 0,5548506486229599
0,019834826747563376; 0,965997876599431; 0,24426188273355365; 0,8122327006421983; 0,08481028024107218; 0,7434035670012236; 0,7435866994783282; 0,01493047783151269; 0,6553315380588174; 0,39401951199397445; 0,025198374409228563
0,021524661487041432; 0,5895977718755603; 0,18706565210595727; 0,7191318622790277; 0,14751439914107323; 0,799999468959868; 0,9974675173871219; 0,5548040391877294; 0,7147592315450311; 0,11528687831014395; 0,20229920092970133
0,019588896714959475; 0,5015388824976981; 0,8956903489306569; 0,8878230787813663; 0,6209469055756927; 0,22224880056455731; 0,5142806237563491; 0,13944614818319678; 0,06023875158280134; 0,11323875887319446; 0,6281546708196402
0,022521111579178868; 0,09075016714632511; 0,2752373768016696; 0,6983241424895823; 0,4029853502288461; 0,6714499997906387; 0,2612222828902304; 0,8533593723550439; 0,9220388908870518; 0,40345936082303524; 0,8695428809151053
0,0218425404385869; 0,6701624412089586; 0,07741901045665145; 0,23562300391495228; 0,18801966356113553; 0,8919698619283736; 0,47967713978141546; 0,7831989615224302; 0,9103057207539678; 0,8024429036304355; 0,8371139322407544
0,022190340522023864; 0,8899864642880857; 0,2661898438818753; 0,9328123587183654; 0,3162437668070197; 0,008921374101191759; 0,43416965287178755; 0,9031175514683127; 0,11306820018216968; 0,35795831121504307; 0,09845204977318645
0,022889309702759833; 0,42098909663036466; 0,9022175734862685; 0,6451642690226436; 0,11180412396788597; 0,3460501730442047; 0,015180696733295918; 0,9249128680676222; 0,03202307969331741; 0,8935141023248434; 0,9385665715672076
0,020012421190624057; 0,14406384434551; 0,7231380441226065; 0,7112440182827413; 0,4130613449960947; 0,2754040276631713; 0,012751453556120396; 0,08186597656458616; 0,5577783565968275; 0,8087955107912421; 0,8173771174624562
0,02261017062147147; 0,4225843669846654; 0,7158457054756582; 0,06319706374779344; 0,2353163198567927; 0,14022146631032228; 0,5988484742119908; 0,8922226522117853; 0,20705130649730563; 0,22860432555899024; 0,8249842375516891
0,02021112805298278; 0,4466865942813456; 0,3004018026404083; 0,35143927950412035; 0,10476168245077133; 0,7197631960734725; 0,8041977980174124; 0,16667267121374607; 0,7369114132598042; 0,08782949903979897; 0,147824892308563
0,021449067012452673; 0,33772860327735543; 0,8576905187219381; 0,07739485753700137; 0,5363450367003679; 0,46008590841665864; 0,1360786147415638; 0,693925850559026; 0,3409829712472856; 0,38359927106648684; 0,9417359414510429
0,02118133234695502; 0,41343405842781067; 0,42129375506192446; 0,583658684976399; 0,7850447809323668; 0,08772340836003423; 0,700360968708992; 0,45261758426204324; 0,4947161106392741; 0,754793394356966; 0,14574339520186186
0,020490735306283422; 0,6362316198647022; 0,9440735480748117; 0,8773548938333988; 0,7462266082875431; 0,11255329009145498; 0,6038792682811618; 0,6625241027213633; 0,3273765710182488; 0,8001550128683448; 0,9092164481990039
0,022727877499220454; 0,5987317934632301; 0,7352214809507132; 0,7780918157659471; 0,23555002873763442; 0,5908943344838917; 0,5692239501513541; 0,8748330986127257; 0,5464137280359864; 0,23382129939273; 0,43162118503823876
0,02130865425666752; 0,09965420654043555; 0,6125487587414682; 0,4775621355511248; 0,8805307075381279; 0,9312673904933035; 0,04977229190990329; 0,4827086701989174; 0,7886574431322515; 0,10158547991886735; 0,9740608120337129
0,021385965336762063; 0,0800509387627244; 0,9681867603212595; 0,8779423702508211; 0,9721830692142248; 0,11627511447295547; 0,19731194898486137; 0,8320921203121543; 0,17173677496612072; 0,09245399851351976; 0,23943054489791393
0,02193650958009862; 0,9625798128545284; 0,4200266869738698; 0,1480606198310852; 0,258853723295033; 0,9123433707281947; 0,7056791759096086; 0,6688169944100082; 0,78891921043396; 0,3565150364302099; 0,8298922502435744
0,021876858455824072; 0,7652971027418971; 0,74806500505656; 0,7547042802907526; 0,5449377647601068; 0,11294780857861042; 0,6654714439064264; 0,7868451038375497; 0,29383803997188807; 0,02614310709759593; 0,30890914192423224
0,01984389453943882; 0,9519663038663566; 0,49514845851808786; 0,9510969412513077; 0,09715248644351959; 0,2958322437480092; 0,14627334708347917; 0,05695178732275963; 0,8799994657747447; 0,46144487196579576; 0,7645756895653903
0,020274417410057515; 0,43215087708085775; 0,6955913905985653; 0,8058682740665972; 0,8328829049132764; 0,6932277558371425; 0,568316740449518; 0,20516641065478325; 0,37247628858312964; 0,33532942784950137; 0,17371086543425918
0,022954987010584696; 0,21360494196414948; 0,7408293541520834; 0,1596044460311532; 0,7804096955806017; 0,5259405598044395; 0,052617226261645555; 0,9800994726829231; 0,47997888643294573; 0,8615450421348214; 0,07295432779937983
0,02090637176362882; 0,8395099570043385; 0,3226883444003761; 0,9922292861156166; 0,5185561943799257; 0,012988283298909664; 0,5543182259425521; 0,4019600679166615; 0,8883155095390975; 0,47352031897753477; 0,7891845838166773
0,021102434051899294; 0,6031781625933945; 0,24045407120138407; 0,5002402793616056; 0,04120581271126866; 0,867713846731931; 0,5695439442060888; 0,4248997401446104; 0,02181882131844759; 0,7834369190968573; 0,2058120472356677
0,021633139457438704; 0,4140467029064894; 0,7640608306974173; 0,44225284503772855; 0,7694467268884182; 0,35615841299295425; 0,32545386999845505; 0,595481597352773; 0,5593858007341623; 0,7372028296813369; 0,4089724184013903
0,019866161108891875; 0,4806465217843652; 0,4196081841364503; 0,11030476680025458; 0,8989496976137161; 0,7508576228283346; 0,9449863405898213; 0,0404389463365078; 0,8793210634030402; 0,8809611671604216; 0,26646025106310844
0,02006590889053439; 0,6174448099918664; 0,6495485389605165; 0,4502701675519347; 0,5094325374811888; 0,6036014729179442; 0,4791971924714744; 0,1855921894311905; 0,985933416057378; 0,29037915635854006; 0,33476642007008195
0,020893274057715558; 0,4288913318887353; 0,6306099849753082; 0,34593599988147616; 0,5936249764636159; 0,6469012489542365; 0,4691125429235399; 0,35812039487063885; 0,4453147849999368; 0,05242236563935876; 0,7916561928577721
0,020441841137923113; 0,9923143740743399; 0,5519091840833426; 0,86367262667045; 0,34720665495842695; 0,8938406761735678; 0,14852501079440117; 0,2157844789326191; 0,4838240039534867; 0,04505448369309306; 0,005482297856360674
0,020111319667787984; 0,8543455842882395; 0,49548206431791186; 0,19371082121506333; 0,04502851190045476; 0,3846805798821151; 0,6333124577067792; 0,16986624523997307; 0,08664492517709732; 0,6544866762124002; 0,008171599823981524
0,0201298896165605; 0,7908932925201952; 0,6829884741455317; 0,4182538026943803; 0,8359209103509784; 0,6254951735027134; 0,801712250802666; 0,2017034194432199; 0,0632902099750936; 0,696000412106514; 0,5904818354174495
0,021184997667164373; 0,6953207314945757; 0,24196208361536264; 0,9049787404946983; 0,24546252330765128; 0,5358989452943206; 0,23688741121441126; 0,7498272508382797; 0,20568581856787205; 0,22256350051611662; 0,12693531438708305
0,02184469770622933; 0,23045196058228612; 0,19055646425113082; 0,7796843964606524; 0,06483454210683703; 0,8617157433182001; 0,6809729156084359; 0,6364398496225476; 0,45450994931161404; 0,3903414076194167; 0,4232684667222202
0,02062181663716445; 0,6357314717024565; 0,005296585150063038; 0,0387884546071291; 0,7443886790424585; 0,9026797297410667; 0,24797352496534586; 0,2763481456786394; 0,47704058652743697; 0,17370790569111705; 0,7946603270247579
0,02083007860627379; 0,478103194385767; 0,9779746416024864; 0,08667539898306131; 0,6649887366220355; 0,9677962069399655; 0,9096313598565757; 0,48691083723679185; 0,1964176669716835; 0,8067200491204858; 0,7952093747444451
0,021163633230703603; 0,5272775986231863; 0,9675265680998564; 0,06411512847989798; 0,2973264092579484; 0,09345699613913894; 0,6185895726084709; 0,7525393548421562; 0,37769225472584367; 0,06366812204942107; 0,3173981821164489
0,02057613959215027; 0,6379211321473122; 0,25625302689149976; 0,20629857340827584; 0,42519111139699817; 0,7232605163007975; 0,21610310347750783; 0,48455375619232655; 0,8590752007439733; 0,36916068010032177; 0,9890662883408368
0,02097533223518726; 0,8618322373367846; 0,39511047303676605; 0,18925926368683577; 0,3386312802322209; 0,5099137253127992; 0,7823616755194962; 0,3898586919531226; 0,6913843592628837; 0,4965466298162937; 0,9416116126812994
0,02156318507611724; 0,9920460022985935; 0,7218255032785237; 0,1648994842544198; 0,6876580892130733; 0,9702810286544263; 0,047522400971502066; 0,5676643056795001; 0,4505704022012651; 0,6575476890429854; 0,9621051466092467
0,019349657267294745; 0,9591283001936972; 0,2646739352494478; 0,26477633556351066; 0,8133591427467763; 0,43155804742127657; 0,13152977637946606; 0,12666874239221215; 0,2000645804218948; 0,5322828539647162; 0,9645594479516149
0,022723287666605255; 0,7389569128863513; 0,21054343366995454; 0,6277338629588485; 0,2390744835138321; 0,8866785722784698; 0,900310420896858; 0,8736047740094364; 0,4876667088828981; 0,46016943035647273; 0,27916912687942386
0,020625200743078918; 0,7396114356815815; 0,49041991028934717; 0,3948724423535168; 0,6235095295123756; 0,6080930531024933; 0,5253456365317106; 0,31394421868026257; 0,23531555337831378; 0,971528478898108; 0,5929690464399755
0,02222009073379617; 0,1995997210033238; 0,8902970133349299; 0,6667102058418095; 0,35202332213521004; 0,6808983287774026; 0,09802902908995748; 0,8685663132928312; 0,45491698710247874; 0,6298242649063468; 0,47875465964898467
0,022039474065842297; 0,461858200840652; 0,6604391047731042; 0,9067843449302018; 0,9335002065636218; 0,48009298695251346; 0,27545975474640727; 0,7165698017925024; 0,5912501295097172; 0,8399456050246954; 0,7104317545890808
0,01943251990624249; 0,5405683657154441; 0,9885520581156015; 0,11944082332774997; 0,36264529591426253; 0,7643267214298248; 0,6999649633653462; 0,19243414094671607; 0,8746469379402697; 0,29106062930077314; 0,4989780653268099
0,021878333539093863; 0,3329609902575612; 0,7994673410430551; 0,5700447740964592; 0,027140378020703793; 0,7072702702134848; 0,21496315114200115; 0,8307131272740662; 0,2757454924285412; 0,5586011447012424; 0,5257530719973147
0,02227247444013611; 0,11832765256986022; 0,8834953415207565; 0,43458369513973594; 0,3394992733374238; 0,11005788436159492; 0,5957850804552436; 0,9400917128659785; 0,9266361757181585; 0,5875512338243425; 0,1432075183838606
0,02027745963966688; 0,6072305659763515; 0,7162523418664932; 0,43704898189753294; 0,011199077125638723; 0,012154986150562763; 0,34214929630979896; 0,16992619074881077; 0,7782360943965614; 0,12683099741116166; 0,8077774965204298
0,018626765770271905; 0,8989326474256814; 0,9524921742267907; 0,4288115603849292; 0,9632951500825584; 0,07334749680012465; 0,3295910023152828; 0,051739105954766273; 0,1818939265795052; 0,044035563711076975; 0,37467215210199356
0,021738707604769047; 0,6410828796215355; 0,05824671918526292; 0,1673878743313253; 0,12557411147281528; 0,4545933958142996; 0,1943952920846641; 0,8302549528889358; 0,8451725053600967; 0,6780456169508398; 0,5132941100746393
0,021634386018918008; 0,04617250245064497; 0,22827425971627235; 0,20612754207104445; 0,5621362035162747; 0,043181353248655796; 0,694128377828747; 0,6380331157706678; 0,42658446496352553; 0,03189243236556649; 0,17027385160326958
0,018336682737816593; 0,22571243112906814; 0,9381327428855002; 0,6583628873340786; 0,23058718023821712; 0,2535022650845349; 0,9835528028197587; 0,005766062997281551; 0,021183017175644636; 0,41343888407573104; 0,7630713623948395
0,022736853267719678; 0,05073291203007102; 0,4217477231286466; 0,7304043914191425; 0,736535684671253; 0,3367192866280675; 0,5013292310759425; 0,8966302126646042; 0,20712707098573446; 0,9808835731819272; 0,7639616294763982
0,020695970326631175; 0,4209683225490153; 0,42958284728229046; 0,31147394236177206; 0,1076735183596611; 0,3348444504663348; 0,9404952391050756; 0,34713389771059155; 0,7508991891518235; 0,3436392215080559; 0,5222238413989544
0,02200341505370257; 0,19910312816500664; 0,1473838253878057; 0,7157559799961746; 0,6923242541961372; 0,25519242603331804; 0,6974874050356448; 0,8539023762568831; 0,5457960423082113; 0,4115862213075161; 0,6848609056323767
0,022255704888890962; 0,7426583520136774; 0,9949750765226781; 0,48376922821626067; 0,30429847491905093; 0,021179288160055876; 0,3083414160646498; 0,9683855464681983; 0,5566214206628501; 0,9198624226264656; 0,8674675403162837
0,01887348678483313; 0,4126986893825233; 0,07150168530642986; 0,10128877032548189; 0,3296331684105098; 0,03664289088919759; 0,4576487261801958; 0,1126005700789392; 0,3721574218943715; 0,3605241668410599; 0,41762971226125956
0,02025060334868058; 0,92428287724033; 0,6172053534537554; 0,5984317222610116; 0,7412233576178551; 0,7468879665248096; 0,1601265505887568; 0,15358698787167668; 0,6158722210675478; 0,511344179045409; 0,35418972466140985
0,022887587091934364; 0,966816732659936; 0,14674741681665182; 0,6145439487881958; 0,6549262218177319; 0,3583497628569603; 0,9664497873745859; 0,9890819173306227; 0,07236512377858162; 0,6874494361691177; 0,07101472979411483
0,019362945172640006; 0,3027866152115166; 0,41421202337369323; 0,12797162821516395; 0,26033279206603765; 0,07841680338606238; 0,1927822115831077; 0,020761179737746716; 0,43270205333828926; 0,8892728984355927; 0,01359745254740119
0,020891626014041348; 0,5136167551390827; 0,752043220680207; 0,10116812493652105; 0,7646128553897142; 0,6395305288024247; 0,3005142053589225; 0,39104346046224236; 0,2961491928435862; 0,16856411239132285; 0,08220754563808441
0,02081844014733326; 0,6671664877794683; 0,38922502705827355; 0,4441601997241378; 0,2249869047664106; 0,7880906942300498; 0,5357551714405417; 0,3578740428201854; 0,6526843919418752; 0,4273036764934659; 0,8748539173975587
0,01997992384579072; 0,4132944098673761; 0,4856916540302336; 0,06040115328505635; 0,3848514975979924; 0,39843871677294374; 0,6595188062638044; 0,08406071038916707; 0,35660569136962295; 0,23656171187758446; 0,14275633543729782
0,019656644015283796; 0,09848936321213841; 0,09141301736235619; 0,3197156866081059; 0,16121866274625063; 0,5159368603490293; 0,644238353241235; 0,1981797399930656; 0,21863802056759596; 0,06754081416875124; 0,8206192329525948
0,021241397644046613; 0,24219141621142626; 0,7978552542626858; 0,561023851390928; 0,9849937330000103; 0,7503871503286064; 0,05266505479812622; 0,4707514666952193; 0,7518189530819654; 0,7953911176882684; 0,11565396562218666
0,020975704591009763; 0,48879792215302587; 0,017713068518787622; 0,2233751742169261; 0,9982702000997961; 0,5478221271187067; 0,809739310760051; 0,5577652626670897; 0,022883401717990637; 0,47278511663898826; 0,930878636892885
0,020335236413288073; 0,17930207028985023; 0,9554997952654958; 0,8094696183688939; 0,3148012785241008; 0,28327826829627156; 0,379477490670979; 0,39521939400583506; 0,5149799725040793; 0,9232668597251177; 0,6534842308610678
0,0207815933098463; 0,6704611731693149; 0,5216234321705997; 0,6888978891074657; 0,2620133673772216; 0,9521225327625871; 0,24264246225357056; 0,32347800908610225; 0,5408280650153756; 0,5416142945177853; 0,35501727601513267
0,022330729805201618; 0,45176760479807854; 0,3922314690425992; 0,8383359736762941; 0,619062586221844; 0,8311086478643119; 0,9834662773646414; 0,769944338593632; 0,5517191477119923; 0,26751841604709625; 0,6130567654035985
0,019734909401178457; 0,5015287920832634; 0,9043779545463622; 0,265376384370029; 0,3331047403626144; 0,9571020207367837; 0,22581069078296423; 0,030151470564305782; 0,38001419929787517; 0,6934602935798466; 0,9875761838629842
0,020109218915368064; 0,23296554060652852; 0,11787038389593363; 0,6084900829009712; 0,9070261958986521; 0,8075919402763247; 0,7145621026866138; 0,11151359137147665; 0,387502430472523; 0,3689281214028597; 0,5197903965599835
0,020317666116759527; 0,9760377542115748; 0,006969716399908066; 0,8120490801520646; 0,8014878048561513; 0,8477654354646802; 0,6198074668645859; 0,26176584605127573; 0,9917334457859397; 0,11028670193627477; 0,8742252676747739
0,020816670529563475; 0,5161841986700892; 0,40959886694326997; 0,6596622047945857; 0,1189840123988688; 0,745579763315618; 0,05254279915243387; 0,34379070810973644; 0,9185712295584381; 0,6530865146778524; 0,18887643981724977
0,02181026716530554; 0,485382872633636; 0,6735048964619637; 0,5549949235282838; 0,4337384821847081; 0,00898867566138506; 0,9700340209528804; 0,8369534844532609; 0,951394752599299; 0,5978829534724355; 0,7507615308277309
0,02235481420187065; 0,012125762179493904; 0,5186979221180081; 0,42169174598529935; 0,14770100871101022; 0,946886861231178; 0,23622143175452948; 0,7834923332557082; 0,5658047716133296; 0,3559508170001209; 0,6820838302373886
0,022190448210951532; 0,9450697959400713; 0,6478612790815532; 0,011227487586438656; 0,2709067715331912; 0,20354968775063753; 0,25514422450214624; 0,7348263408057392; 0,16004512179642916; 0,7602761336602271; 0,043795733246952295
0,023114891091605205; 0,35880728205665946; 0,7166092242114246; 0,4989704857580364; 0,7720327340066433; 0,287821589037776; 0,3844304196536541; 0,9743931042030454; 0,13854021672159433; 0,11918442649766803; 0,17424766486510634
0,021108760687918532; 0,35549770342186093; 0,7581500988453627; 0,7906854921020567; 0,2420027549378574; 0,41223490005359054; 0,10575883835554123; 0,5079887369647622; 0,13075977144762874; 0,035502597223967314; 0,541285842191428
0,0196352534448891; 0,3325560847297311; 0,7440028800629079; 0,008929205127060413; 0,021306054200977087; 0,2626055423170328; 0,2951260954141617; 0,0037682377733290195; 0,6509896931238472; 0,2065715086646378; 0,08346589934080839
0,022352257794771613; 0,6356803122907877; 0,24837528867647052; 0,022353868931531906; 0,8756224545650184; 0,6108619165606797; 0,05581184942275286; 0,8005152023397386; 0,4149228553287685; 0,985784450545907; 0,7428815569728613
0,019494769128579628; 0,02722208434715867; 0,685480048879981; 0,6945207417011261; 0,3938957070931792; 0,6362140984274447; 0,816895158495754; 0,007217660080641508; 0,8362370654940605; 0,5115062156692147; 0,3255508332513273
0,018865620359743623; 0,6031233086250722; 0,8132612728513777; 0,7627494619227946; 0,16639487631618977; 0,511819118168205; 0,8604740034788847; 0,014515017624944448; 0,9339250144548714; 0,3485671328380704; 0,769012856297195
0,021764779071452883; 0,49164510890841484; 0,24277914222329855; 0,7306132833473384; 0,557949130423367; 0,06723553175106645; 0,09436482703313231; 0,9105081120505929; 0,7887352746911347; 0,41685868334025145; 0,1938156238757074
0,020517759648513684; 0,3813726189546287; 0,9869086123071611; 0,1748144286684692; 0,9481120831333101; 0,6188375046476722; 0,3215538850054145; 0,479056837502867; 0,20148853212594986; 0,7971875322982669; 0,08316604234278202
0,021167137621581636; 0,45813316898420453; 0,8761659213341773; 0,5622043954208493; 0,7854624311439693; 0,9914855938404799; 0,4935600496828556; 0,5834229472093284; 0,9907276839949191; 0,5585399959236383; 0,24427587259560823
0,020687715156969898; 0,44618626264855266; 0,55378602957353; 0,8809326579794288; 0,5961425388231874; 0,12512107426300645; 0,5438086255453527; 0,29736101254820824; 0,20161066809669137; 0,1796592017635703; 0,12372562242671847
0,02144533257803538; 0,6789370258338749; 0,47476793453097343; 0,64260065369308; 0,8458662992343307; 0,008148934226483107; 0,15855812840163708; 0,5252486267127097; 0,04293576814234257; 0,7196482950821519; 0,16456237994134426
0,021643891614994623; 0,10120949661359191; 0,9854126321151853; 0,5777442469261587; 0,7460809275507927; 0,8775095203891397; 0,23914402071386576; 0,5901502650231123; 0,816094656009227; 0,07120960112661123; 0,9205959932878613
0,021706810825688563; 0,8602963122539222; 0,3202071110717952; 0,5832726410590112; 0,1214756304398179; 0,12527657113969326; 0,7218706686981022; 0,6537295444868505; 0,44000136433169246; 0,7539091710932553; 0,1101293908432126
0,019162392786723832; 0,42413748521357775; 0,012561489827930927; 0,759761068969965; 0,32955638179555535; 0,6063027237541974; 0,13058185065165162; 0,1237961882725358; 0,6411446980200708; 0,5430396138690412; 0,7708907690830529
0,023064239733541363; 0,32281977077946067; 0,9034842834807932; 0,2842896804213524; 0,27081549214199185; 0,20325373439118266; 0,5274597913958132; 0,9613468307070434; 0,07414171565324068; 0,3944640220142901; 0,8733090804889798
0,019325675221115775; 0,9968294003047049; 0,23271537059918046; 0,5119671919383109; 0,8307990324683487; 0,6652967357076705; 0,03323037317022681; 0,03835493419319391; 0,6411966835148633; 0,5322375590912998; 0,560769597068429
0,021654539497770613; 0,04229652043431997; 0,52250722842291; 0,03439063858240843; 0,9472237387672067; 0,4051086767576635; 0,9792252504266798; 0,6117606908082962; 0,519340333994478; 0,28940419387072325; 0,7665137471631169
0,022401467964585767; 0,730743954423815; 0,6410182979889214; 0,3626082744449377; 0,2853031102567911; 0,3846695856191218; 0,03213338926434517; 0,7891098060645163; 0,8083521043881774; 0,38091521617025137; 0,6498412694782019
0,022258379290561594; 0,4542129300534725; 0,23324715625494719; 0,2736777695827186; 0,24547062255442142; 0,44430391816422343; 0,9772875532507896; 0,7573797637596726; 0,2812237795442343; 0,8473433102481067; 0,3725880547426641
0,021370219106059886; 0,508815455250442; 0,21598220337182283; 0,7101908805780113; 0,8966814833693206; 0,41633005626499653; 0,036577236372977495; 0,7727223462425172; 0,2755198758095503; 0,5352900759316981; 0,40899995528161526
0,02035574075000855; 0,14117960073053837; 0,12662601005285978; 0,9356193426065147; 0,14937081141397357; 0,12833924032747746; 0,3348870985209942; 0,6212724759243429; 0,3190184165723622; 0,6533020976930857; 0,16895300662145019
0,018964935571332334; 0,9071920807473361; 0,8792961076833308; 0,69148752046749; 0,618684558197856; 0,6081803156994283; 0,7143654278479517; 0,17537951981648803; 0,6363976108841598; 0,7066870592534542; 0,029337461106479168
0,02022531551780848; 0,027438228484243155; 0,9520396208390594; 0,05135081196203828; 0,12479395652189851; 0,15738411294296384; 0,11018575169146061; 0,23307383200153708; 0,7155414498411119; 0,8028428894467652; 0,4690916184335947
0,021757764291883187; 0,08597927680239081; 0,7978278007358313; 0,22132347524166107; 0,9469994674436748; 0,9395881723612547; 0,8086511045694351; 0,7027727826498449; 0,2088122577406466; 0,513790269382298; 0,32139787962660193
0,02184490476980587; 0,6486425367183983; 0,21160155534744263; 0,5391133395023644; 0,8755205878987908; 0,17428106348961592; 0,27716327318921685; 0,8388712969608605; 0,15189659968018532; 0,905374291818589; 0,006681922823190689
0,018216089540731506; 0,8340908885002136; 0,9053879720158875; 0,203893156722188; 0,6031768596731126; 0,4759136885404587; 0,6358270328491926; 0,023149653803557158; 0,8132832068949938; 0,015168649144470692; 0,5500931139104068
0,019722517664414123; 0,8799894470721483; 0,6704009911045432; 0,7258851109072566; 0,6374110947363079; 0,45833351043984294; 0,1471480350010097; 0,005974314175546169; 0,7875951742753386; 0,08922481723129749; 0,4138281946070492
0,020624220740052435; 0,33215552754700184; 0,3830903028137982; 0,8121394943445921; 0,1400783029384911; 0,21839016024023294; 0,7683103675954044; 0,2820958076044917; 0,5408706073649228; 0,998988859821111; 0,27073484053835273
0,020644066091827663; 0,7147294906899333; 0,5598042453639209; 0,6103465626947582; 0,6846336531452835; 0,8665476236492395; 0,16322928853332996; 0,28893109830096364; 0,7735661091282964; 0,6648935405537486; 0,7840199409984052
0,020764282610835794; 0,22918137535452843; 0,7472409224137664; 0,6516197430901229; 0,7587664509192109; 0,6483343658037484; 0,25840751035138965; 0,38180077262222767; 0,3420429970137775; 0,2340194475837052; 0,309803559910506
0,021642719832157063; 0,7653598291799426; 0,0805940474383533; 0,41652976581826806; 0,3733236212283373; 0,9109325502067804; 0,9529437157325447; 0,5809983187355101; 0,3592637605033815; 0,14338763058185577; 0,4644531733356416
0,02201751689850013; 0,005349739920347929; 0,6233792989514768; 0,07333425246179104; 0,34124959260225296; 0,6337119406089187; 0,5775129506364465; 0,6893250751309097; 0,02949348883703351; 0,4465862726792693; 0,37384583428502083
0,0206076895833952; 0,3205885221250355; 0,20280980691313744; 0,8574720793403685; 0,15296910470351577; 0,891835970338434; 0,5486280377954245; 0,29837380489334464; 0,17956058448180556; 0,698302109260112; 0,6589747779071331
0,02140401629040395; 0,9580556694418192; 0,3918705526739359; 0,7825522599741817; 0,9581670993939042; 0,1013560458086431; 0,9425953291356564; 0,5770318610593677; 0,206418480258435; 0,7438589320518076; 0,1282647349871695
0,020710149890401524; 0,44088292866945267; 0,9813758102245629; 0,16325695579871535; 0,6532102525234222; 0,22987496526911855; 0,10274170199409127; 0,4194280654191971; 0,04410096304491162; 0,9758110931143165; 0,5383029822260141
0,01984121390066391; 0,1176423248834908; 0,26791567727923393; 0,7963383193127811; 0,19973126519471407; 0,7606433695182204; 0,21536915842443705; 0,10663085337728262; 0,1441426328383386; 0,16945480927824974; 0,05884344642981887
0,021107694110881148; 0,4585074633359909; 0,39389123069122434; 0,2677097194828093; 0,785103052854538; 0,7191554829478264; 0,42349432362243533; 0,42231054371222854; 0,2531856126151979; 0,17654340667650104; 0,06876463629305363
0,020791567619715172; 0,5950920036993921; 0,3727460424415767; 0,985990937333554; 0,22387632820755243; 0,12364762835204601; 0,13941665971651673; 0,563921176828444; 0,8436302687041461; 0,9513847618363798; 0,33941037254408
0,022075987367620994; 0,18305913172662258; 0,22283778572455049; 0,6426860052160919; 0,9332222240045667; 0,1534255533479154; 0,2500983662903309; 0,8616058747284114; 0,05689809424802661; 0,12077905191108584; 0,42205841839313507
0,02155496564478247; 0,12618874665349722; 0,6588382953777909; 0,9219789425842464; 0,8795901001431048; 0,6799427205696702; 0,29052011715248227; 0,5702805761247873; 0,09323688130825758; 0,23501943284645677; 0,5467206896282732
0,020878811674210056; 0,9539473438635468; 0,06623466685414314; 0,489949997048825; 0,34626087034121156; 0,015372402500361204; 0,7056873706169426; 0,6337030613794923; 0,8692853348329663; 0,6506155487149954; 0,17494537075981498
0,01871226669495431; 0,36100122472271323; 0,7838146695867181; 0,10194700676947832; 0,4979125838726759; 0,4630341646261513; 0,9923321497626603; 0,17706832010298967; 0,9158086078241467; 0,8380014486610889; 0,38643340580165386
0,019161440420269644; 0,9257377628237009; 0,58009063731879; 0,4763430315069854; 0,4392351442947984; 0,45987039152532816; 0,9029483827762306; 0,07343005575239658; 0,9334581946022809; 0,2907589543610811; 0,5686466307379305
0,02058366831633959; 0,880147788207978; 0,715308512095362; 0,5202054483816028; 0,5122559554874897; 0,9139034799300134; 0,671937549021095; 0,28792134020477533; 0,8268136284314096; 0,59268793836236; 0,10537249781191349
0,01983285160766904; 0,9808448487892747; 0,473754461389035; 0,24056271882727742; 0,9187318589538336; 0,8290337244980037; 0,5741824652068317; 0,015078173484653234; 0,47076127817854285; 0,44480753410607576; 0,05720028234645724
0,020075104311421; 0,9251122148707509; 0,5402257270179689; 0,05207804637029767; 0,1550340154208243; 0,41433925507590175; 0,5054962821304798; 0,1658244845457375; 0,5551687646657228; 0,46068978076800704; 0,7066299724392593
0,02055658926169443; 0,02317565120756626; 0,46803962206467986; 0,4889352712780237; 0,8937287554144859; 0,5932881548069417; 0,41507288347929716; 0,2525373138487339; 0,9983158735558391; 0,39144950779154897; 0,11994232563301921
0,02060828421897226; 0,4264019876718521; 0,12408227659761906; 0,7945262030698359; 0,4383881320245564; 0,34486094349995255; 0,3450205437839031; 0,6377452164888382; 0,013607766013592482; 0,11464584339410067; 0,8707558684982359
0,021315829238864752; 0,39931944431737065; 0,7304137065075338; 0,42193150566890836; 0,9868183885701001; 0,333330100402236; 0,050119005143642426; 0,4844760512933135; 0,5051448154263198; 0,4843965326435864; 0,8309135572053492
0,021584741609509003; 0,6133190128020942; 0,5782202393747866; 0,8837011680006981; 0,5036548404023051; 0,057362650986760855; 0,6675160797312856; 0,5937583716586232; 0,3950752387754619; 0,06427432876080275; 0,6582941268570721
0,019519220876457966; 0,2049968563951552; 0,297209489159286; 0,9983213045634329; 0,46931594517081976; 0,5970895024947822; 0,48220877768471837; 0,04081506887450814; 0,3542574937455356; 0,08191061299294233; 0,9927915837615728
0,02304647888938669; 0,3830590946599841; 0,7365269954316318; 0,4077358008362353; 0,668740576133132; 0,2833356917835772; 0,6116132466122508; 0,997765424195677; 0,7530574002303183; 0,8000058401376009; 0,7662690919823945
0,021786657465448906; 0,33845408307388425; 0,8285515424795449; 0,4375779083929956; 0,8907800693996251; 0,5847953921183944; 0,6211668541654944; 0,7793225720524788; 0,450985508505255; 0,31174662662670016; 0,9614403732120991
0,02008140448763597; 0,23465905198827386; 0,8194290869869292; 0,9148214971646667; 0,10654176725074649; 0,6955701410770416; 0,3237542067654431; 0,20448342664167285; 0,11583456583321095; 0,16245367331430316; 0,46233515068888664
0,021306952099262953; 0,5460537117905915; 0,6753866053186357; 0,19310398865491152; 0,6029627211391926; 0,2505483152344823; 0,8605902390554547; 0,5876642116345465; 0,8259294754825532; 0,5486613591201603; 0,1786105027422309
0,02078579975609014; 0,19769551418721676; 0,37631407752633095; 0,2718327478505671; 0,6352343852631748; 0,44414702616631985; 0,627953328192234; 0,32424444099888206; 0,01970960572361946; 0,9087148434482515; 0,26821303693577647
0,020580672790081495; 0,10373413609340787; 0,26318026753142476; 0,653611262794584; 0,6838779668323696; 0,7749773254618049; 0,4835142702795565; 0,26614003349095583; 0,49236538214609027; 0,6240485557354987; 0,8514964911155403
0,020752628525475516; 0,5765218744054437; 0,6952659748494625; 0,13483970239758492; 0,1528261792846024; 0,012413018383085728; 0,33246299671009183; 0,31754169845953584; 0,5444449996575713; 0,890047284308821; 0,33272005058825016
0,019712150997011; 0,33655071957036853; 0,8485870268195868; 0,9210272445343435; 0,8436300870962441; 0,7549966615624726; 0,9989559566602111; 0,33721240889281034; 0,2523924186825752; 0,7287895544432104; 0,596062792930752
0,021194400116411945; 0,32576493360102177; 0,9533458459191024; 0,750803689006716; 0,8909735577180982; 0,615955347660929; 0,10522094182670116; 0,49956437665969133; 0,1722642877139151; 0,7839008076116443; 0,6726893340237439
0,021030107047846327; 0,7818889846093953; 0,15931955678388476; 0,5470057991333306; 0,5460383291356266; 0,052320544607937336; 0,4242024412378669; 0,6476318310014904; 0,40465375827625394; 0,30397427920252085; 0,8940207371488214
0,021072906218129885; 0,09547658311203122; 0,7662198981270194; 0,01222839904949069; 0,07311127800494432; 0,5133832446299493; 0,43893208215013146; 0,46983818523585796; 0,8125685933046043; 0,22726637031883; 0,6415960136801004
0,02003033941968887; 0,9013655348680913; 0,0810244269669056; 0,3705568299628794; 0,02607811475172639; 0,11781927477568388; 0,9778058817610145; 0,2589549911208451; 0,1756643014959991; 0,47166854748502374; 0,03705244790762663
0,01942703566235855; 0,11664762301370502; 0,9468659865669906; 0,4392216159030795; 0,6084081032313406; 0,38708408968523145; 0,7454756833612919; 0,28830272424966097; 0,8418159456923604; 0,042014630045741796; 0,06212834641337395
0,019482204173130218; 0,2137655494734645; 0,910546388477087; 0,9067040449008346; 0,8590885424055159; 0,15280488412827253; 0,010400715749710798; 0,01853274693712592; 0,7116999663412571; 0,3798415665514767; 0,1841277340427041
0,020104812262566687; 0,8713916223496199; 0,9017806020565331; 0,4220739877782762; 0,3354672146961093; 0,0882927430793643; 0,15919088060036302; 0,1781364749185741; 0,4386098412796855; 0,7061425042338669; 0,601411993149668
0,02156548060000721; 0,40337856858968735; 0,32370813749730587; 0,7833746075630188; 0,8799223620444536; 0,601372841745615; 0,24513985170051455; 0,6804679543711245; 0,3563266550190747; 0,3686277358792722; 0,4191267709247768
0,02273717584558014; 0,36085707508027554; 0,773587345611304; 0,4175413423217833; 0,37400134559720755; 0,04104890348389745; 0,5138650452718139; 0,9685075455345213; 0,36156627628952265; 0,2749785762280226; 0,6261055842041969
0,020491127948598406; 0,8405341315083206; 0,9623840125277638; 0,5885677020996809; 0,4595158379524946; 0,7920577628538013; 0,7967703593894839; 0,24357545096427202; 0,3602413726039231; 0,7088206904008985; 0,713591415900737
0,022852935821689565; 0,3698937385343015; 0,7701591225340962; 0,8532335385680199; 0,00956928776577115; 0,8390961289405823; 0,3565326128154993; 0,9239085991866887; 0,46675363229587674; 0,8440667642280459; 0,6831455971114337
0,02059682223850969; 0,41235867654904723; 0,9654450481757522; 0,5366050726734102; 0,19943955214694142; 0,8506124247796834; 0,08365492848679423; 0,4172943881712854; 0,16551058506593108; 0,9986637425608933; 0,7256225608289242
0,019912734600674414; 0,30306316167116165; 0,5629975241608918; 0,17331830970942974; 0,5274298572912812; 0,4026001039892435; 0,9511119765229523; 0,16527656139805913; 0,5030089602805674; 0,3762795045040548; 0,45172984059900045
0,023204423204080952; 0,14540797332301736; 0,5502163930796087; 0,4517159275710583; 0,14393548108637333; 0,7916380418464541; 0,566209358163178; 0,9961483022198081; 0,11177478730678558; 0,5699782120063901; 0,6009013438597322
0,020064443838477428; 0,479209054261446; 0,5504250526428223; 0,30272631300613284; 0,44058723701164126; 0,38269895454868674; 0,6585924364626408; 0,11947087664157152; 0,23785924771800637; 0,5967016140930355; 0,9848762946203351
0,02147490600210292; 0,3091326579451561; 0,3140662293881178; 0,758950156159699; 0,21976082446053624; 0,4287090846337378; 0,03753523528575897; 0,6179652456194162; 0,7136202943511307; 0,14266677852720022; 0,9474944407120347
0,020732773169016675; 0,9822793835774064; 0,19775143824517727; 0,22036938183009624; 0,7405796381644905; 0,9488088972866535; 0,2461242680437863; 0,336008592043072; 0,37351609114557505; 0,5224392199888825; 0,6702223420143127
0,01986091706039251; 0,8501223139464855; 0,43981702625751495; 0,006918386556208134; 0,21839796286076307; 0,8845459586009383; 0,179231780115515; 0,02428626734763384; 0,46389320166781545; 0,09390671830624342; 0,14756610710173845
0,0210964681802749; 0,6238417043350637; 0,8971749930642545; 0,6827313588000834; 0,7351197940297425; 0,5078727724030614; 0,05157528072595596; 0,5966434380970895; 0,6398276714608073; 0,24921238841488957; 0,5706818853504956
0,02258982792160821; 0,8991610985249281; 0,09720968781039119; 0,2710374635644257; 0,09184514544904232; 0,5407533929683268; 0,5287794512696564; 0,8393070576712489; 0,8481434076093137; 0,14474841905757785; 0,32665242487564683
0,02286985736259628; 0,3903430267237127; 0,26851098239421844; 0,06732302205637097; 0,7264607921242714; 0,7155943168327212; 0,10241028107702732; 0,9154846537858248; 0,5956144011579454; 0,6522063175216317; 0,00043161120265722275
0,02264583121868344; 0,015088648535311222; 0,291326945181936; 0,35744600696489215; 0,7195779816247523; 0,36236174404621124; 0,7051838096231222; 0,8865771410055459; 0,9133792379871011; 0,663020194042474; 0,16733211278915405
0,02043559691546364; 0,4910658150911331; 0,054006526712328196; 0,4749286291189492; 0,8784548207186162; 0,1814016937278211; 0,7218851773068309; 0,40586530277505517; 0,5845517651177943; 0,22172078816220164; 0,915539744310081
0,021136581017167082; 0,7289026086218655; 0,027243142016232014; 0,17033240292221308; 0,7796431952156126; 0,7172181284986436; 0,48413064144551754; 0,5301162241958082; 0,9600126873701811; 0,6207305109128356; 0,6049987906590104
0,022583328035800435; 0,6911261593922973; 0,3745396351441741; 0,5013490123674273; 0,07692061737179756; 0,8072450305335224; 0,6199637954123318; 0,8668797574937344; 0,2785530714318156; 0,7069608992896974; 0,5231260228902102
0,02118118041874982; 0,023998159915208817; 0,23191790096461773; 0,3314196295104921; 0,5521135148592293; 0,6821683919988573; 0,3904571612365544; 0,5375492982566357; 0,7480631428770721; 0,020174998324364424; 0,8089268710464239
0,019694406231590265; 0,6299362699501216; 0,08964457921683788; 0,26193384267389774; 0,14008468482643366; 0,6177467592060566; 0,12019195361062884; 0,17279568081721663; 0,9204025422222912; 0,3172403438948095; 0,4139616284519434
0,02147888137019582; 0,6512455358169973; 0,6921728854067624; 0,3347001955844462; 0,9644777933135629; 0,5627239737659693; 0,6911060521379113; 0,5709777981974185; 0,1458648438565433; 0,7532014288008213; 0,0759881129488349
0,022814131233498045; 0,8607231378555298; 0,26462631672620773; 0,04823892004787922; 0,5039293565787375; 0,6194954998791218; 0,16005178866907954; 0,9314164877869189; 0,39014799427241087; 0,27486856281757355; 0,6503651556558907
0,02117127372512356; 0,7581779044121504; 0,6424578898586333; 0,049926090054214; 0,3448606808669865; 0,14333101361989975; 0,25139733823016286; 0,4454563930630684; 0,4260027166455984; 0,7604190739803016; 0,37094355607405305
0,021295629129727347; 0,4012311534024775; 0,498966736253351; 0,9183782888576388; 0,016632369719445705; 0,8575264909304678; 0,28080565202981234; 0,4783164677210152; 0,4297255137935281; 0,5105078602209687; 0,8243751316331327
0,021056507840328056; 0,24610329186543822; 0,2600282686762512; 0,26957792695611715; 0,7791575836017728; 0,9855494489893317; 0,21346356626600027; 0,4160651252605021; 0,10737241804599762; 0,5003074267879128; 0,6046389914117754
0,020459932478495233; 0,9132396713830531; 0,0833989679813385; 0,20414351904764771; 0,885414703283459; 0,35644752299413085; 0,5110760545358062; 0,6339361076243222; 0,07849369384348392; 0,3092493209987879; 0,3861103691160679
0,020548132380613305; 0,5484437928535044; 0,34727112716063857; 0,25539974588900805; 0,8830981943756342; 0,3464586469344795; 0,215517601929605; 0,47274847608059645; 0,06119005288928747; 0,858693671412766; 0,5503510148264468
0,021769173056269332; 0,773298941552639; 0,6063181543722749; 0,8571220668964088; 0,28301916364580393; 0,23310459405183792; 0,11292180279269814; 0,6481612180359662; 0,45222276682034135; 0,17881887685507536; 0,45306334225460887
0,01948326185430174; 0,7225764258764684; 0,9241218781098723; 0,972022969275713; 0,3327266126871109; 0,2329054377041757; 0,30262031219899654; 0,027822276577353477; 0,24843319691717625; 0,9737290916964412; 0,44344118097797036
0,020235023913914543; 0,5528118344955146; 0,47024543723091483; 0,7014940474182367; 0,9127331776544452; 0,2971900971606374; 0,14484921097755432; 0,24395676469430327; 0,5643434943631291; 0,47154067642986774; 0,9827534276992083
0,021369375992082773; 0,35884379921481013; 0,04868562892079353; 0,7619859995320439; 0,5782165909186006; 0,14878747332841158; 0,6233519422821701; 0,8195916586555541; 0,45886015612632036; 0,8927736580371857; 0,8942566327750683
0,022514420791917292; 0,6971958251670003; 0,4730325462296605; 0,9787978096865118; 0,43330634478479624; 0,02576969563961029; 0,728356312494725; 0,8222154621034861; 0,8350712079554796; 0,08254919340834022; 0,00871472479775548
0,021592539767862004; 0,21000820631161332; 0,844611331820488; 0,7599814310669899; 0,0953455907292664; 0,20823388453572989; 0,1835180982016027; 0,6128464108332992; 0,7552999597974122; 0,5109971957281232; 0,45915519865229726
0,02058219043478938; 0,9606414283625782; 0,9300622544251382; 0,9120754501782358; 0,7669276394881308; 0,33564805751666427; 0,4947099764831364; 0,47621550178155303; 0,0904505136422813; 0,17102840030565858; 0,49891504272818565
0,020327906592466433; 0,2985975225456059; 0,3960018642246723; 0,042546496260911226; 0,7023871266283095; 0,4743199427612126; 0,11885841144248843; 0,21581431897357106; 0,9691545316018164; 0,9068533075042069; 0,6023179050534964
0,020178586758386602; 0,31296525290235877; 0,48925069626420736; 0,658248420804739; 0,7486838232725859; 0,11708206823095679; 0,6133293760940433; 0,13869466120377183; 0,8131635477766395; 0,022430507466197014; 0,5039443308487535
0,02186357262851911; 0,657611109316349; 0,1332141333259642; 0,8373128585517406; 0,2665665000677109; 0,1429508225992322; 0,8315564426593482; 0,8228772580623627; 0,4829444675706327; 0,6122304671443999; 0,30701373517513275
0,022515173270408556; 0,8595950319431722; 0,7118397164158523; 0,952452290803194; 0,49353802762925625; 0,8189318212680519; 0,7498312452808022; 0,8242981140501797; 0,41392539255321026; 0,584218948148191; 0,5542898084968328
0,021570379741620307; 0,4629862764850259; 0,6552316802553833; 0,2818410606123507; 0,9184437785297632; 0,68353226268664; 0,8869681898504496; 0,6197784384712577; 0,549462117254734; 0,9917019582353532; 0,6146067217923701
0,020033022291990624; 0,30191317200660706; 0,5518555054441094; 0,4422209723852575; 0,35409333324059844; 0,2755093378946185; 0,9698480512015522; 0,13889590743929148; 0,3388310628943145; 0,1816362258978188; 0,9113504746928811
0,02234619618916577; 0,7456538542173803; 0,019203134812414646; 0,8397154612466693; 0,30170624423772097; 0,9146433877758682; 0,7358761169016361; 0,8369566365145147; 0,4965994590893388; 0,6457653823308647; 0,04531023371964693
0,02050561308580496; 0,7940936298109591; 0,73531385185197; 0,6182457827962935; 0,3730563232675195; 0,8459066315554082; 0,5384882134385407; 0,2420040462166071; 0,40570209454745054; 0,8332711732946336; 0,5594581966288388
0,022673961954356316; 0,1785897291265428; 0,665500468108803; 0,9580646054819226; 0,7462340462952852; 0,32103656977415085; 0,03421034337952733; 0,8815859868191183; 0,08932996029034257; 0,24718602048233151; 0,154538179282099
0,021401678193086415; 0,7276783999986947; 0,3704116912558675; 0,36421489156782627; 0,017221965827047825; 0,9682520129717886; 0,20189069397747517; 0,524798406753689; 0,774256101809442; 0,7931903740391135; 0,5047105434350669
0,020761916393822296; 0,8110922095365822; 0,6477657775394619; 0,10283802403137088; 0,2458178992383182; 0,9275767346844077; 0,837138996925205; 0,3169869682751596; 0,003016298171132803; 0,25649705342948437; 0,8893250836990774
0,022924704901556146; 0,5140875042416155; 0,6801107753999531; 0,6325450432486832; 0,08412749087437987; 0,30714400485157967; 0,23491724068298936; 0,933003363199532; 0,6875917855650187; 0,972734616138041; 0,8449180996976793
0,019999625467779822; 0,9874109262600541; 0,48583336686715484; 0,6742656887508929; 0,06652085529640317; 0,8582937307655811; 0,35542287351563573; 0,07131173694506288; 0,24801429780200124; 0,17890896974131465; 0,5683555551804602
0,020306987453028277; 0,5381490890868008; 0,3457609126344323; 0,07749124988913536; 0,49307406274601817; 0,8409861605614424; 0,5654889931902289; 0,18771805660799146; 0,6183307184837759; 0,12284044362604618; 0,5670403074473143
0,020265198829983917; 0,8211455726996064; 0,10481764189898968; 0,5895820227451622; 0,290889969561249; 0,17533311434090137; 0,609960837289691; 0,4919313504360616; 0,5368998018093407; 0,6900232853367925; 0,1212451895698905
0,019504568895506655; 0,10288541670888662; 0,0004911250434815884; 0,6091706142760813; 0,7961240531876683; 0,39699380146339536; 0,39840199751779437; 0,4173574037849903; 0,839556475635618; 0,7234642044641078; 0,19194073183462024
0,02253854350701487; 0,8959333309903741; 0,35711553040891886; 0,2728315033018589; 0,4254539762623608; 0,33818245492875576; 0,3227509488351643; 0,8302115146070719; 0,9226185469888151; 0,1344731356948614; 0,5592767093330622
0,020039081202833237; 0,12051831744611263; 0,4622519719414413; 0,1986211035400629; 0,851750185713172; 0,08722369559109211; 0,8161069434136152; 0,1461446788161993; 0,616140253841877; 0,16035874653607607; 0,602556090336293
0,022326385282375617; 0,9517668043263257; 0,7096533346921206; 0,9640962658450007; 0,39431550120934844; 0,6268530725501478; 0,29107497399672866; 0,7689283359795809; 0,1841008309274912; 0,27234731102362275; 0,06816726736724377
0,020918799726338425; 0,09097910718992352; 0,18980096839368343; 0,6943782409653068; 0,2284593479707837; 0,49687360227108; 0,9745764704421163; 0,36799635039642453; 0,5270979846827686; 0,3784944247454405; 0,46167916944250464
0,02234003876494565; 0,5073490552604198; 0,47586525371298194; 0,19303055992349982; 0,7595400675199926; 0,30508107505738735; 0,645770997274667; 0,7764087347313762; 0,5518556283786893; 0,048937957268208265; 0,1290064794011414
0,020733979623671222; 0,9487194060347974; 0,29857825487852097; 0,4698604643344879; 0,4290677369572222; 0,39532218500971794; 0,3303827289491892; 0,4211620530113578; 0,7373065012507141; 0,2798730176873505; 0,5480706822127104
0,02263146683118; 0,42302034283056855; 0,8154983003623784; 0,7191258952952921; 0,274559429846704; 0,4503769800066948; 0,5059449533000588; 0,9880973687395453; 0,9629967715591192; 0,8588634165935218; 0,46155750984326005
0,021133992410838787; 0,07885707169771194; 0,8351886440068483; 0,988051054533571; 0,8124254085123539; 0,6462117256596684; 0,028811811469495296; 0,4868900622241199; 0,4205989330075681; 0,7426100014708936; 0,7258699862286448
0,02089965092619818; 0,8855218985117972; 0,9176877858117223; 0,5315944883041084; 0,6446133842691779; 0,7943671769462526; 0,29885809822008014; 0,4422544320113957; 0,9949218910187483; 0,9133805660530925; 0,6666147666983306
0,020740505302134022; 0,4059518645517528; 0,006401145830750465; 0,4510959084145725; 0,8879948137328029; 0,9025157834403217; 0,9833690798841417; 0,31356296176090837; 0,18527546850964427; 0,5777835794724524; 0,6006934200413525
0,02006994139688755; 0,8933682460337877; 0,7274079523049295; 0,3945087315514684; 0,7685859766788781; 0,7433366724289954; 0,7470677895471454; 0,18115301989018917; 0,9807314858771861; 0,12013455759733915; 0,37136886548250914
0,02171503006559713; 0,4376066839322448; 0,015054389834403992; 0,07847616542130709; 0,8592420732602477; 0,6146340002305806; 0,291061554569751; 0,8989946814253926; 0,5272931614890695; 0,8741366448812187; 0,546910626348108
0,022234605910991162; 0,308522991836071; 0,1723383041098714; 0,7867431123740971; 0,3411662792786956; 0,7612136625684798; 0,11709376238286495; 0,9162851073779166; 0,03234746493399143; 0,23676430340856314; 0,9313455848023295
0,02111872313725159; 0,5344804567284882; 0,7451200364157557; 0,39908407535403967; 0,9281848515383899; 0,9723509084433317; 0,2770111351273954; 0,4454548042267561; 0,4481292334385216; 0,8324819579720497; 0,7636379986070096
0,020776461373623642; 0,9837626297958195; 0,3012498994357884; 0,45885313488543034; 0,34806822752580047; 0,11122298799455166; 0,6422435385175049; 0,4175170697271824; 0,8927116887643933; 0,19442138075828552; 0,7687952313572168
0,020866327847540375; 0,7359151705168188; 0,11828941060230136; 0,009224246721714735; 0,7195561113767326; 0,13948096707463264; 0,48860520822927356; 0,6075222729705274; 0,5158475628122687; 0,05472592497244477; 0,8558904970996082
0,021558904588020573; 0,459247178863734; 0,5224725687876344; 0,621048026252538; 0,5976146943867207; 0,3958857711404562; 0,9023868711665273; 0,5646689771674573; 0,8875595554709435; 0,2573921144939959; 0,6896467879414558
0,019280359175790622; 0,3155550514347851; 0,0408899262547493; 0,40785585856065154; 0,7372076683677733; 0,6791214179247618; 0,09766190499067307; 0,22128818044438958; 0,28241343423724174; 0,19863698771223426; 0,160969749558717
0,020372934703592048; 0,13339093141257763; 0,04189912648871541; 0,9663246078416705; 0,45443566190078855; 0,4697059150785208; 0,7401037425734103; 0,2638577939942479; 0,5943707195110619; 0,08483559126034379; 0,07526578148826957
0,02231514713380418; 0,1936630355194211; 0,9259277824312449; 0,2787743420340121; 0,4408694114536047; 0,8704413510859013; 0,4948447924107313; 0,8410690068267286; 0,25610648188740015; 0,21396677754819393; 0,223766571842134
0,02073181131059516; 0,426493417005986; 0,6755475024692714; 0,6836269716732204; 0,8167336299084127; 0,7822702727280557; 0,8824630002491176; 0,3720656558871269; 0,1443528989329934; 0,9785565361380577; 0,32031741878017783
0,02212514873051646; 0,9416862479411066; 0,4653092692606151; 0,5976707455702126; 0,7881483412347734; 0,6698184423148632; 0,1638861712999642; 0,7185601508244872; 0,3687942889519036; 0,23717133468016982; 0,7158945468254387
0,022998095891837135; 0,6168518159538507; 0,5351073876954615; 0,06189998239278793; 0,624607958830893; 0,32716120406985283; 0,2390650170855224; 0,9659769544377923; 0,35334248235449195; 0,05982274143025279; 0,6608810215257108
0,01916286236050001; 0,05029707448557019; 0,9465751531533897; 0,47585025057196617; 0,6711693187244236; 0,6449016588740051; 0,7610350726172328; 0,19291265029460192; 0,08037921274080873; 0,45263127237558365; 0,15957106789574027
0,021324623555314583; 0,05209454521536827; 0,5179378599859774; 0,04254137258976698; 0,9372196942567825; 0,326382658444345; 0,41687895078212023; 0,498537611681968; 0,9912910549901426; 0,7537727919407189; 0,4306691838428378
0,019954556103435193; 0,06578306434676051; 0,7764396001584828; 0,7355731781572104; 0,819538788869977; 0,47642108937725425; 0,6021448345854878; 0,32250994024798274; 0,9091275329701602; 0,14590507093816996; 0,5609271642751992
0,020934785168074246; 0,36641170736402273; 0,31974008632823825; 0,6413938719779253; 0,9277926832437515; 0,8446126217022538; 0,35746804252266884; 0,42422487074509263; 0,6229371004737914; 0,5121926311403513; 0,75358862336725
0,019519496401696923; 0,48754877457395196; 0,1430113515816629; 0,37322061555460095; 0,7793134301900864; 0,7683880934491754; 0,010931435972452164; 0,02863561175763607; 0,78400539746508; 0,6475469321012497; 0,7707599136047065
0,021878324709562955; 0,4058980094268918; 0,04173911642283201; 0,5154453576542437; 0,7608892391435802; 0,8885103231295943; 0,5741368429735303; 0,6952570364810526; 0,24467140622437; 0,46416466124355793; 0,19287906726822257
0,02132496794244373; 0,3872695630416274; 0,2925772052258253; 0,6530497265048325; 0,5755259850993752; 0,8163230591453612; 0,6633826033212245; 0,488445074763149; 0,2587749604135752; 0,2759303878992796; 0,4562328434549272
0,021820105116670548; 0,36349108163267374; 0,8987291450612247; 0,7307396591641009; 0,5725750070996583; 0,6275879302993417; 0,8677305136807263; 0,9142993418499827; 0,8579072076827288; 0,21106076333671808; 0,9584220051765442
0,020603689828753432; 0,38645921694114804; 0,2778427954763174; 0,19137575011700392; 0,11183646088466048; 0,03791420441120863; 0,2947129658423364; 0,5402656989172101; 0,6151452981866896; 0,18976820772513747; 0,9073403952643275
0,019993877919324395; 0,08263486111536622; 0,3451826414093375; 0,7985436669550836; 0,12243072735145688; 0,21164245065301657; 0,5072225569747388; 0,15549064427614212; 0,5226473556831479; 0,7587472726590931; 0,5316824102774262
0,02127231942852478; 0,8726418451406062; 0,23415424395352602; 0,07403514394536614; 0,4733892730437219; 0,5469418275170028; 0,22657464863732457; 0,7178137409500778; 0,30998852709308267; 0,8827112722210586; 0,8656504210084677
0,021795797341653603; 0,49942638352513313; 0,9153866413980722; 0,7516138330101967; 0,7806074731051922; 0,42141034873202443; 0,21411775797605515; 0,7233120407909155; 0,8191908095031977; 0,7161250971257687; 0,01332348957657814
0,02072371431286742; 0,9238267610780895; 0,5596117088571191; 0,6521343225613236; 0,9278855323791504; 0,9948403663001955; 0,39357974752783775; 0,31329440558329225; 0,946764231659472; 0,38963517965748906; 0,03986809775233269
0,020816353068308355; 0,9826659117825329; 0,9413391468115151; 0,4172748359851539; 0,7737985658459365; 0,26144616305828094; 0,4371344232931733; 0,5701324716210365; 0,9173204246908426; 0,8442138023674488; 0,9669939195737243
0,021411547376352064; 0,7806042279116809; 0,5012467759661376; 0,66916399076581; 0,23090615402907133; 0,31955581437796354; 0,3641584808938205; 0,519657782278955; 0,35391234466806054; 0,47342618834227324; 0,9314883779734373
0,020071466291584048; 0,1599109172821045; 0,7387314978986979; 0,34152568550780416; 0,03289119200780988; 0,373839155305177; 0,06225899513810873; 0,1617584810592234; 0,48491894686594605; 0,7390522845089436; 0,20276166452094913
0,019114717514871052; 0,3238473180681467; 0,1974255540408194; 0,1081461114808917; 0,41291595390066504; 0,025384757667779922; 0,40353234810754657; 0,02429038565605879; 0,7838971614837646; 0,20222351513803005; 0,23308942699804902
0,02216127782899271; 0,5080110034905374; 0,12846394861117005; 0,20873575005680323; 0,32567090820521116; 0,7213542838580906; 0,5055246683768928; 0,7887495723553002; 0,3838964495807886; 0,5562357301823795; 0,37247907277196646
0,019846796813576126; 0,8038947079330683; 0,5922308824956417; 0,19889974454417825; 0,7283637714572251; 0,08713945699855685; 0,38740546768531203; 0,035455610137432814; 0,008012265432626009; 0,3868469912558794; 0,41076650796458125
0,01988918049288435; 0,9856394403614104; 0,5919392565265298; 0,7172444821335375; 0,8793807942420244; 0,5421326709911227; 0,34074962232261896; 0,040401517413556576; 0,07662078132852912; 0,8171455664560199; 0,36118870601058006
0,021092597922877796; 0,9123940248973668; 0,06512496899813414; 0,26299637695774436; 0,6568659991025925; 0,8358662016689777; 0,6410312438383698; 0,4816825189627707; 0,5643789982423186; 0,6213607974350452; 0,9356505665928125
0,019787343707946454; 0,9124011490494013; 0,6309165661223233; 0,6973224212415516; 0,41995230689644814; 0,10783044015988708; 0,6537049878388643; 0,03398021496832371; 0,4243740774691105; 0,6279327208176255; 0,8099615722894669
0,01966272655737387; 0,31298693595454097; 0,13650677958503366; 0,5117870611138642; 0,5019162646494806; 0,18173649488016963; 0,6097952011041343; 0,2399828853085637; 0,3157114782370627; 0,3009586869738996; 0,047333087772130966
0,021033916899255874; 0,29719986813142896; 0,5575110567733645; 0,6197151420637965; 0,3883689595386386; 0,5226472448557615; 0,7633159174583852; 0,43861206620931625; 0,44937001168727875; 0,5919849826022983; 0,06254515191540122
0,021052099165321234; 0,15414935490116477; 0,1017761081457138; 0,9332883576862514; 0,9111716002225876; 0,48842123383656144; 0,037339155562222004; 0,723496166523546; 0,26902211317792535; 0,44347545271739364; 2,7536414563655853E-05
0,02059851077493711; 0,0055557601153850555; 0,6917060883715749; 0,9844192885793746; 0,9468171210028231; 0,5732194622978568; 0,748820697888732; 0,33354263426735997; 0,7001641648821533; 0,8317896625958383; 0,9955501942895353
0,020576880867982383; 0,6975826141424477; 0,935039731208235; 0,7292138440534472; 0,650047096889466; 0,6986176460050046; 0,6660669082775712; 0,4957804516889155; 0,5724464589729905; 0,8944760095328093; 0,3327084626071155
0,021624141470780373; 0,4389606728218496; 0,7376580871641636; 0,7271314901299775; 0,547652093693614; 0,0007472899742424488; 0,018233287148177624; 0,5832405425608158; 0,5587924970313907; 0,032982205506414175; 0,35532950470224023
0,019751829801977677; 0,7043838398531079; 0,32634266186505556; 0,8371936990879476; 0,22934619151055813; 0,11421553883701563; 0,09067592909559608; 0,3231815481558442; 0,8592434385791421; 0,18714203778654337; 0,547612042631954
0,022027974443466748; 0,2462761108763516; 0,36954342713579535; 0,2042617783881724; 0,23084214515984058; 0,35521003836765885; 0,8431358570232987; 0,6914959424175322; 0,2856608838774264; 0,4206688213162124; 0,011929175816476345
0,021260338437060766; 0,6154838367365301; 0,8647782457992435; 0,18999760877341032; 0,3616026374511421; 0,26105911703780293; 0,5571317370049655; 0,638078959658742; 0,44128041714429855; 0,5856689568608999; 0,108311683870852
0,02126702938347518; 0,4440504382364452; 0,7444374584592879; 0,3464240967296064; 0,5638481392525136; 0,5419626031070948; 0,6822534687817097; 0,5619108630344272; 0,8633356378413737; 0,655182315967977; 0,2878930983133614
0,0205123100858454; 0,051539445761591196; 0,7985888696275651; 0,7285774131305516; 0,41017923038452864; 0,9109476893208921; 0,6543405703268945; 0,24208380840718746; 0,34597584838047624; 0,1802516169846058; 0,6249977904371917
0,019919492901007446; 0,4152874192222953; 0,7379709449596703; 0,7070942088030279; 0,8293106933124363; 0,2373111955821514; 0,8614191641099751; 0,2816139841452241; 0,9424857869744301; 0,8078730897977948; 0,23481971258297563
0,021626302610489055; 0,7935959598980844; 0,05600212048739195; 0,2808338007889688; 0,5703860418871045; 0,06824820674955845; 0,682322989217937; 0,8003031401894987; 0,47604993684217334; 0,6787928775884211; 0,3999633169732988
0,021663175897472707; 0,6840799464844167; 0,1447722245939076; 0,6356268203817308; 0,8528708573430777; 0,5466861259192228; 0,8161647613160312; 0,6901081702671945; 0,7753317439928651; 0,8178907362744212; 0,5024907593615353
0,019876011026992133; 0,40039954241365194; 0,2577324165031314; 0,6017578220926225; 0,014994656667113304; 0,3812394761480391; 0,9686086745932698; 0,04445776343345642; 0,7403196105733514; 0,10918855806812644; 0,350111398845911
0,019829200672313547; 0,3688138537108898; 0,8078344943933189; 0,2967595998197794; 0,08280303329229355; 0,1249888171441853; 0,6264673541299999; 0,16185896564275026; 0,6621049670502543; 0,3018519328907132; 0,9290757458657026
0,022088492392559275; 0,7201401069760323; 0,92871218547225; 0,5649831793271005; 0,7593394857831299; 0,6349884802475572; 0,3047560341656208; 0,7920701974071562; 0,16344401286914945; 0,9974471270106733; 0,5776305869221687
0,019540559370487282; 0,4418776547536254; 0,8863509953953326; 0,8478171899914742; 0,7126937340945005; 0,19063107250258327; 0,9288304806686938; 0,37550637451931834; 0,3114212700165808; 0,08875268325209618; 0,7695342730730772
0,018876642733425972; 0,6765752304345369; 0,15783444605767727; 0,9921476007439196; 0,22137608705088496; 0,20634507993236184; 0,13706618128344417; 0,20669148210436106; 0,4250283380970359; 0,752176197245717; 0,3287660931237042
0,020446286271517587; 0,17345467023551464; 0,21071270108222961; 0,5048812869936228; 0,5197726259939373; 0,5792819857597351; 0,16457273345440626; 0,33331106742843986; 0,6803488624282181; 0,39530007634311914; 0,27222998393699527
0,019747002862400925; 0,5618700757622719; 0,4832756700925529; 0,5484255398623645; 0,3124976232647896; 0,4596890080720186; 0,6894466108642519; 0,06383332097902894; 0,632210111245513; 0,6449620737694204; 0,9091014973819256
0,022987984755136172; 0,2629041960462928; 0,15179692395031452; 0,3843534644693136; 0,36669981572777033; 0,44532391894608736; 0,7044264348223805; 0,9437988908030093; 0,6736055477522314; 0,859294876921922; 0,7690796931274235
0,021502711450220917; 0,820428816601634; 0,9575159340165555; 0,9807943347841501; 0,177271980792284; 0,7595685035921633; 0,7831247895956039; 0,5959084443747997; 0,7240986083634198; 0,8899155235849321; 0,9857762791216373
0,021067504335128454; 0,056643865536898375; 0,26424848148599267; 0,17230459488928318; 0,06166840670630336; 0,003728229086846113; 0,42362258257344365; 0,6312376302666962; 0,8870224351994693; 0,2575627542100847; 0,720120448153466
0,020675363865478705; 0,8748524812981486; 0,6354749263264239; 0,6189380679279566; 0,9096671063452959; 0,5192360677756369; 0,3337911069393158; 0,370225518476218; 0,2832632432691753; 0,6589965713210404; 0,40093040838837624
0,022115494680660118; 0,0030771088786423206; 0,33828060794621706; 0,37847368279471993; 0,11422403668984771; 0,32011893996968865; 0,7950226883403957; 0,7116262246854603; 0,2721134442836046; 0,5589259653352201; 0,4402887485921383
0,020618164256655323; 0,6809676713310182; 0,6373130711726844; 0,5126806627959013; 0,2708275569602847; 0,4535498106852174; 0,8757612803019583; 0,6021173517219722; 0,4694984187372029; 0,8211893266998231; 0,7354569691233337
0,019659424916506234; 0,016549204476177692; 0,9555492056533694; 0,9259574147872627; 0,40046762488782406; 0,5306018991395831; 0,5222537824884057; 0,20442105969414115; 0,4795192996971309; 0,3126668808981776; 0,27652734611183405
0,02092249887317831; 0,8303128094412386; 0,6290985425002873; 0,6503823548555374; 0,7005622880533338; 0,11502351332455873; 0,8453728151507676; 0,5190850147046149; 0,9675180646590889; 0,4810154214501381; 0,9416760420426726
0,020707500104893584; 0,38444188330322504; 0,9309752257540822; 0,5412457464262843; 0,9631352755241096; 0,759932529181242; 0,5612866766750813; 0,48600909812375903; 0,04604654852300882; 0,6224355017766356; 0,5750336712226272
0,01916824697360641; 0,7139631514437497; 0,9450458684004843; 0,8200640240684152; 0,9087267471477389; 0,4284764304757118; 0,9137974628247321; 0,26598158571869135; 0,7452433020807803; 0,3422436718828976; 0,7964548119343817
0,02263870972740742; 0,21084326039999723; 0,7883864105679095; 0,4597633765079081; 0,6134711802005768; 0,40078338934108615; 0,20151590323075652; 0,873590946663171; 0,13191753719002008; 0,539495590608567; 0,048149146139621735
0,02005932497353774; 0,8103481866419315; 0,7674040202982724; 0,6760493256151676; 0,23766053142026067; 0,3951669563539326; 0,017668620217591524; 0,14540495397523046; 0,6366102183237672; 0,5456874743103981; 0,6305859335698187
0,021470994544113005; 0,3072963817976415; 0,16477697808295488; 0,19096447434276342; 0,8789007100276649; 0,9707347224466503; 0,6422103960067034; 0,5500143067911267; 0,5633502937853336; 0,4757897504605353; 0,8828965118154883
0,021413861261402323; 0,010979351587593555; 0,1800732621923089; 0,2348089604638517; 0,9525771271437407; 0,5516751175746322; 0,4083187780342996; 0,7177925482392311; 0,6476986240595579; 0,984501713886857; 0,6581031740643084
0,02088956683236347; 0,08204287011176348; 0,8029156769625843; 0,4465724774636328; 0,0695952232927084; 0,014963728375732899; 0,5693396553397179; 0,46440383419394493; 0,8802048885263503; 0,2789701884612441; 0,8429195093922317
0,020197332058592168; 0,7192170349881053; 0,9447983684949577; 0,8872063825838268; 0,47205300256609917; 0,20444305893033743; 0,2186559229157865; 0,16531761037185788; 0,5645877602510154; 0,08720761584118009; 0,9374779784120619
0,021717230640383795; 0,34031071653589606; 0,5032680574804544; 0,06205051299184561; 0,08380123693495989; 0,7113891891203821; 0,5258379764854908; 0,6140555860474706; 0,08667538873851299; 0,2994345580227673; 0,13226993894204497
0,021498477210317772; 0,16063697775825858; 0,7359439297579229; 0,7978857844136655; 0,0618677269667387; 0,8558076145127416; 0,3140884009189904; 0,5469770333729684; 0,21842344058677554; 0,3603452076204121; 0,30274543864652514
0,021437365245208527; 0,9580378471873701; 0,5859624799340963; 0,21566201699897647; 0,4929429921321571; 0,5164445582777262; 0,12389940489083529; 0,5199237195774913; 0,46390454890206456; 0,3689147881232202; 0,9946141657419503
0,020792445191118378; 0,7110930802300572; 0,8212234238162637; 0,015712862368673086; 0,01503948774188757; 0,8970590457320213; 0,918085724581033; 0,7508669211529195; 0,05533531215041876; 0,773621704429388; 0,06460210867226124
0,02019078230515257; 0,08672702265903354; 0,2965013273060322; 0,9252723637036979; 0,6995495478622615; 0,21975767938420177; 0,3115977542474866; 0,3366974415257573; 0,2864495478570461; 0,37668804405257106; 0,032070161774754524
0,02025249092226598; 0,8152151606045663; 0,24618437513709068; 0,16594391642138362; 0,5543363187462091; 0,8261829619295895; 0,7620595959015191; 0,19913379894569516; 0,9696348328143358; 0,18260530522093177; 0,37273399624973536
0,02110029508911127; 0,7422890411689878; 0,5385892912745476; 0,368373837787658; 0,35480255633592606; 0,8140450660139322; 0,3707981687039137; 0,4234801810234785; 0,5858787004835904; 0,4313409822061658; 0,33100858330726624
0,02236540502127741; 0,4429316883906722; 0,018662632908672094; 0,03224597638472915; 0,7289270618930459; 0,833303336519748; 0,906983888708055; 0,919412424787879; 0,523915983736515; 0,7849582876078784; 0,6306011537089944
0,020709816087147472; 0,7491571558639407; 0,7596176522783935; 0,5776408556848764; 0,292123191524297; 0,7026813300326467; 0,7639137716032565; 0,32746960362419486; 0,3661616058088839; 0,9710866706445813; 0,27138391649350524
0,0194599193821893; 0,7469163690693676; 0,015874201897531748; 0,20969350589439273; 0,7267709239386022; 0,6655612727627158; 0,17705724341794848; 0,4197132890112698; 0,7380167660303414; 0,027327524963766336; 0,7143583232536912
0,021497380956287424; 0,31176066352054477; 0,526323530357331; 0,46405292581766844; 0,7573958705179393; 0,9503060369752347; 0,6114738625474274; 0,5437526633031666; 0,43217997811734676; 0,6489323885180056; 0,4651130475103855
0,020345988720541393; 0,40155287785455585; 0,07760398229584098; 0,7116404082626104; 0,3006153800524771; 0,2944987528026104; 0,7170799635350704; 0,44526502722874284; 0,5816250401549041; 0,9912411286495626; 0,8676005159504712
0,022306202919368516; 0,28682480566203594; 0,965583945158869; 0,022815927863121033; 0,012707902118563652; 0,12798943743109703; 0,3225574381649494; 0,9292868971824646; 0,9071240774355829; 0,8421411239542067; 0,11012692516669631
0,021256484748417594; 0,8629897865466774; 0,9949260344728827; 0,6102649266831577; 0,045480621978640556; 0,6943944590166211; 0,8352365214377642; 0,606279309373349; 0,7082371073774993; 0,10762267699465156; 0,3687559552490711
0,022324402183927467; 0,42418558057397604; 0,6255234531126916; 0,8226705146953464; 0,7335040951147676; 0,42942293267697096; 0,8674016054719687; 0,8470005309209228; 0,3358508753590286; 0,29794630873948336; 0,8892609355971217
0,02024708750607192; 0,5711290542967618; 0,08151222951710224; 0,4073868882842362; 0,7458061529323459; 0,5038229897618294; 0,4814162724651396; 0,274509574752301; 0,56365907471627; 0,7724121022038162; 0,31175640830770135
0,019674759967992585; 0,23019660962745547; 0,9603634458035231; 0,8364293165504932; 0,8906020284630358; 0,6564049124717712; 0,5622777547687292; 0,34711070638149977; 0,28427984612062573; 0,6877067303285003; 0,7090243496932089
0,021814319175606695; 0,04733187146484852; 0,43805249966681004; 0,6780886864289641; 0,047877582255750895; 0,9344435767270625; 0,7496560961008072; 0,666640056297183; 0,6652350430376828; 0,9712537862360477; 0,050951283890753984
0,020731717760751923; 0,875730515923351; 0,1735778320580721; 0,9595829998143017; 0,6283836327493191; 0,24776388611644506; 0,43585412204265594; 0,6333824009634554; 0,9308214671909809; 0,7297700457274914; 0,45945179648697376
0,02077832185949136; 0,9881865028291941; 0,2560106492601335; 0,4213435505516827; 0,9211946916766465; 0,8488077991642058; 0,841855245642364; 0,3301134863868356; 0,14628794696182013; 0,6485113049857318; 0,43292856216430664
0,019910395030005086; 0,1586034852080047; 0,5794473439455032; 0,07963614584878087; 0,8446477777324617; 0,12791422428563237; 0,002005423419177532; 0,04948140447959304; 0,012439545709639788; 0,8305994514375925; 0,8098443513736129
0,021004928254489966; 0,5786213353276253; 0,9319297061301768; 0,1705088117159903; 0,41448371624574065; 0,982698988635093; 0,5115667940117419; 0,6091481912881136; 0,17399539286270738; 0,2743464298546314; 0,4596539638005197
0,022561026588730364; 0,4037825334817171; 0,10983233479782939; 0,5281750587746501; 0,6786136282607913; 0,2232136782258749; 0,7931669042445719; 0,9954538373276591; 0,6209346214309335; 0,5138653391040862; 0,1867598844692111
0,023158859489545883; 0,37828620709478855; 0,3262121984735131; 0,7090865229256451; 0,8824845254421234; 0,2267568577080965; 0,487987132743001; 0,9859046614728868; 0,2820954308845103; 0,08792834170162678; 0,061454975977540016
0,022704976968397152; 0,8241225718520582; 0,1250338228419423; 0,14165207836776972; 0,965576687362045; 0,9073161268606782; 0,8507965388707817; 0,9015602236613631; 0,5695643336512148; 0,338755352422595; 0,8775727516040206
0,02108441408182199; 0,3899417710490525; 0,5205899970605969; 0,0867307591252029; 0,7026968928985298; 0,2851633448153734; 0,9062165762297809; 0,4360757996328175; 0,7632032688707113; 0,5335062318481505; 0,5043692197650671
0,0215560049138512; 0,9786560013890266; 0,19704579608514905; 0,14499315107241273; 0,34291756292805076; 0,8922498179599643; 0,35196006391197443; 0,5545657407492399; 0,5653867577202618; 0,15526694850996137; 0,6733372206799686
0,022289715249403742; 0,8818961698561907; 0,5995055614039302; 0,2637408231385052; 0,06284042773768306; 0,9365182123146951; 0,7422512019984424; 0,8466957304626703; 0,47678210586309433; 0,4096936243586242; 0,9653204716742039
0,02084175603740899; 0,1500228396616876; 0,18071987433359027; 0,2957268445752561; 0,26693308306857944; 0,35949228471145034; 0,43050939962267876; 0,5132691934704781; 0,4144039140082896; 0,039264146238565445; 0,7932371636852622
0,022553578686108865; 0,3954252530820668; 0,738462220877409; 0,8744798428378999; 0,5945156528614461; 0,16037308517843485; 0,7930835876613855; 0,9829627661965787; 0,9529427457600832; 0,6681769355200231; 0,36633716709911823
0,020961337817456478; 0,7387405978515744; 0,936704944819212; 0,16074035177007318; 0,21825608285143971; 0,48182628443464637; 0,7931289430707693; 0,8165881605818868; 0,10188606893643737; 0,6495984615758061; 0,24271061131730676
0,019762995831847853; 0,6951952055096626; 0,011632147245109081; 0,7689995360560715; 0,912382545415312; 0,6039402056485415; 0,2896967614069581; 0,40191319677978754; 0,0006863409653306007; 0,26723147789016366; 0,264884062577039
0,0228771859520388; 0,23071612184867263; 0,36151220882311463; 0,32291670702397823; 0,4173053684644401; 0,8156688595190644; 0,9257350913248956; 0,9142379299737513; 0,14116399036720395; 0,5357103603892028; 0,5121932374313474
0,021942180802961904; 0,200627647805959; 0,05406978912651539; 0,6517812302336097; 0,865165086928755; 0,052215338218957186; 0,7387663656845689; 0,7642970066517591; 0,7713792999275029; 0,1529286135919392; 0,3952323514968157
0,021200858291744715; 0,8779143621213734; 0,9224166781641543; 0,9714891593903303; 0,9453215198591352; 0,8920620735734701; 0,07599454512819648; 0,4637552318163216; 0,5037256493233144; 0,5812985259108245; 0,1408221572637558
0,02201116758688902; 0,5870668762363493; 0,7141065071336925; 0,3602912207134068; 0,11788517562672496; 0,84667380573228; 0,07329261396080256; 0,6840547854080796; 0,861453041434288; 0,9725539716891944; 0,9385174796916544
0,021499771552102306; 0,6863584220409393; 0,20261976681649685; 0,0056972987949848175; 0,896988867316395; 0,8845056220889091; 0,15393305337056518; 0,5534934871830046; 0,38090034388005733; 0,9564013173803687; 0,5765415076166391
0,02214511403667082; 0,5736014391295612; 0,90373506071046; 0,6541600567288697; 0,9588331235572696; 0,8548410846851766; 0,8935747854411602; 0,9840988297946751; 0,743855164386332; 0,8212210168130696; 0,23677121195942163
0,02214503660056574; 0,6633472447283566; 0,4853251329623163; 0,4505726043134928; 0,6537998574785888; 0,5261035389266908; 0,03604543209075928; 0,7426000363193452; 0,8884768201969564; 0,0699982843361795; 0,7899497849866748
0,01967703189855347; 0,6721013123169541; 0,8387914830818772; 0,614629908464849; 0,5284440806135535; 0,36418637726455927; 0,32326554832980037; 0,053991468623280525; 0,7919648108072579; 0,2990557588636875; 0,07493278943002224
0,021294440216067037; 0,5525844893418252; 0,7161638694815338; 0,5536351497285068; 0,9127865047194064; 0,8302743816748261; 0,8389661405235529; 0,5094493902288377; 0,03245978429913521; 0,728833943605423; 0,3685121997259557
0,019416526052802436; 0,530614229850471; 0,9596789139322937; 0,9131044461391866; 0,003801083192229271; 0,20981527818366885; 0,6782403034158051; 0,30157936504110694; 0,5228534792549908; 0,012820885051041842; 0,6486417651176453
0,01991799001750627; 0,2838046904653311; 0,003797286655753851; 0,25836843624711037; 0,5585337406955659; 0,9855394279584289; 0,2331178393214941; 0,35766654135659337; 0,20916504925116897; 0,6685684295371175; 0,9853407489135861
0,020776326383455276; 0,15310831926763058; 0,29851215658709407; 0,8622274086810648; 0,8587544900365174; 0,42786392057314515; 0,4790395530872047; 0,4430031250230968; 0,0642408961430192; 0,24706048797816038; 0,3369947005994618
0,022191998770252103; 0,3872264255769551; 0,8844084339216352; 0,1534932884387672; 0,3562779640778899; 0,19663024228066206; 0,5825614416971803; 0,9087572488933802; 0,1020652074366808; 0,6019055536016822; 0,10274008009582758
0,01971338786672276; 0,8150347741320729; 0,7970432550646365; 0,8981844028457999; 0,5887060482054949; 0,4648538576439023; 0,8853957932442427; 0,4866539891809225; 0,2562478301115334; 0,20176843460649252; 0,6084818905219436
0,0214073063000379; 0,2983187376521528; 0,7808266715146601; 0,7990247090347111; 0,48915518587455153; 0,7702687890268862; 0,12591870641335845; 0,5392207205295563; 0,23714548349380493; 0,47821890003979206; 0,7274733386002481
0,02186048484042463; 0,38716166047379375; 0,9480060478672385; 0,9245047229342163; 0,5409390134736896; 0,0033353776670992374; 0,46553713688626885; 0,9715032405219972; 0,645603512879461; 0,44522852497175336; 0,42681060126051307
0,020970747921039114; 0,21803941717371345; 0,6256842608563602; 0,013878805097192526; 0,4573538387194276; 0,7814306463114917; 0,05612727394327521; 0,38186199311167; 0,7389169475063682; 0,16407811641693115; 0,8416889486834407
0,02051779648632202; 0,7284570974297822; 0,29266477562487125; 0,41014352114871144; 0,4726214809343219; 0,13492018589749932; 0,03877426451072097; 0,6008307789452374; 0,052701505832374096; 0,49824015982449055; 0,12452922062948346
0,019558326246259996; 0,029154987540096045; 0,8952113604173064; 0,9957999498583376; 0,9109874106943607; 0,3571479734964669; 0,8567168675363064; 0,25318170664831996; 0,10730972047895193; 0,1927520101889968; 0,3945818869397044
0,022496732501877156; 0,6258292770944536; 0,49857145035639405; 0,5570443756878376; 0,9430386270396411; 0,888822409324348; 0,5556709854863584; 0,8209479325450957; 0,4538599983789027; 0,8475473849102855; 0,33429550752043724
0,021061841887373936; 0,789132266305387; 0,24841463472694159; 0,1272387052886188; 0,839599325787276; 0,22104101907461882; 0,7783001647330821; 0,45167502108961344; 0,8525358522310853; 0,32042150432243943; 0,3765279082581401
0,022868496012916052; 0,08391933050006628; 0,18825118895620108; 0,35344370547682047; 0,10666587296873331; 0,8206895543262362; 0,41904751397669315; 0,9178280113264918; 0,5095731397159398; 0,5813456075266004; 0,7944032596424222
0,023183040997740153; 0,58890510071069; 0,5575767820701003; 0,5152081656269729; 0,7210919493809342; 0,2353316987864673; 0,3485013614408672; 0,9960941541939974; 0,5515308431349695; 0,2708106217905879; 0,654575461987406
0,021432369612346937; 0,3490451327525079; 0,361063911113888; 0,5239971433766186; 0,6974516799673438; 0,20109206764027476; 0,10260839108377695; 0,721334193367511; 0,41597903752699494; 0,5616808454506099; 0,6910681519657373
0,021443480991846342; 0,2634048415347934; 0,7705717906355858; 0,10092006390914321; 0,9003776130266488; 0,8393339845351875; 0,20296210143715143; 0,5223994608968496; 0,6053170654922724; 0,7254424761049449; 0,12992384238168597
0,02160807464810713; 0,47814868902787566; 0,3193681826815009; 0,36207590671256185; 0,40731109539046884; 0,17958436300978065; 0,4242840465158224; 0,7264061961323023; 0,9908099747262895; 0,09505646862089634; 0,6064935834147036
0,020945474813758528; 0,5495035410858691; 0,3598361574113369; 0,906376794911921; 0,41613235464319587; 0,5228505278937519; 0,15890275221318007; 0,5096112457104027; 0,8343345699831843; 0,6143671106547117; 0,856977486051619
0,021012089815625322; 0,9617605530656874; 0,5834265691228211; 0,1951542142778635; 0,985720154363662; 0,6433130097575486; 0,918596965726465; 0,46586801717057824; 0,2894591665826738; 0,4366257409565151; 0,7971242987550795
0,02233534025454642; 0,6337870736606419; 0,1536299204453826; 0,4899033708497882; 0,1972772805020213; 0,43003473803400993; 0,9163418123498559; 0,7720554070547223; 0,9416110399179161; 0,16330046160146594; 0,4106290270574391
0,02206107261015284; 0,5281980838626623; 0,11326059186831117; 0,2658967422321439; 0,8527668486349285; 0,8893293556757271; 0,041367193683981895; 0,750796165317297; 0,4286372037604451; 0,8364047682844102; 0,3961435644887388
0,019235708904515456; 0,016957541462033987; 0,6877318997867405; 0,5772847519256175; 0,7298659230582416; 0,01787524437531829; 0,803722427226603; 0,09636454097926617; 0,3827493255957961; 0,9929416915401816; 0,20795374317094684
0,020778202668540042; 0,4650976862758398; 0,7840069294907153; 0,7406197329983115; 0,4212251203134656; 0,5940716010518372; 0,9594825184904039; 0,512810371350497; 0,2581310966052115; 0,44796582870185375; 0,5149910035543144
0,019543122417314616; 0,24017596617341042; 0,8457722151651978; 0,7663427251391113; 0,958305278327316; 0,15850548073649406; 0,8313435986638069; 0,4064145488664508; 0,02639849577099085; 0,6929080178961158; 0,9513278971426189
0,0221305623091476; 0,8007183619774878; 0,8565290039405227; 0,47215208457782865; 0,8563607814721763; 0,7884065476246178; 0,2207051683217287; 0,7167598153464496; 0,7495301426388323; 0,8681994988583028; 0,9020019406452775
0,018604003391355987; 0,7397162849083543; 0,04543594643473625; 0,776291199028492; 0,42656935239210725; 0,126945570576936; 0,15377150755375624; 0,22584736393764615; 0,7817984754219651; 0,08413768978789449; 0,8733222926966846
0,02207719592868151; 0,4331648638471961; 0,7210800992324948; 0,9852116201072931; 0,7013989044353366; 0,7587749296799302; 0,7480164845474064; 0,9595216773450375; 0,1911316905170679; 0,040963970590382814; 0,2709484761580825
0,018550278502716615; 0,6626023910939693; 0,9063105983659625; 0,029218629468232393; 0,6466757468879223; 0,0624472345225513; 0,9757989319041371; 0,16254650056362152; 0,9082691241055727; 0,014751291833817959; 0,5828656414523721
0,02057295131330964; 0,34485691925510764; 0,5766075449064374; 0,6425900994800031; 0,5190440556034446; 0,5973611539229751; 0,931356517598033; 0,2970030107535422; 0,7890287572517991; 0,2095373603515327; 0,6885965396650136
0,021644652196578858; 0,7436187532730401; 0,5968094291165471; 0,5491441744379699; 0,014570940751582384; 0,32746181124821305; 0,5577000612393022; 0,6515463637188077; 0,45305188838392496; 0,5178886819630861; 0,12706869468092918
0,02148457832836826; 0,8565628477372229; 0,44430434377864003; 0,33932111179456115; 0,2922606277279556; 0,6755298366770148; 0,20170783577486873; 0,5360292796976864; 0,30693897139281034; 0,6191883771680295; 0,7068482316099107
0,019853559554624662; 0,9539424059912562; 0,14892165595665574; 0,6291812206618488; 0,7108383090235293; 0,926178177818656; 0,2149675996042788; 0,027387019246816635; 0,474538647569716; 0,2706099636852741; 0,1986018675379455
0,02198511268308966; 0,13445166125893593; 0,5052589038386941; 0,9448306593112648; 0,4967492069117725; 0,02484465530142188; 0,2634112639352679; 0,6918411147780716; 0,6005231314338744; 0,4990446758456528; 0,29209825675934553
0,020415059448739482; 0,09556531347334385; 0,37344259722158313; 0,16428871685639024; 0,3404712127521634; 0,9738681125454605; 0,40720620891079307; 0,2068891692906618; 0,1649298956617713; 0,6627343031577766; 0,20848188688978553
0,020860456461814218; 0,7096359552815557; 0,35054625663906336; 0,7124007623642683; 0,4775409819558263; 0,6077735335566103; 0,1588583984412253; 0,3773139645345509; 0,1081128278747201; 0,22374684736132622; 0,2778315586037934
0,020147703105579794; 0,6073435335420072; 0,9175459081307054; 0,9078390263020992; 0,3166432990692556; 0,11654433142393827; 0,8309035510756075; 0,48603738052770495; 0,31259174179285765; 0,8893365245312452; 0,5301979850046337
0,021323069606882322; 0,6146965594962239; 0,9849194921553135; 0,26269543962553144; 0,11261175060644746; 0,406067349947989; 0,524633371271193; 0,7670314675197005; 0,47572821052744985; 0,7452327776700258; 0,2950200163759291
0,021052174024585493; 0,4320614137686789; 0,3631287980824709; 0,8717293320223689; 0,6548376148566604; 0,08239182829856873; 0,9731295797973871; 0,4164856970310211; 0,839863799046725; 0,4988241563551128; 0,49422526452690363
0,022775496147081888; 0,8904366255737841; 0,2448382438160479; 0,841608602553606; 0,522536878939718; 0,9822589312680066; 0,6573987226001918; 0,8875778424553573; 0,2560758041217923; 0,06727040652185678; 0,8896952802315354
0,02054785121349016; 0,7605496379546821; 0,951004043687135; 0,15052160853520036; 0,8642566534690559; 0,5228477544151247; 0,8709267596714199; 0,7371190073899925; 0,6241781883873045; 0,818630869500339; 0,6538167889229953
0,019690729893871554; 0,5208595376461744; 0,2947025550529361; 0,08558495435863733; 0,7124131913296878; 0,54073137184605; 0,3001993237994611; 0,12222212459892035; 0,6765973377041519; 0,30176856368780136; 0,8085374687798321
0,02272522115860348; 0,6189362374134362; 0,596136724576354; 0,8172482470981777; 0,9867216283455491; 0,9656749698333442; 0,5489066452719271; 0,8931970172561705; 0,8371055615134537; 0,5740092759951949; 0,2147243870422244
0,0224841582161142; 0,5880454867146909; 0,1448060404509306; 0,14764962391927838; 0,8267921940423548; 0,0813608462922275; 0,6265079448930919; 0,898506878875196; 0,4414587877690792; 0,7729630949907005; 0,4518438163213432
0,02256865792104157; 0,692216376774013; 0,8548483871854842; 0,09648877521976829; 0,04405028512701392; 0,0735950218513608; 0,44775407295674086; 0,9393326533026993; 0,7970539429225028; 0,4005446135997772; 0,0832357401959598
0,021221144871579473; 0,14771706191822886; 0,7094114692881703; 0,5101915784180164; 0,8780644466169178; 0,2654405413195491; 0,15981746325269341; 0,4589430233463645; 0,8269777121022344; 0,057888330426067114; 0,4072009236551821
0,02054800102062225; 0,9670082502998412; 0,5085660442709923; 0,008918692357838154; 0,5991563661955297; 0,0025125243701040745; 0,03344400133937597; 0,2868752568028867; 0,7613488845527172; 0,9030732060782611; 0,5688360813073814
0,02194472679159359; 0,3608783637173474; 0,6305559417232871; 0,22527176514267921; 0,31912914803251624; 0,10025967750698328; 0,851299624890089; 0,7321751387789845; 0,4747719159349799; 0,2055558688007295; 0,6052827425301075
0,02177179352309126; 0,37100625364109874; 0,4469559439457953; 0,7354071098379791; 0,7219001334160566; 0,2093588919378817; 0,10741432895883918; 0,7285469295457006; 0,44172606943175197; 0,5045072166249156; 0,4050993616692722
0,022452882539134734; 0,8045328296720982; 0,10783341620117426; 0,6292082350701094; 0,3901323233731091; 0,006375935859978199; 0,8015649383887649; 0,9464731086045504; 0,4287086958065629; 0,38969420548528433; 0,20810866449028254
0,02151915282495226; 0,6558651425875723; 0,20351250655949116; 0,2512416858226061; 0,2537585929967463; 0,8192149456590414; 0,18536557303741574; 0,8981672832742333; 0,0878862738609314; 0,024512232281267643; 0,536375492811203
0,019620196451982836; 0,12259139260277152; 0,9543221658095717; 0,7549626152031124; 0,217782411724329; 0,2250818144530058; 0,7499944274313748; 0,33796575106680393; 0,39361025346443057; 0,6684981379657984; 0,9083842029795051
0,021395743952684513; 0,594200799241662; 0,880951777100563; 0,373404273763299; 0,9112109006382525; 0,6111705787479877; 0,2980998195707798; 0,6611742149107158; 0,41099312203004956; 0,34797350876033306; 0,5884168329648674
0,022511787925108006; 0,16761769400909543; 0,9600052060559392; 0,04096339596435428; 0,56143180700019; 0,8859593812376261; 0,007258788216859102; 0,9368317509070039; 0,6868903343565762; 0,23966150963678956; 0,882562437094748
0,022455998906609584; 0,6867793295532465; 0,7509069018997252; 0,18421259569004178; 0,6982305939309299; 0,6032614419236779; 0,5047165593132377; 0,9180131270550191; 0,6293552117422223; 0,25462320540100336; 0,40978711238130927
0,020049325830078513; 0,579551556147635; 0,8726957268081605; 0,9124289159663022; 0,7473527286201715; 0,7563090459443629; 0,3458329406566918; 0,08927100896835327; 0,2410118691623211; 0,0889286445453763; 0,0405227649025619
0,02240726246980237; 0,8123859805054963; 0,3916297946125269; 0,3263482195325196; 0,6473789843730628; 0,6814176281914115; 0,767934933770448; 0,7906434154137969; 0,7329980018548667; 0,6245756456628442; 0,8754723239690065
0,02259100105775733; 0,08723535668104887; 0,5094484593719244; 0,23714196681976318; 0,16452559316530824; 0,5840790369547904; 0,31054769176989794; 0,8440470141358674; 0,004374530632048845; 0,6469394634477794; 0,9189400495961308
0,02021858618506282; 0,6595453112386167; 0,3661860483698547; 0,09351085964590311; 0,0034840498119592667; 0,09212996531277895; 0,7205747305415571; 0,17403784347698092; 0,05833329679444432; 0,7124126362614334; 0,6981949284672737
0,021410939611191768; 0,951231078710407; 0,544528788421303; 0,22193843219429255; 0,4257898833602667; 0,5015529352240264; 0,23171365726739168; 0,5179174351505935; 0,9276425065472722; 0,2641158252954483; 0,9562343992292881
0,01969963543350255; 0,7560714730061591; 0,8828587951138616; 0,2889320654794574; 0,8893880108371377; 0,30369343888014555; 0,7109697922132909; 0,2679816912859678; 0,8157718256115913; 0,41797840129584074; 0,8019169210456312
0,02026478219708715; 0,354778871871531; 0,22274934174492955; 0,3414278547279537; 0,7884620446711779; 0,02161849243566394; 0,04799723345786333; 0,39357444690540433; 0,40682089049369097; 0,17087786365300417; 0,42152014281600714
0,019668482968323374; 0,016042103990912437; 0,2781213759444654; 0,5991888237185776; 0,7160819983109832; 0,4110422716476023; 0,7203880837187171; 0,012564406264573336; 0,23991097463294864; 0,5212204847484827; 0,40314523922279477
0,020455672842811728; 0,8706927662715316; 0,7054065614938736; 0,2682885858230293; 0,5290405335836112; 0,45992245664820075; 0,42191058909520507; 0,36279808869585395; 0,6364102638326585; 0,23870611330494285; 0,2609796724282205
0,022805967202069816; 0,11277118604630232; 0,8771115001291037; 0,014441424515098333; 0,23732208600267768; 0,8335511684417725; 0,403602902777493; 0,9649516507051885; 0,7614250970073044; 0,0455135446973145; 0,9694762728177011
0,02309179133464062; 0,21663193171843886; 0,5711594433523715; 0,6820139791816473; 0,17171692568808794; 0,7055048188194633; 0,6036460483446717; 0,9678200543858111; 0,44409138429909945; 0,10514542693272233; 0,7690053801052272
0,021925274176560944; 0,1699521541595459; 0,14417691435664892; 0,4109331788495183; 0,25605831760913134; 0,3975923340767622; 0,029226711485534906; 0,9722030037082732; 0,816575872246176; 0,9375200751237571; 0,1779874344356358
0,02316593019935211; 0,7803683131933212; 0,31119583500549197; 0,706406214274466; 0,11431354843080044; 0,9211108251474798; 0,9384931898675859; 0,9876668122597039; 0,9870105138979852; 0,4716784725897014; 0,5027115847915411
0,020848998287905526; 0,7577593079768121; 0,3478695875965059; 0,8726983410306275; 0,8259783280082047; 0,9676318820565939; 0,7512851101346314; 0,3434995231218636; 0,11846413370221853; 0,36498540407046676; 0,24070342630147934
0,0203684826506681; 0,09362777415663004; 0,5799191324040294; 0,7043095179833472; 0,4880427564494312; 0,8291731234639883; 0,9245252255350351; 0,20407348265871406; 0,7920764349400997; 0,2302883118391037; 0,7329589184373617
0,022963528589343127; 0,496572766918689; 0,5980148324742913; 0,00827299291267991; 0,6271960963495076; 0,14136070478707552; 0,003944647964090109; 0,9472890868782997; 0,17850538669154048; 0,5375917763449252; 0,6119649061001837
0,022115789951016433; 0,3851898810826242; 0,8541812365874648; 0,6823079804889858; 0,49621677631512284; 0,7588152438402176; 0,2717973836697638; 0,7116498225368559; 0,5335893789306283; 0,27998433262109756; 0,6553245736286044
0,019628309106924983; 0,39197988063097; 0,14846114022657275; 0,03488766821101308; 0,7045794264413416; 0,09369929740205407; 0,23711718758568168; 0,2735847136937082; 0,037383715622127056; 0,9803038071841002; 0,3567757694981992
0,02162928140152204; 0,31435498921200633; 0,8427012986503541; 0,5218657869845629; 0,45108622405678034; 0,9299846300855279; 0,8887963006272912; 0,6315119420178235; 0,001599382609128952; 0,45615120977163315; 0,8430298850871623
0,02128025403163943; 0,1276783994399011; 0,4024694194085896; 0,12529174610972404; 0,44484948134049773; 0,17313377652317286; 0,04540419578552246; 0,7021773671731353; 0,8061864310875535; 0,43936113687232137; 0,5310223773121834
0,022012073643103907; 0,23301574727520347; 0,8936201361939311; 0,3546067657880485; 0,3303358634002507; 0,3492250395938754; 0,6218926250003278; 0,970814629457891; 0,17146423319354653; 0,26787801180034876; 0,4738334626890719
0,021211461795976744; 0,732383094727993; 0,723524134606123; 0,37611349392682314; 0,4381006322801113; 0,13137542456388474; 0,374550343491137; 0,4737449260428548; 0,20235323533415794; 0,11640469543635845; 0,3404195113107562
0,019968088432330895; 0,08555467519909143; 0,2975551416166127; 0,20333198737353086; 0,30687840888276696; 0,4258094443939626; 0,2717732056044042; 0,11039144732058048; 0,18490402353927493; 0,30078099528327584; 0,62038917792961
0,021535254070401456; 0,5915941037237644; 0,08720460115000606; 0,6435871841385961; 0,7054804973304272; 0,7123219976201653; 0,2259035618044436; 0,5494802789762616; 0,9165533590130508; 0,5370201100595295; 0,09264025604352355
0,02186196915599458; 0,8053909633308649; 0,2405242952518165; 0,3965220991522074; 0,7879043952561915; 0,4646839196793735; 0,8272006432525814; 0,6481941021047533; 0,8007311355322599; 0,09326354740187526; 0,8738590530119836
0,01976562774126039; 0,9805172779597342; 0,8259126553311944; 0,7672921810299158; 0,697244031354785; 0,31614206032827497; 0,9812441822141409; 0,3355190949514508; 0,0759463319554925; 0,21397724514827132; 0,35578531911596656
0,021178718320819898; 0,164610275067389; 0,687628417275846; 0,7439526645466685; 0,2553842016495764; 0,4542107069864869; 0,5270972461439669; 0,6437226394191384; 0,8874970218166709; 0,683597831055522; 0,33919458324089646
0,020670835225773572; 0,6715809674933553; 0,8151467042043805; 0,48882733192294836; 0,5065547204576433; 0,30603791307657957; 0,9567309855483472; 0,5893733161501586; 0,48117413464933634; 0,9452751157805324; 0,4026575065217912
0,019653752113934043; 0,9734097793698311; 0,9483448546379805; 0,9306766390800476; 0,17933237552642822; 0,37394511653110385; 0,5953460359014571; 0,4427586691454053; 0,09778101835399866; 0,5657400316558778; 0,2994411843828857
0,021665763922403675; 0,9698860156349838; 0,6267091888003051; 0,570855151861906; 0,6208055182360113; 0,20932005112990737; 0,0815239604562521; 0,6091681499965489; 0,42595492070540786; 0,9647433715872467; 0,08126271702349186
0,02063791793255878; 0,1122244861908257; 0,17008081125095487; 0,090117575135082; 0,43244637129828334; 0,6492407703772187; 0,8733246685005724; 0,27947119902819395; 0,5567340729758143; 0,5530507108196616; 0,7653251253068447
0,022307792834287757; 0,8715592725202441; 0,37830725219100714; 0,28804993629455566; 0,9070967505685985; 0,7581128380261362; 0,40475104516372085; 0,7642359063029289; 0,5632423767820001; 0,8087586634792387; 0,2734854775480926
0,021532971305997135; 0,6404538881033659; 0,718405888415873; 0,17987861763685942; 0,4432365349493921; 0,45628792233765125; 0,53632223745808; 0,7625962877646089; 0,04724255716428161; 0,010034148581326008; 0,9117412031628191
0,021391427147180744; 0,8994815461337566; 0,16461722739040852; 0,6443347707390785; 0,45208329940214753; 0,7162378132343292; 0,7485601138323545; 0,5139716234989464; 0,17723448574543; 0,25216455524787307; 0,9513400783762336
0,020874751691622184; 0,9262959533371031; 0,22363368095830083; 0,0907301246188581; 0,7390969451516867; 0,3639899562112987; 0,39507792657241225; 0,6344197285361588; 0,710484039504081; 0,6033078473992646; 0,8817069847136736
0,020038709620759772; 0,03736470080912113; 0,6858654879033566; 0,6523344744928181; 0,9821996670216322; 0,4636348942294717; 0,49278390454128385; 0,1353541500866413; 0,3275177967734635; 0,6393813216127455; 0,8964822278358042
0,0222290314378759; 0,9463175879791379; 0,3815476098097861; 0,69200529018417; 0,6664562183432281; 0,33918960904702544; 0,3735996140167117; 0,8285173289477825; 0,5984840956516564; 0,40268117608502507; 0,09776352439075708
0,02290865598019337; 0,006694488693028688; 0,1705987430177629; 0,9903114503249526; 0,86567761329934; 0,40736369509249926; 0,1306520476937294; 0,9542606766335666; 0,7519674757495522; 0,9336276790127158; 0,36156189907342196
0,01877031895691003; 0,9806197523139417; 0,2413356346078217; 0,7616744819097221; 0,8936298466287553; 0,31375168915838003; 0,17782744579017162; 0,025808508973568678; 0,7733705989085138; 0,02085960330441594; 0,09777224622666836
0,02074847212529105; 0,7669396260753274; 0,8607200356200337; 0,38187455805018544; 0,2702640611678362; 0,1920968247577548; 0,17296920530498028; 0,35082023311406374; 0,6095897634513676; 0,7752535003237426; 0,8419897807762027
0,02107911758440898; 0,9559095916338265; 0,09689086768776178; 0,4018542170524597; 0,8350017336197197; 0,5736999856308103; 0,8979120394214988; 0,4912681831046939; 0,7407580972649157; 0,8714942396618426; 0,8410497130826116
0,019408524681165874; 0,7067309953272343; 0,10336018074303865; 0,08047286747023463; 0,7274855449795723; 0,4241163218393922; 0,8508803737349808; 0,013268643990159035; 0,3552418858744204; 0,6269742478616536; 0,887924222741276
0,019883942707183598; 0,8030107114464045; 0,12399361655116081; 0,7091031274758279; 0,1848184047266841; 0,447239447850734; 0,6150216250680387; 0,08686066558584571; 0,7297937008552253; 0,2281984011642635; 0,21632451051846147
0,019816465973186866; 0,7721939347684383; 0,8800953608006239; 0,5153189771808684; 0,7419073521159589; 0,05446011805906892; 0,5131411105394363; 0,3745843917131424; 0,557716952636838; 0,04485949547961354; 0,37875702464953065
0,022205419677809493; 0,09938299423083663; 0,6377456095069647; 0,4634889797307551; 0,6533721340820193; 0,21847289288416505; 0,5597118297591805; 0,75421928986907; 0,49122564354911447; 0,147508944850415; 0,8808153243735433
0,020521463206349927; 0,5159154031425714; 0,9926192290149629; 0,7647844436578453; 0,7943720812909305; 0,8401787849143147; 0,7941332370974123; 0,30588286463171244; 0,3544710176065564; 0,1345873554237187; 0,5433234698139131
0,022731914906211393; 0,7141495808027685; 0,09431385714560747; 0,5951125961728394; 0,6700018718838692; 0,537039169576019; 0,7187461662106216; 0,8967328141443431; 0,39999572606757283; 0,20505035249516368; 0,49692951887845993
0,02184320961068641; 0,0957280769944191; 0,3057363359257579; 0,5451644109562039; 0,2631707340478897; 0,3393281791359186; 0,2386074443347752; 0,7862342186272144; 0,44875580444931984; 0,8287619394250214; 0,26440264377743006
0,021775041414879126; 0,7431586543098092; 0,7535564140416682; 0,3502501011826098; 0,3910026061348617; 0,15353413950651884; 0,6825348129495978; 0,7262251740321517; 0,10025008022785187; 0,3112149522639811; 0,2056415700353682
0,021003204693971964; 0,7602406754158437; 0,5841448847204447; 0,5173839465714991; 0,5885624294169247; 0,6761556123383343; 0,4275658307597041; 0,4498298945836723; 0,516763701569289; 0,9276956869289279; 0,1538263321854174
0,01899615276996296; 0,07837022934108973; 0,7716376576572657; 0,758893006015569; 0,9268362391740084; 0,47393119847401977; 0,9221361796371639; 0,10102691501379013; 0,8643187247216702; 0,2207924984395504; 0,3598469686694443
0,020832440665856038; 0,636959811206907; 0,3764806822873652; 0,4654713040217757; 0,8669164376333356; 0,0014356826432049274; 0,4066583910025656; 0,3399813147261739; 0,9830566560849547; 0,041769529692828655; 0,7071664934046566
0,022093647587640625; 0,6640853257849813; 0,11257106438279152; 0,6157634812407196; 0,4323989497497678; 0,8121142033487558; 0,34777846559882164; 0,817460082937032; 0,1973150847479701; 0,7818079595454037; 0,8169871540740132
0,019835114947114325; 0,15664373012259603; 0,013183124363422394; 0,9301732648164034; 0,0560293379239738; 0,9092688807286322; 0,08068297291174531; 0,019630752969533205; 0,7046346692368388; 0,4477887381799519; 0,35231300769373775
0,01862508267078263; 0,41475849552080035; 0,7868158235214651; 0,6637765802443027; 0,4822446769103408; 0,4911162704229355; 0,8218118851073086; 0,06769461091607809; 0,7846757564693689; 0,4793181265704334; 0,7306321393698454
0,01970089814312965; 0,037416564766317606; 0,7721743327565491; 0,1034299130551517; 0,9578812709078193; 0,3594571277499199; 0,9403207497671247; 0,21881331037729979; 0,4408687064424157; 0,02980805141851306; 0,19063608394935727
0,02162629408947349; 0,1596977524459362; 0,74816535692662; 0,7038119626231492; 0,9083632533438504; 0,8117892928421497; 0,3077592710033059; 0,5745060951448977; 0,1595453219488263; 0,4223716822452843; 0,4085003053769469
0,019146585735736937; 0,4224073924124241; 0,9797493568621576; 0,5742148240096867; 0,3762402664870024; 0,10217489441856742; 0,40357112837955356; 0,03200933896005154; 0,8859154093079269; 0,7252568085677922; 0,3647733605466783
0,020052831063849887; 0,8546588569879532; 0,38441318925470114; 0,5365208415314555; 0,8559596631675959; 0,33992504328489304; 0,4470223248936236; 0,1879143319092691; 0,9160163439810276; 0,5914283362217247; 0,3928998024202883
0,021307735780975678; 0,5522088129073381; 0,4036838854663074; 0,810029502492398; 0,010284012649208307; 0,3863714952021837; 0,7303902972489595; 0,5200868914835155; 0,5322281438857317; 0,6345565891824663; 0,8055863329209387
0,022518399404467083; 0,40979103185236454; 0,8826419948600233; 0,8156894636340439; 0,7843884276226163; 0,8809916349127889; 0,6508823782205582; 0,9926049299538136; 0,35162303037941456; 0,9940191037021577; 0,3463973109610379
0,02009784091159573; 0,4854802554473281; 0,22147230291739106; 0,026333284098654985; 0,20641803927719593; 0,046270906925201416; 0,6270241681486368; 0,28479579742997885; 0,7586315926164389; 0,04073042934760451; 0,5598613293841481
0,020822662447349337; 0,5222844784148037; 0,9203865681774914; 0,5426408629864454; 0,6142235626466572; 0,733692480251193; 0,6404901975765824; 0,4915257468819618; 0,05690632201731205; 0,1808199747465551; 0,20685746520757675
0,022755443424303304; 0,9295331831090152; 0,41278330981731415; 0,08654524106532335; 0,5297907022759318; 0,7695406125858426; 0,8005746225826442; 0,8959445059299469; 0,37722534546628594; 0,6278103664517403; 0,9951157523319125
0,019018423509107513; 0,9925373876467347; 0,06960868695750833; 0,44325416116043925; 0,44128534430637956; 0,22593238903209567; 0,653924148529768; 0,12282395176589489; 0,6822094838134944; 0,13422031328082085; 0,7234730627387762
0,02227774780607838; 0,17504105810075998; 0,6594288544729352; 0,4114651521667838; 0,48552930541336536; 0,16892948560416698; 0,0054677571170032024; 0,7804142255336046; 0,9045981834642589; 0,2334323306567967; 0,0321417897939682
0,021802633449207354; 0,5260803522542119; 0,9911522381007671; 0,8381513981148601; 0,05467083631083369; 0,883322415407747; 0,9989082897081971; 0,6281617674976587; 0,35363985737785697; 0,6995794312097132; 0,5554633233696222
0,02057156446111864; 0,3380411979742348; 0,29773394390940666; 0,2625769670121372; 0,35478959418833256; 0,2644539210014045; 0,7981080715544522; 0,30508158914744854; 0,5621162611059844; 0,33801744412630796; 0,11301744729280472
0,021175262128982946; 0,6129475883208215; 0,14249716978520155; 0,18986986577510834; 0,3463974157348275; 0,5804884331300855; 0,3969719619490206; 0,55689158430323; 0,7306430526077747; 0,9757783799432218; 0,3844544216990471
0,020551111031732575; 0,43514964170753956; 0,5582942869514227; 0,07557362644001842; 0,17912191851064563; 0,426811492536217; 0,5028841765597463; 0,3336267373524606; 0,6843276307918131; 0,867769141215831; 0,7141131921671331
0,02119806935414028; 0,6556244166567922; 0,5314187547191978; 0,3991911932826042; 0,3170975032262504; 0,31210635555908084; 0,6182331778109074; 0,45214693900197744; 0,28814046643674374; 0,21786520536988974; 0,5508477059192955
0,02010805271860354; 2,888031303882599E-05; 0,3281537895090878; 0,3236837973818183; 0,9868299732916057; 0,9513300149701536; 0,6632162122987211; 0,10996767552569509; 0,9038312123157084; 0,2798372423276305; 0,6671674973331392
0,021209292251962823; 0,5058070630766451; 0,42252466920763254; 0,1898781331256032; 0,7510998016223311; 0,6436104504391551; 0,6105436687357724; 0,45279827807098627; 0,9521293393336236; 0,29676208877936006; 0,6990472860634327
0,021960223314640755; 0,5802801391109824; 0,5772897126153111; 0,11114002345129848; 0,03724686475470662; 0,9572845925576985; 0,17214572941884398; 0,6738656400702894; 0,9233292839489877; 0,6168991746380925; 0,23702848330140114
0,022836524228237558; 0,5087212114594877; 0,5781923998147249; 0,3780800267122686; 0,19542200304567814; 0,42211725981906056; 0,8551438488066196; 0,9565334245562553; 0,9950295831076801; 0,9243928142823279; 0,3844058127142489
0,02068797829114897; 0,42294649221003056; 0,2529457015916705; 0,5222148331813514; 0,6434978456236422; 0,9702554410323501; 0,6935786493122578; 0,29349805414676666; 0,05045329965651035; 0,8796064332127571; 0,13510662550106645
0,019993003626061778; 0,48596654273569584; 0,1477874545380473; 0,6657651336863637; 0,22903199354186654; 0,021894025150686502; 0,5427415040321648; 0,36675998102873564; 0,4094209624454379; 0,7275404161773622; 0,7242507948540151
0,019117237379798157; 0,9807465588673949; 0,9285309901461005; 0,339774748776108; 0,6657490846700966; 0,7527006543241441; 0,5544301439076662; 0,0011529931798577309; 0,8739399402402341; 0,6001974889077246; 0,428453859873116
0,0204876534434978; 0,1883612247183919; 0,22925200359895825; 0,593449474312365; 0,5131894671358168; 0,44208131777122617; 0,7860070965252817; 0,2358118058182299; 0,7369752321392298; 0,6776209366507828; 0,8561853673309088
0,019797967783949315; 0,08961527748033404; 0,9724390208721161; 0,5679627833887935; 0,2356356712989509; 0,6368966205045581; 0,834239128511399; 0,454187307972461; 0,8605342195369303; 0,14061362063512206; 0,44799087289720774
0,022196162893815628; 0,16903820168226957; 0,6613418660126626; 0,4429245349019766; 0,49999592965468764; 0,3908876967616379; 0,6289510438218713; 0,8009183695539832; 0,30726315826177597; 0,6403642445802689; 0,0787112987600267
0,021591934003323; 0,6182800275273621; 0,5879601216875017; 0,26154819456860423; 0,3929178402759135; 0,7763660815544426; 0,45663472590968013; 0,5679159085266292; 0,27432078728452325; 0,49933450343087316; 0,23214359302073717
0,02142388971587854; 0,7381577249616385; 0,20849431632086635; 0,9072544956579804; 0,7397612915374339; 0,748659485951066; 0,4577168598771095; 0,5710287289693952; 0,15630315337330103; 0,8417165447026491; 0,766373747959733
0,020311078535134145; 0,13075002515688539; 0,07651471206918359; 0,0626841252669692; 0,36326388362795115; 0,7335606710985303; 0,10647736862301826; 0,4168443279340863; 0,7501166672445834; 0,18428758112713695; 0,1471295435912907
0,01827360479291415; 0,9872807962819934; 0,005585228092968464; 0,27251870883628726; 0,20067328121513128; 0,23668841738253832; 0,3038955391384661; 0,09029600862413645; 0,8676297087222338; 0,3708275710232556; 0,45226146560162306
0,020332699758407694; 0,5321925324387848; 0,6904399185441434; 0,6033725370652974; 0,827074134722352; 0,706184109672904; 0,003422497771680355; 0,18071419280022383; 0,14834009390324354; 0,8246469832956791; 0,8149584913626313
0,021699996702122446; 0,8930362807586789; 0,05225850408896804; 0,2452999115921557; 0,8995316531509161; 0,9530260642059147; 0,9690415286459029; 0,5955378250218928; 0,2590262945741415; 0,4869504510425031; 0,10942692728713155
0,018797553233223113; 0,17606538208201528; 0,07427740190178156; 0,1634357855655253; 0,18717989418655634; 0,5926501462236047; 0,6073285671882331; 0,017005064990371466; 0,4488937584683299; 0,35219750506803393; 0,05884419521316886
0,020484960537280102; 0,847913668025285; 0,9970913375727832; 0,9084925437346101; 0,3955219481140375; 0,23037585895508528; 0,8097092499956489; 0,6878964542411268; 0,8254762813448906; 0,14871880738064647; 0,6290769153274596
0,02252432628892415; 0,8699657185934484; 0,6246851440519094; 0,1687049837782979; 0,8231366067193449; 0,7381446408107877; 0,4695664378814399; 0,8215483953244984; 0,7864835360087454; 0,7998942565172911; 0,09436317486688495
0,020694464490521078; 0,30020554875954986; 0,1956076198257506; 0,819358806591481; 0,5343442014418542; 0,0884550018236041; 0,7447118880227208; 0,39556051790714264; 0,7269217087887228; 0,544546184130013; 0,12046274449676275
0,0206411460958978; 0,3761150580830872; 0,4025386958383024; 0,8432070282287896; 0,49039892479777336; 0,32995134964585304; 0,33324365643784404; 0,3826301055960357; 0,293220529332757; 0,6368164666928351; 0,5537356585264206
0,021183464674956822; 0,30339622031897306; 0,5135140232741833; 0,07752594398334622; 0,5719923167489469; 0,5202245246618986; 0,6652078651823103; 0,4869649661704898; 0,6232976000756025; 0,4381488626822829; 0,5120107722468674
0,02188243965068083; 0,6969092786312103; 0,6820067227818072; 0,5416502770967782; 0,5653417124412954; 0,3985871793702245; 0,4667917937040329; 0,6901488066650927; 0,9402899453416467; 0,8513025511056185; 0,3254002700559795
0,02230002566001061; 0,5566436150111258; 0,7843779642134905; 0,403231258969754; 0,37200176902115345; 0,8189388900063932; 0,49686089996248484; 0,7849334450438619; 0,29043132811784744; 0,70640599867329; 0,3446875433437526
0,021001418317625992; 0,10791405476629734; 0,6126579958945513; 0,5634272773750126; 0,13758480409160256; 0,2286729784682393; 0,11823870474472642; 0,4068474443629384; 0,5545204044319689; 0,8922123457305133; 0,8641343889757991
0,020092666353955006; 0,552647178992629; 0,6633008681237698; 0,0516895055770874; 0,43414803640916944; 0,1925318888388574; 0,9138369173742831; 0,21941422717645764; 0,4603479369543493; 0,0421050856821239; 0,41767763951793313
0,020977979256820007; 0,05707203270867467; 0,6879305639304221; 0,5033302381634712; 0,5523219690658152; 0,3758953996002674; 0,19449452171102166; 0,38384972559288144; 0,7823847737163305; 0,4871674287132919; 0,11809281026944518
0,022494235170144736; 0,38591310242190957; 0,9762149984017015; 0,23663196107372642; 0,97571882000193; 0,7642074688337743; 0,44612302212044597; 0,8136152229271829; 0,42417590226978064; 0,715341791510582; 0,4228093633428216
0,020603678349054168; 0,9584720400162041; 0,1807820382528007; 0,6124746734276414; 0,09600742999464273; 0,12365841679275036; 0,047459037974476814; 0,7860041209496558; 0,31116106919944286; 0,06934438040480018; 0,18329781666398048
0,021637498928633234; 0,35220044245943427; 0,34203996369615197; 0,258666317909956; 0,03237652685493231; 0,1133338762447238; 0,21030534245073795; 0,7879840335808694; 0,5592297720722854; 0,5341068329289556; 0,03316672705113888
0,021962336882621846; 0,040364616084843874; 0,7882684972137213; 0,5973511217162013; 0,4907203810289502; 0,8623853772878647; 0,28976593678817153; 0,7001434783451259; 0,1950457440689206; 0,7795906141400337; 0,9855052707716823
0,019650259661240496; 0,6716867350041866; 0,9354926790110767; 0,6980550996959209; 0,1240695621818304; 0,16134211234748363; 0,1432033432647586; 0,04244392830878496; 0,04772303672507405; 0,28718681493774056; 0,17000967217609286
0,02003979213193524; 0,7984917908906937; 0,4900420596823096; 0,11350567126646638; 0,09584261570125818; 0,6085387393832207; 0,4862041100859642; 0,0848475769162178; 0,2705402276478708; 0,5892086434178054; 0,3343506925739348
0,021154366627204827; 0,5171003811992705; 0,8185073877684772; 0,958975475281477; 0,37690088246017694; 0,8754230514168739; 0,48669379157945514; 0,44804722582921386; 0,964224127586931; 0,7938855709508061; 0,03464001649990678
0,019529639127849285; 0,8840155932120979; 0,6873743766918778; 0,5207189084030688; 0,4851412926800549; 0,9108289410360157; 0,9723067446611822; 0,07769416365772486; 0,9999729287810624; 0,4646702283062041; 0,7751415655948222
0,020175353721442992; 0,7954051233828068; 0,7680842634290457; 0,08789165085181594; 0,6728426739573479; 0,6046557342633605; 0,34366720682010055; 0,2574015031568706; 0,08926738239824772; 0,8452336471527815; 0,35765741020441055
0,020427190992906078; 0,19738612649962306; 0,9542781515046954; 0,14112744620069861; 0,019324596039950848; 0,036457734182477; 0,6255401512607932; 0,5089990054257214; 0,08031582506373525; 0,7153886035084724; 0,048982113134115934
0,023114571709035667; 0,8758809263817966; 0,5361569244414568; 0,1382099511101842; 0,4923768490552902; 0,3272084118798375; 0,8384392894804478; 0,9735931106843054; 0,8961539501324296; 0,6585174021311104; 0,3802330354228616
0,0203720406040519; 0,4466376416385174; 0,7706322311423719; 0,7854808839038014; 0,12126757204532623; 0,8529134262353182; 0,3737788167782128; 0,24185351002961397; 0,4708150653168559; 0,4005078738555312; 0,27624442242085934
0,020022938056874027; 0,16730395844206214; 0,41261927923187613; 0,199309803545475; 0,7926302356645465; 0,2646669168025255; 0,13019680511206388; 0,24195626750588417; 0,7191164013929665; 0,9458496156148612; 0,46651012171059847
0,0221078458625187; 0,8042368404567242; 0,7055051429197192; 0,3741636690683663; 0,2541854255832732; 0,6195039260201156; 0,9551731524989009; 0,8900895598344505; 0,19243832770735025; 0,06857042666524649; 0,8324733362533152
0,02080137095933973; 0,8184032472781837; 0,9881306793540716; 0,5102845239453018; 0,6886578891426325; 0,46118013514205813; 0,23332126578316092; 0,6583123761229217; 0,27812036592513323; 0,3047161833383143; 0,6400943687185645
0,021814616133092515; 0,20136580988764763; 0,8877840004861355; 0,6369139296002686; 0,9113779864273965; 0,7427840810269117; 0,44849172281101346; 0,7160238064825535; 0,8710667523555458; 0,3460708223283291; 0,6579035022296011
0,021755832566823157; 0,45819687098264694; 0,3565216092392802; 0,7637164620682597; 0,034383556339889765; 0,1192692369222641; 0,42477866914123297; 0,7247319468297064; 0,8584859697148204; 0,5253627505153418; 0,09383310377597809
0,01844536053963773; 0,8797589805908501; 0,0932618984952569; 0,3810416040942073; 0,3210330191068351; 0,05208230251446366; 0,10831633349880576; 0,1426571113988757; 0,059624476823955774; 0,6584766088053584; 0,40258940821513534
0,022259517037529434; 0,4177506538107991; 0,4756586132571101; 0,36744235176593065; 0,7233397159725428; 0,3734988821670413; 0,00043925270438194275; 0,8566050427034497; 0,023143745493143797; 0,7157158069312572; 0,31457605538889766
0,020536597842141034; 0,851381747983396; 0,7207681876607239; 0,7772063361480832; 0,8363859266974032; 0,6822882373817265; 0,2056913203559816; 0,26897370256483555; 0,4761034012772143; 0,5205004746094346; 0,9438456543721259
0,02250861758088345; 0,4353733966127038; 0,10032992251217365; 0,3820576509460807; 0,4362378939986229; 0,6411093212664127; 0,7698760409839451; 0,8200696022249758; 0,8323289034888148; 0,5536092375405133; 0,9847907642833889
0,019824623153003252; 0,6762172435410321; 0,8917290745303035; 0,6370881353504956; 0,5307035259902477; 0,8090700530447066; 0,4069161186926067; 0,046802400611341; 0,42669788654893637; 0,3542174897156656; 0,4318802827037871
0,02230140397747659; 0,7354936734773219; 0,1930578863248229; 0,019745105877518654; 0,09064950933679938; 0,8751623765565455; 0,6908096806146204; 0,7724096500314772; 0,4542543077841401; 0,7571460832841694; 0,7119539575651288
0,022839988903281934; 0,5928168827667832; 0,7020506621338427; 0,81478391867131; 0,4477388090454042; 0,9457370024174452; 0,5522697805427015; 0,9449412100948393; 0,48009758861735463; 0,337389366235584; 0,8391816220246255
0,021073782490214663; 0,10415522661060095; 0,3610604493878782; 0,9518436179496348; 0,5031775799579918; 0,8338923673145473; 0,9826851231046021; 0,41212521819397807; 0,4127148170955479; 0,4493114799261093; 0,0112662841565907
0,023160306546288225; 0,3839863557368517; 0,21805890602990985; 0,4532656944356859; 0,3954522227868438; 0,3789962148293853; 0,7651341198943555; 0,9928063680417836; 0,47378234565258026; 0,21546803042292595; 0,04067181563004851
0,022073442353401442; 0,6935534416697919; 0,5257016927935183; 0,9668177850544453; 0,7151994816958904; 0,3864871677942574; 0,274779231287539; 0,7338475733995438; 0,7159137041307986; 0,3233518456108868; 0,6645188815891743
0,019874378145760287; 0,9840425094589591; 0,4877541558817029; 0,08617959590628743; 0,3244922631420195; 0,9765084236860275; 0,43384963227435946; 0,029697828460484743; 0,8562267660163343; 0,751735252328217; 0,15893002972006798
0,02121808540595511; 0,9876631386578083; 0,6674140505492687; 0,8989579840563238; 0,7022051699459553; 0,956013054586947; 0,5126443221233785; 0,45719078416004777; 0,8548746583983302; 0,7669524825178087; 0,6339116026647389
0,0198320261030428; 0,5224700579419732; 0,5920032262802124; 0,8918966520577669; 0,0264593786559999; 0,5246522319503129; 0,4845228558406234; 0,013953015673905611; 0,203968389891088; 0,8061062027700245; 0,9956072503700852
0,020930358876338106; 0,43170991679653525; 0,8752474966458976; 0,7838496132753789; 0,21623739833012223; 0,4912296151742339; 0,11112480657175183; 0,5261321822181344; 0,4205700820311904; 0,12435370218008757; 0,5909584928303957
0,021059436113903728; 0,5788879012688994; 0,6776583408936858; 0,12199448654428124; 0,7573138014413416; 0,8557070051319897; 0,6802232027985156; 0,4136045170016587; 0,3224491374567151; 0,9562723808921874; 0,25987902330234647
0,019061135469948053; 0,14407407771795988; 0,09146219538524747; 0,5664183907210827; 0,9083626521751285; 0,8635796289891005; 0,6043465938419104; 0,048773822374641895; 0,714575529564172; 0,9680678495205939; 0,8746183207258582
0,021309390869005643; 0,19120673183351755; 0,9559512594714761; 0,5990708549506962; 0,44411846436560154; 0,8379198438487947; 0,9170469776727259; 0,5870816046372056; 0,42182145873084664; 0,6990658435970545; 0,2713900529779494
0,021510311232876885; 0,5201071561314166; 0,04974476434290409; 0,06447846721857786; 0,6093730456195772; 0,1973032495006919; 0,8682734123431146; 0,7639475301839411; 0,6560250259935856; 0,5309444526210427; 0,3793830992653966
0,02135299432826304; 0,2006165636703372; 0,12322243070229888; 0,7791518406011164; 0,36309197545051575; 0,6977067310363054; 0,9428471764549613; 0,5182112162001431; 0,27097714273259044; 0,06963506434112787; 0,07413086574524641
0,021880504755116433; 0,8610872766003013; 0,4318513902835548; 0,8868294283747673; 0,12820764258503914; 0,48544392734766006; 0,48943612119182944; 0,6467705103568733; 0,08317636558786035; 0,3483285824768245; 0,4696586658246815
0,018851740850047607; 0,29538952419534326; 0,030370870605111122; 0,2448415420949459; 0,606766274664551; 0,14593303902074695; 0,06537122977897525; 0,2548170215450227; 0,44572943868115544; 0,5363154634833336; 0,47021434735506773
0,020008766620583287; 0,8924771882593632; 0,30203430680558085; 0,6017518034204841; 0,11097917100414634; 0,19988521747291088; 0,9309445461258292; 0,0882687596604228; 0,26038541086018085; 0,17783707566559315; 0,3150062868371606
0,020173702998544756; 0,5065323235467076; 0,5271081081591547; 0,6238725022412837; 0,9273190889507532; 0,05456653470173478; 0,06052455957978964; 0,1297917370684445; 0,9211524138227105; 0,15017263358458877; 0,86610088031739
0,020877846266514215; 0,17656803876161575; 0,26034402986988425; 0,91323869721964; 0,945882975589484; 0,25839984649792314; 0,18625328317284584; 0,5929337488487363; 0,30519217252731323; 0,2442437931895256; 0,3834531554020941
0,020943520696744166; 0,6256747008301318; 0,9016653029248118; 0,9308284791186452; 0,7643698141910136; 0,015576508361846209; 0,4730456117540598; 0,7572128977626562; 0,43042990285903215; 0,5458149616606534; 0,24690868519246578
0,022718730838263687; 0,22771081747487187; 0,815113702788949; 0,5564328227192163; 0,10378549015149474; 0,4793430878780782; 0,94047173531726; 0,9243241478689015; 0,48379987431690097; 0,6931615490466356; 0,34125560615211725
0,02075707779134746; 0,7465164428576827; 0,0903276945464313; 0,24630591925233603; 0,550203553866595; 0,9306625449098647; 0,02128757257014513; 0,3323066234588623; 0,03337393281981349; 0,09597286628559232; 0,5221971343271434
0,02031902191055472; 0,25430063297972083; 0,06760736787691712; 0,5162194659933448; 0,46009431034326553; 0,9828438363038003; 0,621256509795785; 0,17657668143510818; 0,10988787421956658; 0,2290979246608913; 0,938287453725934
0,02061209513845902; 0,48636778024956584; 0,4271106142550707; 0,4050297224894166; 0,03987462818622589; 0,38314399868249893; 0,7126372875645757; 0,3125284598208964; 0,9506407384760678; 0,23941698297858238; 0,9444264564663172
0,0229769367345555; 0,6814150749705732; 0,7099431776441634; 0,859027334023267; 0,0176860298961401; 0,13450402952730656; 0,3794474545866251; 0,9526546467095613; 0,8116582180373371; 0,606136349029839; 0,8820395949296653
0,022940016753173316; 0,10816283943131566; 0,5755753661505878; 0,3387099653482437; 0,8601929806172848; 0,26319061079993844; 0,09053593501448631; 0,9294726788066328; 0,614975166041404; 0,8667369186878204; 0,6263039745390415
0,020980747141631978; 0,7640545456670225; 0,1525083752349019; 0,9097073031589389; 0,8870338248088956; 0,9107593568041921; 0,5940508721396327; 0,39285533502697945; 0,1403811164200306; 0,9655925324186683; 0,9476541578769684
0,01964471494066054; 0,029907623305916786; 0,6439409572631121; 0,8516247635707259; 0,886969814542681; 0,6476223259232938; 0,7967802598141134; 0,18999526277184486; 0,31814888352528214; 0,6282469406723976; 0,6425253017805517
0,022298234013416084; 0,5344108263961971; 0,28847731091082096; 0,310041693970561; 0,05927127134054899; 0,9970142249949276; 0,481695304159075; 0,763993508182466; 0,683138937689364; 0,7006189282983541; 0,29252090537920594
0,020964694076952287; 0,12787335319444537; 0,6188538884744048; 0,9502452933229506; 0,6750087435357273; 0,436601550783962; 0,5974885202012956; 0,43913957197219133; 0,7172205839306116; 0,9411286083050072; 0,7545104417949915
0,02165641818975664; 0,9179155328311026; 0,5123827662318945; 0,11022064508870244; 0,879521512426436; 0,936576409265399; 0,18782284017652273; 0,5892599946819246; 0,20607411721721292; 0,7507933010347188; 0,3515240512788296
0,022200234974358714; 0,013890740927308798; 0,23971634544432163; 0,39003174286335707; 0,8135034283623099; 0,6250180387869477; 0,42561811208724976; 0,7790710432454944; 0,09758742805570364; 0,6919863764196634; 0,46651938604190946
0,020755511268726178; 0,2257598079741001; 0,9808644596487284; 0,4828121750615537; 0,3883315376006067; 0,007455382030457258; 0,2058482738211751; 0,5126630589365959; 0,679352377075702; 0,9082617927342653; 0,3059296878054738
0,019420454720065546; 0,13707791175693274; 0,8722640769556165; 0,16399102937430143; 0,9264630931429565; 0,44887549383565784; 0,7872509667649865; 0,2266570571810007; 0,7025393005460501; 0,546968194656074; 0,055434759240597486
0,021937335783976556; 0,018281829077750444; 0,48395290272310376; 0,7754340711981058; 0,3085441212169826; 0,22984738554805517; 0,3900366579182446; 0,7003860641270876; 0,09719843789935112; 0,5998471803031862; 0,18928078655153513
0,0206691054258427; 0,9020555098541081; 0,9448609165847301; 0,07869709236547351; 0,5053897895850241; 0,058153728023171425; 0,9291715701110661; 0,8250192422419786; 0,35181484650820494; 0,3033641087822616; 0,3199798818677664
0,019004569070384524; 0,1293723345734179; 0,9984929552301764; 0,9730616258457303; 0,9704005336388946; 0,17961392179131508; 0,2331495899707079; 0,09008916281163692; 0,5615202290937304; 0,4799328981898725; 0,24116660747677088
0,02083016199862445; 0,6701727206818759; 0,8556977235712111; 0,2783370530232787; 0,5778116751462221; 0,7297510378994048; 0,09937401348724961; 0,3426637202501297; 0,6177008021622896; 0,6346788629889488; 0,24629864981397986
0,02120445809102888; 0,6850342620164156; 0,23807609267532825; 0,30265811970457435; 0,09886485012248158; 0,2673864485695958; 0,9232342531904578; 0,47147222608327866; 0,09463716298341751; 0,7776950453408062; 0,8858806882053614
0,019788514499190755; 0,03387081390246749; 0,7518615662120283; 0,7470690752379596; 0,0810830076225102; 0,2624976774677634; 0,2997196582145989; 0,04925881326198578; 0,08836053172126412; 0,8011374305933714; 0,32167450059205294
0,021332078119412068; 0,7456972091458738; 0,3741119117476046; 0,16053548734635115; 0,6906347777694464; 0,24897067714482546; 0,31021442357450724; 0,6261201943270862; 0,4798836032859981; 0,6285463259555399; 0,7429133700206876
0,020395964852786004; 0,33105808263644576; 0,8890464245341718; 0,0033043227158486843; 0,7603302248753607; 0,5936216861009598; 0,687865846324712; 0,45461085671558976; 0,621789469383657; 0,7081823977641761; 0,7289480371400714
0,023043469339077596; 0,7676708856597543; 0,21718934550881386; 0,8504083408042789; 0,5069194287061691; 0,45345071144402027; 0,5613128920085728; 0,955542148090899; 0,3719356167130172; 0,5047749485820532; 0,6212455625645816
0,021576529350065703; 0,6009596777148545; 0,4937786520458758; 0,2241847887635231; 0,9108061455190182; 0,6966924015432596; 0,5594291198067367; 0,5905706444755197; 0,16410969337448478; 0,2941771298646927; 0,44424586184322834
0,019757610126969326; 0,6070175301283598; 0,6598230423405766; 0,6059232261031866; 0,22950548911467195; 0,5510842823423445; 0,45821783412247896; 0,005426342599093914; 0,23593189660459757; 0,18173887906596065; 0,2101501990109682
0,02118630451515254; 0,1573054720647633; 0,14617941668257117; 0,22442641202360392; 0,43293691519647837; 0,43285895278677344; 0,16790338838472962; 0,6993097928352654; 0,4793892432935536; 0,42052706936374307; 0,6135275070555508
0,02296217048488216; 0,004683089442551136; 0,6884159818291664; 0,9004919910803437; 0,9788613179698586; 0,42766826832666993; 0,2389317681081593; 0,9349747537635267; 0,6317989709787071; 0,06300842203199863; 0,4743180121295154
0,021407005638647416; 0,26181079540401697; 0,06019401736557484; 0,08539379294961691; 0,04130709497258067; 0,47125763818621635; 0,19342902582138777; 0,7748892377130687; 0,3342011980712414; 0,05776917329058051; 0,1049215947277844
0,019411058149513293; 0,14301376463845372; 0,0023688236251473427; 0,2528799446299672; 0,7332992004230618; 0,4785699052736163; 0,6336034922860563; 0,02639058418571949; 0,468509113881737; 0,06396675994619727; 0,17911353195086122
0,020036387074152985; 0,14973703399300575; 0,8199412911199033; 0,7523159487172961; 0,24463107576593757; 0,688210042193532; 0,3643286353908479; 0,1389869498088956; 0,11389476526528597; 0,849711712449789; 0,6312865545041859
0,021357023155875374; 0,155172870028764; 0,48201523441821337; 0,5885068839415908; 0,9130089143291116; 0,022114353254437447; 0,3293490819633007; 0,5008107209578156; 0,7429165067151189; 0,9434086792171001; 0,14750719256699085
0,023134924154866194; 0,053986852057278156; 0,7970032980665565; 0,14347365265712142; 0,09381673485040665; 0,5230037569999695; 0,04356767423450947; 0,9802146167494357; 0,7506829481571913; 0,346894349437207; 0,41348643554374576
0,0222385675085119; 0,9119810960255563; 0,31229639053344727; 0,4047778807580471; 0,8711608615703881; 0,5452967216260731; 0,31617326848208904; 0,7963107121177018; 0,2150385188870132; 0,4740654332563281; 0,67822499666363
0,019026478213648883; 0,7433831519447267; 0,9338215817697346; 0,45740154851228; 0,8444666536524892; 0,07985807489603758; 0,5491345669142902; 0,2270486867055297; 0,5786930164322257; 0,05244540423154831; 0,1308130375109613
0,022259494301503285; 0,891618212684989; 0,34405867476016283; 0,23979260586202145; 0,9821418011561036; 0,09171621641144156; 0,9346131696365774; 0,7906207726337016; 0,36213347828015685; 0,6200336366891861; 0,40419485745951533
0,022024379522579803; 0,6098336102440953; 0,4040032825432718; 0,1745415022596717; 0,5038032322190702; 0,9296101410873234; 0,9278240036219358; 0,7165879802778363; 0,9970599454827607; 0,7716994378715754; 0,02425046218559146
0,021878425653055637; 0,13318635569885373; 0,15507375076413155; 0,5753323039971292; 0,24964068597182631; 0,847974693402648; 0,40759944962337613; 0,738627259619534; 0,7543819402344525; 0,7480608462356031; 0,08183705527335405
0,020702364639574602; 0,1153137949295342; 0,1436206242069602; 0,6120509561151266; 0,07808623369783163; 0,15209705848246813; 0,12787189474329352; 0,7775570726953447; 0,24859655601903796; 0,4012767472304404; 0,6502088969573379
0,02282427270937396; 0,0586959975771606; 0,06466391077265143; 0,6526603470556438; 0,632304226513952; 0,6073280572891235; 0,8946690503507853; 0,9019105788320303; 0,7028481257148087; 0,8987064035609365; 0,2911807354539633
0,0213034977255125; 0,6932297078892589; 0,42409939924255013; 0,027606957126408815; 0,10582298273220658; 0,08754962775856256; 0,9575669104233384; 0,4815047709271312; 0,8488465864211321; 0,5127706010825932; 0,43110952246934175
0,020726702264996736; 0,04429378127679229; 0,6392507529817522; 0,0282626966945827; 0,5016246875748038; 0,2351672351360321; 0,6929517793469131; 0,3377285050228238; 0,5156472320668399; 0,15548515785485506; 0,7402184889651835
0,020842876182333093; 0,25376075506210327; 0,8120039338245988; 0,5287290685810149; 0,8037877972237766; 0,24401913210749626; 0,04480405291542411; 0,35641166428104043; 0,7474150420166552; 0,25630547292530537; 0,5354920201934874
0,02158663103089257; 0,23738557286560535; 0,21540494542568922; 0,6248151427134871; 0,6556184571236372; 0,6891656233929098; 0,6304115876555443; 0,6309427511878312; 0,6978022917173803; 0,41923785489052534; 0,8740081563591957
0,02124756948902514; 0,32823284761980176; 0,9973448063246906; 0,049081658013165; 0,14445497654378414; 0,2816720986738801; 0,22197279799729586; 0,6920062988065183; 0,30130747565999627; 0,8510996145196259; 0,4736248957924545
0,021854006264623794; 0,949381428770721; 0,6741178692318499; 0,47252485901117325; 0,9827195168472826; 0,36116358172148466; 0,4031436340883374; 0,6449879966676235; 0,7652142401784658; 0,21824013395234942; 0,9470225707627833
0,021287388397940227; 0,7238774844445288; 0,32804361265152693; 0,5675309468060732; 0,886148726567626; 0,8553003929555416; 0,3666482213884592; 0,5034745591692626; 0,7154864999465644; 0,7894297493621707; 0,44627950666472316
0,023068141007210392; 0,9371793423779309; 0,03459884924814105; 0,01273699663579464; 0,543095987290144; 0,2020361120812595; 0,8806489030830562; 0,9687030208297074; 0,24427403742447495; 0,7885347432456911; 0,7245083204470575
0,020505518837287625; 0,6632641591131687; 0,8273038594052196; 0,9432428241707385; 0,5096406904049218; 0,46179643319919705; 0,9572256519459188; 0,7759334556758404; 0,9827878642827272; 0,3059056927450001; 0,8720637038350105
0,01974934582499499; 0,022943728603422642; 0,2575441994704306; 0,43845031782984734; 0,32292640348896384; 0,6663059713318944; 0,5980617976747453; 0,10783986048772931; 0,07142464257776737; 0,12818798096850514; 0,42224596347659826
0,018896093426426716; 0,6773477140814066; 0,9704324188642204; 0,3728425083681941; 0,9403282813727856; 0,410166600253433; 0,8865804062224925; 0,1585312527604401; 0,0732909687794745; 0,495159151032567; 0,16831112373620272
0,022140284278881914; 0,6838375004008412; 0,6419200068339705; 0,8007588754408062; 0,33179997000843287; 0,5191078460775316; 0,5245179105550051; 0,7490861653350294; 0,4232265157625079; 0,7933583632111549; 0,4828650364652276
0,022442816973743823; 0,8950986405834556; 0,30175857385620475; 0,2933932109735906; 0,848832490388304; 0,08150665834546089; 0,350443284958601; 0,8035124018788338; 0,488256445620209; 0,5202239477075636; 0,4111776780337095
0,02107114954407246; 0,1963421879336238; 0,7414237447082996; 0,3247519335709512; 0,17424277821555734; 0,020197599660605192; 0,8384785037487745; 0,5714467302896082; 0,4033416034653783; 0,24379557184875011; 0,8597823702730238
0,02305750124446916; 0,11416338151320815; 0,4384347125887871; 0,01645778026431799; 0,05349536659196019; 0,8677790863439441; 0,2717064190655947; 0,9593103653751314; 0,4623608347028494; 0,6200392157770693; 0,6853004414588213
0,020422672850491305; 0,9386652554385364; 0,4245856795459986; 0,1420326135121286; 0,9538288889452815; 0,39888309547677636; 0,5249065356329083; 0,25792478024959564; 0,775973710231483; 0,2877568230032921; 0,8026878773234785
0,019922763459040954; 0,7104077828116715; 0,25867049070075154; 0,34758984902873635; 0,4460858553647995; 0,1756403176113963; 0,6859207772649825; 0,16713270312175155; 0,8024116903543472; 0,3363424991257489; 0,24172793934121728
0,02251093860386974; 0,37060747016221285; 0,7686067116446793; 0,2775520128197968; 0,4602098520845175; 0,16557429498061538; 0,9579055197536945; 0,8678969335742295; 0,15835029585286975; 0,1026285351254046; 0,14497865922749043
0,019146355518723568; 0,5368082723580301; 0,9283543340861797; 0,844501290936023; 0,08767287759110332; 0,9876119275577366; 0,3315084669739008; 0,016995343379676342; 0,6226426963694394; 0,7616159613244236; 0,48224943596869707
0,02023055436368207; 0,6897448729723692; 0,013151539955288172; 0,045772052370011806; 0,8341411976143718; 0,9912856728769839; 0,06745341001078486; 0,6522521106526256; 0,1320247333496809; 0,9843237805180252; 0,8107764977030456
0,02127844676613837; 0,6520332423970103; 0,8930546469055116; 0,9779078583233058; 0,2969305529259145; 0,7154477117583156; 0,6657773302868009; 0,5675286571495235; 0,7548071974888444; 0,2898162887431681; 0,38856207812204957
0,02115371387339579; 0,7484512412920594; 0,6558225508779287; 0,40283755399286747; 0,7639614478684962; 0,6616645930334926; 0,06588502321392298; 0,4589393683709204; 0,13053007889539003; 0,6190410880371928; 0,37843283638358116
0,021938163948037364; 0,9859573752619326; 0,5591654647141695; 0,858792616520077; 0,7405660320073366; 0,487017706502229; 0,849892744794488; 0,8045632923021913; 0,8654831754975021; 0,7876331801526248; 0,5231434814631939
0,022275436343237903; 0,966938097961247; 0,6570988120511174; 0,4524085479788482; 0,570376134943217; 0,1805779584683478; 0,23091579042375088; 0,7555026370100677; 0,4473117305897176; 0,5571118420921266; 0,36795055493712425
0,02195383743330606; 0,8521782881580293; 0,6911293715238571; 0,7852639094926417; 0,03107711160555482; 0,6195936966687441; 0,25574323534965515; 0,6914026313461363; 0,07791911158710718; 0,3811991815455258; 0,8845261824317276
0,020748327398050003; 0,6791231790557504; 0,16650847205892205; 0,975793993100524; 0,6002715630456805; 0,9224803429096937; 0,7726429984904826; 0,31845743767917156; 0,573284424841404; 0,2594569572247565; 0,8487765421159565
0,021486657204051518; 0,7295562545768917; 0,24473803536966443; 0,1366551388055086; 0,6893859836272895; 0,16678235586732626; 0,17635513050481677; 0,8184252320788801; 0,7397320680320263; 0,02994646690785885; 0,029023877810686827
0,02149819024478152; 0,9555430831387639; 0,691910267341882; 0,8839485747739673; 0,5802795477211475; 0,577415625564754; 0,16811810713261366; 0,6028320537880063; 0,40126825775951147; 0,47025386337190866; 0,11426447611302137
0,018970294318513072; 0,1193266143091023; 0,7060365625657141; 0,8506679809652269; 0,7808443633839488; 0,7210310217924416; 0,9808056550100446; 0,03177056089043617; 0,8925709170289338; 0,961184159386903; 0,7419312223792076
0,02077939849233303; 0,6454077251255512; 0,7398407724685967; 0,7903344421647489; 0,061938924714922905; 0,3751576174981892; 0,9268070282414556; 0,7406903393566608; 0,41511739045381546; 0,34714903263375163; 0,6782969515770674
0,022974118814765358; 0,9937301566824317; 0,7400274691171944; 0,07446443289518356; 0,5968677336350083; 0,3113416712731123; 0,3766656434163451; 0,9497357700020075; 0,037122121546417475; 0,9000247279182076; 0,9308315878733993
0,019986865550648127; 0,0762685458175838; 0,11193063482642174; 0,7314925501123071; 0,013254845980554819; 0,13447800185531378; 0,015847845934331417; 0,6490786969661713; 0,5046971933916211; 0,7935560513287783; 0,7287257858552039
0,021412801572883212; 0,3027029777877033; 0,3242044560611248; 0,6710802973248065; 0,4950853055343032; 0,8668682547286153; 0,46191065944731236; 0,5130672487430274; 0,07514455541968346; 0,5890718288719654; 0,12228333344683051
0,022860179336901716; 0,3684939183294773; 0,6640152051113546; 0,33018094301223755; 0,14484695764258504; 0,8408669899217784; 0,6006629257462919; 0,9757506330497563; 0,47600206919014454; 0,7116650533862412; 0,027438821736723185
0,023016261939053217; 0,6610462111420929; 0,044657988473773; 0,7537988852709532; 0,9650952680967748; 0,5538485618308187; 0,9511190950870514; 0,9539613351225853; 0,5021431692875922; 0,2681740620173514; 0,326547903008759
0,021215634340551594; 0,06871297396719456; 0,9506095098331571; 0,5583736323751509; 0,09707995597273111; 0,6895542428828776; 0,608875332865864; 0,5965095330029726; 0,3183107450604439; 0,830019892193377; 0,7061384841799736
0,020826198181286424; 0,545008460059762; 0,2414484117180109; 0,039043223951011896; 0,591002119705081; 0,19161728490144014; 0,44144322257488966; 0,5503552318550646; 0,27035648096352816; 0,10840990068390965; 0,4756250032223761
0,02002693019080798; 0,8327353028580546; 0,12996226735413074; 0,24064082698896527; 0,3176099145784974; 0,9605199256911874; 0,9882986852899194; 0,07974312920123339; 0,19561319751664996; 0,8875411958433688; 0,09333585109561682
0,019457670800161236; 0,3265269617550075; 0,990444106515497; 0,6905317553319037; 0,5031531425192952; 0,4125154032371938; 0,9705013958737254; 0,4910047668963671; 0,5378207745961845; 0,20864062383770943; 0,35268541192635894
0,02152860439880396; 0,7109047868289053; 0,28253878373652697; 0,21687555825337768; 0,12647787248715758; 0,47704227128997445; 0,5666721821762621; 0,5577699071727693; 0,6615112465806305; 0,16137407021597028; 0,19592348765581846
0,020749194366042556; 0,9225657833740115; 0,5095532923005521; 0,8323960648849607; 0,652723666280508; 0,13123812386766076; 0,19661217415705323; 0,345398991368711; 0,2196565205231309; 0,8743634060956538; 0,271472146268934
0,021108756462374985; 0,49072533566504717; 0,6181502295657992; 0,9481425299309194; 0,31219750735908747; 0,19664666056632996; 0,3347433991730213; 0,42556033469736576; 0,2631073738448322; 0,7967747286893427; 0,0718084373511374
0,022357019750106153; 0,9506560885347426; 0,41246886132285; 0,406304067466408; 0,4147787634283304; 0,4097646037116647; 0,7377515751868486; 0,7849501562304795; 0,8291987227275968; 0,5598219437524676; 0,8460667594335973
0,021107143665447272; 0,5148335341364145; 0,39691889146342874; 0,4069493990391493; 0,056551806163042784; 0,9233347233384848; 0,4161747545003891; 0,4221014669165015; 0,7022278304211795; 0,640066203661263; 0,6055753906257451
0,020167194092527103; 0,5025832671672106; 0,10708267241716385; 0,3898617308586836; 0,80686693219468; 0,021683222148567438; 0,31482966570183635; 0,3653966854326427; 0,8949301699176431; 0,5379971051588655; 0,11665648221969604
0,021211598112692125; 0,08312904601916671; 0,1301238308660686; 0,4755871961824596; 0,5525119351223111; 0,6546013383194804; 0,9721646518446505; 0,5070549682714045; 0,5267576784826815; 0,7453918512910604; 0,7198745310306549
0,020249513722744417; 0,29542664997279644; 0,0020767338573932648; 0,18536443077027798; 0,8568764785304666; 0,5941702579148114; 0,8441967088729143; 0,34275402687489986; 0,4329454326070845; 0,16742477007210255; 0,09679337497800589
0,02084991521292521; 0,7306121825240552; 0,47275256318971515; 0,6947999852709472; 0,5727625847794116; 0,388348578941077; 0,16151457699015737; 0,41623960016295314; 0,9851806843653321; 0,7815699805505574; 0,1583735360763967
0,020778500788971657; 0,21666052285581827; 0,4235938941128552; 0,010875002946704626; 0,45084357308223844; 0,988551510963589; 0,08097061049193144; 0,3265333902090788; 0,4462507450953126; 0,015345885884016752; 0,7675147769041359
0,021562604341524825; 0,17009824234992266; 0,7022401681169868; 0,8668855424039066; 0,778395963832736; 0,690660419408232; 0,19770968239754438; 0,5561920637264848; 0,4352924609556794; 0,6506351260468364; 0,4844840560108423
0,018516266676033753; 0,9030171609483659; 0,9484193781390786; 0,8293059444986284; 0,5669261035509408; 0,09191238507628441; 0,7188130896538496; 0,026634892914444208; 0,5312427100725472; 0,6791484756395221; 0,20438078325241804
0,022416109470973083; 0,7473694100044668; 0,7694460325874388; 0,5470452131703496; 0,16642836201936007; 0,03215029323473573; 0,12311667855829; 0,794542423915118; 0,22037193411961198; 0,9121420821174979; 0,8228372861631215
0,021679022485428738; 0,12596063129603863; 0,2944792020134628; 0,6962522999383509; 0,2962468843907118; 0,6117298039607704; 0,7550872708670795; 0,6234091171063483; 0,3870202573016286; 0,17333693662658334; 0,5255298670381308
0,020340960596057778; 0,6439152541570365; 0,3444037293083966; 0,5424617459066212; 0,27185995876789093; 0,36078986059874296; 0,3233452965505421; 0,18475052993744612; 0,6864036154001951; 0,0921382294036448; 0,44621683517470956
0,019970034646063926; 0,013640544842928648; 0,42783560883253813; 0,7822628412395716; 0,3786749276332557; 0,5505842147395015; 0,8329839995130897; 0,06106646778061986; 0,9103509816341102; 0,9896512674167752; 0,8545357775874436
0,0231439992348875; 0,7698606112971902; 0,2951380521990359; 0,4752881429158151; 0,7088646874763072; 0,861972757615149; 0,9034427739679813; 0,9848711127415299; 0,5354488445445895; 0,022664186544716358; 0,6370646567083895
0,022285873803853874; 0,3548130984418094; 0,2956726560369134; 0,14301576977595687; 0,2022513011470437; 0,7573036374524236; 0,011928297113627195; 0,7622572532854974; 0,7697415151633322; 0,9446117114275694; 0,622767826076597
0,021037872209812257; 0,27641349053010345; 0,9232258317060769; 0,5487985503859818; 0,49346775095909834; 0,1309960875660181; 0,038109286688268185; 0,4599166978150606; 0,5828855009749532; 0,9509940925054252; 0,9631040678359568
0,022517413329798133; 0,4155869917012751; 0,2524618115276098; 0,06760842585936189; 0,5380486147478223; 0,9919225201010704; 0,7137332004494965; 0,8196955001913011; 0,7046101512387395; 0,2385901198722422; 0,19697415130212903
0,02126545808551985; 0,3684935551136732; 0,8757255342788994; 0,4854835495352745; 0,15768814040347934; 0,8565449328161776; 0,2796466564759612; 0,4993301276117563; 0,6510692019946873; 0,2822155640460551; 0,7235654694959521
0,022369594844804386; 0,40227933088317513; 0,6341520654968917; 0,06593975611031055; 0,45334168104454875; 0,8025651504285634; 0,8141850139945745; 0,7967657707631588; 0,8062911634333432; 0,6413695709779859; 0,025687345769256353
0,021605363919741175; 0,042438913602381945; 0,55461022304371; 0,6824776832945645; 0,1959465853869915; 0,8208402059972286; 0,5351385045796633; 0,5685466597788036; 0,9361878670752048; 0,16365835070610046; 0,3431298960931599
0,020787390108539867; 0,6429498307406902; 0,10396481677889824; 0,11867006868124008; 0,9520312850363553; 0,5845933612436056; 0,39566179644316435; 0,45103791635483503; 0,2633414347656071; 0,9069780404679477; 0,8629635199904442
0,020097796668395007; 0,09208662249147892; 0,024049561470746994; 0,570827859453857; 0,09039838705211878; 0,5932577373459935; 0,8137950231321156; 0,3002234105952084; 0,4726705336943269; 0,07172844838351011; 0,39272336894646287
0,02164605794818938; 0,950402868911624; 0,5519727603532374; 0,4716118322685361; 0,3173366552218795; 0,8095563556998968; 0,20015274034813046; 0,5871415799483657; 0,12512316182255745; 0,0885974382981658; 0,8004116076044738
0,02077266077922566; 0,17579560866579413; 0,3046091506257653; 0,16263549495488405; 0,8574865590780973; 0,9381295102648437; 0,42048192443326116; 0,3199782017618418; 0,6659782864153385; 0,06991073489189148; 0,36986598605290055
0,021732066296455178; 0,37108828872442245; 0,09632415371015668; 0,14522755797952414; 0,03095608437433839; 0,6467879307456315; 0,9765531346201897; 0,6935140192508698; 0,8276970214210451; 0,9118047012016177; 0,920024857390672
0,022518712208091686; 0,04285037890076637; 0,7745668129064143; 0,31220039492473006; 0,5636370121501386; 0,3536533862352371; 0,7978592794388533; 0,8766242512501776; 0,14837123127654195; 0,21621851855888963; 0,9994061049073935
0,02135342866937307; 0,2991304793395102; 0,7102257725782692; 0,3229175233282149; 0,39801398338750005; 0,7153398999944329; 0,5355139430612326; 0,5564410593360662; 0,7896463968791068; 0,47494469908997416; 0,29383613634854555
0,020961301002493445; 0,324429914355278; 0,667769409250468; 0,48631528159603477; 0,9376319134607911; 0,7990564224310219; 0,9384383042342961; 0,45512984553352; 0,7503629648126662; 0,48272185679525137; 0,37603985564783216
0,0198930245390902; 0,06135778920724988; 0,43970912834629416; 0,592335969209671; 0,8419375796802342; 0,4442980596795678; 0,5308202062733471; 0,040673638228327036; 0,5809929175302386; 0,03417754778638482; 0,5642004930414259
0,021146184942314607; 0,843559215310961; 0,6157064982689917; 0,4188184919767082; 0,5048751537688076; 0,8026339188218117; 0,6525103012099862; 0,4391123750247061; 0,042236911598593; 0,05069436738267541; 0,989545660559088
0,021906856896242142; 0,7553582899272442; 0,2941278535872698; 0,5785814011469483; 0,9953450188040733; 0,7768601253628731; 0,8204822395928204; 0,6568084019236267; 0,1291655832901597; 0,8916781935840845; 0,4305860949680209
0,02194464575337309; 0,8840619130060077; 0,2697871243581176; 0,5379143697209656; 0,1920217745937407; 0,3597649191506207; 0,6207974385470152; 0,6932877688668668; 0,7640209356322885; 0,3259440902620554; 0,6631168075837195
0,019987781026466627; 0,7603664421476424; 0,7120235473848879; 0,42380584217607975; 0,8326739724725485; 0,17756191035732627; 0,6361452373676002; 0,22823498910292983; 0,746987416408956; 0,21220236225053668; 0,2799273729324341
0,022069180555125207; 0,0637188795953989; 0,4788685543462634; 0,8525761784985662; 0,8416461157612503; 0,7201825100928545; 0,476564999204129; 0,7031097309663892; 0,8324301489628851; 0,5082520768046379; 0,969372277148068
0,0217727960943937; 0,7360329986549914; 0,7199984807521105; 0,860813151113689; 0,3848950774408877; 0,7323155049234629; 0,5490476852282882; 0,6406105160713196; 0,513805631082505; 0,940335351973772; 0,06184186600148678
0,02206534634232016; 0,3284953641705215; 0,5681965104304254; 0,6815206836909056; 0,031115423887968063; 0,5676888423040509; 0,6700166487134993; 0,7677710726857185; 0,47931797383353114; 0,29155078576877713; 0,8127353028394282
0,019227385500760173; 0,4415789390914142; 0,6827473537996411; 0,9870247570797801; 0,33722407184541225; 0,48824073653668165; 0,589378722012043; 0,02688233321532607; 0,9522962500341237; 0,3921007472090423; 0,9967468241229653
0,019981032374822186; 0,9681142503395677; 0,28854765044525266; 0,15784229710698128; 0,5021667154505849; 0,7722437353804708; 0,4952147793956101; 0,08236944675445557; 0,9826508481055498; 0,6891319411806762; 0,9874856928363442
0,022660601093863718; 0,34438606863841414; 0,8521942333318293; 0,23924535932019353; 0,6237922636792064; 0,5467476290650666; 0,1034257635474205; 0,8710007374174893; 0,7797275427728891; 0,939054116141051; 0,23129861382767558
0,01962351189797197; 0,17142247315496206; 0,05302981659770012; 0,8277280675247312; 0,35275198239833117; 0,38733029877766967; 0,9601088832132518; 0,03596219001337886; 0,23799563385546207; 0,11825961014255881; 0,654897425789386
0,022493395376708584; 0,03404913283884525; 0,3683770070783794; 0,44628823595121503; 0,9369113584980369; 0,3606010894291103; 0,42395951179787517; 0,8815286825411022; 0,7664788723923266; 0,10711514391005039; 0,1998500912450254
0,02049201434998296; 0,5540318749845028; 0,9617542894557118; 0,7000327701680362; 0,7906069117598236; 0,9329539150930941; 0,7051108968444169; 0,6734834359958768; 0,309948455542326; 0,06778694689273834; 0,7043957142159343
0,02249174844925765; 0,32650145003572106; 0,8555585332214832; 0,09569150488823652; 0,21573365665972233; 0,7875100886449218; 0,24012844916433096; 0,8596174200065434; 0,21974763832986355; 0,13608222780749202; 0,8405235721729696
0,020573323419450125; 0,45937077375128865; 0,276972783729434; 0,8433542964048684; 0,3909582467749715; 0,8580048098228872; 0,6317611471749842; 0,2742292727343738; 0,5521736131049693; 0,4051368427462876; 0,12397166108712554
0,02182544120546706; 0,7784979967400432; 0,5731787048280239; 0,30349048413336277; 0,7155271549709141; 0,1751304599456489; 0,3811802086420357; 0,6310766423121095; 0,43845471320673823; 0,9634046438150108; 0,24524731887504458
0,020162690947393182; 0,9316384117119014; 0,4191696415655315; 0,5680350600741804; 0,9174963538534939; 0,9779141047038138; 0,8928848942741752; 0,12812931975349784; 0,7640799744985998; 0,9897114844061434; 0,724002820905298
0,021049023190133864; 0,9432265157811344; 0,8986448403447866; 0,967199707403779; 0,5557777066715062; 0,7702174889855087; 0,3090676227584481; 0,4162984434515238; 0,8748334334231913; 0,48709500627592206; 0,7945565502159297
0,020277825836449128; 0,20414796890690923; 0,26334712747484446; 0,6724766921252012; 0,1511628096923232; 0,04506222950294614; 0,11438676714897156; 0,545128598343581; 0,2239635083824396; 0,4806017209775746; 0,14651861414313316
0,02279110869506064; 0,7638174598105252; 0,33656753366813064; 0,41272698109969497; 0,3630024967715144; 0,8271460402756929; 0,811942067462951; 0,8928982592187822; 0,8342596855945885; 0,9716571639291942; 0,9259456703439355
0,02212123669189879; 0,6798545476049185; 0,9200835339725018; 0,8985651228576899; 0,36153564089909196; 0,6441973857581615; 0,10202556941658258; 0,7435840633697808; 0,5592380748130381; 0,47951753064990044; 0,5781121896579862
0,022562866687953154; 0,941242519300431; 0,18674415396526456; 0,3484165598638356; 0,19892539642751217; 0,4078850890509784; 0,20411994075402617; 0,8875789637677372; 0,7136628492735326; 0,5260219550691545; 0,732286985963583
0,021294009815173074; 0,6076865079812706; 0,7260687239468098; 0,45418059499934316; 0,4666706998832524; 0,4034670079126954; 0,13593216193839908; 0,4989585969597101; 0,7104479274712503; 0,6184807689860463; 0,8681662087328732
0,020978094632075093; 0,49748262064531446; 0,20551857445389032; 0,05462294863536954; 0,8213587128557265; 0,4592885794118047; 0,6491916473023593; 0,4538783091120422; 0,5079241176135838; 0,4063091930001974; 0,2714254246093333
0,022808905904994355; 0,7275508688762784; 0,00967715634033084; 0,45712624676525593; 0,8155755028128624; 0,42586529487743974; 0,742943515535444; 0,9833534732460976; 0,404711140319705; 0,15551644982770085; 0,0842683925293386
0,02026073047433265; 0,028585558757185936; 0,7237118585035205; 0,8778516897000372; 0,37599234795197845; 0,9240250224247575; 0,4849930158816278; 0,29587732488289475; 0,139910448808223; 0,6598719977773726; 0,5702108554542065
0,02320975321940364; 0,1839443165808916; 0,5203213696368039; 0,2769281044602394; 0,11699581751599908; 0,522234951145947; 0,6244151573628187; 0,9972006902098656; 0,47554440470412374; 0,45905953645706177; 0,15356529550626874
0,01964508638715758; 0,6131678898818791; 0,058346888050436974; 0,3606254104524851; 0,9837631504051387; 0,6363250026479363; 0,8239026707597077; 0,0038168178871273994; 0,2709953938610852; 0,8426910038106143; 0,36941294418647885
0,021001964591558876; 0,561137558426708; 0,2104758219793439; 0,21337398840114474; 0,8988068490289152; 0,3660388523712754; 0,39306057058274746; 0,6860387120395899; 0,5321440692059696; 0,440207333303988; 0,907323052175343
0,020058815176636977; 0,2796216639690101; 0,10272999946027994; 0,8766184384003282; 0,22802822617813945; 0,8371704639866948; 0,6580984424799681; 0,0943133463151753; 0,132942249532789; 0,4468662920407951; 0,07178290747106075
0,02097065715538761; 0,17237827461212873; 0,29017263231799006; 0,09307350497692823; 0,028467145282775164; 0,1782050458714366; 0,13228049129247665; 0,6673344289883971; 0,875730870757252; 0,23312543565407395; 0,9517965903505683
0,022187525388339284; 0,9181191828101873; 0,45933267241343856; 0,2487472454085946; 0,5399016356095672; 0,18072723411023617; 0,9278931627050042; 0,7393348342739046; 0,5067883646115661; 0,5621533878147602; 0,1899106130003929
0,021315587980669345; 0,6413024645298719; 0,7655164375901222; 0,02567468723282218; 0,8478260370902717; 0,120355483610183; 0,10605725087225437; 0,5382139324210584; 0,03624042868614197; 0,41804512357339263; 0,26768973795697093
0,022651089012685876; 0,5610194304026663; 0,7481202678754926; 0,9913371955044568; 0,5105816321447492; 0,9788015782833099; 0,38655208982527256; 0,8659775038249791; 0,9570020199753344; 0,6052212845534086; 0,3176233093254268
0,020978329038408926; 0,032139239367097616; 0,05244354484602809; 0,9107412812300026; 0,7746602282859385; 0,11144651100039482; 0,46491483179852366; 0,6767710805870593; 0,9154113065451384; 0,7848613262176514; 0,6093471818603575
0,020605046300502944; 0,19094303995370865; 0,10048425942659378; 0,7093556956388056; 0,8726602937094867; 0,8852511546574533; 0,19245266588404775; 0,27353131119161844; 0,6791267544031143; 0,6946719465777278; 0,6410052492283285
0,02192666119899448; 0,8253014022484422; 0,6480760900303721; 0,6448648627847433; 0,7781137763522565; 0,1330473548732698; 0,7676408761180937; 0,8064406136982143; 0,6079577319324017; 0,7649683742783964; 0,1536084027029574
0,021079526030704596; 0,49358379701152444; 0,9864865909330547; 0,5997287887148559; 0,1579519035294652; 0,5453115445561707; 0,14319926034659147; 0,5081052603200078; 0,8413267680443823; 0,5701259700581431; 0,939896556083113
0,02149253485783652; 0,9215231318958104; 0,21021147537976503; 0,23083572182804346; 0,1401608851738274; 0,5551793752238154; 0,2191836885176599; 0,7601505508646369; 0,9296311642974615; 0,3894337094388902; 0,7190896146930754
0,02293915639951228; 0,6964698983356357; 0,741438623983413; 0,31628962606191635; 0,3551383400335908; 0,716833989135921; 0,487696816213429; 0,9351924331858754; 0,899653390981257; 0,262150417547673; 0,9487647735513747
0,020799198085129183; 0,3555931909941137; 0,7525438321754336; 0,3761440170928836; 0,5145190060138702; 0,5961259095929563; 0,4276622268371284; 0,3546972768381238; 0,39210966415703297; 0,12535045435652137; 0,5936079691164196
0,02247992518035926; 0,6544814640656114; 0,7847751118242741; 0,37053399812430143; 0,486440921202302; 0,7306380355730653; 0,2937050648033619; 0,8121359893120825; 0,531429132912308; 0,41849316796287894; 0,6399178919382393
0,018540634704273973; 0,1740746102295816; 0,9751691189594567; 0,5041055637411773; 0,6824886361137033; 0,014415462035685778; 0,8701071087270975; 0,21149257896468043; 0,1449580555781722; 0,6365907951258123; 0,5267882286570966
0,02226266588574289; 0,5739702288992703; 0,4132425398565829; 0,464019687846303; 0,17564505711197853; 0,7627532281912863; 0,9713239693082869; 0,752625236287713; 0,3294663871638477; 0,5335144409909844; 0,2070559849962592
0,021509984077989545; 0,5797763597220182; 0,4983692807145417; 0,33231768803671; 0,42915961192920804; 0,59981101565063; 0,311617458704859; 0,5516802603378892; 0,04439435666427016; 0,9788761627860367; 0,5210635405965149
0,020946780253972182; 0,8684670962393284; 0,24418703839182854; 0,47005537198856473; 0,8741951510310173; 0,6180508332327008; 0,7257211003452539; 0,4264718028716743; 0,9116955124773085; 0,6978199346922338; 0,2980792298913002
0,022729080108130014; 0,2945701233111322; 0,5186488479375839; 0,07977694179862738; 0,1846404210664332; 0,1355592622421682; 0,5882828668691218; 0,8772639757953584; 0,9144696197472513; 0,4109523370862007; 0,20049058459699154
0,021578070847822976; 0,4394052871502936; 0,30925781559199095; 0,5301335910335183; 0,18168458016589284; 0,7207621494308114; 0,6701974039897323; 0,6044287006370723; 0,6329821073450148; 0,02289619669318199; 0,24611942283809185
0,02312490165903824; 0,4815751686692238; 0,5052055749110878; 0,3803080511279404; 0,3246751236729324; 0,4238146501593292; 0,2665106188505888; 0,977245666552335; 0,28039710596203804; 0,8273439207114279; 0,27812696248292923
0,02067819404470929; 0,8542275838553905; 0,8621706771664321; 0,4089833525940776; 0,7108903783373535; 0,10827996022999287; 0,4954730770550668; 0,5567262326367199; 0,8647558325901628; 0,030773102305829525; 0,7593572856858373
0,021615250131271045; 0,3774537271820009; 0,7187992492690682; 0,7269042073749006; 0,3142300872132182; 0,21781753236427903; 0,5886563314124942; 0,6232047695666552; 0,26635992294177413; 0,39374244399368763; 0,3829773482866585
0,01986880728623732; 0,6856343080289662; 0,41893634106963873; 0,42782343085855246; 0,34702880727127194; 0,8555632866919041; 0,29252365324646235; 0,03742974670603871; 0,9049064186401665; 0,0541349733248353; 0,3193584638647735
0,018764450112064898; 0,9923781328834593; 0,15576312551274896; 0,9559547696262598; 0,6833102013915777; 0,19748970121145248; 0,08186450134962797; 0,16769453324377537; 0,9318878217600286; 0,6567757339216769; 0,0858205109834671
