 y; x1; x2; x3; x4; x5; x6; x7; x8; x9; x10
1,3290821501790808; 0,8055098215118051; 0,05400676839053631; 0,7735607055947185; 0,9088534535840154; 0,5385179594159126; 0,1191430389881134; 0,5960526573471725; 0,14632765715941787; 0,30572053231298923; 0,31482446379959583
0,9435785618265489; 0,49365542363375425; 0,9659513747319579; 0,6436083125881851; 0,21669823862612247; 0,28898818604648113; 0,983253519050777; 0,26099696895107627; 0,7191679021343589; 0,1581025063060224; 0,40046987775713205
-0,04816158000880305; 0,6251046322286129; 0,7632951023988426; 0,13187069119885564; 0,4356304774992168; 0,9758139410987496; 0,004497620277106762; 0,2028777850791812; 0,46865946147590876; 0,9733969229273498; 0,8053759569302201
-0,5301468367321116; 0,511415921151638; 0,14149975962936878; 0,3443570793606341; 0,9975434700027108; 0,1110218707472086; 0,94965192489326; 0,5823542531579733; 0,5717691695317626; 0,8128803861327469; 0,7541400813497603
-0,1919477517051177; 0,986309876665473; 0,5820110505446792; 0,5141537291929126; 0,22539045428857207; 0,19789378065615892; 0,325665932148695; 0,17625755118206143; 0,5490495837293565; 0,9649928119033575; 0,32542889518663287
0,20750690640168018; 0,5282709938474; 0,4934302680194378; 0,7764810412190855; 0,9368883143179119; 0,5612597842700779; 0,48284504283219576; 0,5236895396374166; 0,8392805312760174; 0,1730164927430451; 0,5416806982830167
-0,4062839041867045; 0,5336460736580193; 0,5273207211866975; 0,9871521121822298; 0,16984859155490994; 0,2958549279719591; 0,24943933030590415; 0,4458047137595713; 0,5009404490701854; 0,13309439783915877; 0,7778470371849835
1,2814383248897854; 0,7167890844866633; 0,852526958566159; 0,4153918675146997; 0,6656651170924306; 0,9011322502046824; 0,7697044657543302; 0,0916482238098979; 0,9561570398509502; 0,592883235309273; 0,0332489637658
-0,36761942606629117; 0,6728556272573769; 0,42550919903442264; 0,7581722647882998; 0,8224545689299703; 0,4893158827908337; 0,3825307819060981; 0,12149519706144929; 0,6802987447008491; 0,7987511539831758; 0,7532742833718657
0,23699919350046772; 0,052626695949584246; 0,8858834388665855; 0,972861701156944; 0,5508614140562713; 0,27436657901853323; 0,9348619813099504; 0,4862649547867477; 0,8549633915536106; 0,47793575981631875; 0,04917081631720066
-0,11297640052664393; 0,6862546484917402; 0,5130417277105153; 0,21193020697683096; 0,5342273879796267; 0,3345059477724135; 0,3842381532303989; 0,36457413574680686; 0,796938986517489; 0,5335484109818935; 0,004655898083001375
0,5360174635632868; 0,9698032531887293; 0,07862092275172472; 0,15838738530874252; 0,6259325896389782; 0,43989924574270844; 0,37762759160250425; 0,15996144944801927; 0,38069150410592556; 0,9710354469716549; 0,9712769156321883
-0,361738506363954; 0,28213138319551945; 0,5565088707953691; 0,8498462103307247; 0,04752478888258338; 0,5412001330405474; 0,7427311120554805; 0,10599082615226507; 0,26558253774419427; 0,6568522588349879; 0,045494836289435625
0,26806396658889736; 0,004803593270480633; 0,6711640781722963; 0,22516175312921405; 0,12212805543094873; 0,7884698170237243; 0,9118250147439539; 0,9425600492395461; 0,9387101265601814; 0,9446670226752758; 0,44852669443935156
0,5534361479295983; 0,8704949095845222; 0,33364863926544785; 0,03694959823042154; 0,9312930223532021; 0,9672883222810924; 0,9225038918666542; 0,28422184474766254; 0,93282954627648; 0,0945317018777132; 0,7344960882328451
1,3845988681121717; 0,8886949894949794; 0,38518898468464613; 0,8867061836645007; 0,3751176097430289; 0,5604212889447808; 0,190023897215724; 0,16859022062271833; 0,46429372718557715; 0,27620316203683615; 0,36017355788499117
-0,04343787271398637; 0,20175887737423182; 0,6033611786551774; 0,4616206958889961; 0,5362933585420251; 0,5358682088553905; 0,735973013099283; 0,6734231924638152; 0,44480329379439354; 0,548003036994487; 0,4532689987681806
1,4222147925105233; 0,946672479622066; 0,4610123164020479; 0,7066130544990301; 0,545618592761457; 0,6944983834400773; 0,8814540645107627; 0,43916180869564414; 0,5913145686499774; 0,44685472222045064; 0,6478926152922213
-0,33296667535756186; 0,6987866605632007; 0,15317423827946186; 0,49060434801504016; 0,22779872547835112; 0,5797259672544897; 0,002449523191899061; 0,7401757189072669; 0,05755652766674757; 0,8607470109127462; 0,8505368740297854
0,9694384326350405; 0,5220322273671627; 0,4170398670248687; 0,4721358963288367; 0,2738041994161904; 0,863691323902458; 0,6809782842174172; 0,22341759875416756; 0,7458193218335509; 0,7070330400019884; 0,7456105859018862
0,3648981887635531; 0,032426607329398394; 0,7791012534871697; 0,44614557828754187; 0,8076838040724397; 0,6837218259461224; 0,9388024900108576; 0,2163206278346479; 0,8579976451583207; 0,21252215281128883; 0,4239724222570658
0,0462677705086354; 0,36559578170999885; 0,6683800322934985; 0,6353309163823724; 0,5221578208729625; 0,3969784826040268; 0,0992337940260768; 0,574839161708951; 0,4666195143945515; 0,06928260158747435; 0,20287804771214724
1,4050246122875132; 0,8958654720336199; 0,19513387605547905; 0,7683750246651471; 0,5373550020158291; 0,8363920734263957; 0,2700761710293591; 0,1259296564385295; 0,15774764912202954; 0,06281036464497447; 0,288532430306077
-0,04251492536116602; 0,559792656917125; 0,7115290719084442; 0,02039295481517911; 0,649684030096978; 0,3611829178407788; 0,8631575703620911; 0,1084179850295186; 0,18825328396633267; 0,8728968524374068; 0,7374578714370728
1,2498179070255886; 0,6763460957445204; 0,08738126652315259; 0,4731279518455267; 0,583625253289938; 0,07001027511432767; 0,9478025627322495; 0,4862875915132463; 0,6697455341927707; 0,8569949683733284; 0,19407267402857542
1,2166302396742137; 0,6522614974528551; 0,6798986289650202; 0,33494948176667094; 0,06513390177860856; 0,38580854469910264; 0,6395339770242572; 0,05989488074555993; 0,4780565476976335; 0,2272931318730116; 0,3517262968234718
0,4693736864849716; 0,9953669011592865; 0,5411847801879048; 0,8083194186910987; 0,7540756692178547; 0,7355234394781291; 0,4325831732712686; 0,8155350740998983; 0,28331186808645725; 0,6805256204679608; 0,18410078808665276
-0,04463461455153056; 0,7822352284565568; 0,7215183014050126; 0,6325727947987616; 0,5239591817371547; 0,2896324577741325; 0,35108620719984174; 0,4780347007326782; 0,923203750513494; 0,553725500125438; 0,8250516094267368
-0,16421014490213492; 0,6716937464661896; 0,9934394443407655; 0,4559663441032171; 0,07524968916550279; 0,09869681252166629; 0,4613216887228191; 0,8267957232892513; 0,8648506137542427; 0,8968473887071013; 0,3568953676149249
-0,3287789779626288; 0,81034164596349; 0,14532030280679464; 0,4948328612372279; 0,8113692202605307; 0,5819533849135041; 0,17872634157538414; 0,22104604355990887; 0,34531368035823107; 0,10916539095342159; 0,24226670432835817
-0,25661687156136953; 0,7063284860923886; 0,8713003918528557; 0,33760040113702416; 0,2537977290339768; 0,48289153166115284; 0,7830691672861576; 0,9726038831286132; 0,49843021109700203; 0,9519990487024188; 0,5095825758762658
1,1353991644736752; 0,6215766784735024; 0,1593518923036754; 0,41629046155139804; 0,2842395785264671; 0,16625963570550084; 0,3456841791048646; 0,6328390925191343; 0,960747909732163; 0,628044200129807; 0,058686787728220224
0,8121807167424308; 0,6263623018749058; 0,7826258349232376; 0,32826022431254387; 0,41782185854390264; 0,007694317027926445; 0,09738284023478627; 0,0393317942507565; 0,8232938116416335; 0,0661779036745429; 0,4758438812568784
1,4884769465259327; 0,9939956129528582; 0,21649463707581162; 0,684607130009681; 0,31763979978859425; 0,11553931748494506; 0,28960183588787913; 0,9631447494029999; 0,13152708392590284; 0,634200640488416; 0,9528352501802146
0,10333968914569377; 0,5007643448188901; 0,9959123423323035; 0,539342487230897; 0,0642510405741632; 0,007520361337810755; 0,37361437221989036; 0,2788845603354275; 0,7563017327338457; 0,6553167128004134; 0,8148469300940633
-0,37871344369300747; 0,692528638523072; 0,5903237801976502; 0,155711411498487; 0,22333095129579306; 0,7731468547135592; 0,6570375566370785; 0,4167876639403403; 0,20109288161620498; 0,5690034409053624; 0,6416826900094748
0,816040028490872; 0,3585965004749596; 0,7452142457477748; 0,4922071099281311; 0,9385105539113283; 0,8023294117301702; 0,25314167281612754; 0,21070556854829192; 0,8340015620924532; 0,1979430033825338; 0,11099812388420105
-0,3850117348225311; 0,6809019236825407; 0,44947724137455225; 0,13978591281920671; 0,4260530364699662; 0,7469729445874691; 0,2904634182341397; 0,13248623115941882; 0,759377162437886; 0,6909088222309947; 0,14618735248222947
0,750007508965278; 0,31255865609273314; 0,6514622722752392; 0,9273511208593845; 0,6720760869793594; 0,8886825628578663; 0,4572081733494997; 0,6861516595818102; 0,4180094366893172; 0,5546654830686748; 0,6449975185096264
-0,14415628360553445; 0,2158124432899058; 0,2855111234821379; 0,1948945540934801; 0,38230893248692155; 0,679482989013195; 0,3714698264375329; 0,29311315389350057; 0,8622714853845537; 0,8972380217164755; 0,49657879350706935
-0,5407523449118983; 0,4946839865297079; 0,30364962480962276; 0,13386197807267308; 0,6390233067795634; 0,7566854492761195; 0,3213692563585937; 0,3408109028823674; 0,30450389534235; 0,23896234249696136; 0,26994098257273436
0,7496024505578477; 0,912484101485461; 0,22662608185783029; 0,3882773662917316; 0,9384513357654214; 0,8671545018441975; 0,780142224393785; 0,5807307064533234; 0,5910696182399988; 0,6452320157550275; 0,8508756961673498
0,6478728104810864; 0,10398364951834083; 0,056373404804617167; 0,7731768628582358; 0,5453008944168687; 0,3966143233701587; 0,09956624964252114; 0,6698104967363179; 0,902746147941798; 0,7756661297753453; 0,21284415572881699
0,07190754023482412; 0,3474380034022033; 0,4263756722211838; 0,23272257996723056; 0,9203734453767538; 0,24673496326431632; 0,39429414784535766; 0,7593103763647377; 0,7664808775298297; 0,6653326922096312; 0,3045128472149372
0,5049271172527712; 0,6174954115413129; 0,6076884856447577; 0,6602118411101401; 0,251709362026304; 0,4929852862842381; 0,43143516778945923; 0,8588918782770634; 0,10697323363274336; 0,7766048670746386; 0,23851351672783494
-0,03302809680750807; 0,8926180107519031; 0,9185782838612795; 0,31956290919333696; 0,07915237126871943; 0,8978386051021516; 0,19424411421641707; 0,0925228470005095; 0,09865316469222307; 0,23333734879270196; 0,7701407261192799
-0,2731005964583795; 0,6855046739801764; 0,736392114777118; 0,34428848093375564; 0,6345918816514313; 0,8967428491450846; 0,46883237222209573; 0,23128904169425368; 0,23705031303688884; 0,374485045671463; 0,05334211606532335
0,8766101726047031; 0,5980017045512795; 0,8725219694897532; 0,44595483830198646; 0,2543852706439793; 0,42669533332809806; 0,3695298479869962; 0,4895676542073488; 0,7805814268067479; 0,45464741392061114; 0,9002743000164628
0,93502616958661; 0,22072344552725554; 0,37222774466499686; 0,20479025039821863; 0,06328200828284025; 0,13731665583327413; 0,1832682155072689; 0,45228498661890626; 0,9826249554753304; 0,8819838678464293; 0,6017340864054859
-0,2520249584687487; 0,6850710338912904; 0,24226940888911486; 0,5739507358521223; 0,3196323709562421; 0,9711877536028624; 0,9277338609099388; 0,04705525003373623; 0,7791846394538879; 0,7537244157865644; 0,8247412955388427
-0,29115605717208193; 0,5077457241714001; 0,5143028595484793; 0,8851243103854358; 0,12697743950411677; 0,4916159100830555; 0,704772459808737; 0,9167334157973528; 0,7763337390497327; 0,4359791483730078; 0,5220057829283178
0,2340878663396526; 0,0890452079474926; 0,24670492531731725; 0,6976852999068797; 0,15215024072676897; 0,42637259885668755; 0,07078885147348046; 0,49191052885726094; 0,7545375251211226; 0,6029840330593288; 0,4378583524376154
0,10703785546534722; 0,38330455496907234; 0,9081257022917271; 0,6059283372014761; 0,3169541317038238; 0,20157671812921762; 0,04967982554808259; 0,3992732153274119; 0,16168613824993372; 0,809937828220427; 0,49152682069689035
0,6432122565834952; 0,6722065173089504; 0,6538172559812665; 0,6585754994302988; 0,43764545302838087; 0,44070848915725946; 0,8265925035811961; 0,7239236100576818; 0,5161835122853518; 0,3992930157110095; 0,4108162708580494
0,42850241315620696; 0,28587863128632307; 0,9081012145616114; 0,3102807644754648; 0,49017751682549715; 0,30805855989456177; 0,4261254300363362; 0,3367992280982435; 0,7848506760783494; 0,3826709766872227; 0,7237900719046593
-0,7239704615329894; 0,17255803337320685; 0,728922775015235; 0,43538162112236023; 0,5220862179994583; 0,8119300231337547; 0,6263617379590869; 0,4012170163914561; 0,8482280024327338; 0,7648634635843337; 0,6643043458461761
-0,1867338606185553; 0,48502099607139826; 0,555642590392381; 0,23827670700848103; 0,9137047561816871; 0,7748488932847977; 0,7408180716447532; 0,48447830975055695; 0,8132884614169598; 0,9558152575045824; 0,47900017350912094
0,38382465329545; 0,19129989808425307; 0,4917964758351445; 0,04041618434712291; 0,5597059661522508; 0,46662336867302656; 0,2192446980625391; 0,9650790328159928; 0,24439630704000592; 0,9228284200653434; 0,8416777085512877
-0,2824170971293908; 0,35400709323585033; 0,8848468284122646; 0,9862226340919733; 0,9201968270353973; 0,6904720701277256; 0,4731028648093343; 0,3003209624439478; 0,2116583394818008; 0,568169011734426; 0,011145234573632479
-0,0904324624854198; 0,25324364844709635; 0,05604866798967123; 0,012055459432303905; 0,8254070929251611; 0,21444938518106937; 0,9447636744007468; 0,2615047381259501; 0,9962294925935566; 0,975897210650146; 0,9075935264118016
-0,4046794898299079; 0,14329546550288796; 0,6140890698879957; 0,7794191287830472; 0,9359928579069674; 0,7010696828365326; 0,5349249928258359; 0,062131557147949934; 0,037816927302628756; 0,44436879316344857; 0,4999685762450099
-0,10946169008186277; 0,30858457600697875; 0,2103954115882516; 0,33312149019911885; 0,7682582600973547; 0,44077608408406377; 0,6487876521423459; 0,7837960436008871; 0,4071709490381181; 0,6785162836313248; 0,7348782531917095
0,38357614006314866; 0,26422869227826595; 0,7842610292136669; 0,9909698269329965; 0,2810449101962149; 0,15564636513590813; 0,7709159958176315; 0,722663689404726; 0,4193152794614434; 0,5620383727364242; 0,6119597731158137
0,019380645951223602; 0,15218049008399248; 0,5546850673854351; 0,060135926585644484; 0,8445066683925688; 0,3288566963747144; 0,14884806936606765; 0,0032236562110483646; 0,33203142415732145; 0,49845569068565965; 0,5593379936181009
-0,38536632353488115; 0,0835977103561163; 0,25447082379832864; 0,9072514506988227; 0,8800473599694669; 0,7550447131507099; 0,6522131417877972; 0,26318122493103147; 0,9566502249799669; 0,3822325896471739; 0,4871484711766243
-0,23364818408819782; 0,7522846003994346; 0,04891651449725032; 0,6368385534733534; 0,4432603404857218; 0,11048371717333794; 0,24500864278525114; 0,6364300758577883; 0,12198213813826442; 0,2788402624428272; 0,7429823172278702
-0,3483896995116925; 0,45980346435680985; 0,7285780520178378; 0,9264418948441744; 0,9520179163664579; 0,166663630399853; 0,6916281846351922; 0,026561949402093887; 0,30716656194999814; 0,21406448120251298; 0,9467262462712824
1,1780919901304512; 0,5778204877860844; 0,8073331699706614; 0,622077560517937; 0,536109312903136; 0,4823137894272804; 0,8726795627735555; 0,26354905031621456; 0,22507936041802168; 0,5158565910533071; 0,3941180515103042
-0,31491514167862367; 0,5974918212741613; 0,33905708184465766; 0,66927640279755; 0,9128364082425833; 0,8501204280182719; 0,9290661583654583; 0,9143387898802757; 0,49618153972551227; 0,6778335673734546; 0,9774595322087407
0,0185364103159521; 0,5059969741851091; 0,8158421120606363; 0,2881676256656647; 0,3930424088612199; 0,6756978170014918; 0,6448351899161935; 0,7788345953449607; 0,31254893355071545; 0,1591948033310473; 0,07304919045418501
0,40935201862835774; 0,8465869543142617; 0,5637897942215204; 0,7435238705947995; 0,2138210777193308; 0,13066821917891502; 0,08268679305911064; 0,0892803194001317; 0,7788965841755271; 0,4899225737899542; 0,24881662102416158
-0,23127685144181875; 0,9423601781018078; 0,09991422202438116; 0,22411184152588248; 0,5813084980472922; 0,5655684731900692; 0,09007740346714854; 0,8347835233435035; 0,7710708798840642; 0,11606484279036522; 0,4426994565874338
-0,5330004978653878; 0,02508726716041565; 0,8979364479891956; 0,29150438867509365; 0,6098779821768403; 0,9799558962695301; 0,8996615116484463; 0,6756899114698172; 0,21466573793441057; 0,2470419122837484; 0,34652422461658716
-0,6142842150468013; 0,1452599484473467; 0,6948919100686908; 0,4962201127782464; 0,5359709146432579; 0,82540612667799; 0,2510755159892142; 0,48906447319313884; 0,36807842273265123; 0,883992359507829; 0,5687526194378734
-0,4313715626912478; 0,46849649120122194; 0,9775646249763668; 0,4455877593718469; 0,17956855800002813; 0,12910716701298952; 0,8432229436002672; 0,20504135638475418; 0,8468359722755849; 0,5697300583124161; 0,678031312301755
-0,565685339919921; 0,45921634417027235; 0,9891973407939076; 0,6331878467462957; 0,5784248095005751; 0,5939763719215989; 0,5210604798048735; 0,8859932110644877; 0,9175600251182914; 0,02213096246123314; 0,631515652872622
0,37517878638295243; 0,7519835475832224; 0,011999134439975023; 0,33228935999795794; 0,677099070046097; 0,3864061920903623; 0,9469210263341665; 0,1327083446085453; 0,24356421642005444; 0,006567008793354034; 0,723311850335449
-0,6361758777426002; 0,3178702141158283; 0,7466079937294126; 0,8007266037166119; 0,13478125957772136; 0,5545952990651131; 0,24594557844102383; 0,06830043252557516; 0,2300684475339949; 0,47643128084018826; 0,9604094731621444
0,7934429250797307; 0,02066017920151353; 0,06482776906341314; 0,8226505876518786; 0,8025475707836449; 0,5256805256940424; 0,32308110408484936; 0,2886331300251186; 0,10469011962413788; 0,04569596331566572; 0,9510072288103402
-0,2549224930457572; 0,645067613106221; 0,8450431940145791; 0,2797915297560394; 0,11380380671471357; 0,6270806975662708; 0,8696792800910771; 0,6018177871592343; 0,5889614266343415; 0,4543233676813543; 0,6923838071525097
0,3321478810796492; 0,6819957010447979; 0,03757305722683668; 0,03752133250236511; 0,7262961608357728; 0,672926387283951; 0,3407338624820113; 0,5332454452291131; 0,2694911127910018; 0,8048114436678588; 0,2894748165272176
-0,2851954697031087; 0,8328757374547422; 0,47877249913290143; 0,9606518112123013; 0,4034497137181461; 0,03445102833211422; 0,9533701622858644; 0,41926882043480873; 0,30831978050991893; 0,7889953260309994; 0,734711179509759
-0,4680072826308863; 0,49654230661690235; 0,2522203694097698; 0,33482653042301536; 0,3512595184147358; 0,7979924231767654; 0,00013709906488656998; 0,9291364033706486; 0,8287593079730868; 0,3134614867158234; 0,08815365564078093
-0,7329033461194343; 0,14222949324175715; 0,7357076103799045; 0,0853399308398366; 0,5437315995804965; 0,8984799161553383; 0,8827001289464533; 0,19629880925640464; 0,2129884804598987; 0,7784666437655687; 0,884768495336175
1,3631996401652766; 0,835630620829761; 0,8130748248659074; 0,3530210955068469; 0,7255523945204914; 0,19835721841081977; 0,8056782674975693; 0,4101680666208267; 0,24418845074251294; 0,1875775409862399; 0,9726313799619675
0,5709090801284376; 0,5923398341983557; 0,6878055324777961; 0,6589187025092542; 0,6354450536891818; 0,1608723821118474; 0,21882757730782032; 0,90379728237167; 0,12893890449777246; 0,49620354175567627; 0,43650443758815527
0,7265314449332584; 0,448929809499532; 0,26077181613072753; 0,01587465312331915; 0,6103331376798451; 0,52848190208897; 0,7902612518519163; 0,29778821393847466; 0,14929792610928416; 0,9574157539755106; 0,29523186292499304
0,4118805627143874; 0,8474876075051725; 0,23519886378198862; 0,0020602475851774216; 0,9121038997545838; 0,5874191778711975; 0,0164500679820776; 0,2368217189796269; 0,16373658692464232; 0,7139659631066024; 0,01108130719512701
-0,6510146609382008; 0,23634679894894361; 0,25475697917863727; 0,7724274913780391; 0,4651366947218776; 0,2633847133256495; 0,7407688926905394; 0,586973543278873; 0,46936230221763253; 0,3207825110293925; 0,9615115090273321
-0,4096013818872723; 0,4990278431214392; 0,28058977983891964; 0,8868081429973245; 0,22278966289013624; 0,27334878547117114; 0,6526862387545407; 0,41406863136217; 0,08798879664391279; 0,5100720291957259; 0,5899467873387039
1,476088329076694; 0,9974585785530508; 0,857463653665036; 0,9709532237611711; 0,34843349317088723; 0,4250383134931326; 0,6343523939140141; 0,845956998411566; 0,08624140080064535; 0,0027916599065065384; 0,5158397271297872
0,25033260457822826; 0,8470685328356922; 0,31285173865035176; 0,9051003335043788; 0,07754538161680102; 0,0070428140461444855; 0,9115494056604803; 0,6663092016242445; 0,41244681738317013; 0,020517689175903797; 0,2158628194592893
-0,7801849339950877; 0,015773453749716282; 0,8659074082970619; 0,8623261833563447; 0,9918767143972218; 0,7050605043768883; 0,03397395182400942; 0,8706251191906631; 0,49470753222703934; 0,23575480561703444; 0,6302336878143251
-0,5065974269740499; 0,4577407264150679; 0,13631884194910526; 0,7977745356038213; 0,8537468784488738; 0,8647445286624134; 0,8159754402004182; 0,7944189785048366; 0,4113457859493792; 0,2934207674115896; 0,5197925996035337
0,9734973111633429; 0,7155048688873649; 0,6944678663276136; 0,08810696564614773; 0,10386628285050392; 0,9679849920794368; 0,011147813405841589; 0,39208378829061985; 0,7841264922171831; 0,3125305431894958; 0,5259551731869578
0,20945387458723247; 0,12378847086802125; 0,19624288892373443; 0,45113647310063243; 0,8223328259773552; 0,2827269434928894; 0,6143091362901032; 0,010997618082910776; 0,9516442837193608; 0,7418227223679423; 0,23346575675532222
0,6551553987066676; 0,7362151481211185; 0,7199674840085208; 0,2679852549917996; 0,36348249902948737; 0,1476096692495048; 0,883051048964262; 0,45094193797558546; 0,27652634773403406; 0,18581736739724874; 0,6877520075067878
-0,5422064232176872; 0,273042275570333; 0,3175625526346266; 0,9517950350418687; 0,7795965704135597; 0,6983858477324247; 0,7409913828596473; 0,03557412885129452; 0,3279135301709175; 0,6663091657683253; 0,6052269707433879
0,3204277734503477; 0,2858826951123774; 0,5439189434982836; 0,7244928730651736; 0,6393938683904707; 0,587537560146302; 0,9336458025500178; 0,5856320252642035; 0,29720773035660386; 0,6105027147568762; 0,41389013221487403
-0,23567818355541498; 0,6328544612042606; 0,2520648487843573; 0,5747467963956296; 0,3739524409174919; 0,9099408178590238; 0,5727526433765888; 0,08159876195713878; 0,562907109502703; 0,9629145483486354; 0,6060340525582433
-0,054215345595327646; 0,5724985911510885; 0,8423139457590878; 0,17310641892254353; 0,6236476213671267; 0,4644252574071288; 0,6817316375672817; 0,030807381961494684; 0,6370545444078743; 0,9422315056435764; 0,44344042940065265
-0,4279854487929209; 0,38097178051248193; 0,44750951416790485; 0,19658929156139493; 0,40997214056551456; 0,19825973361730576; 0,24459518725052476; 0,5665499656461179; 0,40021494030952454; 0,366173030808568; 0,5493618506006896
-0,5830366388178231; 0,34046748420223594; 0,5722221503965557; 0,13795930799096823; 0,7255183798260987; 0,6622234550304711; 0,8230888568796217; 0,47713455092161894; 0,1188888382166624; 0,5496500390581787; 0,9409374482929707
0,40371682418239396; 0,6308390935882926; 0,7716323481872678; 0,9021812616847456; 0,11267782328650355; 0,28392405854538083; 0,7508865483105183; 0,548041483387351; 0,323886810336262; 0,3888901942409575; 0,4508390394039452
0,5099495746751711; 0,6146744163706899; 0,6221550577320158; 0,5573192215524614; 0,6781580108217895; 0,9215724030509591; 0,3455314743332565; 0,706823832821101; 0,7734592771157622; 0,30172400595620275; 0,6980917998589575
0,8375669429961512; 0,5825667516328394; 0,3457935038022697; 0,9818995492532849; 0,9758185222744942; 0,45947527373209596; 0,008550557307898998; 0,09128197887912393; 0,5893594953231514; 0,8883660887368023; 0,38353080209344625
0,04427542652871441; 0,5297848996706307; 0,0779879679903388; 0,6818546438589692; 0,7036642790772021; 0,8011689647100866; 0,3999389102682471; 0,7188694593496621; 0,09068269608542323; 0,0642088851891458; 0,3957987208850682
0,6151633162413659; 0,8845805223099887; 0,262644206173718; 0,17502390826120973; 0,8160046823322773; 0,6761643057689071; 0,045763115398585796; 0,33117939438670874; 0,6587922186590731; 0,7970977518707514; 0,49228639993816614
0,11258246258071003; 0,42080792505294085; 0,9662196082063019; 0,309160890057683; 0,010568973142653704; 0,7196982726454735; 0,6175944688729942; 0,9726799982599914; 0,3720283228904009; 0,08741975808516145; 0,3610626426525414
1,229492998472712; 0,663713391404599; 0,12351543549448252; 0,0029527265578508377; 0,1612574108876288; 0,7879562233574688; 0,13834787998348475; 0,1863379110582173; 0,27637788746505976; 0,21087252721190453; 0,256928916554898
0,4600028596093412; 0,943358447868377; 0,7006855779327452; 0,3539466210640967; 0,16632337495684624; 0,1460963748395443; 0,5927513777278364; 0,17356268037110567; 0,6490627233870327; 0,7140528047457337; 0,8300524144433439
0,4981299387862159; 0,5531755997799337; 0,42422427935525775; 0,7336948444135487; 0,6135082463733852; 0,9674817104823887; 0,32868683664128184; 0,4558115052059293; 0,6184999225661159; 0,06016929913312197; 0,48683870304375887
-0,4910598269974556; 0,5367122376337647; 0,6525255828164518; 0,5715839234180748; 0,8914436982013285; 0,25878608226776123; 0,732807292137295; 0,6966163795441389; 0,9768388415686786; 0,2807866749353707; 0,2152205049060285
-0,4295670176862715; 0,1828601243905723; 0,2708560088649392; 0,05822944222018123; 0,9903126554563642; 0,6768372468650341; 0,36886836122721434; 0,06334658712148666; 0,7672781762667; 0,2540318504907191; 0,42981460643932223
1,303613522612112; 0,7707490110769868; 0,3875847142189741; 0,39028875855728984; 0,3102868441492319; 0,9567742827348411; 0,3142250278033316; 0,48832693230360746; 0,2695236839354038; 0,7845969256013632; 0,06291225273162127
1,056851205379191; 0,4785219142213464; 0,7609796980395913; 0,8155219024047256; 0,09458242822438478; 0,38090581400319934; 0,8728789300657809; 0,24625493632629514; 0,5742017240263522; 0,9193869158625603; 0,5727905030362308
0,028294293170939122; 0,9736556652933359; 0,6124380920082331; 0,5668872967362404; 0,0667064730077982; 0,8881098991259933; 0,2294302061200142; 0,33978815749287605; 0,8516374551691115; 0,8758715754374862; 0,01914836699143052
-0,4181388747614079; 0,6892712926492095; 0,29983439296483994; 0,391188180539757; 0,3386817527934909; 0,27926597418263555; 0,02118598995730281; 0,27464544028043747; 0,5623157909139991; 0,15591457299888134; 0,25170531356707215
0,9684210882630777; 0,497328023891896; 0,4368968727067113; 0,0953136351890862; 0,152901919092983; 0,8733128528110683; 0,44989950954914093; 0,3502650107257068; 0,3522010240703821; 0,06101502012461424; 0,09496808098629117
0,7413769440276324; 0,09116981597617269; 0,010476196184754372; 0,975518278311938; 0,6179602253250778; 0,2459952337667346; 0,28384925657883286; 0,4245937392115593; 0,40495148580521345; 0,5858250702731311; 0,5607120548374951
-0,08678942515441723; 0,45169421983882785; 0,2579963803291321; 0,07680712221190333; 0,79053213307634; 0,6581399221904576; 0,5400013700127602; 0,8311731573194265; 0,113000622484833; 0,41500599263235927; 0,04827113775536418
0,22598148914250488; 0,9039691905491054; 0,5904828389175236; 0,07510002236813307; 0,7707432159222662; 0,467353577259928; 0,6807365301065147; 0,4479079791344702; 0,801514619961381; 0,594229135196656; 0,07101443689316511
0,4755962103030841; 0,19288679445162416; 0,48588573187589645; 0,1217529745772481; 0,4897992005571723; 0,26953842770308256; 0,12512571644037962; 0,4061602526344359; 0,0006120693869888783; 0,2799954195506871; 0,14912910154089332
-0,49713245997933936; 0,568637007381767; 0,8129311525262892; 0,9751756777986884; 0,708462986163795; 0,7041148394346237; 0,5249467981047928; 0,3396210144273937; 0,05204969458281994; 0,743519383482635; 0,18716687988489866
0,11156370514065217; 0,9530992712825537; 0,40330471051856875; 0,38341919984668493; 0,11294690473005176; 0,11169205838814378; 0,5543250693008304; 0,8184527340345085; 0,6155488505028188; 0,2477951026521623; 0,9519054982811213
0,7508440806331109; 0,07478621555492282; 0,16956965252757072; 0,4364710384979844; 0,1127772587351501; 0,15336211258545518; 0,2932728808373213; 0,7524936380796134; 0,16537295188754797; 0,09691627696156502; 0,7987659047357738
-0,7622491322273794; 0,08741812454536557; 0,5731861409731209; 0,9652961315587163; 0,8909566598013043; 0,981149616651237; 0,5448800381273031; 0,5677379830740392; 0,8473148131743073; 0,2798242145217955; 0,151096829213202
-0,5820223669245678; 0,05036135017871857; 0,5952883823774755; 0,7966273645870388; 0,6223809379152954; 0,6924599255435169; 0,054949801415205; 0,7280541118234396; 0,5305682457983494; 0,12260005809366703; 0,5954828420653939
-0,21768755235381304; 0,174513537902385; 0,19120019767433405; 0,2310705939307809; 0,18262039590626955; 0,3925417149439454; 0,7805903516709805; 0,7752857278101146; 0,9071180559694767; 0,3794683846645057; 0,002781666349619627
-0,22245059699500647; 0,06153519591316581; 0,1320135174319148; 0,39869099017232656; 0,8298491379246116; 0,8616330027580261; 0,6259585684165359; 0,25845984974876046; 0,06629728432744741; 0,32398088090121746; 0,015760378912091255
0,2879639218593273; 0,0833442690782249; 0,7603485290892422; 0,0773655935190618; 0,31442766822874546; 0,9567138152197003; 0,023959482088685036; 0,39190738648176193; 0,7741687051020563; 0,4178958283737302; 0,4898344180546701
-0,2959607552242705; 0,7212342955172062; 0,005505578592419624; 0,7027029637247324; 0,8812877968885005; 0,3122061691246927; 0,032255974132567644; 0,5959398755803704; 0,5959370983764529; 0,6981729352846742; 0,7054152181372046
-0,5707456019535533; 0,31587280659005046; 0,6996317533776164; 0,8534008925780654; 0,8684326913207769; 0,3999989121221006; 0,04929510271176696; 0,08263590978458524; 0,27713773492723703; 0,07180715911090374; 0,9172929991036654
-0,31111512034194877; 0,7650161162018776; 0,08597279340028763; 0,04638140928000212; 0,49141244031488895; 0,4954089317470789; 0,4778577093966305; 0,5480177034623921; 0,5984925157390535; 0,495951050426811; 0,6345098484307528
-0,1740926422207495; 0,4722524927929044; 0,33809830248355865; 0,615720443893224; 0,2804754311218858; 0,07489842968061566; 0,1620079637505114; 0,2903288369998336; 0,39585698721930385; 0,07159425225108862; 0,9418052076362073
0,8637041244905491; 0,17763666901737452; 0,9997010729275644; 0,3009626246057451; 0,4261922324076295; 0,5479243979789317; 0,06424751784652472; 0,013624837156385183; 0,7212718916125596; 0,07574556209146976; 0,592302970122546
-0,03689590624451511; 0,4470105557702482; 0,876619781833142; 0,8212936827912927; 0,30141417868435383; 0,26969919772818685; 0,956713626626879; 0,14098074240610003; 0,13645465252920985; 0,24592604115605354; 0,5773149044252932
-0,46008605183148216; 0,04983230587095022; 0,35915041947737336; 0,7988285138271749; 0,03431200701743364; 0,04469672543928027; 0,8518175934441388; 0,08752525970339775; 0,35819530533626676; 0,850430496968329; 0,5283948457799852
1,0650441245950288; 0,8165801241993904; 0,12487683491781354; 0,4089991170912981; 0,7822744087316096; 0,261405763681978; 0,8899090262129903; 0,17176278959959745; 0,9785006255842745; 0,8844429957680404; 0,5324570024386048
0,7909700292808401; 0,40408501122146845; 0,3913226658478379; 0,8131511742249131; 0,12603872967883945; 0,840541202109307; 0,8742502829991281; 0,3555626436136663; 0,3587206141091883; 0,8785450928844512; 0,2827323330566287
-0,5776629808388818; 0,13365216180682182; 0,820204883813858; 0,4495336078107357; 0,19970150152221322; 0,658371742349118; 0,7497791973873973; 0,41065341979265213; 0,6519897757098079; 0,3396649961359799; 0,39469013875350356
0,2589566339288355; 0,034888841677457094; 0,912297687958926; 0,11237425822764635; 0,16682545887306333; 0,3161218981258571; 0,8527969554997981; 0,8860692926682532; 0,38068118318915367; 0,3565953178331256; 0,02517201192677021
-0,5260222501204481; 0,31082304241135716; 0,5496523980982602; 0,5949619142338634; 0,07750702649354935; 0,8020069301128387; 0,9451123019680381; 0,07121232198551297; 0,7393119568005204; 0,9521505902521312; 0,5834617824293673
-0,558336950981533; 0,3140681148506701; 0,9410287360660732; 0,011555226519703865; 0,47584769781678915; 0,12093151547014713; 0,8312088311649859; 0,48760563181713223; 0,5539339040406048; 0,22068353276699781; 0,7377987247891724
-0,6040788132083967; 0,3636897588148713; 0,64763511903584; 0,41312106931582093; 0,8421833626925945; 0,35995081113651395; 0,6377279991284013; 0,8459551618434489; 0,7683937279507518; 0,7071098210290074; 0,030616161413490772
1,0276448034256713; 0,3563491180539131; 0,20507263205945492; 0,6634402209892869; 0,1097802515141666; 0,5396227794699371; 0,26386285200715065; 0,3279545051045716; 0,6028124345466495; 0,20858222572132945; 0,07785103982314467
1,3772646541333344; 0,9001923860050738; 0,9507554885931313; 0,9148111650720239; 0,538589823525399; 0,9686988131143153; 0,1328015811741352; 0,2584348530508578; 0,7593743586912751; 0,8188764839433134; 0,04595425957813859
-0,6954611902580923; 0,061124008148908615; 0,9958202601410449; 0,12714023562148213; 0,2113814540207386; 0,08612611517310143; 0,5974264089018106; 0,8560749343596399; 0,016216679010540247; 0,44039854826405644; 0,4303872440941632
-0,2687706364612715; 0,5321661890484393; 0,7309150509536266; 0,14677978400141; 0,14599994523450732; 0,3024423089809716; 0,12449153140187263; 0,6292038527317345; 0,5246620769612491; 0,6788430539891124; 0,27572848089039326
-0,3163966833202338; 0,48338368348777294; 0,49970628321170807; 0,5919291954487562; 0,3820081437006593; 0,8855658574029803; 0,981495110783726; 0,15733149647712708; 0,07811252865940332; 0,3262808336876333; 0,6962722311727703
1,0628578619816482; 0,6733904909342527; 0,2734510893933475; 0,17501021455973387; 0,4086052323691547; 0,8701500901952386; 0,6195716373622417; 0,8470321199856699; 0,3834058251231909; 0,6774199046194553; 0,8259531971998513
0,5325425609007016; 0,6992211421020329; 0,9038243424147367; 0,0658680871129036; 0,3072897312231362; 0,9896523347124457; 0,07651028921827674; 0,9039107146672904; 0,9903457486070693; 0,8055863371118903; 0,4272933304309845
1,2423813091690257; 0,7436080356128514; 0,4745169277302921; 0,3804624774493277; 0,08092395169660449; 0,25967196421697736; 0,9577795309014618; 0,7341798064298928; 0,08055873494595289; 0,5959347300231457; 0,892879793420434
1,1099918235337185; 0,7809299333021045; 0,15773609327152371; 0,7866543871350586; 0,6977849048562348; 0,17540753167122602; 0,056666755583137274; 0,8410529852844775; 0,4572658520191908; 0,39416913455352187; 0,4017618172802031
0,3331129520613648; 0,7842490905895829; 0,7782589257694781; 0,8820931757800281; 0,2862465833313763; 0,6447213967330754; 0,7382757482118905; 0,857752962037921; 0,6602485431358218; 0,4355145711451769; 0,18307676305994391
1,0468741920882618; 0,35022410517558455; 0,7551924739964306; 0,25674037681892514; 0,6183256944641471; 0,5183505401946604; 0,9018551977351308; 0,4142468422651291; 0,6257568174041808; 0,6890339236706495; 0,6620149523951113
0,6834967527973058; 0,6400358751416206; 0,5549051072448492; 0,10854188492521644; 0,49086744198575616; 0,08291333401575685; 0,9096292308531702; 0,7204858055338264; 0,5547825256362557; 0,3342893086373806; 0,33980337204411626
-0,3326616189012247; 0,3816690184175968; 0,8705891352146864; 0,0794812235981226; 0,6632862375117838; 0,3781349277123809; 0,2825605608522892; 0,6047858339734375; 0,3549358402378857; 0,31838779663667083; 0,7155759381130338
1,12905155050401; 0,7032968876883388; 0,027316155843436718; 0,3506790641695261; 0,5693608578294516; 0,4930824520997703; 0,5380181269720197; 0,8819551654160023; 0,48648637952283025; 0,8366324068047106; 0,5105184996500611
0,9224000511428727; 0,36003604205325246; 0,4471399881877005; 0,7840086007490754; 0,7566614076495171; 0,7775104879401624; 0,04516930691897869; 0,3946403278969228; 0,006491588428616524; 0,5677634640596807; 0,10930053191259503
0,6277964131357635; 0,279542732052505; 0,05086933635175228; 0,3539112200960517; 0,5989517574198544; 0,3746031876653433; 0,49191258661448956; 0,9082950921729207; 0,8391799964010715; 0,6512101544067264; 0,7093454729765654
-0,35063726304605514; 0,4296653177589178; 0,12244334584102035; 0,08321536425501108; 0,11137705249711871; 0,52238445635885; 0,34640156431123614; 0,13001873064786196; 0,14611896267160773; 0,46640640730038285; 0,2532339720055461
0,7925832802774399; 0,15136307710781693; 0,2650376274250448; 0,030084538739174604; 0,8445942783728242; 0,009945109952241182; 0,5539783919230103; 0,09007440460845828; 0,45703086582943797; 0,16092810034751892; 0,16351122502237558
-0,42083754910161664; 0,2747643766924739; 0,8044190108776093; 0,44453937746584415; 0,5277179949916899; 0,4651775322854519; 0,7870085807517171; 0,8204048215411603; 0,5641469196416438; 0,28650528751313686; 0,2891365294344723
0,029683098085170834; 0,6583184357732534; 0,4036671547219157; 0,9249886474572122; 0,5017727031372488; 0,07842450542375445; 0,774655791465193; 0,29489038372412324; 0,415052882861346; 0,8861798699945211; 0,3577866139821708
0,43262784173609303; 0,9929706547409296; 0,5747073381207883; 0,5840451838448644; 0,4445011829957366; 0,08209820790216327; 0,525853986851871; 0,048682411666959524; 0,16884128376841545; 0,11355054983869195; 0,4104753378778696
-0,12452109117091059; 0,8409392754547298; 0,20668143965303898; 0,6419717576354742; 0,41713908733800054; 0,508690785150975; 0,996911768335849; 0,5981035041622818; 0,745966027956456; 0,9412999823689461; 0,6347626522183418
-0,2902724637040984; 0,8180640931241214; 0,8264417750760913; 0,9144451296888292; 0,7120961458422244; 0,010693473741412163; 0,36307037295773625; 0,49734713695943356; 0,5918908319436014; 0,45184117928147316; 0,7456788886338472
0,36721565308514126; 0,3143680486828089; 0,9652115348726511; 0,8533646329306066; 0,2595837595872581; 0,757449091412127; 0,9612525724805892; 0,6166716897860169; 0,49583001155406237; 0,9999718596227467; 0,6739775463938713
-0,18506599722852218; 0,7565099163912237; 0,7967373318970203; 0,7704042182303965; 0,14851531153544784; 0,6998476614244282; 0,8103236658498645; 0,7653058683499694; 0,801441818010062; 0,21587792737409472; 0,4474844569340348
0,28765957332698683; 0,9113889401778579; 0,49510520370677114; 0,33937600534409285; 0,3430795823223889; 0,22514412086457014; 0,7428685976192355; 0,8880257969722152; 0,08576599974185228; 0,20767718087881804; 0,9366843341849744
-0,3299628107753161; 0,6272859149612486; 0,07335618464276195; 0,4577295216731727; 0,8048081076703966; 0,7574242581613362; 0,9093741085380316; 0,9487613728269935; 0,01244276762008667; 0,9621501322835684; 0,47998392302542925
-0,14507312004612366; 0,6008778330869973; 0,8754419372417033; 0,4261928405612707; 0,08713356172665954; 0,08819841500371695; 0,06342317583039403; 0,6692873956635594; 0,8102086842991412; 0,4729737564921379; 0,5502748191356659
1,0363353905595891; 0,5850998694077134; 0,08425851166248322; 0,7936606919392943; 0,6951454258523881; 0,4266070178709924; 0,9669160260818899; 0,3390733343549073; 0,3096717596054077; 0,5756496973335743; 0,35320983873680234
-0,618865393613452; 0,3770764502696693; 0,1035905908793211; 0,40086239529773593; 0,38816488021984696; 0,2592553519643843; 0,49478577449917793; 0,9372956678271294; 0,4767073695547879; 0,8031239560805261; 0,8755170521326363
-0,058434666584187445; 0,6033826349303126; 0,6708359974436462; 0,6694829589687288; 0,2723455191589892; 0,3971156347543001; 0,06697193020954728; 0,6331366347149014; 0,14195736916735768; 0,043565045576542616; 0,19799652742221951
0,26480837458956674; 0,2236573314294219; 0,652397261466831; 0,5848154677078128; 0,849123518448323; 0,9250309253111482; 0,341681616846472; 0,4426786224357784; 0,6589060430414975; 0,19689203798770905; 0,6527315611019731
0,4307390730523533; 0,30356846982613206; 0,5831379587762058; 0,6055195373483002; 0,9654125785455108; 0,05525735253468156; 0,8731611534021795; 0,3697071895003319; 0,5093947830609977; 0,6509139239788055; 0,2623824696056545
0,14921572628417992; 0,206830529961735; 0,5418821219354868; 0,24979293067008257; 0,15324526140466332; 0,5220952811650932; 0,7816049517132342; 0,39120543748140335; 0,6065120534040034; 0,36871098820120096; 0,1723366156220436
-0,14305951321282173; 0,47359037585556507; 0,7509327591396868; 0,5063658985309303; 0,37262689182534814; 0,8087458177469671; 0,898760455660522; 0,43622241960838437; 0,07218046579509974; 0,5714281522668898; 0,8642732361331582
1,1414096064069983; 0,8156556473113596; 0,0632286025211215; 0,7902901875786483; 0,12430152343586087; 0,7257956033572555; 0,8298419467173517; 0,6123086926527321; 0,07544559240341187; 0,7759586372412741; 0,5885205781087279
0,6323255187612353; 0,03488641418516636; 0,5979975801892579; 0,4670627382583916; 0,6665366860106587; 0,8191133346408606; 0,9823054787702858; 0,02915089251473546; 0,7353557525202632; 0,9057790758088231; 0,8685522796586156
0,705131117463517; 0,4176877033896744; 0,8325470620766282; 0,2274101353250444; 0,18729462195187807; 0,1591759016737342; 0,9498638142831624; 0,4569714544340968; 0,8082208735868335; 0,0959046883508563; 0,723470302298665
0,9234131802860517; 0,17570877587422729; 0,8688938217237592; 0,6806448325514793; 0,7415223247371614; 0,29237868869677186; 0,92011803900823; 0,6875390247441828; 0,6856988267973065; 0,18535797530785203; 0,6393225397914648
0,8547833264116702; 0,025294886901974678; 0,9012879743240774; 0,3302703397348523; 0,6365107577294111; 0,4084188989363611; 0,349549591075629; 0,4063461562618613; 0,34460257599130273; 0,25587358279153705; 0,9722114475443959
0,9917417766446671; 0,6360934358090162; 0,2733282125554979; 0,012879522517323494; 0,9240018678829074; 0,9624220877885818; 0,45961717423051596; 0,09013348491862416; 0,6258736248128116; 0,36715727718546987; 0,3854671884328127
-0,26922625981064674; 0,8900193874724209; 0,5373056954704225; 0,1483231708407402; 0,15836147498339415; 0,035396479070186615; 0,9004146815277636; 0,029660771135240793; 0,48979893047362566; 0,03483933350071311; 0,8871500943787396
-0,04682138744367864; 0,35930722998455167; 0,235559634398669; 0,42650779196992517; 0,4221953395754099; 0,9182271636091173; 0,7269742246717215; 0,6672118185088038; 0,3823552285321057; 0,05427648639306426; 0,3762023616582155
-0,10220690713747227; 0,7206886131316423; 0,787821046076715; 0,9254835317842662; 0,9837455912493169; 0,7287240605801344; 0,029316676314920187; 0,5353225069120526; 0,7717867349274457; 0,07248371094465256; 0,11870506266131997
0,46529261295929997; 0,7523967414163053; 0,6047954387031496; 0,9820937677286565; 0,9987643333151937; 0,8420268008485436; 0,8228365583345294; 0,48287486657500267; 0,9866130840964615; 0,3212681980803609; 0,6649065660312772
-0,3381793688362508; 0,23931369464844465; 0,3354248278774321; 0,9503248045220971; 0,8902461547404528; 0,7647851817309856; 0,3926725806668401; 0,8304889788851142; 0,061633887235075235; 0,5438568415120244; 0,8727523065172136
1,2893316601912308; 0,865516419056803; 0,9200917626731098; 0,6893012169748545; 0,0397929884493351; 0,26630545128136873; 0,9610133459791541; 0,9615726838819683; 0,5099803553894162; 0,6338342968374491; 0,44659601245075464
1,2684092231803137; 0,7881230264902115; 0,22721668286249042; 0,5563160935416818; 0,359408225864172; 0,5250392477028072; 0,9172987570054829; 0,19041644921526313; 0,490657995454967; 0,7420088220387697; 0,9680360299535096
0,028777984213150754; 0,2447592387907207; 0,61147575173527; 0,5085479668341577; 0,9851681827567518; 0,5301114330068231; 0,3419676856137812; 0,3325205366127193; 0,21745454287156463; 0,10600235406309366; 0,08267380902543664
-0,6925590609831535; 0,2533164471387863; 0,18291644100099802; 0,13767246948555112; 0,40508271427825093; 0,9263751124963164; 0,3696649596095085; 0,5324401496909559; 0,44928624015301466; 0,6626313612796366; 0,8932357993908226
-0,27223011598259206; 0,011634636204689741; 0,32733481004834175; 0,9198885089717805; 0,3384571154601872; 0,5289322258904576; 0,7075332845561206; 0,6947219548746943; 0,8047303194180131; 0,037060985807329416; 0,7338232202455401
0,208724606488221; 0,7504171556793153; 0,09647853625938296; 0,96289894124493; 0,5763462362810969; 0,5361189497634768; 0,02554680872708559; 0,959539158269763; 0,23653467278927565; 0,30261980136856437; 0,10265354067087173
0,24728251523959222; 0,8043423765338957; 0,6152090323157609; 0,07187837129458785; 0,20316306361928582; 0,7007378861308098; 0,8662809487432241; 0,9822246413677931; 0,865760185290128; 0,44961479119956493; 0,5451810853555799
0,19340777236461337; 0,9066140381619334; 0,1556193996220827; 0,6047367448918521; 0,5885352594777942; 0,7508448245935142; 0,3244799030944705; 0,2887595905922353; 0,5604250002652407; 0,9564803997054696; 0,18350790766999125
-0,26971725560931714; 0,023659706115722656; 0,28179465467110276; 0,3862566528841853; 0,6214838586747646; 0,9292868082411587; 0,7192046688869596; 0,8365702359005809; 0,5191175732761621; 0,2663187445141375; 0,07431500544771552
1,1779005783831942; 0,5588196581229568; 0,17316663032397628; 0,015360996127128601; 0,1357210362330079; 0,8524461537599564; 0,3234193855896592; 0,14363842038437724; 0,9463607552461326; 0,8989576208405197; 0,91016547055915
-0,20569332592999667; 0,903023261576891; 0,19203977100551128; 0,7746024029329419; 0,16584114078432322; 0,6585972127504647; 0,8355797743424773; 0,4443141077645123; 0,9990519806742668; 0,6001514736562967; 0,0377255636267364
1,1667806325174916; 0,5512381549924612; 0,4877018937841058; 0,9718526415526867; 0,6959054670296609; 0,8157545761205256; 0,48785034101456404; 0,871694472618401; 0,3570545711554587; 0,12741070380434394; 0,25794302532449365
0,6753873270345496; 0,6493157781660557; 0,7630489319562912; 0,054239422082901; 0,04105524579063058; 0,3814997645094991; 0,10502470564097166; 0,011910517234355211; 0,1106814593076706; 0,20089703239500523; 0,2449292647652328
0,19058157770041598; 0,34891031170263886; 0,9072433630935848; 0,7093364303000271; 0,09372054040431976; 0,8714811750687659; 0,24399174703285098; 0,2010531686246395; 0,8317775609903038; 0,7577734314836562; 0,31233222875744104
-0,30452897526180994; 0,7372443345375359; 0,07426464650779963; 0,2238823059014976; 0,8722000420093536; 0,5154385268688202; 0,5348476674407721; 0,2023658831603825; 0,6605478734709322; 0,7062334562651813; 0,38574948720633984
-0,35126845709019583; 0,13401659252122045; 0,27493263641372323; 0,6874218913726509; 0,8067701873369515; 0,604877071455121; 0,8244708785787225; 0,6703946273773909; 0,15415038634091616; 0,45395139092579484; 0,13771824119612575
-0,25232219543464723; 0,497449547983706; 0,9200510969385505; 0,18065264774486423; 0,001294249203056097; 0,720240090508014; 0,07028490025550127; 0,7698782691732049; 0,38836077600717545; 0,8379513267427683; 0,21524106618016958
0,9233210347686894; 0,279485204257071; 0,47359355725347996; 0,6900105839595199; 0,33629058208316565; 0,44536302518099546; 0,8819462452083826; 0,45586481038480997; 0,6028791395947337; 0,9462916413322091; 0,17008196515962481
0,23758442213550743; 0,7602857584133744; 0,9201677786186337; 0,09950361587107182; 0,38046049047261477; 0,7017641463316977; 0,8464531875215471; 0,037425583228468895; 0,2749076196923852; 0,7647525896318257; 0,5707084224559367
-0,6448601680360609; 0,2496627178043127; 0,4806097950786352; 0,561060881242156; 0,8260225178673863; 0,6358305304311216; 0,5626981165260077; 0,07158632157370448; 0,44516043504700065; 0,9880127990618348; 0,04217138001695275
0,5559690741147666; 0,5108679621480405; 0,2606433928012848; 0,8031221465207636; 0,6053337594494224; 0,34394856030121446; 0,8400594769045711; 0,8197682308964431; 0,9499706882052124; 0,7581518329679966; 0,3931342577561736
-0,4280803883872193; 0,3434774433262646; 0,18208437552675605; 0,3635303135961294; 0,10696398932486773; 0,2371078673750162; 0,9777679881080985; 0,14483702136203647; 0,1935862870886922; 0,5794523628428578; 0,08835444645956159
-0,2682038139360184; 0,5752089894376695; 0,8300600396469235; 0,9643560764379799; 0,07310212962329388; 0,5284699378535151; 0,6467487961053848; 0,3235842795111239; 0,9622414209879935; 0,2486552600748837; 0,06536292331293225
-0,23243374821948526; 0,9407736109569669; 0,6738169193267822; 0,6762982164509594; 0,38148686522617936; 0,14617344737052917; 0,450723672285676; 0,8199971145950258; 0,9710610094480217; 0,5057565723545849; 0,9042808348312974
1,0263910260876035; 0,4247343745082617; 0,1828227350488305; 0,3980301199480891; 0,45746581396088004; 0,7585798259824514; 0,5292663578875363; 0,7880660621449351; 0,3745429045520723; 0,057813158724457026; 0,47176695242524147
0,4608436901444417; 0,2688512406311929; 0,04356808960437775; 0,38765072636306286; 0,2165071195922792; 0,9105750811286271; 0,8445905423723161; 0,324682226870209; 0,05166242923587561; 0,2442446448840201; 0,36912224628031254
1,2580081933252383; 0,9931573388166726; 0,2469946793280542; 0,21186270425096154; 0,6199806178919971; 0,6169933238998055; 0,478388627525419; 0,658368956297636; 0,5605300297029316; 0,5340645122341812; 0,31009310157969594
-0,08254811601567591; 0,6949357055127621; 0,7882514507509768; 0,5103268208913505; 0,8732347623445094; 0,33037098962813616; 0,7890643598511815; 0,43057534378021955; 0,8224286995828152; 0,11863876972347498; 0,8297782549634576
-0,5765405522097966; 0,4163404875434935; 0,9254110916517675; 0,04193312721326947; 0,7409513611346483; 0,48695516120642424; 0,6736085531301796; 0,2741573858074844; 0,5493754665367305; 0,7246350534260273; 0,5984042803756893
-0,22494616521364047; 0,6535058640874922; 0,20525014819577336; 0,5069690635427833; 0,5655252593569458; 0,3360011586919427; 0,22584980726242065; 0,9886201689951122; 0,3727097436785698; 0,15812134835869074; 0,6025430709123611
0,4314732198242014; 0,8424406535923481; 0,7809559782035649; 0,22771247429773211; 0,6349088596180081; 0,14117116574198008; 0,5261908266693354; 0,9041336206719279; 0,058792305178940296; 0,20821685204282403; 0,06380615616217256
-0,39966822809888103; 0,35945960879325867; 0,2283663502894342; 0,3905586376786232; 0,8706052144989371; 0,6834422601386905; 0,14732996420934796; 0,6046012681908906; 0,730044181458652; 0,6430519032292068; 0,23003583494573832
-0,33752069677923213; 0,600460416637361; 0,010486277285963297; 0,3712403802201152; 0,47184679098427296; 0,37271676445379853; 0,1422467022202909; 0,217046192381531; 0,09731609048321843; 0,07963923551142216; 0,3877295823767781
-0,2596160868944025; 0,8391353338956833; 0,5108325583860278; 0,5597862377762794; 0,9903752882964909; 0,6546148508787155; 0,0453764540143311; 0,953500175382942; 0,2569110938347876; 0,25743202958256006; 0,643732737749815
0,3755265931784187; 0,5832606796175241; 0,951501821167767; 0,5412263912148774; 0,4488291945308447; 0,38751648319885135; 0,23440918000414968; 0,8473410382866859; 0,5998373245820403; 0,3448255890980363; 0,4551097569055855
-0,19845663687402326; 0,9622515337541699; 0,10040469886735082; 0,4509704327210784; 0,08986419485881925; 0,32030204171314836; 0,9063813332468271; 0,05074656568467617; 0,06777034746482968; 0,7325628031976521; 0,09359953552484512
0,4977766887746066; 0,9618295570835471; 0,1780916629359126; 0,8713232092559338; 0,469772030133754; 0,36298992857337; 0,7958839335478842; 0,4271678263321519; 0,010269997175782919; 0,22347895661368966; 0,04633017862215638
1,1108246241292852; 0,6944900178350508; 0,7306878846138716; 0,17956838570535183; 0,7679219446144998; 0,14242527028545737; 0,9231194807216525; 0,0030702385120093822; 0,4430843871086836; 0,9816831406205893; 0,6017056372947991
0,5105393387777908; 0,8211868689395487; 0,803130357991904; 0,2964060013182461; 0,6023345878347754; 0,5096496259793639; 0,5018361168913543; 0,7569090239703655; 0,8093787459656596; 0,5552459177561104; 0,7997028073295951
0,9383649834691398; 0,16717078164219856; 0,49310303246602416; 0,8299545296467841; 0,8217374631203711; 0,6455558398738503; 0,23000703984871507; 0,31564952665939927; 0,4130417429842055; 0,8336867978796363; 0,884102342184633
1,2928710323583772; 0,7577390554361045; 0,2541973702609539; 0,9617035947740078; 0,6879801130853593; 0,6621510023251176; 0,444971676915884; 0,09026375599205494; 0,36317124078050256; 0,8792292014695704; 0,8615680783987045
-0,7791080707325154; 0,08757657511159778; 0,5482765180058777; 0,76695959828794; 0,39342630887404084; 0,1593181025236845; 0,47675764421001077; 0,021767725236713886; 0,8644457780756056; 0,7400627601891756; 0,6295708129182458
-0,09992517098403567; 0,19004370365291834; 0,561911812517792; 0,5847254041582346; 0,41031318670138717; 0,4259617938660085; 0,1602800409309566; 0,2194038792513311; 0,013126867823302746; 0,19452183041721582; 0,34880321053788066
-0,6649930182874201; 0,21821709210053086; 0,8403627770021558; 0,5304058776237071; 0,5267025581561029; 0,34493722114712; 0,6199699775315821; 0,3626052984036505; 0,45696754287928343; 0,26150584779679775; 0,4325243211351335
-0,054499498782445865; 0,6804246697574854; 0,02332567796111107; 0,8387597561813891; 0,4645901252515614; 0,35373190604150295; 0,6090342444367707; 0,5426736958324909; 0,5235748360864818; 0,6788343586958945; 0,48314721742644906
0,8769238996995972; 0,5815743035636842; 0,352140829898417; 0,717618371360004; 0,6926956158131361; 0,2045819666236639; 0,25087978318333626; 0,34433272760361433; 0,29539774684235454; 0,5188177148811519; 0,03575701918452978
0,16446623534580512; 0,3825157145038247; 0,8232306484133005; 0,8692321283742785; 0,9273761208169162; 0,9136923984624445; 0,7597762085497379; 0,19942345889285207; 0,6090008076280355; 0,30909858271479607; 0,5387288304045796
0,9346897466304149; 0,8161118179559708; 0,4432852263562381; 0,21753054577857256; 0,935752300079912; 0,3572779563255608; 0,952057670801878; 0,2699365629814565; 0,7563533829525113; 0,18241145135834813; 0,05180163495242596
-0,3621531898497775; 0,610502494033426; 0,3717589029110968; 0,8906436432152987; 0,9985580700449646; 0,17228150181472301; 0,1856986186467111; 0,7603041878901422; 0,191192707978189; 0,7853737976402044; 0,6617621439509094
-0,42968612234533954; 0,43869109032675624; 0,8128371597267687; 0,41671012341976166; 0,542350453324616; 0,5424806918017566; 0,9153161458671093; 0,9254020284861326; 0,8626213246025145; 0,33843741472810507; 0,17503931000828743
-0,20357596085330643; 0,9758364306762815; 0,5136119993403554; 0,7899643001146615; 0,6118343630805612; 0,9037981363944709; 0,5189681430347264; 0,5908121471293271; 0,009300450794398785; 0,12364723114296794; 0,2652195133268833
0,22089066751733055; 0,1838172096759081; 0,13080022623762488; 0,016547616105526686; 0,42518941033631563; 0,21737437741830945; 0,964438475202769; 0,06851027393713593; 0,7080246564000845; 0,6766742528416216; 0,44345776038244367
0,5140640923924613; 0,1847607814706862; 0,5757456496357918; 0,9183253645896912; 0,65731928544119; 0,896892371121794; 0,34284195490181446; 0,02921719430014491; 0,6219672784209251; 0,6815731152892113; 0,8521663607098162
0,775448137889518; 0,04573802789673209; 0,36379247484728694; 0,18243364803493023; 0,7887287861667573; 0,40663382411003113; 0,220441616140306; 0,5377438701689243; 0,06571903871372342; 0,6888250256888568; 0,9983286010101438
-0,13260297404514215; 0,2317865719087422; 0,741086627356708; 0,73178367363289; 0,8363788076676428; 0,37170416256412864; 0,36059309262782335; 0,3416416202671826; 0,3985444298014045; 0,46960807079449296; 0,35529573541134596
-0,43754363259490936; 0,6401757341809571; 0,9871284929104149; 0,2688899044878781; 0,7288288539275527; 0,04964022384956479; 0,32717807684093714; 0,7197117111645639; 0,654508272651583; 0,013118129223585129; 0,37225623754784465
-0,06505127451613209; 0,11727307876572013; 0,8382021277211607; 0,034129347652196884; 0,21369716292247176; 0,020960676483809948; 0,4411174119450152; 0,6099724927917123; 0,05408095475286245; 0,8906841515563428; 0,9859354044310749
-0,24823916102116958; 0,3462859387509525; 0,5832045022398233; 0,4324818826280534; 0,6290111942216754; 0,7823217329569161; 0,23010193929076195; 0,9239652031101286; 0,48091730242595077; 0,5128062390722334; 0,5235963403247297
0,90230010389564; 0,17955811461433768; 0,7356168837286532; 0,02159397630020976; 0,81297467648983; 0,251270841807127; 0,4616657388396561; 0,29642060538753867; 0,3829943612217903; 0,7218487616628408; 0,6997363255359232
1,4149257133986224; 0,9076835848391056; 0,828893143683672; 0,20992795238271356; 0,5370417488738894; 0,5575744286179543; 0,7830122075974941; 0,07277550594881177; 0,273502925876528; 0,1261498909443617; 0,44745016004890203
-0,1378766997358671; 0,4195490898564458; 0,05973508441820741; 0,4556390568614006; 0,4004693324677646; 0,18836779380217195; 0,41126137087121606; 0,2330484874546528; 0,45752006815746427; 0,5081697111018002; 0,6565539329312742
-0,25373619560746796; 0,8527718419209123; 0,6848456389270723; 0,5867324261926115; 0,6300313239917159; 0,0026499442756175995; 0,2445236537605524; 0,03269794303923845; 0,8951270412653685; 0,537884087767452; 0,4923843597061932
1,1326735847326335; 0,5021791574545205; 0,3600054569542408; 0,26428518583998084; 0,3536981283687055; 0,6775313476100564; 0,7296137162484229; 0,7260859655216336; 0,7373210811056197; 0,5157056911848485; 0,00757879251614213
0,45590108610967756; 0,7442494789138436; 0,044587126933038235; 0,642810586374253; 0,1270064958371222; 0,6506621977314353; 0,9877645885571837; 0,12665170524269342; 0,10228611808270216; 0,19909018836915493; 0,24308337830007076
-0,31809640637741715; 0,49583783838897943; 0,12407422624528408; 0,5669295587576926; 0,48146865516901016; 0,4862924418412149; 0,4691668348386884; 0,9839951335452497; 0,5504893502220511; 0,11051567969843745; 0,7479497347958386
-0,11865993506680961; 0,48648925870656967; 0,5877918866463006; 0,8611186374910176; 0,681330150924623; 0,5300738955847919; 0,8658853573724627; 0,5771139967255294; 0,37545347260311246; 0,44480104045942426; 0,9714581659063697
0,8189832815259948; 0,5293563925661147; 0,04229186847805977; 0,5364827369339764; 0,9816750320605934; 0,38428022572770715; 0,9540225798264146; 0,7896148185245693; 0,2835737713612616; 0,16444788919761777; 0,033542369958013296
-0,10356289120109197; 0,8898228462785482; 0,4122697748243809; 0,533171218354255; 0,1896701231598854; 0,5373083963058889; 0,707558342255652; 0,8261411958374083; 0,5760434111580253; 0,4463391858153045; 0,8265642020851374
0,990221138162789; 0,9304613312706351; 0,7570656356401742; 0,6587396478280425; 0,7171289077959955; 0,8023837539367378; 0,45486468356102705; 0,7701728991232812; 0,8621028861962259; 0,3494079844094813; 0,7421407387591898
0,039254708317390676; 0,15690847812220454; 0,3862602883018553; 0,6766032092273235; 0,9683887851424515; 0,5255304626189172; 0,9205320570617914; 0,907720219809562; 0,36578096030279994; 0,5769916824065149; 0,2780663939192891
0,6075419051214417; 0,6775537077337503; 0,9297741525806487; 0,8178538731299341; 0,9280384895391762; 0,8776345252990723; 0,13677991228178144; 0,02157492795959115; 0,4651710852049291; 0,9472080199047923; 0,9391193953342736
-0,2010191936778727; 0,8544443831779063; 0,027026066556572914; 0,07923740893602371; 0,709048802498728; 0,538748781196773; 0,8366483352147043; 0,5197158949449658; 0,0697500086389482; 0,7593897841870785; 0,3799707773141563
-0,44224664076550263; 0,5171311222948134; 0,2984463204629719; 0,7032886296510696; 0,9809307893738151; 0,4190899543464184; 0,0684666819870472; 0,940039848908782; 0,9748064032755792; 0,8444910598918796; 0,9447769043035805
0,8052956716370743; 0,1997881610877812; 0,6776703912764788; 0,9436128274537623; 0,9000716982409358; 0,9955869247205555; 0,5493520642630756; 0,9751946246251464; 0,28017794247716665; 0,3092167414724827; 0,8189282668754458
-0,4292334288710371; 0,10203124536201358; 0,5654841652140021; 0,5986709371209145; 0,3842698810622096; 0,5485721789300442; 0,00657784566283226; 0,5414269627071917; 0,08321090927347541; 0,8792794062756002; 0,5952452272176743
1,2868710442844644; 0,7697597709484398; 0,7315621548332274; 0,6009735986590385; 0,061541014816612005; 0,7410058686509728; 0,2273162305355072; 0,4121973067522049; 0,43538179993629456; 0,27957548294216394; 0,9618846368975937
-0,41419140245379854; 0,694922452326864; 0,4614473292604089; 0,6345904706977308; 0,6440219860523939; 0,14932332653552294; 0,3522041882388294; 0,36114383675158024; 0,050820887088775635; 0,9829599093645811; 0,9411434861831367
-0,03604985796871345; 0,19627994811162353; 0,1676646936684847; 0,7958242702297866; 0,30052756518125534; 0,5200447281822562; 0,8049582545645535; 0,8658038815483451; 0,9199699587188661; 0,3871961375698447; 0,12782564433291554
0,78474802169186; 0,8417744883336127; 0,14151875022798777; 0,7381197041831911; 0,3352991873398423; 0,46400296222418547; 0,5296605904586613; 0,5633644904009998; 0,45845403289422393; 0,27165905106812716; 0,486642524600029
-0,15622986674966743; 0,15925262728706002; 0,7108118222095072; 0,6717238728888333; 0,450879433657974; 0,48674329509958625; 0,462843275628984; 0,4231845047324896; 0,4707312621176243; 0,8596936692483723; 0,3001334946602583
0,3210568999417934; 0,5617112615145743; 0,9764923811890185; 0,5137890102341771; 0,38991209492087364; 0,5606976295821369; 0,6774387885816395; 0,07514133816584945; 0,9775310545228422; 0,2324194791726768; 0,9525763955898583
-0,7432380360002498; 0,01421142928302288; 0,009047009516507387; 0,7747269570827484; 0,8350315769203007; 0,8032115246169269; 0,28307764790952206; 0,1691450378857553; 0,8532762033864856; 0,9294638577848673; 0,10263142175972462
0,8841387510289622; 0,34763262793421745; 0,006582180969417095; 0,4043907760642469; 0,2989242267794907; 0,8996423184871674; 0,6149834305979311; 0,7949860109947622; 0,7035840731114149; 0,14619756070896983; 0,7716872775927186
0,6156384763393232; 0,184623037930578; 0,41684087039902806; 0,14928730158135295; 0,5369275659322739; 0,7408299287781119; 0,40383397741243243; 0,9854732593521476; 0,8347784206271172; 0,3151139048859477; 0,23019520146772265
0,9508306422840448; 0,9713081358931959; 0,5514113665558398; 0,5311383670195937; 0,8038353691808879; 0,037494470831006765; 0,8092644149437547; 0,550432522315532; 0,002215833868831396; 0,7546217921189964; 0,3126618778333068
0,21215527304122483; 0,5822262302972376; 0,11585802445188165; 0,6644020648673177; 0,6866279877722263; 0,3632954219356179; 0,027520742267370224; 0,1172242471948266; 0,5294956597499549; 0,8622067547403276; 0,5278676766902208
0,2592566235733397; 0,5445752218365669; 0,39532060641795397; 0,454064205288887; 0,8758873846381903; 0,1321313208900392; 0,8467053552158177; 0,2502183592878282; 0,4384081531316042; 0,7951421183533967; 0,12474802089855075
0,22355258051211035; 0,1744511746801436; 0,5043495339341462; 0,22392588015645742; 0,36419028136879206; 0,21217710804194212; 0,36837502755224705; 0,9964729342609644; 0,49308532383292913; 0,7548406296409667; 0,9408474913798273
-0,321543487774043; 0,7859966596588492; 0,3752833195030689; 0,28865328151732683; 0,3871002825908363; 0,07327771978452802; 0,9011058346368372; 0,5247933315113187; 0,17923996597528458; 0,17775782803073525; 0,7354558105580509
1,3881357999157138; 0,9864211138337851; 0,7695495788939297; 0,8942065238952637; 0,43556793173775077; 0,6329928911291063; 0,4310679784975946; 0,8701462680473924; 0,7311710217036307; 0,27848692843690515; 0,9781755162402987
-0,5529548166152819; 0,16513940738514066; 0,8772430247627199; 0,9397397497668862; 0,27691304264590144; 0,34826208325102925; 0,18065833626314998; 0,2834113845601678; 0,06289424328133464; 0,4608682603575289; 0,6519999438896775
0,6439331028625148; 0,5134482816793025; 0,3633464118465781; 0,9526921138167381; 0,12244788883253932; 0,09334763651713729; 0,4090449255891144; 0,5300512174144387; 0,3623998356051743; 0,4026303691789508; 0,7155256806872785
0,48354089524843646; 0,7341178972274065; 0,8384814881719649; 0,14844303438439965; 0,9588825395330787; 0,2124166628345847; 0,8317461651749909; 0,9421254303306341; 0,8122910377569497; 0,9927162453532219; 0,2577074742875993
0,03653930766050628; 0,7863916121423244; 0,5842066532932222; 0,4978056401014328; 0,9645941527560353; 0,7240915400907397; 0,3465595878660679; 0,6511371708475053; 0,1795530505478382; 0,3921143230982125; 0,9854817125014961
-0,2580036018246281; 0,8622772498056293; 0,2866200120188296; 0,12700618989765644; 0,5988767817616463; 0,7080344534479082; 0,010843558236956596; 0,2252950412221253; 0,8707973645068705; 0,4018888692371547; 0,3133351425640285
0,7281919653982892; 0,05749885458499193; 0,7088191122747958; 0,763223493937403; 0,15007031382992864; 0,9137262078002095; 0,9564531091600657; 0,13873710203915834; 0,36525986436754465; 0,9819595636799932; 0,8729978753253818
0,4921173213933813; 0,8702928237617016; 0,5557831688784063; 0,47383404709398746; 0,2549975672736764; 0,7621356169693172; 0,4516373882070184; 0,3838224518112838; 0,12235763808712363; 0,026836578268557787; 0,5071992534212768
0,07181554205443585; 0,950797809753567; 0,4808416487649083; 0,5397764495573938; 0,7060208623297513; 0,49200180219486356; 0,7688380982726812; 0,22388733504340053; 0,39043476385995746; 0,504991018678993; 0,8137694457545877
1,0931994495738462; 0,4250309611670673; 0,5722666084766388; 0,16708335652947426; 0,38795757945626974; 0,4732126845046878; 0,9167850520461798; 0,9364949106238782; 0,021562418900430202; 0,3681748858653009; 0,15597189450636506
0,7650282069409762; 0,22373048216104507; 0,08210677839815617; 0,30742216715589166; 0,02402278408408165; 0,04832926066592336; 0,2497616638429463; 0,9075449365191162; 0,8656887295655906; 0,16905497387051582; 0,5898533263243735
0,7949894263405983; 0,8474369365721941; 0,9195789652876556; 0,9736660709604621; 0,421232673805207; 0,24398610647767782; 0,5997972660697997; 0,4386217170394957; 0,7085716337896883; 0,14644547272473574; 0,8731742911040783
-0,05156606441285372; 0,890255143865943; 0,44352745171636343; 0,7485690959729254; 0,13468473916873336; 0,9935038913972676; 0,8434150568209589; 0,4694398883730173; 0,5555395241826773; 0,7618226651102304; 0,26586753921583295
-0,5609292655188163; 0,3300784667953849; 0,39141432242468; 0,5692656491883099; 0,666603394318372; 0,9975581276230514; 0,024424302391707897; 0,29918305249884725; 0,8223620406351984; 0,8206842765212059; 0,8164912546053529
0,22542259039684803; 0,15408089105039835; 0,7797121992334723; 0,8416825053282082; 0,16433318192139268; 0,5079795466735959; 0,6101104016415775; 0,5559445829130709; 0,16037590568885207; 0,9893444068729877; 0,8785389228723943
-0,09263675437082564; 0,9911215123720467; 0,6553944884799421; 0,4617437054403126; 0,6617209757678211; 0,5231558424420655; 0,11239553010091186; 0,8029562029987574; 0,3170290505513549; 0,7244926355779171; 0,5436772732064128
0,9163800973444871; 0,19659924693405628; 0,1481616902165115; 0,37166802445426583; 0,6544790482148528; 0,21458462998270988; 0,4850648860447109; 0,060292903799563646; 0,9672586736269295; 0,7230541380122304; 0,6740778568200767
0,6455545333532906; 0,8450043508782983; 0,8665218311361969; 0,7040456873364747; 0,6032135463319719; 0,8235455849207938; 0,6739499978721142; 0,9779286058619618; 0,0051541500724852085; 0,3002715688198805; 0,8679151344113052
0,13993308984626623; 0,9120474588125944; 0,4058728078380227; 0,8682562466710806; 0,48717857152223587; 0,29082398070022464; 0,08971830131486058; 0,9728277842514217; 0,22504856484010816; 0,9130187886767089; 0,2572955107316375
-0,2717804288002078; 0,8812750848010182; 0,2484611263498664; 0,04636547155678272; 0,7275891490280628; 0,5081125465221703; 0,3955350238829851; 0,6044348147697747; 0,2270169099792838; 0,1459735156968236; 0,3093288312666118
-0,22134597367586645; 0,20356557657942176; 0,8824595655314624; 0,19260695995762944; 0,9954261165112257; 0,17540069902315736; 0,5443893312476575; 0,8118249620310962; 0,5690788184292614; 0,5201410804875195; 0,9055533800274134
0,9062851771065217; 0,715905241202563; 0,3679226194508374; 0,8948896005749702; 0,5681981560774148; 0,03976432280614972; 0,8346057292073965; 0,5429692529141903; 0,6922423159703612; 0,8302580541931093; 0,26745443185791373
-0,30864599495320233; 0,8076023869216442; 0,7884571887552738; 0,2599626420997083; 0,7232401454821229; 0,5569223291240633; 0,523037888109684; 0,6290246029384434; 0,16619245754554868; 0,21761073963716626; 0,6153283105231822
-0,6121269182419009; 0,012022925540804863; 0,45447469456121325; 0,9131352119147778; 0,2728029200807214; 0,8442404363304377; 0,4352934188209474; 0,6231976933777332; 0,41365065705031157; 0,6884352033957839; 0,642026751767844
1,103462175340474; 0,45727639039978385; 0,20568146789446473; 0,4318892527371645; 0,08341764099895954; 0,8758744904771447; 0,9131677863188088; 0,02300270088016987; 0,7798556475900114; 0,9288871716707945; 0,18024164391681552
0,4904239676746163; 0,21417794795706868; 0,83359744399786; 0,3963830601423979; 0,4134285319596529; 0,9901682464405894; 0,11276941886171699; 0,7027809526771307; 0,40812864108011127; 0,2830327800475061; 0,6558038429357111
1,05141063382591; 0,3688536984845996; 0,9309748597443104; 0,001936072949320078; 0,692260998301208; 0,5310628460720181; 0,7933647865429521; 0,2407081937417388; 0,3045113547705114; 0,34370913729071617; 0,32133616460487247
-0,440818681514607; 0,591598795261234; 0,4758148589171469; 0,7660629265010357; 0,5572013505734503; 0,5038880882784724; 0,504721025004983; 0,6272260872647166; 0,0406097830273211; 0,48668370861560106; 0,3384628095664084
1,1205505072262123; 0,46886416897177696; 0,34563820715993643; 0,6182805621065199; 0,884319709148258; 0,6288736462593079; 0,14436498936265707; 0,5274295494891703; 0,451737264636904; 0,2382647399790585; 0,6887698159553111
-0,03841641971508837; 0,10166268143802881; 0,25618210108950734; 0,5467579197138548; 0,6337476880289614; 0,5530308429151773; 0,3940017591230571; 0,17556322691962123; 0,3976207938976586; 0,44581058947369456; 0,9847345296293497
0,9760048218905005; 0,36703816102817655; 0,42098910501226783; 0,11215281579643488; 0,3657002868130803; 0,6921524782665074; 0,9539869059808552; 0,344768094830215; 0,9421444144099951; 0,7736151316203177; 0,9449317390099168
1,2969856952776646; 0,7389875529333949; 0,8102863170206547; 0,3315284033305943; 0,6120406961999834; 0,32424786826595664; 0,9207079471088946; 0,27583317924290895; 0,680863615591079; 0,9466035002842546; 0,518314503133297
-0,7342492719496497; 0,17000255035236478; 0,9279955332167447; 0,7315705376677215; 0,7419091844931245; 0,7349437330849469; 0,8485891092568636; 0,13733781967312098; 0,9414603947661817; 0,40086250379681587; 0,3418832812458277
0,8237906914607189; 0,19275734899565578; 0,8665362219326198; 0,2997588124126196; 0,21507206885144114; 0,7616890803910792; 0,706404244992882; 0,12188234319910407; 0,3741713482886553; 0,42365715373307467; 0,4331882428377867
0,1512081099562816; 0,9224796062335372; 0,9978040680289268; 0,20535722002387047; 0,44273763662204146; 0,6303221131674945; 0,8745143045671284; 0,4708134615793824; 0,6957504865713418; 0,9544461639598012; 0,1687495498917997
-0,5865866204382204; 0,41864657355472445; 0,23740956466645002; 0,4901609616354108; 0,8072401448152959; 0,7768037295900285; 0,8043845961801708; 0,40895595541223884; 0,6120751081034541; 0,7483205213211477; 0,07376016583293676
0,6011058327727365; 0,9375260099768639; 0,9180915784090757; 0,8586582541465759; 0,776311774738133; 0,2300329408608377; 0,5630773599259555; 0,7602392723783851; 0,9021855900064111; 0,7762012360617518; 0,47115464555099607
0,015285635778866241; 0,25945465406402946; 0,03420767467468977; 0,40192986419424415; 0,9505508090369403; 0,929020001552999; 0,920892998110503; 0,6683910037390888; 0,8882477204315364; 0,6795417773537338; 0,7323403642512858
1,1672874403648321; 0,8025909340940416; 0,0597950080409646; 0,06347393989562988; 0,49769157264381647; 0,029970926698297262; 0,4895947645418346; 0,5748206004500389; 0,6593783251009881; 0,8061869526281953; 0,00905266823247075
0,16949766795042814; 0,6653706897050142; 0,4159672036767006; 0,7183817136101425; 0,2423472753725946; 0,2207975024357438; 0,7067123665474355; 0,23603338561952114; 0,3156670802272856; 0,34856359474360943; 0,7067325529642403
-0,21033157271433955; 0,9282399024814367; 0,754707096144557; 0,25867437198758125; 0,5835880544036627; 0,4420375106856227; 0,07666019583120942; 0,5772571535781026; 0,21561786951497197; 0,054052145686000586; 0,1225667460821569
0,6214050886388469; 0,7107398733496666; 0,08886715164408088; 0,6570226759649813; 0,6955418665893376; 0,6238175663165748; 0,46531834080815315; 0,2892217398621142; 0,5021677538752556; 0,5396642712876201; 0,017169386614114046
0,9023497283698785; 0,10954088950529695; 0,9295008988119662; 0,3667802792042494; 0,4378921911120415; 0,2290154262445867; 0,28530945535749197; 0,249619843903929; 0,5111697101965547; 0,7472295332700014; 0,6486173919402063
-0,3282371708423233; 0,6303071738220751; 0,7607425563037395; 0,1801167163066566; 0,8388541713356972; 0,6636834111995995; 0,41730341129004955; 0,6408565929159522; 0,5456952136009932; 0,10929776960983872; 0,8234335128217936
0,8306665249890677; 0,05647432804107666; 0,0651047732681036; 0,8598393290303648; 0,4186286637559533; 0,7974957213737071; 0,5327423107810318; 0,6528594880364835; 0,5850248839706182; 0,11343722930178046; 0,6075954902917147
-0,624260832202651; 0,19688104884698987; 0,5295486166141927; 0,7932364107109606; 0,04437435045838356; 0,05618079053238034; 0,04312129458412528; 0,3009606539271772; 0,6535183656960726; 0,651482145767659; 0,8884373302571476
0,8295986762222987; 0,9390779449604452; 0,1923441868275404; 0,6685340125113726; 0,8015781198628247; 0,026677264366298914; 0,8654236602596939; 0,3729008948430419; 0,19880213402211666; 0,5860187849029899; 0,16032074484974146
0,5793455998812207; 0,7691390938125551; 0,8262853622436523; 0,4321804936043918; 0,06995770521461964; 0,9047510023228824; 0,056437104009091854; 0,47924335952848196; 0,1872456963174045; 0,15009738830849528; 0,7414339012466371
0,6894029479973912; 0,7340831165201962; 0,9335504556074739; 0,6819402305409312; 0,4001722792163491; 0,7293743952177465; 0,7346177836880088; 0,5614564386196434; 0,39318545535206795; 0,11464026290923357; 0,87445622170344
-0,45486046934534; 0,550461346283555; 0,8378406409174204; 0,013487421441823244; 0,24789422238245606; 0,9181688809767365; 0,845845122821629; 0,26632051868364215; 0,8330030511133373; 0,33734650164842606; 0,7664399333298206
0,9526943856292591; 0,9280814779922366; 0,769552081823349; 0,4387354454956949; 0,12219660822302103; 0,2792639578692615; 0,5327043263241649; 0,49320719158276916; 0,13428913708776236; 0,5431064385920763; 0,9700963371433318
0,47365831332912683; 0,5661407234147191; 0,7051525600254536; 0,46286827651783824; 0,31154312938451767; 0,6641005026176572; 0,22295441571623087; 0,733020942658186; 0,9978111940436065; 0,27404029853641987; 0,8896829639561474
0,01553986879386729; 0,3903970289975405; 0,09603697899729013; 0,38577358378097415; 0,5739065385423601; 0,4708785815164447; 0,8110378589481115; 0,7398298932239413; 0,4494623872451484; 0,3138818955048919; 0,622539394069463
-0,11849385099032696; 0,03225862793624401; 0,019488153979182243; 0,5024645500816405; 0,9198384322226048; 0,9528790335170925; 0,1234231716953218; 0,5726316780783236; 0,6780241169035435; 0,13273983728140593; 0,9841433158144355
-0,30862092389250406; 0,8422965975478292; 0,9253026498481631; 0,0781993418931961; 0,41038096230477095; 0,7285742624662817; 0,3265677224844694; 0,37631004024297; 0,4905997533351183; 0,8478722334839404; 0,27151666255667806
0,20724405748401742; 0,5422351760789752; 0,28140880493447185; 0,8772051413543522; 0,7096306118182838; 0,257649099919945; 0,3580028382129967; 0,2439439408481121; 0,8512923629023135; 0,201727622654289; 0,3476409246213734
0,15550453641032635; 0,9991890974342823; 0,33523463644087315; 0,2704223352484405; 0,9164530197158456; 0,2622964447364211; 0,5950005794875324; 0,05790560273453593; 0,0002996833063662052; 0,4286419730633497; 0,4778543980792165
-0,18080301326473236; 0,8873591064475477; 0,49892745399847627; 0,7866733144037426; 0,09270431380718946; 0,7324990690685809; 0,031796046532690525; 0,8591666002757847; 0,09092793054878712; 0,5201576733961701; 0,5716189621016383
0,24322172947414072; 0,8567450274713337; 0,9583736537024379; 0,2260522204451263; 0,024474435951560736; 0,25569444708526134; 0,045503169763833284; 0,7803105651400983; 0,8681539436802268; 0,21150684030726552; 0,052675469778478146
0,17325524504286133; 0,8481107749976218; 0,9871813063509762; 0,882588429376483; 0,04878133349120617; 0,23088111076503992; 0,4716680566780269; 0,0727686807513237; 0,9736452330835164; 0,10758591629564762; 0,6028207712806761
-0,49683938942853867; 0,5560405901633203; 0,4429435427300632; 0,24076431849971414; 0,20818109111860394; 0,49292662739753723; 0,17180916434153914; 0,014260625466704369; 0,4232700178399682; 0,5627826447598636; 0,39996389020234346
0,3199619294358842; 0,3177697407081723; 0,9055348909460008; 0,8902639164589345; 0,6428052349947393; 0,24829916469752789; 0,3134288596920669; 0,9444243777543306; 0,13492938224226236; 0,6011354187503457; 0,1858425121754408
-0,1203140018126545; 0,94469322450459; 0,5310324756428599; 0,24503127206116915; 0,5405813539400697; 0,7526276134885848; 0,7915644226595759; 0,14845838816836476; 0,6939355274662375; 0,06653764238581061; 0,7725229626521468
0,3407439309401007; 0,9105542059987783; 0,46169660333544016; 0,13891355134546757; 0,777988594956696; 0,9987363880500197; 0,017980386037379503; 0,3476229007355869; 0,7982028848491609; 0,3551751635968685; 0,5518546816892922
0,14967381844126765; 0,22873060498386621; 0,31098753679543734; 0,45067345071583986; 0,7985704699531198; 0,5277868644334376; 0,18411156814545393; 0,6498078275471926; 0,07580965617671609; 0,4894384420476854; 0,36410783883184195
0,21915959907571222; 0,20492015685886145; 0,3920182199217379; 0,275405690073967; 0,6641287221573293; 0,19832418812438846; 0,5520447571761906; 0,7986644329503179; 0,2666248888708651; 0,364762828219682; 0,2748078447766602
-0,6290444302566435; 0,1304833311587572; 0,4114448521286249; 0,2369204629212618; 0,7070868946611881; 0,686145253945142; 0,3969858167693019; 0,431677408516407; 0,7774247089400887; 0,31465814262628555; 0,19788740575313568
-0,2959345828014155; 0,30514692422002554; 0,6387354852631688; 0,5988693558610976; 0,9352795397862792; 0,3127515367232263; 0,8254261412657797; 0,21437845192849636; 0,6670764093287289; 0,47617414593696594; 0,8204131959937513
-0,2578802710311511; 0,9094419474713504; 0,43643632205203176; 0,13460406847298145; 0,7670617718249559; 0,6467495341785252; 0,0967621635645628; 0,5681965351104736; 0,6458450141362846; 0,5426774746738374; 0,7193531664088368
0,5405370513230147; 0,5147867882624269; 0,5869286344386637; 0,48059242125600576; 0,9943875628523529; 0,20744896866381168; 0,642234911210835; 0,6232386524789035; 0,8792130495421588; 0,05810910928994417; 0,9001366039738059
-0,011499681360797653; 0,11161809740588069; 0,3637565169483423; 0,3206898872740567; 0,8055833145044744; 0,28970766765996814; 0,9325574985705316; 0,476309085264802; 0,38825217401608825; 0,47690584417432547; 0,4572773682884872
0,10191643368880543; 0,4643387645483017; 0,21116204606369138; 0,971996649634093; 0,051659754011780024; 0,5482285232283175; 0,8112729908898473; 0,5665342384018004; 0,31406765850260854; 0,09700064361095428; 0,6698019411414862
0,7384799598959352; 0,4715590360574424; 0,1146939410828054; 0,6777218217030168; 0,7752016745507717; 0,49532917654141784; 0,5263783289119601; 0,8222744083032012; 0,5362268015742302; 0,5966570400632918; 0,10220874333754182
0,9629995097068014; 0,8042917400598526; 0,4584827544167638; 0,09639574587345123; 0,3129686387255788; 0,6739487736485898; 0,12629908369854093; 0,326809654943645; 0,9673078791238368; 0,394353698939085; 0,9265146027319133
1,3046818229280805; 0,9449056815356016; 0,05202752770856023; 0,7950809197500348; 0,6510585704818368; 0,4848645175807178; 0,9867133544757962; 0,3941824506036937; 0,6153635457158089; 0,8806308382190764; 0,8326096194796264
-0,20732457990571873; 0,9717063903808594; 0,14915044931694865; 0,30506271589547396; 0,7069715964607894; 0,2648163102567196; 0,06439242092892528; 0,6028852839954197; 0,8096867576241493; 0,8343038987368345; 0,1453390084207058
0,6420498863271209; 0,04603149462491274; 0,9743701322004199; 0,5393588864244521; 0,034583648201078176; 0,2758527994155884; 0,23444663267582655; 0,1733854995109141; 0,9635163489729166; 0,26494762068614364; 0,3525528945028782
-0,6115336011558823; 0,38266584603115916; 0,8708291109651327; 0,0008783694356679916; 0,3609138070605695; 0,5560938692651689; 0,1419981298968196; 0,9068634542636573; 0,5779000530019403; 0,9866600683890283; 0,08907987643033266
0,06730281538545724; 0,7496966584585607; 0,652659079991281; 0,9603778626769781; 0,5544025539420545; 0,32092798920348287; 0,31415464729070663; 0,4963153093121946; 0,5961875771172345; 0,5315982783213258; 0,7335584885440767
-0,20613941507915184; 0,6949286973103881; 0,8354797689244151; 0,9153332053683698; 0,0140488944016397; 0,5205010026693344; 0,25042888754978776; 0,18762213550508022; 0,9686918430961668; 0,5618411879986525; 0,1863446687348187
0,1571315837155819; 0,37409287225455046; 0,28778989566490054; 0,37803279608488083; 0,9247040380723774; 0,5913251610472798; 0,731096941512078; 0,9285614513792098; 0,7893655691295862; 0,33304969454184175; 0,6514222673140466
0,7726590913116582; 0,9825722351670265; 0,68426036182791; 0,9369642296805978; 0,32919225189834833; 0,8815363324247301; 0,07047618366777897; 0,10456454334780574; 0,3768104841001332; 0,8894367492757738; 0,6413305890746415
0,35303051455255285; 0,606368032284081; 0,3073451085947454; 0,2360403211787343; 0,9119935943745077; 0,6463219267316163; 0,6044693812727928; 0,8109936565160751; 0,8965313388034701; 0,9147531995549798; 0,5193832889199257
-0,10559743091614598; 0,6267181467264891; 0,3616010043770075; 0,8598118335939944; 0,9167679371312261; 0,809212923515588; 0,11516853701323271; 0,14588775672018528; 0,27302286634221673; 0,8121313825249672; 0,059190868865698576
0,03334275365437411; 0,9284485476091504; 0,5613639336079359; 0,4926466625183821; 0,2812634455040097; 0,8256114227697253; 0,943649229593575; 0,49892725981771946; 0,1913271122612059; 0,22463425155729055; 0,369182453956455
0,42834004893319994; 0,9222783176228404; 0,041084990836679935; 0,24699786491692066; 0,4535602414980531; 0,29415560606867075; 0,39736271696165204; 0,5015184348449111; 0,0697970730252564; 0,210813426412642; 0,6109352391213179
-0,506388353669443; 0,001974793616682291; 0,8768917098641396; 0,4216956617310643; 0,7705073175020516; 0,8121515298262239; 0,9389724135398865; 0,22912524035200477; 0,0004740445874631405; 0,5282857734709978; 0,45834988728165627
1,100614168376049; 0,44301777286455035; 0,5352634163573384; 0,8894663825631142; 0,1464352710172534; 0,09689421579241753; 0,6575871389359236; 0,9186647390015423; 0,1594708045013249; 0,25409183045849204; 0,3291814769618213
1,0691361131918886; 0,8204546850174665; 0,3859136770479381; 0,26433425210416317; 0,247896961402148; 0,6539950873702765; 0,6111566363833845; 0,5176022108644247; 0,04344609612599015; 0,798633323982358; 0,9654953074641526
0,9250775966245712; 0,4981074915267527; 0,5592282172292471; 0,8586628320626915; 0,4756467202678323; 0,09728575823828578; 0,854147135745734; 0,5418580337427557; 0,9289075168780982; 0,788317758589983; 0,3471682080999017
0,9443898505906669; 0,41720720240846276; 0,8812325368635356; 0,3180787740275264; 0,03499521315097809; 0,07659725891426206; 0,1934410729445517; 0,05162329459562898; 0,6833970393054187; 0,38528843643143773; 0,47621474554762244
0,35533786443997883; 0,8010737779550254; 0,9806494247168303; 0,5459520723670721; 0,7332755927927792; 0,932355098426342; 0,2918917001225054; 0,8630961081944406; 0,8470465335994959; 0,25576749444007874; 0,7502670916728675
-0,5090035418137919; 0,512920958455652; 0,6088122269138694; 0,0858208080753684; 0,3464002897962928; 0,6771832494996488; 0,9304504874162376; 0,22187319723889232; 0,05407474795356393; 0,49590024119243026; 0,002826338168233633
0,9069192096765105; 0,36469246819615364; 0,9317203923128545; 0,03945338726043701; 0,7645471612922847; 0,48720014188438654; 0,7271950761787593; 0,4883759031072259; 0,4543576738797128; 0,7516523222438991; 0,19168818183243275
-0,32342042036532653; 0,4920796290971339; 0,5590314366854727; 0,17810065625235438; 0,5584848332218826; 0,20622983295470476; 0,3740981947630644; 0,7020290861837566; 0,9801871129311621; 0,5843882020562887; 0,9222349347546697
-0,46060697910500437; 0,623802331276238; 0,03756437869742513; 0,3084929692558944; 0,11737015517428517; 0,053626769222319126; 0,9191462770104408; 0,43397259386256337; 0,18190753692761064; 0,9420512556098402; 0,44812397845089436
1,3846058754580803; 0,8577658045105636; 0,4934519808739424; 0,8669532313942909; 0,42575078224763274; 0,013031995855271816; 0,9184503294527531; 0,697674450930208; 0,18357209907844663; 0,6118118427693844; 0,5426624109968543
1,4379220839138915; 0,9306990308687091; 0,20996923046186566; 0,33455817960202694; 0,5076916282996535; 0,48857269529253244; 0,3036377872340381; 0,20973327988758683; 0,45569794345647097; 0,5647482788190246; 0,019922238774597645
-0,18895636932248766; 0,7214650418609381; 0,5346637452021241; 0,51159777212888; 0,29232749342918396; 0,4888473255559802; 0,036233496852219105; 0,29465299705043435; 0,6819254118017852; 0,9772191885858774; 0,7757816389203072
0,8587517308172068; 0,9952431749552488; 0,766334196086973; 0,4059493509121239; 0,42772481171414256; 0,8125928696244955; 0,3996140072122216; 0,39055623952299356; 0,9606913761235774; 0,08095555193722248; 0,10226642340421677
1,2293904162308524; 0,6391365895979106; 0,15648390911519527; 0,9429940171539783; 0,6059885462746024; 0,7901705359108746; 0,6004598899744451; 0,16058508632704616; 0,6335492581129074; 0,172248350456357; 0,0327397882938385
1,2561262708468166; 0,7553863693028688; 0,8758415533229709; 0,06052464712411165; 0,04318987391889095; 0,764226894825697; 0,6054249661974609; 0,37939638225361705; 0,1004704418592155; 0,9687621048651636; 0,5450031254440546
1,4226914663874504; 0,9149907361716032; 0,18817497370764613; 0,8107028766535223; 0,43443581741303205; 0,38938154419884086; 0,19607825949788094; 0,6754799094051123; 0,478293479885906; 0,42911247815936804; 0,8054444175213575
0,8385874782409763; 0,00027167191728949547; 0,9417928238399327; 0,31240108888596296; 0,052203286439180374; 0,5104629620909691; 0,7192756426520646; 0,22846011770889163; 0,8683334328234196; 0,19364401930943131; 0,6076330859214067
0,8270251813704593; 0,2648459621705115; 0,7687668562866747; 0,3819507653824985; 0,5781734194606543; 0,6890390259213746; 0,10250927181914449; 0,27965816762298346; 0,790939821396023; 0,3649595775641501; 0,7181428465992212
-0,011451980697139041; 0,3002711762674153; 0,37094647297635674; 0,42682455526664853; 0,10655705397948623; 0,6355379964224994; 0,3061541304923594; 0,00619135657325387; 0,12656890507787466; 0,08624032139778137; 0,34696533996611834
1,4418577027535329; 0,9644333580508828; 0,8754252167418599; 0,4112061667256057; 0,6468645879067481; 0,47836253931745887; 0,2685442790389061; 0,042022162582725286; 0,407905753236264; 0,7400131528265774; 0,015563136897981167
0,6752539981783927; 0,025516644585877657; 0,0468718740157783; 0,2333230902440846; 0,8986273766495287; 0,6360247903503478; 0,3418679917231202; 0,7095236871391535; 0,19394586374983191; 0,025030377320945263; 0,4603138221427798
0,7986636505180753; 0,855872446205467; 0,8506457498297095; 0,6164357839152217; 0,31576704047620296; 0,3452744707465172; 0,6181249679066241; 0,4686519680544734; 0,5901097469031811; 0,8182156593538821; 0,6474391999654472
-0,3148314211818827; 0,1187471910379827; 0,012185980565845966; 0,404953608289361; 0,21433838829398155; 0,09834461892023683; 0,9304643357172608; 0,8201811611652374; 0,06988398311659694; 0,37634934205561876; 0,09904198767617345
-0,5720468533610341; 0,45268846210092306; 0,48576774168759584; 0,8742913091555238; 0,06546266656368971; 0,47426300030201674; 0,869732637424022; 0,5481868414208293; 0,5502344076521695; 0,7456090431660414; 0,3390610315836966
0,09165642583759379; 0,4587818621657789; 0,09984001191332936; 0,6525875478982925; 0,5793671268038452; 0,45728099532425404; 0,0823608236387372; 0,8010366139933467; 0,8218665472231805; 0,14236812572926283; 0,6136015760712326
1,3679398891014438; 0,834699816070497; 0,15995885943993926; 0,6164988186210394; 0,6486457441933453; 0,016008622013032436; 0,7103398684412241; 0,7458478263579309; 0,45323775615543127; 0,7224684292450547; 0,7966805114410818
0,5626485904019436; 0,04611141886562109; 0,27185520390048623; 0,38198290672153234; 0,1929173436947167; 0,3296423531137407; 0,8245728379115462; 0,9960867767222226; 0,8380489181727171; 0,5981636862270534; 0,9490979430265725
-0,22633963316897843; 0,9428286524489522; 0,4557934980839491; 0,9026864473707974; 0,8299215934239328; 0,8029776946641505; 0,8092867922969162; 0,6084526367485523; 0,8833184805698693; 0,3146539139561355; 0,9545677951537073
0,4198124337338689; 0,4470227211713791; 0,6015284517779946; 0,6290935901924968; 0,6255247006192803; 0,3243211405351758; 0,14713481534272432; 0,9037737273611128; 0,3352805762551725; 0,1957133924588561; 0,2647216939367354
0,34795399199165544; 0,2819180260412395; 0,728888391982764; 0,35664056707173586; 0,2442312934435904; 0,1582769346423447; 0,31266362220048904; 0,42635980946943164; 0,4852358512580395; 0,445315666962415; 0,4639645800925791
-0,5221089022341276; 0,20686368038877845; 0,5435717930085957; 0,9765181541442871; 0,7361049326136708; 0,129845404997468; 0,5918894838541746; 0,5260318703949451; 0,687839690130204; 0,48641822673380375; 0,8521911092102528
-0,6703951307270293; 0,0484480713494122; 0,060227122623473406; 0,36132941022515297; 0,8111586500890553; 0,981534053105861; 0,6763060283847153; 0,9426713553257287; 0,49918784108012915; 0,6674238643608987; 0,07963059330359101
-0,2845914780323625; 0,4494898719713092; 0,3545412914827466; 0,07039500027894974; 0,0712212435901165; 0,9333818252198398; 0,6749999453313649; 0,5808402416296303; 0,356285369489342; 0,1459113615565002; 0,9336432805284858
0,5979757289177804; 0,9539852915331721; 0,011203409172594547; 0,9565706965513527; 0,011288019828498363; 0,20664731319993734; 0,7738611767999828; 0,23647819040343165; 0,12638235604390502; 0,13688425486907363; 0,2272007456049323
0,032032335936720224; 0,2871011313982308; 0,7346467156894505; 0,7877711649052799; 0,7398968944326043; 0,054838358890265226; 0,239736155141145; 0,681893153116107; 0,35978714656084776; 0,11432109819725156; 0,8558174595236778
-0,16873168525408688; 0,9405742264352739; 0,45805609971284866; 0,281577795278281; 0,14741979679092765; 0,6212262692861259; 0,9510271931067109; 0,06780810607597232; 0,8682758617214859; 0,01928364997729659; 0,2616435536183417
-0,2146086863549413; 0,5491728270426393; 0,412725402507931; 0,07450720947235823; 0,534680353011936; 0,6951812673360109; 0,6076306556351483; 0,12169198505580425; 0,5672525400295854; 0,6053566439077258; 0,4295340212993324
1,0010157733894072; 0,2942149033769965; 0,38280210737138987; 0,24758120998740196; 0,9916763347573578; 0,22703284723684192; 0,6326899249106646; 0,5799790760502219; 0,6159419231116772; 0,31599284522235394; 0,3073920072056353
-0,44901732391470056; 0,09181389631703496; 0,9734741477295756; 0,5582146779634058; 0,2866472047753632; 0,33623499423265457; 0,014210348017513752; 0,7058442016132176; 0,9381096959114075; 0,23438062379136682; 0,1481056297197938
-0,830230117998521; 0,003302998375147581; 0,8109139166772366; 0,9426942369900644; 0,5304106306284666; 0,2672602441161871; 0,2952189538627863; 0,10088511276990175; 0,8445835658349097; 0,7698734323494136; 0,08038511406630278
0,7301583146786217; 0,5628670789301395; 0,9854258019477129; 0,5400704299099743; 0,2483085449784994; 0,43624520022422075; 0,706542675383389; 0,18539260746911168; 0,5991612528450787; 0,6008512657135725; 0,8266150979325175
-0,052090285727887015; 0,32211392326280475; 0,8733974625356495; 0,7980735176242888; 0,966921039391309; 0,08366226824000478; 0,4896765546873212; 0,7693418222479522; 0,45245643705129623; 0,19487044820562005; 0,5881977756507695
0,5863975895958249; 0,8107992992736399; 0,1129943891428411; 0,20744661008939147; 0,010522016789764166; 0,282181728631258; 0,23534122528508306; 0,812683227006346; 0,3735748860053718; 0,9970930302515626; 0,21942398604005575
0,6046674150892637; 0,5332090109586716; 0,7646169485524297; 0,21437089005485177; 0,4327487461268902; 0,8977874689735472; 0,7821343564428389; 0,9646593565121293; 0,8629299746826291; 0,5713053019717336; 0,5853132349438965
1,372944815085758; 0,9848374440334737; 0,40516804391518235; 0,9878126364201307; 0,8151809833943844; 0,8742006784304976; 0,43902247585356236; 0,5282582985237241; 0,16654730960726738; 0,6602577874436975; 0,7743568890728056
-0,45732706405821383; 0,6177263758145273; 0,6347117708064616; 0,24943263595923781; 0,10456634080037475; 0,6245972197502851; 0,8715170822106302; 0,21730946796014905; 0,04580649267882109; 0,7196762692183256; 0,7298491238616407
-0,05708888668120776; 0,5076109375804663; 0,27056989492848516; 0,09577658539637923; 0,09547920990735292; 0,061629893258214; 0,419612102676183; 0,32939103804528713; 0,7780138673260808; 0,9961776067502797; 0,788316682446748
-0,7990276455252423; 0,04142051050439477; 0,5722139752469957; 0,2787201227620244; 0,9682312649674714; 0,15961810434237123; 0,36811853433027864; 0,7829034202732146; 0,8075717249885201; 0,013546947855502367; 0,7065081601031125
-0,4092250661889689; 0,12410112284123898; 0,22443430125713348; 0,5165723999962211; 0,8651516176760197; 0,9187317304313183; 0,46456680074334145; 0,008097292389720678; 0,046834932174533606; 0,4441209752112627; 0,40833660727366805
-0,1761486665624985; 0,9975191936828196; 0,12400971166789532; 0,8817814844660461; 0,8003262355923653; 0,8476052274927497; 0,24769923137500882; 0,24079520208761096; 0,8785760188475251; 0,8635999565012753; 0,6707636127248406
-0,41905829960005303; 0,68750777002424; 0,009856731165200472; 0,4763664682395756; 0,41807204904034734; 0,8696398911997676; 0,9484278527088463; 0,07774029625579715; 0,3069696733728051; 0,5827028607018292; 0,023987780790776014
-0,17269815286195747; 0,13932242523878813; 0,7513603670522571; 0,2094439840875566; 0,0746744298376143; 0,3977454169653356; 0,42473692214116454; 0,660511365160346; 0,32860043551772833; 0,6410409612581134; 0,08362829824909568
-0,8118596533544863; 0,02444773679599166; 0,6707077347673476; 0,8350158599205315; 0,5221405825577676; 0,5755815841257572; 0,6439383998513222; 0,4222440868616104; 0,6929329121485353; 0,9096712041646242; 0,5213906057178974
0,8483860115971625; 0,16135025350376964; 0,7219603764824569; 0,3180135511793196; 0,10372410248965025; 0,25623826729133725; 0,4151641600765288; 0,4396190973930061; 0,028286455664783716; 0,5020158947445452; 0,6697016735561192
0,04252491503833827; 0,5540882837958634; 0,3914145538583398; 0,7734234230592847; 0,883366959169507; 0,6655625673010945; 0,32171837287023664; 0,43360868422314525; 0,6849131099879742; 0,09368287026882172; 0,6406536507420242
1,297959032540498; 0,7997690537013113; 0,8137004063464701; 0,10424978518858552; 0,6918894206173718; 0,5696188621222973; 0,20463505620136857; 0,6821577772498131; 0,8891605315729976; 0,8989672367461026; 0,7689206250943244
0,6573713034513072; 0,3943560989573598; 0,5293787568807602; 0,456670050509274; 0,061033086851239204; 0,8105472871102393; 0,38778743287548423; 0,33289677230641246; 0,6474053552374244; 0,42096796398982406; 0,22115616127848625
-0,341322061466754; 0,664025210775435; 0,9330658679828048; 0,6294834050349891; 0,4566774168051779; 0,19195186998695135; 0,2100754831917584; 0,7303100726567209; 0,5325091322883964; 0,6535887965001166; 0,68191270949319
-0,37255831899083997; 0,7255375380627811; 0,6478266157209873; 0,5563750881701708; 0,6815468859858811; 0,9414967447519302; 0,9157834067009389; 0,06318155489861965; 0,4411506960168481; 0,6846746928058565; 0,7582117393612862
0,41040213432909417; 0,711290393024683; 0,7420443124137819; 0,1467296089977026; 0,21399449557065964; 0,22199642844498158; 0,19053575582802296; 0,5796054066158831; 0,8804048970341682; 0,49695286294445395; 0,4742056936956942
-0,24420434208724706; 0,893312020227313; 0,08050204627215862; 0,6619073934853077; 0,9886561925522983; 0,5977955302223563; 0,32070742081850767; 0,4269848456606269; 0,33197237737476826; 0,5161248841322958; 0,09633487509563565
0,3030861736348622; 0,015536183957010508; 0,7131609749048948; 0,20370711805298924; 0,4019302506931126; 0,7056123558431864; 0,5574388322420418; 0,5454995930194855; 0,7937895432114601; 0,3991263760253787; 0,2921161511912942
1,4229141971858872; 0,9342753738164902; 0,5435979547910392; 0,5161198382265866; 0,5590281179174781; 0,02301978785544634; 0,7770571880973876; 0,25088589871302247; 0,17945993086323142; 0,04997583897784352; 0,6339636910706758
0,9354248390386387; 0,19760645646601915; 0,5876783891580999; 0,7630588030442595; 0,23210518388077617; 0,7296872362494469; 0,7383146490901709; 0,7528524748049676; 0,6338669657707214; 0,4925294443964958; 0,8251070701517165
1,1956883971341448; 0,7659198776818812; 0,3086670418269932; 0,5140513055957854; 0,5004298882558942; 0,8702405649237335; 0,7139984536916018; 0,9530558488331735; 0,5777070187032223; 0,04732772847637534; 0,9959322563372552
0,8803286175638088; 0,8421778287738562; 0,37525807321071625; 0,5065936963073909; 0,8330738926306367; 0,7674309839494526; 0,13598375115543604; 0,13867865037173033; 0,8304271725937724; 0,6339891380630434; 0,9940274837426841
0,9853248846969571; 0,8684934815391898; 0,7407319531776011; 0,4678120808675885; 0,2975877239368856; 0,24505679495632648; 0,5253006028942764; 0,8968754475936294; 0,8599049253389239; 0,008148292545229197; 0,335813473444432
0,48274915760903225; 0,489473688416183; 0,7087425631470978; 0,03066225489601493; 0,9228035351261497; 0,8801404354162514; 0,8287983974441886; 0,09722061175853014; 0,0742897498421371; 0,45366990892216563; 0,7527976608835161
-0,16366831667760412; 0,7609677924774587; 0,9600407867692411; 0,6142473719082773; 0,9031655448488891; 0,3243365562520921; 0,5576726035214961; 0,9067045049741864; 0,6278468114323914; 0,8049379573203623; 0,3605642286129296
-0,45694895705156824; 0,3520027562044561; 0,1811355701647699; 0,3839724729768932; 0,31758718797937036; 0,9267488936893642; 0,205267621204257; 0,21842743502929807; 0,04972874000668526; 0,10450479434803128; 0,29789056070148945
0,29474413420504797; 0,17253513960167766; 0,9703745017759502; 0,8951849234290421; 0,7392914853990078; 0,7930470192804933; 0,37671472784131765; 0,8217729791067541; 0,4925364125519991; 0,6131743895821273; 0,4937933934852481
-0,538166730946615; 0,31517594307661057; 0,6000834479928017; 0,7608268377371132; 0,9547167029231787; 0,8675904520787299; 0,74770069681108; 0,31695365021005273; 0,9042901522479951; 0,9186374270357192; 0,11803760519251227
0,2354603637991894; 0,31893011648207903; 0,2918751407414675; 0,9949092916212976; 0,3616541102528572; 0,15406888723373413; 0,6831534919328988; 0,7626392040401697; 0,20981476875022054; 0,6018130206502974; 0,17347736982628703
-0,2598534461091158; 0,050317613407969475; 0,5451133651658893; 0,5736970258876681; 0,9640348278917372; 0,9677823460660875; 0,1006860020570457; 0,3908792557194829; 0,768053475767374; 0,2149554379284382; 0,1078220009803772
0,4870219247940591; 0,9771489384584129; 0,7763129016384482; 0,7899180599488318; 0,0024473415687680244; 0,7821224518120289; 0,9264174089767039; 0,9007031889632344; 0,8912825845181942; 0,8963905591517687; 0,27134944405406713
-0,8029105044089957; 0,0018549403175711632; 0,7350731105543673; 0,5925257382914424; 0,4195103822275996; 0,6536508752033114; 0,45960440021008253; 0,6124976314604282; 0,873670200817287; 0,8309355666860938; 0,8913929099217057
-0,5990046709910416; 0,11010067677125335; 0,5227576061151922; 0,5701543875038624; 0,8990847747772932; 0,5237302975729108; 0,5989394523203373; 0,6426968444138765; 0,06743106478825212; 0,06172242155298591; 0,21246359264478087
-0,4083627308878926; 0,6768681453540921; 0,6416087332181633; 0,7645535827614367; 0,8314072955399752; 0,2572654401883483; 0,902246929705143; 0,9142054906114936; 0,5289946305565536; 0,15329115698114038; 0,05397708574309945
0,6687620671350709; 0,6740580056793988; 0,29511459078639746; 0,6165126748383045; 0,1017635129392147; 0,8078617420978844; 0,8807980613783002; 0,8851509345695376; 0,56452363030985; 0,8717936030589044; 0,8777196696028113
-0,21777524911636048; 0,7812610953114927; 0,49132527643814683; 0,803586782887578; 0,7366853426210582; 0,439621277153492; 0,21472265291959047; 0,2727787564508617; 0,2619110425002873; 0,42001470318064094; 0,6095420685596764
-0,31088149932286935; 0,4984999466687441; 0,34924179734662175; 0,011990218423306942; 0,782336566131562; 0,35453475965186954; 0,2365049747750163; 0,6924586766399443; 0,25143815018236637; 0,04885680368170142; 0,42508150916546583
-0,19932667039509044; 0,9795839609578252; 0,2819101670756936; 0,2954113013111055; 0,713587658945471; 0,4872551281005144; 0,43596802465617657; 0,14808934135362506; 0,9997107884846628; 0,3937842925079167; 0,8365792841650546
0,08138936606339242; 0,7337868581525981; 0,175741882994771; 0,18871856667101383; 0,713277199305594; 0,7757069123908877; 0,003695017658174038; 0,3049656576476991; 0,19669071678072214; 0,3183427657932043; 0,7514301319606602
-0,7510555844222233; 0,11825255025178194; 0,9977180087007582; 0,3514452031813562; 0,45808804826810956; 0,27081307442858815; 0,9102605246007442; 0,4488115697167814; 0,17941811913624406; 0,7825405495241284; 0,09043043712154031
-0,291832025327584; 0,3051519896835089; 0,06414005719125271; 0,4875107076950371; 0,34900836320593953; 0,8964481316506863; 0,6855706861242652; 0,7475493508391082; 0,13867013016715646; 0,1716992394067347; 0,5378081402741373
0,17629529778903857; 0,7990984078496695; 0,06701418804004788; 0,5996448523364961; 0,4983337023295462; 0,24985791509971023; 0,06742736976593733; 0,6047697924077511; 0,4483707910403609; 0,9734662142582238; 0,992885519284755
0,37985982041264776; 0,9550672671757638; 0,7731074262410402; 0,578757316339761; 0,02492856839671731; 0,03269190154969692; 0,6242900053039193; 0,25249709840863943; 0,2908644573763013; 0,6920647164806724; 0,6452080020681024
0,45239406014005656; 0,9760852889157832; 0,014936082996428013; 0,9185798401013017; 0,17217394663020968; 0,8193792211823165; 0,26675462955608964; 0,9322857731021941; 0,3699124469421804; 0,5938460435718298; 0,551149966660887
-0,10870763197503384; 0,18824341613799334; 0,9838887341320515; 0,31284961057826877; 0,10966402571648359; 0,6614414383657277; 0,3212930988520384; 0,7069405070506036; 0,24577621091157198; 0,2166827623732388; 0,4041364989243448
0,3528214084013471; 0,013785992283374071; 0,3967231451533735; 0,5865540653467178; 0,3534417222253978; 0,38697207905352116; 0,4830400478094816; 0,6839550966396928; 0,17845679819583893; 0,7950652851723135; 0,9532402185723186
-0,09322866673231478; 0,900168979074806; 0,6925554685294628; 0,19315587170422077; 0,9759090556763113; 0,5820732754655182; 0,49279676796868443; 0,8583845621906221; 0,5442302436567843; 0,038511660415679216; 0,28448414197191596
1,0240185427426653; 0,4178235186263919; 0,45642436016350985; 0,6402384364046156; 0,45893966080620885; 0,6778741502203047; 0,09455193299800158; 0,554945305455476; 0,07224505068734288; 0,9662340241484344; 0,2954450319521129
0,060901779988381075; 0,2639417564496398; 0,6454902463592589; 0,5456121820025146; 0,8207778772339225; 0,11034807097166777; 0,31092424131929874; 0,6728016119450331; 0,5546713089570403; 0,4298162558116019; 0,8936123382300138
-0,4119311122725348; 0,6776323989033699; 0,8417840455658734; 0,9799134223721921; 0,0033489023335278034; 0,39961005188524723; 0,2865594089962542; 0,4355367263779044; 0,7058887761086226; 0,7078878502361476; 0,13814948638901114
-0,3223588093351388; 0,7152481460943818; 0,6706810514442623; 0,8746187770739198; 0,07582950126379728; 0,43782344553619623; 0,33410235680639744; 0,6978504564613104; 0,9255330893211067; 0,20982471201568842; 0,36528895050287247
-0,2558316678499417; 0,8602764219976962; 0,3032502899877727; 0,7502417331561446; 0,5012246775440872; 0,5232706209644675; 0,7789899189956486; 0,47421827260404825; 0,4770664470270276; 0,33777698036283255; 0,8070401703007519
0,8712488848335935; 0,520583959762007; 0,9614484496414661; 0,39308343175798655; 0,47800912242382765; 0,8489515855908394; 0,14616016438230872; 0,2823880654759705; 0,7731036227196455; 0,7339128851890564; 0,7851123311556876
1,3057329335140049; 0,8282435913570225; 0,2560305902734399; 0,9663847689516842; 0,8408286296762526; 0,23633277881890535; 0,1478136833757162; 0,9592781248502433; 0,15375862549990416; 0,0998937925323844; 0,5201469231396914
1,4320635683042875; 0,921246085781604; 0,16219506319612265; 0,6465809536166489; 0,38531087012961507; 0,24774916004389524; 0,2265690639615059; 0,6785207963548601; 0,8269468452781439; 0,5563266049139202; 0,7153838342055678
-0,4814666815872301; 0,5309862024150789; 0,7591468752361834; 0,08871312905102968; 0,7307497919537127; 0,2880709934979677; 0,19154743989929557; 0,5361260743811727; 0,6264237430877984; 0,06826081592589617; 0,4142756415531039
0,8201747914221544; 0,12183549767360091; 0,3333196183666587; 0,5376494992524385; 0,5471869423054159; 0,0873527149669826; 0,87706179311499; 0,4476420790888369; 0,36009957222267985; 0,6854666979052126; 0,46821369137614965
0,05725553745222273; 0,7526441453956068; 0,9034376256167889; 0,6159886373206973; 0,051474264822900295; 0,6538384198211133; 0,4862836920656264; 0,4166558622382581; 0,053530299104750156; 0,6440152190625668; 0,1895077913068235
-0,36186643441669536; 0,0845406400039792; 0,7225284753367305; 0,9221146432682872; 0,7540439697913826; 0,9658171492628753; 0,9523907611146569; 0,3904667282477021; 0,9150680978782475; 0,8833031798712909; 0,43528880132362247
-0,10248836352434965; 0,6262423968873918; 0,272656450048089; 0,6496315873228014; 0,6895645498298109; 0,604042908642441; 0,7218685573898256; 0,42721194960176945; 0,9032516237348318; 0,41170963505283; 0,6971431486308575
-0,5487947479641656; 0,19018607307225466; 0,04802649561315775; 0,293005230370909; 0,2761484463699162; 0,9686277229338884; 0,6264100531116128; 0,9693343006074429; 0,19551369082182646; 0,47788274846971035; 0,2189919869415462
0,1624166011803549; 0,9480633670464158; 0,6624946929514408; 0,4030965557321906; 0,12754082260653377; 0,4394137542694807; 0,07231474807485938; 0,9997587944380939; 0,9154856717213988; 0,44093062076717615; 0,4791517532430589
-0,090089277606675; 0,01828049775213003; 0,01888800784945488; 0,44875229010358453; 0,2694746367633343; 0,19177374709397554; 0,6080074231140316; 0,8879148396663368; 0,27058748062700033; 0,703126017935574; 0,11306481901556253
-0,4228153527383565; 0,5516294478438795; 0,8783415863290429; 0,33555383840575814; 0,7734751445241272; 0,9676407319493592; 0,7526647592894733; 0,6404199064709246; 0,4632836617529392; 0,22680345457047224; 0,5548864379525185
1,224026891578879; 0,7214477742090821; 0,001971326768398285; 0,27195551013574004; 0,6375828562304378; 0,616691701579839; 0,5853982586413622; 0,15604160446673632; 0,2525406344793737; 0,12926921993494034; 0,31621839897707105
-0,2174993775201408; 0,8946706200949848; 0,5658730808645487; 0,058968520257622004; 0,7603358463384211; 0,43386149452999234; 0,09282334288582206; 0,8610284612514079; 0,21027718530967832; 0,8409168063662946; 0,8579552313312888
0,5201772204077348; 0,3967884029261768; 0,9574176906608045; 0,06710804998874664; 0,8628356037661433; 0,15207257540896535; 0,09893606090918183; 0,4060514713637531; 0,6738416044972837; 0,9801368969492614; 0,49126422917470336
-0,4950720522841646; 0,5474915271624923; 0,14871346484869719; 0,5598721764981747; 0,9102480565197766; 0,15181985311210155; 0,5657695666886866; 0,5032832678407431; 0,34439160395413637; 0,5720178638584912; 0,6940098186023533
-0,48073661973488874; 0,531811558175832; 0,5015273462049663; 0,4296501879580319; 0,537942688446492; 0,15367312123999; 0,5286762551404536; 0,028737115673720837; 0,23128982726484537; 0,640690388623625; 0,6013653692789376
0,9929978134924391; 0,27325310930609703; 0,8170225182548165; 0,3432948854751885; 0,3426201771944761; 0,5539410309866071; 0,11888628685846925; 0,3502260986715555; 0,6298888511955738; 0,3353352900594473; 0,18927471619099379
-0,26533688203226735; 0,16628628969192505; 0,5365157066844404; 0,09504426177591085; 0,5420683594420552; 0,17227411642670631; 0,42867733957245946; 0,8272566669620574; 0,4931847513653338; 0,5113300331868231; 0,006745649501681328
-0,11703201585125722; 0,918581694830209; 0,6201937473379076; 0,1626904052682221; 0,9741968982852995; 0,327066860627383; 0,8981170603074133; 0,9881192296743393; 0,140396308619529; 0,6444082418456674; 0,09107009274885058
-0,6867877420715646; 0,2577652232721448; 0,9169858270324767; 0,9406918007880449; 0,39404449658468366; 0,7638641400262713; 0,8303137612529099; 0,673030564095825; 0,7851969012990594; 0,4370734356343746; 0,7512017632834613
-0,3419025626752908; 0,18820021161809564; 0,9243658222258091; 0,6379864509217441; 0,08096963725984097; 0,29230196168646216; 0,7438155896961689; 0,5219965889118612; 0,2605723454616964; 0,6674989783205092; 0,2576721431687474
0,40037965794992997; 0,7825074894353747; 0,17564381984993815; 0,5586075922474265; 0,4703395077958703; 0,13342420291155577; 0,7254576776176691; 0,18943441892042756; 0,03692434215918183; 0,4162000040523708; 0,4335893983952701
1,1981032939258047; 0,6580545073375106; 0,24779455130919814; 0,20806234329938889; 0,6507679782807827; 0,7377976244315505; 0,9706786833703518; 0,8145006028935313; 0,697989662643522; 0,048850756138563156; 0,030699622817337513
-0,30266751769363043; 0,8103764797560871; 0,02551426086574793; 0,0032290141098201275; 0,8501201714389026; 0,6878315545618534; 0,9649952007457614; 0,4205419267527759; 0,7229964127764106; 0,6476234467700124; 0,11371521186083555
0,9431174895629786; 0,19750576512888074; 0,22566711250692606; 0,784372906666249; 0,21745449537411332; 0,4708993248641491; 0,4212331296876073; 0,7811542879790068; 0,6639046976342797; 0,7176928110420704; 0,4524270808324218
0,9001022881392129; 0,47632020059973; 0,48543029045686126; 0,12169171683490276; 0,9922231216914952; 0,027289612218737602; 0,3229184243828058; 0,4576809825375676; 0,5992632484994829; 0,4880019314587116; 0,4727019025012851
-0,27645804635761095; 0,3463788805529475; 0,5451858225278556; 0,6050271904096007; 0,9545963369309902; 0,811473673209548; 0,8058821922168136; 0,30201723566278815; 0,7329389341175556; 0,5698240250349045; 0,17360638361424208
0,4209008582439767; 0,9136667298153043; 0,3667884231545031; 0,1980298818089068; 0,5814652792178094; 0,29841879941523075; 0,24302939837798476; 0,6116933627054095; 0,8722264133393764; 0,7272843038663268; 0,23819856019690633
0,5080128838295286; 0,12188470689579844; 0,5669070859439671; 0,31495743757113814; 0,7190912561491132; 0,22296810103580356; 0,680513366125524; 0,9674139134585857; 0,9897203100845218; 0,4050219445489347; 0,47062087431550026
-0,013682532088821753; 0,8004042427055538; 0,7609458565711975; 0,8490657382644713; 0,45475592743605375; 0,5124191949144006; 0,1660239528864622; 0,06294486951082945; 0,19641102850437164; 0,8700283938087523; 0,9386236327700317
-0,8217731200865384; 0,03346029203385115; 0,020152099430561066; 0,04661790654063225; 0,7109474204480648; 0,22574320575222373; 0,47319699404761195; 0,04118556436151266; 0,7228273809887469; 0,8276195977814496; 0,6918712011538446
1,0022452646568047; 0,8862017639912665; 0,009971070103347301; 0,1540755438618362; 0,39418650371953845; 0,4681114940904081; 0,12310817977413535; 0,6979473731480539; 0,6139303455129266; 0,3555815853178501; 0,3968655322678387
1,25287469630338; 0,7013708190061152; 0,48142715636640787; 0,1071955538354814; 0,7211559824645519; 0,38877318799495697; 0,9308779970742762; 0,48819950921460986; 0,1616129046306014; 0,4983106153085828; 0,8805078137665987
-0,04169042175057322; 0,28563518403097987; 0,6060518636368215; 0,42975207371637225; 0,7866882015950978; 0,4797426429577172; 0,815992334857583; 0,6189870908856392; 0,4602793138474226; 0,5535062421113253; 0,4818879533559084
-0,1992849311040637; 0,29528867872431874; 0,5994264418259263; 0,5056434175930917; 0,07296597631648183; 0,597435581497848; 0,6276223110035062; 0,683886572252959; 0,823928049299866; 0,7784365792758763; 0,22574699763208628
-0,07258330613714553; 0,05631824629381299; 0,7329963645897806; 0,25361138908192515; 0,1766748782247305; 0,4607531768269837; 0,8904154552146792; 0,7747059911489487; 0,2464136932976544; 0,8332674968987703; 0,6443144776858389
1,4673392393753437; 0,9802782135084271; 0,38967616437003016; 0,24969189474359155; 0,0836483589373529; 0,4488250194117427; 0,12017760379239917; 0,4931558077223599; 0,14783749543130398; 0,402092888019979; 0,4043260500766337
1,3884645320841575; 0,8851177347823977; 0,010800766292959452; 0,09886454045772552; 0,44503782177343965; 0,17083254642784595; 0,21805528970435262; 0,33794025471433997; 0,28341611893847585; 0,7449472555890679; 0,10557875223457813
-0,09860698407014817; 0,3429851676337421; 0,4406210072338581; 0,41223181411623955; 0,28909051325172186; 0,4529590946622193; 0,3999579669907689; 0,3123125019483268; 0,03944423608481884; 0,8171732481569052; 0,6641112002544105
-0,07946432480457549; 0,470955119933933; 0,7281543258577585; 0,9735405277460814; 0,29298441484570503; 0,7126952866092324; 0,30641063675284386; 0,4722034456208348; 0,23276981664821506; 0,0795305878855288; 0,8654523668810725
0,9388229523417888; 0,7172848121263087; 0,23411634797230363; 0,8072732016444206; 0,37796976044774055; 0,16315891407430172; 0,4181553549133241; 0,9317520414479077; 0,6062422324903309; 0,5848873751237988; 0,6226852159015834
-0,6606920945428656; 0,2942170901224017; 0,2692100713029504; 0,03301449120044708; 0,8345349235460162; 0,06758958706632257; 0,01232972089201212; 0,5930901099927723; 0,38721512258052826; 0,12293934123590589; 0,3642655168659985
-0,3191467591562828; 0,42826138995587826; 0,04631407046690583; 0,8277011103928089; 0,5428463215939701; 0,9507187120616436; 0,13089061388745904; 0,8216337417252362; 0,8998354370705783; 0,026142554357647896; 0,21634443663060665
0,5739773256659237; 0,31598054990172386; 0,4157533044926822; 0,900044440291822; 0,7652036510407925; 0,6982389027252793; 0,6864448455162346; 0,007819523569196463; 0,8870127508416772; 0,6861463137902319; 0,842520066536963
-0,28090577883802215; 0,8398468946106732; 0,6808851812966168; 0,22747140936553478; 0,5862038652412593; 0,2514918432570994; 0,6137104835361242; 0,48155202390626073; 0,40595831722021103; 0,16364648612216115; 0,3302964544855058
0,40530709533588705; 0,09946813294664025; 0,0958500481210649; 0,0840249489992857; 0,19674187898635864; 0,6228848393075168; 0,7956378734670579; 0,7945782435126603; 0,0840432089753449; 0,1280702529475093; 0,6121904547326267
-0,11036275410737897; 0,11144863441586494; 0,09313715063035488; 0,4991127233952284; 0,15329015534371138; 0,022290132474154234; 0,6776523529551923; 0,9848876986652613; 0,1678608818911016; 0,5375549476593733; 0,9428887371905148
-0,433699433946332; 0,0019075493328273296; 0,926185118034482; 0,5487785264849663; 0,45955987740308046; 0,613922911696136; 0,6355083636008203; 0,7904437254182994; 0,5707657388411462; 0,37330123502761126; 0,4743541209027171
-0,12955046823970368; 0,3984879129566252; 0,09670782648026943; 0,76489421678707; 0,7561076683923602; 0,7363460827618837; 0,6663515474647284; 0,9096502135507762; 0,6684620110318065; 0,12302784901112318; 0,01923610083758831
-0,6458161207063878; 0,1039562588557601; 0,6974094174802303; 0,3558427272364497; 0,23371007991954684; 0,7761528249830008; 0,24467359902337193; 0,625841299071908; 0,2191179571673274; 0,43939238134771585; 0,35000009927898645
-0,664017892261626; 0,2563925227150321; 0,7252268623560667; 0,16166873555630445; 0,7410565982572734; 0,9170667240396142; 0,06706797005608678; 0,1309143165126443; 0,1999539416283369; 0,9928776230663061; 0,7095211450941861
-0,4080560792228834; 0,5344819598831236; 0,2309944494627416; 0,6769152283668518; 0,0006364635191857815; 0,0882359012030065; 0,2422255016863346; 0,7548795342445374; 0,5504673845134676; 0,18298911955207586; 0,008228855673223734
0,9765799910967939; 0,2395605891942978; 0,9145310227759182; 0,026688665617257357; 0,8725047730840743; 0,4885612106882036; 0,3895173934288323; 0,7978552295826375; 0,9410510761663318; 0,12040294287726283; 0,7811086471192539
-0,6466457526070486; 0,045275034848600626; 0,7422464219853282; 0,20915238000452518; 0,28095037722960114; 0,9604739937931299; 0,3345772111788392; 0,22004774073138833; 0,11116047715768218; 0,892835836391896; 0,5254585077054799
-0,3215890328509218; 0,08646634686738253; 0,636617106385529; 0,7542646429501474; 0,39699110109359026; 0,4014334296807647; 0,058118925895541906; 0,45867711305618286; 0,09395481925457716; 0,36022416641935706; 0,33130754297599196
-0,4128050183892258; 0,49793853983283043; 0,04841106338426471; 0,9239368070848286; 0,23862277856096625; 0,5230319094844162; 0,6757537969388068; 0,47006926499307156; 0,9677897775545716; 0,3508343966677785; 0,019169168081134558
1,2234302923960017; 0,8079993105493486; 0,19321162858977914; 0,9150092918425798; 0,6786274304613471; 0,6648353948257864; 0,1613605604507029; 0,19944567000493407; 0,29678457509726286; 0,4562915568239987; 0,17078574653714895
0,4668275681235026; 0,43376358272507787; 0,9608947737142444; 0,9884397997520864; 0,0731118037365377; 0,14259184570983052; 0,22254883404821157; 0,591746125370264; 0,24522267188876867; 0,11065918952226639; 0,8905835975892842
0,25168377197715; 0,5648079887032509; 0,5979891433380544; 0,14730776380747557; 0,17203126102685928; 0,026287302374839783; 0,19165992364287376; 0,7328822258859873; 0,7774166180752218; 0,09156378451734781; 0,6373641127720475
0,38375742702536675; 0,9087801580317318; 0,03692688932642341; 0,6029840530827641; 0,421340998262167; 0,672710495069623; 0,018444631714373827; 0,4642858635634184; 0,9551108223386109; 0,9361061924137175; 0,17801046092063189
1,1412322968035826; 0,5015559676103294; 0,3912197882309556; 0,6854054545983672; 0,0738251768052578; 0,7379473396576941; 0,9346924591809511; 0,9570128708146513; 0,8383198073133826; 0,22835266776382923; 0,5804513874463737
0,21948471285891075; 0,5907171070575714; 0,6311236531473696; 0,19489591987803578; 0,4007811858318746; 0,21915375627577305; 0,07493476197123528; 0,024562777020037174; 0,6747805406339467; 0,28077504970133305; 0,13598349876701832
-0,5702678269440334; 0,407073634210974; 0,21684675384312868; 0,4643535655923188; 0,16711555793881416; 0,9293287638574839; 0,7553712064400315; 0,28599111223593354; 0,13370399363338947; 0,5491842539049685; 0,2977453200146556
1,2059952178958175; 0,6885722442530096; 0,25358603382483125; 0,464793021325022; 0,9455222375690937; 0,4448810596950352; 0,4064513682387769; 0,9766440652310848; 0,396021060179919; 0,03569087199866772; 0,034129394218325615
-0,24650450003868352; 0,850258560385555; 0,6941788936965168; 0,628112955018878; 0,3017044020816684; 0,7549931681714952; 0,8604637468233705; 0,11081474041566253; 0,7000049161724746; 0,29039980191737413; 0,6724739745259285
0,5704361758587622; 0,2588075753301382; 0,427502962294966; 0,6052500056102872; 0,05190790677443147; 0,2772210193797946; 0,6748126288875937; 0,7283665970899165; 0,9718848671764135; 0,005442215129733086; 0,6607230482622981
-0,20115793085338318; 0,6348486077040434; 0,1925283377058804; 0,07911372045055032; 0,5851995632983744; 0,11038239533081651; 0,37980048917233944; 0,446160442661494; 0,6017319746315479; 0,5876324805431068; 0,13364513218402863
1,3863177609812156; 0,9233293817378581; 0,18475384870544076; 0,7554550599306822; 0,3371518412604928; 0,25204106932505965; 0,05760821932926774; 0,8874879265204072; 0,7890169736929238; 0,6525545138865709; 0,3204831094481051
-0,010262547776377764; 0,1329991794191301; 0,015401307493448257; 0,795736966188997; 0,7569573009386659; 0,513055108487606; 0,041368174366652966; 0,4182913121767342; 0,5802877023816109; 0,6690491596236825; 0,10043147811666131
1,1836147273900441; 0,8535056514665484; 0,1403000052087009; 0,7432144675403833; 0,03620885545387864; 0,163550881203264; 0,37440964207053185; 0,977835129480809; 0,8316560396924615; 0,05518377711996436; 0,6058317637071013
-0,019764899151810233; 0,9809038653038442; 0,07953626848757267; 0,11828376026824117; 0,22716835420578718; 0,14459392288699746; 0,8213915708474815; 0,9487345209345222; 0,9585596900433302; 0,9443054730072618; 0,0923024327494204
-0,0960967226652385; 0,9050044678151608; 0,20034376299008727; 0,2028964296914637; 0,1767633813433349; 0,7207156661897898; 0,7788593107834458; 0,4882874428294599; 0,3223408469930291; 0,9225066709332168; 0,19142143335193396
0,20629579185485603; 0,3095941646024585; 0,2295019063167274; 0,6108964635059237; 0,6665104483254254; 0,9106965237297118; 0,8389338669367135; 0,3419416737742722; 0,9958326881751418; 0,04879013868048787; 0,9754693657159805
1,40108497106611; 0,8936737645417452; 0,4277379084378481; 0,5509097781032324; 0,7164513999596238; 0,42227800469845533; 0,004583715461194515; 0,8067724211141467; 0,19829317228868604; 0,5475468928925693; 0,9347800915129483
-0,45078774954553563; 0,39587310049682856; 0,30090159410610795; 0,6309259636327624; 0,13951821252703667; 0,9716539424844086; 0,5462019285187125; 0,03609483456239104; 0,5690227872692049; 0,6039976365864277; 0,5596528192982078
-0,5569389866713826; 0,42009545490145683; 0,6259153923019767; 0,7791265537962317; 0,38995946338400245; 0,321993145160377; 0,17492517083883286; 0,30226431461051106; 0,5484094270505011; 0,6798944580368698; 0,7380779036320746
0,16038592240853566; 0,9701380073092878; 0,32002504728734493; 0,572806338313967; 0,7269754651933908; 0,5853431248106062; 0,6768560409545898; 0,14480043854564428; 0,277029552962631; 0,10180122684687376; 0,5208597248420119
-0,4579130331901371; 0,17894487408921123; 0,18940016813576221; 0,3407784956507385; 0,4212541216984391; 0,24183749873191118; 0,912074030842632; 0,33176508266478777; 0,5217804838903248; 0,9392155432142317; 0,9548613196238875
1,345957197909954; 0,8312420416623354; 0,7949012676253915; 0,7189560602419078; 0,7590728793293238; 0,45731262397021055; 0,29053621273487806; 0,6199022489599884; 0,7830922771245241; 0,18373316386714578; 0,3769715507514775
-0,5070929946793159; 0,43918408546596766; 0,48817580845206976; 0,1074517616070807; 0,44825524743646383; 0,43893572641536593; 0,7720414097420871; 0,8148511657491326; 0,6482858173549175; 0,14286953723058105; 0,7690107547678053
0,058804853375527155; 0,7733139474876225; 0,8180827577598393; 0,42398403212428093; 0,2788147982209921; 0,24152333289384842; 0,5156100667081773; 0,749841037672013; 0,9826837927103043; 0,39090641820803285; 0,12007308984175324
-0,7317581158414251; 0,05449718749150634; 0,4931993340142071; 0,5358424335718155; 0,49815326975658536; 0,9330450785346329; 0,5099556790664792; 0,4279243042692542; 0,14665175369009376; 0,16819458408281207; 0,7921003098599613
-0,010295136840287655; 0,7728062439709902; 0,7145878141745925; 0,9173941691406071; 0,09864475624635816; 0,4137701322324574; 0,6488665398210287; 0,6181560568511486; 0,5005427477881312; 0,5604112697765231; 0,7846259931102395
0,12261274918345039; 0,6769112101756036; 0,18938279198482633; 0,026802933774888515; 0,15183368977159262; 0,8516395939514041; 0,1902633518911898; 0,828122719656676; 0,005490969400852919; 0,9491572384722531; 0,4184008124284446
-0,6575592017883111; 0,2734893695451319; 0,47464534593746066; 0,33429954294115305; 0,865342615172267; 0,5074563482776284; 0,9212995870038867; 0,10747298318892717; 0,9975369670428336; 0,22736624162644148; 0,009859728626906872
0,5257134968269987; 0,010980311781167984; 0,035942652728408575; 0,5897858589887619; 0,6450136061757803; 0,8533728234469891; 0,31099655479192734; 0,2214374183677137; 0,37528608459979296; 0,05534175829961896; 0,6672482187859714
-0,7946057670361127; 0,07476368080824614; 0,9032194991596043; 0,7473091534338892; 0,5762985176406801; 0,6136203100904822; 0,6880857367068529; 0,4514630464836955; 0,6393915535882115; 0,5560028487816453; 0,05046266410499811
-0,14501023692534443; 0,8993425890803337; 0,23875573836266994; 0,015285837464034557; 0,3386045419611037; 0,41476726112887263; 0,6843281933106482; 0,88565578404814; 0,7635527327656746; 0,8484196658246219; 0,9614764605648816
0,10124928316715154; 0,777741645462811; 0,7730986713431776; 0,5534235131926835; 0,38258239021524787; 0,46243205619975924; 0,9857266652397811; 0,09521203069016337; 0,9924719016999006; 0,5296829207800329; 0,7473188037984073
-0,6097838730635335; 0,3493522689677775; 0,19551511388272047; 0,49901978438720107; 0,26009190222248435; 0,3902855422347784; 0,232528496067971; 0,7331087277270854; 0,32326909014955163; 0,4961418421007693; 0,4470179956406355
0,26514642544798894; 0,6251610880717635; 0,9865314261987805; 0,60495843924582; 0,5882394495420158; 0,38325300393626094; 0,9553410434164107; 0,6028179074637592; 0,7266624919138849; 0,24386376654729247; 0,26309196511283517
-0,614240972676308; 0,2937337961047888; 0,7728041158989072; 0,5789143634028733; 0,09404058754444122; 0,7651655655354261; 0,7096727369353175; 0,7355618476867676; 0,2403048132546246; 0,940283278003335; 0,1723679336719215
0,39921648918208286; 0,9960888777859509; 0,9005808127112687; 0,6416744319722056; 0,5399568201974034; 0,5379122826270759; 0,04704973381012678; 0,5624010651372373; 0,8183051832020283; 0,9846462379209697; 0,6672571604140103
0,519037431646906; 0,9073794060386717; 0,8576966151595116; 0,663164718542248; 0,5345523534342647; 0,18762596137821674; 0,47990221716463566; 0,9836807958781719; 0,688036444131285; 0,7590826316736639; 0,43695984641090035
-0,7113519788087246; 0,0015934966504573822; 0,6587269934825599; 0,9502098746597767; 0,47599332267418504; 0,22855236707255244; 0,5046749161556363; 0,4575942805968225; 0,8467449308373034; 0,9381812186911702; 0,886906155385077
-0,19363849366724545; 0,6886323699727654; 0,2939494848251343; 0,8744869586080313; 0,3713740217499435; 0,742334000300616; 0,9616790022701025; 0,8545987992547452; 0,08948010159656405; 0,8979133712127805; 0,5873575317673385
-0,17059716863407687; 0,48272404400631785; 0,1737599279731512; 0,14297948870807886; 0,3563359435647726; 0,7466218648478389; 0,3109079129062593; 0,7210250748321414; 0,14295264752581716; 0,562310416251421; 0,4877837598323822
-0,5881053972835484; 0,4240921172313392; 0,5535064311698079; 0,6202518343925476; 0,10053194966167212; 0,998589588329196; 0,9016095995903015; 0,24718260997906327; 0,7722282577306032; 0,15029356395825744; 0,7430355385877192
1,035604791749652; 0,7327432320453227; 0,9741827696561813; 0,0777952317148447; 0,06742339860647917; 0,014644347131252289; 0,8567583477124572; 0,6089693894609809; 0,6206753635779023; 0,3808341403491795; 0,1222437140531838
0,3227675635005031; 0,6847137613222003; 0,08084907103329897; 0,5296987984329462; 0,7597203338518739; 0,15193621814250946; 0,6519437092356384; 0,9475674955174327; 0,8457910311408341; 0,8290119338780642; 0,35968232713639736
-0,7285252286519873; 0,19017510069534183; 0,7765287854708731; 0,7615942866541445; 0,2470435779541731; 0,4545680582523346; 0,9013543664477766; 0,6036755396053195; 0,3300983444787562; 0,8312226366251707; 0,7897488991729915
0,8001737873032527; 0,014534319750964642; 0,36716071562841535; 0,8191539281979203; 0,4879733039997518; 0,7333913189359009; 0,09021916426718235; 0,39963804837316275; 0,2657932904548943; 0,014523295685648918; 0,8190916618332267
-0,19584773342695594; 0,7641073521226645; 0,8698743316344917; 0,39004267286509275; 0,797691700514406; 0,9174534161575139; 0,7094172579236329; 0,09511892357841134; 0,4692951706238091; 0,38756850315257907; 0,20715679321438074
1,2588302373721754; 0,8796647917479277; 0,5181322260759771; 0,35471468698233366; 0,1811599680222571; 0,2599590066820383; 0,8908196757547557; 0,7941190912388265; 0,9022489883936942; 0,7507604025304317; 0,26440068194642663
1,3607768701108895; 0,8258180604316294; 0,9801163165830076; 0,7040419201366603; 0,5340046621859074; 0,11020841496065259; 0,6302906917408109; 0,9591206624172628; 0,8444270864129066; 0,4384927321225405; 0,022332686465233564
-0,3898116885206357; 0,7147461548447609; 0,05300918221473694; 0,46022553462535143; 0,797331104055047; 0,7159945704042912; 0,16920435288920999; 0,8350717616267502; 0,9681511758826673; 0,10600303998216987; 0,7111905999481678
0,42366651688989554; 0,3481835168786347; 0,4130959287285805; 0,41796143632382154; 0,3454454140737653; 0,07984133530408144; 0,47609161492437124; 0,9360692668706179; 0,8088255124166608; 0,3484263555146754; 0,16304487036541104
0,971491541960493; 0,839896559715271; 0,3758612358942628; 0,6679844073951244; 0,41027125995606184; 0,6463681370951235; 0,025065720081329346; 0,6483941064216197; 0,9448805525898933; 0,5935578620992601; 0,7671211501583457
1,1395468435130298; 0,5348530253395438; 0,39616264030337334; 0,4095257637090981; 0,7384227495640516; 0,33217401150614023; 0,4023438016884029; 0,7284329649992287; 0,2994862198829651; 0,3257543914951384; 0,2032088954001665
0,16783124930014018; 0,3582849050872028; 0,3049015048891306; 0,2187885381281376; 0,1519207446835935; 0,7216013506986201; 0,5262709562666714; 0,6665583704598248; 0,6815518601797521; 0,754934414755553; 0,5439117969945073
0,9768882514775877; 0,23691466823220253; 0,2610667860135436; 0,5986568126827478; 0,9900605883449316; 0,9466753951273859; 0,10269270185381174; 0,5548565736971796; 0,8389424872584641; 0,9303246727213264; 0,6431299848482013
-0,554099648678203; 0,45259410375729203; 0,5100532984361053; 0,13703810097649693; 0,6538135013543069; 0,23656408954411745; 0,1634985883720219; 0,6763483113609254; 0,03299025585874915; 0,30878845835104585; 0,7480384376831353
-0,702001019979545; 0,23272065492346883; 0,6371569843031466; 0,5436424612998962; 0,8067031474784017; 0,41047975840047; 0,18575337575748563; 0,7712973551824689; 0,17136178677901626; 0,9202796807512641; 0,6566962348297238
1,3908315674797378; 0,9444077527150512; 0,15695695532485843; 0,47068618703633547; 0,22593282535672188; 0,9233499993570149; 0,7136474223807454; 0,224100929684937; 0,7064605625346303; 0,3593772775493562; 0,4035093472339213
1,2175850583415655; 0,6707068183459342; 0,792029146105051; 0,5925113502889872; 0,5741751687601209; 0,636582225561142; 0,48261208133772016; 0,6067649815231562; 0,8787345332093537; 0,978350967168808; 0,8880687081255019
1,1005772853017752; 0,873675970826298; 0,6088887867517769; 0,7867868826724589; 0,9095202060416341; 0,49308571172878146; 0,8958371710032225; 0,47770913783460855; 0,12598676420748234; 0,536032882053405; 0,7559938263148069
-0,27187376580516875; 0,889825040474534; 0,7811200809665024; 0,5159762641415; 0,009367885068058968; 0,7403298313729465; 0,7575616501271725; 0,9919040547683835; 0,8158856364898384; 0,37060399958863854; 0,8904795642010868
1,0675986421079189; 0,4605893399566412; 0,29308131197467446; 0,9150941050611436; 0,7318482561968267; 0,5272377789951861; 0,9670034679584205; 0,003466107416898012; 0,40849731117486954; 0,14972290163859725; 0,7385596204549074
0,02685528156522171; 0,6438885028474033; 0,3419378404505551; 0,8191073555499315; 0,9862919468432665; 0,9633861128240824; 0,9096533101983368; 0,6918932953849435; 0,6307874652557075; 0,33168044313788414; 0,27133353892713785
-0,5848765190970497; 0,040981010533869267; 0,4382584532722831; 0,4290753770619631; 0,5966691770590842; 0,496084236074239; 0,514016111381352; 0,3183875558897853; 0,1958188582211733; 0,7161963651888072; 0,5059118601493537
1,3288496765524522; 0,8734702938236296; 0,8983697961084545; 0,5936514087952673; 0,048412120435386896; 0,05473656626418233; 0,2158382860943675; 0,4245035848580301; 0,2657111408188939; 0,32679081708192825; 0,4286476718261838
1,0378323377511347; 0,3837212026119232; 0,040995178278535604; 0,11426067538559437; 0,6820682468824089; 0,06820544973015785; 0,9324308820068836; 0,9509186740033329; 0,736564735416323; 0,011852667201310396; 0,44765172712504864
0,8544795449414938; 0,9775622193701565; 0,22662023827433586; 0,494020932354033; 0,7742376993410289; 0,19005923299118876; 0,08113957243040204; 0,6689139809459448; 0,8081814423203468; 0,7638002918101847; 0,9802946243435144
1,1111827513710768; 0,7426617508754134; 0,34289217088371515; 0,838327600620687; 0,537156019359827; 0,8105211723595858; 0,6506370776332915; 0,5787194012664258; 0,0205192556604743; 0,22469279449433088; 0,11725807189941406
0,30658466461761225; 0,7388135422952473; 0,7367719048634171; 0,6824653400108218; 0,584131068084389; 0,24246860900893807; 0,4196839723736048; 0,45989971002563834; 0,6758421747945249; 0,003374338150024414; 0,9062534333206713
0,5499460172570021; 0,26159224286675453; 0,940300056245178; 0,10014760959893465; 0,9395504188723862; 0,05520730605348945; 0,26489631552249193; 0,25488681998103857; 0,5079212016426027; 0,6122537963092327; 0,3685781089589
0,015364715290132065; 0,11038135550916195; 0,6523688603192568; 0,8694662270136178; 0,34517482994124293; 0,2951893392018974; 0,8752479888498783; 0,5830780803225935; 0,15111928805708885; 0,8818908100947738; 0,5105791660025716
0,7429167965259276; 0,2015281873755157; 0,4156431658193469; 0,592253060080111; 0,748156872112304; 0,21616096887737513; 0,378392961807549; 0,09410310862585902; 0,6200818405486643; 0,10528576979413629; 0,5326519487425685
-0,4502430979882802; 0,1632797559723258; 0,35725605487823486; 0,8795642643235624; 0,7153605702333152; 0,9774920204654336; 0,037776149809360504; 0,6944032972678542; 0,033844307996332645; 0,08150698943063617; 0,252793004270643
0,05747468594296179; 0,8230169019661844; 0,5445806607604027; 0,45091396709904075; 0,5447757258079946; 0,8144303974695504; 0,09293231321498752; 0,1109450850635767; 0,14173391414806247; 0,00011928891763091087; 0,26859722658991814
0,11573979237255239; 0,4321622336283326; 0,06214081170037389; 0,19280577264726162; 0,38876871997490525; 0,10990336909890175; 0,3131122668273747; 0,7397447391413152; 0,9269822943024337; 0,8921135193668306; 0,9583993349224329
0,12792409190168164; 0,7150627737864852; 0,18129477370530367; 0,7755339932627976; 0,9987417315132916; 0,23319757357239723; 0,3674908294342458; 0,8251588572748005; 0,2511880616657436; 0,9253330267965794; 0,1727366060949862
-0,7920491034856897; 0,07752991886809468; 0,23572738328948617; 0,7666533291339874; 0,16867792326956987; 0,9420940992422402; 0,03328194376081228; 0,8368707094341516; 0,556704178918153; 0,0881511652842164; 0,2164161428809166
0,8481122035464482; 0,03173984866589308; 0,6498102657496929; 0,2219234062358737; 0,21394107304513454; 0,24704512720927596; 0,3426500461064279; 0,07019730377942324; 0,006107264198362827; 0,7994386125355959; 0,14736338378861547
0,8818188783731131; 0,9649838437326252; 0,46457347087562084; 0,9798679160885513; 0,07157568167895079; 0,6741723255254328; 0,6571001913398504; 0,5905213723890483; 0,07714685751125216; 0,0440136743709445; 0,12439949298277497
0,9651039816077018; 0,9190115234814584; 0,028271366842091084; 0,1817514756694436; 0,955755400005728; 0,24058964429423213; 0,8637151350267231; 0,7834710120223463; 0,37396619003266096; 0,8513178927823901; 0,9051358131691813
-0,09452575179490658; 0,6330677946098149; 0,11301521630957723; 0,732025480363518; 0,9154190644621849; 0,7996631045825779; 0,6433989121578634; 0,1814614157192409; 0,008710866328328848; 0,4772984595037997; 0,4447488412261009
0,394314675799843; 0,9889191808179021; 0,16318865632638335; 0,8236026684753597; 0,48385685170069337; 0,78590531880036; 0,8288741819560528; 0,7322753085754812; 0,19318591617047787; 0,44430994847789407; 0,17618014756590128
-0,48520952464165196; 0,14178720582276583; 0,6899732137098908; 0,1982475407421589; 0,8047696892172098; 0,5404191738925874; 0,16784494649618864; 0,10463051358237863; 0,9970399830490351; 0,7007210627198219; 0,14878848986700177
0,7930421036942179; 0,4571766913868487; 0,4770776517689228; 0,8565424829721451; 0,2726177931763232; 0,4911250099539757; 0,03895594272762537; 0,8775148028507829; 0,9659053375944495; 0,3462483682669699; 0,6004857937805355
-0,5416815137157973; 0,3735416163690388; 0,5221845861524343; 0,7522949231788516; 0,5703605557791889; 0,8070761784911156; 0,14756775088608265; 0,3362049967981875; 0,8658491335809231; 0,9659003424458206; 0,9204029473476112
-0,7235707936891262; 0,18913095816969872; 0,6838824013248086; 0,43939410289749503; 0,40546412393450737; 0,003271839115768671; 0,22526373295113444; 0,6612800760194659; 0,6776195340789855; 0,11913132714107633; 0,4400833286345005
-0,3739428827646501; 0,5788875478319824; 0,9840917908586562; 0,12242725491523743; 0,1432559317909181; 0,24336604867130518; 0,6824409156106412; 0,040579830296337605; 0,3040368380025029; 0,1022018096409738; 0,08602174883708358
-0,5570484532436553; 0,02715402515605092; 0,8793394197709858; 0,7082241629250348; 0,5560608003288507; 0,08478385582566261; 0,09254763787612319; 0,8216102565638721; 0,5480965143069625; 0,22843014495447278; 0,6436890121549368
-0,18892285958487143; 0,8691724096424878; 0,8230419089086354; 0,22678978042677045; 0,8448550677858293; 0,08860002271831036; 0,32678015530109406; 0,12422215240076184; 0,5205370313487947; 0,8765719295479357; 0,5479664825834334
-0,05381423229762905; 0,9797715218737721; 0,4386002575047314; 0,6633836040273309; 0,09528213273733854; 0,44014194468036294; 0,25023955991491675; 0,4569374620914459; 0,3081340775825083; 0,3377483282238245; 0,42134974943473935
-0,2773800876969392; 0,8175398041494191; 0,5628110314719379; 0,4527063053101301; 0,9575234213843942; 0,46737881610170007; 0,2678333525545895; 0,07166115334257483; 0,8965613711625338; 0,6347575671970844; 0,39060248201712966
-0,2653268774970212; 0,7007230361923575; 0,4978668284602463; 0,15460953582078218; 0,6945286034606397; 0,08844069158658385; 0,7874185857363045; 0,29847525246441364; 0,5955129680223763; 0,6856369129382074; 0,7711110725067556
-0,32889293608377645; 0,8085265746340156; 0,7959217149764299; 0,29273177310824394; 0,6959042437374592; 0,6251309551298618; 0,4032393912784755; 0,6826548241078854; 0,1694067264907062; 0,8090008087456226; 0,4843825506977737
-0,37000976964942334; 0,7569122109562159; 0,10415061609819531; 0,006895261351019144; 0,4933028710074723; 0,5960474638268352; 0,8066757880151272; 0,8135566022247076; 0,902284833136946; 0,7922182474285364; 0,08984242659062147
-0,2259867632635777; 0,9363654972985387; 0,9114098683930933; 0,334561238065362; 0,7421548869460821; 0,9930921392515302; 0,5285738296806812; 0,9882788127288222; 0,6824922128580511; 0,5425168378278613; 0,5365593573078513
1,1650347515589417; 0,539531066082418; 0,6045469506643713; 0,014304440468549728; 0,3282105280086398; 0,17110169027000666; 0,6767370766028762; 0,8924928898923099; 0,6164606451056898; 0,8663979568518698; 0,5216369801200926
1,2196317719258758; 0,7013051873072982; 0,6784189282916486; 0,07351838983595371; 0,7795374188572168; 0,18783447705209255; 0,9788424111902714; 0,46890553506091237; 0,7544126119464636; 0,374867785256356; 0,05626423889771104
-0,12433609891794892; 0,1555073456838727; 0,9311029971577227; 0,04639656702056527; 0,2464816588908434; 0,3873588019050658; 0,4193986728787422; 0,3929771790280938; 0,5628585037775338; 0,7363351192325354; 0,23404266638681293
0,5862484570225132; 0,5585590675473213; 0,645332791376859; 0,10402184166014194; 0,44097800040617585; 0,07684848736971617; 0,07282900344580412; 0,005636407993733883; 0,43170777102932334; 0,12457929830998182; 0,16470708465203643
1,098979336405381; 0,6280661029741168; 0,9226857656612992; 0,8145098765380681; 0,6684716292656958; 0,3028905806131661; 0,03871449176222086; 0,7671944391913712; 0,41134459152817726; 0,4540719478391111; 0,20746534038335085
-0,17623666536590638; 0,7748822527937591; 0,7543574767187238; 0,26902499375864863; 0,5762101975269616; 0,6273236093111336; 0,5477723344229162; 0,24519637506455183; 0,7220411719754338; 0,85572754079476; 0,500097069889307
-0,31747156772980706; 0,5910719214007258; 0,5743263368494809; 0,8120882539078593; 0,48713897075504065; 0,4105784581042826; 0,7612278624437749; 0,14449199754744768; 0,9433614360168576; 0,2713036322966218; 0,47347394563257694
-0,34999969699756645; 0,712598932441324; 0,27747743856161833; 0,6392443585209548; 0,4646114492788911; 0,6537613342516124; 0,6494492725469172; 0,15742767788469791; 0,8494897116906941; 0,5990638891234994; 0,17919887835159898
-0,0959365249656986; 0,4282635278068483; 0,4551012124866247; 0,0611069155856967; 0,8651593904942274; 0,6476572146639228; 0,8639993886463344; 0,9618971208110452; 0,9489724743179977; 0,19152579875662923; 0,5822695596143603
1,1118873308120312; 0,5788316451944411; 0,10029408615082502; 0,08607788709923625; 0,9926482057198882; 0,09634798998013139; 0,4004754526540637; 0,22377514466643333; 0,21804912853986025; 0,48893110221251845; 0,2172343023121357
0,9665412971039619; 0,26650291681289673; 0,8858380545862019; 0,7946919002570212; 0,09533812059089541; 0,5647249058820307; 0,2529926639981568; 0,053064859472215176; 0,3321002097800374; 0,2928236685693264; 0,16539219301193953
0,5797390364733268; 0,5396533054299653; 0,9822491719387472; 0,010075920261442661; 0,5681821401230991; 0,18429174507036805; 0,4392550936900079; 0,8160441536456347; 0,8896128516644239; 0,6294196867384017; 0,28354597371071577
1,3125022834912496; 0,8584702056832612; 0,8325204830616713; 0,4750644341111183; 0,508555622305721; 0,49088692432269454; 0,656743791885674; 0,24511069105938077; 0,22297071292996407; 0,07633176213130355; 0,722218010108918
0,7121353188009534; 0,47666669311001897; 0,8996760006994009; 0,6495460229925811; 0,016439057420939207; 0,2885701241903007; 0,15120679279789329; 0,7702929922379553; 0,4156267330981791; 0,8743782457895577; 0,32042568968608975
-0,7222282211082437; 0,09429288329556584; 0,27735288394615054; 0,1395199140533805; 0,29494593711569905; 0,30868708062916994; 0,04902198212221265; 0,5751025816425681; 0,8296338268555701; 0,6717175277881324; 0,7605467266403139
-0,4332985607811146; 0,6238935478031635; 0,3636715104803443; 0,3539239796809852; 0,003774548415094614; 0,14262314699590206; 0,7092441781423986; 0,22117816098034382; 0,5122230495326221; 0,6876559071242809; 0,5529890209436417
-0,4081286393967044; 0,30371578643098474; 0,7775841131806374; 0,14980842312797904; 0,180717377923429; 0,37607863126322627; 0,851399780716747; 0,1934527507983148; 0,015672103501856327; 0,31474610650911927; 0,1392380055040121
-0,5431654207557206; 0,1399957137182355; 0,24407013412564993; 0,9676826954819262; 0,9912832188419998; 0,4124320223927498; 0,5508094313554466; 0,671644339337945; 0,44545139092952013; 0,6971081160008907; 0,18826224468648434
-0,25816490672926534; 0,1171370642259717; 0,14890962187200785; 0,22314116219058633; 0,5281280996277928; 0,498919730540365; 0,6833698051050305; 0,4104359387420118; 0,4571030563674867; 0,7643284508958459; 0,9058939716778696
0,7589972443382538; 0,1157571766525507; 0,2981551396660507; 0,8413007273338735; 0,45806706696748734; 0,4842446227557957; 0,6615994214080274; 0,5187579407356679; 0,9373465990647674; 0,18127402011305094; 0,44835885846987367
0,7948374128631515; 0,6111557683907449; 0,8606559387408197; 0,8005178347229958; 0,5089986701495945; 0,7329463195055723; 0,9732501562684774; 0,2561686113476753; 0,6868195598945022; 0,024134919047355652; 0,7876871936023235
-0,10317401169119016; 0,17167796939611435; 0,12237599724903703; 0,4597809361293912; 0,5704203126952052; 0,12873011687770486; 0,6224856502376497; 0,2953440761193633; 0,8776905280537903; 0,3842864544130862; 0,14350164867937565
0,2747877740502515; 0,6988988313823938; 0,8150321030989289; 0,7163851936347783; 0,46155501157045364; 0,6149377832189202; 0,3895775591954589; 0,985962844453752; 0,7840042877942324; 0,1938765593804419; 0,5369428228586912
0,7605088266524976; 0,20651244465261698; 0,34398883348330855; 0,40124128200113773; 0,2746371072717011; 0,6121737882494926; 0,721351062413305; 0,38763170409947634; 0,31920484779402614; 0,46278196992352605; 0,6115298001095653
-0,6725797802290978; 0,12765394058078527; 0,7957307766191661; 0,4822422885335982; 0,5612842286936939; 0,754877982661128; 0,6365037080831826; 0,47471970599144697; 0,4558040574193001; 0,28850717144086957; 0,39560474874451756
-0,04641103966292337; 0,1419898672029376; 0,17345926631242037; 0,726324062794447; 0,9343732646666467; 0,0002587619237601757; 0,07802377128973603; 0,16332326689735055; 0,368096184451133; 0,8438506866805255; 0,003106808289885521
-0,09160433241579763; 0,3290446042083204; 0,8395386817865074; 0,22973235044628382; 0,40437262458726764; 0,8131972094997764; 0,40419343253597617; 0,12542228028178215; 0,3805196532048285; 0,8649943568743765; 0,45074147218838334
0,23836751544232393; 0,5620226846076548; 0,6338920891284943; 0,989268837030977; 0,5628380659036338; 0,10844691470265388; 0,5550182107836008; 0,466462274082005; 0,34136027842760086; 0,3350876085460186; 0,4672544626519084
-0,64714109939155; 0,3174243625253439; 0,11505952151492238; 0,04594070464372635; 0,5749385822564363; 0,8393829939886928; 0,43554368428885937; 0,44741496117785573; 0,5983087136410177; 0,2558281277306378; 0,8154428969137371
0,8663877997436783; 0,926732818596065; 0,13988766027614474; 0,5488687246106565; 0,3534026751294732; 0,2724050194956362; 0,10654475120827556; 0,5120385643094778; 0,11418034275993705; 0,7287517036311328; 0,5811309413984418
-0,417353902077043; 0,6888466104865074; 0,4835655055940151; 0,7275581206195056; 0,034367202781140804; 0,4839699128642678; 0,3421070114709437; 0,8929926585406065; 0,5603349502198398; 0,8685458316467702; 0,17043402511626482
-0,04127702076181562; 0,08719928981736302; 0,03852546447888017; 0,12395542906597257; 0,2255646400153637; 0,7300608726218343; 0,334568097256124; 0,591889563947916; 0,3520574741996825; 0,7908075521700084; 0,6786238430067897
-0,8185220483623423; 0,03912085108458996; 0,324101556558162; 0,043858304154127836; 0,4596183146350086; 0,3795339986681938; 0,9445758364163339; 0,16133698355406523; 0,0644671618938446; 0,22117592813447118; 0,707458175253123
0,5178072712013795; 0,9653250761330128; 0,8782426621764898; 0,18517583515495062; 0,26858988497406244; 0,30682422360405326; 0,04313093703240156; 0,09779351158067584; 0,31213599909096956; 0,3751350990496576; 0,24347241828218102
0,8170590402744713; 0,37873663008213043; 0,43448709277436137; 0,2841825978830457; 0,8383943107910454; 0,06836104486137629; 0,6694260239601135; 0,8879453050903976; 0,23529616836458445; 0,17695838818326592; 0,4816564437933266
-0,7407733243271292; 0,10712494840845466; 0,7714118249714375; 0,5013841725885868; 0,5847662049345672; 0,9216849515214562; 0,9624427305534482; 0,6361277098767459; 0,6816605939529836; 0,845113692805171; 0,23419465916231275
-0,03706247661226131; 0,32559945061802864; 0,9649629746563733; 0,8934916714206338; 0,4947277936153114; 0,9985075271688402; 0,21805250784382224; 0,04940794548019767; 0,25229903077706695; 0,31062690587714314; 0,9165486837737262
0,3873128078160438; 0,7884868611581624; 0,23784876335412264; 0,35921201575547457; 0,651666569057852; 0,7348817074671388; 0,6157785495743155; 0,42643847595900297; 0,3406517980620265; 0,882955736014992; 0,384397070389241
1,018380018284681; 0,33950990345329046; 0,654421953484416; 0,05542779713869095; 0,32737063616514206; 0,3352855802513659; 0,6998370685614645; 0,2214836128987372; 0,11775392713025212; 0,875904789660126; 0,09291885094717145
0,31828986471901766; 0,7183906598947942; 0,5039534061215818; 0,7279792590998113; 0,8826244603842497; 0,08382415818050504; 0,5520953936502337; 0,8187914881855249; 0,6737459185533226; 0,08090858580544591; 0,15674749528989196
0,24513073852962813; 0,10160250449553132; 0,3902404475957155; 0,7678515971638262; 0,9112726571038365; 0,9013082962483168; 0,6969790407456458; 0,9759490787982941; 0,3454495081678033; 0,37028754176571965; 0,5225022002123296
-0,32363850961571217; 0,7625577268190682; 0,8806575275957584; 0,9059882215224206; 0,46139718033373356; 0,013695609290152788; 0,4556973925791681; 0,8909891536459327; 0,38500396674498916; 0,42749767238274217; 0,3604174158535898
-0,4570802099403983; 0,030803329776972532; 0,09971514204517007; 0,9648184580728412; 0,5361678162589669; 0,6030599009245634; 0,7059608809649944; 0,6913848062977195; 0,16988927405327559; 0,6270357202738523; 0,8538732384331524
1,0073028572438223; 0,6207897560670972; 0,35833792202174664; 0,8203012268058956; 0,6932343458756804; 0,31242710817605257; 0,9559498787857592; 0,869068406522274; 0,818137458525598; 0,2805903251282871; 0,47797447023913264
0,17373478333184905; 0,4961030185222626; 0,14279122091829777; 0,7718992796726525; 0,35593863343819976; 0,13173718331381679; 0,41708567878231406; 0,46396932285279036; 0,8561954777687788; 0,21195869240909815; 0,42521814117208123
-0,7343028435973203; 0,18290033098310232; 0,5326065788976848; 0,657672799192369; 0,11314372811466455; 0,6559477690607309; 0,913199788890779; 0,6569688557647169; 0,010082571301609278; 0,7664482109248638; 0,08813728298991919
0,0816342966520558; 0,7794938469305634; 0,3851219550706446; 0,036387036088854074; 0,6211931682191789; 0,24779614666476846; 0,9021202414296567; 0,41950262570753694; 0,7532750074751675; 0,5095384498126805; 0,9306244030594826
-0,3868834391069327; 0,6256080032326281; 0,8341164393350482; 0,8714316901750863; 0,8519792906008661; 0,2710971995256841; 0,8330685198307037; 0,7308091032318771; 0,7325595752336085; 0,7953761583194137; 0,0029383646324276924
-0,7292633167634506; 0,03391698654741049; 0,9800648326054215; 0,8689124882221222; 0,8524367162026465; 0,6432754453271627; 0,45175160793587565; 0,1480547017417848; 0,20935976365581155; 0,9859138210304081; 0,6306018489412963
1,2708997649661569; 0,698590855114162; 0,2634402075782418; 0,5938681215047836; 0,2550424188375473; 0,2708435049280524; 0,505536847282201; 0,14512018533423543; 0,21411404805257916; 0,8654879690147936; 0,04606461664661765
0,7177547263869346; 0,10241787228733301; 0,6765526002272964; 0,9572707670740783; 0,6629897421225905; 0,4460129588842392; 0,2902659745886922; 0,7631021179258823; 0,6527067543938756; 0,7308527790009975; 0,5258308704942465
-0,4385606319810009; 0,5648337570019066; 0,5382051314227283; 0,9803959643468261; 0,6048481166362762; 0,8030866552144289; 0,47892251471057534; 0,349921356420964; 0,4726449134759605; 0,04954897193238139; 0,6358899683691561
-0,21516001308549007; 0,3484914409928024; 0,8526205993257463; 0,6853218218311667; 0,2506958222948015; 0,6722189225256443; 0,3598100249655545; 0,4698692327365279; 0,3341024690307677; 0,3041074201464653; 0,9586396389640868
-0,17608690271253452; 0,7768294070847332; 0,6830436433665454; 0,17332807136699557; 0,5773017718456686; 0,6502502202056348; 0,8370621250942349; 0,00807049311697483; 0,755818996578455; 0,818245598115027; 0,28921962017193437
-0,31087069893140606; 0,8080538832582533; 0,8959801257587969; 0,9391232873313129; 0,9105230653658509; 0,7621279512532055; 0,8201629589311779; 0,4499340383335948; 0,35666739335283637; 0,31170600932091475; 0,1866046879440546
-0,7320472581066448; 0,1676633870229125; 0,01912342617288232; 0,08017932530492544; 0,06982305413112044; 0,39318844955414534; 0,2939861617051065; 0,4176529427058995; 0,5184555547311902; 0,8700173087418079; 0,5070702312514186
-0,4140237921060342; 0,6932631158269942; 0,9748244769871235; 0,9277463117614388; 0,09135377453640103; 0,42162728402763605; 0,8874240629374981; 0,03135776333510876; 0,034503585658967495; 0,11351113906130195; 0,5565537097863853
0,07162907621266434; 0,7429625517688692; 0,1233846670947969; 0,47844934510067105; 0,1492261136882007; 0,05640567559748888; 0,6301521877758205; 0,02656846074387431; 0,7390161133371294; 0,21526553435251117; 0,10688201803714037
0,04770871676492122; 0,4549650140106678; 0,28594158217310905; 0,640139794908464; 0,3621607073582709; 0,9289002255536616; 0,2482912102714181; 0,6144816856831312; 0,4592789397574961; 0,9840701380744576; 0,2689468483440578
0,28706998165774844; 0,672374804969877; 0,2625077785924077; 0,8493403610773385; 0,315008491743356; 0,9810192994773388; 0,1421585353091359; 0,5598898837342858; 0,9870489593595266; 0,15217728354036808; 0,1506703277118504
0,5258103776689973; 0,06009442452341318; 0,5415767831727862; 0,021101744379848242; 0,6949100373312831; 0,6731469435617328; 0,001685689203441143; 0,20066305855289102; 0,6868956764228642; 0,599132854025811; 0,920721550937742
-0,4158085515435008; 0,17223019432276487; 0,25211757235229015; 0,8686400097794831; 0,5893728933297098; 0,0013599097728729248; 0,08963802177459002; 0,18754292093217373; 0,6850358159281313; 0,39921848056837916; 0,8921045791357756
0,1289751356360085; 0,760808571241796; 0,6008205669932067; 0,40024254610762; 0,5206991075538099; 0,3931432836689055; 0,5294776633381844; 0,32599979918450117; 0,7014492591843009; 0,993004403077066; 0,15109523432329297
0,25080015661689475; 0,815983556676656; 0,946188214700669; 0,6253116419538856; 0,9629898145794868; 0,023245203774422407; 0,24150707805529237; 0,24474645406007767; 0,9917385773733258; 0,38527317019179463; 0,7718472005799413
0,34191319565326117; 0,7756717843003571; 0,18058786541223526; 0,277028055395931; 0,23923766799271107; 0,4084710031747818; 0,618432339746505; 0,5111436694860458; 0,2904796293005347; 0,6849915962666273; 0,7372968727722764
0,21443779063833818; 0,9269352545961738; 0,25097877299413085; 0,20202366914600134; 0,45570280821993947; 0,7669192762114108; 0,5175337386317551; 0,038361985702067614; 0,22965034702792764; 0,34934416273608804; 0,20614561485126615
-0,18715827442924587; 0,6765764239244163; 0,7714484701864421; 0,9093846092000604; 0,9521484063006938; 0,9975642967037857; 0,8363249618560076; 0,33263474702835083; 0,34545784816145897; 0,644767134450376; 0,7194724343717098
-0,3105465080177128; 0,8126476984471083; 0,965436183847487; 0,15766885317862034; 0,9158161752857268; 0,4669472612440586; 0,7185933268629014; 0,47469606157392263; 0,019105917308479548; 0,23651187401264906; 0,1551537588238716
-0,4366509667534274; 0,445735321380198; 0,3431806219741702; 0,04437382146716118; 0,926815350074321; 0,2591853537596762; 0,751871005166322; 0,16950839199125767; 0,8476390545256436; 0,3356924424879253; 0,2517698365263641
-0,6398692141971227; 0,3014546441845596; 0,3828261657617986; 0,28615776263177395; 0,586100806016475; 0,7305880738422275; 0,8721938799135387; 0,6068299440667033; 0,343972300644964; 0,8594305389560759; 0,2621604045853019
0,7136588440861259; 0,06932816049084067; 0,23855567118152976; 0,991412497125566; 0,34754434414207935; 0,696313819848001; 0,003945640753954649; 0,5858021206222475; 0,03427817905321717; 0,7178297825157642; 0,6345562380738556
-0,2687772519231579; 0,5612193034030497; 0,706821545958519; 0,12135596526786685; 0,18523508869111538; 0,7563983383588493; 0,9002985940314829; 0,4434736268594861; 0,008174936287105083; 0,8476230804808438; 0,9416814595460892
0,28505951465890356; 0,7313467510975897; 0,02964872121810913; 0,1943443831987679; 0,3202206348069012; 0,15192033629864454; 0,5965063939802349; 0,6725487201474607; 0,20162913436070085; 0,2128767715767026; 0,046185825020074844
0,3033128328723118; 0,7775091440416873; 0,1053376249037683; 0,8358478196896613; 0,28163230791687965; 0,8445528629235923; 0,46928268810734153; 0,4888691990636289; 0,9875373905524611; 0,505514660384506; 0,9313494758680463
0,3068758442703299; 0,6533513679169118; 0,12907900335267186; 0,9215852348133922; 0,38406771002337337; 0,8317774296738207; 0,6798875681124628; 0,17760769836604595; 0,8623486035503447; 0,45091946516186; 0,7041033548302948
-0,3774977543891643; 0,14139701798558235; 0,9345384044572711; 0,9060119003988802; 0,3279461394995451; 0,885568920057267; 0,8898378303274512; 0,5251786061562598; 0,46213344344869256; 0,19368216581642628; 0,6936368527822196
0,6353532819384977; 0,652860096655786; 0,634494308847934; 0,22802559658885002; 0,1038715192116797; 0,6979055595584214; 0,3782463511452079; 0,645933416672051; 0,023375642951577902; 0,9694477156735957; 0,24307770328596234
0,19717215709459196; 0,2664859788492322; 0,6231734841130674; 0,04684388730674982; 0,9006683300249279; 0,3761538164690137; 0,7363131358288229; 0,3509316951967776; 0,1862093349918723; 0,0749945119023323; 0,34053963143378496
-0,36636532099327934; 0,7317099985666573; 0,8119983333162963; 0,2922588814981282; 0,4416592097841203; 0,25668154237791896; 0,46738640032708645; 0,7163985008373857; 0,2621973967179656; 0,6729945540428162; 0,9325195816345513
1,1153010380787867; 0,46641570422798395; 0,809379103127867; 0,16169069381430745; 0,03974788775667548; 0,2702122633345425; 0,06462586019188166; 0,11180631630122662; 0,44350934540852904; 0,31850308645516634; 0,1087670517154038
0,8451837758289183; 0,9846910848282278; 0,7578567243181169; 0,8507351521402597; 0,009918136987835169; 0,3573754676617682; 0,5606178431771696; 0,09719483368098736; 0,3313076011836529; 0,9091155165806413; 0,26026637898758054
-0,32694993242608833; 0,33303926419466734; 0,5189723460935056; 0,6955168363638222; 0,9624592028558254; 0,6996130938641727; 0,9234264390543103; 0,2053285608999431; 0,8743874290958047; 0,6369076310656965; 0,3898694138042629
-0,31017786140223313; 0,834550030529499; 0,7100517549552023; 0,45725432876497507; 0,3907804377377033; 0,5967257847078145; 0,011746254283934832; 0,015556814149022102; 0,21378249116241932; 0,7180581483989954; 0,7293325355276465
-0,09877427255733565; 0,3977345176972449; 0,5003500231541693; 0,6353091690689325; 0,7081773523241282; 0,37156925117596984; 0,40913723362609744; 0,8412112812511623; 0,230902761220932; 0,6129396511241794; 0,11487245745956898
0,8472046638252344; 0,02661940921097994; 0,8734192098490894; 0,05576606746762991; 0,31325617898255587; 0,8217687085270882; 0,8122319136746228; 0,9566805763170123; 0,15796575183048844; 0,001941549126058817; 0,7397460918873549
-0,7565872644379147; 0,0007210136391222477; 0,665904832072556; 0,32446794863790274; 0,07011040858924389; 0,42046310286968946; 0,02096516266465187; 0,829023112077266; 0,3213515980169177; 0,1380220763385296; 0,7819005367346108
-0,2880597088468811; 0,7921765255741775; 0,7195430775173008; 0,1943207080475986; 0,6761655379086733; 0,030673451721668243; 0,128953967243433; 0,9080548430792987; 0,5486064604483545; 0,3545549246482551; 0,3905573426745832
-0,44057029295752; 0,22494620783254504; 0,2428038683719933; 0,2712736027315259; 0,9831826230511069; 0,44613896077498794; 0,055738267954438925; 0,8539504045620561; 0,6816572062671185; 0,42275820998474956; 0,2722475421614945
0,9345265985199562; 0,4917637328617275; 0,8572189370170236; 0,47226229030638933; 0,6743048522621393; 0,9412512290291488; 0,7434646426700056; 0,9670371315442026; 0,6355695985257626; 0,9908189582638443; 0,8681825692765415
-0,3061489178530099; 0,3308483618311584; 0,3223013710230589; 0,6155811231583357; 0,2957095173187554; 0,5472085699439049; 0,7984965918585658; 0,8911032825708389; 0,20129649294540286; 0,06390610011294484; 0,5567363239824772
0,2265873308465245; 0,5674715843051672; 0,8863966511562467; 0,0759907690808177; 0,6850936836563051; 0,06668895902112126; 0,6461970433592796; 0,08848607540130615; 0,6645183335058391; 0,18241833709180355; 0,8878297368064523
-0,14463542708595323; 0,8044625618495047; 0,5364468777552247; 0,19094466418027878; 0,5838377675972879; 0,8274157494306564; 0,9922174313105643; 0,7583375396206975; 0,8957662847824395; 0,7342643504962325; 0,2958029764704406
0,31197878927551653; 0,6057009929791093; 0,971658234950155; 0,5303495381958783; 0,004034555051475763; 0,8873098357580602; 0,9348901873454452; 0,31186135672032833; 0,05409005284309387; 0,8547147177159786; 0,5718741794116795
0,12337643277574975; 0,42340775253251195; 0,6550842835567892; 0,03309429157525301; 0,6581299863755703; 0,9054296198301017; 0,8616779805161059; 0,07739260094240308; 0,3886305307969451; 0,8354970328509808; 0,7439422109164298
0,7669331895129103; 0,1726405373774469; 0,6428916393779218; 0,41276263585314155; 0,2540401420556009; 0,9877202198840678; 0,9846241911873221; 0,7655392377637327; 0,7686646860092878; 0,8823665641248226; 0,6217324296012521
-0,44328187405589925; 0,5577761433087289; 0,4506188933737576; 0,5214459816925228; 0,33348678378388286; 0,5356149319559336; 0,1483842791058123; 0,28981876000761986; 0,8979313620366156; 0,6123468256555498; 0,36681021144613624
-0,4259456498240941; 0,603258871473372; 0,5312771066091955; 0,013157859910279512; 0,39428618364036083; 0,5234525529667735; 0,006607859395444393; 0,9398890305310488; 0,9176608962006867; 0,4162382106296718; 0,8861949811689556
0,2302093220980062; 0,9643454169854522; 0,25818406557664275; 0,36026261281222105; 0,3224624339491129; 0,3745916676707566; 0,869921300560236; 0,32557860761880875; 0,4015971734188497; 0,06528834253549576; 0,3361649843864143
0,8315384528381085; 0,8016577325761318; 0,826113757211715; 0,46696314215660095; 0,34328039875254035; 0,31776986131444573; 0,3889186908490956; 0,262058493681252; 0,11478096060454845; 0,5285083805210888; 0,3919911654666066
0,8465834528094334; 0,5805863682180643; 0,6076040891930461; 0,4950022390112281; 0,8400008059106767; 0,28226714953780174; 0,5489074820652604; 0,18841112358495593; 0,706592028029263; 0,9130103774368763; 0,296876672655344
0,25409127377772106; 0,6304755676537752; 0,05297853937372565; 0,2401192206889391; 0,44464201712980866; 0,9058109074831009; 0,42183917248621583; 0,5814709458500147; 0,27208753069862723; 0,7321891509927809; 0,2353013139218092
0,39437921082757177; 0,45148198679089546; 0,04077662946656346; 0,20608642511069775; 0,9238413227722049; 0,2356424923054874; 0,7035095617175102; 0,5678205969743431; 0,4838478686287999; 0,8698319979012012; 0,634136279579252
-0,3015524421623589; 0,8397340220399201; 0,27375013660639524; 0,9471348188817501; 0,8994044121354818; 0,9675234300084412; 0,0731088719330728; 0,35501960571855307; 0,2781034871004522; 0,8006847049109638; 0,394482315517962
-0,7416072463480705; 0,17121800547465682; 0,8847416453063488; 0,8902543550357223; 0,38186490861698985; 0,9260704517364502; 0,9885268206708133; 0,13484517205506563; 0,2972768163308501; 0,2141434052027762; 0,28906756080687046
-0,6626490794407812; 0,25480429315939546; 0,8714136714115739; 0,47536503663286567; 0,1889358265325427; 0,6529308571480215; 0,870866198092699; 0,17031901236623526; 0,9211090789176524; 0,494862366002053; 0,1590971266850829
-0,06975379363007528; 0,8239418230950832; 0,33902527624741197; 0,3243352994322777; 0,6834709444083273; 0,07192408200353384; 0,08700155233964324; 0,47349589224904776; 0,41132932575419545; 0,21321245888248086; 0,051599589176476
0,3410473664323726; 0,8006195966154337; 0,7605041237547994; 0,3632919858209789; 0,9906998150981963; 0,602347535546869; 0,8590886443853378; 0,5120509206317365; 0,5410859952680767; 0,5396104888059199; 0,22514057252556086
-0,768121966558516; 0,08100993232801557; 0,7283191247843206; 0,1856746398843825; 0,005943808238953352; 0,9855593210086226; 0,8746054461225867; 0,6992094526067376; 0,6174838049337268; 0,055216077249497175; 0,875147130805999
-0,4235362662331517; 0,6625844952650368; 0,6750559299252927; 0,7140152691863477; 0,10666829161345959; 0,2952963151037693; 0,3940208558924496; 0,6183976815082133; 0,9396005324088037; 0,49533588346093893; 0,9371405453421175
0,3437218987028004; 0,043837026227265596; 0,7158831455744803; 0,731183732394129; 0,09326266963034868; 0,8561854800209403; 0,2970595797523856; 0,5008001243695617; 0,5888127982616425; 0,23430722625926137; 0,09031062014400959
0,5024927134215816; 0,2049483936280012; 0,2529748734086752; 0,6549289776012301; 0,2717661876231432; 0,7912809541448951; 0,6160296201705933; 0,4398030838929117; 0,6526267202571034; 0,9056657794862986; 0,8540182439610362
0,5657155649327863; 0,11540751531720161; 0,1872745300643146; 0,022239706944674253; 0,8487561317160726; 0,6182038085535169; 0,22211414063349366; 0,6949270288459957; 0,15846166806295514; 0,6349846343509853; 0,47385393362492323
1,3470964308888522; 0,987460998352617; 0,3260649247094989; 0,5154438740573823; 0,5366008635610342; 0,1476160460151732; 0,6945060943253338; 0,5745294308289886; 0,9309401982463896; 0,6044735424220562; 0,4479255420155823
0,09245697199812962; 0,263372132088989; 0,23643015511333942; 0,31416941760107875; 0,4807373355142772; 0,35359640046954155; 0,3259939714334905; 0,4116731355898082; 0,6184987588785589; 0,9334990656934679; 0,1202144343405962
-0,07293396315554002; 0,4243153831921518; 0,36134456750005484; 0,48443420231342316; 0,31283446168527007; 0,7634195601567626; 0,5864965091459453; 0,9543204889632761; 0,042945056688040495; 0,6977422484196723; 0,00043159443885087967
-0,48496016143118037; 0,5276399562135339; 0,49816266307607293; 0,20582064520567656; 0,8399847089312971; 0,7941008084453642; 0,5360467727296054; 0,22046470548957586; 0,6484466847032309; 0,23568740161135793; 0,40558339143171906
0,25132980197824834; 0,8667190414853394; 0,4944456471130252; 0,9505942682735622; 0,2179306815378368; 0,8773203883320093; 0,003935354296118021; 0,13408362120389938; 0,27948647970333695; 0,40516668604686856; 0,4138921513222158
0,17585819893285431; 0,8142172442749143; 0,9597211880609393; 0,35423034615814686; 0,5826014718040824; 0,7513028769753873; 0,7182568404823542; 0,6089664278551936; 0,1427347776480019; 0,31105532264336944; 0,0205857390537858
0,7010383495551128; 0,7142399456351995; 0,7500784927979112; 0,517391998320818; 0,6630931198596954; 0,8633341072127223; 0,21008941810578108; 0,18278844095766544; 0,5171718616038561; 0,2620689491741359; 0,21076039830222726
0,813466274964753; 0,26368864346295595; 0,9230263261124492; 0,09454005025327206; 0,5603714473545551; 0,7713072192855179; 0,44983890000730753; 0,9596506278030574; 0,8747981623746455; 0,7265381449833512; 0,5576762990094721
-0,009535594230393282; 0,15451734606176615; 0,4300630525685847; 0,14293213794007897; 0,7039970448240638; 0,8806817112490535; 0,2896112548187375; 0,8386717680841684; 0,6709732422605157; 0,9107880019582808; 0,7379701090976596
-0,2204899309791878; 0,9477065447717905; 0,4958000760525465; 0,8608384784311056; 0,23649963829666376; 0,16078429482877254; 0,1908382186666131; 0,07786358473822474; 0,4645466082729399; 0,0933103053830564; 0,9411488305777311
0,1827115570077345; 0,584315218962729; 0,5287714027799666; 0,5343192722648382; 0,006442254409193993; 0,22067815205082297; 0,32337044226005673; 0,5778569965623319; 0,6362409703433514; 0,40912622353062034; 0,47405741456896067
0,02295325403789983; 0,5943632400594652; 0,24973216326907277; 0,7036360963247716; 0,07129461038857698; 0,7898304858244956; 0,5274020722135901; 0,22429627645760775; 0,15947209671139717; 0,44184299651533365; 0,9104797262698412
1,1058729871523008; 0,5420593554154038; 0,2301065782085061; 0,685947195161134; 0,931029784027487; 0,27754781441763043; 0,24810426775366068; 0,25203809002414346; 0,06735175987705588; 0,2377993343397975; 0,1145817837677896
-0,549512834864899; 0,4383444651030004; 0,5558487772941589; 0,6944230827502906; 0,01951056206598878; 0,8114840285852551; 0,13195778243243694; 0,7389876712113619; 0,296973314601928; 0,4132286263629794; 0,4685277231037617
-0,3864614485202648; 0,7238500071689487; 0,776309987064451; 0,8929657535627484; 0,0972015243023634; 0,8153664660640061; 0,9575452734716237; 0,8581212656572461; 0,8235078849829733; 0,8622814361006021; 0,14490718441084027
-0,41638007877436534; 0,5651674941182137; 0,7828888087533414; 0,9031538651324809; 0,03058773558586836; 0,8753251447342336; 0,4525201292708516; 0,2347581502981484; 0,6197356143966317; 0,8301067296415567; 0,39537200098857284
-0,23935383173531305; 0,5673104184679687; 0,22178613068535924; 0,8882179101929069; 0,2432168754749; 0,4578924532979727; 0,4814319321885705; 0,5325079262256622; 0,6778042619116604; 0,10373765835538507; 0,6008045040071011
-0,2166018968245818; 0,5078701507300138; 0,04556772066280246; 0,39115579705685377; 0,5568894692696631; 0,07504665991291404; 0,29050938691943884; 0,22369540156796575; 0,20580701855942607; 0,5787443029694259; 0,15770513657480478
0,006457997140527846; 0,19071046775206923; 0,48073374247178435; 0,6693123271688819; 0,4696800294332206; 0,8573120329529047; 0,1697809984907508; 0,2546119396574795; 0,8714457997120917; 0,7621415359899402; 0,37042022263631225
-0,5745465539511794; 0,43434395641088486; 0,038372139912098646; 0,091776336543262; 0,842010198161006; 0,19155360804870725; 0,6808128645643592; 0,30441803438588977; 0,957216165959835; 0,5360691086389124; 0,41237689554691315
-0,5484809175637154; 0,33972673350945115; 0,7600497850216925; 0,583605170249939; 0,44264885131269693; 0,8968980014324188; 0,7017289153300226; 0,11864893231540918; 0,8967228019610047; 0,8514061006717384; 0,3077737442217767
-0,4197726937884459; 0,680721546523273; 0,2161540389060974; 0,25719811487942934; 0,3636107468046248; 0,9287924394011497; 0,4607119574211538; 0,5360145531594753; 0,4691783832386136; 0,7486127093434334; 0,26330732414498925
0,6612413943331827; 0,04649805836379528; 0,5741480072028935; 0,021001236513257027; 0,026690241880714893; 0,21624901052564383; 0,49228297732770443; 0,47197975357994437; 0,84360719518736; 0,002927331253886223; 0,30461604660376906
-0,2938782641399985; 0,6586820678785443; 0,793612826615572; 0,20569281745702028; 0,6379087916575372; 0,9437799099832773; 0,41610147012397647; 0,10982580902054906; 0,8181192898191512; 0,9872656767256558; 0,7284962222911417
-0,3086971717602276; 0,29604825284332037; 0,1007478297688067; 0,0622091144323349; 0,2502160770818591; 0,2706500515341759; 0,03586176736280322; 0,3782406197860837; 0,3188840695656836; 0,3690167022868991; 0,15145763382315636
-0,2668578306861804; 0,8978115310892463; 0,6489469180814922; 0,27613295381888747; 0,3089512577280402; 0,11469107726588845; 0,6905021881684661; 0,44736107531934977; 0,5235992828384042; 0,47093807393684983; 0,9331005006097257
1,027187160767215; 0,6838758867233992; 0,4847418302670121; 0,4950361903756857; 0,4221740337088704; 0,31577978702262044; 0,9262959300540388; 0,2801649668253958; 0,7133197821676731; 0,3129890002310276; 0,692235616967082
0,8665251534713042; 0,1921292394399643; 0,4019219474866986; 0,21466988790780306; 0,20341313816606998; 0,4979479336179793; 0,2266129427589476; 0,6630476796999574; 0,043423330411314964; 0,7264312589541078; 0,5962847652845085
0,6673447266563713; 0,8580359891057014; 0,2461609705351293; 0,23731614742428064; 0,5790556659922004; 0,06237038318067789; 0,07351380819454789; 0,15688979346305132; 0,35365522280335426; 0,913182289339602; 0,46049935603514314
-0,3898414125852376; 0,07718540308997035; 0,005499951541423798; 0,8591520320624113; 0,7039305837824941; 0,7054349631071091; 0,9617139552719891; 0,6544604073278606; 0,7069019936025143; 0,7323218761011958; 0,8563949507661164
-0,7429516162035456; 0,16004906129091978; 0,1298251012340188; 0,31506220903247595; 0,4306244608014822; 0,5035366066731513; 0,2525236392393708; 0,18055266281589866; 0,6669321651570499; 0,08139653969556093; 0,49618137814104557
0,5942031648599274; 0,5832320628687739; 0,8720624432899058; 0,47443077294155955; 0,16727342968806624; 0,7927001533098519; 0,9342379416339099; 0,20643770275637507; 0,5537300622090697; 0,20988888340070844; 0,5451976014301181
0,18674687960068795; 0,4627761300653219; 0,9383577504195273; 0,1184996273368597; 0,02080837218090892; 0,6890667383559048; 0,5033331071026623; 0,19068758096545935; 0,6623500534333289; 0,17188119236379862; 0,49626697739586234
0,24683455125701845; 0,7865251367911696; 0,11790050752460957; 0,19236571667715907; 0,08109212759882212; 0,0671373582445085; 0,47938426584005356; 0,7354929763823748; 0,7272551320493221; 0,8325716615654528; 0,41133586736395955
0,353930937635543; 0,6243597320280969; 0,30483743362128735; 0,5065951105207205; 0,513851270545274; 0,6763122747652233; 0,6745659001171589; 0,6786589119583368; 0,44489804189652205; 0,7932977420277894; 0,8955870848149061
0,31735185074386246; 0,6759338187985122; 0,9767787577584386; 0,6132873278111219; 0,316504318267107; 0,695560235530138; 0,22248516464605927; 0,6534026209264994; 0,7667838176712394; 0,9669575598090887; 0,41280514607205987
-0,2224448824121581; 0,8955680658109486; 0,4965530573390424; 0,8634322644211352; 0,8453666213899851; 0,1378173464909196; 0,6722566937096417; 0,24874919233843684; 0,6592317670583725; 0,7046393980272114; 0,8125017429701984
0,2711101320393351; 0,6243710904382169; 0,1793231936171651; 0,5033825049176812; 0,31989632826298475; 0,4741053986363113; 0,08258627681061625; 0,47259938018396497; 0,04935609735548496; 0,510615071747452; 0,7084111524745822
-0,442157456487607; 0,1838969551026821; 0,21640486316755414; 0,034011836629360914; 0,4374998272396624; 0,873692172113806; 0,8542510126717389; 0,4583253236487508; 0,8938576225191355; 0,4126913924701512; 0,19829120952636003
-0,007181260812589962; 0,8757856911979616; 0,6026894603855908; 0,7639522319659591; 0,9093266157433391; 0,5758771556429565; 0,2741073095239699; 0,09015061985701323; 0,6970251952297986; 0,2717552622780204; 0,361564289778471
0,23460762011072173; 0,9172360114753246; 0,8495852658525109; 0,07082964247092605; 0,20837990753352642; 0,6321890857070684; 0,5463767750188708; 0,5888993861153722; 0,3807660317979753; 0,47486644331365824; 0,03503184067085385
0,1501476567964939; 0,5559448199346662; 0,1271124016493559; 0,8677212717011571; 0,4087692485190928; 0,45643153693526983; 0,025881256442517042; 0,8069233791902661; 0,561403107829392; 0,24710213672369719; 0,22605885472148657
0,8756536858936252; 0,38342970330268145; 0,17270959727466106; 0,011538454797118902; 0,7971991510130465; 0,9279085989110172; 0,4598008403554559; 0,8383044325746596; 0,6956947995349765; 0,021293508354574442; 0,863517448771745
-0,26068994929709555; 0,8259029774926603; 0,657749252859503; 0,21633747965097427; 0,5629645520821214; 0,19075537100434303; 0,5430779047310352; 0,7011064561083913; 0,8145943093113601; 0,28916498785838485; 0,9747469872236252
-0,186452442943693; 0,5905726891942322; 0,047751182690262794; 0,4491567681543529; 0,7652181098237634; 0,16819925559684634; 0,9245369201526046; 0,25183421885594726; 0,6595460120588541; 0,9779821126721799; 0,398204289842397
0,6672433002782795; 0,8970021191053092; 0,5473368358798325; 0,6175609114579856; 0,4988331664353609; 0,5841506677679718; 0,9210243131965399; 0,7120945691131055; 0,33260587602853775; 0,5869552190415561; 0,2416749931871891
0,6635930022910284; 0,8315164241939783; 0,6749048368074; 0,18585339887067676; 0,8780579613521695; 0,7740114717744291; 0,37101185880601406; 0,817708000075072; 0,45114453323185444; 0,5990656716749072; 0,07125505711883307
1,0409022440116993; 0,40793324867263436; 0,918836357537657; 0,5661365087144077; 0,4258491531945765; 0,4685240462422371; 0,3555342759937048; 0,7211246425285935; 0,9659513491205871; 0,0383110991679132; 0,4410565784201026
0,01201129165407025; 0,0855980054475367; 0,6509093674831092; 0,8480906626209617; 0,8765709749422967; 0,7337198667228222; 0,07088954979553819; 0,16312543535605073; 0,9993775635957718; 0,9241472841240466; 0,8165260409004986
0,42743603289520693; 0,9269610974006355; 0,6697697234340012; 0,8788743382319808; 0,05804375000298023; 0,5371884698979557; 0,5774347805418074; 0,6148133212700486; 0,30387302953749895; 0,9242054773494601; 0,9118634387850761
-0,09197168064188496; 0,3419609325937927; 0,30717306304723024; 0,401433480437845; 0,9382756906561553; 0,9403525716625154; 0,6617286615073681; 0,9263737355358899; 0,5424471898004413; 0,6789804403670132; 0,23538506124168634
0,5293454353472348; 0,9027932309545577; 0,512352523393929; 0,6389882960356772; 0,5563264372758567; 0,511030743829906; 0,298641184810549; 0,2891242136247456; 0,6210341425612569; 0,5447095963172615; 0,35225526336580515
0,5566890459967005; 0,19177494011819363; 0,30526709370315075; 0,33191411662846804; 0,3938163910061121; 0,5838255439884961; 0,9606688129715621; 0,3870681943371892; 0,5551667269319296; 0,7184019754640758; 0,18995647691190243
-0,2659148115738317; 0,8919639135710895; 0,568320513702929; 0,4331497522071004; 0,34990798216313124; 0,005439493339508772; 0,4834567871876061; 0,013419045135378838; 0,7762376312166452; 0,8913141028024256; 0,5004293355159461
0,5271746597176417; 0,9745275736786425; 0,5103279422037303; 0,05586955137550831; 0,4302998250350356; 0,2632156126201153; 0,9050645474344492; 0,5084012225270271; 0,6764128636568785; 0,9992868723347783; 0,5446430537849665
0,6422363978138692; 0,23566734418272972; 0,8583716391585767; 0,6837011738680303; 0,282676306553185; 0,8129822458140552; 0,9823133843019605; 0,4286281927488744; 0,80688392277807; 0,8883271720260382; 0,8679705341346562
-0,3512393671091139; 0,40501293540000916; 0,8403140138834715; 0,49452663445845246; 0,22814325103536248; 0,16683296719565988; 0,043078855611383915; 0,7433463376946747; 0,722382428124547; 0,2435365873388946; 0,05407359963282943
0,5027712431856376; 0,9254968604072928; 0,1473952173255384; 0,8449971168302; 0,4144001114182174; 0,924205387942493; 0,08325511775910854; 0,25215459568426013; 0,602561678737402; 0,696224364452064; 0,14977795770391822
0,21111139070030793; 0,05986334150657058; 0,6224415502510965; 0,9457384687848389; 0,4145128200761974; 0,98623615084216; 0,6284023416228592; 0,5536646917462349; 0,04394149640575051; 0,22538238624110818; 0,4373449361883104
-0,7734494910144233; 0,02298726513981819; 0,9524680059403181; 0,36934295296669006; 0,6212526112794876; 0,5353481802158058; 0,8594958423636854; 0,9088446581736207; 0,14120668731629848; 0,7867347872816026; 0,171276920940727
0,25664278554774284; 0,5764627796597779; 0,5287019698880613; 0,45836141519248486; 0,5939546097069979; 0,5744922668673098; 0,859841207973659; 0,0660142139531672; 0,8881558938883245; 0,9969096654094756; 0,8415370834991336
0,38538430947722147; 0,9565419340506196; 0,9020068286918104; 0,700409671291709; 0,07145921979099512; 0,09732633223757148; 0,6950842305086553; 0,4457853389903903; 0,21936854254454374; 0,4474804322235286; 0,2893755999393761
1,317411253006258; 0,8101926296949387; 0,701041916385293; 0,6929587707854807; 0,3700055591762066; 0,8403207617811859; 0,873989678453654; 0,26445287372916937; 0,8512235032394528; 0,9562498005107045; 0,7658118777908385
-0,6134315188104014; 0,12137114815413952; 0,5318725048564374; 0,1064007873646915; 0,7438744744285941; 0,19380243960767984; 0,996652799192816; 0,051969689317047596; 0,7758268597535789; 0,1194353885948658; 0,7674502865411341
1,151699477860513; 0,6496218000538647; 0,5205882568843663; 0,007213445845991373; 0,4694574335590005; 0,6963420542888343; 0,11139408871531487; 0,8494362994097173; 0,8230900652706623; 0,4827384650707245; 0,26848337426781654
-0,11561845485481348; 0,2263482715934515; 0,35589395090937614; 0,518266792409122; 0,10578568140044808; 0,6796501101925969; 0,162324124481529; 0,7724907682277262; 0,4736617160961032; 0,22107501979917288; 0,3822080814279616
0,42847584383027126; 0,665773983579129; 0,8608550298959017; 0,15222314884886146; 0,518048033118248; 0,6857088739052415; 0,45616915123537183; 0,5707509191706777; 0,8815690418705344; 0,10620536282658577; 0,32318411860615015
-0,07228841056090293; 0,14082193281501532; 0,6880816300399601; 0,16305236145853996; 0,6063982439227402; 0,8488300922326744; 0,34416483575478196; 0,6172571303322911; 0,8831572448834777; 0,3614838598296046; 0,861055726185441
0,39208319045773943; 0,3996836766600609; 0,19017553329467773; 0,24044838827103376; 0,5639957003295422; 0,47857036953791976; 0,19004335952922702; 0,48561790585517883; 0,9867945457808673; 0,6046252837404609; 0,617553741671145
1,0821579345324592; 0,4066554722376168; 0,37899457989260554; 0,7493525990284979; 0,8812194587662816; 0,36187986796721816; 0,07668783981353045; 0,0076345596462488174; 0,3670512200333178; 0,1305448436178267; 0,23956424789503217
0,27726782571277003; 0,6199687249027193; 0,4771869615651667; 0,0005113943479955196; 0,6142785483971238; 0,691192779224366; 0,5527709177695215; 0,506621886510402; 0,0926521704532206; 0,2128712795674801; 0,6573907425627112
0,19915605293205052; 0,6531339171342552; 0,43835369078442454; 0,6965524409897625; 0,3006315133534372; 0,4598834062926471; 0,7298395941033959; 0,5104030552320182; 0,49555595638230443; 0,8656782312318683; 0,8179185087792575
-0,6978332717072472; 0,11017111921682954; 0,5214009392075241; 0,689083477947861; 0,46909354673698545; 0,7733536413870752; 0,5842358167283237; 0,10270950198173523; 0,8420345541089773; 0,7750898781232536; 0,8133790171705186
-0,05932510462234314; 0,5719870240427554; 0,22591873165220022; 0,6105945152230561; 0,5066103204153478; 0,49532939633354545; 0,9099926901981235; 0,04383907373994589; 0,01254327455535531; 0,07678787456825376; 0,31299695279449224
-0,25473263115389105; 0,5726017383858562; 0,126382096670568; 0,4427113072015345; 0,14322394784539938; 0,02793496148660779; 0,949539827182889; 0,1821927889250219; 0,3471782049164176; 0,4180278731510043; 0,18792695133015513
0,9666402332173017; 0,24533229041844606; 0,3835283503867686; 0,0884937597438693; 0,9708831747993827; 0,714069589972496; 0,6395443589426577; 0,5313024311326444; 0,18474937742576003; 0,9463506555184722; 0,597553086001426
0,29101145679648094; 0,043274869211018085; 0,4718728391453624; 0,664312370121479; 0,9778123488649726; 0,3186065433546901; 0,30086473980918527; 0,39546396443620324; 0,06393730826675892; 0,752081192098558; 0,6530468831770122
0,9326535087601305; 0,1664724238216877; 0,7956899981945753; 0,2836518040858209; 0,6240234966389835; 0,3550815414637327; 0,010651084128767252; 0,6317187314853072; 0,24561039451509714; 0,3186827669851482; 0,514677669852972
-0,2017446453111802; 0,8772963965311646; 0,8627837225794792; 0,14158100727945566; 0,656743748113513; 0,9809035523794591; 0,8623655512928963; 0,047201520297676325; 0,6533528403379023; 0,7487879903055727; 0,4857379160821438
0,45087403255707903; 0,8549164435826242; 0,42239813646301627; 0,3365341927856207; 0,876084758900106; 0,8982965718023479; 0,6090833912603557; 0,9548947736620903; 0,17318610195070505; 0,4996977155096829; 0,5151498881168664
0,3265976439071066; 0,910760615952313; 0,4163262154906988; 0,4604835007339716; 0,9428783752955496; 0,14182309247553349; 0,9287791480310261; 0,5341034857556224; 0,4803569079376757; 0,17094681598246098; 0,8946877629496157
-0,16852287118637133; 0,7106559029780328; 0,042820143047720194; 0,22013415908440948; 0,5621511987410486; 0,34182353457435966; 0,9330048221163452; 0,015084558166563511; 0,7688565915450454; 0,6247866931371391; 0,7273847926408052
-0,6169995662161655; 0,36586355371400714; 0,025032184552401304; 0,034165361896157265; 0,11135142017155886; 0,03860624507069588; 0,2962961345911026; 0,7301114117726684; 0,6691772011108696; 0,7011503470130265; 0,1591477943584323
0,6668107828660843; 0,8361506056971848; 0,015681460965424776; 0,26386052882298827; 0,5183262233622372; 0,2373032346367836; 0,14159934734925628; 0,017493704799562693; 0,03515489026904106; 0,7919700983911753; 0,06465479778125882
0,380211384970934; 0,7758477400057018; 0,19085994828492403; 0,05552745843306184; 0,4628788996487856; 0,3726047044619918; 0,5624211109243333; 0,2230672831647098; 0,7155775385908782; 0,9422709010541439; 0,6571145812049508
-0,3236086957377511; 0,2800888200290501; 0,44145297165960073; 0,2709408192895353; 0,15728305280208588; 0,9418625002726912; 0,5977999297901988; 0,24594595143571496; 0,039523718412965536; 0,07875389931723475; 0,7798806531354785
0,9864247591695723; 0,2905071978457272; 0,6892833239398897; 0,9286059327423573; 0,10149520076811314; 0,6539634116925299; 0,691189996432513; 0,5805540117435157; 0,31675294833257794; 0,6509021888487041; 0,5974272913299501
-0,1898261446158468; 0,9590236484073102; 0,06918092723935843; 0,7325758044607937; 0,6428285860456526; 0,26716481801122427; 0,9837165609933436; 0,0664366940036416; 0,21835558582097292; 0,334701775573194; 0,034900514874607325
-0,4164695068861666; 0,08993849065154791; 0,0656796577386558; 0,23945717746391892; 0,2977427812293172; 0,4168023974634707; 0,9726322484202683; 0,6733547314070165; 0,149009570479393; 0,8129698932170868; 0,8535399539396167
-0,499267151837587; 0,44343402655795217; 0,4853876228444278; 0,35606159176677465; 0,5534711806103587; 0,8564707776531577; 0,7091460837982595; 0,8440000228583813; 0,8433158448897302; 0,0007003312930464745; 0,8771675950847566
0,11832675427134998; 0,7297490509226918; 0,4437330374494195; 0,12485454557463527; 0,5570233967155218; 0,6987005495466292; 0,00043016858398914337; 0,6757124443538487; 0,9161764495074749; 0,6573221199214458; 0,2859451323747635
-0,5537467904740769; 0,24735651351511478; 0,5047487895935774; 0,1091706557199359; 0,8068791702389717; 0,40028988383710384; 0,3703185673803091; 0,8180816820822656; 0,38380120508372784; 0,8114331690594554; 0,975899163633585
-0,6179364206835313; 0,2751293331384659; 0,13708485616371036; 0,234843828715384; 0,3815835230052471; 0,3201116109266877; 0,7989535131491721; 0,01785683771595359; 0,11936517432332039; 0,8440875299274921; 0,3307871292345226
0,7239499976225966; 0,7599294167011976; 0,6634159567765892; 0,7514312104322016; 0,9000912997871637; 0,4440660714171827; 0,45888312440365553; 0,3528943215496838; 0,8698613648302853; 0,8613497503101826; 0,3854674808681011
0,15612617625833108; 0,5130728776566684; 0,1472309366799891; 0,9519169754348695; 0,9996605846099555; 0,7188145671971142; 0,10742046032100916; 0,43016975931823254; 0,8683435330167413; 0,27362141851335764; 0,6399832312017679
-0,6589711776299413; 0,19359339401125908; 0,6889153062365949; 0,5863586897030473; 0,6065279836766422; 0,8171492479741573; 0,5282745510339737; 0,8037015479058027; 0,48483202839270234; 0,16385402716696262; 0,2798221162520349
-0,4915370000160266; 0,4383589159697294; 0,8834747797809541; 0,34693980496376753; 0,04795991536229849; 0,7484891354106367; 0,02427732665091753; 0,837264318484813; 0,8864096840843558; 0,7341315029188991; 0,02036743937060237
-0,3073992165708841; 0,39702394558116794; 0,8515958879143; 0,8774380567483604; 0,32222310034558177; 0,17680263938382268; 0,9024986554868519; 0,9754207418300211; 0,26086023543030024; 0,47361890552565455; 0,811343333683908
0,13097961066223845; 0,6179524166509509; 0,8805931773968041; 0,3765485933981836; 0,05538210738450289; 0,00039662327617406845; 0,5802881009876728; 0,8683405281044543; 0,7389001776464283; 0,44945421162992716; 0,5368438712321222
-0,08637376809558533; 0,03959890455007553; 0,9474781956523657; 0,9842816670425236; 0,025977544952183962; 0,08076914772391319; 0,5344196897931397; 0,7385817379690707; 0,5360098769888282; 0,9675264288671315; 0,008817713242024183
-0,19657023225704437; 0,1405044114217162; 0,07987319258973002; 0,6100404551252723; 0,5679089887998998; 0,448235500138253; 0,9522054619155824; 0,20231764344498515; 0,695158435497433; 0,24894423503428698; 0,8181592505425215
0,6751683212396706; 0,7281019682995975; 0,6473092879168689; 0,30317064048722386; 0,04192910948768258; 0,5873653888702393; 0,5137282931245863; 0,16425345418974757; 0,994367441162467; 0,5157725280150771; 0,10352033097296953
0,10878432374367922; 0,3315381985157728; 0,8601663201116025; 0,0846537328325212; 0,05183066986501217; 0,6418004273436964; 0,905717977322638; 0,6789888897910714; 0,5256244316697121; 0,29024435160681605; 0,2717239409685135
-0,026658155851402354; 0,47601155238226056; 0,5204698690213263; 0,6442925869487226; 0,6166654550470412; 0,22860434046015143; 0,32730117766186595; 0,46001317957416177; 0,02394549921154976; 0,07500532688573003; 0,07003987021744251
-0,2355108272664041; 0,4926775065250695; 0,44671143125742674; 0,986387962475419; 0,6098218006081879; 0,8892241078428924; 0,2973904889076948; 0,6801561559550464; 0,8484653658233583; 0,1048048879019916; 0,3513826774433255
0,07925708102657349; 0,011792291421443224; 0,4510083016939461; 0,7965375436469913; 0,19673160137608647; 0,08964236313477159; 0,8062048517167568; 0,28950606705620885; 0,564923380035907; 0,06455649947747588; 0,7684297724626958
-0,5801189109364956; 0,4004971091635525; 0,0037005841732025146; 0,14990852726623416; 0,36010115314275026; 0,04754669778048992; 0,5953121017664671; 0,7387470370158553; 0,6158332144841552; 0,940657471306622; 0,35937259579077363
0,4797308197974437; 0,07270146487280726; 0,7164476807229221; 0,1925776177085936; 0,5846409383229911; 0,38770724553614855; 0,6103141191415489; 0,7930337539874017; 0,02478967932984233; 0,383740684017539; 0,07103348756209016
-0,17186308501433767; 0,9798374199308455; 0,22513988288119435; 0,737186970654875; 0,8359108357690275; 0,6070478488691151; 0,710107484832406; 0,7940581445582211; 0,928161128424108; 0,30363693833351135; 0,7045713225379586
-0,6559349651733637; 0,2685836385935545; 0,4681089245714247; 0,8898675343953073; 0,6273304228670895; 0,9150280682370067; 0,1985897971317172; 0,6380497538484633; 0,7792174983769655; 0,8375520734116435; 0,3203814350999892
-0,13736145718625659; 0,2836517789401114; 0,34992951061576605; 0,7535043028183281; 0,7136747948825359; 0,08478939393535256; 0,9181172051467001; 0,024446099996566772; 0,17183396872133017; 0,5974998492747545; 0,2482875189743936
0,16813555173862477; 0,15660603297874331; 0,9114893707446754; 0,8733534021303058; 0,618911593221128; 0,052197763696312904; 0,3736628075130284; 0,1326619116589427; 0,22052978398278356; 0,8258478865027428; 0,8054632474668324
-0,6189787271053868; 0,3724434915930033; 0,7643894483335316; 0,27886314364150167; 0,12010151008144021; 0,5150938592851162; 0,2265404756180942; 0,38426878675818443; 0,5422238055616617; 0,8828119598329067; 0,17869721679016948
0,6643720723178581; 0,706940708681941; 0,2760302950628102; 0,35156045481562614; 0,5482777450233698; 0,9072639071382582; 0,8778878808952868; 0,277466855943203; 0,0837648524902761; 0,9350020289421082; 0,8945225407369435
0,38134519762310826; 0,8886072067543864; 0,47845147736370564; 0,4665934918448329; 0,41011671628803015; 0,33452636282891035; 0,9419251666404307; 0,07783274911344051; 0,5657927133142948; 0,8479856480844319; 0,22206600988283753
0,6198630985001595; 0,302830021828413; 0,383478453848511; 0,08972981432452798; 0,8958889129571617; 0,6074906624853611; 0,6473203185014427; 0,4682502360083163; 0,3336667357943952; 0,9189559426158667; 0,9751553102396429
0,534602052088095; 0,4649669392965734; 0,47693055076524615; 0,5825892514549196; 0,45060620503500104; 0,2693404657766223; 0,9986471836455166; 0,31151967495679855; 0,9147359896451235; 0,21083326591178775; 0,9420080939307809
0,3402926370233552; 0,25070519745349884; 0,7913099783472717; 0,21800475381314754; 0,9908591629937291; 0,7970799780450761; 0,6117809494026005; 0,8256072700023651; 0,4134759036824107; 0,8086571465246379; 0,7480673715472221
0,3702458685784074; 0,7310043233446777; 0,11784824170172215; 0,9452763730660081; 0,26744022499769926; 0,8993740016594529; 0,6375893517397344; 0,7493787566199899; 0,30031092558056116; 0,25463445531204343; 0,1643030713312328
-0,05866884101417558; 0,18199476273730397; 0,41933577693998814; 0,33790537156164646; 0,011656199116259813; 0,5793532789684832; 0,19570098398253322; 0,3884887215681374; 0,7475783061236143; 0,6635510250926018; 0,3147563003003597
1,2429773758505585; 0,6792784477584064; 0,0952870063483715; 0,2586656897328794; 0,5492246332578361; 0,03297997312620282; 0,21090380242094398; 0,7828112179413438; 0,5405062534846365; 0,037804555613547564; 0,8237130851484835
-0,7063755586703009; 0,15926120150834322; 0,3362457398325205; 0,1978446557186544; 0,08883503172546625; 0,08115054294466972; 0,8896269020624459; 0,9944206178188324; 0,031039897818118334; 0,1262714909389615; 0,21605477714911103
-0,22070477849130274; 0,35347536811605096; 0,7998346341773868; 0,46302462089806795; 0,23204477922990918; 0,5441662725061178; 0,28905764454975724; 0,46885727532207966; 0,4733027187176049; 0,5010432871058583; 0,20891153998672962
-0,48825608662315584; 0,45316136814653873; 0,3747008196078241; 0,9919614717364311; 0,06919677089899778; 0,46391022577881813; 0,2938042008318007; 0,2453045924194157; 0,6009131274186075; 0,9761849748902023; 0,01624864526093006
-0,3170121702849451; 0,3475519991479814; 0,4202365572564304; 0,6587117947638035; 0,9148414474911988; 0,4806541036814451; 0,7057520616799593; 0,09033176908269525; 0,3915111101232469; 0,49221579264849424; 0,6647685649804771
-0,18841525582514215; 0,2618041173554957; 0,9613129827193916; 0,5263182730413973; 0,3687256849370897; 0,19457112438976765; 0,008688007481396198; 0,3857363206334412; 0,1047511575743556; 0,3168232119642198; 0,6013109683990479
0,4654277526084931; 0,023968317080289125; 0,6080536362715065; 0,06888150097802281; 0,9591139783151448; 0,8983148727566004; 0,2098339688964188; 0,20573711767792702; 0,5132772643119097; 0,849592684302479; 0,31712676445022225
-0,07027218936201912; 0,23989163292571902; 0,5610594730824232; 0,6320639103651047; 0,5352918007411063; 0,9740857360884547; 0,4834113288670778; 0,6772221922874451; 0,38882167311385274; 0,4637179523706436; 0,04604412754997611
-0,5068282149836556; 0,3347456641495228; 0,47113892901688814; 0,746825038921088; 0,9756439253687859; 0,13882666360586882; 0,7459554164670408; 0,4941184581257403; 0,5985991936177015; 0,9214182770811021; 0,8843458262272179
-0,23208600109334834; 0,4099122863262892; 0,12459218967705965; 0,8924511219374835; 0,14535514591261744; 0,8016814705915749; 0,9720910429023206; 0,631310052704066; 0,17126387637108564; 0,19162715459242463; 0,12232832051813602
0,05337755643459169; 0,3272747481241822; 0,7737380121834576; 0,5217034816741943; 0,11333952471613884; 0,05425097467377782; 0,3365074126049876; 0,6278744386509061; 0,633568458724767; 0,7105509643442929; 0,7830093526281416
0,15763503504194476; 0,5449849255383015; 0,6437500026077032; 0,1443327646702528; 0,4677104614675045; 0,8656613207422197; 0,12089965119957924; 0,677204402629286; 0,022284391801804304; 0,031164647080004215; 0,5144253177568316
-0,18110499112273765; 0,7717150012031198; 0,386444085277617; 0,7168427677825093; 0,7431566510349512; 0,01134944474324584; 0,05847367271780968; 0,6283425078727305; 0,8895850502885878; 0,8710975400172174; 0,06732884934172034
0,7909372862286864; 0,40991578390821815; 0,330852969083935; 0,541269195266068; 0,4723415686748922; 0,5629786960780621; 0,32157645327970386; 0,36421971721574664; 0,49586610076949; 0,08003250462934375; 0,8135983743704855
0,7544343508768288; 0,3820425299927592; 0,5915464754216373; 0,42178723169490695; 0,5217153429985046; 0,5356333456002176; 0,3834960414096713; 0,8460565265268087; 0,14448011852800846; 0,338658039458096; 0,3233276316896081
-0,1947825769377141; 0,19719917606562376; 0,9510445995256305; 0,2123045464977622; 0,2819539182819426; 0,6545981853269041; 0,9138079695403576; 0,07797025283798575; 0,17157793091610074; 0,06927924370393157; 0,5129066407680511
0,6868427686012634; 0,24943600688129663; 0,4383560800924897; 0,5124696819111705; 0,43111221166327596; 0,5319795357063413; 0,220490041654557; 0,19918619701638818; 0,7180441599339247; 0,2517809849232435; 0,9136808216571808
0,9084249354364541; 0,20376392686739564; 0,05928959930315614; 0,9180149435997009; 0,2104475563392043; 0,3065146957524121; 0,17936147283762693; 0,8677174798212945; 0,0784833007492125; 0,903953262604773; 0,6246718256734312
-0,6462979918093221; 0,3315386935137212; 0,9794533690437675; 0,338401828892529; 0,6033763382583857; 0,19827804900705814; 0,13592456839978695; 0,47345651406794786; 0,33043370489031076; 0,45984372636303306; 0,0334488064981997
1,3603180700453088; 0,8239640700630844; 0,23821847001090646; 0,5448084329254925; 0,010470792185515165; 0,6662693009711802; 0,2875570133328438; 0,02411087229847908; 0,4541776729747653; 0,351653266698122; 0,9747717319987714
1,0503438913987402; 0,6241929023526609; 0,8016848373226821; 0,7260427274741232; 0,0816191965714097; 0,8249801071360707; 0,7798327789641917; 0,5677066505886614; 0,6346095823682845; 0,9929760368540883; 0,13171437522396445
-0,43309862584415; 0,09419776545837522; 0,07941489573568106; 0,466550778131932; 0,5876782825216651; 0,3920832108706236; 0,8319992139004171; 0,8608821388334036; 0,8583652144297957; 0,26561373518779874; 0,47285963129252195
-0,40995531435922883; 0,7013120986521244; 0,5296190562658012; 0,24920236598700285; 0,17755162995308638; 0,8379477565176785; 0,9758848212659359; 0,6043312842957675; 0,08783371793106198; 0,8623160496354103; 0,7217685799114406
0,0821628901999708; 0,5347055634483695; 0,4853575653396547; 0,6471691206097603; 0,19686179794371128; 0,658835384529084; 0,8425872307270765; 0,08149127988144755; 0,0424855025485158; 0,9095268081873655; 0,6267588920891285
-0,5343773044524167; 0,3192391088232398; 0,3513504737056792; 0,017643284518271685; 0,24572522705420852; 0,6405198462307453; 0,41827781079337; 0,30321053648367524; 0,29958309372887015; 0,15621850499883294; 0,9303269074298441
0,4219145025033912; 0,35411861166357994; 0,6133350227028131; 0,33316106628626585; 0,9569247234612703; 0,5707355816848576; 0,07288340060040355; 0,08883706387132406; 0,16549299797043204; 0,3939358005300164; 0,20614183600991964
1,1111920308077703; 0,8229063148610294; 0,08126705186441541; 0,7164036417379975; 0,6837472324259579; 0,19863081350922585; 0,28601445676758885; 0,8048972361721098; 0,1894651702605188; 0,7827156740240753; 0,25052548153325915
0,13597056042311856; 0,8885868336074054; 0,8305184384807944; 0,1146785756573081; 0,31119835563004017; 0,4942792276851833; 0,3046629745513201; 0,5507505219429731; 0,5893099969252944; 0,6280661514028907; 0,11981557495892048
0,850031731267794; 0,4914738144725561; 0,009186095092445612; 0,8945059319958091; 0,6091824807226658; 0,42975859623402357; 0,7368776057846844; 0,6678146040067077; 0,664412584155798; 0,8793858415447176; 0,4851352432742715
0,7711731792225733; 0,47239897260442376; 0,3962364508770406; 0,4965131734497845; 0,5519737056456506; 0,5536532304249704; 0,5929659060202539; 0,20149411261081696; 0,8089590487070382; 0,6385715007781982; 0,3151617841795087
0,19944123789957913; 0,7942200968973339; 0,7331682234071195; 0,8232657751068473; 0,9405253157019615; 0,6713854419067502; 0,5864083506166935; 0,2865618774667382; 0,5448564612306654; 0,8736022845841944; 0,7422926435247064
0,2902980604416584; 0,0899547035805881; 0,25241559417918324; 0,7420562161132693; 0,20838451804593205; 0,09901711018756032; 0,6680028112605214; 0,6790899923071265; 0,3669449659064412; 0,5469158007763326; 0,21633910574018955
0,2320957814772875; 0,36489184526726604; 0,5022446913644671; 0,09931860212236643; 0,1320011536590755; 0,19470461178570986; 0,1623264979571104; 0,33619975950568914; 0,12967412220314145; 0,8137253057211637; 0,5364355109632015
0,3041492826949657; 0,33939209021627903; 0,894371640868485; 0,7172547648660839; 0,6266118758358061; 0,8944893795996904; 0,6721488852053881; 0,9212757586501539; 0,028473504818975925; 0,037933007813990116; 0,16845332272350788
-0,25033125401364886; 0,01651604613289237; 0,3260243418626487; 0,9559309030883014; 0,12675940245389938; 0,9636848559603095; 0,08797876536846161; 0,36475331988185644; 0,9014608403667808; 0,6885243030264974; 0,5343077168799937
0,858447349395395; 0,8408109112642705; 0,0047514657489955425; 0,663490298204124; 0,38975438429042697; 0,3077336591668427; 0,9547144174575806; 0,5383156761527061; 0,8626453368924558; 0,6853416925296187; 0,10936989448964596
1,3719054591510966; 0,9167801905423403; 0,521776816342026; 0,7449708636850119; 0,35152590181678534; 0,13646899536252022; 0,24686802458018064; 0,19827166059985757; 0,5245153694413602; 0,851445413660258; 0,447532017249614
0,9733028832043142; 0,3090662518516183; 0,9920381647534668; 0,9005402363836765; 0,12224080925807357; 0,6536786584183574; 0,919337083119899; 0,2579368888400495; 0,021096843294799328; 0,09687912091612816; 0,24932962795719504
-0,3674690426697662; 0,23791688960045576; 0,052451500203460455; 0,48973875725641847; 0,8891119002364576; 0,6247657178901136; 0,9737880807369947; 0,4753971057944; 0,48671682737767696; 0,40368796698749065; 0,8119786842726171
-0,7433139114895574; 0,1658391496166587; 0,6115799290128052; 0,23313825577497482; 0,1054117507301271; 0,5721570462919772; 0,5466988435946405; 0,7793206558562815; 0,24842287926003337; 0,42053007055073977; 0,26512545021250844
0,22916749293293043; 0,5386182172223926; 0,4477957212366164; 0,15061482414603233; 0,6249932944774628; 0,006146300584077835; 0,40520182345062494; 0,21065462799742818; 0,3361413776874542; 0,7515683090314269; 0,48468769947066903
0,6284600415031828; 0,13316222559660673; 0,12407654197886586; 0,9079136215150356; 0,21227171458303928; 0,6350050130859017; 0,6508709220215678; 0,14949909783899784; 0,6684008967131376; 0,46018949477002025; 0,16352278739213943
0,9106911812667248; 0,1329120621085167; 0,41703209513798356; 0,40957837319001555; 0,6475139437243342; 0,7026499551720917; 0,7995631191879511; 0,456380782648921; 0,7905616885982454; 0,4952244251035154; 0,20073954667896032
-0,23395965939291485; 0,9282103008590639; 0,20368377910926938; 0,45160396909341216; 0,3652956378646195; 0,2833663420751691; 0,34876865334808826; 0,7883183709345758; 0,7076442199759185; 0,6569380192086101; 0,7158807306550443
-0,08476602371656274; 0,030769069213420153; 0,9507345617748797; 0,20005291979759932; 0,607185723260045; 0,6183817903511226; 0,46283218497410417; 0,9436722104437649; 0,936694651376456; 0,009032840840518475; 0,5819169478490949
0,5780129359897456; 0,7509394194930792; 0,4629426244646311; 0,04099081736057997; 0,35846847016364336; 0,46611535642296076; 0,10935310600325465; 0,884859808254987; 0,6114858202636242; 0,4395267558284104; 0,6174377230927348
0,0006497022701537347; 0,2974347360432148; 0,5109475366771221; 0,8340621273964643; 0,7840598081238568; 0,6309090354479849; 0,28538160724565387; 0,7058937172405422; 0,7349080587737262; 0,02763959765434265; 0,222724886611104
-0,5671724052530419; 0,14924552757292986; 0,5498745781369507; 0,0638414565473795; 0,045733232982456684; 0,5415619616396725; 0,13445447385311127; 0,5541390655562282; 0,18617848632857203; 0,7341049029491842; 0,7701009288430214
-0,3235184262719366; 0,6636148481629789; 0,8009359911084175; 0,01675101974979043; 0,9186719669960439; 0,336871943436563; 0,7911696801893413; 0,503206770401448; 0,10485271085053682; 0,6474557700566947; 0,24382183281704783
0,6768916197571941; 0,18331835884600878; 0,5374931087717414; 0,8132949080318213; 0,7144469455815852; 0,9641864001750946; 0,711464308667928; 0,7759512751363218; 0,371789479162544; 0,05842500366270542; 0,6768717025406659
-0,49669542633782726; 0,31228022323921323; 0,4889655080623925; 0,8357884320430458; 0,2600358771160245; 0,5015431074425578; 0,6090987743809819; 0,9947445122525096; 0,18862315127626061; 0,595912046264857; 0,4286046023480594
-0,26240613350168657; 0,6845818883739412; 0,8268899801187217; 0,15379821602255106; 0,513611079659313; 0,16607994865626097; 0,5038850782439113; 0,36308367690071464; 0,2453069039620459; 0,21084805019199848; 0,2562085255049169
-0,491042121093502; 0,5187290641479194; 0,8444514726288617; 0,23500447999686003; 0,7940548951737583; 0,07909473869949579; 0,6382377240806818; 0,8329404909163713; 0,156210336368531; 0,8057649340480566; 0,44133636076003313
-0,5474032022390434; 0,4706609370186925; 0,7088745017535985; 0,3052693624049425; 0,8913173940964043; 0,45752694411203265; 0,028544635511934757; 0,46886867424473166; 0,9634737083688378; 0,5041870181448758; 0,948029977735132
-0,31207824868836526; 0,7101402916014194; 0,44969101110473275; 0,37565122079104185; 0,012804610654711723; 0,9118601977825165; 0,4274322213605046; 0,34421667270362377; 0,38351995730772614; 0,9630418578162789; 0,9784658369608223
0,3511663332287102; 0,34139083698391914; 0,2800695360638201; 0,9991551265120506; 0,8761927499435842; 0,614403679035604; 0,3054393520578742; 0,9581307754851878; 0,3976915660314262; 0,7038334989920259; 0,44123670272529125
-0,27556459620458373; 0,7714564953930676; 0,8487298968248069; 0,1205188063904643; 0,7886141268536448; 0,9913733485154808; 0,08790919650346041; 0,8516739294864237; 0,02668221527710557; 0,6818960630334914; 0,6941243619658053
0,44925350511181616; 0,3173659765161574; 0,9507410568185151; 0,8484541829675436; 0,9754048935137689; 0,3711048732511699; 0,701881779357791; 0,7840800206176937; 0,5634973524138331; 0,7961397208273411; 0,05308819329366088
-0,7332594475028592; 0,060847400687634945; 0,584686994086951; 0,1301902555860579; 0,585811001714319; 0,0252977991476655; 0,8883934277109802; 0,38882341934368014; 0,29290185775607824; 0,5121833411976695; 0,05855919048190117
-0,7574869416616978; 0,1373802158050239; 0,7057355740107596; 0,766870029270649; 0,1511021046899259; 0,37183063197880983; 0,6983373980037868; 0,9770223940722644; 0,6636662357486784; 0,45455353148281574; 0,9685431607067585
0,11113267433517293; 0,9882010971195996; 0,39348120987415314; 0,9864572733640671; 0,5998652242124081; 0,6942363190464675; 0,0498905754648149; 0,6963621284812689; 0,6793237114325166; 0,8434797371737659; 0,9650498414412141
1,001314630456464; 0,38897303212434053; 0,5578950219787657; 0,16730109369382262; 0,6887165773659945; 0,31162686832249165; 0,3149711857549846; 0,8517222148366272; 0,09127902239561081; 0,43694250378757715; 0,1903289337642491
1,1273282753467693; 0,7247020453214645; 0,36816472513601184; 0,9203049698844552; 0,0662674829363823; 0,5954575045034289; 0,7779726842418313; 0,8917440990917385; 0,2584136612713337; 0,6468293811194599; 0,16624691290780902
1,0673499966363613; 0,5188366151414812; 0,9907611217349768; 0,9287797058932483; 0,7435708940029144; 0,661381390877068; 0,254664555657655; 0,5359040894545615; 0,8878868008032441; 0,7866893601603806; 0,015796757768839598
-0,7904992426515725; 0,020236486103385687; 0,5097762518562376; 0,40925440937280655; 0,21333876764401793; 0,2635621214285493; 0,7692426671274006; 0,5441152290441096; 0,3437283434905112; 0,8221185873262584; 0,4942054273560643
-0,06479099732348015; 0,6759145660325885; 0,05835285084322095; 0,4299013647250831; 0,18818541709333658; 0,8443906344473362; 0,3394414372742176; 0,2845146036706865; 0,12483640061691403; 0,5338736660778522; 0,9459107941947877
0,28503223183045207; 0,08401556452736259; 0,6327010323293507; 0,4650107314810157; 0,7355318474583328; 0,721039077732712; 0,8653224133886397; 0,984930922742933; 0,12121768947690725; 0,09259582730010152; 0,8981059999205172
-0,030830025943634987; 0,23205321608111262; 0,397628553211689; 0,8131471513770521; 0,3994940328411758; 0,3889221656136215; 0,31850603222846985; 0,825859937351197; 0,6154242157936096; 0,48739603348076344; 0,3777619628235698
-0,23707064004562173; 0,9302644380368292; 0,06981896562501788; 0,260453749448061; 0,5420069643296301; 0,2944035097025335; 0,6497149849310517; 0,5471572368405759; 0,0034269634634256363; 0,7314418265596032; 0,5061471979133785
-0,11775163308061115; 0,6226544687524438; 0,6023842296563089; 0,8686999939382076; 0,7812555017881095; 0,3928098459728062; 0,31391418306156993; 0,589884037617594; 0,3600215557962656; 0,2569213770329952; 0,9545347448438406
-0,540938232948929; 0,4678279780782759; 0,46918413136154413; 0,08397554932162166; 0,00843110540881753; 0,4066173410974443; 0,9492786009795964; 0,11251698201522231; 0,3591429623775184; 0,9486053669825196; 0,12245640903711319
0,8422314700250657; 0,42447993997484446; 0,6948171565309167; 0,9889819896779954; 0,16327919019386172; 0,06595129985362291; 0,3602918991819024; 0,8081082496792078; 0,5085725821554661; 0,5104363514110446; 0,24443575972691178
-0,14742897569671376; 0,9444834957830608; 0,9900563298724592; 0,131436537951231; 0,5202464777976274; 0,22276508249342442; 0,4044752889312804; 0,40907018445432186; 0,6078120972961187; 0,6037888606078923; 0,6275975615717471
-0,7869474318560082; 0,05923765990883112; 0,3454961427487433; 0,2996719325892627; 0,7390590962022543; 0,8862064275890589; 0,15668145706877112; 0,8680428056977689; 0,956801310647279; 0,8959087934345007; 0,1825125296600163
-0,42741822980240896; 0,1911970037035644; 0,26176761370152235; 0,45832612784579396; 0,574880528729409; 0,18824463989585638; 0,4178335899487138; 0,7210074672475457; 0,4395613051019609; 0,7749979025684297; 0,08352158078923821
0,945733937335448; 0,1963706538081169; 0,4814134221524; 0,5613772482611239; 0,5920903859660029; 0,5548393740318716; 0,10900253569707274; 0,14928838843479753; 0,15736069437116385; 0,9067460647784173; 0,8060440798290074
-0,5628616834966172; 0,3395294211804867; 0,22508983919396996; 0,8292158422991633; 0,8600438572466373; 0,8202963178046048; 0,07527540856972337; 0,9883965221233666; 0,49222377454862; 0,34910519141703844; 0,390122099313885
0,5458531300419884; 0,638524245005101; 0,8051386489532888; 0,3799463892355561; 0,9817709280177951; 0,9205859624780715; 0,7855918612331152; 0,5324353473260999; 0,8515383615158498; 0,432832860853523; 0,2602098979987204
0,5068171068726435; 0,6533660967834294; 0,5500455847941339; 0,5744185135699809; 0,22203403618186712; 0,5240830080583692; 0,4545235629193485; 0,5589423645287752; 0,06065374938771129; 0,8519216640852392; 0,45255477260798216
-0,35103804886339685; 0,2898544683121145; 0,4864969397895038; 0,10432242229580879; 0,7373341568745673; 0,40672332840040326; 0,3015424604527652; 0,9444560310803354; 0,2647540704347193; 0,825695482082665; 0,06843435484915972
-0,28593820124105085; 0,8729660799726844; 0,6705487119033933; 0,49669062765315175; 0,2884912886656821; 0,26185731403529644; 0,6285346727818251; 0,9000389934517443; 0,4830679437145591; 0,43769837263971567; 0,923225624486804
1,0069880968318967; 0,3015970317646861; 0,3908669725060463; 0,4887082064524293; 0,33384433295577765; 0,6955785322934389; 0,6595678590238094; 0,04579905141144991; 0,9091726941987872; 0,8200371181592345; 0,6985532864928246
0,09412056435316518; 0,44643905432894826; 0,40124478843063116; 0,8456224435940385; 0,7837544325739145; 0,9587797098793089; 0,1750463549979031; 0,1290844026952982; 0,7863353937864304; 0,6598564023151994; 0,983489110134542
-0,49071250375044284; 0,5266922861337662; 0,14473552163690329; 0,9331089034676552; 0,2323051281273365; 0,09356255456805229; 0,35022183135151863; 0,7125585665926337; 0,30519495718181133; 0,7729657576419413; 0,8605210902169347
0,8086643951449534; 0,2270731097087264; 0,49331455677747726; 0,6984613290987909; 0,2182691260240972; 0,028388600796461105; 0,2181727522984147; 0,9616820747032762; 0,7618195507675409; 0,9010593295097351; 0,007023198995739222
-0,5786131475690699; 0,4407330481335521; 0,5272814864292741; 0,2478062752634287; 0,36697820760309696; 0,698276347015053; 0,9188747955486178; 0,32883534394204617; 0,6067843874916434; 0,2260730341076851; 0,03839063411578536
0,262704124945275; 0,1589637454599142; 0,007943595293909311; 0,7712520300410688; 0,32243102602660656; 0,9583394918590784; 0,7016748595051467; 0,9403750170022249; 0,9551619999110699; 0,6774452896788716; 0,10077735409140587
-0,12668048418141303; 0,03987554693594575; 0,8304258664138615; 0,06374167837202549; 0,428646182641387; 0,7985175019130111; 0,6867447439581156; 0,21084814658388495; 0,5312283486127853; 0,08643626561388373; 0,8015520595945418
-0,7258626308928315; 0,15642478270456195; 0,355968298856169; 0,28290498768910766; 0,0670124152675271; 0,38668192783370614; 0,23992535518482327; 0,09223192883655429; 0,22793485596776009; 0,7094095586799085; 0,83369374088943
0,44788317823207485; 0,14874367974698544; 0,8212089077569544; 0,7231612778268754; 0,040541594848036766; 0,5486552929505706; 0,5456553413532674; 0,23009196994826198; 0,21463768277317286; 0,12031567329540849; 0,08194139320403337
-0,7761768161657969; 0,08362689474597573; 0,690579074434936; 0,7749378113076091; 0,010741116479039192; 0,3206381439231336; 0,6735885594971478; 0,47410109313204885; 0,5211924905888736; 0,485262353438884; 0,3203488760627806
-0,2108178781676573; 0,8684628810733557; 0,23894090997055173; 0,5684592132456601; 0,8157898955978453; 0,5719612454995513; 0,9686568658798933; 0,32621372444555163; 0,24565618811175227; 0,7972373072989285; 0,9608965134248137
-0,24121853592191106; 0,6983844456262887; 0,5921794264577329; 0,8986119013279676; 0,9742984073236585; 0,0070686060935258865; 0,37341628689318895; 0,8877252978272736; 0,2752900458872318; 0,24685744382441044; 0,6312510627321899
0,0016195340523310064; 0,29901320673525333; 0,7548349946737289; 0,43659961270168424; 0,013350147288292646; 0,18655481422320008; 0,03209141222760081; 0,2511577242985368; 0,08263145200908184; 0,17055846191942692; 0,6017433716915548
0,467701477252775; 0,5220588659867644; 0,6679788688197732; 0,800995615310967; 0,03157047741115093; 0,6295595541596413; 0,05777190811932087; 0,6957228053361177; 0,07290684850886464; 0,898229171987623; 0,728421435225755
-0,28462052216985456; 0,867557757999748; 0,6127820168621838; 0,9203572212718427; 0,6213339911773801; 0,5120369121432304; 0,8981788512319326; 0,9150851042941213; 0,03263835376128554; 0,1782989213243127; 0,6941336030140519
-0,2669829936409077; 0,26221177028492093; 0,6103603905066848; 0,5901203635148704; 0,7009271876886487; 0,9470655554905534; 0,4181276117451489; 0,426147504709661; 0,6252080565318465; 0,7656419412232935; 0,9901293218135834
-0,602125419762418; 0,3194884923286736; 0,6098260032013059; 0,3171626254916191; 0,39674492785707116; 0,47945230919867754; 0,045473700389266014; 0,8428824013099074; 0,23098698165267706; 0,668376516085118; 0,5069076265208423
-0,4721378429861608; 0,43672951264306903; 0,357101964764297; 0,14755399664863944; 0,5046852831728756; 0,5115914368070662; 0,5033262930810452; 0,5849747965112329; 0,5531391575932503; 0,699506364762783; 0,9899237486533821
-0,24206982424189016; 0,4316095965914428; 0,2169188275001943; 0,07610847381874919; 0,6975747034884989; 0,20244161784648895; 0,22919711144641042; 0,9642448276281357; 0,9036798439919949; 0,2992058349773288; 0,07080407161265612
-0,7660209338361411; 0,12581897107884288; 0,48154735332354903; 0,9387779128737748; 0,8861341164447367; 0,4336106148548424; 0,1268016085959971; 0,30356735177338123; 0,38762305537238717; 0,021640040911734104; 0,5815894114784896
0,09692909478685496; 0,4221935523673892; 0,8341575129888952; 0,5069622248411179; 0,05466602277010679; 0,7739564175717533; 0,2885778294876218; 0,5424431073479354; 0,4468865501694381; 0,6469246400520205; 0,9250540039502084
-0,3429262297658141; 0,5390950809232891; 0,7556065116077662; 0,5093326759524643; 0,9274149048142135; 0,46836529998108745; 0,8022275394760072; 0,32276347232982516; 0,9023285144940019; 0,6526802657172084; 0,6141125485301018
0,9891839425428923; 0,7920338157564402; 0,8325252206996083; 0,7590227387845516; 0,9238407392986119; 0,19650492817163467; 0,8916344274766743; 0,36020131641998887; 0,7138969106599689; 0,9565679393708706; 0,005581988021731377
-0,11570921433835946; 0,92792565561831; 0,32961002876982093; 0,6774681191891432; 0,7616800959222019; 0,29567550122737885; 0,07855203421786427; 0,7999817887321115; 0,8931314432993531; 0,14763945760205388; 0,937380057759583
-0,4410405875884734; 0,49795083422213793; 0,7226908868178725; 0,7545319823548198; 0,9370477269403636; 0,3654275690205395; 0,9650429063476622; 0,4950757483020425; 0,5127397552132607; 0,7294391510076821; 0,14557715924456716
-0,3530807471825701; 0,68815973168239; 0,1433227197267115; 0,4780780989676714; 0,47847513388842344; 0,571719354018569; 0,19213750679045916; 0,3151878588832915; 0,7523296047002077; 0,6999437622725964; 0,9889768315479159
0,0015156541979213095; 0,17765015084296465; 0,1582838292233646; 0,9002741193398833; 0,4625734412111342; 0,532111132517457; 0,5466335508972406; 0,6807567900978029; 0,5066928607411683; 0,7919733454473317; 0,7545937858521938
-0,3334533456438711; 0,3687810152769089; 0,4183197356760502; 0,34195517050102353; 0,9979496775195003; 0,8846863536164165; 0,19034202815964818; 0,20622806437313557; 0,029463342390954494; 0,19806555239483714; 0,8160101980902255
-0,34543432108819944; 0,7447071415372193; 0,9344780188985169; 0,4979249774478376; 0,6177431661635637; 0,03152897534891963; 0,1585626369342208; 0,5870337099768221; 0,170085858553648; 0,6924125603400171; 0,1454812167212367
0,5751694403646175; 0,5485171801410615; 0,9507867516949773; 0,2968963710591197; 0,6089858338236809; 0,29157736990600824; 0,5588822378776968; 0,7827288168482482; 0,3822286715731025; 0,05306057306006551; 0,08154176874086261
-0,1645143135015239; 0,8560085706412792; 0,46754798013716936; 0,8184733241796494; 0,23409791011363268; 0,980637913569808; 0,021727238781750202; 0,9311011177487671; 0,7279926599003375; 0,09872058732435107; 0,3902026657015085
0,6907978436485078; 0,412461441475898; 0,24337535724043846; 0,036065017338842154; 0,28536670142784715; 0,6010477454401553; 0,78132070787251; 0,11570423096418381; 0,2300114636309445; 0,313619380351156; 0,7410051049664617
-0,6410072711409407; 0,33814562298357487; 0,48864977806806564; 0,4010532330721617; 0,30917012551799417; 0,6165654510259628; 0,1299458583816886; 0,11217162013053894; 0,4916436653584242; 0,351339740678668; 0,3504775748588145
-0,18300176376838417; 0,9944630884565413; 0,37905154982581735; 0,6957976529374719; 0,17612451501190662; 0,4834698331542313; 0,3429843941703439; 0,10843383194878697; 0,5183508163318038; 0,8526328140869737; 0,8834320963360369
-0,10147654545595186; 0,915728229098022; 0,9797798912040889; 0,06775667611509562; 0,7150588701479137; 0,2097527366131544; 0,3470832542516291; 0,548166417516768; 0,2903688009828329; 0,9241834990680218; 0,39971510926261544
-0,6490680919435349; 0,3095295182429254; 0,6579372407868505; 0,9960715030319989; 0,017631161026656628; 0,6309678051620722; 0,4870135257951915; 0,4650701773352921; 0,4115703641436994; 0,943781181704253; 0,9197457749396563
1,423129822875499; 0,9211057689972222; 0,4042060635983944; 0,2926146062090993; 0,013552580960094929; 0,5215067001990974; 0,1960441921837628; 0,24841526709496975; 0,9896012209355831; 0,4528435063548386; 0,24636751739308238
-0,08160569724773342; 0,7512768842279911; 0,5323454686440527; 0,5932503743097186; 0,15610193274915218; 0,4826091881841421; 0,8014356847852468; 0,6272760443389416; 0,20569222792983055; 0,17201271513476968; 0,7134584337472916
0,5459964516312428; 0,7439642874523997; 0,7905048755928874; 0,6835986920632422; 0,1895813038572669; 0,1735464297235012; 0,07503018295392394; 0,7424274738878012; 0,803826340008527; 0,5533086289651692; 0,21201275940984488
0,30211649403107255; 0,9584191120229661; 0,019242077600210905; 0,6483636018820107; 0,6290027960203588; 0,51119773555547; 0,9306597737595439; 0,5780281573534012; 0,007605469319969416; 0,428056659642607; 0,4979432476684451
-0,014461071013919954; 0,13239278737455606; 0,6989804795011878; 0,46619167318567634; 0,7548351110890508; 0,7623528633266687; 0,9530634400434792; 0,27595927100628614; 0,3760348749347031; 0,9318893095478415; 0,7616932825185359
1,2571584218904275; 0,6800203053280711; 0,8153444151394069; 0,7388772275298834; 0,551952735055238; 0,5474406350404024; 0,5618635141290724; 0,04301305999979377; 0,877308760304004; 0,2679543551057577; 0,4697133954614401
-0,1564896150357052; 0,39103523967787623; 0,2446891888976097; 0,7499144533649087; 0,24360035359859467; 0,5502956635318696; 0,6795954238623381; 0,755027414765209; 0,10328814201056957; 0,5877247219905257; 0,9583628987893462
-0,49679331993236664; 0,497141404543072; 0,9262177338823676; 0,8254712824709713; 0,6147587634623051; 0,7743472452275455; 0,8084902609698474; 0,5521379942074418; 0,08604878420010209; 0,05398245761170983; 0,04129466973245144
0,010680646744347988; 0,2571340436115861; 0,42433007387444377; 0,9361644149757922; 0,46847835136577487; 0,6705787959508598; 0,7550377771258354; 0,42399573186412454; 0,42165242647752166; 0,5967383743263781; 0,0318389693275094
-0,11982336002979486; 0,19642487540841103; 0,824579646345228; 0,33433074643835425; 0,40733220614492893; 0,11059353267773986; 0,4453267971985042; 0,5739658609963953; 0,7991632600314915; 0,681216704659164; 0,8571684211492538
0,24511490471472003; 0,1992246606387198; 0,3174383076839149; 0,8675234755501151; 0,495226732455194; 0,30832148250192404; 0,01552636083215475; 0,4243830577470362; 0,16519306553527713; 0,08537984685972333; 0,8579968763515353
0,10696088820564212; 0,5849350793287158; 0,9343784307129681; 0,13097091810777783; 0,8423380516469479; 0,6876781298778951; 0,7662765514105558; 0,8703179657459259; 0,07070713443681598; 0,9945553257130086; 0,43642914993688464
0,21907068149530257; 0,8458155542612076; 0,018138327170163393; 0,13458995055407286; 0,5155708710663021; 0,3766370262019336; 0,25530741875991225; 0,7550577027723193; 0,626122435554862; 0,6029842696152627; 0,01569722779095173
1,19931142254801; 0,6187185910530388; 0,45207552053034306; 0,0078084515407681465; 0,12507039867341518; 0,6148606343194842; 0,21758585050702095; 0,790291856508702; 0,8074985221028328; 0,4353587464429438; 0,772652130573988
-0,4975564644279764; 0,5443672998808324; 0,5201110066846013; 0,46474622562527657; 0,8424284290522337; 0,5062643950805068; 0,17138801608234644; 0,564409997779876; 0,05207880726084113; 0,34671984473243356; 0,44787319423630834
0,6012476845193385; 0,04590402729809284; 0,6815698104910553; 0,8905306407250464; 0,6859207465313375; 0,6552662029862404; 0,82591423811391; 0,9931179033592343; 0,5812345976009965; 0,8050988228060305; 0,3914014711044729
0,5263391270462392; 0,4877227721735835; 0,7169358339160681; 0,6803696951828897; 0,3670268817804754; 0,9794272002764046; 0,015976571943610907; 0,8099752492271364; 0,22491302015259862; 0,1206452245824039; 0,6332230265252292
-0,26690198886051014; 0,7230051574297249; 0,12135491985827684; 0,07883082376793027; 0,3807728993706405; 0,431866645347327; 0,9761602370999753; 0,6235950905829668; 0,17485287552699447; 0,2076837527565658; 0,8789469148032367
0,08547524260201733; 0,3800938264466822; 0,3358269324526191; 0,21741359634324908; 0,76195367006585; 0,8004849590361118; 0,37305184081196785; 0,16421871725469828; 0,5726190800778568; 0,232350030913949; 0,3993609109893441
0,12796759566532528; 0,11197623470798135; 0,2123010028153658; 0,8382335677742958; 0,33219871344044805; 0,10211538523435593; 0,8998968875966966; 0,5093018049374223; 0,5025180471129715; 0,7281182473525405; 0,6289450046606362
-0,6607074413385454; 0,18454878311604261; 0,5277946842834353; 0,07527575036510825; 0,6509274705313146; 0,4880430791527033; 0,09347440069541335; 0,1864918600767851; 0,5657806447707117; 0,4334987998008728; 0,09347383119165897
1,3649329841360063; 0,8432792578823864; 0,9926526006311178; 0,3730374639853835; 0,15574979688972235; 0,9758752849884331; 0,9535172530449927; 0,3157105422578752; 0,5602566464804113; 0,8765247012488544; 0,8472372433170676
0,8092337446840069; 0,10465496778488159; 0,9515528874471784; 0,04843092057853937; 0,9420799533836544; 0,7497731037437916; 0,5453980346210301; 0,6605429677292705; 0,2249088971875608; 0,05613499227911234; 0,48472235538065434
-0,33961891926898624; 0,1198147009126842; 0,7326968600973487; 0,2649435452185571; 0,5354437394998968; 0,9635295658372343; 0,8641909309662879; 0,01771609392017126; 0,10641894023865461; 0,6360319633968174; 0,6329317609779537
1,3686189537923017; 0,9320060480386019; 0,025098365265876055; 0,19687141105532646; 0,6815727655775845; 0,9967524535022676; 0,6245549414306879; 0,6165520730428398; 0,9324323483742774; 0,28672925010323524; 0,756437361240387
-0,1514362659501829; 0,9356516785919666; 0,6223748903721571; 0,9333745883777738; 0,006636748556047678; 0,8481440586037934; 0,8511225571855903; 0,732084026094526; 0,1791446921415627; 0,04354858072474599; 0,7903080359101295
-0,471911393081087; 0,24638970708474517; 0,9390894458629191; 0,8304234691895545; 0,5762548130005598; 0,21522054309025407; 0,525670463219285; 0,9000557735562325; 0,3717691437341273; 0,6730059208348393; 0,7245366428978741
-0,7366122982913754; 0,057954416144639254; 0,2026175670325756; 0,810632870066911; 0,6845735223032534; 0,06991874985396862; 0,8400138788856566; 0,2088946015574038; 0,606354730669409; 0,7283265078440309; 0,20612927293404937
1,343319304176359; 0,8152711894363165; 0,6026381710544229; 0,7374627632088959; 0,6798080536536872; 0,8248441689647734; 0,481218826957047; 0,5818749396130443; 0,02086389297619462; 0,5666058524511755; 0,38500776002183557
-0,32002521197864253; 0,34491790225729346; 0,8987484057433903; 0,1182681922800839; 0,008417345117777586; 0,24227930745109916; 0,47788088489323854; 0,32275893492624164; 0,4243787988089025; 0,3849799111485481; 0,6646672119386494
1,4710546141885625; 0,9783508097752929; 0,7155033019371331; 0,6481773694977164; 0,19661681773141026; 0,38240513717755675; 0,5582738183438778; 0,3644157056696713; 0,7668492537923157; 0,5569204953499138; 0,3473552670329809
0,11172874843723357; 0,3413337501697242; 0,07288621971383691; 0,0609955326654017; 0,20888126408681273; 0,4353446587920189; 0,22197337029501796; 0,8616206478327513; 0,13241909118369222; 0,8538382835686207; 0,48093196051195264
0,7952350548293121; 0,2444678139872849; 0,18308321107178926; 0,36356483260169625; 0,8295602910220623; 0,25715565867722034; 0,6074884263798594; 0,32401591585949063; 0,4610891928896308; 0,564868837594986; 0,16117001371458173
-0,15573162875143498; 0,9370047254487872; 0,8375269011594355; 0,6222879160195589; 0,6473361481912434; 0,7155536753125489; 0,1273849131539464; 0,7975017381832004; 0,8401917088776827; 0,08520482061430812; 0,8435197356157005
-0,5072558665874389; 0,32730476139113307; 0,20244989218190312; 0,3502730606123805; 0,03243229864165187; 0,040772156324237585; 0,6484759324230254; 0,642058601602912; 0,7800043202005327; 0,2970956261269748; 0,9984214827418327
-0,06521996749722225; 0,7072794418781996; 0,0036153942346572876; 0,24790672352537513; 0,022257097996771336; 0,19741874374449253; 0,3301343936473131; 0,8631845633499324; 0,3006976768374443; 0,18489324254915118; 0,3989238617941737
