 y; x1; x2; x3; x4; x5; x6; x7; x8; x9; x10
0,41558394678294974; 0,754306417889893; 0,9838448842056096; 0,09643594548106194; 0,0706493011675775; 0,014915404841303825; 0,07050901325419545; 0,5393353411927819; 0,16091638477519155; 0,631338928360492; 0,8315602620132267
0,602711857829135; 0,8202174291945994; 0,46447804337367415; 0,17677550110965967; 0,9391622235998511; 0,936237073969096; 0,8483918691053987; 0,9885731521062553; 0,42021409375593066; 0,9234114717692137; 0,7094900915399194
0,44089436034405977; 0,8197685587219894; 0,1349039888009429; 0,916649685241282; 0,3381376899778843; 0,39328365167602897; 0,057735621463507414; 0,6587930503301322; 0,4937909827567637; 0,4148635258898139; 0,3548060334287584
0,6346393881551962; 0,7759656743146479; 0,9388058371841908; 0,22021432034671307; 0,7773217195644975; 0,1789122517220676; 0,4390692417509854; 0,7159295380115509; 0,5194128532893956; 0,7538248603232205; 0,5250043775886297
0,6909519657936662; 0,038750930689275265; 0,30364305106922984; 0,34766486287117004; 0,9205901673994958; 0,7448870935477316; 0,18339267699047923; 0,4459821730852127; 0,7747398870997131; 0,9941590251401067; 0,27490134723484516
0,7559891170413651; 0,4150880053639412; 0,02993322443217039; 0,9393618684262037; 0,28867435827851295; 0,23241080157458782; 0,43844209192320704; 0,3173853503540158; 0,177176876924932; 0,9251210484653711; 0,439845759421587
0,6929174405943989; 0,13227911945432425; 0,8428568420931697; 0,6192264496348798; 0,1347038960084319; 0,9187887096777558; 0,0926347728818655; 0,6464556544087827; 0,3451371043920517; 0,12030797870829701; 0,744483029935509
0,6082176506244934; 0,9191421419382095; 0,39708471624180675; 0,11753173731267452; 0,07045165449380875; 0,6249315901659429; 0,7568965326063335; 0,414150457829237; 0,189987916033715; 0,4500927720218897; 0,6792053189128637
0,5320400402933161; 0,9091191343031824; 0,751307022292167; 0,47620699321851134; 0,8421139912679791; 0,8686612863093615; 0,6996079566888511; 0,5559349190443754; 0,9998540761880577; 0,14838355360552669; 0,35773589788004756
0,5580730069753548; 0,3584737265482545; 0,08594247978180647; 0,8185594463720918; 0,18466121656820178; 0,3223344152793288; 0,2736210790462792; 0,9955670633353293; 0,9929282912053168; 0,5383666646666825; 0,6827383367344737
0,6416183133687268; 0,7336854236200452; 0,7538350876420736; 0,855917401611805; 0,2922315220348537; 0,40341834630817175; 0,48864351818338037; 0,3008414055220783; 0,47853199345991015; 0,1834518308751285; 0,9328481904231012
0,44542073406097304; 0,7347367666661739; 0,8064015838317573; 0,33023738767951727; 0,7648623827844858; 0,7595780091360211; 0,5620645098388195; 0,5354174519889057; 0,23156065866351128; 0,39369661174714565; 0,9417111137881875
0,382702852612473; 0,9451109296642244; 0,9640486962161958; 0,8448004410602152; 0,7185032023116946; 0,8170660054311156; 0,47022352227941155; 0,5249237366952002; 0,31196129135787487; 0,7757821683771908; 0,7306096577085555
0,5860404840255518; 0,2180526084266603; 0,6139421323314309; 0,5935223610140383; 0,39810963021591306; 0,7568509397096932; 0,02470356971025467; 0,09415119607001543; 0,15959418704733253; 0,9336010152474046; 0,49624674674123526
0,4374174218812099; 0,7091912110336125; 0,273287336807698; 0,6634172601625323; 0,5303722424432635; 0,37456011213362217; 0,6665770937688649; 0,6826215265318751; 0,10741326957941055; 0,3614155827090144; 0,8162031704559922
0,7372451929074975; 0,4915793011896312; 0,6102642067708075; 0,9221945689059794; 0,6607061354443431; 0,0834989775903523; 0,35606656642630696; 0,06621697824448347; 0,5940339243970811; 0,5542819029651582; 0,9328239867463708
0,7533532609778032; 0,3885268662124872; 0,43242747196927667; 0,7877480462193489; 0,29118050541728735; 0,6087240860797465; 0,410587212536484; 0,937188655603677; 0,9455023063346744; 0,7629933245480061; 0,2937869462184608
0,5798300228625145; 0,9713316787965596; 0,4129591607488692; 0,21297972882166505; 0,8151847631670535; 0,3759276596829295; 0,7103134021162987; 0,6796510047279298; 0,009456034749746323; 0,5216883779503405; 0,5375411105342209
0,5573938183464779; 0,7851172676309943; 0,5914111821912229; 0,47241955203935504; 0,07173623330891132; 0,1915998118929565; 0,5742425844073296; 0,4098515403456986; 0,5634028632193804; 0,7659998680464923; 0,3592753899283707
0,5549263812588585; 0,3208498302847147; 0,10176183609291911; 0,1039564199745655; 0,5437502395361662; 0,7536147087812424; 0,6955749955959618; 0,31022456334903836; 0,36698464304208755; 0,9789992109872401; 0,7506505977362394
0,4145445098164011; 0,8451560321263969; 0,06548865512013435; 0,08915186347439885; 0,509595547337085; 0,7313829525373876; 0,7074667615815997; 0,21504534129053354; 0,07241786178201437; 0,4671681118197739; 0,1504036127589643
0,6933305900583462; 0,47415679786354303; 0,14218301651999354; 0,5660687210038304; 0,6934579103253782; 0,8563202852383256; 0,8070698543451726; 0,06890260428190231; 0,574446780141443; 0,9616590356454253; 0,8499575140886009
0,5278982512189425; 0,8358038971200585; 0,19361536484211683; 0,736223938409239; 0,8243186422623694; 0,7477042712271214; 0,036996578332036734; 0,4885997655801475; 0,6041614031419158; 0,4074747608974576; 0,6454147477634251
0,489773322232332; 0,49231859389692545; 0,7186309271492064; 0,36088086757808924; 0,21100435312837362; 0,05293676583096385; 0,47877944028005004; 0,20007452741265297; 0,15291946614161134; 0,2532213148660958; 0,6948575535789132
0,5943931420891033; 0,2598433783277869; 0,28706599306315184; 0,5686585446819663; 0,19401730690151453; 0,35363238770514727; 0,9808956235647202; 0,9623541766777635; 0,618845839984715; 0,9716059812344611; 0,8605055967345834
0,5983853923336544; 0,7996992985717952; 0,21624935092404485; 0,0922472421079874; 0,6078043817542493; 0,6195489270612597; 0,288603984285146; 0,7015492590144277; 0,882228747010231; 0,6605613203719258; 0,9302677712403238
0,452242796879793; 0,5979520669206977; 0,7073500230908394; 0,7819307064637542; 0,0895718764513731; 0,08167517790570855; 0,026603296864777803; 0,6706206635572016; 0,8020255323499441; 0,6160936546511948; 0,8779306295327842
0,7559446293473143; 0,14828255539759994; 0,39345896849408746; 0,23383212788030505; 0,8535544173792005; 0,31737992772832513; 0,9726528404280543; 0,13128622248768806; 0,93556425627321; 0,255573445931077; 0,2759116697125137
0,6496406436225195; 0,722856838721782; 0,36899448465555906; 0,4537238497287035; 0,14062377577647567; 0,9493483263067901; 0,12088732002303004; 0,3217903985641897; 0,5589608191512525; 0,24731382122263312; 0,7029693815857172
0,5261189368916805; 0,9027352766133845; 0,6571922898292542; 0,9085973287001252; 0,9574123066850007; 0,8688795235939324; 0,5941932494752109; 0,746335874311626; 0,5504961437545717; 0,1413769223727286; 0,32909972546622157
0,5089990295329755; 0,5781332985498011; 0,4513865662738681; 0,8638935461640358; 0,46371058980003; 0,9003381757065654; 0,8925607423298061; 0,47192080691456795; 0,6377715240232646; 0,6317580961622298; 0,6961099090985954
0,6649875688030942; 0,7054383801296353; 0,18998837983235717; 0,27879421366378665; 0,3414470050483942; 0,36752819549292326; 0,4618816142901778; 0,7877219379879534; 0,8410600619390607; 0,22720470326021314; 0,634579629637301
0,8033229219621446; 0,16594780329614878; 0,5006752107292414; 0,9174794722348452; 0,839541582390666; 0,12525440333411098; 0,761225045658648; 0,837640268728137; 0,381454526912421; 0,7712956201285124; 0,9833361557684839
0,7803043651737649; 0,3154822322539985; 0,032135700806975365; 0,3128672703169286; 0,4604437071830034; 0,2494470914825797; 0,8999849008396268; 0,46246160520240664; 0,9967182036489248; 0,11741774575784802; 0,8278800244443119
0,5256175457512616; 0,7302939700894058; 0,011733786202967167; 0,39792458713054657; 0,7815274903550744; 0,8423674595542252; 0,8213406051509082; 0,26998617220669985; 0,11002501752227545; 0,8763092677108943; 0,16348504880443215
0,6139833231318131; 0,5153645211830735; 0,7940581804141402; 0,5163952163420618; 0,48900369461625814; 0,5326249040663242; 0,47170662926509976; 0,43439887603744864; 0,4134634146466851; 0,1875406326726079; 0,2796284188516438
0,4929294733649755; 0,5564944529905915; 0,13639592798426747; 0,02539951028302312; 0,9225516938604414; 0,8133852705359459; 0,64494400145486; 0,6491864561103284; 0,15765265421941876; 0,1611779211089015; 0,33304123068228364
0,7342590116128759; 0,4803241044282913; 0,5517487674951553; 0,6988092507235706; 0,9625029657036066; 0,2205333188176155; 0,3066375865601003; 0,8292954969219863; 0,09048371529206634; 0,5321445940062404; 0,22505922242999077
0,7148292804310268; 0,5382895711809397; 0,8133930428884923; 0,5521755693480372; 0,37423412036150694; 0,7387821162119508; 0,7193660102784634; 0,930222762748599; 0,8736896510235965; 0,3931931769475341; 0,6232492565177381
0,7413456086206365; 0,4100517318584025; 0,8989802272990346; 0,7572611426003277; 0,20984082948416471; 0,5852543613873422; 0,4355726931244135; 0,44011335587128997; 0,5190537828020751; 0,5348078417591751; 0,9160729893483222
0,45923570422772686; 0,7544654663652182; 0,25753883039578795; 0,506164453458041; 0,46081236470490694; 0,5665216641500592; 0,6303162728436291; 0,7427227031439543; 0,4589211354032159; 0,8489265921525657; 0,6057013194076717
0,7566728672744929; 0,23857541847974062; 0,5863509196788073; 0,832236242480576; 0,21506270905956626; 0,5644618170335889; 0,8675079690292478; 0,37841228675097227; 0,14587446115911007; 0,6943700364790857; 0,7798706949688494
0,773913146461801; 0,3550201361067593; 0,7476381808519363; 0,12462700670585036; 0,9587666750885546; 0,7268239404074848; 0,1771371983923018; 0,062214890494942665; 0,46570728067308664; 0,26579735754057765; 0,6809157524257898
0,431776626522079; 0,7904846579767764; 0,4703841512091458; 0,398976928088814; 0,2916858959943056; 0,41131235007196665; 0,28815356036648154; 0,20817745802924037; 0,13133933441713452; 0,08891097083687782; 0,48474231734871864
0,7110114448822329; 0,06957872631028295; 0,789696897380054; 0,7934552966617048; 0,4616664364002645; 0,10065027512609959; 0,6208547237329185; 0,6710908496752381; 0,6358546721749008; 0,6074258927255869; 0,5263984170742333
0,6072175105187577; 0,2817465481348336; 0,8145553297363222; 0,2832651613280177; 0,8693713964894414; 0,5730960248038173; 0,46192027209326625; 0,11783148953691125; 0,7226387606933713; 0,5945900855585933; 0,9228976061567664
0,5242233900833326; 0,6387379937805235; 0,9292021887376904; 0,7989067607559264; 0,2229267512448132; 0,7255662786774337; 0,3329524016007781; 0,6890657409094274; 0,019804187584668398; 0,2825018409639597; 0,9928505122661591
0,7401322363494655; 0,48119164584204555; 0,9401486278511584; 0,15803347062319517; 0,5523376651108265; 0,5479745720513165; 0,06587717402726412; 0,6217599888332188; 0,13651076471433043; 0,929816429503262; 0,08086947770789266
0,4830980994718042; 0,8401947761885822; 0,40090677980333567; 0,7953584617935121; 0,2509860531426966; 0,18044048454612494; 0,2788936151191592; 0,40704244980588555; 0,17892768420279026; 0,5336379753425717; 0,8867384251207113
0,8101769867550636; 0,08100905176252127; 0,28338967775925994; 0,1348828999325633; 0,7900304975919425; 0,21258573001250625; 0,11730820778757334; 0,007383265998214483; 0,18919967580586672; 0,4001555950380862; 0,27781796269118786
0,7670285593799006; 0,3480054927058518; 0,07489743223413825; 0,9393390752375126; 0,3096911730244756; 0,6275289943441749; 0,8170488039031625; 0,8957889652810991; 0,578979589510709; 0,09757995698601007; 0,6003851522691548
0,4827459597645453; 0,9333656723611057; 0,7326691192574799; 0,48309089336544275; 0,45576820243149996; 0,07546141790226102; 0,15765228075906634; 0,05113714374601841; 0,06414099177345634; 0,5318315420299768; 0,49500005785375834
0,6514040722321544; 0,7834443915635347; 0,5193250263109803; 0,2364780488424003; 0,5043130684643984; 0,21236843895167112; 0,13027469022199512; 0,3211704697459936; 0,024361237417906523; 0,8730513420887291; 0,19630448566749692
0,4655075455718136; 0,6258556935936213; 0,26433044113218784; 0,6235531391575933; 0,6476495005190372; 0,7703496413305402; 0,8701647785492241; 0,2835886818356812; 0,5558857196010649; 0,8984614806249738; 0,12876989878714085
0,6827827157478117; 0,635869812220335; 0,34879728872328997; 0,6960972086526453; 0,16747279558330774; 0,7934364643879235; 0,7670999472029507; 0,9260763246566057; 0,2418089620769024; 0,015381412580609322; 0,762172463349998
0,6279103771846073; 0,7062543593347073; 0,6900613848119974; 0,2016330948099494; 0,11445798678323627; 0,7576281172223389; 0,3056210782378912; 0,5495385662652552; 0,9741963814012706; 0,6508339555002749; 0,00564171327278018
0,5608863010905883; 0,974093702621758; 0,15472652716562152; 0,41065994882956147; 0,8915684213861823; 0,924934780690819; 0,1672476241365075; 0,2911070673726499; 0,250692768022418; 0,9120142720639706; 0,2809195681475103
0,7348384164241794; 0,13665642263367772; 0,03430653037503362; 0,18636222137138247; 0,2325445949099958; 0,7807139600627124; 0,5502690426073968; 0,033541481010615826; 0,44999363319948316; 0,3251152979210019; 0,1755313710309565
0,5789225444311048; 0,5845492943190038; 0,44216339476406574; 0,955120509956032; 0,6435625846497715; 0,10141265857964754; 0,8976471563801169; 0,029611917212605476; 0,6556254886090755; 0,058489684015512466; 0,5432218401692808
0,8004125074812949; 0,1564174983650446; 0,2121759527362883; 0,9379754508845508; 0,9948912402614951; 0,5042333286255598; 0,24885904230177402; 0,21445825509727; 0,2564899493008852; 0,41768805170431733; 0,9883072613738477
0,5760498005617931; 0,9962131236679852; 0,9580048006027937; 0,9492360199801624; 0,012986733578145504; 0,7617689571343362; 0,7865626369602978; 0,20182699104771018; 0,6588675207458436; 0,43803716031834483; 0,3439507153816521
0,7948665592925924; 0,2411347427405417; 0,7839624024927616; 0,6302984235808253; 0,5678182323463261; 0,4572675791569054; 0,20283064246177673; 0,2896949304267764; 0,247222397942096; 0,19018485490232706; 0,4012627163901925
0,5824533854731545; 0,3984777880832553; 0,08800112269818783; 0,35066078417003155; 0,9644837831147015; 0,5215859524905682; 0,6669948482885957; 0,8292221655137837; 0,37640639021992683; 0,8131699715740979; 0,48104071198031306
0,715446204731607; 0,5652293632738292; 0,06331258686259389; 0,6243259492330253; 0,810443002730608; 0,7859695884399116; 0,44820729130879045; 0,4529639594256878; 0,45312682865187526; 0,08682946022599936; 0,5377918011508882
0,5720710920311777; 0,31665222346782684; 0,14675421314314008; 0,8780899997800589; 0,04790984047576785; 0,8611455503851175; 0,45782881835475564; 0,7510822722688317; 0,8265701574273407; 0,6829430907964706; 0,472927656956017
0,5897615319405718; 0,5578022669069469; 0,5489187459461391; 0,5333643751218915; 0,4966976251453161; 0,5626932051964104; 0,19788528513163328; 0,9353739684447646; 0,6739879231899977; 0,34460753994062543; 0,18370902258902788
0,6177837188982793; 0,3960237060673535; 0,6086897063069046; 0,015312661416828632; 0,06861701235175133; 0,4799826662056148; 0,47468824917450547; 0,14867916889488697; 0,6878997893072665; 0,7916140151210129; 0,6021829969249666
0,470193236933479; 0,7609207881614566; 0,6373738972470164; 0,31549651082605124; 0,5600915048271418; 0,06868967320770025; 0,8953780112788081; 0,5919217742048204; 0,03597013792023063; 0,7078788783401251; 0,9166928036138415
0,7472738003285367; 0,2403726913034916; 0,6197787821292877; 0,5935361832380295; 0,12447226466611028; 0,420501047745347; 0,7315706494264305; 0,6378161073662341; 0,3407998741604388; 0,07605300098657608; 0,9081525369547307
0,727956840116306; 0,460748428478837; 0,8404499413445592; 0,020025269128382206; 0,035825325176119804; 0,878634403925389; 0,042768425308167934; 0,05015160283073783; 0,353077351115644; 0,790613517165184; 0,3435598420910537
0,3399653094903205; 0,9316117526032031; 0,6813175710849464; 0,2842721729539335; 0,5144540015608072; 0,6135135176591575; 0,39546619448810816; 0,11716925958171487; 0,02092669438570738; 0,8807193338871002; 0,43717336980625987
0,5061680327506042; 0,5217300103977323; 0,35365272127091885; 0,05172390351071954; 0,21551539609208703; 0,2009546202607453; 0,17975719831883907; 0,8003315078094602; 0,6083281948231161; 0,15404395386576653; 0,17937799263745546
0,5889734730881; 0,9605294675566256; 0,707803619094193; 0,9077824833802879; 0,5987103879451752; 0,27901288121938705; 0,40453663608059287; 0,673198142554611; 0,1135005783289671; 0,19269234547391534; 0,16976846382021904
0,8113186238731395; 0,1975032384507358; 0,36358595080673695; 0,8070749137550592; 0,2968288492411375; 0,022196701262146235; 0,780271879862994; 0,9169887430034578; 0,2739708349108696; 0,2130506932735443; 0,055234885308891535
0,7171340180863738; 0,10438574058935046; 0,2942721457220614; 0,18491135817021132; 0,24843673082068563; 0,9287560377269983; 0,04756724461913109; 0,5670298039913177; 0,38340848917141557; 0,5966024589724839; 0,9926584009081125
0,624228446403301; 0,1603695726953447; 0,4493541424162686; 0,23632298782467842; 0,20915124798193574; 0,44565544417127967; 0,2767246160656214; 0,5279462658800185; 0,8972494886256754; 0,1471048672683537; 0,8472757381387055
0,7537857407597977; 0,3968623075634241; 0,0644176946952939; 0,44099116371944547; 0,5640109507367015; 0,20112697314471006; 0,8069031448103487; 0,5947774252854288; 0,06451873248443007; 0,7942967647686601; 0,5513290576636791
0,8114006962227711; 0,05580113222822547; 0,24065823201090097; 0,3124540359713137; 0,8612159457989037; 0,58064079657197; 0,46834702929481864; 0,8724298058077693; 0,7777379974722862; 0,4533392754383385; 0,18376139225438237
0,7690598778560093; 0,30182241275906563; 0,2691563847474754; 0,25284607568755746; 0,2194242370314896; 0,3353601535782218; 0,1648662588559091; 0,7429723734967411; 0,9032071428373456; 0,38738773902878165; 0,9295438174158335
0,4643576241071278; 0,787589771207422; 0,9186824494972825; 0,841896690428257; 0,5566726280376315; 0,7380752712488174; 0,13059162301942706; 0,7592496182769537; 0,3614050759933889; 0,4584570131264627; 0,15233121067285538
0,7550253223217958; 0,08552451618015766; 0,38008187897503376; 0,9923720634542406; 0,1260008946992457; 0,0778454439714551; 0,10534424567595124; 0,5220730104483664; 0,6603133333846927; 0,843625103123486; 0,44966147979721427
0,61029658368837; 0,7640374777838588; 0,21969175152480602; 0,3131038607098162; 0,7958933063782752; 0,7147539118304849; 0,3893718468025327; 0,05661104433238506; 0,2254643077030778; 0,3740539946593344; 0,3227237295359373
0,5894848994276075; 0,6773054366931319; 0,32851138385012746; 0,10378736490383744; 0,7246185624971986; 0,04025182360783219; 0,5794921186752617; 0,0044687045738101006; 0,7374300858937204; 0,84540178719908; 0,5065751713700593
0,5278782827155268; 0,6535417414270341; 0,35457273153588176; 0,8752500456757843; 0,0898552224971354; 0,7716470579616725; 0,7032066336832941; 0,8376267529092729; 0,7792452163994312; 0,33661250583827496; 0,7831281428225338
0,7546998318479397; 0,4182397718541324; 0,2837565429508686; 0,49356797337532043; 0,4355713310651481; 0,5405676034279168; 0,8810265162028372; 0,30360692040994763; 0,1817874275147915; 0,6892062053084373; 0,031042628455907106
0,4844021638817756; 0,5106292217969894; 0,8775143902748823; 0,18186580296605825; 0,7331415168009698; 0,9905982450582087; 0,23324826173484325; 0,38449948700144887; 0,6301246099174023; 0,8842557766474783; 0,41066884621977806
0,4953984199772519; 0,4968069326132536; 0,6268806578591466; 0,7129267356358469; 0,8260785862803459; 0,850408720318228; 0,639476964250207; 0,02533664647489786; 0,10179106332361698; 0,3782716430723667; 0,39645836502313614
0,533129085705591; 0,5052012344822288; 0,9253320107236505; 0,24877580255270004; 0,6605764920823276; 0,5609286050312221; 0,46867370745167136; 0,21189018245786428; 0,26177189452573657; 0,023423929698765278; 0,6666846191510558
0,584574255951403; 0,4342351765371859; 0,21358207846060395; 0,7902502766810358; 0,24873234052211046; 0,007620946038514376; 0,365346600767225; 0,9758724919520319; 0,629994978196919; 0,22943585272878408; 0,365399522241205
0,7017594914952316; 0,19548612227663398; 0,6605409705080092; 0,4415802867151797; 0,48094488261267543; 0,07608651975169778; 0,44811335019767284; 0,35021986113861203; 0,8577396338805556; 0,10572970705106854; 0,8285476840101182
0,6031015414127545; 0,8035889649763703; 0,6944756051525474; 0,13908166717737913; 0,16435791039839387; 0,15105902682989836; 0,8735942100174725; 0,16438660770654678; 0,6029018620029092; 0,8864095690660179; 0,13475391967222095
0,6735580381838572; 0,62898029666394; 0,5205293479375541; 0,2341857487335801; 0,8771357419900596; 0,4017719719558954; 0,9116169000044465; 0,3117089760489762; 0,9385788072831929; 0,2620798060670495; 0,34206645796075463
0,6954673257786576; 0,4695674334652722; 0,7350732991471887; 0,2598880557343364; 0,5960342874750495; 0,30039245961233974; 0,6211756961420178; 0,6162063698284328; 0,6582160755060613; 0,8172582713887095; 0,39626702666282654
0,7630235122308143; 0,020333003718405962; 0,6672368184663355; 0,7665429324842989; 0,18619803246110678; 0,5562591105699539; 0,644005264621228; 0,5059541068039834; 0,9812397784553468; 0,2581765311770141; 0,045805138535797596
0,5870847496037994; 0,7271314896643162; 0,8330882685258985; 0,15803675167262554; 0,9262382537126541; 0,49207217805087566; 0,5133791393600404; 0,009226365480571985; 0,00723244296386838; 0,746433075517416; 0,35587518010288477
0,6419076144681207; 0,7417741054669023; 0,44948056107386947; 0,4919192399829626; 0,9469744344241917; 0,411403373349458; 0,5780256106518209; 0,6104040765203536; 0,03881084034219384; 0,9277420076541603; 0,7061450751498342
0,5980793862519955; 0,19740395387634635; 0,2777942484244704; 0,6853770017623901; 0,20424090838059783; 0,30950979702174664; 0,8973757112398744; 0,9266231236979365; 0,5627102656289935; 0,24943952914327383; 0,03135313279926777
0,6657275265754184; 0,3594948220998049; 0,6397899840958416; 0,2805354450829327; 0,4764970508404076; 0,10664302809163928; 0,9505977560766041; 0,23870595917105675; 0,5973436245694757; 0,8923864965327084; 0,7694019749760628
0,6116662987932882; 0,1509453416801989; 0,8889626804739237; 0,6136422734707594; 0,8970023980364203; 0,8782513346523046; 0,6026994520798326; 0,7274575969204307; 0,31992498505860567; 0,0970622980967164; 0,8370809238404036
0,4687488697637512; 0,7200746396556497; 0,8633108362555504; 0,053004791494458914; 0,5473865983076394; 0,5118323331698775; 0,31382867228239775; 0,8183654975146055; 0,3167793555185199; 0,9108183090575039; 0,0002404283732175827
0,6319809288544611; 0,8219138770364225; 0,25194348860532045; 0,9530364670790732; 0,548922504298389; 0,10128984414041042; 0,6400366458110511; 0,5022626360878348; 0,23762384336441755; 0,32957163034006953; 0,23986368859186769
0,7198172959639793; 0,12336411001160741; 0,5217249183915555; 0,14844326814636588; 0,15527725405991077; 0,6201167684048414; 0,39390054205432534; 0,25765898590907454; 0,3947787433862686; 0,015767343807965517; 0,8334586401470006
0,7134840376985254; 0,22957654250785708; 0,874807960819453; 0,5628317310474813; 0,6569245299324393; 0,7452170215547085; 0,9770739478990436; 0,7808504034765065; 0,05721536045894027; 0,522431394085288; 0,45039180805906653
0,4645969910765559; 0,6025340524502099; 0,7262318637222052; 0,8032788885757327; 0,8515329170040786; 0,7498998250812292; 0,3334751673974097; 0,5208529164083302; 0,6757250782102346; 0,8478284440934658; 0,47245757514610887
0,6844389095440002; 0,2831250266171992; 0,024475677870213985; 0,5216606436297297; 0,41504023130983114; 0,9556937436573207; 0,8223804603330791; 0,04589369473978877; 0,3790549314580858; 0,8430986776947975; 0,22083566756919026
0,3796904614541216; 0,8056995896622539; 0,8889881214126945; 0,6239245678298175; 0,8835656801238656; 0,24242533603683114; 0,47290904028341174; 0,171193805988878; 0,25941379088908434; 0,0022602686658501625; 0,9880671743303537
0,5600778374956753; 0,30188014591112733; 0,2838858156464994; 0,9084650105796754; 0,6047457726672292; 0,5926314629614353; 0,733801650814712; 0,8570422288030386; 0,7709060157649219; 0,8998730308376253; 0,5607085367664695
0,7382621948597594; 0,4296076619066298; 0,4704684247262776; 0,43594235135242343; 0,7032749820500612; 0,060249855276197195; 0,9495165846310556; 0,3261307664215565; 0,6608350207097828; 0,7633893582969904; 0,6727183847688138
0,6380235873302741; 0,08010397804901004; 0,8739039688371122; 0,46723367366939783; 0,38111694995313883; 0,4707870874553919; 0,4003649363294244; 0,9587766560725868; 0,07054370734840631; 0,2806895477697253; 0,8270537038333714
0,48274823070016876; 0,7058969605714083; 0,8707532500848174; 0,2637693602591753; 0,372915118932724; 0,27571703819558024; 0,8304071757011116; 0,6425659484229982; 0,2539349729195237; 0,6771742473356426; 0,832802674267441
0,6003453854811827; 0,5373204816132784; 0,7804725086316466; 0,6941779851913452; 0,9402550575323403; 0,09155311994254589; 0,7199151888489723; 0,6438794168643653; 0,9385475944727659; 0,4045426878146827; 0,7378504872322083
0,5324747048929476; 0,7010574140585959; 0,4055838049389422; 0,5049328510649502; 0,13346060691401362; 0,3237280654720962; 0,5916475299745798; 0,053009767550975084; 0,488323540892452; 0,8195199477486312; 0,9616645593196154
0,5962623803793066; 0,4150841240771115; 0,004015101119875908; 0,6875596214085817; 0,23277328303083777; 0,27355993958190084; 0,4927822444587946; 0,8194596795365214; 0,32375500444322824; 0,3315161680802703; 0,11084707546979189
0,616539110865799; 0,5540932808071375; 0,8231768636032939; 0,46561150811612606; 0,40831266017630696; 0,1735650459304452; 0,13321328815072775; 0,7745878747664392; 0,5935065634548664; 0,80405661650002; 0,23870852822437882
0,5729371040081027; 0,6324859210290015; 0,7122140852734447; 0,8115493152290583; 0,07429141039028764; 0,9057028461247683; 0,8004273748956621; 0,06046042963862419; 0,22784207900986075; 0,24089471250772476; 0,7177505856379867
0,6692551117241936; 0,4207260641269386; 0,8110026912763715; 0,6577776819467545; 0,9203768782317638; 0,14171004481613636; 0,019548455718904734; 0,547356148250401; 0,5353217250667512; 0,5808288012631238; 0,6004860433749855
0,5757471721083792; 0,9124156394973397; 0,2129008863121271; 0,17087814770638943; 0,47249912563711405; 0,19425443094223738; 0,009407251607626677; 0,8645655363798141; 0,0348477428779006; 0,925567583180964; 0,667066743131727
0,5537650927557481; 0,8387889498844743; 0,504993827547878; 0,8874455811455846; 0,43140022922307253; 0,4343498647212982; 0,835840558167547; 0,2904283474199474; 0,6413680384866893; 0,27951756585389376; 0,36822121730074286
0,5769838108388909; 0,84968037949875; 0,972738157492131; 0,8009575186297297; 0,5624474594369531; 0,4521268936805427; 0,6312448363751173; 0,19302334869280457; 0,35758748184889555; 0,8633898170664907; 0,7182928728871047
0,4597981111611903; 0,7818324905820191; 0,7673772722482681; 0,13079446693882346; 0,5250753751024604; 0,49537039501592517; 0,1728897881694138; 0,8134389114566147; 0,047820575069636106; 0,9642258840613067; 0,807247546967119
0,5972321442476319; 0,952708775177598; 0,07022783206775784; 0,3570609469898045; 0,6642562034539878; 0,48818013770505786; 0,7475198432803154; 0,6559071466326714; 0,4126730007119477; 0,8714498928748071; 0,5456816777586937
0,539162679718514; 0,37714454159140587; 0,1871148985810578; 0,2897442649118602; 0,3076729141175747; 0,28931351425126195; 0,3280005045235157; 0,4864024776034057; 0,1841279361397028; 0,8999089291319251; 0,041998428758233786
0,593963548258562; 0,31600339291617274; 0,40186711214482784; 0,5081531084142625; 0,5414161295630038; 0,9640338304452598; 0,5910651860758662; 0,6519370791502297; 0,9916802854277194; 0,3629733743146062; 0,2922138590365648
0,3852254879883286; 0,7790267267264426; 0,7994621428661048; 0,8118529533967376; 0,9379511121660471; 0,26800005743280053; 0,7728683189488947; 0,6550105297937989; 0,731151545420289; 0,13708994537591934; 0,20030940184369683
0,35267057148508585; 0,8830737289972603; 0,23474373808130622; 0,8651883057318628; 0,835508169606328; 0,7477673012763262; 0,26116818748414516; 0,4737098286859691; 0,7012589951045811; 0,3763170070014894; 0,9893920156173408
0,42389160865650644; 0,676699505187571; 0,2013352746143937; 0,8767609214410186; 0,35493400087580085; 0,09281354863196611; 0,44343894626945257; 0,041867618914693594; 0,7166336108930409; 0,7058525066822767; 0,9290817538276315
0,6759021115618133; 0,3492899867706001; 0,26715779956430197; 0,39075363194569945; 0,29134736908599734; 0,29472458409145474; 0,17505525890737772; 0,045164627488702536; 0,9260404231026769; 0,24267581617459655; 0,5625116815790534
0,4508488216975847; 0,8974363249726593; 0,5591708896681666; 0,688466492574662; 0,15512644266709685; 0,1875923126935959; 0,5628077830187976; 0,8548828111961484; 0,3049960108473897; 0,3103706226684153; 0,49238451942801476
0,6528266745903714; 0,40649092849344015; 0,5245968992821872; 0,4190146285109222; 0,44571933848783374; 0,39190405094996095; 0,7347758458927274; 0,9502961342222989; 0,33092750143259764; 0,6817898047156632; 0,7571585741825402
0,7950065991345131; 0,029421672224998474; 0,9317494533024728; 0,061904281843453646; 0,4033614541403949; 0,12845547357574105; 0,9638105258345604; 0,2421993501484394; 0,29933645855635405; 0,49941583862528205; 0,4149479093030095
0,7824398597615626; 0,3211114043369889; 0,08325788332149386; 0,6543047549203038; 0,11409341311082244; 0,9264325159601867; 0,4842440574429929; 0,8475018311291933; 0,4286274928599596; 0,8295155796222389; 0,08285224251449108
0,673684022236448; 0,3896132535301149; 0,8554467558860779; 0,8426597719080746; 0,4232444763183594; 0,8902585646137595; 0,79809247283265; 0,8693331386893988; 0,4861945975571871; 0,6276403903029859; 0,07077825162559748
0,5268661660056778; 0,66318677412346; 0,42398788314312696; 0,6435042321681976; 0,26349149364978075; 0,8708738428540528; 0,8809660132974386; 0,6326789911836386; 0,2619133065454662; 0,0668265768326819; 0,7759377313777804
0,4196466319619099; 0,860589362680912; 0,9742232575081289; 0,206774836871773; 0,9229122884571552; 0,29689886700361967; 0,5048206690698862; 0,8009224361740053; 0,24389211740344763; 0,4948389483615756; 0,1274901619181037
0,6641344862888956; 0,6529661226086318; 0,8972369208931923; 0,9534223284572363; 0,7969760871492326; 0,1738659366965294; 0,26490890979766846; 0,17308566672727466; 0,8332293513230979; 0,9145596912130713; 0,13151521468535066
0,6020575647249408; 0,46508092572912574; 0,8428684463724494; 0,22515660803765059; 0,311126871034503; 0,2733749635517597; 0,6370257311500609; 0,5213754530996084; 0,9832266150042415; 0,3823724715039134; 0,386820656247437
0,8154106961088008; 0,13221939280629158; 0,4994129524566233; 0,027562127448618412; 0,3171850210055709; 0,7188769155181944; 0,04037469020113349; 0,49341964861378074; 0,7183586191385984; 0,3032043012790382; 0,9125009523704648
0,6863088041735638; 0,06715704873204231; 0,584467192646116; 0,18302847957238555; 0,04362756386399269; 0,574709627777338; 0,9842176861129701; 0,009593239519745111; 0,31404859758913517; 0,7599411080591381; 0,5807767491787672
0,6520332095899322; 0,20264362264424562; 0,2816145857796073; 0,8398775346577168; 0,1760682314634323; 0,11469116155058146; 0,9203083193860948; 0,17937352554872632; 0,5867445357143879; 0,40878249425441027; 0,2832978190854192
0,75398567407944; 0,24403057852759957; 0,06011246284469962; 0,2822376652620733; 0,1918032425455749; 0,7845334368757904; 0,8539122054353356; 0,5909270108677447; 0,46335803903639317; 0,02464780444279313; 0,0749488533474505
0,5104575024193686; 0,7000944190658629; 0,18815834168344736; 0,30305109405890107; 0,1254600309766829; 0,34480586275458336; 0,19211187027394772; 0,8529691859148443; 0,04546281322836876; 0,4766248925589025; 0,23279161006212234
0,6545666192652781; 0,0019189165905117989; 0,06770572625100613; 0,2958640647120774; 0,6876037265174091; 0,3692315388470888; 0,898989612236619; 0,2569195218384266; 0,773989284876734; 0,7128073764033616; 0,4450473845936358
0,681076155462262; 0,10771581809967756; 0,9847921682521701; 0,6224585860036314; 0,6043071537278593; 0,10835840506479144; 0,23913538130000234; 0,40886617824435234; 0,4292292846366763; 0,6120430300943553; 0,12433576956391335
0,6874308048950049; 0,17549927113577724; 0,31123699387535453; 0,6454052641056478; 0,09987829811871052; 0,3440788462758064; 0,4933616775088012; 0,06699456786736846; 0,5228917831555009; 0,44270309479907155; 0,40860794205218554
0,7816477189145046; 0,30047230748459697; 0,16285575414076447; 0,9955003862269223; 0,26468672091141343; 0,31344552617520094; 0,993936947081238; 0,7830432117916644; 0,6208895770832896; 0,12809357233345509; 0,2925650617107749
0,8132395680232837; 0,18696082709357142; 0,1477103023789823; 0,3145070318132639; 0,21230060933157802; 0,9848330058157444; 0,35870464565232396; 0,0911876279860735; 0,9192622546106577; 0,9039060226641595; 0,11236009933054447
0,40010355042284573; 0,7962682791985571; 0,5270213773474097; 0,3253850871697068; 0,32231776509433985; 0,3465282362885773; 0,5369733734987676; 0,7205273960717022; 0,9410526310093701; 0,09445767430588603; 0,15958408499136567
0,8096646883313711; 0,2008574064821005; 0,518309828825295; 0,9333016718737781; 0,07739121280610561; 0,4840701138600707; 0,504507543053478; 0,03757111495360732; 0,3963287891820073; 0,4986085374839604; 0,7713927943259478
0,6898372387197358; 0,2462405194528401; 0,9564635963179171; 0,6733236452564597; 0,6555461585521698; 0,8333835355006158; 0,9638997004367411; 0,6768617960624397; 0,5205397289246321; 0,581902289763093; 0,44863358046859503
0,5841609770267836; 0,9082170743495226; 0,4918953008018434; 0,3293542074970901; 0,91413927776739; 0,02042293455451727; 0,1210961053147912; 0,8084392072632909; 0,0486218361184001; 0,8589125238358974; 0,768610957544297
0,49426582396913293; 0,6472146427258849; 0,232824235688895; 0,9264230607077479; 0,20581922819837928; 0,9340037009678781; 0,02578782383352518; 0,7283208714798093; 0,04685353394597769; 0,19609159789979458; 0,8916098838672042
0,6164089741863482; 0,781076199375093; 0,22381134517490864; 0,5729074901901186; 0,4466317342594266; 0,06300468696281314; 0,4592907130718231; 0,7127925241366029; 0,4659203984774649; 0,43711817963048816; 0,7274749539792538
0,5676880585086286; 0,7525883689522743; 0,5110698491334915; 0,8544209632091224; 0,7442528242245317; 0,20187811274081469; 0,10388427786529064; 0,10759148001670837; 0,6224833088926971; 0,874773046001792; 0,01936416095122695
0,6756242152171482; 0,27663366217166185; 0,0011426731944084167; 0,34350498393177986; 0,9797968654893339; 0,21280447347089648; 0,380626876372844; 0,28610201831907034; 0,1727063120342791; 0,7831474933773279; 0,18727652123197913
0,608204142804054; 0,5378496120683849; 0,08889720402657986; 0,23538821609690785; 0,6006326503120363; 0,5796952177770436; 0,5469150394201279; 0,6341560641303658; 0,13438749453052878; 0,5063106040470302; 0,10146911116316915
0,6738673283402073; 0,47915633860975504; 0,37532789958640933; 0,05259871482849121; 0,8528078151866794; 0,9341769288294017; 0,1408913303166628; 0,563291301485151; 0,7805712074041367; 0,10125100146979094; 0,7186156315729022
0,49902972690987535; 0,719064827542752; 0,8848090576939285; 0,6543496786616743; 0,6600233861245215; 0,7068132036365569; 0,2510116291232407; 0,9875820856541395; 0,9311604839749634; 0,8360318802297115; 0,5174089218489826
0,3789503698180304; 0,9126668954268098; 0,009438043925911188; 0,8942925054579973; 0,7809792868793011; 0,042148277163505554; 0,36606465885415673; 0,23419743729755282; 0,5575927761383355; 0,8319292883388698; 0,23411814169958234
0,5407181905903697; 0,6382686225697398; 0,8733805054798722; 0,7576916459947824; 0,5078208926133811; 0,05271529778838158; 0,48610101779922843; 0,48503479082137346; 0,9835763429291546; 0,014437285251915455; 0,9681661073118448
0,5984079997515479; 0,8251472101546824; 0,45349072804674506; 0,9003396984189749; 0,8642640272155404; 0,9123306344263256; 0,14034760324284434; 0,12839600490406156; 0,9922295557335019; 0,38307382026687264; 0,18020366597920656
0,5205118955369067; 0,9779040245339274; 0,07302258582785726; 0,9698863732628524; 0,8509146273136139; 0,6118024131283164; 0,013387744780629873; 0,6612212276086211; 0,8620885307900608; 0,7222145274281502; 0,8161420212127268
0,7561881998414053; 0,34165195003151894; 0,016581841744482517; 0,6448375317268074; 0,004530051723122597; 0,8895523017272353; 0,07372557232156396; 0,09122165571898222; 0,3172881337814033; 0,49302219739183784; 0,5679979636333883
0,7331996675130199; 0,3305129357613623; 0,7906271396204829; 0,003978335298597813; 0,8212159653194249; 0,3941561058163643; 0,6061644614674151; 0,749128193128854; 0,7084270706400275; 0,916787332855165; 0,11193913780152798
0,7049690920322039; 0,5822133873589337; 0,9802541746757925; 0,5181516534648836; 0,8478029631078243; 0,07699659001082182; 0,4011650001630187; 0,8049088180996478; 0,3573212451301515; 0,9728978779166937; 0,0456691668368876
0,6785036729525804; 0,6915998025797307; 0,12829840322956443; 0,6523243673145771; 0,16812112089246511; 0,9987059170380235; 0,12406331580132246; 0,30361247761175036; 0,1570789162069559; 0,5575625360943377; 0,5219372054561973
0,6845494465080892; 0,01863246690481901; 0,624979707878083; 0,9510464556515217; 0,6090603354386985; 0,7178502767346799; 0,8634857260622084; 0,5665504774078727; 0,31306053744629025; 0,8094331827014685; 0,47546511935070157
0,438368771125802; 0,6365678966976702; 0,8369943895377219; 0,625483987852931; 0,09653609897941351; 0,0419048210605979; 0,9613960278220475; 0,66753802401945; 0,02854199893772602; 0,8676401511766016; 0,8452676362358034
0,7481372004434245; 0,42225194349884987; 0,12156928237527609; 0,17724989308044314; 0,9313536509871483; 0,2753391582518816; 0,6321571804583073; 0,5484054000116885; 0,039149106945842505; 0,6635468113236129; 0,6266797203570604
0,7475475424594433; 0,05851174984127283; 0,1628466248512268; 0,4437169646844268; 0,6269828197546303; 0,47904580226168036; 0,8132606078870595; 0,10190583532676101; 0,7057162011042237; 0,8538072612136602; 0,5165267959237099
0,633920282828783; 0,16995323449373245; 0,813855797983706; 0,5759168588556349; 0,8116104821674526; 0,9533281642943621; 0,8890261924825609; 0,04439154779538512; 0,9134538709186018; 0,46801139507442713; 0,17482437239959836
0,46398239271328195; 0,8067975495941937; 0,904730012640357; 0,924238910432905; 0,7936877822503448; 0,337884106207639; 0,3279047063551843; 0,41037022415548563; 0,8570558070205152; 0,44202334666624665; 0,6856411825865507
0,491447697727612; 0,7177447695285082; 0,17721943045035005; 0,1203292035497725; 0,5064238915219903; 0,7798742293380201; 0,09816772677004337; 0,4090265450067818; 0,8058982188813388; 0,1511317021213472; 0,20186376851052046
0,4984687735988955; 0,9547458095476031; 0,2551576471887529; 0,8858825438655913; 0,7304303436540067; 0,12096756976097822; 0,8062028638087213; 0,3968398538418114; 0,206635276786983; 0,5875682174228132; 0,2602718030102551
0,6861650431447208; 0,6121553923003376; 0,5945117119699717; 0,34931441536173224; 0,07770342845469713; 0,24521956965327263; 0,16301463032141328; 0,08082356303930283; 0,1469150921329856; 0,18744468921795487; 0,8600063538178802
0,5661423684545208; 0,3119031419046223; 0,5442121322266757; 0,27883345959708095; 0,8158723185770214; 0,34616289008408785; 0,34442260582000017; 0,07444230047985911; 0,17180985258892179; 0,5107506159693003; 0,7322925888001919
0,6272569928586506; 0,8600386246107519; 0,16795056546106935; 0,6790092624723911; 0,6702403044328094; 0,17514631990343332; 0,9395037465728819; 0,7540565296076238; 0,802287639118731; 0,3250451269559562; 0,7220007409341633
0,806633066032828; 0,2132754228077829; 0,9371816273778677; 0,05268975766375661; 0,11687556747347116; 0,8874996472150087; 0,32998730707913637; 0,6893522241152823; 0,9400389897637069; 0,5410966346971691; 0,058989209588617086
0,6718743833862169; 0,4531645951792598; 0,7121303654275835; 0,08623460633680224; 0,8422763757407665; 0,7119054174982011; 0,4446075768209994; 0,9865052974782884; 0,8178342417813838; 0,6146274637430906; 0,3832481103017926
0,6580505158255435; 0,7610590634867549; 0,9925752822309732; 0,6359898098744452; 0,14124085195362568; 0,25284064654260874; 0,4564436641521752; 0,3397385124117136; 0,1888107587583363; 0,6296254261396825; 0,11973279621452093
0,49430210494166305; 0,5002840221859515; 0,12083775084465742; 0,7737737908028066; 0,9333484820090234; 0,980488277040422; 0,6142734680324793; 0,9196992656216025; 0,48205078206956387; 0,5455796304158866; 0,11832003761082888
0,6336142256347982; 0,49637667275965214; 0,2236917158588767; 0,9214153997600079; 0,6411576271057129; 0,30686103692278266; 0,4064296609722078; 0,5508920191787183; 0,24937398312613368; 0,0153006580658257; 0,21055330662056804
0,7257549765930553; 0,5127803622744977; 0,046174297109246254; 0,3656789097003639; 0,3707732744514942; 0,9437182415276766; 0,4160116626881063; 0,8682622658088803; 0,8373887208290398; 0,6079609813168645; 0,05333672696724534
0,5413413693811534; 0,8767173970118165; 0,8119296324439347; 0,30611165799200535; 0,4726903587579727; 0,1113209668546915; 0,024544163141399622; 0,6371215018443763; 0,7952049411833286; 0,16873474698513746; 0,41035829624161124
0,6324117792752754; 0,09495878126472235; 0,27701973356306553; 0,9881601431407034; 0,9887047703377903; 0,6114956117235124; 0,5485780267044902; 0,6881516524590552; 0,5746080651879311; 0,34606346394866705; 0,6637099753133953
0,7233660885809327; 0,30274544190615416; 0,07365746749565005; 0,9619629615917802; 0,09536714246496558; 0,31415440840646625; 0,6084863939322531; 0,4562094588764012; 0,13350402330979705; 0,06275792792439461; 0,6464489945210516
0,7257596096463685; 0,5027981591410935; 0,7826568749733269; 0,37453313497826457; 0,08849502494558692; 0,17239298298954964; 0,022698582150042057; 0,3134822780266404; 0,47724338760599494; 0,3466253876686096; 0,1311434879899025
0,7474822417734387; 0,44725573249161243; 0,4246528479270637; 0,836813235655427; 0,39031264558434486; 0,9210852975957096; 0,217812386341393; 0,17098556458950043; 0,08272172091528773; 0,6234850720502436; 0,7347126044332981
0,6512660685801045; 0,7323595224879682; 0,770153199788183; 0,7478578644804657; 0,6969030909240246; 0,8368038390763104; 0,3301936909556389; 0,46168139250949025; 0,5167078208178282; 0,5833758199587464; 0,9848718037828803
0,8292354824503287; 0,05425753304734826; 0,7485822681337595; 0,9155229642055929; 0,07398524088785052; 0,002241333946585655; 0,6529181869700551; 0,6947305537760258; 0,14912096923217177; 0,6921885628253222; 0,22936203284189105
0,5732531239418975; 0,2693652370944619; 0,018740986939519644; 0,18743962096050382; 0,6837284066714346; 0,265258502215147; 0,15579356951639056; 0,9083489016629755; 0,007593274582177401; 0,48711821204051375; 0,29621114395558834
0,5814451120677088; 0,9319581249728799; 0,3866215138696134; 0,5061562042683363; 0,41159028839319944; 0,12878383230417967; 0,5611068019643426; 0,5847509340383112; 0,0769053534604609; 0,5470208809711039; 0,15074303280562162
0,6662495691687378; 0,135811323300004; 0,6930293911136687; 0,4407999967224896; 0,9338745353743434; 0,9099029898643494; 0,04530154727399349; 0,725895537994802; 0,7677688477560878; 0,33900399366393685; 0,6037947000004351
0,4894858083810629; 0,5040964405052364; 0,15565557312220335; 0,21376763517037034; 0,24394271429628134; 0,8600327991880476; 0,1963623035699129; 0,8117459048517048; 0,41075360029935837; 0,9273786251433194; 0,9740922697819769
0,6404788277731869; 0,2599016814492643; 0,07740492792800069; 0,7282146485522389; 0,7025241921655834; 0,7109480556100607; 0,13373289722949266; 0,9833343252539635; 0,5511071290820837; 0,24290010752156377; 0,9936516326852143
0,46450316713301304; 0,8540496500208974; 0,9894190360791981; 0,7175788269378245; 0,7121231243945658; 0,4837896581739187; 0,8271161019802094; 0,9876624275930226; 0,1556832417845726; 0,5689922198653221; 0,6763340951874852
0,5931745684166099; 0,9149641436524689; 0,10857873735949397; 0,751766714733094; 0,3008207189850509; 0,4949280680157244; 0,2333121602423489; 0,39776520477607846; 0,23525295779109; 0,8698815344832838; 0,2154466793872416
0,6242479290438612; 0,7989511927589774; 0,2345650540664792; 0,40071194153279066; 0,4282596833072603; 0,8794497135095298; 0,7454374828375876; 0,44130562664940953; 0,05976099660620093; 0,9511184049770236; 0,9154808828607202
0,6838923927493488; 0,3130012699402869; 0,24208125611767173; 0,1733796470798552; 0,13121903454884887; 0,46555806836113334; 0,5134040182456374; 0,7340405844151974; 0,15405507199466228; 0,15181442722678185; 0,8430637801066041
0,6029038118899985; 0,24013955751433969; 0,6077614002861083; 0,3397842957638204; 0,09902747580781579; 0,9164270949549973; 0,7584141702391207; 0,4598591742105782; 0,6361983013339341; 0,6240343591198325; 0,40009016543626785
0,6137321781415049; 0,8469178439117968; 0,5839411998167634; 0,06100793927907944; 0,04124909546226263; 0,6844495227560401; 0,825745296664536; 0,17479151813313365; 0,3599759805947542; 0,2025613645091653; 0,7503299191594124
0,752152249893292; 0,07970353914424777; 0,4460641201585531; 0,5996059598401189; 0,9609321439638734; 0,852245771791786; 0,1404647659510374; 0,27283424604684114; 0,29733604472130537; 0,9441832373850048; 0,47347016213461757
0,350712805124423; 0,9993276470340788; 0,264770592097193; 0,11260044621303678; 0,8068358041346073; 0,6806927444413304; 0,6738476022146642; 0,1709882109425962; 0,5105813452973962; 0,13422087719663978; 0,516808114014566
0,5002929771616693; 0,5024051144719124; 0,6628076960332692; 0,4114467529579997; 0,5067739528603852; 0,9285142184235156; 0,1709961360320449; 0,9014814854599535; 0,7251297347247601; 0,8035989599302411; 0,8295732419937849
0,6438146120056384; 0,03382049594074488; 0,6267507956363261; 0,6583300922065973; 0,5458752755075693; 0,7537113162688911; 0,9545873119495809; 0,11982537573203444; 0,4050539545714855; 0,249388188123703; 0,20383966527879238
0,744583818152253; 0,3045986876823008; 0,6535247508436441; 0,14902290096506476; 0,39835844468325377; 0,9724667714908719; 0,2084625824354589; 0,1270186542533338; 0,5752035030163825; 0,9628899772651494; 0,17417942499741912
0,6721366440992056; 0,1808264460414648; 0,725928493309766; 0,6876425663940609; 0,1411789497360587; 0,3719370970502496; 0,33377663092687726; 0,6845622332766652; 0,6579671804793179; 0,29899256955832243; 0,5436379117891192
0,6188899959929787; 0,8691987628117204; 0,9475623178295791; 0,9070504135452211; 0,23875699331983924; 0,9888800117187202; 0,5793493697419763; 0,8693005135282874; 0,10248077427968383; 0,8718802672810853; 0,7914153290912509
0,5688153351226939; 0,27464171312749386; 0,7420817073434591; 0,9993487703613937; 0,8939672354608774; 0,832003265619278; 0,6327314875088632; 0,9567243391647935; 0,782333692535758; 0,9288442716933787; 0,6006010519340634
0,599661196057315; 0,19763091439381242; 0,7618788639083505; 0,41621623607352376; 0,9579997756518424; 0,47512558987364173; 0,9132288414984941; 0,9195931977592409; 0,8928637411445379; 0,5776583570986986; 0,1929837390780449
0,5696472491287237; 0,5316222752444446; 0,9698037547059357; 0,37653364054858685; 0,41806839127093554; 0,13073795987293124; 0,9436900829896331; 0,705635373480618; 0,9170026225037873; 0,03928228048607707; 0,33847028715536
0,4386677901425197; 0,7762679443694651; 0,16379934549331665; 0,31890531722456217; 0,1585624967701733; 0,14777231309562922; 0,47823020769283175; 0,20596669241786003; 0,628227112814784; 0,15139136789366603; 0,2183721479959786
0,523116120693233; 0,8218673625960946; 0,9077528296038508; 0,7622800492681563; 0,7974929474294186; 0,18949648505076766; 0,796650183852762; 0,18543486902490258; 0,6255589560605586; 0,5243499088101089; 0,7760448255576193
0,733121910469307; 0,17380534764379263; 0,6633737441152334; 0,9450085586868227; 0,37566868541762233; 0,724669401999563; 0,5255557675845921; 0,08719154447317123; 0,15945539763197303; 0,5568781467154622; 0,3681714693084359
0,609192368023605; 0,8473864649422467; 0,37904669903218746; 0,5740223368629813; 0,8048828230239451; 0,3975651692599058; 0,2979359431192279; 0,2762541975826025; 0,9354843739420176; 0,7355297305621207; 0,8645480815321207
0,5362144621378352; 0,3698003445751965; 0,43304350040853024; 0,5550538497045636; 0,7934748069383204; 0,7985738627612591; 0,4864372508600354; 0,1982976016588509; 0,9431312778033316; 0,2738206316716969; 0,011429097969084978
0,8143739292846286; 0,17207310628145933; 0,3297974676825106; 0,8560388232581317; 0,6894720634445548; 0,9769803048111498; 0,7639867532998323; 0,19778169132769108; 0,5447447961196303; 0,6689883675426245; 0,8033222616650164
0,3673810504247246; 0,9400956677272916; 0,8510567899793386; 0,3972646538168192; 0,6126236361451447; 0,23922742158174515; 0,0745122442021966; 0,9308467460796237; 0,8344172388315201; 0,09567700698971748; 0,5704272850416601
0,6210275602258937; 0,13370728166773915; 0,079644659999758; 0,9950149203650653; 0,31736657628789544; 0,6559593370184302; 0,684492046944797; 0,6087426859885454; 0,235149463173002; 0,9864141191355884; 0,520291238091886
0,6252004837315246; 0,6707265144214034; 0,0005917428061366081; 0,8179782116785645; 0,8561775297857821; 0,833137271925807; 0,8843840495683253; 0,04201563959941268; 0,6361961266957223; 0,21039818553254008; 0,8813185915350914
0,3752912322690297; 0,8987211650237441; 0,6581825627945364; 0,4699196256697178; 0,40626224130392075; 0,10486012930050492; 0,2803315967321396; 0,35807156888768077; 0,20970307802781463; 0,9346505487337708; 0,7133949850685894
0,5538205723971948; 0,7251714458689094; 0,9552027410827577; 0,18788351863622665; 0,5562891205772758; 0,07026444189250469; 0,6467988886870444; 0,3609543056227267; 0,5798855116590858; 0,38557972433045506; 0,385830604005605
0,8431308268697599; 0,01075662299990654; 0,04978958237916231; 0,7658776403404772; 0,5342247262597084; 0,5530835376121104; 0,47573623014613986; 0,22237852262333035; 0,6491303322836757; 0,6154630039818585; 0,6708337748423219
0,5577732245562848; 0,9859105972573161; 0,1942544155754149; 0,8554700212553144; 0,6829729047603905; 0,4626907049678266; 0,5759093523956835; 0,2817348293028772; 0,3618731629103422; 0,738757825922221; 0,3507083496078849
0,5890862980377015; 0,9348368579521775; 0,6853380384854972; 0,9217117996886373; 0,9493608963675797; 0,5879492163658142; 0,6652539814822376; 0,9163413005881011; 0,3228000211529434; 0,8518182737752795; 0,004547012038528919
0,7884319551861915; 0,25494312308728695; 0,04502869630232453; 0,33915208745747805; 0,0986942881718278; 0,2803942351602018; 0,4548676097765565; 0,7118795784190297; 0,5604832135140896; 0,9670664300210774; 0,07677195221185684
0,7660582696401581; 0,2819000920280814; 0,10008454928174615; 0,38341331109404564; 0,2898575230501592; 0,34313337644562125; 0,7169337165541947; 0,9337276248261333; 0,015689343214035034; 0,9318685755133629; 0,12220168206840754
0,4380973632087001; 0,7181549831293523; 0,5713610672391951; 0,04224346997216344; 0,3169461600482464; 0,18578400509431958; 0,6005365513265133; 0,06389388116076589; 0,3560111322440207; 0,0377944833599031; 0,4666139595210552
0,6646912070282467; 0,7389900917187333; 0,9769272021949291; 0,5855113607831299; 0,25926104839891195; 0,5473213135264814; 0,7831179318018258; 0,48729906510561705; 0,7856527958065271; 0,6744307512417436; 0,7170981597155333
0,6064892582746669; 0,21729821851477027; 0,9808389358222485; 0,4291281644254923; 0,27965370286256075; 0,4643531241454184; 0,312182963360101; 0,9735166430473328; 0,016712035983800888; 0,5540399462915957; 0,6088955574668944
0,5258849585641896; 0,628826399333775; 0,6110211326740682; 0,7417148682288826; 0,1376433214172721; 0,33425998175516725; 0,590676489751786; 0,13803303614258766; 0,8908834867179394; 0,12586203357204795; 0,010577644221484661
0,5033270048289181; 0,5679008681327105; 0,951523088850081; 0,06922488613054156; 0,7270185840316117; 0,14646498346701264; 0,4355629840865731; 0,7272217948921025; 0,9355079396627843; 0,2461861614137888; 0,34599237935617566
0,4087582538503832; 0,7341838455758989; 0,7465347079560161; 0,6929766405373812; 0,49847685592249036; 0,37318409560248256; 0,02729030419141054; 0,5050491038709879; 0,11778420908376575; 0,028426139149814844; 0,889237767085433
0,8106897266261042; 0,20347274094820023; 0,07739212131127715; 0,13578751171007752; 0,9066791525110602; 0,42128843534737825; 0,030165161937475204; 0,20136155281215906; 0,2320473319850862; 0,6147764548659325; 0,3638026029802859
0,7873594450621075; 0,05292805749922991; 0,048012865241616964; 0,6184523184783757; 0,8219371903687716; 0,7305520698428154; 0,8887746082618833; 0,9179077264852822; 0,417383230291307; 0,9839393091388047; 0,1735694780945778
0,7068283086058855; 0,15076282946392894; 0,5073698461055756; 0,3806685237213969; 0,20381859270855784; 0,8181912042200565; 0,2770416592247784; 0,7405647067353129; 0,8838365199044347; 0,5804134956561029; 0,6982513600960374
0,525968216037316; 0,6385181224904954; 0,3444484807550907; 0,38415183313190937; 0,8317620973102748; 0,8474758211523294; 0,9369397237896919; 0,196818714030087; 0,5811796584166586; 0,9263151711784303; 0,845902590546757
0,4319211503433933; 0,9979389552026987; 0,17140193562954664; 0,8196635716594756; 0,37688817270100117; 0,3449733559973538; 0,45859541604295373; 0,05883354414254427; 0,6962242876179516; 0,41734121600165963; 0,1675389353185892
0,6662725551655768; 0,34433661168441176; 0,2089172676205635; 0,9083953038789332; 0,8671315512619913; 0,7157595525495708; 0,36912743793800473; 0,8232143218629062; 0,9290698529221117; 0,7327950173057616; 0,11459498293697834
0,7853508714665992; 0,24865882098674774; 0,4297268376685679; 0,09082986880093813; 0,728476176969707; 0,7714248728007078; 0,7445659446530044; 0,6749826762825251; 0,987163161393255; 0,8442810997366905; 0,7232091659680009
0,71890811383403; 0,28636714862659574; 0,005798411555588245; 0,8120669545605779; 0,33881164714694023; 0,3910626280121505; 0,5177072416990995; 0,3371189911849797; 0,8853285922668874; 0,38782183127477765; 0,6473203459754586
0,5259189710032078; 0,5965537833981216; 0,3632634528912604; 0,49125057738274336; 0,4303819593042135; 0,29397652950137854; 0,8778964416123927; 0,5385454799979925; 0,5426232051104307; 0,8190574464388192; 0,8732840861193836
0,45328586698300943; 0,6553724580444396; 0,399336788803339; 0,85874347621575; 0,471299079246819; 0,9262561812065542; 0,36682250211015344; 0,20202278345823288; 0,4497642097994685; 0,40296544088050723; 0,4785039583221078
0,5762284543238894; 0,962316045537591; 0,601278331130743; 0,7269117971882224; 0,21887696674093604; 0,1160863689146936; 0,932311724871397; 0,8850377714261413; 0,595490621868521; 0,23373798746615648; 0,5432957718148828
0,3400774711464872; 0,8995125922374427; 0,9322957578115165; 0,40211306838318706; 0,27614991972222924; 0,5724201812408864; 0,17143800994381309; 0,7968153143301606; 0,010066632647067308; 0,7532049021683633; 0,9448925643227994
0,5164208035724691; 0,8575150389224291; 0,2709089070558548; 0,08426475618034601; 0,7751632542349398; 0,17486791452392936; 0,7314982614479959; 0,23962005833163857; 0,45170261012390256; 0,49336534086614847; 0,8688425240106881
0,5470597195993618; 0,3684194330126047; 0,22982115857303143; 0,17591015016660094; 0,5680604209192097; 0,2891267449595034; 0,8642406417056918; 0,6984363864175975; 0,25418063160032034; 0,16724564135074615; 0,004803137853741646
0,3635622640833832; 0,8396254316903651; 0,10138485627248883; 0,7125390917062759; 0,38182492600753903; 0,228949676733464; 0,5002169357612729; 0,4419714887626469; 0,9149755877442658; 0,1989711206406355; 0,76435507228598
0,4589463686526083; 0,6075683482922614; 0,6806382122449577; 0,8856007428839803; 0,27952465089038014; 0,5629166439175606; 0,7970437002368271; 0,606404080055654; 0,6676163272932172; 0,8819707869552076; 0,45369038404896855
0,6508655030236224; 0,01966783544048667; 0,9110015751793981; 0,312191401142627; 0,07418986409902573; 0,3131169364787638; 0,009712490253150463; 0,07303124805912375; 0,9392863013781607; 0,8876635357737541; 0,02153461752459407
0,4870133650647267; 0,5306785861030221; 0,8691101567819715; 0,8245942033827305; 0,8000993519090116; 0,6179263489320874; 0,6929722069762647; 0,6550491601228714; 0,9386220234446228; 0,922761170193553; 0,4096066374331713
0,785330522369853; 0,26631737453863025; 0,9750324515625834; 0,765729402191937; 0,4519400387071073; 0,3620722512714565; 0,4721602271310985; 0,5452821790240705; 0,41592248249799013; 0,6882523559033871; 0,1977230249904096
0,6658913694148109; 0,022857903968542814; 0,6295808153226972; 0,6028545978479087; 0,2767795124091208; 0,5734135797247291; 0,3263718420639634; 0,42787119885906577; 0,9526439774781466; 0,22356486739590764; 0,009199852589517832
0,6133582985314436; 0,1611953303217888; 0,8500086199492216; 0,23883569333702326; 0,9099874459207058; 0,8769288710318506; 0,9130471223033965; 0,9656760427169502; 0,7263537622056901; 0,6673532142303884; 0,6633074101991951
0,5968075671989503; 0,9175896639935672; 0,7527088345959783; 0,840722574852407; 0,0438119457103312; 0,8446719767525792; 0,585769034922123; 0,5589508623816073; 0,24418451264500618; 0,023015407845377922; 0,21313253417611122
0,6619079151940528; 0,014011780731379986; 0,1689380961470306; 0,04808440199121833; 0,26703275088220835; 0,9543275320902467; 0,13502596039325; 0,33098065527155995; 0,9465332110412419; 0,4449123521335423; 0,857966155745089
0,5819908495699512; 0,3426924771629274; 0,14688077243044972; 0,47691301722079515; 0,7351000290364027; 0,24845330649986863; 0,8329261019825935; 0,09430053317919374; 0,8508952157571912; 0,19803058123216033; 0,19777971599251032
0,8397643296641577; 0,03952529979869723; 0,443716230802238; 0,8223934452980757; 0,9282056530937552; 0,08147852588444948; 0,87350894510746; 0,31061318004503846; 0,32845831755548716; 0,6179576562717557; 0,698301246855408
0,5374704686567323; 0,8746571466326714; 0,14367203414440155; 0,16089961398392916; 0,5221200822852552; 0,09345678705722094; 0,06134386174380779; 0,6389847574755549; 0,4208802431821823; 0,10702719772234559; 0,7095599034801126
0,5711508294465792; 0,7001475607976317; 0,1813039006665349; 0,02036740630865097; 0,6121406899765134; 0,7858052179217339; 0,6575915957801044; 0,10426715575158596; 0,17270009079948068; 0,6943133682943881; 0,6547809424810112
0,7492707235956476; 0,21378664020448923; 0,6700114631094038; 0,93487807828933; 0,7045236881822348; 0,33898137090727687; 0,8212816682644188; 0,6113012605346739; 0,9535589045844972; 0,5992946960031986; 0,7163887238129973
0,39731471087709797; 0,8539533368311822; 0,8043524427339435; 0,05578019469976425; 0,5732037024572492; 0,6772856437601149; 0,19238805025815964; 0,011082244105637074; 0,4795072600245476; 0,7603728147223592; 0,9391399673186243
0,7054933471689174; 0,2510406239889562; 0,23484431626275182; 0,7541864397935569; 0,4140942804515362; 0,04177717585116625; 0,7516427263617516; 0,573431524913758; 0,9106047418899834; 0,42744098138064146; 0,9447236526757479
0,7191461857568748; 0,006361388601362705; 0,014099886175245047; 0,03452734183520079; 0,19707288360223174; 0,2066372469998896; 0,8398330984637141; 0,4133670679293573; 0,75773895252496; 0,7674160255119205; 0,9132824246771634
0,8228736857361867; 0,07227468118071556; 0,0393629209138453; 0,394697611220181; 0,9191429479978979; 0,9859298635274172; 0,4155280361883342; 0,34912607073783875; 0,8290754351764917; 0,026283428072929382; 0,4254802134819329
0,6165303789967289; 0,21209569182246923; 0,06296892929822206; 0,7631945060566068; 0,7994650523178279; 0,643355455249548; 0,2522465381771326; 0,5295084547251463; 0,02459382126107812; 0,20412534894421697; 0,9252713490277529
0,7221157022882453; 0,020873395260423422; 0,3651518262922764; 0,3925129589624703; 0,48472926765680313; 0,7746830619871616; 0,30508880969136953; 0,9650536491535604; 0,20071810111403465; 0,4743669433519244; 0,896740194875747
0,6393547279706657; 0,4844998843036592; 0,36469408962875605; 0,6452707047574222; 0,7768038492649794; 0,982670518103987; 0,26088164979591966; 0,3923350516706705; 0,2788288448937237; 0,24933700216934085; 0,20715427305549383
0,6409685319341543; 0,8167061740532517; 0,6157379909418523; 0,02947993203997612; 0,44740914227440953; 0,2457544133067131; 0,6712550693191588; 0,9530834848992527; 0,7908187592402101; 0,7343328166753054; 0,6670099166221917
0,5966711063956487; 0,695776813197881; 0,8826747378334403; 0,7020821399055421; 0,06864369148388505; 0,3149822144769132; 0,02648240840062499; 0,406968857627362; 0,9225064259953797; 0,6588615877553821; 0,5712661785073578
0,5189893587629535; 0,5151683292351663; 0,14600886590778828; 0,8281731340102851; 0,6967040924355388; 0,12782047362998128; 0,01284167030826211; 0,8114623897708952; 0,6448263158090413; 0,26147462148219347; 0,05196555471047759
0,7866382362118034; 0,1136526227928698; 0,1348812049254775; 0,8777603413909674; 0,5017443122342229; 0,36720911553129554; 0,25390893407166004; 0,026451220270246267; 0,08252753550186753; 0,2544199270196259; 0,00405355216935277
0,8049296633645631; 0,17151436675339937; 0,23015764076262712; 0,4681215286254883; 0,23306242329999804; 0,3272116486914456; 0,20572058530524373; 0,9540669298730791; 0,5008060866966844; 0,9478468494489789; 0,5888364445418119
0,6147232332012338; 0,5558785242028534; 0,6631379006430507; 0,4145179442130029; 0,07117583230137825; 0,929568684194237; 0,37390052853152156; 0,8550781249068677; 0,05338975740596652; 0,1319957203231752; 0,7541946098208427
0,7263012597262553; 0,16086381347849965; 0,45027790451422334; 0,0008640727028250694; 0,34111551893875003; 0,05397447384893894; 0,3340047150850296; 0,5643464354798198; 0,36380088794976473; 0,8569313799962401; 0,5201988001354039
0,4852180466462342; 0,8636858705431223; 0,5625803135335445; 0,7096215835772455; 0,42833788273856044; 0,39684088295325637; 0,8679740554653108; 0,14632368553429842; 0,456702196970582; 0,6691256868652999; 0,9115529833361506
0,6020577857367181; 0,4038215675391257; 0,25326985120773315; 0,706926082726568; 0,5033868355676532; 0,8791790949180722; 0,07197719719260931; 0,43439606111496687; 0,0045678806491196156; 0,43103031115606427; 0,08411404024809599
0,4075711999796731; 0,8704086327925324; 0,5166172906756401; 0,17069213697686791; 0,4905865113250911; 0,23363089188933372; 0,7118724244646728; 0,06203829310834408; 0,7897542770951986; 0,5332014611922204; 0,8289464865811169
0,45952942500662075; 0,8407095894217491; 0,46102231927216053; 0,0006949030794203281; 0,48365658754482865; 0,4103022622875869; 0,199923412874341; 0,3720023324713111; 0,6379348733462393; 0,5270806578919291; 0,773206768091768
0,5721454134150484; 0,2776462654583156; 0,5980824502184987; 0,40658008866012096; 0,16650649067014456; 0,9528906615450978; 0,7104299180209637; 0,44143587769940495; 0,3547486448660493; 0,17366138426586986; 0,42593503277748823
0,8237932435394828; 0,07809173269197345; 0,8106189318932593; 0,2924959040246904; 0,4627507817931473; 0,5467630554921925; 0,37623903853818774; 0,14022039249539375; 0,8905908004380763; 0,6758565972559154; 0,26612543361261487
0,6780188305040623; 0,29716702084988356; 0,25761347403749824; 0,7929130061529577; 0,534208633005619; 0,35982887214049697; 0,5414736322127283; 0,6388611742295325; 0,144157103728503; 0,5810332880355418; 0,9354649069719017
0,8156343328524489; 0,1837345352396369; 0,19200940616428852; 0,31736092967912555; 0,4158949195407331; 0,05017116945236921; 0,0069713350385427475; 0,6438755462877452; 0,061294213868677616; 0,7636758894659579; 0,5193376941606402
0,7230334666275029; 0,5315319807268679; 0,0037986799143254757; 0,7525002099573612; 0,8702929075807333; 0,7659445814788342; 0,014425796922296286; 0,8597472333349288; 0,368924249894917; 0,23649900266900659; 0,7068973267450929
0,6764834520410238; 0,6712652752175927; 0,4803419918753207; 0,11937339510768652; 0,07709156349301338; 0,4740563053637743; 0,7495395001024008; 0,8516198676079512; 0,16944206785410643; 0,5491386521607637; 0,23956556990742683
0,4968873644991008; 0,9746131002902985; 0,8427561786957085; 0,9757484989240766; 0,39587769424542785; 0,6165215675719082; 0,7371889958158135; 0,06989549100399017; 0,7068567811511457; 0,5420516543090343; 0,9584407596848905
0,6323871371031703; 0,7532091378234327; 0,8152119652368128; 0,2726141791790724; 0,32221868820488453; 0,005858883261680603; 0,3605187381617725; 0,28422021958976984; 0,9899781476706266; 0,009036817122250795; 0,03791566612198949
0,5911551225914077; 0,3336771074682474; 0,8170436341315508; 0,3207916100509465; 0,9872744949534535; 0,9657141319476068; 0,40874603297561407; 0,7505608340725303; 0,8036771956831217; 0,9528660443611443; 0,5258072032593191
0,561695819663054; 0,37622557766735554; 0,25978318648412824; 0,7885482958517969; 0,5837704143486917; 0,4660191014409065; 0,2410075282678008; 0,028318822383880615; 0,11532872775569558; 0,015342618338763714; 0,6667154445312917
0,737889697810137; 0,32156423944979906; 0,4982784972526133; 0,0897389929741621; 0,8221535859629512; 0,0690487097017467; 0,09099114965647459; 0,7831759671680629; 0,8723728554323316; 0,6520815482363105; 0,9081180314533412
0,40526255414567475; 0,8163932426832616; 0,5681687290780246; 0,25700060185045004; 0,48012199392542243; 0,32058035768568516; 0,3687237882986665; 0,2887736479751766; 0,46886759670451283; 0,6548944017849863; 0,866419019177556
0,35630798259081536; 0,9904648396186531; 0,7242814246565104; 0,14877030486240983; 0,5915678520686924; 0,07298270799219608; 0,9966807859018445; 0,4678908074274659; 0,4034871798940003; 0,00958480965346098; 0,8060339796356857
0,4792890095039608; 0,520947951823473; 0,7045059851370752; 0,09275381034240127; 0,09802932292222977; 0,48006761306896806; 0,10876240953803062; 0,9736168817616999; 0,1382633331231773; 0,4586132946424186; 0,8194426763802767
0,45115759716797826; 0,8723675864748657; 0,8357335333712399; 0,6120502455160022; 0,4823273899964988; 0,24495522771030664; 0,49254164891317487; 0,6006965334527194; 0,1737936264835298; 0,7199016357772052; 0,49693213030695915
0,35388477563692655; 0,8697823225520551; 0,12499517388641834; 0,9867939502000809; 0,21065438212826848; 0,7330100806429982; 0,35064625134691596; 0,31420678459107876; 0,059760027565062046; 0,504005809314549; 0,7777734585106373
0,5566120409721159; 0,9121969752013683; 0,522750208619982; 0,19268559711053967; 0,08647431060671806; 0,8264060895889997; 0,753518910612911; 0,4361199582926929; 0,3787898914888501; 0,7854870655573905; 0,2418699343688786
0,6632805085334119; 0,49402960343286395; 0,8627385930158198; 0,7260255189612508; 0,8664944050833583; 0,40178605169057846; 0,344808682333678; 0,0300530893728137; 0,30743508879095316; 0,9503332450985909; 0,5056599020026624
0,6465350498341698; 0,03982320660725236; 0,8942389544099569; 0,36840574024245143; 0,2861362611874938; 0,7973842592909932; 0,31078067049384117; 0,43098494596779346; 0,15068800887092948; 0,8771281610243022; 0,8345114095136523
0,6383479711190353; 0,07052030181512237; 0,6827645367011428; 0,07906119944527745; 0,8322640401311219; 0,6701437407173216; 0,2886408823542297; 0,7146200113929808; 0,09908406948670745; 0,7748808516189456; 0,6763109504245222
0,5009138511018899; 0,5639327797107399; 0,3960455618798733; 0,34259055694565177; 0,932025570422411; 0,5646340907551348; 0,9237651391886175; 0,10605592932552099; 0,2355142650194466; 0,9528794987127185; 0,7553192358464003
0,4329588667600462; 0,9122908981516957; 0,5074123623780906; 0,050046523567289114; 0,16200366197153926; 0,6228019259870052; 0,1877978378906846; 0,25935261510312557; 0,6345128174871206; 0,2634861967526376; 0,9371841531246901
0,4764407944766114; 0,5453556743450463; 0,3217607564292848; 0,5560065689496696; 0,22826218232512474; 0,32794634671881795; 0,9658514340408146; 0,7919303490780294; 0,5450797532685101; 0,4837962896563113; 0,6139843817800283
0,697562324868299; 0,5315672438591719; 0,3144836388528347; 0,982032535597682; 0,0859562661498785; 0,22425016248598695; 0,3995563853532076; 0,6844557081349194; 0,6911662532947958; 0,7901872298680246; 0,9050660291686654
0,5494265225277675; 0,5392596488818526; 0,726109694223851; 0,24417917430400848; 0,2891555493697524; 0,6552035682834685; 0,04850811883807182; 0,15608340362086892; 0,3603691980242729; 0,12830845080316067; 0,4565145494416356
0,32388106118604215; 0,9766175486147404; 0,6803110293112695; 0,28715076111257076; 0,8037259499542415; 0,17176860105246305; 0,7649163547903299; 0,6239920100197196; 0,32973996503278613; 0,7158882971853018; 0,9752966365776956
0,5768239212476386; 0,5386522891931236; 0,5708441310562193; 0,024758406449109316; 0,590710879303515; 0,21317483484745026; 0,701396546792239; 0,007382485084235668; 0,31705649197101593; 0,945703954435885; 0,20940713956952095
0,7967300479841586; 0,16765286726877093; 0,1803925554268062; 0,06720847450196743; 0,9721923382021487; 0,5316249215975404; 0,8391103288158774; 0,38607851741835475; 0,5860181688331068; 0,8584022633731365; 0,44872870901599526
0,611577490026067; 0,6310743065550923; 0,11126845190301538; 0,7710583591833711; 0,28182901442050934; 0,5970067391172051; 0,3979997639544308; 0,5069528329186141; 0,9027078533545136; 0,8341237334534526; 0,6702458853833377
0,8197621912434497; 0,08849295834079385; 0,30878197913989425; 0,8204598035663366; 0,8134954078122973; 0,9882948375307024; 0,818584100343287; 0,305218952242285; 0,5912324185483158; 0,42868803068995476; 0,7823269870132208
0,48664585331473487; 0,5649190614931285; 0,8692206148989499; 0,25135383661836386; 0,7354148090817034; 0,8475149841979146; 0,1814707382582128; 0,6656049368903041; 0,21320685325190425; 0,35889788437634706; 0,8240169887430966
0,7479112136176982; 0,3153574401512742; 0,7635497646406293; 0,6096786530688405; 0,8461594660766423; 0,32304696505889297; 0,1807087012566626; 0,17726987972855568; 0,10367860784754157; 0,8138312706723809; 0,9113099779933691
0,4692611218658929; 0,7869219440035522; 0,5264555048197508; 0,9297395632602274; 0,35204516304656863; 0,060602505691349506; 0,6548312352970243; 0,32468796567991376; 0,9557424592785537; 0,90259143197909; 0,34430177323520184
0,5727534938805778; 0,9907044055871665; 0,3313129642046988; 0,20113037154078484; 0,2906783255748451; 0,2522354833781719; 0,5780113758519292; 0,2905440768226981; 0,3091700919903815; 0,607091351877898; 0,8033598237670958
0,46954200913751953; 0,5558867887593806; 0,9301921455189586; 0,14928187802433968; 0,6757772825658321; 0,338110632263124; 0,6908820983953774; 0,178785543423146; 0,49026390025392175; 0,34550079610198736; 0,022513178642839193
0,6699428879758593; 0,05493396194651723; 0,48672123719006777; 0,6906304894946516; 0,6814462142065167; 0,12835352821275592; 0,5777894821949303; 0,2918931506574154; 0,4996953345835209; 0,5039060423150659; 0,260765312705189
0,5995272144246955; 0,7731478102505207; 0,8529393346980214; 0,6415848373435438; 0,9206293988972902; 0,28100892482325435; 0,2987366612069309; 0,12178005278110504; 0,5309083429165184; 0,2549535711295903; 0,8658625790849328
0,6287394983463713; 0,6452515446580946; 0,43679987406358123; 0,046567841432988644; 0,61929329065606; 0,26510604843497276; 0,7387430928647518; 0,9075538702309132; 0,14885898772627115; 0,5449495711363852; 0,7693343418650329
0,5130415989797937; 0,529283304233104; 0,4898292659781873; 0,9761481806635857; 0,6466159732080996; 0,8531891526654363; 0,5498388325795531; 0,32127132918685675; 0,7018092679791152; 0,23670138884335756; 0,6294180019758642
0,6932544894772406; 0,0196556244045496; 0,9704756182618439; 0,029860771726816893; 0,6695271776989102; 0,9340713447891176; 0,6197242587804794; 0,7481408449821174; 0,14616274274885654; 0,19148689834401011; 0,6247888095676899
0,8410370352499853; 0,06540691666305065; 0,3866137070581317; 0,47533260378986597; 0,46517124958336353; 0,5712972176261246; 0,22654457623139024; 0,22847085911780596; 0,8984470376744866; 0,4436112674884498; 0,7470004530623555
0,6236354843841172; 0,4260724983178079; 0,5622670315206051; 0,47860482009127736; 0,11922407802194357; 0,9172589918598533; 0,8825731975957751; 0,7104837391525507; 0,5022358931601048; 0,8779786010272801; 0,511127510573715
0,7650829819949985; 0,1426644823513925; 0,1885274867527187; 0,7846099622547626; 0,5011066859588027; 0,5332382232882082; 0,6380792972631752; 0,5399593249894679; 0,30686569353565574; 0,8357039429247379; 0,748324969317764
0,5111398591175211; 0,8858196418732405; 0,8533240458928049; 0,5405144225805998; 0,645238927565515; 0,4364448678679764; 0,18369723530486226; 0,35966944973915815; 0,542693127412349; 0,19971865881234407; 0,16599810728803277
0,3330115323059634; 0,9249801905825734; 0,03414066135883331; 0,23706120997667313; 0,8818765073083341; 0,31925182277336717; 0,6969919679686427; 0,0595057406462729; 0,9776741531677544; 0,47104775067418814; 0,7294332054443657
0,6563358929518471; 0,4158267439343035; 0,8411295069381595; 0,10400701640173793; 0,2551905349828303; 0,711576865054667; 0,7581136408261955; 0,8439007638953626; 0,22229201486334205; 0,754133177921176; 0,6196419359184802
0,6496961824203771; 0,0320622306317091; 0,44405816681683064; 0,7809628159739077; 0,3711154288612306; 0,9971060948446393; 0,8815650935284793; 0,3106001568958163; 0,1036960743367672; 0,9683633176609874; 0,4029412418603897
0,7592183665554644; 0,19579060841351748; 0,4620847823098302; 0,7076943349093199; 0,9143094690516591; 0,13838688051328063; 0,05285718245431781; 0,8863539625890553; 0,5348043004050851; 0,7513545257970691; 0,5507781216874719
0,696224072531959; 0,1837565298192203; 0,8763419734314084; 0,8989292434416711; 0,5818089684471488; 0,9329602434299886; 0,6925501585938036; 0,3412720668129623; 0,28818869357928634; 0,08035200880840421; 0,9472828013822436
0,786846853195038; 0,28415404073894024; 0,20647301198914647; 0,684717545285821; 0,32889292668551207; 0,9325539474375546; 0,0033811023458838463; 0,8878028187900782; 0,1452433685772121; 0,08394093485549092; 0,9761814223602414
0,8049637008380196; 0,13730480009689927; 0,449253270868212; 0,5614432576112449; 0,30726397270336747; 0,3744592471048236; 0,24473073659464717; 0,3972173766233027; 0,42481944244354963; 0,8392727575264871; 0,863595440518111
0,7554390275478466; 0,22284942818805575; 0,3246367434039712; 0,3178893821313977; 0,15902630239725113; 0,4595167674124241; 0,9886428797617555; 0,6434465497732162; 0,13328832481056452; 0,25390512915328145; 0,004666841123253107
0,7600694171234295; 0,38923308718949556; 0,7230303236283362; 0,024192781653255224; 0,5324022066779435; 0,8030746076256037; 0,6911107082851231; 0,23700079089030623; 0,9107263763435185; 0,5924927671439946; 0,2601600745692849
0,7959889785759336; 0,12406082544475794; 0,8625155580230057; 0,14944588439539075; 0,6664084843359888; 0,6554814171977341; 0,07904954068362713; 0,13634475134313107; 0,27296585496515036; 0,5583025072701275; 0,49842896685004234
0,5900036594867283; 0,4045060514472425; 0,17030665185302496; 0,7610231162980199; 0,45970449317246675; 0,49419574486091733; 0,6104015540331602; 0,80287407618016; 0,7525432389229536; 0,6391809661872685; 0,14187010563910007
0,6190581652558566; 0,6304081324487925; 0,3332967944443226; 0,9871215568855405; 0,33010314079001546; 0,899330937769264; 0,14123830199241638; 0,2735007884912193; 0,12404838530346751; 0,17435346078127623; 0,2827757317572832
0,6959037198262814; 0,1803996036760509; 0,2418466522358358; 0,012104785535484552; 0,3310775039717555; 0,05829388275742531; 0,4930613529868424; 0,7170034688897431; 0,9097531549632549; 0,5182698899880052; 0,18760195141658187
0,607535732663461; 0,9140672381035984; 0,18176335701718926; 0,7515331120230258; 0,7659307862631977; 0,17394962813705206; 0,2586951358243823; 0,6267847772687674; 0,7708337497897446; 0,8415874582715333; 0,35556202568113804
0,6056648929719984; 0,36636210372671485; 0,19948911666870117; 0,4651211588643491; 0,11170562729239464; 0,05863655265420675; 0,693079368211329; 0,33948977664113045; 0,5557046979665756; 0,5904829637147486; 0,29165930207818747
0,6514002571937014; 0,3524289922788739; 0,7565807984210551; 0,09569187462329865; 0,014501429162919521; 0,622440745588392; 0,14244597032666206; 0,7810127949342132; 0,46526595996692777; 0,1646765023469925; 0,7088498477824032
0,5442202096939242; 0,9428996676579118; 0,3576067350804806; 0,19198283459991217; 0,2388763064518571; 0,7588442177511752; 0,9692306513898075; 0,9001164231449366; 0,9286056677810848; 0,20237353397533298; 0,19210108881816268
0,5617937990839723; 0,6519868215546012; 0,5145598254166543; 0,7781217354349792; 0,6056172712706029; 0,4760555252432823; 0,17084268014878035; 0,47749519906938076; 0,6767036360688508; 0,1381595772691071; 0,9177118418738246
0,5105681898344863; 0,4697557333856821; 0,2135544754564762; 0,8996189036406577; 0,4550738870166242; 0,007844308391213417; 0,4094173591583967; 0,8922526217065752; 0,4232715414837003; 0,4996081222780049; 0,41660080570727587
0,5135500777494362; 0,8522083191201091; 0,4216464445926249; 0,15553308418020606; 0,4995509721338749; 0,9642350864596665; 0,08546716859564185; 0,7294738013297319; 0,8149962639436126; 0,9050171724520624; 0,9813783969730139
0,6715061091771317; 0,7171294232830405; 0,4774306365288794; 0,8932707752101123; 0,7631218540482223; 0,8576361727900803; 0,40302440430969; 0,9108207044191658; 0,9601712366566062; 0,37382085900753736; 0,3643531044945121
0,4301422320995938; 0,9082866152748466; 0,4475537370890379; 0,7231492097489536; 0,832017196342349; 0,08784237550571561; 0,9493147628381848; 0,2848907383158803; 0,39691510889679193; 0,5845370558090508; 0,3328486066311598
0,7173082405581542; 0,4108375352807343; 0,9292121920734644; 0,34453080920502543; 0,6307488903403282; 0,6773832091130316; 0,27609812980517745; 0,5234739608131349; 0,8752285735681653; 0,044673983473330736; 0,2425887817516923
0,440787493703725; 0,6662678574211895; 0,24168682796880603; 0,28438007226213813; 0,6419695592485368; 0,5462656114250422; 0,3057192889973521; 0,4321349081583321; 0,04473037924617529; 0,2514855363406241; 0,07623638678342104
0,686331913327739; 0,4977460731752217; 0,9339312985539436; 0,6480189491994679; 0,5918031670153141; 0,5419028610922396; 0,828291189391166; 0,3354504592716694; 0,7528111385181546; 0,6072296304628253; 0,09709230158478022
0,5620561194057825; 0,29994176933541894; 0,3033605692908168; 0,3044319641776383; 0,5493305176496506; 0,5302410507574677; 0,5131739950738847; 0,7090067635290325; 0,24530667113140225; 0,3363678897731006; 0,1867270702496171
0,5312165586779378; 0,5637020776048303; 0,7989384504035115; 0,4786604712717235; 0,2451481414027512; 0,8450730983167887; 0,17558697145432234; 0,1161455218680203; 0,196988757699728; 0,3710012808442116; 0,912476112600416
0,6086889850294146; 0,15758685767650604; 0,4558330401778221; 0,8920438080094755; 0,7994938646443188; 0,34592566126957536; 0,6486147348769009; 0,6427289950661361; 0,20596166234463453; 0,09654465783387423; 0,8893193928524852
0,6681881846939265; 0,03444577846676111; 0,9518044935539365; 0,32244008453562856; 0,8903463557362556; 0,37593855150043964; 0,8496168884448707; 0,8142914292402565; 0,37109021097421646; 0,8217183919623494; 0,03500787867233157
0,5083855206986172; 0,44827248994261026; 0,8270843233913183; 0,8779773321002722; 0,35831393487751484; 0,15584775945171714; 0,1687232363037765; 0,8278914573602378; 0,35718857077881694; 0,31451348681002855; 0,9395044166594744
0,4733910520786132; 0,6510618678294122; 0,4713736940175295; 0,2178125223144889; 0,864501167088747; 0,14822218613699079; 0,01537018408998847; 0,1267640758305788; 0,5079376632347703; 0,15744381863623857; 0,3154266714118421
0,538515998396603; 0,9280192190781236; 0,18271181732416153; 0,4656679071485996; 0,8488180888816714; 0,6325903036631644; 0,744950087275356; 0,470164701808244; 0,7521316334605217; 0,9211708889342844; 0,9847132102586329
0,6264365316996646; 0,3764854585751891; 0,9878079597838223; 0,5996671277098358; 0,8341258834116161; 0,7433516257442534; 0,27166237914934754; 0,7647856799885631; 0,3630205010995269; 0,5045300759375095; 0,5973043823614717
0,6352715501147931; 0,11059961700811982; 0,21435448247939348; 0,9380123531445861; 0,18193153571337461; 0,6887260535731912; 0,4696906181052327; 0,5175518607720733; 0,1987009677104652; 0,001751953735947609; 0,5859059146605432
0,6033672940388266; 0,8898810935206711; 0,1263916650786996; 0,7117970711551607; 0,8000421952456236; 0,34130977746099234; 0,6811650022864342; 0,8575070793740451; 0,4199154912494123; 0,2376492409966886; 0,5810168106108904
0,7258804817401504; 0,38825780246406794; 0,9576976993121207; 0,49145916383713484; 0,016375927720218897; 0,2537884125486016; 0,9065371034666896; 0,08632262935861945; 0,6019036304205656; 0,09504408203065395; 0,4052548664622009
0,4101294089792554; 0,720996615011245; 0,5681834374554455; 0,18320330837741494; 0,7442956827580929; 0,6246334295719862; 0,6772930729202926; 0,6946290284395218; 0,3749587316997349; 0,9978857999667525; 0,28910685889422894
0,6198331550720424; 0,38408738654106855; 0,8409172738902271; 0,5153050632216036; 0,8748371130786836; 0,12574184872210026; 0,7667009369470179; 0,12190116569399834; 0,4186614756472409; 0,8096974231302738; 0,249624315649271
0,5522088399214651; 0,5243269032798707; 0,5240355739369988; 0,04013219568878412; 0,057330443523824215; 0,35764471581205726; 0,8965790718793869; 0,8678989890031517; 0,7238375474698842; 0,5868156417272985; 0,26485508400946856
0,49480744396917653; 0,9113518339581788; 0,23251576023176312; 0,37701053358614445; 0,3055171906016767; 0,8328708689659834; 0,8730862610973418; 0,626565370708704; 0,3645479725673795; 0,19230347871780396; 0,9798132870346308
0,6308971970981658; 0,43194490391761065; 0,6685339561663568; 0,29908181680366397; 0,12228863267228007; 0,9362035696394742; 0,42324825236573815; 0,6406414355151355; 0,7864380958490074; 0,49226227356120944; 0,8594421022571623
0,5127007470501798; 0,43829542910680175; 0,09776524780318141; 0,251604491379112; 0,745057170279324; 0,43483992014080286; 0,30596639681607485; 0,27741536078974605; 0,09543014550581574; 0,9786319676786661; 0,170015431009233
0,7700735324419431; 0,28288711654022336; 0,131050119176507; 0,9031068789772689; 0,9868538724258542; 0,9356846865266562; 0,6689677238464355; 0,8598206760361791; 0,19905072217807174; 0,580487934872508; 0,2059812885709107
0,6837104968982705; 0,004792668856680393; 0,5809979569166899; 0,8388519762083888; 0,22823364473879337; 0,9149638987146318; 0,6159740686416626; 0,6959161818958819; 0,8914341744966805; 0,8424542769789696; 0,7884095865301788
0,7627255917240126; 0,2772967549972236; 0,04578378517180681; 0,5164685524068773; 0,8952221483923495; 0,27020841324701905; 0,553708070423454; 0,7029639999382198; 0,239956165663898; 0,10694647440686822; 0,4094832199625671
0,6249983528744433; 0,44006396271288395; 0,13558846432715654; 0,24231533333659172; 0,7853853427805007; 0,972026573959738; 0,4591232780367136; 0,0350624043494463; 0,7240557852201164; 0,9574954668059945; 0,7870094077661633
0,6396751277408995; 0,06071328604593873; 0,415887332521379; 0,42208354780450463; 0,4331146692857146; 0,21505104657262564; 0,8752450845204294; 0,8800384076312184; 0,5393432662822306; 0,8160782791674137; 0,6909834677353501
0,722588852862883; 0,0021528671495616436; 0,09651951538398862; 0,616565958596766; 0,058449652045965195; 0,4010542235337198; 0,8229438550770283; 0,9589668298140168; 0,3095920355990529; 0,4462552680633962; 0,7644986738450825
0,4123740381581018; 0,7500971127301455; 0,5210044346749783; 0,0997481127269566; 0,41880648164078593; 0,5943619599565864; 0,09604054735973477; 0,28886685986071825; 0,5788528216071427; 0,2970050163567066; 0,8940257946960628
0,6423224655257823; 0,2092428496107459; 0,8623111988417804; 0,8356066909618676; 0,7767394031397998; 0,4549788851290941; 0,6682017529383302; 0,17550590401515365; 0,16048578917980194; 0,5905020134523511; 0,27679934725165367
0,6500095392162449; 0,01882079802453518; 0,5059697241522372; 0,31049521174281836; 0,9163671396672726; 0,395718636456877; 0,8658492011018097; 0,4671416818164289; 0,1410028887912631; 0,18296264950186014; 0,6942375875078142
0,5127121263005425; 0,4459745022468269; 0,569561512209475; 0,041453412268310785; 0,4617840205319226; 0,36769635044038296; 0,7199106626212597; 0,3387678270228207; 0,6037879576906562; 0,8053700434975326; 0,08688329393044114
0,5777281262202842; 0,5466578830964863; 0,6238362099975348; 0,2106566303409636; 0,8045650175772607; 0,7857808540575206; 0,7902799602597952; 0,5752757107838988; 0,8751240321435034; 0,432957882527262; 0,8530495539307594
0,7586043776214172; 0,3895802842453122; 0,7620522659271955; 0,11914884718134999; 0,810868916567415; 0,4407647084444761; 0,11508272588253021; 0,02593961451202631; 0,3770457534119487; 0,7428204156458378; 0,07636133441701531
0,6404248697988512; 0,04642902035266161; 0,3540726131759584; 0,6823203880339861; 0,8672616174444556; 0,7649885667487979; 0,7345258928835392; 0,46111967135220766; 0,5592667353339493; 0,9993975423276424; 0,047835199162364006
0,8159552797511852; 0,146945355925709; 0,7911873497068882; 0,9425606252625585; 0,04647453315556049; 0,8710968592204154; 0,30888826260343194; 0,8898478620685637; 0,773548333439976; 0,09949868638068438; 0,8040520763024688
0,7296514037359754; 0,27780726086348295; 0,7304520248435438; 0,40498744370415807; 0,10105864703655243; 0,67760876333341; 0,878904553130269; 0,9231213079765439; 0,014515050686895847; 0,06627307459712029; 0,0587639519944787
0,6650177998748406; 0,43101829197257757; 0,840955700725317; 0,48915069829672575; 0,1654342282563448; 0,9860662613064051; 0,4230349683202803; 0,8363264771178365; 0,20135053107514977; 0,7259978102520108; 0,7097602151334286
0,4458261047779622; 0,6576217371039093; 0,7737839729525149; 0,6575141143985093; 0,5390761159360409; 0,926043885294348; 0,6204051575623453; 0,6268952242098749; 0,17508361022919416; 0,2854847447015345; 0,25082261115312576
0,7056749414192901; 0,006542039103806019; 0,7499459185637534; 0,35627890937030315; 0,7095741382800043; 0,8145737671293318; 0,552775357849896; 0,49422566685825586; 0,9983993517234921; 0,06932603288441896; 0,5384775679558516
0,4206044451826321; 0,8577896477654576; 0,6153089650906622; 0,4653068161569536; 0,20240342756733298; 0,15823769243434072; 0,576773299369961; 0,08977373316884041; 0,6256969603709877; 0,6036810376681387; 0,19855743506923318
0,5819020849688884; 0,9986699875444174; 0,19580753101035953; 0,9995100400410593; 0,41349933622404933; 0,8143647075630724; 0,8823570110835135; 0,8794484478421509; 0,32014021230861545; 0,31316406978294253; 0,6251245974563062
0,6902615240452001; 0,3655129624530673; 0,6571245426312089; 0,6453715655952692; 0,2677807775326073; 0,5463859844021499; 0,9102654904127121; 0,9599114418961108; 0,8559662122279406; 0,6839351803064346; 0,49815728003159165
0,5726542049555909; 0,4224349372088909; 0,6993974088691175; 0,6797480075620115; 0,9106585830450058; 0,6283618151210248; 0,31082535488530993; 0,9945251969620585; 0,06264871079474688; 0,3245934513397515; 0,5560230459086597
0,405011327440041; 0,7240272862836719; 0,894440527074039; 0,44540811283513904; 0,25522414362058043; 0,21742654824629426; 0,011851928662508726; 0,2633996354416013; 0,6923740208148956; 0,8038753625005484; 0,5442857267335057
0,6679615465280155; 0,7199552212841809; 0,9467771439813077; 0,41104474337771535; 0,3131842347793281; 0,6184042179957032; 0,5741095854900777; 0,16665130853652954; 0,10961505677551031; 0,9972326317802072; 0,6684918855316937
0,5428120941541521; 0,7993806037120521; 0,6721422513946891; 0,030933735892176628; 0,7430168162100017; 0,3275017184205353; 0,45305458968505263; 0,18118367809802294; 0,13507815031334758; 0,7873692344874144; 0,38218897162005305
0,7686233696320092; 0,37461166363209486; 0,8717309506610036; 0,6201869803480804; 0,27679750556126237; 0,17272135242819786; 0,7406641766428947; 0,025231144856661558; 0,6272363346070051; 0,2130413604900241; 0,4145226455293596
0,3950796310254677; 0,7524929991923273; 0,9550628485158086; 0,5489778122864664; 0,08672193577513099; 0,8018677323125303; 0,8077364796772599; 0,0506346570327878; 0,5041110487654805; 0,4536091065965593; 0,5220190808176994
0,8036192063084504; 0,2297084340825677; 0,8182155122049153; 0,3444720325060189; 0,7706091618165374; 0,561082779429853; 0,9185071531683207; 0,7837404604069889; 0,2195920911617577; 0,687326607760042; 0,37258886732161045
0,7087580055955406; 0,557191981934011; 0,060268678702414036; 0,02154854964464903; 0,3297453704290092; 0,9782779356464744; 0,6029338357038796; 0,743600457906723; 0,7332925358787179; 0,7649177019484341; 0,586506993509829
0,46176269990508145; 0,8044343795627356; 0,7436464163474739; 0,9411127236671746; 0,3003100510686636; 0,984163043089211; 0,722831005230546; 0,18131833709776402; 0,41887178318575025; 0,0019162469543516636; 0,8868877063505352
0,49805079759619814; 0,6059534377418458; 0,16365853138267994; 0,7729292646981776; 0,4960167994722724; 0,10396831622347236; 0,12221902469173074; 0,18039770610630512; 0,5306839579716325; 0,44103287952020764; 0,13298758352175355
0,5198343321508476; 0,46932808496057987; 0,16242856113240123; 0,3945408631116152; 0,11610821867361665; 0,29246455943211913; 0,7680137064307928; 0,6443839599378407; 0,45211629616096616; 0,8104091822169721; 0,9319520951248705
0,31908957192425247; 0,9714840580709279; 0,3933790777809918; 0,11506852367892861; 0,3198282695375383; 0,18892717827111483; 0,9677825979888439; 0,2579675172455609; 0,06894186278805137; 0,7984482976607978; 0,2445253529585898
0,6420860469432307; 0,17880663322284818; 0,047433771193027496; 0,9703893512487411; 0,06128084659576416; 0,06356073170900345; 0,22163254534825683; 0,6056321072392166; 0,08163439203053713; 0,16304397117346525; 0,9632353531196713
0,8053369270213726; 0,22643865179270506; 0,010857796762138605; 0,7627820037305355; 0,5046031312085688; 0,028531979769468307; 0,2193722128868103; 0,8396144122816622; 0,23212869558483362; 0,32301552733406425; 0,17529254173859954
0,5946020928553226; 0,491163685452193; 0,1319450819864869; 0,982537108939141; 0,15743658691644669; 0,7004750072956085; 0,6668183673173189; 0,42820156645029783; 0,1700440039858222; 0,04442830942571163; 0,016528554260730743
0,5919251483872429; 0,6164192231371999; 0,9615761525928974; 0,006756196264177561; 0,8667804622091353; 0,17937760148197412; 0,5807505217380822; 0,26538466522470117; 0,7088991208001971; 0,7672044239006937; 0,19030866958200932
0,5053277765949461; 0,9470953070558608; 0,5826086029410362; 0,42835257202386856; 0,6149584604427218; 0,7889670906588435; 0,4524673679843545; 0,35658255871385336; 0,6582072717137635; 0,6778514422476292; 0,4714602013118565
0,5718393429988843; 0,39088536566123366; 0,8089488712139428; 0,3725676042959094; 0,6710251527838409; 0,27619028091430664; 0,20302855595946312; 0,4120429353788495; 0,5008117351680994; 0,39509193738922477; 0,6066289986483753
0,6805439042816532; 0,18227091571316123; 0,023936839774250984; 0,28007346484810114; 0,735476833768189; 0,8474370101466775; 0,8520288267172873; 0,04035634733736515; 0,9621082697995007; 0,6402432206086814; 0,5533973439596593
0,7479112594915821; 0,12907062843441963; 0,6993382629007101; 0,15483815874904394; 0,9425050197169185; 0,5277632437646389; 0,03994698030874133; 0,2165397396311164; 0,5254532839171588; 0,856140308547765; 0,1187858353368938
0,7781863955155743; 0,3179641612805426; 0,9672492486424744; 0,2973262406885624; 0,0930519555695355; 0,46531141409650445; 0,4285438279621303; 0,8031727322377264; 0,28437848621979356; 0,7944559003226459; 0,056446369737386703
0,7101457680701594; 0,15266232145950198; 0,026418939232826233; 0,7805663421750069; 0,3206116515211761; 0,8262110357172787; 0,80661286925897; 0,5679077827371657; 0,37268612580373883; 0,6001870511099696; 0,6507336013019085
0,658116141785902; 0,14566274685785174; 0,22611791593953967; 0,555392880924046; 0,603465458843857; 0,93151871021837; 0,7553286775946617; 0,24362602923065424; 0,25366076501086354; 0,43623823300004005; 0,2777693709358573
0,504120046835169; 0,5458660563454032; 0,7037075012922287; 0,6912556053139269; 0,15747333969920874; 0,30292806262150407; 0,7862828276120126; 0,7841024147346616; 0,3755213883705437; 0,28141439612954855; 0,8061869549565017
0,4146990059706853; 0,8192742299288511; 0,6316383047960699; 0,7483980827964842; 0,3869075854308903; 0,42621271638199687; 0,3357642940245569; 0,32138715451583266; 0,3214604062959552; 0,8669135635718703; 0,17912135273218155
0,6967761100750159; 0,30298176035284996; 0,2774350168183446; 0,9146528923884034; 0,06707180384546518; 0,8662725551985204; 0,7048428691923618; 0,41797811770811677; 0,15466051176190376; 0,8549864208325744; 0,9141953894868493
0,4993822253387966; 0,5178001006133854; 0,11387403076514602; 0,7695546029135585; 0,41422548796981573; 0,6058016126044095; 0,6906951512210071; 0,4732596608810127; 0,2749263998121023; 0,4483324340544641; 0,2812889451161027
0,7993954882256845; 0,05169892683625221; 0,2794749429449439; 0,10258941352367401; 0,2791544944047928; 0,6700150431133807; 0,6886685704812407; 0,6930205132812262; 0,26061028940603137; 0,8494094964116812; 0,04785624844953418
0,5428185972300755; 0,9472729424014688; 0,03942108899354935; 0,26610957738012075; 0,28963300539180636; 0,7285503530874848; 0,05131192971020937; 0,7130407122895122; 0,8431156389415264; 0,49917066283524036; 0,3937200759537518
0,49714553694365204; 0,6095479652285576; 0,9719250639900565; 0,7894756961613894; 0,9700579079799354; 0,2430320791900158; 0,2743358160369098; 0,3303410345688462; 0,004533454310148954; 0,5169559684582055; 0,0821059588342905
0,4889660306288679; 0,7836873061023653; 0,5006516240537167; 0,7365678059868515; 0,5569176939316094; 0,7339089279994369; 0,4325846815481782; 0,684969937428832; 0,6897628735750914; 0,005394675303250551; 0,5025805132463574
0,3531477164921096; 0,9923269543796778; 0,9254494523629546; 0,8822629433125257; 0,1575335063971579; 0,624867404345423; 0,12758239544928074; 0,11943094385787845; 0,5923300706781447; 0,695485117379576; 0,8520561079494655
0,6894649074861807; 0,35937609197571874; 0,8620390277355909; 0,2101596831344068; 0,925771901383996; 0,6882542609237134; 0,09961270121857524; 0,2700784611515701; 0,3274241089820862; 0,4127678428776562; 0,43965649558231235
0,7590507805702578; 0,16430806647986174; 0,9083458031527698; 0,8482782156206667; 0,7583070178516209; 0,40682271029800177; 0,7959485310129821; 0,3335341135971248; 0,5811506900936365; 0,8159860456362367; 0,006682659965008497
0,6206393643332144; 0,2792943143285811; 0,8761351271532476; 0,07782716955989599; 0,7395770349539816; 0,016520414035767317; 0,7182856858707964; 0,7759424597024918; 0,8621769258752465; 0,04748602258041501; 0,7143894205801189
0,7576598148718826; 0,32012672163546085; 0,18801558436825871; 0,48876221803948283; 0,8538578585721552; 0,08281799079850316; 0,16987077798694372; 0,6671201828867197; 0,763094914611429; 0,295326117426157; 0,5160727854818106
0,5498768356849495; 0,42638732865452766; 0,499739543069154; 0,8988717384636402; 0,5338597637601197; 0,848127658944577; 0,8146150968968868; 0,8290083864703774; 0,01572473533451557; 0,16432408662512898; 0,6873224740847945
0,6465152243379289; 0,7107040514238179; 0,521669409237802; 0,14886003220453858; 0,16818338818848133; 0,10287264920771122; 0,9931593830697238; 0,020888489205390215; 0,36921723186969757; 0,9199372911825776; 0,9070879765786231
0,6188275729086824; 0,16884376015514135; 0,362805790733546; 0,7484041461721063; 0,8814949183724821; 0,0026985458098351955; 0,35819275490939617; 0,3728181719779968; 0,9502107421867549; 0,4595808261074126; 0,7341884379275143
0,5192267391159578; 0,4269654448144138; 0,589373825583607; 0,8544534840621054; 0,9974875543266535; 0,9953095219098032; 0,3756899884901941; 0,31671301228925586; 0,4596492378041148; 0,9303520182147622; 0,9016106496565044
0,7154841131156398; 0,09373296471312642; 0,24572835536673665; 0,5511443032883108; 0,08553631557151675; 0,9606024478562176; 0,5432307906448841; 0,7204233291558921; 0,500390512868762; 0,14453133242204785; 0,15017665876075625
0,3459074267888478; 0,9512789784930646; 0,7438951414078474; 0,6025660498999059; 0,19641862669959664; 0,9732026532292366; 0,22178633976727724; 0,6726880962960422; 0,8628151970915496; 0,23188749607652426; 0,20897752000018954
0,795006053980878; 0,19933209335431457; 0,896820611320436; 0,22562451101839542; 0,9378035408444703; 0,9743698150850832; 0,6757090091705322; 0,5045975111424923; 0,9314765152521431; 0,5824056402780116; 0,889482787810266
0,8355517906064088; 0,03162497794255614; 0,3120057601481676; 0,12450775876641273; 0,33213671715930104; 0,5948830186389387; 0,1670923368074; 0,7816102388314903; 0,6649278863333166; 0,38183010136708617; 0,4996140808798373
0,7201936865885061; 0,04436829732730985; 0,39737806655466557; 0,9703519432805479; 0,6970030115917325; 0,3951403764076531; 0,8344899225048721; 0,4202803932130337; 0,6813511839136481; 0,9542706739157438; 0,16107119945809245
0,34832247706626823; 0,9708755849860609; 0,24658056627959013; 0,5754694570787251; 0,3952452391386032; 0,7789990599267185; 0,025526074692606926; 0,10740549396723509; 0,03157784231007099; 0,6719723786227405; 0,9289092659018934
0,6534764654800416; 0,004750757943838835; 0,6382400495931506; 0,2420538323931396; 0,7120801489800215; 0,05086758127436042; 0,6963119637221098; 0,2142624449916184; 0,8413349878974259; 0,96495620906353; 0,2850551810115576
0,6795048460753502; 0,6909788479097188; 0,41623440524563193; 0,6511662174016237; 0,14371653785929084; 0,5446373485028744; 0,5715212812647223; 0,6384220961481333; 0,8205289710313082; 0,2004595478065312; 0,8448858489282429
0,7478528813997831; 0,02711384790018201; 0,6450797081924975; 0,11038949247449636; 0,5898565552197397; 0,08994657779112458; 0,6721659563481808; 0,6395907518453896; 0,19769268948584795; 0,06773331016302109; 0,14835856342688203
0,6292249346980355; 0,40144554106518626; 0,5442513818852603; 0,17345345299690962; 0,8748123440891504; 0,5641638957895339; 0,7320235087536275; 0,6739076944068074; 0,9322756673209369; 0,08741433778777719; 0,5105818891897798
0,7027544621414469; 0,023481998592615128; 0,6444222927093506; 0,7060847720131278; 0,615859083365649; 0,5505351759493351; 0,9358679540455341; 0,3287684633396566; 0,561984053812921; 0,4853431526571512; 0,22941709775477648
0,5738107030779577; 0,2491530771367252; 0,25424325931817293; 0,7743151737377048; 0,1474792161025107; 0,34964986937120557; 0,6595094762742519; 0,6396686960943043; 0,5575171303935349; 0,762883085757494; 0,7753062741830945
0,7289871540442742; 0,43575082579627633; 0,16790216974914074; 0,5445017348974943; 0,6203175988048315; 0,6041410393081605; 0,42851838283240795; 0,7725528627634048; 0,20285244332626462; 0,9355166414752603; 0,09448247822001576
0,5246566521280165; 0,9265414294786751; 0,6856562728062272; 0,6943418057635427; 0,16186256287619472; 0,2917506657540798; 0,8671105969697237; 0,435972198843956; 0,22355125797912478; 0,9496901487000287; 0,9736363803967834
0,6346491059831073; 0,28742593014612794; 0,6425766460597515; 0,6299304682761431; 0,3443192630074918; 0,7057328610680997; 0,9364013308659196; 0,33864034805446863; 0,1428703241981566; 0,7797730951569974; 0,5918521243147552
0,7273305568290246; 0,2851417865604162; 0,9566032574512064; 0,7966286102309823; 0,25415761582553387; 0,9422174426726997; 0,10800820216536522; 0,6803975240327418; 0,42269691778346896; 0,2073488342575729; 0,11715671792626381
0,41277814310619576; 0,7784547386690974; 0,020815191324800253; 0,5871897828765213; 0,3965049949474633; 0,8914018049836159; 0,2534973183646798; 0,2744029783643782; 0,156721708830446; 0,3558723768219352; 0,19549682922661304
0,5577229262328016; 0,5576026337221265; 0,31715504359453917; 0,8486030483618379; 0,5459735016338527; 0,9856519903987646; 0,14133221190422773; 0,048281311988830566; 0,6266869786195457; 0,7533891149796546; 0,5915353754535317
0,6010511969046475; 0,48266267823055387; 0,6846180711872876; 0,6228407644666731; 0,4926010286435485; 0,48365794215351343; 0,8014902351424098; 0,7524530468508601; 0,401669948361814; 0,5859225546009839; 0,1673846929334104
0,3320306022401047; 0,9244025689549744; 0,08285375218838453; 0,4709018310531974; 0,6229659919627011; 0,37186028296127915; 0,8966025947593153; 0,9539779755286872; 0,7446228060871363; 0,4433757280930877; 0,6607351014390588
0,581338534581523; 0,884482366964221; 0,6308284113183618; 0,844103635288775; 0,37415315490216017; 0,8410828490741551; 0,6001958297565579; 0,9754666183143854; 0,884416323620826; 0,7412695568054914; 0,0926504791714251
0,7839498149503633; 0,18076256895437837; 0,5208786935545504; 0,15434370143339038; 0,5588996009901166; 0,5738962423056364; 0,8301923051476479; 0,9207715573720634; 0,7688975199125707; 0,004170505329966545; 0,9361028969287872
0,5925274930094174; 0,7236232692375779; 0,8090862785466015; 0,2663777652196586; 0,5346229802817106; 0,7944128345698118; 0,029448972549289465; 0,7846132135018706; 0,6563726481981575; 0,587726378813386; 0,871259608771652
0,36517817905938077; 0,9559322935529053; 0,10977316973730922; 0,135556323453784; 0,6670802026055753; 0,8825373663567007; 0,17569681908935308; 0,5682428651489317; 0,07855959003791213; 0,604486255440861; 0,39064560970291495
0,7873453387208367; 0,21778738498687744; 0,753704191185534; 0,6554094655439258; 0,7828574464656413; 0,9757249122485518; 0,6855013524182141; 0,308654906693846; 0,8014550860971212; 0,48646347830072045; 0,22876895125955343
0,6538836988587293; 0,3356320313178003; 0,9692895621992648; 0,7593872272409499; 0,49061689525842667; 0,4672893467359245; 0,5801261318847537; 0,43169683683663607; 0,8520893724635243; 0,6866030860692263; 0,1362419482320547
0,7358730721548429; 0,3140898267738521; 0,6240103542804718; 0,09860660275444388; 0,23826122097671032; 0,17580643109977245; 0,29291131999343634; 0,6266356175765395; 0,41070434590801597; 0,2820064267143607; 0,8848471702076495
0,8272075575041165; 0,10790005465969443; 0,4280825648456812; 0,660006214864552; 0,3807975258678198; 0,506615852471441; 0,3571935649961233; 0,26477102376520634; 0,990720494184643; 0,9443327626213431; 0,13404851267114282
0,6372203333699616; 0,13232239708304405; 0,13523179152980447; 0,17766429437324405; 0,5254942537285388; 0,349799117539078; 0,5571881411597133; 0,4704486574046314; 0,7814572569914162; 0,952175488229841; 0,3905920912511647
0,6366360464115414; 0,37508413195610046; 0,7657021707855165; 0,21911123860627413; 0,7064236816950142; 0,9748154976405203; 0,07838935079053044; 0,5699318666011095; 0,895495368167758; 0,4383314489386976; 0,934100728482008
0,6392713301506253; 0,27392369927838445; 0,3565270914696157; 0,5990566769614816; 0,497339332010597; 0,7738984120078385; 0,7179397032596171; 0,9450143054127693; 0,008857781533151865; 0,21013813186436892; 0,8351181824691594
0,7498738460928138; 0,27779226331040263; 0,3807525089941919; 0,03217904642224312; 0,5585941472090781; 0,1390261985361576; 0,5183403328992426; 0,4158408413641155; 0,8976882202550769; 0,49620167817920446; 0,4536143997684121
0,4223021582527939; 0,7334947371855378; 0,16288914997130632; 0,4312495617195964; 0,1079858667217195; 0,5765095669776201; 0,13390786666423082; 0,49422146705910563; 0,2643461781553924; 0,3753168252296746; 0,4883809192106128
0,6813780441667631; 0,15901738358661532; 0,04583849152550101; 0,79866499081254; 0,5214210362173617; 0,02995441248640418; 0,9274632460437715; 0,5430586496368051; 0,8161514676176012; 0,5611328431405127; 0,07246849732473493
0,4875397534315204; 0,7111593750305474; 0,1137812864035368; 0,6252041608095169; 0,8501872252672911; 0,10245531145483255; 0,0006206999532878399; 0,7925536469556391; 0,23540855944156647; 0,9477570387534797; 0,7133972104638815
0,7591104111026301; 0,355295623652637; 0,482247460167855; 0,5371703156270087; 0,21101604029536247; 0,7859675795771182; 0,08618413330987096; 0,5037683146074414; 0,624044946860522; 0,9952837838791311; 0,4102051081135869
0,5647812293402569; 0,3727428363636136; 0,7949070776812732; 0,3877615360543132; 0,07291354285553098; 0,17335818335413933; 0,11744138319045305; 0,3698336808010936; 0,12091436889022589; 0,23116222769021988; 0,627891403157264
0,5511242199878397; 0,5838863332755864; 0,17091895220801234; 0,47719904873520136; 0,18826327426359057; 0,40837479941546917; 0,2838500249199569; 0,4923142287880182; 0,8699747626669705; 0,9220998240634799; 0,9671354494057596
0,503156215869367; 0,7961936895735562; 0,6302810162305832; 0,21902697440236807; 0,4931729454547167; 0,18382144207134843; 0,3745620963163674; 0,9665320413187146; 0,5507302219048142; 0,8351195333525538; 0,5664831162430346
0,8139001417248066; 0,07738252962008119; 0,48201092705130577; 0,9846166865900159; 0,27342755114659667; 0,17532555852085352; 0,49754862301051617; 0,9898162446916103; 0,2653251667506993; 0,4966663774102926; 0,9774557864293456
0,7389253447858988; 0,13379183085635304; 0,012701202183961868; 0,31662135710939765; 0,4933483861386776; 0,3607896836474538; 0,3634344218298793; 0,4878351469524205; 0,3870177180506289; 0,8526212484575808; 0,8361256248317659
0,6257500931429987; 0,7367135598324239; 0,2648257929831743; 0,696919834241271; 0,029055179562419653; 0,43963373359292746; 0,43217565724626184; 0,5879873335361481; 0,06726678041741252; 0,24287857161834836; 0,2870280807837844
0,33434216086610247; 0,9293957883492112; 0,2467781906016171; 0,41418230487033725; 0,9629136878065765; 0,48792636999860406; 0,1455925884656608; 0,44472379609942436; 0,5457306555472314; 0,70148313511163; 0,7291656634770334
0,856378546670193; 0,0022090282291173935; 0,13304006587713957; 0,20206543756648898; 0,8640273190103471; 0,35175133030861616; 0,058969685807824135; 0,9071977608837187; 0,6970712202601135; 0,5440421206876636; 0,2560679647140205
0,6367284855089612; 0,3449282180517912; 0,4414872182533145; 0,7821654882282019; 0,8936603092588484; 0,8281852817162871; 0,5593043337576091; 0,6014460390433669; 0,2912192093208432; 0,5034153782762587; 0,48251577792689204
0,6774347622292984; 0,13216774072498083; 0,0069044167175889015; 0,49514030339196324; 0,20785940857604146; 0,725009826477617; 0,6078390469774604; 0,9070821586064994; 0,432470659725368; 0,026238412130624056; 0,2806714246980846
0,6378350139256939; 0,10929252626374364; 0,7802127311006188; 0,4875093358568847; 0,9185934690758586; 0,14794708462432027; 0,009404012933373451; 0,08584511699154973; 0,7225018255412579; 0,38306452706456184; 0,13405824964866042
0,40390880753427305; 0,9722067741677165; 0,9298272877931595; 0,038528610952198505; 0,6523785470053554; 0,29425065452232957; 0,9245663750916719; 0,04922611452639103; 0,7229489870369434; 0,3231511660851538; 0,23601897526532412
0,48693974018244285; 0,8809335613623261; 0,7531303414143622; 0,26053784787654877; 0,13406466646119952; 0,8943590400740504; 0,30327047733590007; 0,6019571200013161; 0,1622198079712689; 0,41218077577650547; 0,23586104903370142
0,690888655920141; 0,4132273318246007; 0,4754660655744374; 0,20359884575009346; 0,009143342263996601; 0,12738199857994914; 0,5966141545213759; 0,32822202146053314; 0,9309720401652157; 0,18289565574377775; 0,4161511268466711
0,8091950037504824; 0,04770562471821904; 0,25911695696413517; 0,9874138720333576; 0,8180024139583111; 0,4359925054013729; 0,5304046026431024; 0,2615484055131674; 0,8391182674095035; 0,31800487311556935; 0,5728747174143791
0,7296703448730618; 0,46496073761954904; 0,1372358282096684; 0,2089534029364586; 0,5981562593951821; 0,8211821988224983; 0,996766013558954; 0,14563511544838548; 0,7336684023030102; 0,6797748147509992; 0,1904817926697433
0,5770561168033177; 0,34110438684001565; 0,3759678569622338; 0,8847357989288867; 0,788202278316021; 0,0418924349360168; 0,5681587583385408; 0,5088225211948156; 0,467035676818341; 0,7158892727456987; 0,694829658139497
0,6394107954405303; 0,13957720017060637; 0,15645182691514492; 0,7343335659243166; 0,033020894043147564; 0,9397100545465946; 0,6876973733305931; 0,8824306805618107; 0,28637181874364614; 0,24655069084838033; 0,9130447725765407
0,7613959054550171; 0,24750600010156631; 0,04067628784105182; 0,8562782858498394; 0,8510968848131597; 0,007995327468961477; 0,2741789207793772; 0,20350604550912976; 0,901515091303736; 0,7276186752133071; 0,4687615246511996
0,6928080031526457; 0,5436530895531178; 0,12801049603149295; 0,6979799452237785; 0,8041208572685719; 0,12819456355646253; 0,16899663116782904; 0,9323094771243632; 0,9550860901363194; 0,37165633449330926; 0,4324024464003742
0,4929491803610065; 0,8672145358286798; 0,18110313266515732; 0,3435858036391437; 0,7140628625638783; 0,4031026866286993; 0,6819778438657522; 0,3142851423472166; 0,5078019252978265; 0,4170373110100627; 0,45908135641366243
0,5461548365427883; 0,5113669112324715; 0,9691250370815396; 0,51585892168805; 0,7620679065585136; 0,030066092032939196; 0,22739824745804071; 0,7671402338892221; 0,6877239877358079; 0,14213146595284343; 0,6638833065517247
0,5771684956898904; 0,46146309189498425; 0,701272209174931; 0,5118407979607582; 0,5349945542402565; 0,9228102201595902; 0,420508892275393; 0,8393621849827468; 0,9572669095359743; 0,9468886312097311; 0,6693944651633501
0,7333345611333046; 0,49580760579556227; 0,9448444782756269; 0,21910055167973042; 0,4744844986125827; 0,43151234462857246; 0,5818257094360888; 0,10403161961585283; 0,8616726389154792; 0,06075231172144413; 0,059630309231579304
0,7701316347522601; 0,10329782776534557; 0,44947625510394573; 0,09101681504398584; 0,028985736425966024; 0,5635125995613635; 0,3931808196939528; 0,08053547749295831; 0,3064329819753766; 0,798193427734077; 0,5715662618167698
0,7545640190832896; 0,41400556871667504; 0,7048624427989125; 0,7905982993543148; 0,7866307878866792; 0,2624791725538671; 0,4709660205990076; 0,5904753757640719; 0,35767562268301845; 0,5928182895295322; 0,40417267847806215
0,5424148355519801; 0,7330013704486191; 0,39408146403729916; 0,8911709920503199; 0,23997864639386535; 0,6622948055155575; 0,844493608456105; 0,13929715985432267; 0,40014558378607035; 0,6799830859526992; 0,9517105058766901
0,6706055320105037; 0,5888007241301239; 0,5597313670441508; 0,728848175611347; 0,3270667907781899; 0,09933116985484958; 0,759949903935194; 0,8411750411614776; 0,31779054971411824; 0,15386824728921056; 0,5227116411551833
0,5836397147327474; 0,914353140629828; 0,4337238660082221; 0,3362707323394716; 0,3152438937686384; 0,13946002535521984; 0,033813183195888996; 0,9453008659183979; 0,2464259215630591; 0,5007172576151788; 0,7125123655423522
0,4501488422873113; 0,7439979603514075; 0,18294094782322645; 0,84006692096591; 0,34485667012631893; 0,32432072842493653; 0,831706527620554; 0,46593747194856405; 0,4146363683976233; 0,05154763022437692; 0,5492121102288365
0,5585112586543687; 0,7772272503934801; 0,5010445434600115; 0,11388318659737706; 0,34634517319500446; 0,3661769791506231; 0,9960647402331233; 0,8453572769649327; 0,8137994529679418; 0,3844191166572273; 0,4270503497682512
0,3076736021570231; 0,9922737912274897; 0,5288094147108495; 0,6853825221769512; 0,3576293056830764; 0,5367277041077614; 0,05834761029109359; 0,03235942078754306; 0,24295810284093022; 0,5041480083018541; 0,9390217177569866
0,5420974117065204; 0,7412290289066732; 0,09126655664294958; 0,9079177244566381; 0,02030937373638153; 0,6884077186696231; 0,31025866279378533; 0,8041456812061369; 0,3732069912366569; 0,20796238165348768; 0,0725597282871604
0,6717217394017976; 0,2404687125235796; 0,1913305800408125; 0,9226910355500877; 0,3911020648665726; 0,1329827164299786; 0,7941170446574688; 0,5505305295810103; 0,0759345293045044; 0,4072028757072985; 0,9723813785240054
0,7251386362219463; 0,03318510111421347; 0,5978757664561272; 0,012687323614954948; 0,5806700843386352; 0,4166599712334573; 0,5013644993305206; 0,4699872606433928; 0,85178351867944; 0,8800919968634844; 0,6688819108530879
0,7709725804892222; 0,35236308816820383; 0,9470738270319998; 0,496557479724288; 0,045197132509201765; 0,9487737151794136; 0,6036677225492895; 0,09074963117018342; 0,5483839940279722; 0,41320980293676257; 0,7389337508939207
0,7056595093228415; 0,44209388783201575; 0,9216516683809459; 0,765145692974329; 0,16101731173694134; 0,18960401974618435; 0,31618220964446664; 0,5913425465114415; 0,4873340632766485; 0,012380002532154322; 0,849756964482367
0,5457055863680207; 0,3735381136648357; 0,17365560634061694; 0,45571454940363765; 0,878265340346843; 0,7486447147093713; 0,21811677422374487; 0,05830963980406523; 0,2521515218541026; 0,7807045625522733; 0,2716187653131783
0,6225570152417828; 0,1251698392443359; 0,033856183756142855; 0,17327835457399487; 0,18611896131187677; 0,33929507760331035; 0,0363189154304564; 0,9810678903013468; 0,997901429887861; 0,2823901502415538; 0,1288460297510028
0,36032950555693843; 0,8789855446666479; 0,677751624956727; 0,6877805320546031; 0,44243671325966716; 0,7230951664969325; 0,11404609074816108; 0,24254183797165751; 0,32220308342948556; 0,04745945939794183; 0,5054711601696908
0,8432789688469237; 0,028078525327146053; 0,5466823033057153; 0,7091022389940917; 0,0005284077487885952; 0,5300186593085527; 0,5887103984132409; 0,12282079178839922; 0,040271236561238766; 0,9626746736466885; 0,7976554711349308
0,5680282478021706; 0,3540587346069515; 0,15683921426534653; 0,3199533699080348; 0,018545680679380894; 0,2612945311702788; 0,3719069012440741; 0,30262811994180083; 0,6972456173971295; 0,8181108650751412; 0,14838891802355647
0,5725833654803332; 0,630042954813689; 0,9060291540808976; 0,2911266516894102; 0,5361264138482511; 0,48221902176737785; 0,06589377531781793; 0,37543274415656924; 0,0818394566886127; 0,9835614645853639; 0,09630614425987005
0,5928019764406837; 0,6048711822368205; 0,08529433608055115; 0,7335343100130558; 0,6188366673886776; 0,7592055052518845; 0,4764663469977677; 0,5232094586826861; 0,4834044724702835; 0,38606343837454915; 0,8361556585878134
0,5229003423025392; 0,857452935539186; 0,6330660153180361; 0,4077537143602967; 0,799442513845861; 0,029927841387689114; 0,1267909249290824; 0,3595422045327723; 0,821074047125876; 0,6215083911083639; 0,07838448276743293
0,6981456680977877; 0,12392651895061135; 0,26391949504613876; 0,022114844992756844; 0,5944744595326483; 0,2907053753733635; 0,5348355150781572; 0,7754058507271111; 0,14696037070825696; 0,19806880364194512; 0,9271060787141323
0,6719346679646858; 0,17548914393410087; 0,9380025323480368; 0,39885225612670183; 0,2402582811191678; 0,4648043531924486; 0,5012523457407951; 0,24422860518097878; 0,057586424984037876; 0,5723469294607639; 0,512948137242347
0,699111464750298; 0,5777168599888682; 0,446881044190377; 0,7928936644457281; 0,7973929443396628; 0,45888003753498197; 0,1914923395961523; 0,13792223343625665; 0,8794225733727217; 0,3619522391818464; 0,2522534313611686
0,630426759149346; 0,08374209888279438; 0,9767700154334307; 0,8771028500050306; 0,24105527810752392; 0,6627539899200201; 0,24995730724185705; 0,5650299610570073; 0,015138973481953144; 0,9776100846938789; 0,17947457171976566
0,702938887414136; 0,5762412431649864; 0,5675193625502288; 0,30834100348874927; 0,9530889168381691; 0,27173983538523316; 0,5726609351113439; 0,6533178328536451; 0,7257333104498684; 0,4744576057419181; 0,1482498007826507
0,5764612317154447; 0,48496799543499947; 0,5366195696406066; 0,25215346086770296; 0,9739026520401239; 0,698656830471009; 0,7724895579740405; 0,9274594783782959; 0,5984043129719794; 0,9527258048765361; 0,22631122497841716
0,5490270807031717; 0,7339018913917243; 0,6677816989831626; 0,46288866735994816; 0,19762637093663216; 0,5595583920367062; 0,7229896723292768; 0,19183107884600759; 0,7426948631182313; 0,7838211529888213; 0,8726450689136982
0,5941400952418385; 0,18814599700272083; 0,5224313903599977; 0,03363602701574564; 0,9818919925019145; 0,5962823312729597; 0,9293905766680837; 0,02901472570374608; 0,09011516440659761; 0,6314821378327906; 0,1625719852745533
0,6459443731572734; 0,26382596092298627; 0,8566611814312637; 0,24023771192878485; 0,9035638449713588; 0,9536058339290321; 0,37436744337901473; 0,389975109603256; 0,9791879961267114; 0,9517189962789416; 0,09676284063607454
0,40942432015926017; 0,8149066534824669; 0,2897907691076398; 0,6512519433163106; 0,5853085867129266; 0,6589589691720903; 0,6190697359852493; 0,9812340522184968; 0,8496676785871387; 0,9895195853896439; 0,7216127505525947
0,3914792248399467; 0,8276140261441469; 0,0822006268426776; 0,37525578774511814; 0,02015399420633912; 0,13982825074344873; 0,4306690338999033; 0,5378107004798949; 0,7957944297231734; 0,7159645147621632; 0,855448589194566
0,6483357898270546; 0,23839088901877403; 0,24909345153719187; 0,7653151745907962; 0,9231646647676826; 0,9069258365780115; 0,950295492541045; 0,42475386895239353; 0,14269360294565558; 0,6853755908086896; 0,4079656833782792
0,3512992712676347; 0,879370803013444; 0,9689140347763896; 0,9385661627165973; 0,10298740910366178; 0,03465089574456215; 0,6542116492055357; 0,4730366375297308; 0,5376718961633742; 0,46693988470360637; 0,011079833377152681
0,45320388230160324; 0,7348382128402591; 0,07802831567823887; 0,18249273067340255; 0,6126109850592911; 0,8256835411302745; 0,051629689522087574; 0,6159641896374524; 0,6320977001450956; 0,5482594696804881; 0,2385170627385378
0,4263041727324342; 0,8706318396143615; 0,9654136900790036; 0,6835056357085705; 0,9065182846970856; 0,2302294196560979; 0,9056535144336522; 0,5959545560181141; 0,9894688921049237; 0,2675847839564085; 0,3915559318847954
0,4878546630598005; 0,4976304988376796; 0,9260279876179993; 0,6666605561040342; 0,15247807325795293; 0,48639448964968324; 0,06891642929986119; 0,9134443225339055; 0,5344596058130264; 0,8428201209753752; 0,8881310229189694
0,6676674657772809; 0,6923291683197021; 0,6687947656027973; 0,39555756328627467; 0,3844125629402697; 0,19492057943716645; 0,16741391876712441; 0,33183114137500525; 0,4388795318081975; 0,44619781244546175; 0,5158324451185763
0,61824076282962; 0,2740696305409074; 0,8968135630711913; 0,2779098669998348; 0,6836351249366999; 0,6339958235621452; 0,9141812934540212; 0,5215429328382015; 0,24430102808400989; 0,9430848737247288; 0,1482798121869564
0,46900792017400766; 0,7436338011175394; 0,8345679226331413; 0,33344157272949815; 0,8611285523511469; 0,578662951476872; 0,4397493489086628; 0,7737319888547063; 0,5526028252206743; 0,014901752583682537; 0,9136742162518203
0,6427587306321552; 0,7062384360469878; 0,5099275382235646; 0,015904080122709274; 0,8447912260890007; 0,05094572715461254; 0,8543331362307072; 0,2983418246731162; 0,7040190352126956; 0,9348253952339292; 0,5978937735781074
0,49261505844742065; 0,8287836983799934; 0,710117771755904; 0,8722616443410516; 0,2270704135298729; 0,7143282401375473; 0,3155883243307471; 0,9157405965961516; 0,8524136352352798; 0,6136472523212433; 0,6248404891230166
0,8094550879565369; 0,10869898041710258; 0,495072134770453; 0,3610256048850715; 0,4373316471464932; 0,9109359811991453; 0,49795273458585143; 0,2589826383627951; 0,5421777083538473; 0,9814948285929859; 0,28979063872247934
0,5815659855382282; 0,42275042552500963; 0,5248223645612597; 0,39475313341245055; 0,3236074768938124; 0,95974380383268; 0,6432200749404728; 0,7104705632664263; 0,3452074257656932; 0,13960293121635914; 0,8376804511062801
0,6536536961028504; 0,41060475911945105; 0,8046079836785793; 0,029908031690865755; 0,2512717470526695; 0,7613799762912095; 0,8448338932357728; 0,6240965202450752; 0,26779281347990036; 0,7833546693436801; 0,1578892096877098
0,5149765392885395; 0,5674910261295736; 0,6423676828853786; 0,13305316492915154; 0,31830674316734076; 0,973365452606231; 0,8037639139220119; 0,5653862059116364; 0,1448251619003713; 0,6812181612476707; 0,4754557693377137
0,8113316565429122; 0,005002540536224842; 0,7459030691534281; 0,19767586747184396; 0,9421221362426877; 0,8108376553282142; 0,9268343239091337; 0,035881252493709326; 0,5579177429899573; 0,8452842952683568; 0,11318955849856138
0,7091163327693848; 0,40917003294453025; 0,4801674629561603; 0,5277909324504435; 0,33146427012979984; 0,7774656028486788; 0,8749170424416661; 0,6991173732094467; 0,18793662218376994; 0,7851783172227442; 0,7595386574976146
0,526033244640739; 0,7271911697462201; 0,4337653932161629; 0,6771412366069853; 0,9038651394657791; 0,08257344458252192; 0,13629074301570654; 0,2806525737978518; 0,7378684454597533; 0,7091395244933665; 0,5382893914356828
0,7701269139177814; 0,03641429869458079; 0,5771431503817439; 0,46689905086532235; 0,5820856005884707; 0,06004869705066085; 0,3816544166766107; 0,1362516861408949; 0,6682952120900154; 0,368898949585855; 0,6203885483555496
0,6691452086697337; 0,7149433004669845; 0,7118345224298537; 0,41355972550809383; 0,47404563147574663; 0,9802228822372854; 0,6053649950772524; 0,04225856112316251; 0,6651142239570618; 0,1844327813014388; 0,48447854816913605
0,562849150225173; 0,9921719222329557; 0,44285613019019365; 0,910488388966769; 0,6331079574301839; 0,6570211560465395; 0,13188746850937605; 0,40117310686036944; 0,37303751707077026; 0,3876846684142947; 0,34671822329983115
0,49967534845753897; 0,6433653808198869; 0,0056251888163387775; 0,6005534185096622; 0,8282421478070319; 0,9226625100709498; 0,41405475325882435; 0,12021850887686014; 0,9658671417273581; 0,5268812896683812; 0,08002572460100055
0,6248487071041219; 0,24436618154868484; 0,8151760129258037; 0,35272236075252295; 0,669047521892935; 0,8857584549114108; 0,2842638324946165; 0,4518163497559726; 0,9292621691711247; 0,02453869627788663; 0,38654614612460136
0,7872275800202563; 0,2524295961484313; 0,5496657406911254; 0,796415236312896; 0,05205548135563731; 0,7059809938073158; 0,5549398618750274; 0,2921106852591038; 0,8518884601071477; 0,7172628929838538; 0,7413822766393423
0,6363463610823606; 0,7826012643054128; 0,7220570570789278; 0,9817835823632777; 0,12374789686873555; 0,07243106421083212; 0,4334545098245144; 0,14726298628374934; 0,335560264531523; 0,06868434604257345; 0,786195307970047
0,572647784812306; 0,4589530937373638; 0,10859808372333646; 0,6270036273635924; 0,28873847471550107; 0,8264826377853751; 0,6270467806607485; 0,10458094161003828; 0,01634152326732874; 0,45761214196681976; 0,8912925901822746
0,447530492839927; 0,813751248177141; 0,6392428828403354; 0,8995498586446047; 0,36272069765254855; 0,11637169914320111; 0,5848462274298072; 0,20855266693979502; 0,695890442468226; 0,9841297105886042; 0,6752020791172981
0,544040888786057; 0,5164852761663496; 0,09574449248611927; 0,615417696069926; 0,8767657289281487; 0,6524146310985088; 0,6649697530083358; 0,3372499356046319; 0,16638197423890233; 0,657090132124722; 0,8469932805746794
0,7823989346560992; 0,24799889419227839; 0,832470188383013; 0,7666510459966958; 0,7246546032838523; 0,3828085660934448; 0,32399341464042664; 0,5570991788990796; 0,12507145665585995; 0,7366807102225721; 0,40382542042061687
0,6887757797164342; 0,10125732328742743; 0,11176875000819564; 0,09699277020990849; 0,46106520807370543; 0,19278691429644823; 0,7900191973894835; 0,462701712269336; 0,2645799005404115; 0,6323083778843284; 0,6222245572134852
0,6527269756473564; 0,45372782461345196; 0,9182534054853022; 0,7350447145290673; 0,4509293884038925; 0,23075093841180205; 0,2666493635624647; 0,650700505822897; 0,33120631985366344; 0,9863574486225843; 0,6272045038640499
0,5892605907878444; 0,6424446320161223; 0,7455261358991265; 0,30064481776207685; 0,4357855380512774; 0,4409864000044763; 0,09860312240198255; 0,9229420810006559; 0,9959721714258194; 0,678466753102839; 0,2698901924304664
0,49196137612154345; 0,5308285253122449; 0,724134586751461; 0,4214992425404489; 0,5711919856257737; 0,2128860354423523; 0,533966320566833; 0,8514825929887593; 0,5254960199818015; 0,30338361067697406; 0,3325549219734967
0,7165546220439876; 0,35467969393357635; 0,9169109896756709; 0,9508517268113792; 0,7050928547978401; 0,5516754756681621; 0,7024232144467533; 0,09845246328040957; 0,6669733407907188; 0,9493628991767764; 0,8162746434099972
0,6519805765642255; 0,40641415026038885; 0,2068938910961151; 0,5540209636092186; 0,8995480332523584; 0,8494262536987662; 0,3553801728412509; 0,4591381852515042; 0,8334927624091506; 0,5765287326648831; 0,09535919735208154
0,5909589973711846; 0,23587777093052864; 0,08725433982908726; 0,24977320153266191; 0,4234203966334462; 0,26089801359921694; 0,903795475140214; 0,3127343328669667; 0,09020667662844062; 0,021425531711429358; 0,1059899260289967
0,6367759124647997; 0,1908594984561205; 0,5982287554070354; 0,4906592951156199; 0,4669950967654586; 0,6517503294162452; 0,0718059679493308; 0,693826109636575; 0,6325510255992413; 0,8114278572611511; 0,8233169103041291
0,45494227583357066; 0,5885536652058363; 0,25578661262989044; 0,26226268988102674; 0,7158127892762423; 0,4834928745403886; 0,8867133497260511; 0,7409106008708477; 0,9642137615010142; 0,7377012451179326; 0,6370036178268492
0,6871587348136668; 0,4918258059769869; 0,2452669250778854; 0,3028894793242216; 0,4842023979872465; 0,2675344059243798; 0,2080976078286767; 0,15824639750644565; 0,9615777521394193; 0,3590946728363633; 0,2564406911842525
0,5926037323417652; 0,4949526898562908; 0,7794260093942285; 0,9426882304251194; 0,5010615615174174; 0,3394517032429576; 0,8217476909048855; 0,5136072849854827; 0,1836368916556239; 0,2966963383369148; 0,410100425593555
0,6549530018812791; 0,21081775659695268; 0,052201198879629374; 0,8909410135820508; 0,4369197515770793; 0,6051828586496413; 0,49272187100723386; 0,245493249502033; 0,6187902707606554; 0,431287488900125; 0,035277055110782385
0,560123841524626; 0,949440729804337; 0,1479759863577783; 0,05266456585377455; 0,23090782715007663; 0,7420140514150262; 0,5867642080411315; 0,2538632662035525; 0,6096076695248485; 0,5232454859651625; 0,6388692343607545
0,7356845624655577; 0,04563417658209801; 0,9364015958271921; 0,9375250078737736; 0,2077717469073832; 0,29131045984104276; 0,39493266958743334; 0,5975721264258027; 0,1611358872614801; 0,9749672110192478; 0,30590707575902343
0,700256237617818; 0,01604695012792945; 0,17553476616740227; 0,4321510083973408; 0,3738883319310844; 0,5285145658999681; 0,8328376431018114; 0,6890567867085338; 0,3363929153420031; 0,7047689952887595; 0,7769288248382509
0,7580824511274006; 0,2781793177127838; 0,9974229307845235; 0,09070487879216671; 0,9659673250280321; 0,029701045714318752; 0,25130172818899155; 0,5811106329783797; 0,18414213508367538; 0,9825929263606668; 0,06761810788884759
0,6006547778809089; 0,5949948066845536; 0,6592097277753055; 0,0440513021312654; 0,37596675707027316; 0,46034536696970463; 0,8242229768075049; 0,9371935124509037; 0,4593140981160104; 0,7870722254738212; 0,10002949414774776
0,540712851925071; 0,6623415187932551; 0,4418527758680284; 0,3310683723539114; 0,5697927228175104; 0,25474559888243675; 0,8580758762545884; 0,5354775548912585; 0,9640313051640987; 0,05876772664487362; 0,5148679702542722
0,45314028137569956; 0,6388995707966387; 0,015372774098068476; 0,34190197847783566; 0,6509007131680846; 0,4476859080605209; 0,04611400095745921; 0,4187411395832896; 0,7746707038022578; 0,41108612064272165; 0,07635923381894827
0,5839461141089165; 0,9285486559383571; 0,6764009189791977; 0,13720515416935086; 0,3275292576290667; 0,08496365370228887; 0,9917589100077748; 0,12945924559608102; 0,7060592547059059; 0,6268355301581323; 0,2585867727175355
0,6536864466765593; 0,2616511704400182; 0,9566719247959554; 0,5924486494623125; 0,2568183969706297; 0,8683248478919268; 0,4083484122529626; 0,6653835410252213; 0,11161688296124339; 0,5903015350922942; 0,7016460071317852
0,6785502895136842; 0,6769482032395899; 0,15309175848960876; 0,2511423737742007; 0,04312304733321071; 0,7708899001590908; 0,41765084490180016; 0,48964971164241433; 0,15596214355900884; 0,17156933480873704; 0,0952282203361392
0,4305612598269826; 0,6601364547386765; 0,8995655686594546; 0,5758058722130954; 0,5510990018956363; 0,817019531968981; 0,4712840262800455; 0,6680716536939144; 0,5026575801894069; 0,06493917526677251; 0,3476333748549223
0,39289715434911254; 0,7796230558305979; 0,21332991775125265; 0,8485382250510156; 0,45865304954349995; 0,09986601304262877; 0,7872937116771936; 0,8702698913402855; 0,9757854589261115; 0,40355684189125896; 0,8117667050100863
0,622623468318533; 0,25202350318431854; 0,8135300856083632; 0,7932895603589714; 0,4799859127961099; 0,12070717429742217; 0,8257849332876503; 0,6919374107383192; 0,7827153797261417; 0,8867130125872791; 0,017073684837669134
0,5937017178811244; 0,6352590890601277; 0,4152792482636869; 0,4583128239028156; 0,5252978024072945; 0,15158244920894504; 0,18937972467392683; 0,8522282652556896; 0,5715148588642478; 0,7658253237605095; 0,1762022813782096
0,47861766844304166; 0,6669095489196479; 0,3064195979386568; 0,8899937137030065; 0,07228740816935897; 0,4293458638712764; 0,6807268843986094; 0,9717145198956132; 0,8796597025357187; 0,7504202872514725; 0,30564817506819963
0,6809201423986853; 0,6419232930056751; 0,8087295410223305; 0,8255170043557882; 0,4198293280787766; 0,4045104621909559; 0,9306142819114029; 0,5809732582420111; 0,19186063902452588; 0,22417216934263706; 0,19803674379363656
0,5096786121182417; 0,4454223429784179; 0,6757629606872797; 0,5604441328905523; 0,16071842843666673; 0,3866988345980644; 0,2195362509228289; 0,488976429682225; 0,44813142856583; 0,8959705680608749; 0,2575866668485105
0,5538318117540376; 0,3152571190148592; 0,9036446558311582; 0,9434041334316134; 0,2231843452900648; 0,8003749186173081; 0,503692570142448; 0,40189674124121666; 0,2898291382007301; 0,6788079631514847; 0,6357570271939039
0,40931490970610696; 0,8201099568977952; 0,046555495355278254; 0,5836924309842288; 0,19456199230626225; 0,45983045315369964; 0,154101618565619; 0,8281821068376303; 0,5744408541359007; 0,36281390441581607; 0,8849727255292237
0,7491482154382348; 0,16685507539659739; 0,797554278280586; 0,6069666412658989; 0,08576980559155345; 0,5304819173179567; 0,18130699452012777; 0,6438243743032217; 0,09981036139652133; 0,9488478526473045; 0,5503875841386616
0,43911734632716526; 0,6464077853597701; 0,8353408873081207; 0,1034413524903357; 0,6512983376160264; 0,8336678487248719; 0,779622158035636; 0,020054589956998825; 0,46880222391337156; 0,9645379441790283; 0,6078093932010233
0,5065883084665128; 0,5500179501250386; 0,9328082976862788; 0,2740096147172153; 0,08898076135665178; 0,957613468170166; 0,4934414657764137; 0,07387311477214098; 0,24818079452961683; 0,9772118972614408; 0,08166193962097168
0,6591905522382476; 0,3032087869942188; 0,204470070078969; 0,604072405025363; 0,6915439143776894; 0,021875457372516394; 0,9414145410992205; 0,2849792088381946; 0,6920364508405328; 0,47049486404284835; 0,5541909765452147
0,5450898639109519; 0,40596056915819645; 0,6146111926063895; 0,4648484606295824; 7,098261266946793E-05; 0,05723968241363764; 0,17019230965524912; 0,3734862394630909; 0,4786733239889145; 0,30489608412608504; 0,9099618815816939
0,5911637572222336; 0,31465071765705943; 0,4746175133623183; 0,3592211506329477; 0,16180573031306267; 0,11840123310685158; 0,3865750157274306; 0,5923043098300695; 0,8722140500321984; 0,7392013347707689; 0,42079053027555346
0,3884254528329042; 0,9670244567096233; 0,3830515178851783; 0,23851238284260035; 0,568234199192375; 0,0670211655087769; 0,060194693971425295; 0,28927316097542644; 0,3946869415231049; 0,21126609947532415; 0,49777833512052894
0,7198970596243632; 0,3523812727071345; 0,43621142441406846; 0,9546467163600028; 0,9734578928910196; 0,05742828221991658; 0,23537468584254384; 0,8324430421926081; 0,5360337174497545; 0,10519176255911589; 0,1699785180389881
0,808009754055152; 0,15817837184295058; 0,42201656056568027; 0,0950904586352408; 0,18092139204964042; 0,9607002683915198; 0,8277724450454116; 0,46021895157173276; 0,8662520539946854; 0,6674179215915501; 0,24827712029218674
0,6288734288836818; 0,804374644998461; 0,021225654520094395; 0,44513056334108114; 0,2130596237257123; 0,6291356384754181; 0,8643495994620025; 0,050775716081261635; 0,3886738009750843; 0,7268438134342432; 0,33847537403926253
0,489192660497808; 0,6550520304590464; 0,7707736152224243; 0,9222271000035107; 0,5323329763486981; 0,6413678545504808; 0,9197470531798899; 0,7448288099840283; 0,002425852231681347; 0,13268071226775646; 0,43596085300669074
0,4432553290014013; 0,7233709674328566; 0,30711724096909165; 0,8284393539652228; 0,3874818105250597; 0,6734105050563812; 0,10422546649351716; 0,4141409979201853; 0,6008955202996731; 0,0633175321854651; 0,4994623106904328
0,79930554261845; 0,2372624217532575; 0,0277909804135561; 0,7267307345755398; 0,13413277314975858; 0,9684106195345521; 0,10698822839185596; 0,975566768553108; 0,4308217326179147; 0,8400174551643431; 0,8195187635719776
0,3830767662634658; 0,8614827692508698; 0,8802268579602242; 0,4248616364784539; 0,884231373667717; 0,4309003446251154; 0,23116745334118605; 0,29402151331305504; 0,3124323571100831; 0,35253970650956035; 0,056317590177059174
0,6785517295145312; 0,3894231696613133; 0,9426414519548416; 0,6684056441299617; 0,9513784069567919; 0,09454059367999434; 0,43579037534072995; 0,1282288571819663; 0,7442867695353925; 0,22368763340637088; 0,15805531665682793
0,7086843170667495; 0,5810549538582563; 0,40290091279894114; 0,2617048379033804; 0,8459811895154417; 0,3042758423835039; 0,061030757147818804; 0,704806003253907; 0,9901779992505908; 0,5969389262609184; 0,4142574220895767
0,4221452063504383; 0,6873099701479077; 0,690942594781518; 0,682679948862642; 0,640486815944314; 0,5640909168869257; 0,17524175718426704; 0,6345375813543797; 0,7114095850847661; 0,39351968048140407; 0,6740459678694606
0,7010564856636504; 0,525968358386308; 0,7752771712839603; 0,3121559740975499; 0,5685998876579106; 0,22028339561074972; 0,22892126813530922; 0,24545372324064374; 0,8151748199015856; 0,7895582090131938; 0,14441337389871478
0,6289594236156428; 0,6672666063532233; 0,0027493019588291645; 0,7840789346955717; 0,18586923740804195; 0,041964548639953136; 0,6670964667573571; 0,6613941895775497; 0,18457625713199377; 0,8340937066823244; 0,28298470564186573
0,7588349764939836; 0,410302160307765; 0,2674615918658674; 0,6572539382614195; 0,4278733814135194; 0,2845769007690251; 0,8076755222864449; 0,4120852784253657; 0,3015624610707164; 0,8288664855062962; 0,02231731405481696
0,4955872846463413; 0,617419172078371; 0,29096655873581767; 0,10882815904915333; 0,6656594988889992; 0,30453938245773315; 0,8764782417565584; 0,10562164429575205; 0,9561194363050163; 0,045255995355546474; 0,9260865761898458
0,4572467433532282; 0,6542373383417726; 0,4516500108875334; 0,8379349187016487; 0,6086415806785226; 0,8603105619549751; 0,3340663556009531; 0,5859246919862926; 0,44015891337767243; 0,2739946427755058; 0,21932667400687933
0,7776118305880223; 0,3359167124144733; 0,34123609820380807; 0,2071509910747409; 0,13433305034413934; 0,5083631710149348; 0,05096910381689668; 0,030381582211703062; 0,22532983357086778; 0,6039471034891903; 0,9551121527329087
0,6297876274218005; 0,7960295556113124; 0,5453775282949209; 0,9502124036662281; 0,09352774359285831; 0,5977924419566989; 0,9885975290089846; 0,028747542295604944; 0,6027751169167459; 0,27341511799022555; 0,11475541861727834
0,5889007657172037; 0,7660859995521605; 0,14627714967355132; 0,5800577993504703; 0,5542635354213417; 0,7206714521162212; 0,062057978473603725; 0,43620838318020105; 0,7592056374996901; 0,578452181071043; 0,5141778155229986
0,45752868039475686; 0,718463602475822; 0,68276581261307; 0,5680354600772262; 0,1016109543852508; 0,7691708784550428; 0,15305909421294928; 0,8815864399075508; 0,8897782950662076; 0,39320328971371055; 0,2065115231089294
0,6219862692836142; 0,6635731724090874; 0,061120293103158474; 0,17544662347063422; 0,9626452075317502; 0,627275844104588; 0,5144234555773437; 0,9986585299484432; 0,4652478666976094; 0,4949410418048501; 0,4610567269846797
0,4304827569210285; 0,7841528481803834; 0,42918554274365306; 0,6877490067854524; 0,9721290082670748; 0,7567093060351908; 0,32876268960535526; 0,40048485808074474; 0,46036993339657784; 0,03336408408358693; 0,07782526314258575
0,5841441534584639; 0,2670033071190119; 0,9035285259597003; 0,7303512524813414; 0,7919782986864448; 0,36259273206815124; 0,8368660449050367; 0,6830111490562558; 0,6167484680190682; 0,3398217703215778; 0,4028568519279361
0,7244060571370734; 0,027657057158648968; 0,5141851790249348; 0,1309249335899949; 0,2921856325119734; 0,9110142970457673; 0,39858403429389; 0,39772261632606387; 0,2943401671946049; 0,3889803448691964; 0,286695203743875
0,6930097018593583; 0,6461298819631338; 0,1277130702510476; 0,888152152299881; 0,5490156142041087; 0,4341306984424591; 0,7512540398165584; 0,8028429872356355; 0,13540352182462811; 0,32996164401993155; 0,01954938704147935
0,5997721164447937; 0,9434037473984063; 0,6102114166133106; 0,043796096462756395; 0,03018157882615924; 0,8774167974479496; 0,7930896687321365; 0,44262027461081743; 0,7262079734355211; 0,6659550303593278; 0,3746764715760946
0,7799772161296439; 0,3275122786872089; 0,675304340198636; 0,9020678452216089; 0,9313708464615047; 0,01009285543113947; 0,668620727956295; 0,13315399177372456; 0,7477114470675588; 0,09286909131333232; 0,9131034566089511
0,677549145663838; 0,4738181671127677; 0,5934261837974191; 0,6999378954060376; 0,32082537142559886; 0,2904063877649605; 0,5440833778120577; 0,252535417675972; 0,11811877554282546; 0,5838969200849533; 0,34207927621901035
0,6077393806624461; 0,15257730754092336; 0,8145397966727614; 0,5922649223357439; 0,331068177241832; 0,03468766203150153; 0,9605989549309015; 0,5915828309953213; 0,7692934419028461; 0,7744232853874564; 0,4905297039076686
0,741991939869803; 0,39547323947772384; 0,13616448361426592; 0,8810486439615488; 0,028045933227986097; 0,5596436089836061; 0,4415176301263273; 0,9499942529946566; 0,5168258817866445; 0,17503304546698928; 0,40588071662932634
0,6519837777859722; 0,012311388272792101; 0,9453440196812153; 0,6569556519389153; 0,9451277246698737; 0,7708441815339029; 0,15307663287967443; 0,9929335424676538; 0,5652173003181815; 0,8976393504999578; 0,2632031226530671
0,6509462641875386; 0,23066327162086964; 0,22697994858026505; 0,511272200383246; 0,7967486218549311; 0,5833970126695931; 0,45506566064432263; 0,890315999276936; 0,5853203805163503; 0,8041206253692508; 0,25536859268322587
0,5793351289500531; 0,995923335198313; 0,8416958707384765; 0,802550514228642; 0,445854393299669; 0,164678237400949; 0,21200921526178718; 0,3983993921428919; 0,04168172599747777; 0,387602262198925; 0,39299606811255217
0,6047568082930974; 0,9293589047156274; 0,7311542513780296; 0,09201167058199644; 0,6629270729608834; 0,09120502043515444; 0,7922326875850558; 0,6786458143033087; 0,6591592077165842; 0,4669762095436454; 0,7652523522265255
0,4398795728192996; 0,6990838046185672; 0,93101716786623; 0,7771105444990098; 0,22376133082434535; 0,20134664652869105; 0,39712526509538293; 0,15481952531263232; 0,36696346662938595; 0,20586137752979994; 0,0007044561207294464
0,8087557050519208; 0,20991688827052712; 0,8830843279138207; 0,30338747752830386; 0,23686354979872704; 0,8794636321254075; 0,5502623324282467; 0,5860167504288256; 0,70003707613796; 0,4684847663156688; 0,08447760669514537
0,6222477053363723; 0,666352853178978; 0,70587646542117; 0,7135176081210375; 0,6309525333344936; 0,7295579370111227; 0,6754361721687019; 0,3243113337084651; 0,7608461542986333; 0,35893222875893116; 0,7381629589945078
0,35530575621837435; 0,8714593523181975; 0,1705233189277351; 0,40560595877468586; 0,10418094042688608; 0,48221809370443225; 0,4201853210106492; 0,640064706094563; 0,8980667106807232; 0,04033665498718619; 0,9188907169736922
0,5216750730744173; 0,5766670326702297; 0,29306102730333805; 0,8662986899726093; 0,830346804112196; 0,2665286655537784; 0,24278420861810446; 0,7971311113797128; 0,5781940813176334; 0,032800691202282906; 0,0570758362300694
0,7212524694998366; 0,2675864021293819; 0,9531845911405981; 0,8174037295393646; 0,2269630990922451; 0,4826189926825464; 0,5677823103033006; 0,2938177948817611; 0,639683770481497; 0,7423541541211307; 0,9937026402913034
0,8077171474945806; 0,033294901717454195; 0,7205089386552572; 0,3195686307735741; 0,7034733234904706; 0,5496567906811833; 0,6829773625358939; 0,5305032865144312; 0,5205733045004308; 0,7293905736878514; 0,6588321113958955
0,7786460624756826; 0,336313443724066; 0,9401531936600804; 0,5072789718396962; 0,3801315063610673; 0,9521743035875261; 0,4296023235656321; 0,01968227280303836; 0,9017578414641321; 0,0992723242379725; 0,6503141722641885
0,503078910114834; 0,9261012193746865; 0,7742885751649737; 0,5674118641763926; 0,8774438113905489; 0,6650319742038846; 0,8213687147945166; 0,2993469159118831; 0,6743610445410013; 0,9824757128953934; 0,0039047934114933014
0,5820229594762641; 0,2612871746532619; 0,9750665589235723; 0,12017772765830159; 0,8788977032527328; 0,749900019261986; 0,6591880852356553; 0,6591739747673273; 0,6987208244390786; 0,780374962836504; 0,41720133274793625
0,8000157275059189; 0,2427792213857174; 0,46582223661243916; 0,5207341811619699; 0,5122563340701163; 0,5398932378739119; 0,9883176139555871; 0,05886793229728937; 0,5798535733483732; 0,6795248314738274; 0,2618639231659472
0,4143651903799942; 0,7591630308888853; 0,8650354561395943; 0,856322864536196; 0,8288195142522454; 0,8257182287052274; 0,5974120302125812; 0,9861087021417916; 0,2686162358149886; 0,5168390246108174; 0,38943644193932414
0,6865767076766052; 0,0752962538972497; 0,46342418156564236; 0,5563167682848871; 0,4880669410340488; 0,357374956831336; 0,22662056051194668; 0,8848553728312254; 0,06305954279378057; 0,6777762998826802; 0,5384192327037454
0,7439174713048907; 0,2678289054892957; 0,44478060957044363; 0,7855985560454428; 0,9309154585935175; 0,16206075437366962; 0,6918324823491275; 0,6242169053293765; 0,9462362639605999; 0,23458830593153834; 0,3205518606118858
0,42997687782071947; 0,657582888379693; 0,7467656191438437; 0,9283341076225042; 0,7655314495787024; 0,8141685836017132; 0,05808668863028288; 0,8505936493165791; 0,8350781258195639; 0,4365531378425658; 0,5927812443114817
0,5660829339786284; 0,2923418842256069; 0,6388108050450683; 0,7606658497825265; 0,3163797096349299; 0,6738683725707233; 0,2781707961112261; 0,3218310447409749; 0,9420599676668644; 0,2852784302085638; 0,7473898534663022
0,5880115102531019; 0,9428504835814238; 0,34154282975941896; 0,37256742268800735; 0,2759477007202804; 0,26488516572862864; 0,4346306286752224; 0,2064463896676898; 0,34007137501612306; 0,41363054793328047; 0,0988628682680428
0,5087112108354342; 0,8757686605677009; 0,755060235504061; 0,7044087867252529; 0,8355621034279466; 0,6497810543514788; 0,2325825416482985; 0,18299987679347396; 0,7578065423294902; 0,6510206433013082; 0,7868688395246863
0,7255337413367419; 0,187209814786911; 0,0734575716778636; 0,9990854728966951; 0,7114162780344486; 0,9976766798645258; 0,6138895275071263; 0,26457190699875355; 0,05828947154805064; 0,7993238582275808; 0,4367346675135195
0,4031255889102602; 0,9766118875704706; 0,5858445554040372; 0,3574065756984055; 0,35175519436597824; 0,7188854650594294; 0,8903591493144631; 0,3116190740838647; 0,44511069264262915; 0,5547021348029375; 0,10118336929008365
0,6004226479721345; 0,3963720132596791; 0,5131289563141763; 0,04091465473175049; 0,17003504326567054; 0,5440761162899435; 0,9186781872995198; 0,1700177425518632; 0,22761189378798008; 0,9544618437066674; 0,4221525792963803
0,7223400648989695; 0,46018323581665754; 0,40907963179051876; 0,1260120547376573; 0,8638580059632659; 0,8609354803338647; 0,49986254423856735; 0,2973313652910292; 0,7486807387322187; 0,316493715159595; 0,6008961983025074
0,5977932376245384; 0,22727437876164913; 0,7818460571579635; 0,705157077871263; 0,5615340191870928; 0,7562858643941581; 0,19453699560835958; 0,6784824342466891; 0,15026179421693087; 0,22033742582425475; 0,37725961674004793
0,632451163605942; 0,2702989303506911; 0,8698031059466302; 0,6562465084716678; 0,40275974199175835; 0,6933916970156133; 0,2069099680520594; 0,4236656678840518; 0,8194974698126316; 0,4418307691812515; 0,5214643785730004
0,591855869100235; 0,2582719614729285; 0,7807841431349516; 0,4131962857209146; 0,09883859613910317; 0,668004919309169; 0,4020835873670876; 0,2173372027464211; 0,2675674594938755; 0,9851455395109951; 0,9231617646291852
0,3941821812095873; 0,7522331522777677; 0,4970031292177737; 0,06485121324658394; 0,36770954029634595; 0,04764779098331928; 0,6852446412667632; 0,43165200715884566; 0,13034083740785718; 0,7221678430214524; 0,46471962006762624
0,7595120301662938; 0,11687721777707338; 0,7979698549024761; 0,5437042820267379; 0,2612984455190599; 0,012175527401268482; 0,9440401028841734; 0,977406972553581; 0,6057421606965363; 0,467223244253546; 0,8878141855821013
0,4384792243297058; 0,6389041962102056; 0,7141437334939837; 0,12273559626191854; 0,7603095187805593; 0,09465637756511569; 0,24685988808050752; 0,4915588293224573; 0,6387155950069427; 0,3800272401422262; 0,8104325528256595
0,6580653563749777; 0,01563496608287096; 0,6908429209142923; 0,6015684818848968; 0,5643969518132508; 0,5674513387493789; 0,9699749485589564; 0,37859910167753696; 0,07583449175581336; 0,6306517962366343; 0,8530530878342688
0,5663578313132543; 0,8955568559467793; 0,7242992548272014; 0,5429824842140079; 0,3663514908403158; 0,6279372437857091; 0,26622796757146716; 0,7874771021306515; 0,8670282168313861; 0,4975726963020861; 0,02782726939767599
0,6532332147905527; 0,055745725985616446; 0,4950578575953841; 0,026369805447757244; 0,9908125679939985; 0,8440649621188641; 0,2805497241206467; 0,2511429223231971; 0,5707767815329134; 0,9349106578156352; 0,2247610236518085
0,6392119645284384; 0,1871959320269525; 0,31240836065262556; 0,07621761038899422; 0,39838916761800647; 0,1671621548011899; 0,6690457980148494; 0,6805805917829275; 0,17940922919660807; 0,3722182991914451; 0,7509491806849837
0,6666652520066431; 0,7275760928168893; 0,9764318191446364; 0,918860299512744; 0,8576850048266351; 0,44556241761893034; 0,19473231444135308; 0,03402746934443712; 0,357449306640774; 0,6695528416894376; 0,33424037555232644
0,5005835244967991; 0,9284638077951968; 0,7191474605351686; 0,17744785826653242; 0,9964855490252376; 0,42302598990499973; 0,020925038494169712; 0,2567526758648455; 0,4530504746362567; 0,26935038436204195; 0,6047305222600698
0,6612975849046169; 0,06140449643135071; 0,6407069354318082; 0,2547621256671846; 0,6558453342877328; 0,4070934425108135; 0,899566013365984; 0,39956563897430897; 0,9217240130528808; 0,22326007718220353; 0,5680715763010085
0,40833690995073957; 0,7205457091331482; 0,8869382236152887; 0,9012460112571716; 0,12184245465323329; 0,04360296716913581; 0,6080119628459215; 0,7353582647629082; 0,16967193502932787; 0,42777544958516955; 0,7613920145668089
0,516050466063914; 0,4866722533479333; 0,16935960110276937; 0,3248505983501673; 0,7730710655450821; 0,05404209066182375; 0,9971940042451024; 0,8993568634614348; 0,11626465013250709; 0,7389048542827368; 0,00791760953143239
0,8353649447855296; 0,024360525887459517; 0,030626452062278986; 0,9920486300252378; 0,7846483942121267; 0,1754351407289505; 0,5725768627598882; 0,8441375545226038; 0,8916993723250926; 0,5127471913583577; 0,6984106586314738
0,4682379445503614; 0,632597201038152; 0,4654435287229717; 0,9367584246210754; 0,022416663821786642; 0,1659720279276371; 0,40386658860370517; 0,9454828747548163; 0,12333355564624071; 0,8634047177620232; 0,6463196314871311
0,7818862382767591; 0,06064049480482936; 0,5305264894850552; 0,10544690769165754; 0,08654519682750106; 0,15835859207436442; 0,16781499050557613; 0,7672335193492472; 0,9257458378560841; 0,5802760389633477; 0,06491765892133117
0,4454981064058462; 0,6178581276908517; 0,6200094143860042; 0,4219490927644074; 0,5623344043269753; 0,3067239923402667; 0,08634225931018591; 0,3654186218045652; 0,4822067222557962; 0,121657342184335; 0,8663581451401114
0,4093019133885155; 0,882347583770752; 0,08335311617702246; 0,17270117485895753; 0,7353897439315915; 0,3166312323883176; 0,941187547519803; 0,4237967301160097; 0,7678772476501763; 0,8761810311116278; 0,6155886203050613
0,6688243511215746; 0,12456333870068192; 0,28117439476773143; 0,7970950109884143; 0,9063611538149416; 0,925547890830785; 0,45227560587227345; 0,801271905656904; 0,11993260309100151; 0,46699855476617813; 0,28064589481800795
0,5220383344665722; 0,5392290032468736; 0,042987190186977386; 0,07884333049878478; 0,5633168122731149; 0,2994621987454593; 0,30861253989860415; 0,13620203221216798; 0,12465252354741096; 0,12181867239996791; 0,3503657723776996
0,5497768207704968; 0,5455800630152225; 0,8624049457721412; 0,7445567422546446; 0,4157438734546304; 0,71879772702232; 0,31539173936471343; 0,2086208532564342; 0,18597336998209357; 0,5556030790321529; 0,19982179906219244
0,7571353159492201; 0,2786177904345095; 0,7173398481681943; 0,8475251975469291; 0,8435685206204653; 0,04121463047340512; 0,6295328852720559; 0,7654953747987747; 0,7097003562375903; 0,8362900763750076; 0,2475299946963787
0,7982144885363949; 0,2572686136700213; 0,5149107277393341; 0,9275335446000099; 0,1401837239973247; 0,5049552586860955; 0,5394865819253027; 0,9439684669487178; 0,7924113012850285; 0,4326304546557367; 0,2337668682448566
0,3350336453365822; 0,9605680406093597; 0,8967480272985995; 0,5500050224363804; 0,4639599551446736; 0,7369151678867638; 0,8218147554434836; 0,21585162496194243; 0,4428927209228277; 0,9943836885504425; 0,2448910898528993
0,6700513103818408; 0,10056475037708879; 0,38652246026322246; 0,8889515330083668; 0,3315595220774412; 0,7239766945131123; 0,26281987596303225; 0,19611067231744528; 0,43415738409385085; 0,38361317850649357; 0,37965358467772603
0,3704329920143316; 0,9450105219148099; 0,718779499642551; 0,469684480689466; 0,6180816669948399; 0,058287547435611486; 0,7233004253357649; 0,15785309579223394; 0,38605239102616906; 0,1995884831994772; 0,8569562407210469
0,6426600714490095; 0,7307699345983565; 0,4790873951278627; 0,5374648571014404; 0,35145712550729513; 0,49273906741291285; 0,1800157125107944; 0,11256581172347069; 0,552640828769654; 0,824901632964611; 0,31507197208702564
0,6565489333304085; 0,7657803855836391; 0,5264294929802418; 0,20060435868799686; 0,1506802150979638; 0,701083006337285; 0,08085254626348615; 0,9393350523896515; 0,25609977589920163; 0,13671434437856078; 0,6280968920327723
0,53490846639253; 0,5765449334867299; 0,6723968987353146; 0,4519410482607782; 0,5201130504719913; 0,8338850648142397; 0,41123779537156224; 0,5324822785332799; 0,23738110437989235; 0,13397407485172153; 0,4858097182586789
0,6611124097433692; 0,4494787622243166; 0,4016163181513548; 0,14503690274432302; 0,6593005592003465; 0,3261694903485477; 0,7142050103284419; 0,6084096804261208; 0,053952989634126425; 0,6274754158221185; 0,6540235751308501
0,6269440127767244; 0,22200937429443002; 0,295150323305279; 0,9815853736363351; 0,17685962887480855; 0,7221497842110693; 0,5221210946328938; 0,21576217468827963; 0,17973407823592424; 0,37848280370235443; 0,6575757907703519
0,6643588426040521; 0,4930514288134873; 0,28281142096966505; 0,03218798292800784; 0,09149676142260432; 0,6723128776066005; 0,842320897616446; 0,20594962825998664; 0,2540257112123072; 0,03418254991993308; 0,8011852381750941
0,7630691652966228; 0,19415659550577402; 0,3102681143209338; 0,2779075368307531; 0,3473830199800432; 0,7820328958332539; 0,9204897955060005; 0,5447915382683277; 0,6330367582850158; 0,9417904131114483; 0,2021378898061812
0,6502738322948292; 0,01297389529645443; 0,8284949134103954; 0,9270148873329163; 0,142061039339751; 0,7053798092529178; 0,6266911732964218; 0,7953720674850047; 0,12479870626702905; 0,20460229646414518; 0,8884518691338599
0,6548188223578011; 0,7687417375855148; 0,29983141692355275; 0,49250404303893447; 0,065147599671036; 0,7142094564624131; 0,9583574929274619; 0,18524525873363018; 0,32287373300641775; 0,3399454737082124; 0,07921179104596376
0,7556637500740935; 0,3582831392996013; 0,21730169979855418; 0,3303362326696515; 0,47340321773663163; 0,8812912818975747; 0,8698460408486426; 0,05370575934648514; 0,9485108982771635; 0,9423762294463813; 0,374660262838006
0,5041653629613745; 0,6833482002839446; 0,8188735181465745; 0,8598629082553089; 0,8086714092642069; 0,11904206033796072; 0,7638410865329206; 0,8768742755055428; 0,02415737882256508; 0,831394933629781; 0,3103244435042143
0,7396678001082444; 0,47101230220869184; 0,029916885308921337; 0,3768813475035131; 0,6433083629235625; 0,4959746431559324; 0,23831776715815067; 0,5297430576756597; 0,36405009776353836; 0,8866107943467796; 0,8005668586120009
0,43923040447089257; 0,6364598073996603; 0,4259393038228154; 0,2878639861010015; 0,04533430887386203; 0,8147528134286404; 0,9315732521936297; 0,17839046567678452; 0,9994152402505279; 0,695682373829186; 0,5038476246409118
0,3430564791093069; 0,9837602931074798; 0,7825674721971154; 0,7298279046081007; 0,8556051277555525; 0,6139877592213452; 0,9013482974842191; 0,9233566867187619; 0,4392862138338387; 0,6205783267505467; 0,5562886032275856
0,576384864502518; 0,4149466110393405; 0,6988741471432149; 0,8656816072762012; 0,08320346148684621; 0,6927470355294645; 0,28544898703694344; 0,49516576062887907; 0,048578024841845036; 0,014691457152366638; 0,8221907182596624
0,4462993950954187; 0,7057013311423361; 0,7708732201717794; 0,8127188226208091; 0,8545767879113555; 0,1606770846992731; 0,3226798940449953; 0,943573746830225; 0,026976024266332388; 0,24970382452011108; 0,7101802718825638
0,5888811952464001; 0,20564362173900008; 0,05199695425108075; 0,3408249681815505; 0,5692098084837198; 0,5525803617201746; 0,9850356071256101; 0,6613584794104099; 0,519688377622515; 0,6527892211452127; 0,003069667611271143
0,4752210735005841; 0,8712210785597563; 0,0339978295378387; 0,2750505907461047; 0,056805217172950506; 0,5737090758047998; 0,22811679681763053; 0,1943204663693905; 0,41076486371457577; 0,05602936493232846; 0,1045016129501164
0,35319015812707233; 0,8607747829519212; 0,5399887575767934; 0,23188140289857984; 0,14628867153078318; 0,14371659979224205; 0,289939905051142; 0,5824252837337554; 0,15899626910686493; 0,34733264008536935; 0,8685023253783584
0,6471749660691966; 0,517612315248698; 0,19654191751033068; 0,24171744985505939; 0,32227824348956347; 0,7753197378478944; 0,43769368482753634; 0,2669535502791405; 0,06687111686915159; 0,04950054408982396; 0,09861510805785656
0,38982304611723534; 0,8949904846958816; 0,024836791213601828; 0,41823119996115565; 0,5213566799648106; 0,5653249495662749; 0,29139607725664973; 0,659945297986269; 0,5652000224217772; 0,7862280276603997; 0,26617939257994294
0,601972665324734; 0,48647152306512; 0,4168776599690318; 0,5739356884732842; 0,9571367180906236; 0,7640155516564846; 0,4197358526289463; 0,5781214330345392; 0,31422057561576366; 0,1552479569800198; 0,8212921717204154
0,442186587083886; 0,7459004404954612; 0,4073201664723456; 0,7403784776106477; 0,43646069476380944; 0,29215617617592216; 0,0772486343048513; 0,8953365408815444; 0,3326001325622201; 0,2892301771789789; 0,42729352740570903
0,6967207286190085; 0,18408968998119235; 0,31727091735228896; 0,2999113807454705; 0,21896560303866863; 0,07431538170203567; 0,5273285494185984; 0,9910121555440128; 0,7108765579760075; 0,5837782612070441; 0,9177899044007063
0,7135691750217209; 0,5074925310909748; 0,8293213238939643; 0,8274762677028775; 0,6067208386957645; 0,2631597323343158; 0,8925872286781669; 0,6164158517494798; 0,5932763968594372; 0,1541104381904006; 0,7806235081516206
0,7919086983188648; 0,18948402348905802; 0,6298916824162006; 0,10074781160801649; 0,4136604373343289; 0,2830217471346259; 0,9266342646442354; 0,6305860071443021; 0,8983654226176441; 0,04882937669754028; 0,3744553290307522
0,5247772084605546; 0,5578384716063738; 0,692379554733634; 0,7387048252858222; 0,004235026426613331; 0,9771348009817302; 0,7075158678926528; 0,8416203744709492; 0,47880684584379196; 0,6735269045457244; 0,8991212118417025
0,4717795679918976; 0,5755938407965004; 0,4434226555749774; 0,7429957021959126; 0,24582033650949597; 0,48837414430454373; 0,17968498403206468; 0,20473628863692284; 0,47825548658147454; 0,21315624238923192; 0,8948323014192283
0,5978945709042324; 0,6162882158532739; 0,5633975574746728; 0,17707700468599796; 0,3355999900959432; 0,8754517170600593; 0,6560952053405344; 0,17752507468685508; 0,2130943234078586; 0,22766857082024217; 0,20073434384539723
0,5312581102789753; 0,5504472181200981; 0,816175798419863; 0,6607588124461472; 0,5076649053953588; 0,3598526124842465; 0,041338838171213865; 0,6007413533516228; 0,6662783580832183; 0,04785209195688367; 0,6797212460078299
0,6906779142813132; 0,40031511476263404; 0,27133609354496; 0,28707117307931185; 0,966575828846544; 0,2885390822775662; 0,7426571659743786; 0,11025301925837994; 0,3990602777339518; 0,760819889139384; 0,541722010821104
0,6734890349937678; 0,3557489267550409; 0,4828183981589973; 0,5626591155305505; 0,40633222414180636; 0,6297962674871087; 0,08574778586626053; 0,8411650857888162; 0,5822000093758106; 0,901898592710495; 0,4338534427806735
0,768157508833291; 0,05039342865347862; 0,7513777134008706; 0,19075008714571595; 0,8360240440815687; 0,9314084863290191; 0,9859794066287577; 0,4211670276708901; 0,5681232721544802; 0,9731831252574921; 0,300127933267504
0,6807750004262476; 0,6648280937224627; 0,743668154347688; 0,3225483614951372; 0,7181929680518806; 0,5496589280664921; 0,23113163467496634; 0,9853992140851915; 0,5664063389413059; 0,6801416417583823; 0,8119644043035805
0,7312195065597166; 0,16602754965424538; 0,7308688047342002; 0,981903534848243; 0,8226854568347335; 0,994006251450628; 0,5809620507061481; 0,6242854227311909; 0,563857817556709; 0,8433316037990153; 0,5484650270082057
0,459769333366332; 0,60920077143237; 0,7972536222077906; 0,2448259904049337; 0,947887453250587; 0,8037763726897538; 0,7747789211571217; 0,62095378478989; 0,16770817060023546; 0,767755173612386; 0,7419428103603423
0,45989960796543117; 0,5847078752703965; 0,7831685314886272; 0,3153906147927046; 0,5748065118677914; 0,48519425420090556; 0,3464559083804488; 0,8836202775128186; 0,27193400682881474; 0,5859229671768844; 0,27808515541255474
0,8520566231851541; 0,014708100818097591; 0,6769437156617641; 0,7529273652471602; 0,015519317705184221; 0,12258329801261425; 0,8265080922283232; 0,9252917901612818; 0,15030275657773018; 0,20696957223117352; 0,34094781894236803
0,7905153072835891; 0,27304004738107324; 0,7012759470380843; 0,344719139393419; 0,2997400010935962; 0,15494655445218086; 0,6375906271860003; 0,03016856638714671; 0,5801656814292073; 0,9053140669129789; 0,5490256957709789
0,5684363789116834; 0,26561063481494784; 0,9810233358293772; 0,03261287184432149; 0,8893296704627573; 0,3460741969756782; 0,502540941350162; 0,2644732021726668; 0,9706279812380672; 0,3904586983844638; 0,838996505830437
0,6730913952130532; 0,19425985869020224; 0,06827876437455416; 0,857602487783879; 0,30899622570723295; 0,6497200690209866; 0,3841386269778013; 0,9059043214656413; 0,47821795428171754; 0,4895289451815188; 0,662472777068615
0,6843911288552708; 0,015875287353992462; 0,11149271670728922; 0,9299093023873866; 0,9727986329235137; 0,4947360558435321; 0,20770472008734941; 0,6872726795263588; 0,11299920128658414; 0,3559766015969217; 0,059798852540552616
0,722414382690045; 0,15736872423440218; 0,3474739515222609; 0,03428061166778207; 0,43803374376147985; 0,0722944950684905; 0,9214022071100771; 0,839637566357851; 0,6929118428379297; 0,6791416918858886; 0,31152364192530513
0,700047094712831; 0,041286631021648645; 0,6798434057272971; 0,8839847100898623; 0,6751750838011503; 0,1634638928808272; 0,8420439353212714; 0,32341431453824043; 0,2355347997508943; 0,8215828016400337; 0,5159090324304998
0,6762293527692778; 0,5544395339675248; 0,8161374279297888; 0,597479437943548; 0,5316800703294575; 0,4726105099543929; 0,854490241035819; 0,8759234696626663; 0,5359306992031634; 0,09515054523944855; 0,2352705029770732
0,7038461900166418; 0,2232668581418693; 0,1525445207953453; 0,8783390540629625; 0,037256408017128706; 0,4452341655269265; 0,2460111198015511; 0,034034546464681625; 0,29854112723842263; 0,9213686170987785; 0,0015201275236904621
0,40462862702582014; 0,7286540572531521; 0,6182565558701754; 0,5118370610289276; 0,6231212918646634; 0,42742615612223744; 0,7616819646209478; 0,4931678082793951; 0,7791806091554463; 0,9542108257301152; 0,8559900606051087
0,5289811926758093; 0,6481223939917982; 0,627385126426816; 0,427235409617424; 0,6558547178283334; 0,34853206342086196; 0,10390492295846343; 0,5477269608527422; 0,10749581130221486; 0,531282089650631; 0,37243050429970026
0,7363415542419878; 0,4257602063007653; 0,3184316358529031; 0,7843836015090346; 0,17043213406577706; 0,6999579784460366; 0,7739571365527809; 0,39315309608355165; 0,2719883257523179; 0,4538620412349701; 0,6355638182722032
0,5740469334698639; 0,9186298670247197; 0,6560190957970917; 0,3177926018834114; 0,31869325088337064; 0,8772382116876543; 0,7527463864535093; 0,28014542628079653; 0,7258432395756245; 0,7978525166399777; 0,5753366383723915
0,5700191379148319; 0,4097762140445411; 0,33957479102537036; 0,6089261323213577; 0,263347864151001; 0,07466906541958451; 0,21159722469747066; 0,7262692023068666; 0,6785201244056225; 0,32143770856782794; 0,24193586083129048
0,4554284120664897; 0,8863346725702286; 0,8343267631717026; 0,7897739675827324; 0,5412820032797754; 0,3711236007511616; 0,22050735400989652; 0,5307799461297691; 0,526761882007122; 0,84054747922346; 0,4672880624420941
0,3255634447885629; 0,9697428178042173; 0,6884730188176036; 0,09086269000545144; 0,3752881847321987; 0,567001021001488; 0,8728556386195123; 0,8712033974006772; 0,1599934040568769; 0,557152645662427; 0,7897124169394374
0,7897422717862473; 0,17467466415837407; 0,6850503981113434; 0,1720942808315158; 0,6992831430397928; 0,14820142416283488; 0,4387072338722646; 0,18324231263250113; 0,7411592523567379; 0,1165727861225605; 0,07959009753540158
0,611392052879484; 0,4897350678220391; 0,14594257529824972; 0,5180214233696461; 0,5695082889869809; 0,08660088805481791; 0,8174043614417315; 0,7416082313284278; 0,4668943118304014; 0,22727397410199046; 0,8788091787137091
0,6965328036134264; 0,5508713647723198; 0,784468135330826; 0,5301363538019359; 0,665893878787756; 0,038586450740695; 0,337268078699708; 0,41014827974140644; 0,01474962430074811; 0,04785191593691707; 0,8843323877081275
0,6741668101047612; 0,44088079081848264; 0,2778437309898436; 0,2900976063683629; 0,7071111486293375; 0,15928584896028042; 0,40828364295884967; 0,23882767837494612; 0,630277797114104; 0,7467125486582518; 0,9916018964722753
0,46570717740406; 0,869711915962398; 0,693469394929707; 0,29383916035294533; 0,4771746089681983; 0,5585500309243798; 0,02875799546018243; 0,5224345573224127; 0,7432753657922149; 0,850734178442508; 0,23071237234398723
0,6901573400995644; 0,30049802735447884; 0,7830323711968958; 0,36159515380859375; 0,09522589156404138; 0,24280011421069503; 0,31755161797627807; 0,5040595377795398; 0,6161780757829547; 0,8858257215470076; 0,9180783382616937
0,6754408772923094; 0,22854230972006917; 0,2872672653757036; 0,5050929798744619; 0,3239170997403562; 0,3931772052310407; 0,49587890040129423; 0,5679215942509472; 0,6343576465733349; 0,990413045976311; 0,050057160668075085
0,47865011427914084; 0,5283630066551268; 0,061369937378913164; 0,6843674019910395; 0,15314885834231973; 0,7129742675460875; 0,09016783721745014; 0,17384072812274098; 0,6725908839143813; 0,1950175422243774; 0,5573281883262098
0,5108240726038173; 0,643009573686868; 0,4970332458615303; 0,17137059243395925; 0,800508338958025; 0,5390754994004965; 0,09472405398264527; 0,7684156293980777; 0,4689695620909333; 0,9582924037240446; 0,07087024347856641
0,5774916805302117; 0,37875728541985154; 0,4216041681356728; 0,04262712551280856; 0,24048327561467886; 0,9231122005730867; 0,9595808163285255; 0,6989029659889638; 0,04971463419497013; 0,41079110698774457; 0,6443874053657055
0,700774317413491; 0,3028165898285806; 0,56705287611112; 0,71092469105497; 0,6427658810280263; 0,763507251162082; 0,006253255996853113; 0,2983798333443701; 0,5443146894685924; 0,8787731975317001; 0,18408798519521952
0,4991077129174037; 0,46846181992441416; 0,23960912274196744; 0,4053449141792953; 0,2962646149098873; 0,3312520426698029; 0,8132126699201763; 0,5774200209416449; 0,39858514769002795; 0,33029810758307576; 0,9399651866406202
0,32912100191654553; 0,9220999539829791; 0,7783927824348211; 0,88172378949821; 0,11160486750304699; 0,5193720529787242; 0,4049875824712217; 0,25785099249333143; 0,804854070302099; 0,9038056824356318; 0,917452547699213
0,5624575825962111; 0,7368926932103932; 0,1421497301198542; 0,2396908737719059; 0,15145009756088257; 0,7344665424898267; 0,528210808057338; 0,34653396997600794; 0,3282247921451926; 0,7790243751369417; 0,5293245487846434
0,5141350181857409; 0,422952632419765; 0,04860779317095876; 0,7325509409420192; 0,19926273170858622; 0,4175035855732858; 0,9157044827006757; 0,07301529869437218; 0,2171773319132626; 0,31251556146889925; 0,9023905005306005
0,7379322802188161; 0,4888033512979746; 0,5476402752101421; 0,8291565193794668; 0,16500765224918723; 0,28039707941934466; 0,3549593798816204; 0,5762565596960485; 0,34359612688422203; 0,31994916358962655; 0,9937903378158808
0,704546148471023; 0,25472138030454516; 0,7242975016124547; 0,6565275983884931; 0,11945147532969713; 0,9534863759763539; 0,06988867279142141; 0,15730587486177683; 0,5803931592963636; 0,866171458736062; 0,9243701458908617
0,5331551395723686; 0,927528066560626; 0,8632267648354173; 0,9188623414374888; 0,10652591707184911; 0,39691676013171673; 0,35230279760435224; 0,3917630761861801; 0,33392946468666196; 0,8235926483757794; 0,051167021971195936
0,6603397676195961; 0,23750643990933895; 0,5398123236373067; 0,9306124201975763; 0,16265680035576224; 0,49214305402711034; 0,4953701854683459; 0,4571880684234202; 0,260211574845016; 0,8409400158561766; 0,17495456244796515
0,7862146633581708; 0,046195777133107185; 0,6295694946311414; 0,28624430298805237; 0,16990947118028998; 0,7337666293606162; 0,2566357492469251; 0,19901398522779346; 0,8794029485434294; 0,6075993701815605; 0,3003689139150083
0,5556701681870625; 0,9182854443788528; 0,05750991916283965; 0,788986012339592; 0,6392227453179657; 0,9373770891688764; 0,149488331284374; 0,22372787864878774; 0,729276851285249; 0,9203098532743752; 0,9186579380184412
0,40466390963248755; 0,8855598317459226; 0,840490844566375; 0,9686641301959753; 0,45313187781721354; 0,21316539403051138; 0,6972593376412988; 0,5912188915535808; 0,8777888901531696; 0,2755835638381541; 0,035306042060256004
0,7283495640131677; 0,3082912736572325; 0,09818798350170255; 0,229156831279397; 0,48603170830756426; 0,327228921931237; 0,36377429869025946; 0,21407358068972826; 0,18039570236578584; 0,3383873156271875; 0,03369853273034096
0,5486042455910719; 0,3242573789320886; 0,05561595503240824; 0,36581683345139027; 0,3386524231173098; 0,06916404562070966; 0,9713075775653124; 0,5783257763832808; 0,30083949072286487; 0,9761067144572735; 0,2359874751418829
0,5521409731880363; 0,757235393859446; 0,5703544467687607; 0,4804958738386631; 0,04101060424000025; 0,10881157265976071; 0,6157295270822942; 0,9098529005423188; 0,11808264022693038; 0,8621945641934872; 0,2621561815030873
0,5799813413371246; 0,7912238300777972; 0,0046968841925263405; 0,10477278986945748; 0,7392531465739012; 0,10250034555792809; 0,5159332384355366; 0,0481338445097208; 0,30323396110907197; 0,7416980620473623; 0,599446736741811
0,8247835548187857; 0,02453557262197137; 0,30570161808282137; 0,04974033869802952; 0,24716763803735375; 0,029488715808838606; 0,35601369943469763; 0,5353077184408903; 0,516680505592376; 0,9033016315661371; 0,6325394273735583
0,6109975944384858; 0,3995401677675545; 0,7959588589146733; 0,8587751490995288; 0,04375237366184592; 0,1807096004486084; 0,9842645023018122; 0,8974526324309409; 0,45614292845129967; 0,30222654808312654; 0,4396206187084317
0,5135443521603787; 0,43186822766438127; 0,20828302996233106; 0,5486532310023904; 0,6642107972875237; 0,6984070213511586; 0,09165926789864898; 0,24762408901005983; 0,8448827648535371; 0,23852227348834276; 0,613329591229558
0,4919802116106758; 0,5006847730837762; 0,031406591180711985; 0,2933862181380391; 0,8115884633734822; 0,16032432252541184; 0,4463199866004288; 0,8831648575142026; 0,055316612124443054; 0,497274256311357; 0,11077214404940605
0,7662885472326193; 0,2760400529950857; 0,004184884484857321; 0,08456985373049974; 0,8349107578396797; 0,7752698212862015; 0,3356471532024443; 0,4476375123485923; 0,26034420542418957; 0,2712577562779188; 0,46254820842295885
0,4390038842000739; 0,7762508080340922; 0,6646670992486179; 0,40120036294683814; 0,36570757115259767; 0,34705768059939146; 0,806920865084976; 0,0014720824547111988; 0,6457140310667455; 0,22715612640604377; 0,40243452228605747
0,6953275171500236; 0,39327410282567143; 0,6727190283127129; 0,6256036320701241; 0,9140259684063494; 0,8817865685559809; 0,9614054705016315; 0,4174713543616235; 0,43358064349740744; 0,4076172956265509; 0,4145151386037469
0,5063975599481437; 0,9782042219303548; 0,4224197310395539; 0,7852472788654268; 0,3078466411679983; 0,9091539606451988; 0,595534638967365; 0,49679739587008953; 0,28362229745835066; 0,3231828617863357; 0,4232948706485331
0,656668841946804; 0,38899577129632235; 0,9388629165478051; 0,2644401923753321; 0,7734485813416541; 0,052968897856771946; 0,2124524204991758; 0,9016346544958651; 0,14400848792865872; 0,3274019812233746; 0,4994953810237348
0,7620002513724851; 0,0834883488714695; 0,8658409463241696; 0,04416516004130244; 0,5096305152401328; 0,42661122139543295; 0,5604025605134666; 0,960991760250181; 0,7984339850954711; 0,07291632751002908; 0,15895823249593377
0,3929613327283637; 0,7623609835281968; 0,2496705474331975; 0,47315542539581656; 0,8548317449167371; 0,2845602249726653; 0,14104832569137216; 0,35134190134704113; 0,1925307479687035; 0,7484892359934747; 0,2795304171741009
0,6890760173047097; 0,5780741241760552; 0,9346694867126644; 0,7126235915347934; 0,5456138770096004; 0,9900644947774708; 0,125258750282228; 0,8916683150455356; 0,018654410261660814; 0,3672942901030183; 0,969136799685657
0,5758729529678818; 0,24372689332813025; 0,06192508200183511; 0,3995432839728892; 0,3346033333800733; 0,29981669317930937; 0,5676905540749431; 0,7051740572787821; 0,6474144561216235; 0,9316083411686122; 0,8720965883694589
0,542156173506466; 0,3439154541119933; 0,10286458674818277; 0,10246535437181592; 0,7868428216315806; 0,7805803557857871; 0,46720211720094085; 0,7040078332647681; 0,03451224183663726; 0,4357782928273082; 0,7998174177482724
0,43011749514681274; 0,7161896997131407; 0,06423709075897932; 0,030218378640711308; 0,7972791981883347; 0,7289860243909061; 0,14376250421628356; 0,756704333703965; 0,8724425747059286; 0,5706403665244579; 0,8570018582977355
0,6958375827246858; 0,6275923978537321; 0,7412386531941593; 0,5157610797323287; 0,48581486381590366; 0,5710729653947055; 0,12800043215975165; 0,8841465297155082; 0,42725878581404686; 0,4413812765851617; 0,45373645005747676
0,7752960335678774; 0,17694262973964214; 0,2768656434491277; 0,771315161138773; 0,9452386316843331; 0,7387583199888468; 0,995754954405129; 0,6160832233726978; 0,703639323823154; 0,9468766157515347; 0,25928129628300667
0,600844892602866; 0,39059200417250395; 0,8545327284373343; 0,11496593803167343; 0,3607918838970363; 0,8188328775577247; 0,1243177610449493; 0,43969816621392965; 0,7956016347743571; 0,888095049187541; 0,39947007689625025
0,48298484321006746; 0,5912399883382022; 0,22355658980086446; 0,041993952821940184; 0,44004121609032154; 0,23317766608670354; 0,8530586226843297; 0,8135523181408644; 0,5818322119303048; 0,1394681422971189; 0,912020901683718
0,6170964233467123; 0,12302847439423203; 0,110030856449157; 0,6187311890535057; 0,6512869470752776; 0,30650465469807386; 0,018762892577797174; 0,6964385560713708; 0,7516824882477522; 0,21230964688584208; 0,3743511685170233
0,46651097627474347; 0,6328147039748728; 0,06945647299289703; 0,9062695004977286; 0,11308994377031922; 0,7440132484771311; 0,5651322943158448; 0,447122557554394; 0,9558386635035276; 0,968551613856107; 0,014622441492974758
0,42616086525292896; 0,7732476810924709; 0,7442252817563713; 0,8746697795577347; 0,18742438219487667; 0,46551278373226523; 0,8920715935528278; 0,40977563010528684; 0,6238008616492152; 0,7166670160368085; 0,6419252245686948
0,4697995968526467; 0,9592386446893215; 0,876882643904537; 0,9254491925239563; 0,8789636334404349; 0,5651269117370248; 0,6674840762279928; 0,0873884498141706; 0,9129333910532296; 0,09634183533489704; 0,6954183778725564
0,6973168871803669; 0,36328368401154876; 0,01919748354703188; 0,3234241367317736; 0,842926193960011; 0,5422500600107014; 0,8727664900943637; 0,8273787288926542; 0,3342945370823145; 0,34561613528057933; 0,915453587193042
0,5729387278009352; 0,2519875969737768; 0,7167406645603478; 0,23792104003950953; 0,05793703207746148; 0,3597243488766253; 0,03407035255804658; 0,46499902149662375; 0,8702279240824282; 0,20731265377253294; 0,9835476651787758
0,6267493584823469; 0,861534581054002; 0,22510934434831142; 0,6195893920958042; 0,16742382291704416; 0,6049695410765707; 0,6460113478824496; 0,815444452688098; 0,09999402891844511; 0,470271403901279; 0,8530060988850892
0,8448414958723819; 0,050612112041562796; 0,859719093888998; 0,7254566722549498; 0,5863510305061936; 0,23472351813688874; 0,3283642129972577; 0,314575033262372; 0,12153974268585443; 0,5828868024982512; 0,7361514093354344
0,5966756938133378; 0,8221233072690666; 0,1417430411092937; 0,4401029711589217; 0,43201437359675765; 0,03875131672248244; 0,4018617942929268; 0,265046005602926; 0,934028853662312; 0,7284473874606192; 0,8698622691445053
0,779277163507208; 0,2991697979159653; 0,2797744399867952; 0,1278658639639616; 0,5191836492158473; 0,48294496536254883; 0,7768767918460071; 0,21944417292252183; 0,960092163644731; 0,6103981388732791; 0,31741951731964946
0,8487304340334136; 0,010967046488076448; 0,6972027565352619; 0,2181350253522396; 0,456695516128093; 0,01056622713804245; 0,43229988776147366; 0,8960770997218788; 0,8722696076147258; 0,4957185313105583; 0,28466202691197395
0,7142453523950257; 0,5275511429645121; 0,18962728837504983; 0,45481153624132276; 0,757441081572324; 0,17081270413473248; 0,25422820961102843; 0,2509910613298416; 0,7348461938090622; 0,270770073402673; 0,6772675863467157
0,3746644281007178; 0,9179127532988787; 0,6313961120322347; 0,4247862030752003; 0,7939010397531092; 0,759480282664299; 0,4807317825034261; 0,8807694716379046; 0,7643620036542416; 0,41818651743233204; 0,5978089869022369
0,6845119684476677; 0,6625507748685777; 0,012820992153137922; 0,10722514474764466; 0,8267233683727682; 0,6137326266616583; 0,8748078178614378; 0,36268039932474494; 0,6861877697519958; 0,8686653426848352; 0,6090474585071206
0,7058701300706314; 0,012956108897924423; 0,9844940910115838; 0,14231943897902966; 0,914246266707778; 0,38057397259399295; 0,6400298159569502; 0,9949370138347149; 0,4586592437699437; 0,4934246903285384; 0,10592925921082497
0,5854208331184159; 0,2714329925365746; 0,3974530380219221; 0,5731863169930875; 0,46961237816140056; 0,8473478280939162; 0,27369769383221865; 0,21643700217828155; 0,5422154664993286; 0,05443652207031846; 0,7630993160419166
0,41862655636728163; 0,7151586357504129; 0,2820725832134485; 0,22561032883822918; 0,15764224622398615; 0,2316108951345086; 0,8627494229003787; 0,9096727124415338; 0,1005081869661808; 0,4582140650600195; 0,2560745384544134
0,606128677608883; 0,6678535044193268; 0,39722670055925846; 0,4913102095015347; 0,2996706501580775; 0,1472473363392055; 0,7688486068509519; 0,548095743637532; 0,4752784352749586; 0,799540959764272; 0,5712008257396519
0,5289726399574023; 0,6226062909699976; 0,7193645960651338; 0,005933938082307577; 0,25879301177337766; 0,7720466107130051; 0,243393343873322; 0,0975761916488409; 0,34730171179398894; 0,7320777666755021; 0,9895893139764667
0,7924548087744431; 0,19688957137987018; 0,17797811096534133; 0,8613415784202516; 0,547982890624553; 0,5193129586987197; 0,8394402447156608; 0,049612549133598804; 0,7731008962728083; 0,7992623690515757; 0,21461709076538682
0,642364381505453; 0,6272923443466425; 0,16577742248773575; 0,01721791597083211; 0,7306658029556274; 0,6653276202268898; 0,010113878641277552; 0,27191803930327296; 0,5941899991594255; 0,6415179218165576; 0,06466016173362732
0,6582154319384899; 0,7145124161615968; 0,78575953328982; 0,7198617169633508; 0,7664392357692122; 0,13065423583611846; 0,8317127102054656; 0,16603530384600163; 0,2704774346202612; 0,9396241060458124; 0,48465633438900113
0,5492438713250871; 0,3667396088130772; 0,9120388338342309; 0,25387327186763287; 0,6855495432391763; 0,9024545629508793; 0,8292598738335073; 0,4830935075879097; 0,8355237012729049; 0,03185595944523811; 0,5582683687098324
0,705025849411227; 0,5800183997489512; 0,40391438640654087; 0,3272457947023213; 0,5336811924353242; 0,9891407210379839; 0,677640164270997; 0,8040215270593762; 0,7484768475405872; 0,5001171729527414; 0,8887775046750903
0,664186552733711; 0,5543694761581719; 0,821351389400661; 0,43189020035788417; 0,732959589920938; 0,4330918123014271; 0,616280309855938; 0,44289936777204275; 0,8263302408158779; 0,2698416952043772; 0,9891109839081764
0,635339512857567; 0,5116418823599815; 0,015495966654270887; 0,8975737169384956; 0,666903218254447; 0,9947300907224417; 0,25671265088021755; 0,6232815929688513; 0,890937427058816; 0,18148319842293859; 0,8178756046108902
0,748655745258329; 0,20710565708577633; 0,4476627353578806; 0,9418061873875558; 0,14044459909200668; 0,1948270439170301; 0,5778183015063405; 0,701170286629349; 0,19290742091834545; 0,006984899751842022; 0,8041609018109739
0,6137772686462741; 0,5068991747684777; 0,6389138740487397; 0,9260346842929721; 0,7891082251444459; 0,4189692218787968; 0,7185630248859525; 0,8684958210214972; 0,009576964192092419; 0,3979021981358528; 0,3124687410891056
0,6090875511954585; 0,23907648352906108; 0,6398714422248304; 0,13198708463460207; 0,5001364382915199; 0,1144937677308917; 0,7919596317224205; 0,6411793255247176; 0,3843289017677307; 0,023429987486451864; 0,1309871175326407
0,4495750517092631; 0,6544644283130765; 0,8734248587861657; 0,15065191313624382; 0,26762993773445487; 0,7075388785451651; 0,6740114307031035; 0,00901638763025403; 0,3621841501444578; 0,882853698451072; 0,18104331474751234
0,734391910195467; 0,35663289204239845; 0,7798755224794149; 0,19057160522788763; 0,8464278322644532; 0,8809010004624724; 0,0339250173419714; 0,44719577487558126; 0,8145136344246566; 0,14123387448489666; 0,3379016765393317
0,5511489910779427; 0,996858844999224; 0,19054450932890177; 0,16703375475481153; 0,4759864043444395; 0,0884928023442626; 0,10301439696922898; 0,14223511749878526; 0,5544195473194122; 0,6321243322454393; 0,25916754826903343
0,8140630447492319; 0,16582412365823984; 0,8355605960823596; 0,8835583343170583; 0,4043526640161872; 0,8392344997264445; 0,22149799158796668; 0,3668495058082044; 0,15306147187948227; 0,19315554108470678; 0,6636302811093628
0,45383000676726565; 0,7297717407345772; 0,8980870288796723; 0,2543661496601999; 0,9577284068800509; 0,8604526249691844; 0,44242415158078074; 0,7536950637586415; 0,34676931938156486; 0,6898146672174335; 0,8285778136923909
0,6909778277522004; 0,5233323378488421; 0,9480742947198451; 0,9946771897375584; 0,7768613835796714; 0,5450613624416292; 0,8733114791102707; 0,22078258404508233; 0,987204116769135; 0,24541160464286804; 0,41671185521408916
0,5668396479012119; 0,47877916041761637; 0,29825581843033433; 0,9079830073751509; 0,9369786442257464; 0,12340115755796432; 0,5063563860021532; 0,8952279412187636; 0,8959009759128094; 0,26110692601650953; 0,7749327574856579
0,7775101011017647; 0,31055211927741766; 0,3977567236870527; 0,5967276114970446; 0,3187472065910697; 0,11297278199344873; 0,8899770681746304; 0,3895122157409787; 0,972190429456532; 0,7267782026901841; 0,9603303517214954
0,5967232658737438; 0,1801868756301701; 0,8631020137108862; 0,09042934002354741; 0,13830483239144087; 0,03804861940443516; 0,46558279637247324; 0,3250534310936928; 0,3119790758937597; 0,6715513779781759; 0,36852988973259926
0,6687794109697149; 0,7230669427663088; 0,09577931044623256; 0,8975768839009106; 0,01851314725354314; 0,4203418134711683; 0,3352272333577275; 0,550870762206614; 0,3884066715836525; 0,8297361801378429; 0,04679983574897051
0,434874832463102; 0,6589835700578988; 0,7431500912643969; 0,15415502432733774; 0,9561966983601451; 0,7710930746980011; 0,5105470344424248; 0,06625974318012595; 0,6873469189740717; 0,3466295963153243; 0,26067670388147235
0,3543521612069841; 0,8783901538699865; 0,8772963802330196; 0,36393863102421165; 0,7642428111284971; 0,8242213409394026; 0,5046996641904116; 0,51839120965451; 0,42842124588787556; 0,7427462893538177; 0,6326293861493468
0,4684596323296984; 0,5552080585621297; 0,5452421177178621; 0,0658846334554255; 0,18333246605470777; 0,6943076895549893; 0,6167143783532083; 0,38389142230153084; 0,23416927689686418; 0,47748824348673224; 0,8816676270216703
0,4892077173914615; 0,7150743850506842; 0,09555112291127443; 0,5256189196370542; 0,7528922534547746; 0,060884164180606604; 0,6485392022877932; 0,338993513956666; 0,4766648104414344; 0,7694388516247272; 0,34079503547400236
0,6256336682658058; 0,2611337536945939; 0,047659879084676504; 0,024650048464536667; 0,6344586093910038; 0,17368975328281522; 0,727824738714844; 0,7767590484581888; 0,22763093514367938; 0,6323241242207587; 0,5562147428281605
0,4945006400450892; 0,5186263560317457; 0,557161052711308; 0,815683857537806; 0,4987377957440913; 0,8724916973151267; 0,2567962217144668; 0,08389802742749453; 0,007802178617566824; 0,012848469894379377; 0,6618736004456878
0,5371538624845467; 0,4354199655354023; 0,5816197418607771; 0,7800334319472313; 0,9201509742997587; 0,22406298853456974; 0,5205962248146534; 0,752365461550653; 0,3265798301436007; 0,5452739261090755; 0,1255392488092184
0,7866098713405961; 0,2209169352427125; 0,7438974385149777; 0,5518732774071395; 0,7144553679972887; 0,9930581343360245; 0,7576866797171533; 0,4395899116061628; 0,9474593517370522; 0,769370864611119; 0,7283618352375925
0,5619865369600466; 0,5526908468455076; 0,1053339852951467; 0,4551406786777079; 0,3817505477927625; 0,02171123307198286; 0,6504274979233742; 0,9476619218476117; 0,2565031424164772; 0,19787360122427344; 0,5303537677973509
0,5843163556407692; 0,7291224249638617; 0,666395943146199; 0,6521353241987526; 0,041125824209302664; 0,5567499082535505; 0,8831687928177416; 0,837538312189281; 0,8949295724742115; 0,32179281394928694; 0,04642461659386754
0,45903009750059803; 0,6028262400068343; 0,6822645710781217; 0,9553193557076156; 0,9283927991054952; 0,8804547623731196; 0,031321273650974035; 0,5135633549652994; 0,21220938302576542; 0,9887895253486931; 0,8138228380121291
0,6891226834330514; 0,5798451015725732; 0,22012452594935894; 0,8123735259287059; 0,6690781437791884; 0,730432509444654; 0,327799070160836; 0,13231712067499757; 0,811975761782378; 0,5958538516424596; 0,6190770142711699
0,7050901029095477; 0,25876660412177444; 0,38238546857610345; 0,7138109616935253; 0,9653491470962763; 0,2561045764014125; 0,004532975610345602; 0,3291776147671044; 0,6694844989106059; 0,4208381688222289; 0,13783453358337283
0,7735397051374988; 0,3188750329427421; 0,8779776245355606; 0,4162911418825388; 0,0011821039952337742; 0,37074617063626647; 0,656033884268254; 0,36295020347461104; 0,21508599258959293; 0,1258127591572702; 0,03656967543065548
0,7828375624428192; 0,026731042191386223; 0,3069051601924002; 0,7702736770734191; 0,16227008448913693; 0,5630875271745026; 0,33500034967437387; 0,08027399145066738; 0,41103579523041844; 0,8035234487615526; 0,5492192353121936
0,35780994177334935; 0,9993854840286076; 0,3570639337413013; 0,04383132653310895; 0,2965890862978995; 0,03774683875963092; 0,09197426913306117; 0,8486509867943823; 0,9710224256850779; 0,7472606897354126; 0,959168856497854
0,7379277945687887; 0,1429833872243762; 0,47739055566489697; 0,6541527071967721; 0,202499991748482; 0,7647114177234471; 0,04335839441046119; 0,0979934735223651; 0,5746197286061943; 0,43837766302749515; 0,7135984390042722
0,6522607060411686; 0,12446541478857398; 0,37398932222276926; 0,8832645770162344; 0,15404466865584254; 0,8708953042514622; 0,43316115299239755; 0,37875283462926745; 0,23442629864439368; 0,45431056106463075; 0,030948202591389418
0,5538311338203121; 0,7862319531850517; 0,9356525344774127; 0,9658478396013379; 0,5666286260820925; 0,41906855860725045; 0,7009783950634301; 0,29548866394907236; 0,6869043577462435; 0,5201237970031798; 0,6755977189168334
0,6394508684073905; 0,8090422381646931; 0,6488574738614261; 0,07868343265727162; 0,14896534057334065; 0,01258619874715805; 0,4744677869603038; 0,2876813616603613; 0,476696839556098; 0,7470536306500435; 0,4502042275853455
0,6370684541602089; 0,06795311672613025; 0,17674314370378852; 0,3907563406974077; 0,07646743161603808; 0,1593709816224873; 0,9859889531508088; 0,865691511426121; 0,33378839306533337; 0,10046503972262144; 0,6691676289774477
0,5333942445131686; 0,5987963629886508; 0,33511637756600976; 0,5477039655670524; 0,3209516778588295; 0,6213500420562923; 0,6040145810693502; 0,6414446984417737; 0,7191846086643636; 0,6261478289961815; 0,24579465435817838
0,5882495492209905; 0,21121395844966173; 0,4239742294885218; 0,5856938329525292; 0,7829837333410978; 0,43049596156924963; 0,3086627130396664; 0,35496261855587363; 0,11746267834678292; 0,840621582698077; 0,7361656832508743
0,8050383563049172; 0,06499977456405759; 0,6190546872094274; 0,874125967733562; 0,7829595394432545; 0,7784411231987178; 0,5410256376489997; 0,38057573698461056; 0,15673772525042295; 0,8201747187413275; 0,37021225271746516
0,6643749331303024; 0,33172033866867423; 0,514015756547451; 0,8975394256412983; 0,5458261845633388; 0,5142655861563981; 0,7082011881284416; 0,47027382673695683; 0,15855911001563072; 0,6162706483155489; 0,29780631558969617
0,7704512218877124; 0,17121718684211373; 0,720489882864058; 0,22847110265865922; 0,6196794952265918; 0,0738311936147511; 0,2287576785311103; 0,9083316256292164; 0,4225283218547702; 0,2896326188929379; 0,05873301764950156
0,4377655106581518; 0,6463249917142093; 0,6245520142838359; 0,9973006094805896; 0,7227204889059067; 0,6878569950349629; 0,22801719047129154; 0,7350220517255366; 0,14491175347939134; 0,1843186910264194; 0,9301357357762754
0,8419165731699221; 0,0035093966871500015; 0,8882010281085968; 0,6916250512003899; 0,707382959779352; 0,6062401086091995; 0,4438171093352139; 0,6988390698097646; 0,744518656283617; 0,6906607332639396; 0,1804311410523951
0,572024685024555; 0,6471786992624402; 0,8613181388936937; 0,08343475358560681; 0,7466014097444713; 0,4619746836833656; 0,3197252359241247; 0,607909167651087; 0,1802254137583077; 0,27638673409819603; 0,857909154612571
0,548178585145319; 0,7465753303840756; 0,5392655180767179; 0,7802642812021077; 0,8847317602485418; 0,6264280779287219; 0,2529325997456908; 0,4860975034534931; 0,4423757493495941; 0,23668792750686407; 0,48657452361658216
0,6272242289044923; 0,527544901240617; 0,04668832803145051; 0,5401557302102447; 0,46492378460243344; 0,5998605410568416; 0,05015756608918309; 0,7306676991283894; 0,8969843005761504; 0,9981139120645821; 0,29254332929849625
0,6996422374578047; 0,5994394803419709; 0,481160637922585; 0,6535671851597726; 0,7975324694998562; 0,947470388840884; 0,8869352368637919; 0,7659711330197752; 0,31685150414705276; 0,7864270671270788; 0,35277650877833366
0,6006107616396441; 0,16920973360538483; 0,5723449671640992; 0,7568862908519804; 0,9017244158312678; 0,2754813735373318; 0,9888146752491593; 0,14984626090154052; 0,47895452938973904; 0,07769964123144746; 0,9708157419227064
0,7360373128173386; 0,23644027160480618; 0,6312845665961504; 0,5730247120372951; 0,32028676522895694; 0,34258227283135056; 0,16302062012255192; 0,21459538070484996; 0,5828151879832149; 0,3497647661715746; 0,671945983543992
0,5071938347482449; 0,9000319051556289; 0,9114885437302291; 0,8815603484399617; 0,4105087127536535; 0,8016298320144415; 0,6238147877156734; 0,06668937299400568; 0,7504659085534513; 0,6943071559071541; 0,7406455101445317
0,5983536255025411; 0,22065798472613096; 0,04716198053210974; 0,2969458703882992; 0,1542040347121656; 0,9668204966001213; 0,42378206085413694; 0,02040762174874544; 0,9296206864528358; 0,09331685351207852; 0,6164170075207949
0,7631262212750565; 0,32132125878706574; 0,3845345084555447; 0,4118700181134045; 0,5948235923424363; 0,8580269538797438; 0,2457267469726503; 0,832004988566041; 0,4953250531107187; 0,5964487073943019; 0,596738766413182
0,6550285266765765; 0,7426766362041235; 0,6758566000498831; 0,7003812775947154; 0,21070170821622014; 0,5394929782487452; 0,004196342546492815; 0,824019362218678; 0,3899455377832055; 0,031574197579175234; 0,5645852237939835
0,5240327801990347; 0,8292437070049345; 0,17440829379484057; 0,5543786897324026; 0,35138990404084325; 0,7798664956353605; 0,8523418437689543; 0,03154042595997453; 0,9554672227241099; 0,09942851448431611; 0,3539504664950073
0,38242443597400255; 0,7943646865896881; 0,9570701010525227; 0,30425606248900294; 0,9540686872787774; 0,8971143402159214; 0,015932231675833464; 0,3336623669601977; 0,30685955565422773; 0,8818411836400628; 0,27103719487786293
0,5913892266062043; 0,2740294081158936; 0,4818819393403828; 0,6005846532061696; 0,7812656690366566; 0,7187990644015372; 0,15300147328525782; 0,2563738892786205; 0,505242399405688; 0,12616525404155254; 0,3703402462415397
0,6994152888198106; 0,07769183814525604; 0,17991918371990323; 0,4254774390719831; 0,28117047855630517; 0,2888255398720503; 0,12036475399509072; 0,07628294080495834; 0,5102963936515152; 0,2865516706369817; 0,8393483753316104
0,4400704607136197; 0,9933229093439877; 0,41496147215366364; 0,9703562860377133; 0,8236633855849504; 0,49397061206400394; 0,7641805885359645; 0,442662890534848; 0,4934617034159601; 0,6528718727640808; 0,43744906410574913
0,5910913461334218; 0,549227433744818; 0,43419578624889255; 0,8645832594484091; 0,3414450832642615; 0,046712887939065695; 0,3677578982897103; 0,15880083898082376; 0,2199769401922822; 0,5977217722684145; 0,9232426383532584
0,3053938751983773; 0,9870700612664223; 0,2778147370554507; 0,9921188638545573; 0,8653887580148876; 0,6435522772371769; 0,08590881898999214; 0,20372893009334803; 0,7258323542773724; 0,8888133643195033; 0,024977680761367083
0,8440243336676221; 0,05825798539444804; 0,21558526251465082; 0,6220414959825575; 0,7422530576586723; 0,9974811896681786; 0,30123321479186416; 0,13537608506157994; 0,7477887375280261; 0,5877531943842769; 0,2158075631596148
0,7760763948022769; 0,33195660961791873; 0,578041223809123; 0,7006785171106458; 0,4882531980983913; 0,9387938724830747; 0,7186640882864594; 0,9755465695634484; 0,45514256972819567; 0,14005210110917687; 0,2761231646873057
0,7728358941017281; 0,32915710704401135; 0,0013960464857518673; 0,9407273051328957; 0,21745020197704434; 0,49510530522093177; 0,6438264832831919; 0,7867307816632092; 0,6607176465913653; 0,1869133203290403; 0,017047477886080742
0,3939147207338249; 0,9581430442631245; 0,4793411190621555; 0,601152163464576; 0,4594176593236625; 0,775416936725378; 0,05160648887977004; 0,7412056718021631; 0,1664917031303048; 0,875461898278445; 0,36029456881806254
0,6730147105033187; 0,11325341602787375; 0,80920748738572; 0,8595982044935226; 0,388954802416265; 0,562149872072041; 0,002099673729389906; 0,6568633834831417; 0,37147009652107954; 0,5951030007563531; 0,8292264249175787
0,7392298678649237; 0,23876048903912306; 0,6515777800232172; 0,9788326313719153; 0,43065125308930874; 0,6626654625870287; 0,38196450704708695; 0,23516466654837132; 0,6672874162904918; 0,12673792196437716; 0,015432135667651892
0,44965374203815295; 0,6264942176640034; 0,5675417431630194; 0,2451052162796259; 0,6492813723161817; 0,03758351085707545; 0,7940073488280177; 0,05281597236171365; 0,06935009034350514; 0,8798145963810384; 0,043243951164186
0,8099409875887226; 0,17370236199349165; 0,2296458212658763; 0,031015806831419468; 0,610123987775296; 0,061596141662448645; 0,398084030020982; 0,9010882442817092; 0,9498195205815136; 0,8587079090066254; 0,9714632290415466
0,5065234773141545; 0,44665492977946997; 0,7314952895976603; 0,7604712154716253; 0,7106108223088086; 0,47511469386518; 0,8493778705596924; 0,41606819862499833; 0,539835489820689; 0,9806525623425841; 0,6465330366045237
0,3735481164687128; 0,8315595351159573; 0,795045951846987; 0,3174058152362704; 0,9296548282727599; 0,18919736286625266; 0,7280397303402424; 0,9001993872225285; 0,8958027195185423; 0,6781905349344015; 0,06347091216593981
0,6364177597145546; 0,42794390488415956; 0,075146425049752; 0,31950912345200777; 0,7346251364797354; 0,7393683986738324; 0,2883425671607256; 0,26117175025865436; 0,49157325737178326; 0,9723904002457857; 0,21675692778080702
0,6606766861964467; 0,5789257981814444; 0,3313916572369635; 0,8444002219475806; 0,017667122650891542; 0,20067141624167562; 0,8389614797197282; 0,3536256570369005; 0,4433873142115772; 0,7286622296087444; 0,36632875446230173
0,6769889346353007; 0,24444498913362622; 0,253066370729357; 0,712583766784519; 0,8360795504413545; 0,46741625433787704; 0,44455701392143965; 0,5950139239430428; 0,02243482368066907; 0,21335393283516169; 0,20596699556335807
0,62370793818425; 0,2277722740545869; 0,8019070229493082; 0,03509459039196372; 0,9321475136093795; 0,6871838099323213; 0,1762003251351416; 0,9828472756780684; 0,11372316582128406; 0,9071626951918006; 0,1186718768440187
0,6178754299418396; 0,23374025523662567; 0,7558734198100865; 0,9611565987579525; 0,887801073025912; 0,4147694446146488; 0,6765975682064891; 0,161639295052737; 0,9863470909185708; 0,894828790333122; 0,8900846145115793
0,4241174274662999; 0,7620775219984353; 0,21317135076969862; 0,28516964381560683; 0,3103903764858842; 0,19147555017843843; 0,5824769292958081; 0,8567858948372304; 0,22342595970258117; 0,17368875443935394; 0,31929648853838444
0,750394377843903; 0,2229426191188395; 0,574319604318589; 0,03523131879046559; 0,6965644545853138; 0,11249157506972551; 0,7287153038196266; 0,585878690239042; 0,7184855462983251; 0,795474358368665; 0,09880776656791568
0,6900451894701718; 0,4293398754671216; 0,6859821281395853; 0,26751301484182477; 0,0265487777069211; 0,13952672807499766; 0,40767825208604336; 0,9429107964970171; 0,663150661624968; 0,2956537390127778; 0,81112912716344
0,7865865027558443; 0,1716581112705171; 0,6340767554938793; 0,5917359907180071; 0,4077211795374751; 0,8026984962634742; 0,9758054190315306; 0,5578818153589964; 0,8927077138796449; 0,7730384720489383; 0,3113279137760401
0,5691000565122659; 0,29632362350821495; 0,925872053951025; 0,030278743244707584; 0,8158106938935816; 0,2714490322396159; 0,5239473953843117; 0,512390797957778; 0,5825525778345764; 0,24047577567398548; 0,6932208207435906
0,6824944582297626; 0,3276559445075691; 0,8401529653929174; 0,5831444705836475; 0,5718336175195873; 0,7961314874701202; 0,7487796028144658; 0,4279782432131469; 0,8862813413143158; 0,3230378641746938; 0,4221836565993726
0,6373603395074544; 0,4934525489807129; 0,53085309965536; 0,2556335497647524; 0,5487645887769759; 0,396486128680408; 0,8013487937860191; 0,01963140442967415; 0,3422850063070655; 0,20144281489774585; 0,843233906198293
0,6053611285858443; 0,9039862062782049; 0,3074945406988263; 0,9515277845785022; 0,8321040272712708; 0,4367032707668841; 0,6220641061663628; 0,8377776797860861; 0,14708388270810246; 0,07846001628786325; 0,46860893443226814
0,5915125592058909; 0,39581340132281184; 0,47943160217255354; 0,7527969279326499; 0,0060258908197283745; 0,770217658020556; 0,37191982800140977; 0,14304769644513726; 0,44554976653307676; 0,8139888169243932; 0,2446874976158142
0,6049813736329233; 0,9252839591354132; 0,8856803779490292; 0,24840052844956517; 0,11982384091243148; 0,03568964125588536; 0,20794994151219726; 0,6964008430950344; 0,7954204133711755; 0,8290170328691602; 0,0018691271543502808
0,7235555935415238; 0,5319671747274697; 0,2739532729610801; 0,252723990008235; 0,5739344544708729; 0,38751141307875514; 0,16485189460217953; 0,993933625984937; 0,029627882409840822; 0,9836381515488029; 0,30305650224909186
0,7016528250792835; 0,13261994905769825; 0,540160802192986; 0,05328159499913454; 0,9069923856295645; 0,3221018621698022; 0,9036350781098008; 0,9531653909943998; 0,5992187247611582; 0,382070732768625; 0,1362092741765082
0,3989156404256921; 0,7580586676485837; 0,40997159807011485; 0,4501923890784383; 0,6477690460160375; 0,9046492422930896; 0,06499474216252565; 0,6109386892057955; 0,5947211650200188; 0,7745739920064807; 0,8010984021238983
0,7635874084922005; 0,3869619211181998; 0,02927795657888055; 0,5760561381466687; 0,9736416027881205; 0,8952456638216972; 0,08089576940983534; 0,2727036108262837; 0,7262186934240162; 0,1674070912413299; 0,5721585480496287
0,47233086673645674; 0,659039159771055; 0,3518494823947549; 0,6591487620025873; 0,9894535038620234; 0,8895007772371173; 0,18015700206160545; 0,4069393058307469; 0,9507355159148574; 0,6369844037108123; 0,48022658936679363
0,528057538758785; 0,4793907981365919; 0,5743814231827855; 0,7283471603877842; 0,2518135430291295; 0,9400657620280981; 0,21163096651434898; 0,1715283957310021; 0,8621912449598312; 0,42413091100752354; 0,18921798281371593
0,5711425424424348; 0,31542628165334463; 0,2835904718376696; 0,7276583290658891; 0,05548608675599098; 0,6292109591886401; 0,13326949765905738; 0,6498026815243065; 0,04469406558200717; 0,20552600268274546; 0,9719883990474045
0,7030051899797471; 0,5795768117532134; 0,08645682223141193; 0,7878453922457993; 0,566034353338182; 0,9882680233567953; 0,9828653945587575; 0,7012911164201796; 0,12025863816961646; 0,10210293624550104; 0,03182008257135749
0,6235074214431535; 0,5182494167238474; 0,8168866443447769; 0,817954168189317; 0,9511986905708909; 0,16019018040969968; 0,011395798530429602; 0,9764918815344572; 0,017701089847832918; 0,24012464098632336; 0,4078431399539113
0,5627180323902329; 0,2940955678932369; 0,05854980135336518; 0,9532641475088894; 0,871242746245116; 0,8574733529239893; 0,23603834118694067; 0,5045904060825706; 0,06899843085557222; 0,8128453544341028; 0,5165714495815337
0,580190086063941; 0,3838594718836248; 0,23729645321145654; 0,34711303003132343; 0,17431758670136333; 0,4151643328368664; 0,6742961718700826; 0,08904179790988564; 0,22987449495121837; 0,06285818293690681; 0,28790457732975483
0,8490946885513984; 0,02236876729875803; 0,9643861283548176; 0,3655428937636316; 0,70756820961833; 0,49996610824018717; 0,5973212667740881; 0,3916437868028879; 0,7823619171977043; 0,34814300620928407; 0,563995597884059
0,3838552701924975; 0,8845493849366903; 0,42285975255072117; 0,7921484848484397; 0,28991278214380145; 0,15054828394204378; 0,31215974036604166; 0,8331508324481547; 0,1338473418727517; 0,3401662362739444; 0,3296781461685896
0,4652524822131324; 0,7901743650436401; 0,9676816156134009; 0,036155798472464085; 0,4495472898706794; 0,9966096431016922; 0,7792287920601666; 0,7624871823936701; 0,11631833482533693; 0,9235495855100453; 0,9658689023926854
0,6500054254425098; 0,655301982536912; 0,5133959306403995; 0,00962724070996046; 0,9282605480402708; 0,26656809309497476; 0,6599036515690386; 0,11472974810749292; 0,8862177385017276; 0,28606070997193456; 0,607781576924026
0,6469351848255348; 0,442586702760309; 0,421305937692523; 0,9736389084719121; 0,8726602979004383; 0,7727960287593305; 0,4807857610285282; 0,5023926426656544; 0,418987485114485; 0,0012560933828353882; 0,8620485728606582
0,6210789110084687; 0,7274495786987245; 0,7738318983465433; 0,3294571475125849; 0,9449086175300181; 0,6040213634259999; 0,5721350773237646; 0,4868739056400955; 0,6275066486559808; 0,19802476931363344; 0,10305014345794916
0,7151447568487228; 0,47469233395531774; 0,9827732150442898; 0,2757689217105508; 0,3402734873816371; 0,022293508518487215; 0,2747432067990303; 0,7777652004733682; 0,4414003868587315; 0,8666864428669214; 0,2146189585328102
0,633444631784878; 0,17588907573372126; 0,6312491619028151; 0,5163481514900923; 0,22375131212174892; 0,175254643894732; 0,2556976559571922; 0,7442439934238791; 0,7261764369904995; 0,4925049291923642; 0,584924194496125
0,7485780273931599; 0,1152679999358952; 0,5644428916275501; 0,2846576957963407; 0,19396572280675173; 0,2364615141414106; 0,34081387193873525; 0,89770083501935; 0,9082485213875771; 0,56488316366449; 0,22887606732547283
0,5283309945324053; 0,6329122488386929; 0,36215279111638665; 0,17646909691393375; 0,6670704432763159; 0,23867456056177616; 0,8129873448051512; 0,5813914658501744; 0,08825219888240099; 0,8956333864480257; 0,7967869960702956
0,5218572055120848; 0,9359411862678826; 0,270337977912277; 0,8752147373743355; 0,9812357020564377; 0,8523116707801819; 0,2229469451121986; 0,6605255072936416; 0,751373156439513; 0,5740073723718524; 0,19592389464378357
0,6860269880464727; 0,35840249294415116; 0,333920881152153; 0,338489921297878; 0,14627037988975644; 0,49133547814562917; 0,9670141851529479; 0,6033005034551024; 0,18903563730418682; 0,05022618127986789; 0,5439016753807664
0,5837663436199849; 0,6227924432605505; 0,5430199163965881; 0,3591787884943187; 0,22539034625515342; 0,8657750771380961; 0,30423823231831193; 0,5623112311586738; 0,18585637817159295; 0,9083563489839435; 0,6924648229032755
0,6912341601356979; 0,6392210414633155; 0,18747908109799027; 0,5921812769956887; 0,04969252413138747; 0,6925784796476364; 0,4194452208466828; 0,20383452903479338; 0,9899715352803469; 0,1655875421129167; 0,27525329450145364
0,7076919826406027; 0,007327662315219641; 0,539915275759995; 0,7497310498729348; 0,31089680921286345; 0,30750851705670357; 0,47905757650732994; 0,7128718267194927; 0,31017668219283223; 0,7785688894800842; 0,6316961608827114
0,5330083057938985; 0,8776347888633609; 0,5715362667106092; 0,8401828091591597; 0,7539113303646445; 0,2667588433250785; 0,3381737656891346; 0,19191795634105802; 0,9464657115750015; 0,8921220870688558; 0,153334507253021
0,6252500397376298; 0,10577740240842104; 0,7086799428798258; 0,25044462783262134; 0,37910296861082315; 0,8571884953416884; 0,06119515048339963; 0,6523828492499888; 0,6295690969564021; 0,9946492277085781; 0,6355790519155562
0,641546700741658; 0,06828844361007214; 0,9147866843268275; 0,12057081889361143; 0,08631011145189404; 0,8648570030927658; 0,30260918755084276; 0,7443266166374087; 0,4183692717924714; 0,5536512886174023; 0,4937328794039786
0,6656612692887908; 0,6277632624842227; 0,10902186995372176; 0,46685560373589396; 0,13494470762088895; 0,16614465741440654; 0,46444949554279447; 0,12022255174815655; 0,38217397360131145; 0,03346262825652957; 0,31049460684880614
0,6623331083526051; 0,40109672537073493; 0,7131796875037253; 0,21311248606070876; 0,6123244655318558; 0,5362636656500399; 0,6580541413277388; 0,9176605031825602; 0,49173862813040614; 0,6913630687631667; 0,6579811610281467
0,8291938632781494; 0,11447080783545971; 0,4548258841969073; 0,1780936955474317; 0,06014324352145195; 0,4880580045282841; 0,450461789034307; 0,8875131634995341; 0,754196425434202; 0,21827550092712045; 0,8085434390231967
0,5941476485125418; 0,547049421351403; 0,8296486241742969; 0,8927334947511554; 0,8076554541476071; 0,09541109437122941; 0,824536744505167; 0,399877343326807; 0,7395964139141142; 0,7602560161612928; 0,7127971919253469
0,7789335303047503; 0,1380549049936235; 0,18571497267112136; 0,9255910930223763; 0,5817955788224936; 0,041983384639024734; 0,4858753392472863; 0,049514510203152895; 0,11419989913702011; 0,92212143400684; 0,5136808189563453
0,6094032739686376; 0,9125077850185335; 0,085838932543993; 0,4754560817964375; 0,9921973189339042; 0,7744510709308088; 0,12184080202132463; 0,8620438342913985; 0,1540621481835842; 0,9511852646246552; 0,41996866185218096
0,6595208508448612; 0,7567544053308666; 0,3887664536014199; 0,5897118933498859; 0,8925932222045958; 0,9430906539782882; 0,6334914802573621; 0,5592303965240717; 0,4282292821444571; 0,9309189021587372; 0,18466510670259595
0,6051711152513545; 0,9234034032560885; 0,5110465143807232; 0,9119376339949667; 0,9672747105360031; 0,2280980688519776; 0,1489902725443244; 0,4176227143034339; 0,40229932591319084; 0,47489123372361064; 0,49802242778241634
0,5737253365350079; 0,36774653010070324; 0,8159536779858172; 0,23187552392482758; 0,7129022977314889; 0,8038428192958236; 0,05981831066310406; 0,8333818097598851; 0,3924306435510516; 0,9260703311301768; 0,3819900378584862
0,5098460679794238; 0,44370713271200657; 0,6508032535202801; 0,8651830428279936; 0,923042363487184; 0,16526719694957137; 0,33198749413713813; 0,4245559722185135; 0,8960511479526758; 0,7223387472331524; 0,01814114162698388
0,6959990249119816; 0,08008406963199377; 0,9288199166767299; 0,04792466154322028; 0,18330883979797363; 0,22032641666010022; 0,9270988339558244; 0,7750802827067673; 0,5132222645916045; 0,5057506025768816; 0,8700282070785761
0,7943026456005358; 0,2695336686447263; 0,8269631951116025; 0,5838075438514352; 0,6078026089817286; 0,8734138472937047; 0,5723806614987552; 0,646725453902036; 0,9720219392329454; 0,8992855492979288; 0,2863959465175867
0,48642507371634797; 0,5717793693765998; 0,8459107629023492; 0,5136716207489371; 0,25822550151497126; 0,8199419663287699; 0,3945746407844126; 0,10101908352226019; 0,5149805513210595; 0,43124250043183565; 0,11589811090379953
0,5204606607507378; 0,9046948808245361; 0,7909803530201316; 0,5434246468357742; 0,8009925014339387; 0,9806474214419723; 0,8625492192804813; 0,725289654918015; 0,10844459338113666; 0,7412562328390777; 0,880775585770607
0,7330749100508576; 0,23685732064768672; 0,2473248434253037; 0,5840961821377277; 0,6322428961284459; 0,5356836412101984; 0,20206626504659653; 0,6095629381015897; 0,9140547839924693; 0,45997907454147935; 0,5760489734821022
0,6018243227011428; 0,4259904334321618; 0,4964073724113405; 0,012382596265524626; 0,18702343618497252; 0,18069204548373818; 0,9565975796431303; 0,670364121440798; 0,5095442668534815; 0,6356754922308028; 0,28932971879839897
0,6481367183714805; 0,027774837333709; 0,05696761701256037; 0,4427669746801257; 0,713243973441422; 0,3258944312110543; 0,9616289366967976; 0,3072063787840307; 0,25189809082075953; 0,49082148540765047; 0,8811738197691739
0,4969623372396985; 0,5304202632978559; 0,1453210166655481; 0,414234786760062; 0,1836931831203401; 0,8945091804489493; 0,37266160687431693; 0,4338098424486816; 0,45389125030487776; 0,3972439677454531; 0,05365752289071679
0,8142861061884967; 0,07774939248338342; 0,9669910660013556; 0,11291693150997162; 0,9502688143402338; 0,8539052400738001; 0,28626497788354754; 0,08207187987864017; 0,7504114918410778; 0,8430325877852738; 0,85886539099738
0,4585108884759929; 0,8576816963031888; 0,7973926439881325; 0,6152296429499984; 0,7006725645624101; 0,8814314710907638; 0,13334335898980498; 0,2645476977340877; 0,04530070163309574; 0,7500997171737254; 0,958049466367811
0,5144328306246607; 0,4897102238610387; 0,6897773528471589; 0,2700223969295621; 0,6458210004493594; 0,20960765797644854; 0,17519438127055764; 0,4071901375427842; 0,40764143504202366; 0,10655468283221126; 0,977323898114264
0,511800526326451; 0,49389262357726693; 0,8086886960081756; 0,9265792206861079; 0,5947523708455265; 0,6087109227664769; 0,3942222888581455; 0,17110054241493344; 0,7485159048810601; 0,5259991432540119; 0,7400690102949739
0,40706584000950113; 0,9962775646708906; 0,7038707504980266; 0,04747713869437575; 0,0939239333383739; 0,5264767264015973; 0,7079142727889121; 0,5101428618654609; 0,7534201829694211; 0,4998575309291482; 0,0166304181329906
0,5933674779951191; 0,2591840741224587; 0,50904985005036; 0,2856935439631343; 0,25893273251131177; 0,8067084201611578; 0,7671778625808656; 0,5806290581822395; 0,6121736569330096; 0,44271018728613853; 0,6054600831121206
0,6566746620112418; 0,18441939260810614; 0,03484807861968875; 0,8272694437764585; 0,6999178770929575; 0,1732781552709639; 0,47868984984233975; 0,589129249099642; 0,29556521959602833; 0,7252553892321885; 0,599012918304652
0,7204595042819948; 0,5310527612455189; 0,613518594764173; 0,46869282610714436; 0,15897221490740776; 0,21400480112060905; 0,8409452172927558; 0,2584218787960708; 0,9691111585125327; 0,5293950913473964; 0,06305247079581022
0,5167438076834556; 0,42584156058728695; 0,15638703433796763; 0,6143194315955043; 0,6795490896329284; 0,8714803773909807; 0,6900343257002532; 0,04714032215997577; 0,09209960978478193; 0,008475206792354584; 0,5145584149286151
0,825592733432182; 0,020365779753774405; 0,5491359853185713; 0,8303991905413568; 0,5300482995808125; 0,21386248990893364; 0,10715046897530556; 0,40166180208325386; 0,40860911551862955; 0,6343947327695787; 0,7884488767012954
0,7735568354774413; 0,20530099980533123; 0,5369171774946153; 0,0898549067787826; 0,38244724133983254; 0,1328000808134675; 0,2017452851869166; 0,13059429312124848; 0,0033080955035984516; 0,8457394284196198; 0,7796799233183265
0,6393969744216694; 0,5767627852037549; 0,33151119155809283; 0,619577148463577; 0,5658126440830529; 0,21129579190164804; 0,5513904173858464; 0,9613661491312087; 0,6810721871443093; 0,1371020986698568; 0,5661240355111659
0,5269807737996697; 0,5287392684258521; 0,9902920788154006; 0,09199696872383356; 0,9163443217985332; 0,715657175052911; 0,3284541852772236; 0,16430475795641541; 0,4239558461122215; 0,4447060232050717; 0,5337504730559886
0,38356942852135867; 0,8671009065583348; 0,9518161066807806; 0,2530750809237361; 0,8361199870705605; 0,849233606364578; 0,48309931345283985; 0,46220960235223174; 0,9940798152238131; 0,11336957244202495; 0,021931633818894625
0,6092626346915256; 0,9133320320397615; 0,9674718659371138; 0,772780476603657; 0,17126970645040274; 0,2593807610683143; 0,8310468657873571; 0,7131055318750441; 0,36758096190169454; 0,16874762065708637; 0,020585753954946995
0,5955651288934986; 0,7641809438355267; 0,3217991506680846; 0,877857540268451; 0,7971016229130328; 0,02149630058556795; 0,36655109841376543; 0,4042226690798998; 0,8637673831544816; 0,8705487344413996; 0,1902175499126315
0,46866535221749756; 0,5563830472528934; 0,6740210503339767; 0,5670931600034237; 0,19128583371639252; 0,7796206958591938; 0,062350170221179724; 0,9648669539019465; 0,030634311493486166; 0,41373144928365946; 0,8430306017398834
0,8053201220571468; 0,17187588335946202; 0,5873866793699563; 0,6752931736409664; 0,9910569614730775; 0,8200568733736873; 0,6878964402712882; 0,11057602474465966; 0,3082923134788871; 0,89967903168872; 0,5973822008818388
0,48617109762393423; 0,9390809894539416; 0,8723357887938619; 0,6973749175667763; 0,35864698933437467; 0,5922803091816604; 0,7605766905471683; 0,28889254899695516; 0,5690469639375806; 0,9772497154772282; 0,5655651087872684
0,6727198748345165; 0,4930219706147909; 0,5277826571837068; 0,08177538914605975; 0,7619324368424714; 0,03692430863156915; 0,4065416124649346; 0,02068805042654276; 0,7148204329423606; 0,1323667773976922; 0,8159572347067297
0,47244919446708983; 0,5412189848721027; 0,8122607632540166; 0,9705383381806314; 0,24130023922771215; 0,8602007343433797; 0,5667899930849671; 0,7525554192252457; 0,8266667574644089; 0,7464391659013927; 0,9000050346367061
0,8024028737786603; 0,11712927557528019; 0,8046047817915678; 0,7773256772197783; 0,08052173256874084; 0,9136501746252179; 0,9439511308446527; 0,7575406120158732; 0,23869596887379885; 0,952686695381999; 0,209996635094285
0,6684243179622003; 0,5192730324342847; 0,3769375719130039; 0,5323430225253105; 0,6800224236212671; 0,3265402731485665; 0,7721226015128195; 0,44269003672525287; 0,440807469189167; 0,8905013343319297; 0,4112595566548407
0,44414963273219865; 0,7221522214822471; 0,061064434703439474; 0,3208476291038096; 0,4695319407619536; 0,2152856895700097; 0,2183296107687056; 0,4844089029356837; 0,6138704363256693; 0,2983236978761852; 0,3445820650085807
0,6746932074188505; 0,20946026919409633; 0,6170508656650782; 0,15470594353973866; 0,7948841527104378; 0,026121146976947784; 0,13330084597691894; 0,8210950391367078; 0,9582606079056859; 0,5528527121059597; 0,6857515145093203
0,33955218467602316; 0,9011345813050866; 0,5902131400071084; 0,1451203734613955; 0,8755694101564586; 0,50770667148754; 0,8402876597829163; 0,7771701142191887; 0,053034454584121704; 0,2680693669244647; 0,47751040291041136
0,6781974294254423; 0,09520990122109652; 0,5313856126740575; 0,7983502615243196; 0,2741250446997583; 0,6367071741260588; 0,4223840166814625; 0,6445111185312271; 0,5450048721395433; 0,815660335123539; 0,7161818780004978
0,5363601551141293; 0,9005531119182706; 0,2741143968887627; 0,9322249316610396; 0,8961718073114753; 0,3413412128575146; 0,45130980387330055; 0,6862145327031612; 0,09141368279233575; 0,31775918742641807; 0,4208213812671602
0,690175961763248; 0,6051520965993404; 0,7332344660535455; 0,18429186521098018; 0,5769447083584964; 0,31398154934868217; 0,25314034102484584; 0,0024791304022073746; 0,028224011417478323; 0,3701493660919368; 0,4426280609332025
0,5384702976498246; 0,3873043907806277; 0,6614965419284999; 0,902423158288002; 0,09058085549622774; 0,27461624843999743; 0,3193290042690933; 0,6243602586910129; 0,039179529063403606; 0,14999911235645413; 0,5396925271488726
0,4464503988452208; 0,6456189602613449; 0,5709979417733848; 0,5307963076047599; 0,2787432190962136; 0,8506769128143787; 0,17288423981517553; 0,7191156032495201; 0,13450860045850277; 0,8356649097986519; 0,9128532386384904
0,481815712156371; 0,9299105727113783; 0,7031892212107778; 0,06389301735907793; 0,4901146902702749; 0,9027111483737826; 0,4497407632879913; 0,7222441183403134; 0,021008168812841177; 0,13574401382356882; 0,2507316074334085
0,5553097594333946; 0,870003676507622; 0,8654762879014015; 0,9945189082063735; 0,7543035922572017; 0,8545633354224265; 0,4735900480300188; 0,25307343853637576; 0,3147030770778656; 0,6871049255132675; 0,2456029518507421
0,775564589655284; 0,20411665551364422; 0,9025730080902576; 0,4752231487073004; 0,7191392472013831; 0,5449677393771708; 0,0786387836560607; 0,17374630877748132; 0,34382336074486375; 0,7934510931372643; 0,826075647957623
0,8111744031171302; 0,17139582755044103; 0,33563911775127053; 0,38340924540534616; 0,48750230530276895; 0,3233310114592314; 0,3967319861985743; 0,24292039684951305; 0,14642837038263679; 0,34503500955179334; 0,7380613218992949
0,7004779995464606; 0,008793449029326439; 0,7708884966559708; 0,23538492526859045; 0,051547905895859; 0,05173652898520231; 0,06228780606761575; 0,13624229794368148; 0,7450683484785259; 0,2799821118824184; 0,8456770530901849
0,3184846803781012; 0,9864781256765127; 0,6407632627524436; 0,518673743121326; 0,6827267166227102; 0,1146260378882289; 0,940430257935077; 0,2962373667396605; 0,8668590346351266; 0,005376187153160572; 0,9379329872317612
0,6972215144103637; 0,04105356242507696; 0,5162966363132; 0,530825269408524; 0,5816929587163031; 0,5529972962103784; 0,4080907739698887; 0,8102370277047157; 0,08196107344701886; 0,06528512388467789; 0,7401718804612756
0,7034707824703709; 0,1799244419671595; 0,8791233408264816; 0,2701589558273554; 0,15253709582611918; 0,4586304579861462; 0,8951314412988722; 0,906663560308516; 0,6642407444305718; 0,5942745017819107; 0,2752496087923646
0,7057881925298936; 0,46701197046786547; 0,5039262790232897; 0,04035286046564579; 0,9795391643419862; 0,9904780648648739; 0,466880252584815; 0,8514762707054615; 0,23233345104381442; 0,7254051622003317; 0,8939755707979202
0,3284383345433484; 0,9370174598880112; 0,02275658119469881; 0,11436529830098152; 0,1447589499875903; 0,7812649118714035; 0,3371248827315867; 0,45101051963865757; 0,1300144880078733; 0,9349192776717246; 0,8384405211545527
0,7272385655213951; 0,0563667812384665; 0,4191282279789448; 0,1980264550074935; 0,7682940158993006; 0,7297924035228789; 0,5558229824528098; 0,20170702505856752; 0,5074980934150517; 0,6502873990684748; 0,48339422419667244
0,7387534132568582; 0,3150209039449692; 0,5458607976324856; 0,8956659808754921; 0,38563617318868637; 0,1046619270928204; 0,4895857274532318; 0,7901235125027597; 0,37593549164012074; 0,1339488159865141; 0,9537005750462413
0,718577054398108; 0,07325159898027778; 0,5976569396443665; 0,9100653645582497; 0,19046112708747387; 0,1522757508791983; 0,743137895129621; 0,5259594661183655; 0,6493531428277493; 0,3648117049597204; 0,06765116704627872
0,4355188857018437; 0,7398201413452625; 0,9807357518002391; 0,5211810069158673; 0,09401945024728775; 0,50873420573771; 0,9477771213278174; 0,09318135725334287; 0,5121348612010479; 0,8886005794629455; 0,10961345816031098
0,3567860837371946; 0,8702571545727551; 0,5259228008799255; 0,7441200511530042; 0,8675143271684647; 0,2818894376978278; 0,8441466703079641; 0,5746256611309946; 0,8989351163618267; 0,8796626105904579; 0,9639837327413261
0,5114261838936557; 0,6906420798040926; 0,3278096728026867; 0,24698370601981878; 0,9538018419407308; 0,16950853960588574; 0,1334762223996222; 0,8063261732459068; 0,3478664308786392; 0,32882857182994485; 0,17394722858443856
0,5675776972853087; 0,7240433502011001; 0,5559392576105893; 0,6661245208233595; 0,7202739445492625; 0,8375583123415709; 0,7829304593615234; 0,3571363966912031; 0,9856625287793577; 0,4784551812335849; 0,7602569228038192
0,365331018294592; 0,9479941264726222; 0,6745250280946493; 0,21491640992462635; 0,9568350105546415; 0,4770820988342166; 0,7311784839257598; 0,6645991620607674; 0,7758924518711865; 0,673887228127569; 0,3885591756552458
0,44469676278468273; 0,8152668694965541; 0,06564378552138805; 0,632861441001296; 0,016445948742330074; 0,4974440485239029; 0,12026069033890963; 0,6439396515488625; 0,05931849265471101; 0,6961924396455288; 0,9046887690201402
0,4708202196991982; 0,5467627374455333; 0,9935653782449663; 0,5050539909861982; 0,6662506842985749; 0,8949801167473197; 0,781442110426724; 0,06690203864127398; 0,7510324832983315; 0,8086748151108623; 0,3871733429841697
0,5785498777865941; 0,44434860441833735; 0,676024598069489; 0,28295052982866764; 0,7721201367676258; 0,6981507884338498; 0,38261390570551157; 0,321277379989624; 0,8527359506115317; 0,7207174454815686; 0,31013731146231294
0,3686847062960372; 0,8948041484691203; 0,3470695544965565; 0,9038756699301302; 0,504427039064467; 0,9190979618579149; 0,4975622962228954; 0,7301451032981277; 0,16924793366342783; 0,5651065721176565; 0,9346408699639142
0,8513112290634907; 0,011996394954621792; 0,712358336430043; 0,44399991631507874; 0,7337762098759413; 0,15931166987866163; 0,46543112909421325; 0,28280395455658436; 0,2062841048464179; 0,34900015173479915; 0,1164268022403121
0,5421766050088952; 0,47835235157981515; 0,21754669398069382; 0,6871285797096789; 0,7594238664023578; 0,07680024672299623; 0,6786137749440968; 0,2442693538032472; 0,6904083606787026; 0,9189449544064701; 0,5426313751377165
0,5860554289056793; 0,9624324436299503; 0,696449460927397; 0,6550052585080266; 0,38519455306231976; 0,6045474177226424; 0,4861915176734328; 0,6578372069634497; 0,17028331803157926; 0,6763742309994996; 0,4099895223043859
0,5251418850912608; 0,5051577328704298; 0,08916496811434627; 0,5528879114426672; 0,29750631703063846; 0,360491955652833; 0,8361668577417731; 0,04357478208839893; 0,054531930945813656; 0,09451945684850216; 0,7135730544105172
0,7325879443094893; 0,5039331871084869; 0,13757730228826404; 0,663752886466682; 0,481910671107471; 0,9602030129171908; 0,0828599501401186; 0,8809490031562746; 0,4127269955351949; 0,8868158212862909; 0,2731497101485729
0,5855032542543059; 0,540439416654408; 0,629266005475074; 0,44196569407358766; 0,3631737744435668; 0,02783197397366166; 0,10754909180104733; 0,30749173322692513; 0,8337805354967713; 0,17355097411200404; 0,457252467982471
0,7020130524688684; 0,5212541148066521; 0,7710447269491851; 0,5273026102222502; 0,5002226470969617; 0,5126261967234313; 0,3710200618952513; 0,1953820399940014; 0,7784077040851116; 0,6206866945140064; 0,10064960643649101
0,8382707122680205; 0,05718140071257949; 0,8940105084329844; 0,31288253841921687; 0,41217150911688805; 0,4910865551792085; 0,4672155058942735; 0,9358762525953352; 0,6554421246983111; 0,3963345130905509; 0,786043091211468
0,6903121223438932; 0,5404799170792103; 0,45349984569475055; 0,6321930987760425; 0,7226789821870625; 0,828404454048723; 0,3954556160606444; 0,4987797010689974; 0,800423514097929; 0,5439418689347804; 0,0434654843993485
0,3171227770753009; 0,9583957325667143; 0,4893935723230243; 0,03594888187944889; 0,02518467605113983; 0,22052315482869744; 0,008483155630528927; 0,5786096681840718; 0,02723727375268936; 0,6237803101539612; 0,7592091169208288
0,42953896156840865; 0,6609712024219334; 0,40307117253541946; 0,4688802855089307; 0,4041691296733916; 0,39070922089740634; 0,49733608635142446; 0,2623774344101548; 0,5996172265149653; 0,8199905157089233; 0,14099313039332628
0,5804443552969883; 0,24411501549184322; 0,6347443754784763; 0,14115261053666472; 0,7572964965365827; 0,0507569364272058; 0,3517708545550704; 0,4160339329391718; 0,3558431565761566; 0,6459009749814868; 0,5717720007523894
0,43127358621847983; 0,9419688759371638; 0,437242291867733; 0,01948434580117464; 0,421858225017786; 0,7420603102073073; 0,667673937510699; 0,28752719471231103; 0,8351709912531078; 0,829745527356863; 0,10217040730640292
0,5729072455638148; 0,5317526943981647; 0,20102274371311069; 0,711036313790828; 0,5769477956928313; 0,11552739795297384; 0,6197552438825369; 0,10896810656413436; 0,11957569606602192; 0,6022228789515793; 0,2749542612582445
0,569269280938806; 0,46528460597619414; 0,5483483816497028; 0,2995810634456575; 0,06920132366940379; 0,5003856257535517; 0,03723263554275036; 0,8056417754851282; 0,4035218362696469; 0,17266230378299952; 0,39620169438421726
0,5319487947943476; 0,3719636145979166; 0,3196245525032282; 0,8812187570147216; 0,9345577983185649; 0,471166864503175; 0,7494413149543107; 0,8885872797109187; 0,9575696936808527; 0,4964103111997247; 0,10836123069748282
0,6844616760035335; 0,16923473356291652; 0,768835345748812; 0,12066743755713105; 0,9094305071048439; 0,3301261207088828; 0,012264978606253862; 0,23639170126989484; 0,33885939326137304; 0,10290861548855901; 0,027452779468148947
0,7099610273008987; 0,10467233089730144; 0,7155765718780458; 0,4236317225731909; 0,32183210691437125; 0,08835765579715371; 0,1276270542293787; 0,8288122504018247; 0,6082517956383526; 0,47292128298431635; 0,2213422292843461
0,5453614755859286; 0,5211412562057376; 0,6793408654630184; 0,3749965555034578; 0,15702184615656734; 0,8770924746058881; 0,026433903258293867; 0,6549649140797555; 0,10764406062662601; 0,6977726924233139; 0,592698818538338
0,7511531882885849; 0,4329822240397334; 0,0011576376855373383; 0,7325562601909041; 0,9594181911088526; 0,14441354759037495; 0,4805100248195231; 0,5273939166218042; 0,5701910732313991; 0,46357176871970296; 0,09917118959128857
0,5226581137701052; 0,5183113189414144; 0,8293433645740151; 0,7809658525511622; 0,7726889103651047; 0,7504512742161751; 0,41892779571935534; 0,7791936816647649; 0,4590394743718207; 0,34441407956182957; 0,7669741120189428
0,3865890541915136; 0,7960578785277903; 0,6358017409220338; 0,6514753587543964; 0,6319963322021067; 0,21898326883092523; 0,5167305152863264; 0,10802678531035781; 0,9357781657017767; 0,6779603715986013; 0,4203278352506459
0,748634371469593; 0,29782111616805196; 0,8570039658807218; 0,005088469944894314; 0,7451112931594253; 0,008606696501374245; 0,985504218377173; 0,5927598127163947; 0,8346254816278815; 0,4662953866645694; 0,858160883653909
0,6696598018589794; 0,7059857146814466; 0,19352879282087088; 0,7433043872006238; 0,9016971266828477; 0,5384400268085301; 0,8824390317313373; 0,08903905050829053; 0,3620510627515614; 0,42549311742186546; 0,6949243629351258
0,35648598945685145; 0,9862387869507074; 0,8592206360772252; 0,874807724263519; 0,35183204989880323; 0,46264024125412107; 0,015611646696925163; 0,2752921557985246; 0,5700251306407154; 0,6062361164949834; 0,3819831623695791
0,4085611970815642; 0,9195208516903222; 0,07479530433192849; 0,10273460345342755; 0,2132833288051188; 0,9434399297460914; 0,8041078853420913; 0,6931011355482042; 0,29269524198025465; 0,5646211975254118; 0,5520251407288015
0,5726084822859386; 0,27119275741279125; 0,4927204200066626; 0,7167819566093385; 0,714963907841593; 0,579387504607439; 0,9902090160176158; 0,700739748775959; 0,23075766302645206; 0,22917825868353248; 0,20481245405972004
