 y; x1; x2; x3; x4; x5; x6; x7; x8; x9; x10
0,987545320506651; 0,6314071831293404; 0,6667466964572668; 0,29795470274984837; 0,34062833711504936; 0,9066715878434479; 0,23894407600164413; 0,27350808260962367; 0,5415349723771214; 0,7481094752438366; 0,8448937912471592
0,27279489705212817; 0,7272374229505658; 0,1264237491413951; 0,7444490673951805; 0,19525357196107507; 0,9172559180296957; 0,12967409612610936; 0,24241751339286566; 0,9344654427841306; 0,5617323964834213; 0,23777405358850956
0,10389464884575983; 0,4804791947826743; 0,35979063995182514; 0,7450373605825007; 0,45598758896812797; 0,045847096014767885; 0,5577402040362358; 0,9033158770762384; 0,3085695868358016; 0,6278281402774155; 0,4365361132659018
0,9905801144805155; 0,45424364507198334; 0,7865944723598659; 0,6379363494925201; 0,7900866661220789; 0,9581660884432495; 0,8091681096702814; 0,0777620431035757; 0,7521493476815522; 0,4047008906491101; 0,5214342167600989
0,8832386302819736; 0,8376796683296561; 0,4442151887342334; 0,7666641590185463; 0,6442200876772404; 0,8856709292158484; 0,3242659233510494; 0,7165853176265955; 0,3075747964903712; 0,4633425367064774; 0,2360647260211408
0,9745658126567261; 0,102289117872715; 0,7380923293530941; 0,14884896203875542; 0,4369348641484976; 0,036724052391946316; 0,15732765896245837; 0,8479662723839283; 0,3818694865331054; 0,3608835875056684; 0,25088120345026255
0,8873276565124174; 0,22992942528799176; 0,2967552519403398; 0,0009679500944912434; 0,5567888766527176; 0,31921294424682856; 0,8591711414046586; 0,13004328683018684; 0,8856528135947883; 0,052367898635566235; 0,26082073152065277
-0,7681777748387236; 0,21423922758549452; 0,021326887421309948; 0,214791146107018; 0,3612731280736625; 0,6616168646141887; 0,0036083548329770565; 0,8229046096093953; 0,42286070715636015; 0,22076190635561943; 0,35885109286755323
-0,9952821497472675; 0,7770230555906892; 0,6798335267230868; 0,5331657095812261; 0,24323802022263408; 0,6831390541046858; 0,29892645590007305; 0,1640317332930863; 0,1929905735887587; 0,557149420492351; 0,9407646618783474
0,9987222017493199; 0,2155841183848679; 0,2265131906606257; 0,7347523905336857; 0,8830197788774967; 0,31501237070187926; 0,5610714657232165; 0,9614190724678338; 0,47339088935405016; 0,05403975071385503; 0,5659508118405938
0,057290454230271876; 0,60370531398803; 0,3844872461631894; 0,7636299333535135; 0,25840218225494027; 0,7270620325580239; 0,7121226461604238; 0,621508723590523; 0,9077660865150392; 0,3363359500654042; 0,5540644745342433
0,9939088562512772; 0,7933723395690322; 0,22006411151960492; 0,7467943294905126; 0,5413289456628263; 0,574440507683903; 0,10609592264518142; 0,7953264294192195; 0,8960849717259407; 0,014892261009663343; 0,3140359097160399
0,6217019676681608; 0,3085290137678385; 0,5226559499278665; 0,9752564039081335; 0,5545887271873653; 0,11569035239517689; 0,998244559392333; 0,33482340490445495; 0,0828923899680376; 0,9034310886636376; 0,49596039950847626
-0,7885322430583173; 0,6104652741923928; 0,29622148955240846; 0,5873272097669542; 0,3222447778098285; 0,9531270801089704; 0,0875385976396501; 0,34726982889696956; 0,9929005275480449; 0,04218487022444606; 0,35783167835325
0,7151290633011587; 0,21274835523217916; 0,7344853295944631; 0,8227723818272352; 0,36884241038933396; 0,866961260791868; 0,34637283626943827; 0,5136425485834479; 0,7481983592733741; 0,9152653976343572; 0,9257468674331903
0,9808898198216459; 0,6188898514956236; 0,4355075368657708; 0,9492988754063845; 0,9453204865567386; 0,06652839994058013; 0,584248676430434; 0,3019909719005227; 0,7288544713519514; 0,9209833336062729; 0,9564542598091066
-0,6695446796500772; 0,7601952287368476; 0,7876917268149555; 0,055272361263632774; 0,17047582287341356; 0,035760825499892235; 0,9420273210853338; 0,8029897920787334; 0,7668533832766116; 0,9403395703993738; 0,27235243702307343
0,9672222950079263; 0,05288213863968849; 0,3032174208201468; 0,42879409482702613; 0,9331422164104879; 0,6809622878208756; 0,11812737490981817; 0,34435491962358356; 0,6464300760999322; 0,5870193475857377; 0,39176098443567753
0,9575112619202817; 0,004610756877809763; 0,2797326357103884; 0,8995393239893019; 0,818859389051795; 0,627499951981008; 0,015294472686946392; 0,6432184721343219; 0,44910058146342635; 0,7981631238944829; 0,6146561619825661
0,9937778195178529; 0,4633960500359535; 0,7807934251613915; 0,6582086882553995; 0,8957272167317569; 0,6032123509794474; 0,3038169639185071; 0,8985364935360849; 0,4447265546768904; 0,5417535277083516; 0,9398560607805848
0,9753515870807112; 0,14330257009714842; 0,5976594444364309; 0,5679885572753847; 0,7016479945741594; 0,9286862430162728; 0,45913919247686863; 0,8469979418441653; 0,576635539997369; 0,5476562497206032; 0,659038944169879
0,9936509849734588; 0,8428845088928938; 0,7153573594987392; 0,6352343270555139; 0,7344230655580759; 0,31668532406911254; 0,9172066999599338; 0,7411426692269742; 0,09446567995473742; 0,858146486338228; 0,25214481353759766
0,9763202735450462; 0,13042640686035156; 0,3050940716639161; 0,9333825623616576; 0,792399023193866; 0,9668800476938486; 0,42257661931216717; 0,07383219338953495; 0,05247541470453143; 0,815142372623086; 0,8256053174845874
-0,993809330938093; 0,9601858607493341; 0,507537932600826; 0,22130837850272655; 0,234574138186872; 0,7370474874041975; 0,30366329941898584; 0,28243204206228256; 0,11114457063376904; 0,8447021851316094; 0,4499229206703603
0,9870388834252158; 0,3163400562480092; 0,8233668305911124; 0,9761552922427654; 0,9803680842742324; 0,46393974078819156; 0,893646580632776; 0,21657835273072124; 0,029326303396373987; 0,33636768255382776; 0,5083526084199548
0,7482060758146598; 0,22471188427880406; 0,18899925891309977; 0,528377546928823; 0,12435305584222078; 0,07375562796369195; 0,19401051150634885; 0,6579880961216986; 0,10461248690262437; 0,015766530763357878; 0,37751877307891846
0,8472703934099833; 0,280040071811527; 0,38380406983196735; 0,1765801478177309; 0,3956524124369025; 0,6547531536780298; 0,7632879368029535; 0,30088970996439457; 0,3893898380920291; 0,16899033449590206; 0,8687326163053513
0,6532239785704679; 0,67106395913288; 0,6917326762340963; 0,5544696929864585; 0,4705616203136742; 0,521584699396044; 0,6198409963399172; 0,6194174052216113; 0,3238296848721802; 0,8878225176595151; 0,07089922577142715
0,9852824934722589; 0,11192396562546492; 0,481016016099602; 0,8534439648501575; 0,9800051529891789; 0,8672799239866436; 0,7292017806321383; 0,7333113919012249; 0,302198545075953; 0,6357464524917305; 0,4924310836941004
0,7230979736847876; 0,09180476050823927; 0,7359033958055079; 0,11024415818974376; 0,11138877784833312; 0,05545977829024196; 0,5726672802120447; 0,28432359965518117; 0,29109774250537157; 0,819464900996536; 0,5645668590441346
0,9793597838573408; 0,575164956972003; 0,9525066413916647; 0,3791571380570531; 0,7953652977012098; 0,6595134395174682; 0,8770729280076921; 0,01166802691295743; 0,1258747586980462; 0,15261565195396543; 0,9708226169459522
0,9424658548637042; 0,12483036890625954; 0,9551856885664165; 0,36208224575966597; 0,6028652787208557; 0,13687063567340374; 0,9302796856500208; 0,21923923445865512; 0,03631714591756463; 0,39271031273528934; 0,7385237836278975
0,42228167652581766; 0,5211249985732138; 0,9293431248515844; 0,7970876102335751; 0,06213976349681616; 0,7883850503712893; 0,43332806322723627; 0,8016367936506867; 0,5067943171598017; 0,8355950186960399; 0,8072715140879154
0,9663084518016372; 0,7580836899578571; 0,6598353823646903; 0,19497744739055634; 0,7031818451359868; 0,974379874765873; 0,029798338655382395; 0,4042555736377835; 0,808999081607908; 0,6903306171298027; 0,6950885839760303
0,9882297963121728; 0,23964760079979897; 0,15567137580364943; 0,351809015031904; 0,37598729645833373; 0,5652574608102441; 0,4032521643675864; 0,7414262918755412; 0,8449086337350309; 0,9277098020538688; 0,3388037905097008
0,9897031399655195; 0,6066976650618017; 0,11293761897832155; 0,013986197765916586; 0,5405899127945304; 0,5835828515700996; 0,761922369711101; 0,39827096881344914; 0,8084456268697977; 0,4661820768378675; 0,8718614336103201
0,9995521640685989; 0,07706784689798951; 0,43516722274944186; 0,6457735560834408; 0,9075126526877284; 0,18581013614311814; 0,47390935756266117; 0,34178114496171474; 0,16674053017050028; 0,557083333376795; 0,40569700626656413
-0,4927791717300627; 0,7764497147873044; 0,5671911854296923; 0,964166050311178; 0,3071891777217388; 0,6398861240595579; 0,6620815973728895; 0,7635401426814497; 0,5707424157299101; 0,2990893949754536; 0,0814348990097642
0,4250774235457335; 0,42665278632193804; 0,12182753626257181; 0,8578844326548278; 0,03421295853331685; 0,6745817889459431; 0,20180893829092383; 0,10787934716790915; 0,012570731807500124; 0,14651796640828252; 0,3489885302260518
0,9658297241776596; 0,6753861214965582; 0,06548228161409497; 0,14809878403320909; 0,7739590955898166; 0,35374427819624543; 0,3196700499393046; 0,2275057784281671; 0,9287098315544426; 0,7577678714878857; 0,24605942936614156
0,5666980486164079; 0,9163851202465594; 0,9701940580271184; 0,812758925370872; 0,0009202016517519951; 0,16490993415936828; 0,15036743972450495; 0,44520898861810565; 0,5715994914062321; 0,01845030626282096; 0,815596881788224
0,39318867342023134; 0,41091034142300487; 0,34601758467033505; 0,5845713051967323; 0,0713425986468792; 0,9406275106593966; 0,0487390598282218; 0,6709318892098963; 0,6469471715390682; 0,19706044904887676; 0,9320119326002896
0,9999729792776231; 0,33364692563191056; 0,011766523588448763; 0,6473762444220483; 0,5376295088790357; 0,5772366770543158; 0,5383437052369118; 0,9942028704099357; 0,3986223260872066; 0,8563088728114963; 0,8351443293504417
0,9967829381438982; 0,03986146207898855; 0,05017823912203312; 0,43352438136935234; 0,8579849796369672; 0,4525541514158249; 0,7385961208492517; 0,03898977069184184; 0,955473177600652; 0,3254723041318357; 0,2902210964821279
0,9870103924448678; 0,6083761327899992; 0,6289644045755267; 0,3854164918884635; 0,4668644778430462; 0,09416829468682408; 0,6556794536300004; 0,5643691909499466; 0,7728780512697995; 0,028532181400805712; 0,4579285164363682
0,9605509113080952; 0,2148080002516508; 0,16225455002859235; 0,2528179553337395; 0,8839730680920184; 0,2194179897196591; 0,3666214472614229; 0,8458883021958172; 0,3524619392119348; 0,23558220360428095; 0,7154320729896426
-0,397789324297179; 0,05867293290793896; 0,5083461878821254; 0,7803549282252789; 0,2698357277549803; 0,3855539783835411; 0,9679386247880757; 0,1029571583494544; 0,7546453978866339; 0,24681104440242052; 0,6205992363393307
0,9788486758753083; 0,3729006238281727; 0,11527108168229461; 0,3593135438859463; 0,2265263143926859; 0,8289380921050906; 0,8536258288659155; 0,36815495463088155; 0,5393289914354682; 0,9572935686446726; 0,08865588018670678
0,4383648885545638; 0,6955865491181612; 0,7020084783434868; 0,8061020104214549; 0,28662064159289; 0,45651025976985693; 0,4411782966926694; 0,3519603507593274; 0,9265144662931561; 0,4635953875258565; 0,5619375170208514
0,8131629814528866; 0,018997938837856054; 0,40983366314321756; 0,43451741384342313; 0,22524580638855696; 0,8319734935648739; 0,9217493240721524; 0,3789710341952741; 0,07992187840864062; 0,12897701282054186; 0,45987887773662806
-0,7048624690476877; 0,20326686510816216; 0,5617995983920991; 0,5460695610381663; 0,16471817903220654; 0,32905821362510324; 0,28994277911260724; 0,5999624710530043; 0,890682312194258; 0,35068495757877827; 0,8749586609192193
-0,7472402736414382; 0,993487989064306; 0,02198191126808524; 0,43320527812466025; 0,35348248155787587; 0,04949686676263809; 0,05005096457898617; 0,33679452491924167; 0,8884049076586962; 0,6915640882216394; 0,23549288790673018
0,9678006440241513; 0,6668370440602303; 0,23932503117248416; 0,872760945931077; 0,6573798158206046; 0,6770453355275095; 0,7000282006338239; 0,027256181463599205; 0,992449430283159; 0,7686556586995721; 0,8732069367542863
0,5275663406244361; 0,045685339253395796; 0,4903536634519696; 0,5517801265232265; 0,006538141053169966; 0,6084570465609431; 0,8498187102377415; 0,3709864001721144; 0,23792295949533582; 0,7229660460725427; 0,05049416748806834
0,6667448426576692; 0,5790324127301574; 0,9279211862012744; 0,9645856888964772; 0,5746444743126631; 0,8664821572601795; 0,3130034562200308; 0,8708838443271816; 0,5765082756988704; 0,7505910829640925; 0,5923661049455404
0,9471540100923215; 0,847329287789762; 0,9804951110854745; 0,05943363578990102; 0,700675040949136; 0,24478804459795356; 0,7834322405979037; 0,49744800198823214; 0,21794632729142904; 0,35308711929246783; 0,9189940756186843
0,9999982172621772; 0,3267528712749481; 0,24860971327871084; 0,47980945836752653; 0,5350001137703657; 0,9206083388999104; 0,9454089025966823; 0,18104972504079342; 0,037745590787380934; 0,5173134473152459; 0,2700611352920532
0,8442971832467545; 0,6276454613544047; 0,8976981788873672; 0,07977215852588415; 0,27260926598683; 0,5598951443098485; 0,08742295950651169; 0,36261889385059476; 0,33522757748141885; 0,4450560505501926; 0,4272122965194285
0,9003205398726286; 0,5851618247106671; 0,2892081285826862; 0,2632603496313095; 0,7538460078649223; 0,2368011805228889; 0,23353840969502926; 0,320210927631706; 0,43871634686365724; 0,7033760016784072; 0,7804108955897391
0,9763748544071572; 0,3635899615474045; 0,31984037067741156; 0,40377994207665324; 0,9063984071835876; 0,08294493798166513; 0,30451366677880287; 0,8585124644450843; 0,49862652691081166; 0,7045460273511708; 0,36566197173669934
0,4485051704958582; 0,7400365076027811; 0,9272642969153821; 0,6890605743974447; 0,05238287942484021; 0,16205588728189468; 0,7986250463873148; 0,31113397888839245; 0,016409458592534065; 0,806405920535326; 0,589302213396877
0,8195368586988931; 0,917135245166719; 0,4538125628605485; 0,24959741113707423; 0,29833605280146; 0,9227218888700008; 0,9433253249153495; 0,8843727000057697; 0,3145837211050093; 0,0036116489209234715; 0,11980902729555964
0,9965430253421925; 0,8003049688413739; 0,8438262408599257; 0,7344724289141595; 0,9863612810149789; 0,2183046881109476; 0,7846863917075098; 0,2753436747007072; 0,6657891739159822; 0,5398831958882511; 0,29194957995787263
0,8373752718937363; 0,9180106329731643; 0,7855069893412292; 0,9267663680948317; 0,3123743189498782; 0,6952965226955712; 0,8064820873551071; 0,15088312048465014; 0,8388222265057266; 0,5687593165785074; 0,9508723672479391
0,9744512071081043; 0,8393126814626157; 0,907038043718785; 0,6573310317471623; 0,21978606143966317; 0,024180357810109854; 0,45067215943709016; 0,9228909937664866; 0,7933318633586168; 0,2846147050149739; 0,7501796041615307
0,32663193204081997; 0,21920622745528817; 0,3012577733024955; 0,8808030444197357; 0,49517097091302276; 0,6571132843382657; 0,11436026589944959; 0,11838535079732537; 0,4877512571401894; 0,06282691098749638; 0,2218662458471954
-0,7271785092463754; 0,32391573395580053; 0,7676700665615499; 0,49727264465764165; 0,14878892060369253; 0,0816809474490583; 0,8776805871166289; 0,9604966412298381; 0,41926450096070766; 0,21762482402846217; 0,6675158399157226
0,9011077031181066; 0,2780866785906255; 0,5427360278554261; 0,06186290457844734; 0,7149576479569077; 0,45885197864845395; 0,48224638774991035; 0,7730524130165577; 0,288484416436404; 0,5310759479179978; 0,3736411454156041
0,9266395996434919; 0,674457956571132; 0,20313352067023516; 0,08752942970022559; 0,49693605583161116; 0,5949452775530517; 0,6602954706177115; 0,9866413990966976; 0,2303676945157349; 0,8162636472843587; 0,19097464391961694
0,9564869625189986; 0,406514014583081; 0,594199005048722; 0,9870931571349502; 0,8194913393817842; 0,1965686297044158; 0,2551915654912591; 0,1741236411035061; 0,678229617420584; 0,05371401086449623; 0,9280506484210491
0,8835121419820007; 0,35690538166090846; 0,9607877233065665; 0,9712981409393251; 0,6940249595791101; 0,1031888360157609; 0,3696502735838294; 0,5634374804794788; 0,490459568798542; 0,19533689320087433; 0,4014670834876597
0,8638550973687875; 0,11332562612369657; 0,09214155375957489; 0,16167872631922364; 0,47912605991587043; 0,444893853738904; 0,8218865473754704; 0,8907003444619477; 0,8695887783542275; 0,541730138938874; 0,37652377784252167
0,9996485288164921; 0,6333630527369678; 0,591721847653389; 0,4168352191336453; 0,07932870276272297; 0,5910266102291644; 0,8469764976762235; 0,11752221547067165; 0,48898447677493095; 0,5300317914225161; 0,7724163997918367
0,6475712742817851; 0,4546705950051546; 0,47252356307581067; 0,4924224535934627; 0,32118257926777005; 0,05206620832905173; 0,8088198942132294; 0,7936153244227171; 0,3150218897499144; 0,9919060687534511; 0,2726181563921273
-0,8758294665187214; 0,8652981026098132; 0,65395687520504; 0,2164193419739604; 0,13218871084973216; 0,8663136260583997; 0,21477896580472589; 0,23244779789820313; 0,6337256715632975; 0,2920517292805016; 0,6361111178994179
0,9884085570935233; 0,5858296123333275; 0,9120492483489215; 0,7416620599105954; 0,8712653894908726; 0,55003063660115; 0,5185855375602841; 0,8312147054821253; 0,3231601556763053; 0,6639501769095659; 0,24028000375255942
0,8721907233796116; 0,7311235447414219; 0,24188077542930841; 0,3140224707312882; 0,47716424334794283; 0,5885771834291518; 0,9534598356112838; 0,7306964755989611; 0,9807786718010902; 0,045862609054893255; 0,31443876679986715
0,8743693554189306; 0,6165993036702275; 0,769184522330761; 0,1348458556458354; 0,5397137808613479; 0,8602319089695811; 0,3258158965036273; 0,35921042738482356; 0,5213258787989616; 0,5979724251665175; 0,5594400051049888
0,9191266285151383; 0,4903450310230255; 0,33295257668942213; 0,4094288069754839; 0,3612958397716284; 0,10438597714528441; 0,6766546992585063; 0,27586866542696953; 0,9580546375364065; 0,15027407463639975; 0,2610768675804138
0,24243064579604276; 0,9935177410952747; 0,07600475754588842; 0,9650429752655327; 0,10665050055831671; 0,36402264004573226; 0,900867760181427; 0,47068174136802554; 0,034436873625963926; 0,818519507534802; 0,797387532889843
0,6733343765641366; 0,2543097254820168; 0,8108266526833177; 0,3024738049134612; 0,5516494228504598; 0,12197154434397817; 0,2591827819123864; 0,47436175448819995; 0,19606279581785202; 0,8786042486317456; 0,4231844670139253
0,9652823344082584; 0,41823637997731566; 0,8194104875437915; 0,31255506724119186; 0,5746639198623598; 0,45989072136580944; 0,5141091872937977; 0,8087921091355383; 0,7033387497067451; 0,10626256372779608; 0,4903777688741684
0,9934105972780299; 0,8352388264611363; 0,0626402897760272; 0,6666554035618901; 0,6102329650893807; 0,8442361578345299; 0,5029613147489727; 0,3940989668481052; 0,22003696765750647; 0,11935901874676347; 0,5597042827866971
0,9981055376667859; 0,9669373878277838; 0,4256947971880436; 0,006230712868273258; 0,7818138836883008; 0,4676596177741885; 0,7824711720459163; 0,041921654250472784; 0,8977529001422226; 0,34196850238367915; 0,1198356575332582
0,9770949584483065; 0,8076535211876035; 0,6972529692575336; 0,7382985805161297; 0,8075524512678385; 0,07289072358980775; 0,3506105449050665; 0,9272872246801853; 0,9913117187097669; 0,662112332880497; 0,9880752013996243
0,45477194454902714; 0,023323098197579384; 0,7973887305706739; 0,3965539885684848; 0,042502795811742544; 0,792441048193723; 0,040686572436243296; 0,29224170092493296; 0,2949943649582565; 0,4147526933811605; 0,20076135313138366
0,992768417527386; 0,9830993199720979; 0,5869798245839775; 0,5809120559133589; 0,5548799415118992; 0,09016856597736478; 0,639151219278574; 0,5085472832433879; 0,40703505044803023; 0,8314113118685782; 0,5517635517753661
0,9126114074587807; 0,5559012093581259; 0,4886606535874307; 0,07557414844632149; 0,6116411536931992; 0,4354906161315739; 0,8328534937463701; 0,004492629785090685; 0,22491864580661058; 0,7066172892227769; 0,8114715134724975
0,9718655354707224; 0,9913055906072259; 0,4059523893520236; 0,958705844823271; 0,8720170860178769; 0,07652157265692949; 0,09194835741072893; 0,5606168136000633; 0,709399402141571; 0,07029044907540083; 0,28619402879849076
0,5461186649352042; 0,8857508203946054; 0,5612733801826835; 0,4170673885382712; 0,01150415325537324; 0,8957772855646908; 0,09339162148535252; 0,351756424177438; 0,8400524756871164; 0,7479891506955028; 0,925234841182828
0,8885823471327948; 0,8213353427127004; 0,4125125980935991; 0,21491754753515124; 0,2317482396028936; 0,9437478743493557; 0,2924544159322977; 0,3534537279047072; 0,9975520018488169; 0,7708023502491415; 0,4858831646852195
0,9896534643694912; 0,9690045956522226; 0,983516086358577; 0,6431870646774769; 0,8050774736329913; 0,6994488183408976; 0,4594770367257297; 0,9369932976551354; 0,9284737878479064; 0,15203161677345634; 0,3143308972939849
0,9080308940567381; 0,2847769842483103; 0,1506835538893938; 0,36071948101744056; 0,6959643019363284; 0,7640927522443235; 0,4888301300816238; 0,8750347197055817; 0,025209201965481043; 0,09902450209483504; 0,48385467985644937
0,7212144130362187; 0,5355487926863134; 0,18424708070233464; 0,9804218770004809; 0,4356409627944231; 0,16438825195655227; 0,32737345388159156; 0,30961757712066174; 0,06566679151728749; 0,5647543789818883; 0,7129223677329719
-0,3787607799727822; 0,8762415940873325; 0,5497739086858928; 0,507121451664716; 0,15360670955851674; 0,2992389667779207; 0,18592165736481547; 0,2302141021937132; 0,5397229944355786; 0,06756641762331128; 0,9775554821826518
0,9775591160537834; 0,7288065562024713; 0,41849126201123; 0,10296656610444188; 0,9080237522721291; 0,7902399064041674; 0,6910342425107956; 0,2944833100773394; 0,010436350479722023; 0,6251380960457027; 0,17414423823356628
-0,8697432627003675; 0,4871589899994433; 0,12853648141026497; 0,78662797389552; 0,25686582643538713; 0,5591481002047658; 0,5703089544549584; 0,3547086021862924; 0,08560530422255397; 0,7255904418416321; 0,84161781007424
0,8702519554294424; 0,9918136252090335; 0,7211335422471166; 0,010671939235180616; 0,4634435698390007; 0,689425544347614; 0,910439008846879; 0,18889043852686882; 0,39964904775843024; 0,15226363576948643; 0,35806757770478725
-0,8744766748961191; 0,7027036701329052; 0,6856288346461952; 0,3650446478277445; 0,3333764555864036; 0,766457517631352; 0,2531551090069115; 0,5038419854827225; 0,08376499125733972; 0,39181319205090404; 0,3265747204422951
0,18432458311756522; 0,048608800396323204; 0,5835479353554547; 0,6242733183316886; 0,1210896042175591; 0,6173941241577268; 0,0695592095144093; 0,05078515503555536; 0,9328521778807044; 0,11090326914563775; 0,47560857329517603
0,9224183055741748; 0,46780545078217983; 0,8893325985409319; 0,8699120013043284; 0,6752902725711465; 0,7917797933332622; 0,4483711305074394; 0,22406473523005843; 0,41906466567888856; 0,19157489947974682; 0,0015941904857754707
0,8298773961140395; 0,8539511896669865; 0,5551418163813651; 0,898748061619699; 0,6481802649796009; 0,6057431376539171; 0,9779864940792322; 0,7455912241712213; 0,3898667790926993; 0,4650994795374572; 0,4014905816875398
0,9998399323726875; 0,13222294161096215; 0,18945222068578005; 0,7560619725845754; 0,9016495137475431; 0,050873706582933664; 0,7624592217616737; 0,40695745311677456; 0,10759300226345658; 0,15541386930271983; 0,3809632691554725
0,5789938866400177; 0,4779468015767634; 0,22332594450563192; 0,34052908094599843; 0,005943456199020147; 0,682456330396235; 0,7847340134903789; 0,9715475798584521; 0,832190191373229; 0,8166538570076227; 0,22946835728362203
-0,834039204653578; 0,47644015960395336; 0,996812847442925; 0,682596490252763; 0,39954273542389274; 0,6274770079180598; 0,14857182931154966; 0,487484282348305; 0,34693396696820855; 0,91569116525352; 0,5446668388321996
-0,7985997141018839; 0,6628216705285013; 0,4607430105097592; 0,7920777034014463; 0,22684360947459936; 0,9026284939609468; 0,0313453390263021; 0,9372608894482255; 0,27408922696486115; 0,20709209144115448; 0,05371379293501377
0,9071833309483397; 0,3827825337648392; 0,4510245737619698; 0,34657763689756393; 0,32828834280371666; 0,7702505420893431; 0,02095606317743659; 0,5899949898011982; 0,592306540813297; 0,16869386471807957; 0,7719677821733057
0,9795659631634804; 0,11336023034527898; 0,5041322191245854; 0,8373603033833206; 0,9357235506176949; 0,8547721798531711; 0,17313831113278866; 0,07332096667960286; 0,6303208689205348; 0,9064513226039708; 0,32304587587714195
-0,7850211461238976; 0,4062515003606677; 0,17850537365302444; 0,6746084098704159; 0,4017365141771734; 0,060450123623013496; 0,7159894197247922; 0,514980077277869; 0,1446660622023046; 0,902178184594959; 0,035049295518547297
0,9999338519720972; 0,15180380269885063; 0,2660214174538851; 0,041277116630226374; 0,7706639762036502; 0,026324002537876368; 0,5545863430015743; 0,06230482645332813; 0,6052595530636609; 0,45695904549211264; 0,19805594952777028
0,9628585677955008; 0,6425003912299871; 0,6789861503057182; 0,014210212044417858; 0,6832249499857426; 0,8625585255213082; 0,8767924378626049; 0,9763469086028636; 0,40678155422210693; 0,19039991591125727; 0,4775423416867852
0,9742599902063617; 0,04762367717921734; 0,44868981279432774; 0,7022655666805804; 0,786200787872076; 0,2986455671489239; 0,8305401359684765; 0,35839365189895034; 0,6941332379356027; 0,3647931688465178; 0,48000988038256764
0,9459017403032002; 0,8653125478886068; 0,9713380271568894; 0,7348811919800937; 0,7885559173300862; 0,23563405266031623; 0,5334516582079232; 0,23595845745876431; 0,01515508210286498; 0,6679829801432788; 0,6322002233937383
-0,5485903606539818; 0,6387087316252291; 0,6632325481623411; 0,01588089019060135; 0,1021356824785471; 0,6690345881506801; 0,31134815653786063; 0,8010152773931623; 0,9828964052721858; 0,49440123373642564; 0,585268403403461
0,9987262225607513; 0,14011189062148333; 0,1309885517694056; 0,837114573456347; 0,8891391693614423; 0,19693715078756213; 0,31728802947327495; 0,9332835022360086; 0,9711528709158301; 0,5990971308201551; 0,030129470862448215
0,26524495848563384; 0,7098659463226795; 0,6561927204020321; 0,7994341645389795; 0,4927833769470453; 0,02282428601756692; 0,2600996745750308; 0,7011433467268944; 0,9549267538823187; 0,31014615297317505; 0,6376727828755975
0,8126227972517363; 0,8790572960861027; 0,6429488165304065; 0,7791661624796689; 0,5632171216420829; 0,24890158278867602; 0,34814348397776484; 0,14618809148669243; 0,7592741465196013; 0,23444399097934365; 0,6047105812467635
0,3188520776019422; 0,8527023470960557; 0,9003228712826967; 0,9972673449665308; 0,08951713377609849; 0,6004071761853993; 0,6350034070201218; 0,23080498026683927; 0,470656328368932; 0,26056542014703155; 0,614490648265928
0,834427756341345; 0,08829062525182962; 0,5353832938708365; 0,41030767699703574; 0,5613297228701413; 0,2865183367393911; 0,7133939093910158; 0,5660932194441557; 0,5204746406525373; 0,02648822497576475; 0,7150264102965593
0,9570177529754481; 0,48746448289602995; 0,08996403915807605; 0,185745052061975; 0,7760552233085036; 0,9083501836284995; 0,7566945031285286; 0,5374292037449777; 0,07747564231976867; 0,7143631321378052; 0,7616483466699719
0,9877355982821381; 0,9294303115457296; 0,3283482161350548; 0,8997878395020962; 0,9987247688695788; 0,4179601753130555; 0,29234723560512066; 0,4311101986095309; 0,9453883781097829; 0,38641030760481954; 0,5777828288264573
0,07106086424478845; 0,08136603934690356; 0,757040070835501; 0,9895555730909109; 0,14062383072450757; 0,5805773185566068; 0,24513998487964272; 0,37474569492042065; 0,5143908322788775; 0,0708943260833621; 0,148950575850904
0,982881422931469; 0,012699772603809834; 0,9722420815378428; 0,8590493407100439; 0,9379588752053678; 0,9415560127235949; 0,18323196657001972; 0,6320581221953034; 0,6260539349168539; 0,1190116130746901; 0,45167684694752097
0,999975790549217; 0,6553808730095625; 0,18594701820984483; 0,5510852877050638; 0,9649899238720536; 0,41019941633567214; 0,5885734679177403; 0,5226141596212983; 0,24553136806935072; 0,25011850986629725; 0,6927796043455601
0,8518270372170988; 0,39478318113833666; 0,5118746529333293; 0,9895290355198085; 0,6147791380062699; 0,48642148775979877; 0,68704799329862; 0,8669738774187863; 0,3137074005790055; 0,11119940364733338; 0,6256946106441319
0,905509784506501; 0,9241077722981572; 0,7693285504356027; 0,3931691311299801; 0,6578675997443497; 0,8363616224378347; 0,5273770410567522; 0,8366446574218571; 0,1822898774407804; 0,15585171431303024; 0,6875911937095225
0,9999769201068153; 0,07932141795754433; 0,433520853985101; 0,4032170679420233; 0,9743168903514743; 0,6211095880717039; 0,15827944548800588; 0,5304580479860306; 0,09607451409101486; 0,5596304242499173; 0,5616125781089067
0,9186260293819098; 0,4107204172760248; 0,6985100344754755; 0,13877275632694364; 0,5131601644679904; 0,8007365516386926; 0,9511705893091857; 0,890781048219651; 0,5842891605570912; 0,6908285883255303; 0,7381995087489486
0,7163430183409197; 0,03352375468239188; 0,010849205777049065; 0,384266787674278; 0,04652359802275896; 0,6710112979635596; 0,566914543043822; 0,03346508787944913; 0,26938398089259863; 0,8341403217054904; 0,3058758922852576
0,997181990757022; 0,8086735070683062; 0,22187074972316623; 0,7382833259180188; 0,6148055898956954; 0,477795269805938; 0,15203042002394795; 0,6064724754542112; 0,09596350230276585; 0,896216053981334; 0,5947534539736807
0,943479728842829; 0,053354955278337; 0,6100297011435032; 0,044923617504537106; 0,6144843073561788; 0,8318249904550612; 0,12236424814909697; 0,07888724049553275; 0,996754661668092; 0,719763399567455; 0,23656024038791656
0,9956057761508706; 0,6544097852893174; 0,00994274765253067; 0,6570255560800433; 0,9269245779141784; 0,44292568042874336; 0,1852331622503698; 0,07022531051188707; 0,6655923635698855; 0,7810779409483075; 0,7008826835080981
-0,8151895047417335; 0,43794635590165854; 0,9761914513073862; 0,6044267802499235; 0,25165973231196404; 0,855214387178421; 0,12003899086266756; 0,3474624087102711; 0,4944498557597399; 0,8691303762607276; 0,0900376783683896
0,9478942855317277; 0,8296242235228419; 0,03141464572399855; 0,17945959558710456; 0,3716373648494482; 0,5996388979256153; 0,7754983021877706; 0,38403916731476784; 0,12968691485002637; 0,7162872240878642; 0,28252233006060123
0,8826338544553705; 0,6631317040883005; 0,06644700188189745; 0,32746062567457557; 0,5010566613636911; 0,2452314062975347; 0,22894377261400223; 0,7932904101908207; 0,3868289985693991; 0,40294627845287323; 0,7347503923811018
0,8862739260433674; 0,8741841642186046; 0,5169992870651186; 0,8507040441036224; 0,6268236916512251; 0,16581666888669133; 0,4959972077049315; 0,6062940154224634; 0,5253614750690758; 0,23049177415668964; 0,5318872104398906
0,03895830384639776; 0,6351507543586195; 0,8287109285593033; 0,8828533473424613; 0,14443389372900128; 0,3120234808884561; 0,6604556171223521; 0,3732336899265647; 0,7164397165179253; 0,9957751142792404; 0,7938418686389923
0,9238822285258398; 0,9549962291494012; 0,0287931552156806; 0,6323628625832498; 0,6371666085906327; 0,5130408531986177; 0,4496946772560477; 0,7775043658912182; 0,556892650667578; 0,7259826497174799; 0,1983873201534152
0,8157568702276172; 0,6304586534388363; 0,6713533215224743; 0,8615694860927761; 0,633542463183403; 0,18430722737684846; 0,4171624295413494; 0,7868042639456689; 0,08266396354883909; 0,3020014874637127; 0,4959537386894226
0,26030907612777426; 0,8407445829361677; 0,5389035129919648; 0,7315895450301468; 0,4489723090082407; 0,48657694552093744; 0,3472540988586843; 0,6592213013209403; 0,6441985820420086; 0,3552329959347844; 0,18470760993659496
0,9823490857810764; 0,5777303762733936; 0,4001378891989589; 0,7193123456090689; 0,8203011662699282; 0,4477713159285486; 0,4323303997516632; 0,9443962476216257; 0,8519524121657014; 0,6284715766087174; 0,6559683559462428
-0,16232479443898493; 0,2866001510992646; 0,3720140769146383; 0,8885517506860197; 0,1563767152838409; 0,5856888168491423; 0,1598278023302555; 0,041825367603451014; 0,3817183221690357; 0,5317681208252907; 0,9472080944105983
0,9917905123853378; 0,3198696058243513; 0,9479468017816544; 0,4558073431253433; 0,402680650819093; 0,1268487498164177; 0,7124027037061751; 0,7366795120760798; 0,4177933093160391; 0,5083557995967567; 0,2061412981711328
0,7603458643809499; 0,19305811170488596; 0,993453461676836; 0,3758521373383701; 0,4707529810257256; 0,1667678146623075; 0,2585593364201486; 0,6097739799879491; 0,9954873849637806; 0,3694578940048814; 0,6052130833268166
0,9253521679449755; 0,8421352016739547; 0,9195181978866458; 0,0756625565700233; 0,940057395491749; 0,5906684761866927; 0,3156707277521491; 0,713112355209887; 0,47721287002786994; 0,36082543851807714; 0,44875705568119884
0,9457591420182155; 0,6950353975407779; 0,621377828065306; 0,23283565882593393; 0,2732833973132074; 0,6032802425324917; 0,5648449347354472; 0,4455687669105828; 0,5985614620149136; 0,5264065386727452; 0,8532264181412756
0,7457811380772675; 0,1828937861137092; 0,4267193949781358; 0,9992066510021687; 0,3019461389631033; 0,94979816256091; 0,45809621876105666; 0,9183429959230125; 0,7725808997638524; 0,09755983855575323; 0,26463187811896205
0,993371363047343; 0,42869725078344345; 0,5875087808817625; 0,262591318693012; 0,9663440333679318; 0,38908731983974576; 0,7639391981065273; 0,2826042682863772; 0,6730335778556764; 0,0926910093985498; 0,34477287996560335
0,976305773417929; 0,842093279119581; 0,14169393805786967; 0,9061175864189863; 0,6513202325440943; 0,9141532122157514; 0,993066375143826; 0,6328172814100981; 0,889108985196799; 0,15557778859511018; 0,08227723743766546
0,9281269499835259; 0,7077816701494157; 0,7011867449618876; 0,04092690395191312; 0,6173128965310752; 0,6344418162479997; 0,09212598064914346; 0,8018900277093053; 0,07472813595086336; 0,9043707218952477; 0,3598874341696501
0,9903570292928598; 0,834725231397897; 0,7992137004621327; 0,05241637025028467; 0,36212086770683527; 0,05173674505203962; 0,04501853045076132; 0,3710833266377449; 0,6140077817253768; 0,39106339029967785; 0,35960634471848607
0,9932903389411236; 0,9760306854732335; 0,10147198149934411; 0,5964434086345136; 0,7375533641315997; 0,6726168445311487; 0,3966251634992659; 0,47354381857439876; 0,2800908866338432; 0,4311055839061737; 0,2584524848498404
0,9167239377287179; 0,9215840608812869; 0,05452660098671913; 0,5209442526102066; 0,5349356755614281; 0,023059761617332697; 0,6369740520603955; 0,7617127881385386; 0,7785874786786735; 0,9823975451290607; 0,8616042933426797
0,9989360367472021; 0,8849531086161733; 0,6621821280568838; 0,6281179557554424; 0,929087845608592; 0,42431070609018207; 0,8854986019432545; 0,12516660941764712; 0,036651563830673695; 0,5954162529669702; 0,9803058956749737
-0,2659400488610483; 0,55006436817348; 0,5441886354237795; 0,4816220821812749; 0,16578020807355642; 0,1855568545870483; 0,8580616349354386; 0,9898684956133366; 0,3208700460381806; 0,47543030558153987; 0,9292571805417538
0,5401835550736579; 0,31680398248136044; 0,1527150240726769; 0,9418505583889782; 0,013409397564828396; 0,5134830605238676; 0,4029814824461937; 0,4955906141549349; 0,04550226824358106; 0,08121075062081218; 0,24050149228423834
0,29328892850788235; 0,730440691113472; 0,5045305723324418; 0,7674184003844857; 0,4584700963459909; 0,24465895164757967; 0,9691838282160461; 0,5635346472263336; 0,08892867807298899; 0,15460563823580742; 0,24170361133292317
0,9087694450385808; 0,6966795474290848; 0,5179195124655962; 0,00936165964230895; 0,24206463620066643; 0,26334392093122005; 0,4578702528961003; 0,3526852810755372; 0,8502453970722854; 0,8119287495501339; 0,050042284186929464
0,9930850339307633; 0,10635031713172793; 0,5564255211502314; 0,5788600677624345; 0,8910886622034013; 0,19438746478408575; 0,19352208310738206; 0,14375213207677007; 0,19851965783163905; 0,09851512499153614; 0,4906077152118087
0,9999265679925197; 0,24443536158651114; 0,611749857198447; 0,2742451084777713; 0,9714101925492287; 0,3598621394485235; 0,11276557808741927; 0,9858515886589885; 0,46853014593943954; 0,8287952234968543; 0,22160619730129838
0,9999626888591606; 0,7618678631260991; 0,22156623098999262; 0,7011101176030934; 0,32558405213057995; 0,8747588549740613; 0,13745913095772266; 0,3114113169722259; 0,8426304068416357; 0,5372750046662986; 0,18043820234015584
0,9462389146370735; 0,6414231238886714; 0,7768964138813317; 0,09523584181442857; 0,7475951514206827; 0,7231766488403082; 0,4155982844531536; 0,46906995913013816; 0,8356978013180196; 0,49092854419723153; 0,2020131703466177
-0,8784039913499736; 0,928653247654438; 0,7316872724331915; 0,6758612743578851; 0,1491152225062251; 0,16548225656151772; 0,9337797896005213; 0,41982196317985654; 0,18069713795557618; 0,9277575742453337; 0,3849332523532212
0,7519314004689538; 0,7609455962665379; 0,98789998376742; 0,1159506761468947; 0,16387879848480225; 0,5007934477180243; 0,26970296492800117; 0,18072387110441923; 0,5965325427241623; 0,5249745030887425; 0,5955805163830519
0,9298860258657666; 0,6615976132452488; 0,5081904311664402; 0,12907313741743565; 0,03096372028812766; 0,3646414941176772; 0,09425018727779388; 0,43413153337314725; 0,0011021746322512627; 0,5807752450928092; 0,5417063343338668
0,9955157438604797; 0,9884727499447763; 0,7416741400957108; 0,26940840668976307; 0,6429960457608104; 0,23986828047782183; 0,4497600351460278; 0,5340525871142745; 0,9621466407552361; 0,5442775841802359; 0,8860545065253973
-0,9992620958515094; 0,8361022071912885; 0,34463981119915843; 0,4863011888228357; 0,23959058290347457; 0,7364169587381184; 0,21755000110715628; 0,729041051119566; 0,1565402103587985; 0,7288792910985649; 0,02833670238032937
0,7229907336364019; 0,6804680107161403; 0,11998578952625394; 0,10374407423660159; 0,08337305998429656; 0,13827031617984176; 0,5289813526906073; 0,9152374975383282; 0,25314968451857567; 0,3078984022140503; 0,5740908202715218
0,9890490102183467; 0,06325402017682791; 0,13908739387989044; 0,9956791019067168; 0,8156888033263385; 0,2935815420933068; 0,6897504283115268; 0,407060656696558; 0,24382302956655622; 0,20335192326456308; 0,1227063131518662
0,8495877041157135; 0,8734300467185676; 0,7222928330302238; 0,981890746857971; 0,6604639962315559; 0,7441110536456108; 0,2738119289278984; 0,3354237088933587; 0,36174158472567797; 0,07354913838207722; 0,5625268206931651
0,9940407864121629; 0,21424636477604508; 0,6953445291146636; 0,002110036090016365; 0,6175913480110466; 0,43748245807364583; 0,7991470042616129; 0,6212174282409251; 0,8277024957351387; 0,2941598314791918; 0,13131857942789793
0,9703440032031625; 0,9946008431725204; 0,06237323861569166; 0,20695364195853472; 0,8924088622443378; 0,91669432958588; 0,34527463046833873; 0,7312810863368213; 0,9736809129826725; 0,4401861042715609; 0,21796654723584652
0,851744263059826; 0,14475615741685033; 0,7718827635981143; 0,20532422745600343; 0,3991787298582494; 0,2129587228409946; 0,1399822081439197; 0,5936143617145717; 0,459884868003428; 0,3812520825304091; 0,9267057869583368
0,9437826752280931; 0,7618171712383628; 0,4338196353055537; 0,7612200519070029; 0,7903325315564871; 0,23138704802840948; 0,13388775195926428; 0,10608985833823681; 0,2849847967736423; 0,5717971217818558; 0,5099366726353765
0,9968280651186211; 0,8647305313497782; 0,1967657241038978; 0,6717681465670466; 0,4414878529496491; 0,3580057844519615; 0,5697415671311319; 0,9871231759898365; 0,6489583221264184; 0,8117516082711518; 0,542903458699584
0,8793569377784863; 0,8389608007855713; 0,3764135856181383; 0,8458634885028005; 0,5581511566415429; 0,4134454410523176; 0,9264847445301712; 0,3759095882996917; 0,9715018272399902; 0,17891717702150345; 0,6901121353730559
0,9834691421775742; 0,05393430031836033; 0,34327021427452564; 0,09103279188275337; 0,994342309422791; 0,5239295321516693; 0,8316548122093081; 0,6785283861681819; 0,23076795600354671; 0,7353976429440081; 0,3277799361385405
-0,9599279431554021; 0,3675975543446839; 0,9743711245246232; 0,3662092206068337; 0,2708743503317237; 0,7977068447507918; 0,7115789456292987; 0,07883895374834538; 0,5658015133813024; 0,9129437766969204; 0,055537999141961336
0,9111621404009985; 0,42642840137705207; 0,24343413300812244; 0,3898388808593154; 0,8149417513050139; 0,9374871179461479; 0,36531262937933207; 0,36550359847024083; 0,5500405426137149; 0,6019536629319191; 0,9333354844711721
0,4978718103845909; 0,24427302088588476; 0,7816070667468011; 0,6183596602641046; 0,03390064695850015; 0,44615525705739856; 0,005489354953169823; 0,9702054117806256; 0,6138328807428479; 0,33984670881181955; 0,41150452848523855
0,9324434445916167; 0,41812621150165796; 0,8423581696115434; 0,5058488077484071; 0,16965248994529247; 0,07354024797677994; 0,8857603939250112; 0,5964485043659806; 0,7549571734853089; 0,30610618414357305; 0,6483943304046988
0,9280224627017185; 0,7327993880026042; 0,3663233034312725; 0,9570092824287713; 0,7229439378716052; 0,7777245291508734; 0,6301440829411149; 0,6321516712196171; 0,5556226689368486; 0,5567383468151093; 0,6485254191793501
0,9984649647642149; 0,6381251383572817; 0,7784638185985386; 0,4816667241975665; 0,952560625039041; 0,6899328241124749; 0,23985706316307187; 0,19610566645860672; 0,10098074935376644; 0,3263790435157716; 0,33501656726002693
0,5168674212578919; 0,9746817466802895; 0,1814685920253396; 0,06389901740476489; 0,3475705310702324; 0,520800702739507; 0,056184892542660236; 0,7638012822717428; 0,28892278112471104; 0,328951065428555; 0,29437214229255915
0,11860026378769127; 0,7911870358511806; 0,20407085912302136; 0,820167061407119; 0,2693027891218662; 0,8406830485910177; 0,04770171269774437; 0,4301377763040364; 0,6370964772067964; 0,8018805710598826; 0,4440444987267256
0,45806413097533505; 0,9497120818123221; 0,5911261211149395; 0,10469672502949834; 0,04792580474168062; 0,9890278028324246; 0,7891698381863534; 0,7325301137752831; 0,5664952644146979; 0,9146701139397919; 0,0960096251219511
0,6137323894860915; 0,606194160412997; 0,14157979656010866; 0,9389230613596737; 0,28809445491060615; 0,6810684786178172; 0,4927072427235544; 0,39643992530182004; 0,1583130182698369; 0,32275551883503795; 0,24052156182006001
0,36984967732215634; 0,6906755426898599; 0,6283495407551527; 0,9489996745251119; 0,34902737475931644; 0,4116207645274699; 0,08165460312739015; 0,4191448325291276; 0,9897156502120197; 0,415109203197062; 0,2696984647773206
-0,977931859790852; 0,2768435813486576; 0,2911027977243066; 0,01674685813486576; 0,09367188857868314; 0,6615963177755475; 0,8048221124336123; 0,5239931792020798; 0,2737196362577379; 0,10969407111406326; 0,5782434633001685
0,9897487327832017; 0,1906858286820352; 0,8983895755372941; 0,36758920550346375; 0,9557537501677871; 0,26368109276518226; 0,25245441729202867; 0,8033756939694285; 0,35803303169086576; 0,11222612718120217; 0,35763565730303526
-0,9771999495079439; 0,7754817134700716; 0,8646579664200544; 0,09334362298250198; 0,23568183602765203; 0,835825854446739; 0,8492105510085821; 0,8956993543542922; 0,45558124873787165; 0,39550440944731236; 0,5753682577051222
-0,6568036465638085; 0,07779852766543627; 0,37867981661111116; 0,978068077005446; 0,19647923996672034; 0,4539254531264305; 0,6109072850085795; 0,4519468601793051; 0,13321659294888377; 0,9582914020866156; 0,2961740312166512
0,9966108935986748; 0,6868562013842165; 0,3706373358145356; 0,24804240185767412; 0,8947069174610078; 0,8932038736529648; 0,6706599788740277; 0,40885202633216977; 0,8125235331244767; 0,48472172440961003; 0,32991047063842416
0,3121260915332852; 0,4095022603869438; 0,7045633313246071; 0,489402920473367; 0,5072185252793133; 0,25712270895019174; 0,026662342250347137; 0,2138629057444632; 0,49502487387508154; 0,6636550896801054; 0,20344938337802887
0,9995038171995514; 0,9946414232254028; 0,30935472110286355; 0,7976289265789092; 0,3228771868161857; 0,6655405033379793; 0,4195423983037472; 0,17320656357333064; 0,2433934393338859; 0,5718568456359208; 0,7514006081037223
0,9231276918239355; 0,34188137017190456; 0,06565799517557025; 0,6708790175616741; 0,7057073530741036; 0,8090159273706377; 0,6601682482287288; 0,9656015275977552; 0,04492900473996997; 0,1010456089861691; 0,715755513869226
0,8044887028792672; 0,8016828158870339; 0,7697691605426371; 0,17665492929518223; 0,2672954616136849; 0,32003699569031596; 0,9135766508989036; 0,055435305926948786; 0,13180986186489463; 0,12456780625507236; 0,9635821329429746
-0,9945689183295935; 0,4415681678801775; 0,6374970870092511; 0,6277760602533817; 0,23449962632730603; 0,1006335741840303; 0,1361331921070814; 0,17222907301038504; 0,3172218813560903; 0,31272576563060284; 0,7452178071253002
0,5157877372166968; 0,16758431820198894; 0,8145920224487782; 0,968694266397506; 0,48608448961749673; 0,38269311282783747; 0,9735680185258389; 0,9221962047740817; 0,06974570732563734; 0,694980978500098; 0,5896176961250603
0,975483770988136; 0,827257345430553; 0,07831854419782758; 0,9615935031324625; 0,9091772362589836; 0,013846790418028831; 0,45141198951750994; 0,8278185315430164; 0,7732724011875689; 0,6155204498209059; 0,5739877410233021
0,02197706032347759; 0,12410337943583727; 0,44598800875246525; 0,4777055997401476; 0,4308554707095027; 0,34506363701075315; 0,28227591747418046; 0,3924048915505409; 0,43518570251762867; 0,5251446510665119; 0,8383368598297238
0,9895599031779105; 0,08602859126403928; 0,23394978744909167; 0,763600486330688; 0,988977262750268; 0,7688549249432981; 0,8720333240926266; 0,776572460308671; 0,33826176915317774; 0,06047819089144468; 0,238018698990345
0,782370482000678; 0,5627697347663343; 0,01775955082848668; 0,8197228275239468; 0,6021154001355171; 0,5244737039320171; 0,8615283346734941; 0,7796774683520198; 0,4878874202258885; 0,8963623475283384; 0,3152909460477531
0,9692575229818285; 0,3189145037904382; 0,11148120136931539; 0,22586958715692163; 0,8740518814884126; 0,6761960410512984; 0,8773866300471127; 0,2981791226193309; 0,615909299813211; 0,9130127793177962; 0,9196246154606342
-0,36809130090974; 0,04837460210546851; 0,9449583990499377; 0,7530383076518774; 0,3086305009201169; 0,3174961293116212; 0,9033411466516554; 0,11933391634374857; 0,26400800980627537; 0,15946080954745412; 0,7717729764990509
0,9125904632788338; 0,7468643304891884; 0,29853045800700784; 0,9624973516911268; 0,6480905567295849; 0,562278083525598; 0,6303317220881581; 0,39921852154657245; 0,5319750029593706; 0,5487738708034158; 0,7741783829405904
0,9705065223073899; 0,2207968053407967; 0,7978795114904642; 0,6400822969153523; 0,8818516931496561; 0,9075200813822448; 0,1658832486718893; 0,41644593607634306; 0,5154727585613728; 0,9461656538769603; 0,387825682759285
0,952599714503988; 0,9092552117072046; 0,8522884459234774; 0,5863262475468218; 0,6881838482804596; 0,49511481868103147; 0,8502808539196849; 0,520392956212163; 0,32145196106284857; 0,8231060053221881; 0,41672948095947504
0,9926874372803678; 0,1722438856959343; 0,1687379372306168; 0,2518081907182932; 0,36133635276928544; 0,6877871952019632; 0,03464367939159274; 0,9897459028288722; 0,6478258199058473; 0,5095386039465666; 0,46910348907113075
0,9559275143785582; 0,47918705688789487; 0,3756835740059614; 0,4167265654541552; 0,6686470480635762; 0,6898934994824231; 0,7181039536371827; 0,6595751051791012; 0,381389572750777; 0,21304330322891474; 0,1720611434429884
0,8189480058044913; 0,2925169765949249; 0,24922905396670103; 0,34445154294371605; 0,08196425391361117; 0,2984025189653039; 0,09838937129825354; 0,18709868611767888; 0,9024959490634501; 0,5424407804384828; 0,0748568270355463
0,5965777955127454; 0,06382259633392096; 0,7196695888414979; 0,8464656621217728; 0,5207054573111236; 0,12824555998668075; 0,48272598814219236; 0,1747953831218183; 0,8107637232169509; 0,2940103765577078; 0,6846031141467392
0,40504280364683587; 0,4734764131717384; 0,7761998106725514; 0,6856196033768356; 0,06753678480163217; 0,7760095996782184; 0,6613172022625804; 0,1264677788130939; 0,3821126106195152; 0,8847322855144739; 0,16534955007955432
0,5364789068684855; 0,045354167465120554; 0,9792628451250494; 0,9658898804336786; 0,4934160984121263; 0,5879014772363007; 0,9162482200190425; 0,22024261811748147; 0,7613631309941411; 0,3136539375409484; 0,7642473443411291
0,7162751474357564; 0,9589424896985292; 0,4477412258274853; 0,4927816209383309; 0,569754911120981; 0,5613280097022653; 0,019498752895742655; 0,3005367871373892; 0,030630407389253378; 0,06628873012959957; 0,980864227283746
0,7125361522406267; 0,7815240477211773; 0,45455604093149304; 0,6487703761085868; 0,571784885134548; 0,8343538595363498; 0,3089741701260209; 0,2793011092580855; 0,8418820616789162; 0,7646307032555342; 0,2943923259153962
-0,3142679214327927; 0,05714117409661412; 0,9549525491893291; 0,7551231868565083; 0,38254852360114455; 0,41076734755188227; 0,13373153377324343; 0,6163668041117489; 0,5377397867850959; 0,6281147641129792; 0,38631089124828577
0,997140322262796; 0,6810796400532126; 0,42463709972798824; 0,6784742129966617; 0,8953821645118296; 0,5780445178970695; 0,3385291318409145; 0,47590052941814065; 0,13927514292299747; 0,39781020395457745; 0,48690297920256853
0,1692604580822696; 0,6260369620285928; 0,7449154104106128; 0,42448579939082265; 0,23921192390844226; 0,5094369449652731; 0,6670830505900085; 0,6194636998698115; 0,26763710705563426; 0,584306214004755; 0,06821869499981403
0,9951830877468664; 0,15512841334566474; 0,48638297291472554; 0,25230655912309885; 0,9002808909863234; 0,44796547992154956; 0,07250368222594261; 0,9166913060471416; 0,7949746060185134; 0,8393250359222293; 0,7224179725162685
0,991689806382668; 0,1897669667378068; 0,8765042936429381; 0,7795580541715026; 0,9854806591756642; 0,41314344061538577; 0,6171159851364791; 0,8234234862029552; 0,4280296224169433; 0,10550918197259307; 0,36035151593387127
0,9103095245343844; 0,8142749923281372; 0,15178061416372657; 0,15974776353687048; 0,5410274653695524; 0,969196064863354; 0,027240199502557516; 0,02650428144261241; 0,5466575338505208; 0,6059669051319361; 0,33061963226646185
0,9953761371932766; 0,08512609684839845; 0,07716860482469201; 0,5481372135691345; 0,7591753909364343; 0,5049986033700407; 0,5939535698853433; 0,5020312033593655; 0,5326009439304471; 0,2073962758295238; 0,7786041526123881
0,9645117713145019; 0,43188986415043473; 0,13983734790235758; 0,6570004294626415; 0,9799845176748931; 0,08667404856532812; 0,34264957113191485; 0,4681313578039408; 0,5617765667848289; 0,10688946675509214; 0,9455041904002428
0,655601787508438; 0,2487913714721799; 0,21040995651856065; 0,7800073712132871; 0,31916737789288163; 0,9098101113922894; 0,21290443278849125; 0,519963204395026; 0,4531068173237145; 0,817196789663285; 0,8818349330686033
0,7282841663065053; 0,5300773568451405; 0,010738434735685587; 0,3036359502002597; 0,32182536320760846; 0,30072069726884365; 0,6902946894988418; 0,145360026974231; 0,4343747873790562; 0,7583536254242063; 0,7915824675001204
0,9913301613834207; 0,36133462470024824; 0,6649183630943298; 0,4471170315518975; 0,5664147264324129; 0,8074851683340967; 0,6459650895558298; 0,3982533277012408; 0,9417675537988544; 0,519958820194006; 0,8113642488606274
0,989140874855093; 0,20623907819390297; 0,4764807466417551; 0,11584816174581647; 0,4959185617044568; 0,1669997009448707; 0,5262035639025271; 0,8576065613888204; 0,002026976551860571; 0,16256577288731933; 0,016402805224061012
0,9781040370956238; 0,7453867946751416; 0,5968537013977766; 0,3704981910996139; 0,803507992066443; 0,9923492916859686; 0,23916354496032; 0,6434519561007619; 0,991377373225987; 0,3426783261820674; 0,6479524811729789
-0,6692905600324773; 0,789373192936182; 0,37974010733887553; 0,9695523977279663; 0,36628785263746977; 0,20454487763345242; 0,8811305779963732; 0,7355027599260211; 0,7838441808708012; 0,0792201985605061; 0,47866460029035807
0,6696449256568137; 0,5369610823690891; 0,06784016219899058; 0,2266136147081852; 0,057206114288419485; 0,2057008952833712; 0,7920500207692385; 0,9186518993228674; 0,8040404813364148; 0,7443472864106297; 0,41712231328710914
0,9943136385915835; 0,9033742626197636; 0,5281027643941343; 0,3328772704117; 0,4840105716139078; 0,500391076784581; 0,5422954270616174; 0,3926519453525543; 0,3739109421148896; 0,07771746348589659; 0,02683405065909028
0,33268831350881534; 0,27216137340292335; 0,8732211417518556; 0,902388259768486; 0,08171112881973386; 0,19752815878018737; 0,7139148507267237; 0,2789244265295565; 0,04263757914304733; 0,6890389728359878; 0,12482716608792543
0,32462081587923564; 0,39578376477584243; 0,24120948975905776; 0,6662741908803582; 0,06537419883534312; 0,8973105573095381; 0,1522033428773284; 0,04240574408322573; 0,970661292783916; 0,674676320515573; 0,24101422587409616
0,5128486299615249; 0,9312848974950612; 0,9847238138318062; 0,9219293911010027; 0,28430226258933544; 0,8884988566860557; 0,659326474647969; 0,3505704957060516; 0,317347789183259; 0,08701766887679696; 0,9516331371851265
0,9294818497330085; 0,36099157528951764; 0,8800611910410225; 0,7519017294980586; 0,7586284084245563; 0,8193706069141626; 0,4284754400141537; 0,2847402389161289; 0,13082109903916717; 0,8879654007032514; 0,041016980074346066
0,9860138973689879; 0,4059198419563472; 0,6785134207457304; 0,7620661128312349; 0,7857833430171013; 0,988535029347986; 0,7886897851713002; 0,7367248879745603; 0,23812687350437045; 0,2717406018637121; 0,6917295502498746
0,7751561753653878; 0,8668093685992062; 0,3068680949509144; 0,5529173454269767; 0,5782285649329424; 0,44051862554624677; 0,281989932525903; 0,6074855709448457; 0,22431926894932985; 0,40366143686696887; 0,6733089443296194
0,9748735183030295; 0,0860291556455195; 0,2883733478374779; 0,6114784171804786; 0,8724862514063716; 0,9744665501639247; 0,15558840800076723; 0,9541757055558264; 0,9376305369660258; 0,735049903858453; 0,24354355549439788
0,9946210369608633; 0,9260526588186622; 0,3510342976078391; 0,5232633459381759; 0,490757355466485; 0,1234623659402132; 0,6753744790330529; 0,5488568432629108; 0,8847239869646728; 0,14829150261357427; 0,6334441225044429
0,8207485894091417; 0,12557400250807405; 0,16204604227095842; 0,7477970249019563; 0,3419368602335453; 0,3567064115777612; 0,6761321355588734; 0,4325345396064222; 0,4425350157544017; 0,6374434297904372; 0,7258952530100942
0,9997798795257353; 0,013668450526893139; 0,2412869310937822; 0,8975160596892238; 0,9966999823227525; 0,010029325727373362; 0,09997664485126734; 0,8799579008482397; 0,13462242856621742; 0,6647711945697665; 0,4487516498193145
0,35961813033663353; 0,7040660446509719; 0,13356382166966796; 0,9815908474847674; 0,5148304761387408; 0,8586396691389382; 0,44429783895611763; 0,7736551542766392; 0,1070860787294805; 0,7440502806566656; 0,1381335463374853
0,13258161164948537; 0,5897825215943158; 0,7625214802101254; 0,6738662458956242; 0,41739917546510696; 0,1388921933248639; 0,269554587546736; 0,9833992877975106; 0,27252427861094475; 0,08045879285782576; 0,36688579665496945
0,8227505866212078; 0,6548698889091611; 0,7624634779058397; 0,07005739537999034; 0,17940511414781213; 0,6550254444591701; 0,8893064637668431; 0,532916896045208; 0,805492227897048; 0,0848941090516746; 0,7266849493607879
0,5450282467693935; 0,357111856341362; 0,19085721857845783; 0,9701024261303246; 0,010135785210877657; 0,021542638074606657; 0,834616616833955; 0,9131328584626317; 0,15835512336343527; 0,20158161642029881; 0,6751623218879104
0,9926328387916197; 0,36127734184265137; 0,23099568579345942; 0,8693779688328505; 0,7844134354963899; 0,4391303099691868; 0,367722999304533; 0,9858645349740982; 0,31081498228013515; 0,4066988010890782; 0,18251407332718372
0,9779637777071474; 0,8705152273178101; 0,11365500465035439; 0,6241982523351908; 0,4702959298156202; 0,46486112382262945; 0,6570301023311913; 0,42424500919878483; 0,24682389106601477; 0,2511467873118818; 0,4442050796933472
0,6080686635713157; 0,777516997884959; 0,5260120616294444; 0,6241137306205928; 0,3354028631001711; 0,7875772579573095; 0,03995885839685798; 0,7308534914627671; 0,034268943592906; 0,20375926746055484; 0,9150362205691636
0,9554666172148293; 0,6011251150630414; 0,749196155462414; 0,7737354701384902; 0,8231546161696315; 0,31429011188447475; 0,7103059394285083; 0,9322475744411349; 0,929862370248884; 0,08221653802320361; 0,07902419148012996
0,9066525737925029; 0,7674995143897831; 0,43912707222625613; 0,016455886885523796; 0,7758881477639079; 0,8320613619871438; 0,9385369708761573; 0,27877528918907046; 0,519157059956342; 0,37484430614858866; 0,6951006320305169
0,9857256481197564; 0,09985341550782323; 0,6524430015124381; 0,33736924920231104; 0,46248310431838036; 0,06833595037460327; 0,511271228082478; 0,2290299367159605; 0,4016005895100534; 0,5231317561119795; 0,07715517887845635
0,9817479120369731; 0,14823935506865382; 0,22458346094936132; 0,8905642246827483; 0,9517336841672659; 0,3084632270038128; 0,5202008183114231; 0,5272051920183003; 0,3244000794366002; 0,6507623544894159; 0,48587567592039704
0,9566265434790794; 0,3046589042060077; 0,25354492431506515; 0,14820537343621254; 0,2937821773812175; 0,9666486689820886; 0,9534293105825782; 0,3400284140370786; 0,7133857542648911; 0,9526247894391418; 0,5944309704937041
0,9646284406927734; 0,6866190885193646; 0,10650947969406843; 0,06713306484743953; 0,9295707903802395; 0,4395437743514776; 0,2944227494299412; 0,15264238510280848; 0,03532937495037913; 0,33727134903892875; 0,9020026526413858
0,7577723625345038; 0,36260476615279913; 0,05980338156223297; 0,885362190194428; 0,2883273740299046; 0,5334178013727069; 0,9903294877149165; 0,1493986858986318; 0,06767670065164566; 0,9127208194695413; 0,14550204249098897
0,4072680683684343; 0,9536244487389922; 0,49581153551116586; 0,8417676729150116; 0,056179389357566833; 0,9977172040380538; 0,9242677418515086; 0,7908588969148695; 0,7938562482595444; 0,4016785379499197; 0,4267294630408287
0,08561135248131393; 0,04675690224394202; 0,06869686767458916; 0,8309833547100425; 0,28214174089953303; 0,500471486710012; 0,13220498338341713; 0,18341983202844858; 0,7063313769176602; 0,7599218906834722; 0,13986485311761498
0,9500888215383161; 0,6577389976009727; 0,5489311604760587; 0,12283391458913684; 0,29920094180852175; 0,91389239160344; 0,3234493969939649; 0,8648729235865176; 0,32045676838606596; 0,11479094810783863; 0,13748514046892524
-0,03292000583004741; 0,7411454180255532; 0,6407507085241377; 0,6870784577913582; 0,11199561506509781; 0,4876415962353349; 0,5969804879277945; 0,07921528769657016; 0,3333845976740122; 0,5971962553448975; 0,6152930483222008
0,9817290033609334; 0,7009973926469684; 0,13365962216630578; 0,7093047956004739; 0,2122698905877769; 0,13161410950124264; 0,7430736646056175; 0,6767989238724113; 0,12535840133205056; 0,5419738939963281; 0,89626206131652
0,9610683097979725; 0,35947873815894127; 0,7790162353776395; 0,7296013906598091; 0,8307171883061528; 0,7447348898276687; 0,08102218899875879; 0,5887519330717623; 0,05285104922950268; 0,5164890750311315; 0,4981864378787577
0,9880290851232673; 0,167825844604522; 0,10709274932742119; 0,35189646715298295; 0,42385290702804923; 0,949148481246084; 0,7291344753466547; 0,30591055611148477; 0,18481247685849667; 0,030118819791823626; 0,9710559649392962
0,8828801545330179; 0,21172500820830464; 0,40568716498091817; 0,8053001440130174; 0,5547186359763145; 0,14250025851652026; 0,6053389715962112; 0,08355522528290749; 0,5416980884037912; 0,47280568070709705; 0,3483109790831804
0,549201944716339; 0,3213482415303588; 0,7414341741241515; 0,545536782592535; 0,5186860049143434; 0,7841938957571983; 0,007030651438981295; 0,7883132263086736; 0,03172820061445236; 0,7788568986579776; 0,6322952844202518
0,9473997708569112; 0,1231116782873869; 0,9252740438096225; 0,1960528944619; 0,38835451332852244; 0,3639009678736329; 0,2773328898474574; 0,9388395706191659; 0,7914181058295071; 0,8252261448651552; 0,43090103659778833
0,9918463511353854; 0,12506518559530377; 0,22466369345784187; 0,9771808041259646; 0,9113071137107909; 0,9155281530693173; 0,8075679852627218; 0,4375187065452337; 0,7601644205860794; 0,15815137419849634; 0,007276578340679407
-0,14239911672228867; 0,47038213163614273; 0,4217226691544056; 0,6507597155869007; 0,2564666885882616; 0,4310271986760199; 0,7083846004679799; 0,8208797718398273; 0,6780599351041019; 0,4861112073995173; 0,05398591235280037
0,8942192147574043; 0,962489427998662; 0,9388440023176372; 0,014131916221231222; 0,6249310709536076; 0,2692461353726685; 0,4536323817446828; 0,5292429514229298; 0,7582948105409741; 0,9271265724673867; 0,5703862891532481
0,9962116795237301; 0,9634851282462478; 0,7826091139577329; 0,8964090277440846; 0,3179415282793343; 0,5691485153511167; 0,5682878284715116; 0,6728862794116139; 0,8505682502873242; 0,8310216045938432; 0,6208586525171995
0,7737370018688754; 0,12596249300986528; 0,055005339439958334; 0,20392675092443824; 0,1851152959279716; 0,9613591367378831; 0,3711593272164464; 0,8124018479138613; 0,9846586133353412; 0,836627772077918; 0,6687879422679543
0,09417635527113984; 0,6612105504609644; 0,7521805935539305; 0,4960140879265964; 0,47545128548517823; 0,9753789412789047; 0,30775671685114503; 0,9008938954211771; 0,155035687610507; 0,301051854621619; 0,2967553590424359
-0,8081837625406959; 0,6655627442523837; 0,05931318970397115; 0,8091069688089192; 0,2698553493246436; 0,989271700847894; 0,5396784651093185; 0,28846643725410104; 0,6476252749562263; 0,3719501723535359; 0,590482504107058
0,9872435422262711; 0,09769182745367289; 0,9143439009785652; 0,45982975885272026; 0,678275644313544; 0,6486471206881106; 0,8747445517219603; 0,06907942146062851; 0,6503580887801945; 0,42720683524385095; 0,7852430138736963
0,9656198055212378; 0,6260020043700933; 0,9082925459370017; 0,434393631760031; 0,5455466159619391; 0,15262780617922544; 0,8776989760808647; 0,1761272344738245; 0,8788001388311386; 0,3230756255798042; 0,20471310755237937
0,39418556521158515; 0,6777886035852134; 0,5158093394711614; 0,49584155483171344; 0,04424447566270828; 0,7307077925652266; 0,3721103724092245; 0,3571478514932096; 0,8025388978421688; 0,04652594309300184; 0,25734310038387775
0,9409918695171966; 0,41774305142462254; 0,24739795690402389; 0,48829982755705714; 0,20431922236457467; 0,8397108423523605; 0,26539676217362285; 0,2157264556735754; 0,4381751767359674; 0,11680111428722739; 0,8380481931380928
0,9227748943835646; 0,18555469019338489; 0,2471004701219499; 0,09332138393074274; 0,5720499949529767; 0,7217106497846544; 0,5331549532711506; 0,5073187393136322; 0,6142640714533627; 0,20729186618700624; 0,3544563832692802
0,8894090001394435; 0,15329594863578677; 0,721316494513303; 0,018185829743742943; 0,6976263271644711; 0,3994773286394775; 0,6191438524983823; 0,6425960948690772; 0,6680537150241435; 0,9225710704922676; 0,4473202535882592
0,9613194688546094; 0,8701895112171769; 0,34688243409618735; 0,8459625318646431; 0,7142415051348507; 0,2970607355237007; 0,4951170305721462; 0,1816293392330408; 0,36165475752204657; 0,44075091974809766; 0,9414269425906241
0,9980225687569777; 0,14744839817285538; 0,8276674998924136; 0,04499229369685054; 0,9400548483245075; 0,17837039520964026; 0,9322975934483111; 0,7535944757983088; 0,04685836657881737; 0,4150779074989259; 0,8640062347985804
0,15693657559622518; 0,2571129878051579; 0,7405978143215179; 0,7654840196482837; 0,3843021187931299; 0,6997390384785831; 0,692302989307791; 0,7682516202330589; 0,6655021016485989; 0,03162198467180133; 0,43511828826740384
-0,33587000157588676; 0,7907934291288257; 0,5769612584263086; 0,3453068472445011; 0,1610409556888044; 0,41223335172981024; 0,4058937798254192; 0,06192531902343035; 0,9094593306072056; 0,7521480754949152; 0,884681545663625
0,9705436180140937; 0,24534408329054713; 0,2694676867686212; 0,89020458701998; 0,8213607571087778; 0,6024034987203777; 0,007722625974565744; 0,7550544668920338; 0,21653694612905383; 0,084349125623703; 0,7709590392187238
0,927782819995561; 0,36500651808455586; 0,11681816074997187; 0,7144549111835659; 0,621098511852324; 0,2936557359062135; 0,41292361821979284; 0,9216881766915321; 0,46511723566800356; 0,3327994169667363; 0,5884028119035065
0,7545294278913728; 0,8873689561150968; 0,1079349429346621; 0,8629420353099704; 0,2748236288316548; 0,9419343848712742; 0,9000655454583466; 0,45396259939298034; 0,8956287326291203; 0,0015522954054176807; 0,6998960408382118
0,0962916836632037; 0,4413635525852442; 0,6641437592916191; 0,5257082632742822; 0,34156458638608456; 0,8106975508853793; 0,3108879588544369; 0,4322823854163289; 0,7431223387829959; 0,24528106534853578; 0,7595542129129171
0,7810686530009096; 0,9905003337189555; 0,663694438058883; 0,760455684736371; 0,5689181610941887; 0,903127898927778; 0,4385671433992684; 0,8536662780679762; 0,43138180021196604; 0,07517781388014555; 0,30214880546554923
0,8692156139358642; 0,8504684213548899; 0,8107374203391373; 0,169984039850533; 0,6704425765201449; 0,6890104999765754; 0,1157883289270103; 0,08882041182368994; 0,6771669071167707; 0,04077590676024556; 0,20516565768048167
-0,513979322026888; 0,7683305842801929; 0,7496856926009059; 0,21195285581052303; 0,18057258846238256; 0,37994411773979664; 0,5175468572415411; 0,653499451931566; 0,34578182455152273; 0,09625288844108582; 0,44594391342252493
0,9850709429897591; 0,536922596860677; 0,9717710521072149; 0,7515466376207769; 0,9706997028551996; 0,9337222073227167; 0,22650773357599974; 0,8264411222189665; 0,831491629127413; 0,4692651149816811; 0,6340094250626862
0,5414836388663482; 0,9908556952141225; 0,7981069632805884; 0,7308182120323181; 0,4140906073153019; 0,82350506586954; 0,6022869949229062; 0,5861435905098915; 0,9485527067445219; 0,6623028758913279; 0,2836002819240093
0,9386142050421978; 0,700694025028497; 0,8834501281380653; 0,18400409119203687; 0,711452794726938; 0,006093281786888838; 0,6768794707022607; 0,33407790400087833; 0,926610401365906; 0,5874062827788293; 0,01754132006317377
-0,5278234569516932; 0,37729598628357053; 0,24330818932503462; 0,6706213429570198; 0,2599600194953382; 0,5665841763839126; 0,8970842440612614; 0,13071533292531967; 0,02817163709551096; 0,7918898514471948; 0,07910276250913739
0,13689245713563966; 0,5072109857574105; 0,20835678139701486; 0,20983713772147894; 0,1299153221771121; 0,39254449028521776; 0,8998610111884773; 0,4237053827382624; 0,3635092433542013; 0,8423548578284681; 0,8579344837926328
0,4220109893302599; 0,037602770142257214; 0,1330091841518879; 0,819584449287504; 0,025020353961735964; 0,048379947897046804; 0,2820711676031351; 0,1054169088602066; 0,13085236167535186; 0,22270171297714114; 0,8724212585948408
0,9124269412459246; 0,12705140328034759; 0,9861814775504172; 0,8264084793627262; 0,7277678120881319; 0,6615759483538568; 0,9002899611368775; 0,2864662096835673; 0,5203998768702149; 0,7712449240498245; 0,9066992630250752
0,4883249681559362; 0,056226436514407396; 0,30260123079642653; 0,03987622447311878; 0,03369917254894972; 0,12970662117004395; 0,8379803239367902; 0,4636284806765616; 0,48068459751084447; 0,9730345173738897; 0,005424935836344957
0,9721397798460307; 0,9609187464229763; 0,99927389761433; 0,7525313645601273; 0,8667232431471348; 0,868015871848911; 0,6398110603913665; 0,2994817793369293; 0,6133225611411035; 0,9417518991976976; 0,02893789066001773
0,705387718439245; 0,1110335299745202; 0,579318827483803; 0,8130611469969153; 0,5849888804368675; 0,923228703904897; 0,03167540533468127; 0,9960165782831609; 0,39462363393977284; 0,29999384796246886; 0,6016892194747925
0,3780986059895503; 0,7004688247106969; 0,9040078376419842; 0,7876286162063479; 0,06643915688619018; 0,17593009304255247; 0,6352196522057056; 0,479937257245183; 0,47900193091481924; 0,10150623368099332; 0,33263618778437376
0,9999979790870952; 0,7780972667969763; 0,26117223082110286; 0,7240483141504228; 0,8173488499596715; 0,6105949748307467; 0,24327218160033226; 0,3737061182036996; 0,3773244549520314; 0,5143162929452956; 0,5166677595116198
-0,994416737452202; 0,5128705059178174; 0,1322952238842845; 0,9471740922890604; 0,3327069291844964; 0,5523333866149187; 0,3619195707142353; 0,49603281216695905; 0,28379881754517555; 0,9126965077593923; 0,5097135198302567
0,9636535032750447; 0,11357529042288661; 0,4280430725775659; 0,7118468903936446; 0,8146891654469073; 0,340611282736063; 0,6081943758763373; 0,9420725028030574; 0,3586340118199587; 0,6184223247691989; 0,5661582192406058
0,9805974368568308; 0,23496342590078712; 0,11053340742364526; 0,021077286917716265; 0,9123853733763099; 0,8759334553033113; 0,6382307517342269; 0,5535920676775277; 0,960461828391999; 0,9910122505389154; 0,2805705312639475
0,23730045569129488; 0,04508593771606684; 0,9727343823760748; 0,5743568623438478; 0,3116011070087552; 0,07065299339592457; 0,758611666969955; 0,09593263315036893; 0,4944746010005474; 0,8736485526897013; 0,7423954298719764
-0,863142450450408; 0,8738778913393617; 0,0582830011844635; 0,917418098077178; 0,2227570409886539; 0,3337085647508502; 0,02639169292524457; 0,196823435369879; 0,24511292995885015; 0,0177781218662858; 0,06102993246167898
0,7944102979822737; 0,14448104426264763; 0,9033929454162717; 0,5409938772208989; 0,4699873607605696; 0,725608644541353; 0,47388227097690105; 0,026505630929023027; 0,9641599515452981; 0,2667214358225465; 0,7427646545693278
-0,23095272255742857; 0,9383427482098341; 0,6248420597985387; 0,8948049591854215; 0,4579583425074816; 0,23666326235979795; 0,056199255399405956; 0,3968651005998254; 0,9615374645218253; 0,39289815770462155; 0,4471643972210586
0,7349529559260647; 0,8159125274978578; 0,11611209064722061; 0,871646030806005; 0,4024765403009951; 0,29637823067605495; 0,6078249081037939; 0,3976613786071539; 0,27529882453382015; 0,9632883812300861; 0,7461930778808892
0,7914631887395382; 0,6985099706798792; 0,23045385256409645; 0,1124698854982853; 0,5872339848428965; 0,6596468552015722; 0,4172936254180968; 0,13207684876397252; 0,06277019996196032; 0,29878296609967947; 0,7199770826846361
0,9739219344135318; 0,9006121475249529; 0,47917493991553783; 0,867689108941704; 0,8909268071874976; 0,4616044578142464; 0,3321580276824534; 0,5509734037332237; 0,9662862541154027; 0,8669922519475222; 0,791441832203418
0,9918482844646554; 0,13965624012053013; 0,12824395578354597; 0,39357910538092256; 0,4384024660103023; 0,3390388456173241; 0,8256834368221462; 0,7274648151360452; 0,07250762591138482; 0,11212569987401366; 0,1881999266333878
0,9604855188288279; 0,32579440297558904; 0,2476202491670847; 0,5049784420989454; 0,8740826738066971; 0,7141947099007666; 0,6640203637070954; 0,10612638248130679; 0,8521522860974073; 0,7748084925115108; 0,5236278185620904
0,9039971946676257; 0,7682706159539521; 0,16923791728913784; 0,13979741046205163; 0,7769848401658237; 0,41397173749282956; 0,8533319551497698; 0,7140682670287788; 0,2009836812503636; 0,5404358846135437; 0,8079873262904584
0,9775496386959537; 0,06504278955981135; 0,7428910066373646; 0,8950640046969056; 0,9139604619704187; 0,7982955020852387; 0,009444382041692734; 0,9449965846724808; 0,8269336279481649; 0,9649794073775411; 0,6392282298766077
-0,855811722028221; 0,034090782050043344; 0,33288480527698994; 0,8967389073222876; 0,39459802070632577; 0,73444804828614; 0,34124541003257036; 0,21816236712038517; 0,4437703099101782; 0,9190693679265678; 0,38778517581522465
0,9482876274536309; 0,6192914741113782; 0,2256941464729607; 0,5710298614576459; 0,8680998147465289; 0,05647541815415025; 0,05872860178351402; 0,8978157876990736; 0,8974025761708617; 0,2619073009118438; 0,04294765600934625
0,951201576125223; 0,33393969060853124; 0,31498997937887907; 0,4387860964052379; 0,5571922808885574; 0,20297975931316614; 0,48211333714425564; 0,6587742161937058; 0,02961546927690506; 0,5282091377303004; 0,6378606976941228
-0,8661975913713515; 0,12510588439181447; 0,5048146662302315; 0,7655010554008186; 0,2148028132505715; 0,1306087370030582; 0,4855470936745405; 0,0029848176054656506; 0,861008227802813; 0,5070595787838101; 0,6019787350669503
0,9006626602910911; 0,527887106873095; 0,01374285202473402; 0,964813269674778; 0,713368914090097; 0,17882068222388625; 0,04033282492309809; 0,05344548402354121; 0,2568282033316791; 0,33553658379241824; 0,7661517201922834
0,9551225099716075; 0,7349574505351484; 0,030563164968043566; 0,49418245954439044; 0,681015214882791; 0,13530662143602967; 0,6993260681629181; 0,8437537816353142; 0,8060843227431178; 0,9663500357419252; 0,48698247503489256
0,9955844317180883; 0,6466174954548478; 0,7171522942371666; 0,33077166927978396; 0,4931240389123559; 0,6196092213504016; 0,575496450997889; 0,6732805413194001; 0,22241886612027884; 0,32678417675197124; 0,3636345313861966
0,39806841416771693; 0,07005626894533634; 0,6647794749587774; 0,720970437861979; 0,3646561661735177; 0,2088033971376717; 0,9077426176518202; 0,8667430626228452; 0,3161525330506265; 0,7698163562454283; 0,13321352005004883
0,7760650538216649; 0,9133156333118677; 0,7653929088264704; 0,5772765805013478; 0,38431202294304967; 0,9465583846904337; 0,7176162940450013; 0,4004225698299706; 0,09275067690759897; 0,41265421314164996; 0,4514267058111727
-0,9661672574313709; 0,022873363457620144; 0,900742195546627; 0,5777334664016962; 0,3949287189170718; 0,7193321259692311; 0,9013194502331316; 0,27836107881739736; 0,951394444797188; 0,47683880291879177; 0,47788046626374125
0,9092508886168104; 0,1605447707697749; 0,6821314808912575; 0,2676398539915681; 0,5503638284280896; 0,4362359088845551; 0,7538361209444702; 0,6456078286282718; 0,047569246497005224; 0,04599068500101566; 0,066861966624856
-0,12575076683264652; 0,5064341444522142; 0,8987296791747212; 0,8660265104845166; 0,13959689950570464; 0,5583141897805035; 0,9440616029314697; 0,6955823763273656; 0,4592428794130683; 0,5935192219913006; 0,093567063100636
0,7178232507719035; 0,16267111571505666; 0,8525668778456748; 0,7954173502512276; 0,48811541125178337; 0,4486890500411391; 0,6557188886217773; 0,43140654591843486; 0,7279946841299534; 0,1379542308859527; 0,4268916049040854
-0,6768894341274685; 0,5257114814594388; 0,8222173773683608; 0,46569089125841856; 0,36501237470656633; 0,4490100387483835; 0,2736522094346583; 0,5501697477884591; 0,3551619383506477; 0,7320974264293909; 0,5537713905796409
0,9992783069781336; 0,7471032910980284; 0,7286418508738279; 0,3355866512283683; 0,7774877049960196; 0,4089207034558058; 0,5700995810329914; 0,5509508070535958; 0,00768101355060935; 0,06834578653797507; 0,06961211236193776
0,18867516502365042; 0,7730937874875963; 0,4988549123518169; 0,5889039193280041; 0,09122910350561142; 0,6014101030305028; 0,2548544742166996; 0,7704460946843028; 0,02324196696281433; 0,17268774844706059; 0,6118140281178057
0,9801237279316476; 0,5277538634836674; 0,10561089869588614; 0,6158366254530847; 0,9945409707725048; 0,6829298478551209; 0,9962534392252564; 0,34686130890622735; 0,46330541698262095; 0,47923020320013165; 0,8425483414903283
-0,5160727301338385; 0,8135643820278347; 0,4923290624283254; 0,44944045692682266; 0,17623873660340905; 0,8229465833865106; 0,9010312971659005; 0,8774006515741348; 0,13904596166685224; 0,5840945742093027; 0,239779157564044
-0,9999492666070668; 0,21226918697357178; 0,81654819753021; 0,4878653292544186; 0,32030372601002455; 0,8596863569691777; 0,27706455579027534; 0,11963090812787414; 0,7053789799101651; 0,7959794630296528; 0,8773903544060886
0,9387198972858731; 0,9929126747883856; 0,8404723131097853; 0,21275200368836522; 0,20245723146945238; 0,6925478246994317; 0,18532006070017815; 0,682927695568651; 0,2401085803285241; 0,8568314965814352; 0,4906569942831993
-0,8423023776429774; 0,4395815907046199; 0,9470366965979338; 0,8837957307696342; 0,2652707980014384; 0,4376406818628311; 0,02327920636162162; 0,8912935531698167; 0,8810628987848759; 0,8496032860130072; 0,44190818816423416
0,6780925130822877; 0,7937337798066437; 0,25587208243086934; 0,39483770774677396; 0,07195984665304422; 0,28557288832962513; 0,06038161274045706; 0,7891954900696874; 0,5293216267600656; 0,0799833950586617; 0,6989753642119467
0,8293509691437351; 0,2375276586972177; 0,7118892492726445; 0,42492864141240716; 0,3688962431624532; 0,08617906318977475; 0,32239975221455097; 0,49829264264553785; 0,3672179616987705; 0,21778260683640838; 0,13304042350500822
0,9977122452053897; 0,8661476732231677; 0,547169164288789; 0,7428961540572345; 0,9181323405355215; 0,9117260221391916; 0,9974596090614796; 0,1961017856374383; 0,5518042226321995; 0,3241118644364178; 0,38099222211167216
0,9951700098755288; 0,8115959987044334; 0,3565666750073433; 0,8119525546208024; 0,9212463246658444; 0,01539607672020793; 0,4040974313393235; 0,28703268244862556; 0,0843056752346456; 0,5629202099516988; 0,38266634149476886
0,9219756976151519; 0,9994000662118196; 0,2598332487978041; 0,0609757318161428; 0,8628850989043713; 0,900181891862303; 0,5308151505887508; 0,4112701192498207; 0,5158682279288769; 0,9437408577650785; 0,42143049696460366
0,9996023380706686; 0,2674804534763098; 0,7462202957831323; 0,5299246343784034; 0,9834773275069892; 0,4531096792779863; 0,5598675841465592; 0,25031613279134035; 0,5756738786585629; 0,09304862096905708; 0,012921874411404133
0,8731968073023657; 0,9023650134913623; 0,5580998696386814; 0,038277600426226854; 0,48534117778763175; 0,5701874741353095; 0,8878661035560071; 0,5608922545798123; 0,037618865724653006; 0,1525034955702722; 0,6110933758318424
0,9419788229932604; 0,6515005934052169; 0,6463283863849938; 0,8156118695624173; 0,7863680771552026; 0,16634594602510333; 0,1322720143944025; 0,6801166199147701; 0,11611786438152194; 0,6074988399632275; 0,3720332267694175
0,9849407064447067; 0,06477181753143668; 0,7648370703682303; 0,44385532196611166; 0,7641752078197896; 0,4593155919574201; 0,8285684185102582; 0,6320334174670279; 0,39178927801549435; 0,7408289727754891; 0,5038610091432929
0,9794111721697469; 0,27928140200674534; 0,25534816505387425; 0,7961299223825336; 0,6332588642835617; 0,07105191564187407; 0,6294897003099322; 0,07041653571650386; 0,35286764381453395; 0,7905099666677415; 0,3517681835219264
0,606094658736047; 0,4946974073536694; 0,5322682112455368; 0,7100121271796525; 0,5201653083786368; 0,8446444398723543; 0,2664115005172789; 0,9200647370889783; 0,1328797610476613; 0,18267113994807005; 0,9665869707241654
0,9466078918767256; 0,33881495194509625; 0,3436617124825716; 0,39554595621302724; 0,014248616993427277; 0,6922349007800221; 0,21869295369833708; 0,2508424553088844; 0,4291719729080796; 0,4320154646411538; 0,7330067660659552
0,9966301628369301; 0,26502245012670755; 0,8717931164428592; 0,4593697180971503; 0,9885402922518551; 0,4818196832202375; 0,7907650666311383; 0,45432396326214075; 0,05842156056314707; 0,6887827897444367; 0,02416794328019023
0,9652181806851553; 0,027276634238660336; 0,672323439270258; 0,7415255620144308; 0,7713297819718719; 0,12346908217296004; 0,34712856775149703; 0,25349138770252466; 0,16809837380424142; 0,9064121670089662; 0,3523529530502856
-0,5224249303189227; 0,24145054584369063; 0,33341642329469323; 0,913710733409971; 0,17364012729376554; 0,42730495845898986; 0,9355564988218248; 0,25129154743626714; 0,9452131818979979; 0,5125384018756449; 0,407533495221287
0,9732401572648874; 0,5537312529049814; 0,7145984419621527; 0,5949585237540305; 0,31336129177361727; 0,8431527093052864; 0,11959559004753828; 0,9948465279303491; 0,42805707547813654; 0,4903250513598323; 0,5483471304178238
-0,3332545049118086; 0,005282292142510414; 0,7704418301582336; 0,587494580540806; 0,09515103977173567; 0,7876086086034775; 0,8199968542903662; 0,4626567820087075; 0,692899954970926; 0,4871117724105716; 0,962181877810508
-0,4821068835489484; 0,02227840945124626; 0,7276934022083879; 0,36237296322360635; 0,15048931818455458; 0,5111410105600953; 0,41237921407446265; 0,09327916940674186; 0,014832131564617157; 0,31391774071380496; 0,7082626847550273
0,9292474738585964; 0,6661597164347768; 0,7828644989058375; 0,49535938492044806; 0,30492904176935554; 0,683291316498071; 0,1619497975334525; 0,15724874148145318; 0,10103187337517738; 0,8420215002261102; 0,3209824971854687
0,8328975407756473; 0,4449715190567076; 0,5001221518032253; 0,13623736798763275; 0,18169124517589808; 0,07587338425219059; 0,8229771801270545; 0,9529069690033793; 0,7804689570330083; 0,7160810022614896; 0,06773873185738921
-0,8643759202204604; 0,4312881617806852; 0,8106578467413783; 0,9385455693118274; 0,35209208773449063; 0,44662602012977004; 0,5275053726509213; 0,3270203913562; 0,11112585244700313; 0,868406739551574; 0,05142957530915737
0,6985964244059417; 0,8893965128809214; 0,42051784601062536; 0,7908020494505763; 0,5856689303182065; 0,051546919625252485; 0,37382794776931405; 0,018023453652858734; 0,8853229586966336; 0,49372454080730677; 0,7248577070422471
0,988141195665292; 0,33440543292090297; 0,5773575622588396; 0,781870077829808; 0,951933782082051; 0,4819699595682323; 0,5193777116946876; 0,03627219330519438; 0,4607139499858022; 0,11296983202919364; 0,21761139202862978
-0,7456578294007425; 0,4636153904721141; 0,5367824332788587; 0,7831319030374289; 0,33337703393772244; 0,34384660283103585; 0,520136914215982; 0,58945890981704; 0,014621438458561897; 0,4080693870782852; 0,8140075956471264
0,9234259756802272; 0,44188579078763723; 0,5138453273102641; 0,3273891806602478; 0,5781417428515851; 0,12498204177245498; 0,7787564084865153; 0,9161164960823953; 0,468205438926816; 0,6225324212573469; 0,7402763483114541
-0,3448286162002475; 0,3836765270680189; 0,965074447914958; 0,6073494567535818; 0,18877417081966996; 0,5867023258469999; 0,09474466880783439; 0,3455056380480528; 0,9551477087661624; 0,9504004390910268; 0,8882360318675637
0,8900826358490013; 0,1353413979522884; 0,947426738217473; 0,4212135663256049; 0,5710750250145793; 0,614349118899554; 0,22683654353022575; 0,9540457297116518; 0,9134546131826937; 0,3552496852353215; 0,9373821127228439
0,8933755293928703; 0,9703508946113288; 0,8157137706875801; 0,030537875834852457; 0,16488143242895603; 0,5809025899507105; 0,8156971377320588; 0,36391905089840293; 0,858404316008091; 0,9963888064958155; 0,6353564178571105
0,9168097001594776; 0,6951934662647545; 0,4139053258113563; 0,047649058513343334; 0,6083653271198273; 0,9204432158730924; 0,18377263052389026; 0,7127170953899622; 0,7620903966017067; 0,2229852033779025; 0,291567062959075
0,9355313787591564; 0,35068866703659296; 0,347758905030787; 0,8044603704474866; 0,6528682489879429; 0,7942644562572241; 0,6520479870960116; 0,8855551765300333; 0,34315602481365204; 0,22929503209888935; 0,9744098815135658
0,9695887695915266; 0,5246274592354894; 0,09615428326651454; 0,7311834767460823; 0,8334107301197946; 0,23876458872109652; 0,7890529315918684; 0,018143098801374435; 0,014766045846045017; 0,7634419957175851; 0,9424942014738917
0,5184107791849505; 0,8632090580649674; 0,88933592941612; 0,6558435563929379; 0,42210794193670154; 0,41730121336877346; 0,8316596359945834; 0,34533497877418995; 0,30612654564902186; 0,5245069852098823; 0,43510044226422906
0,8569033850139578; 0,033687107264995575; 0,7031945516355336; 0,00884624756872654; 0,47527142334729433; 0,5527188307605684; 0,1117730075493455; 0,008703462779521942; 0,1314879171550274; 0,3572517316788435; 0,6802287073805928
-0,9603725169956895; 0,499376576859504; 0,08837478049099445; 0,9174384162761271; 0,37091684387996793; 0,5966800362803042; 0,4468158446252346; 0,4426161739975214; 0,5469747469760478; 0,08375000674277544; 0,44671307085081935
0,9381104674129618; 0,4737374051474035; 0,7566491244360805; 0,31757670920342207; 0,9920358774252236; 0,6959451213479042; 0,9249801356345415; 0,8441688884049654; 0,5786399524658918; 0,4232843015342951; 0,8549266504123807
0,9837059758516092; 0,8451359691098332; 0,2503859233111143; 0,8092481824569404; 0,9610457210801542; 0,9764196067117155; 0,4499585428275168; 0,9203920848667622; 0,14420033292844892; 0,4112094365991652; 0,5951050599105656
0,9958706419853924; 0,520961144939065; 0,9502057060599327; 0,6969097158871591; 0,9262607931159437; 0,5176919456571341; 0,45023875078186393; 0,5184900993481278; 0,5736387837678194; 0,1730567063204944; 0,28778410516679287
0,9999110486436804; 0,07199750375002623; 0,3086684690788388; 0,03716548020020127; 0,13194421539083123; 0,25642693089321256; 0,163655751850456; 0,2347454084083438; 0,14066569413989782; 0,30224186833947897; 0,3086956269107759
0,5249599682757834; 0,690729713998735; 0,5066758655011654; 0,18973517464473844; 0,29112292686477304; 0,3992590750567615; 0,2958735846914351; 0,9079499286599457; 0,6049087038263679; 0,3226904417388141; 0,9195053819566965
0,9938032896689044; 0,4720515566878021; 0,22308913664892316; 0,7058465834707022; 0,4794212323613465; 0,7546152481809258; 0,10200171452015638; 0,2360230409540236; 0,6122393822297454; 0,18602625094354153; 0,8250997695140541
0,7112406815469626; 0,5547746834345162; 0,8056263006292284; 0,10600081132724881; 0,023159095086157322; 0,6523184208199382; 0,5188367110677063; 0,5313941994681954; 0,8848614394664764; 0,7171046086587012; 0,6271663531661034
0,7080021353931956; 0,38618549099192023; 0,6981199369765818; 0,64603157248348; 0,42156744189560413; 0,882192503195256; 0,9278907035477459; 0,35458826925605536; 0,4329959871247411; 0,20956176100298762; 0,5327989286743104
0,9252451065874643; 0,8811722947284579; 0,28707406483590603; 0,32598990155383945; 0,9672924326732755; 0,697238857857883; 0,09319152403622866; 0,8937285956926644; 0,06371807400137186; 0,32624854845926166; 0,6235372861847281
0,8926323127854371; 0,12880152789875865; 0,30577111383900046; 0,20915677538141608; 0,6666291151195765; 0,2602646127343178; 0,20583968004211783; 0,35630001360550523; 0,6906743608415127; 0,9635401349514723; 0,3003922221250832
-0,9569803688655261; 0,6481060269288719; 0,5832126759923995; 0,2178059839643538; 0,3059994466602802; 0,7245804001577199; 0,27595656970515847; 0,38015164947137237; 0,5007846257649362; 0,784359170589596; 0,6512326071970165
0,9632375686253263; 0,29677722975611687; 0,31858877884224057; 0,776546707842499; 0,8479596828110516; 0,37036956986412406; 0,4655828638933599; 0,9316039327532053; 0,6611091247759759; 0,4468764839693904; 0,5239335908554494
0,09483735657630336; 0,5219262507744133; 0,8727520452812314; 0,6237958171404898; 0,10955127514898777; 0,4975431556813419; 0,7730254260823131; 0,827815733384341; 0,5734126879833639; 0,1053854925557971; 0,9727787002921104
0,9619253128744716; 0,4676401214674115; 0,7376078497618437; 0,4521275395527482; 0,7938930066302419; 0,024854996241629124; 0,14594991691410542; 0,6345182075165212; 0,5544338254258037; 0,42773281410336494; 0,6842617723159492
0,9813307096635481; 0,45239332783967257; 0,5226124455220997; 0,08610212383791804; 0,9020430496893823; 0,08464526804164052; 0,8741315808147192; 0,6201621270738542; 0,1091698263771832; 0,3336413837969303; 0,6991432127542794
0,952357763232017; 0,2275270433165133; 0,7037992631085217; 0,6774944257922471; 0,7793646943755448; 0,02261558873578906; 0,8152110734954476; 0,9994527599774301; 0,10233820183202624; 0,30750996340066195; 0,07114500040188432
0,8937997804612994; 0,05033618398010731; 0,5036077899858356; 0,035481094382703304; 0,6835609101690352; 0,7096740771085024; 0,34044434130191803; 0,9565204344689846; 0,7057347241789103; 0,4111398025415838; 0,01917847665026784
0,9903285184686106; 0,019913977477699518; 0,911650066729635; 0,5151589047163725; 0,7549108429811895; 0,051723163574934006; 0,9200837812386453; 0,38773093605414033; 0,6738040675409138; 0,29868384590372443; 0,9477829081006348
0,9645398658171904; 0,5087749008089304; 0,8651926033198833; 0,14710892783477902; 0,8505883854813874; 0,6370666064321995; 0,5791854560375214; 0,964802366681397; 0,18233339488506317; 0,23361738212406635; 0,5186858656816185
0,8061295148242976; 0,5991945886053145; 0,8661212623119354; 0,5818954347632825; 0,32900892896577716; 0,9195944559760392; 0,9028595760464668; 0,7898239814676344; 0,3163712057285011; 0,9316211249679327; 0,030383823439478874
0,9700085558659187; 0,26390845980495214; 0,993884117808193; 0,8937501856125891; 0,8551359437406063; 0,8919036649167538; 0,38768169190734625; 0,8791215079836547; 0,42158499686047435; 0,06504153041169047; 0,5462905382737517
0,8981837488089367; 0,10786802368238568; 0,08803798630833626; 0,19710813090205193; 0,4588710628449917; 0,5312312431633472; 0,8649629852734506; 0,26137118926271796; 0,9481190051883459; 0,5080930055119097; 0,18124461360275745
0,9908933160133776; 0,14555449271574616; 0,41338896518573165; 0,47559204045683146; 0,4056398328393698; 0,3588759056292474; 0,6724266074597836; 0,8424915573559701; 0,4444999676197767; 0,8159294528886676; 0,3612429737113416
0,7601486110601251; 0,9037311691790819; 0,762872421182692; 0,07996976375579834; 0,6087435898371041; 0,6672984613105655; 0,20646744407713413; 0,8994238721206784; 0,7863267585635185; 0,7578388354741037; 0,1809283015318215
0,4719504621876399; 0,8001435045152903; 0,3812463073991239; 0,6820307546295226; 0,042566145304590464; 0,46456320071592927; 0,8633210794068873; 0,7478554882109165; 0,5951462592929602; 0,5088708223775029; 0,2907698475755751
0,9999988937698323; 0,4318983037956059; 0,16610520519316196; 0,5105834580026567; 0,7179465065710247; 0,3737046546302736; 0,35494972486048937; 0,4551018290221691; 0,5941688474267721; 0,6188161983154714; 0,16754046874120831
0,979631110837845; 0,32603515731170774; 0,06529334327206016; 0,859348124358803; 0,9350193869322538; 0,017872604075819254; 0,672002776991576; 0,524241553619504; 0,508241867646575; 0,1111731706187129; 0,9469987046904862
0,6221431806580044; 0,8162815957330167; 0,701477870810777; 0,0022156396880745888; 0,5291636930778623; 0,9113122951239347; 0,982942211907357; 0,4456807323731482; 0,31052505038678646; 0,9750333456322551; 0,07466051541268826
0,9283919884593103; 0,6278166398406029; 0,10527247143909335; 0,23448914382606745; 0,7830171096138656; 0,6760904095135629; 0,18144615553319454; 0,16277890093624592; 0,49596312176436186; 0,44132325565442443; 0,766469556838274
0,9555612692801833; 0,698920055758208; 0,46236029965803027; 0,8222585907205939; 0,6757311359979212; 0,49079463025555015; 0,885053597856313; 0,802926697768271; 0,5214920807629824; 0,8623055797070265; 0,6596310017630458
0,8042939736474131; 0,0006908047944307327; 0,5044869342818856; 0,3605560860596597; 0,09880047291517258; 0,44586140010505915; 0,7608440616168082; 0,955170985776931; 0,7281109387986362; 0,8433151203207672; 0,1278548100963235
0,31708460877585076; 0,8958530211821198; 0,4548606858588755; 0,7212163554504514; 0,25141188176348805; 0,06894847052171826; 0,9133525346405804; 0,36648478684946895; 0,9729391150176525; 0,864416150841862; 0,7431509774178267
0,9642925395239523; 0,4245597911067307; 0,006311922799795866; 0,5560656501911581; 0,7812743671238422; 0,8521704599261284; 0,21126428293064237; 0,42040989687666297; 0,6859765714034438; 0,2963936235755682; 0,8407631730660796
0,8626994692943263; 0,2653037807904184; 0,0525021250359714; 0,26669572154060006; 0,44246988324448466; 0,39522578986361623; 0,9333184133283794; 0,6074681882746518; 0,7782629411667585; 0,809497831389308; 0,3123061368241906
-0,10720744049219652; 0,799736998975277; 0,9191076424904168; 0,990610427223146; 0,16361035406589508; 0,22184679191559553; 0,5279192226007581; 0,7448322419077158; 0,5176722188480198; 0,9169921381399035; 0,2559552025049925
-0,9374094521020438; 0,583563503343612; 0,12503920635208488; 0,2082717688754201; 0,2757791802287102; 0,9418444172479212; 0,7720434959046543; 0,47719206335023046; 0,9669526517391205; 0,8837247593328357; 0,009216681122779846
0,33480689326330076; 0,19665429228916764; 0,585326817817986; 0,6585857444442809; 0,2893894980661571; 0,7800895813852549; 0,9242814593017101; 0,5507626631297171; 0,427642953582108; 0,20328833162784576; 0,20403619203716516
0,16316511335761366; 0,3085741065442562; 0,9498342406004667; 0,5737526807934046; 0,482563981320709; 0,7519381083548069; 0,44273684546351433; 0,9083622111938894; 0,8464846797287464; 0,8782496941275895; 0,16343103582039475
0,449508918416922; 0,5764012136496603; 0,8271463033743203; 0,5817049141041934; 0,032460891641676426; 0,8870658613741398; 0,8062392203137279; 0,05726300599053502; 0,4855675157159567; 0,16777022136375308; 0,7850456377491355
0,7945111433932196; 0,5052227173000574; 0,5475735357031226; 0,1896324628032744; 0,2440833910368383; 0,05146012594923377; 0,9329899158328772; 0,504813065752387; 0,36875630682334304; 0,19057411327958107; 0,11459821369498968
0,9188178859868731; 0,2787106712348759; 0,18686262471601367; 0,3353973333723843; 0,9817216643132269; 0,44203702500090003; 0,9324579737149179; 0,37140202755108476; 0,21018807915970683; 0,06019775336608291; 0,3011501235887408
-0,13718922606537587; 0,696576438844204; 0,9405599511228502; 0,7151435292325914; 0,23001876194030046; 0,11815700586885214; 0,6641855286434293; 0,500397217925638; 0,6827075113542378; 0,2981684389524162; 0,653180442750454
0,9761490848965685; 0,96187031455338; 0,4614635310135782; 0,6161912325769663; 0,551556492689997; 0,5703211217187345; 0,9630987327545881; 0,6208570720627904; 0,5182276437990367; 0,07314518373459578; 0,5340015739202499
0,9935089877464485; 0,5847267056815326; 0,26664495235309005; 0,6015704995952547; 0,6875122124329209; 0,6272152392193675; 0,9462663563899696; 0,42800487764179707; 0,8525426951237023; 0,9475817368365824; 0,9558790223672986
0,9898384074590527; 0,07848906144499779; 0,8063327176496387; 0,5979559412226081; 0,808931281324476; 0,39631012780591846; 0,9575014519505203; 0,9378434238024056; 0,5606986153870821; 0,3109200452454388; 0,2968791867606342
0,6400121283450056; 0,036609954200685024; 0,783581871073693; 0,26627457002177835; 0,0403613424859941; 0,971951306797564; 0,964193042833358; 0,9038162571378052; 0,2710046856664121; 0,19799497025087476; 0,4372731479816139
-0,6702367365132954; 0,5525872376747429; 0,8040492148138583; 0,5052205543033779; 0,39968116022646427; 0,35064383456483483; 0,14531849371269345; 0,08311688341200352; 0,9959353599697351; 0,7194063193164766; 0,004382995422929525
-0,07948372389075939; 0,17326473258435726; 0,49624300841242075; 0,6244415193796158; 0,4015993629582226; 0,5741909481585026; 0,6348819141276181; 0,9029867919161916; 0,9697329374030232; 0,6042677611112595; 0,020760125014930964
0,9228441582549416; 0,6989596039056778; 0,2852162797935307; 0,3513858038932085; 0,8454133244231343; 0,07194445934146643; 0,27060438226908445; 0,7464122264645994; 0,061615679413080215; 0,290846751537174; 0,241763386875391
0,9827058138079862; 0,14087211433798075; 0,10823276545852423; 0,9662320059724152; 0,9141570245847106; 0,30951895751059055; 0,9847560650669038; 0,8661222336813807; 0,02699932223185897; 0,6774387434124947; 0,5918892589397728
0,9431347640814387; 0,6027615368366241; 0,8379206885583699; 0,11773962946608663; 0,7242789622396231; 0,337618924677372; 0,5623427568934858; 0,6937162028625607; 0,358677068259567; 0,4847218571230769; 0,3683843407779932
0,9463399201048023; 0,33116180961951613; 0,6124512241221964; 0,3312472375109792; 0,4719643839634955; 0,08326702984049916; 0,77188959158957; 0,9554095007479191; 0,10122302547097206; 0,5421767351217568; 0,6023568389937282
0,8823052574167879; 0,7627565367147326; 0,5859178649261594; 0,49256906285881996; 0,27101343497633934; 0,6518433135934174; 0,7771814041770995; 0,43882659170776606; 0,23602359648793936; 0,3839868842624128; 0,05554019846022129
-0,06824542293870572; 0,7817822978831828; 0,5791632700711489; 0,5692446753382683; 0,1296949158422649; 0,9955697618424892; 0,2947980258613825; 0,041676678229123354; 0,7161924368701875; 0,6438259491696954; 0,3135237144306302
0,12336502752009842; 0,0006924858316779137; 0,45350570138543844; 0,37054368760436773; 0,08753514382988214; 0,48487983364611864; 0,808878495823592; 0,30791876884177327; 0,11048453859984875; 0,40894391760230064; 0,20192736387252808
0,9999872595814645; 0,8854861608706415; 0,7306164084002376; 0,3367675133049488; 0,9106505559757352; 0,4524037349037826; 0,5205857651308179; 0,3778831232339144; 0,5404998692683876; 0,48684505373239517; 0,8187226862646639
0,7913733188293991; 0,3407333535142243; 0,17394845001399517; 0,3684160355478525; 0,19461792102083564; 0,7032157820649445; 0,6504567284137011; 0,48470934899523854; 0,8699117517098784; 0,27228242019191384; 0,7504328079521656
0,8320549242561487; 0,07253088615834713; 0,34429652942344546; 0,7464555120095611; 0,6162667986936867; 0,022853579372167587; 0,2625303762033582; 0,252118153963238; 0,7558638826012611; 0,03629176924005151; 0,8831067509017885
0,6841861921528929; 0,9571911874227226; 0,211257160641253; 0,4231312065385282; 0,08393766777589917; 0,6993719059973955; 0,13316918862983584; 0,8599687051028013; 0,18035583151504397; 0,7990555004216731; 0,3281475016847253
-0,504218004318802; 0,7481856690719724; 0,8113917051814497; 0,4559312826022506; 0,1646320722065866; 0,8618109072558582; 0,662882664706558; 0,38480246160179377; 0,38759031146764755; 0,2640802809037268; 0,4979501743800938
0,8725013025195547; 0,06192195462062955; 0,6473967744968832; 0,1940294075757265; 0,5124112605117261; 0,3626760276965797; 0,15338527597486973; 0,28434836119413376; 0,6293530939146876; 0,2496806844137609; 0,22908591153100133
0,8215816464358382; 0,1682425388135016; 0,3750252677127719; 0,023862125352025032; 0,09106831764802337; 0,6969963288865983; 0,8681291677057743; 0,02488152915611863; 0,5727102844975889; 0,3280714997090399; 0,3760821637697518
0,41010337784739204; 0,5741804544813931; 0,9110531765036285; 0,34970066230744123; 0,06166937667876482; 0,46731265680864453; 0,2875281455926597; 0,24884956562891603; 0,49117704294621944; 0,019758183509111404; 0,5880419756285846
-0,5439473322042425; 0,052510309498757124; 0,6226473595015705; 0,9292341386899352; 0,20672030840069056; 0,6976822740398347; 0,014750807080417871; 0,9905634201131761; 0,5817280556075275; 0,9899601587094367; 0,7898722197860479
0,24952246158322167; 0,6072101462632418; 0,43118430860340595; 0,8856539558619261; 0,5016370355151594; 0,5465781381353736; 0,9578000344336033; 0,7774437051266432; 0,11305049201473594; 0,9478797349147499; 0,5856438670307398
0,9964576632338461; 0,40428153425455093; 0,9885553177446127; 0,30839484790340066; 0,737802448682487; 0,17571817664429545; 0,36780449701473117; 0,5261864303611219; 0,24250508891418576; 0,800589554477483; 0,8193012839183211
0,6079593119325991; 0,9651675731875002; 0,43401054898276925; 0,22559444699436426; 0,017909659538418055; 0,35584459314122796; 0,9343827222473919; 0,8231287780217826; 0,47786744125187397; 0,8940420094877481; 0,5868035601451993
-0,8677461548097546; 0,5004274537786841; 0,3387094703502953; 0,30100514786317945; 0,11118982452899218; 0,4846368217840791; 0,5236933780834079; 0,7432407103478909; 0,08553068386390805; 0,8799443733878434; 0,8806710061617196
0,9986102313501566; 0,4670327249914408; 0,28862474020570517; 0,5356576987542212; 0,9573147469200194; 0,9695848347619176; 0,6678863167762756; 0,14726109616458416; 0,2710527777671814; 0,03773776022717357; 0,46834779577329755
0,43432504498560764; 0,772890493273735; 0,6108314273878932; 0,8623487106524408; 0,5248495098203421; 0,6389516415074468; 0,7665516193956137; 0,05909766862168908; 0,4270552652888; 0,3647094676271081; 0,486572521738708
0,9896394375369756; 0,4824952078051865; 0,5500859771855175; 0,24198096338659525; 0,756782975513488; 0,6097273398190737; 0,5102684474550188; 0,1730337180197239; 0,038717626594007015; 0,1733493129722774; 0,6595883308909833
0,9828004507183208; 0,8569704061374068; 0,5972624737769365; 0,688857682980597; 0,8076762105338275; 0,02791219623759389; 0,6832025009207428; 0,8441179869696498; 0,038974456023424864; 0,14828167902305722; 0,7199859451502562
0,9476113454724361; 0,631811321247369; 0,46988970786333084; 0,9510934469290078; 0,8004198581911623; 0,6176240569911897; 0,7029264802113175; 0,5910070175305009; 0,09638791298493743; 0,3834716584533453; 0,277694352902472
0,5285313438961383; 0,688711270224303; 0,8070457689464092; 0,9535672534257174; 0,020202201791107655; 0,8071600939147174; 0,8331878683529794; 0,7757977871224284; 0,610076975543052; 0,25798144610598683; 0,7878005262464285
0,941000631413071; 0,8529739039950073; 0,21716037532314658; 0,176115901209414; 0,5596876861527562; 0,7142491778358817; 0,2434691791422665; 0,740973920095712; 0,0617179311811924; 0,44212023820728064; 0,8169632228091359
0,9981534739713425; 0,9300356926396489; 0,5167355146259069; 0,508613960351795; 0,4683638410642743; 0,18416532408446074; 0,9280570647679269; 0,79574063885957; 0,5375354676507413; 0,5510448766872287; 0,7848868994042277
-0,5865790210535852; 0,6815448729321361; 0,9758538138121367; 0,999766455963254; 0,26728349970653653; 0,1512902886606753; 0,32200810173526406; 0,16180003015324473; 0,033919960260391235; 0,9699064739979804; 0,8240613243542612
0,5514843321040325; 0,6532424269244075; 0,848624337464571; 0,49416780611500144; 0,005818970035761595; 0,43795490078628063; 0,32248889515176415; 0,13378444034606218; 0,7831049873493612; 0,34188684774562716; 0,44192875269800425
0,925988165822259; 0,6809319495223463; 0,6704225265420973; 0,8221169458702207; 0,702233724296093; 0,5694158226251602; 0,23712619673460722; 0,36595067707821727; 0,7627428947016597; 0,47992308996617794; 0,8930320893414319
0,5674866817731268; 0,8108749310486019; 0,08593041403219104; 0,5559425363317132; 0,5186633085832; 0,8819719897583127; 0,03744654590263963; 0,08532974775880575; 0,6614057132974267; 0,05632218345999718; 0,7168288375250995
0,9000900330062784; 0,38992891274392605; 0,2722441339865327; 0,07235930906608701; 0,7046305099502206; 0,2707025967538357; 0,5562117747031152; 0,6751784780062735; 0,04800131870433688; 0,18057067785412073; 0,7495724409818649
0,9784676113336347; 0,8151533138006926; 0,5747844842262566; 0,4530002814717591; 0,8218089840374887; 0,423488587141037; 0,8415002813562751; 0,10856233537197113; 0,8515134332701564; 0,9737678645178676; 0,2965199030004442
0,9399181678224746; 0,017609266098588705; 0,23057702230289578; 0,5165729871951044; 0,5392304314300418; 0,6203381940722466; 0,613504630047828; 0,9111496256664395; 0,23271597549319267; 0,8376319315284491; 0,24444684851914644
-0,7069881271602975; 0,8706682864576578; 0,49571816669777036; 0,8143419651314616; 0,3124716370366514; 0,6876752031967044; 0,9599580084905028; 0,8766312412917614; 0,3712625834159553; 0,7077760752290487; 0,7458802042528987
0,6776149145180562; 0,03543128166347742; 0,057049306109547615; 0,23866708995774388; 0,07739209290593863; 0,54478190978989; 0,3220303449779749; 0,6438629878684878; 0,7882274528965354; 0,9574654176831245; 0,13719820929691195
-0,9927013080515102; 0,150105276145041; 0,6409620610065758; 0,6982104266062379; 0,4146274379454553; 0,15382859716191888; 0,19855380104854703; 0,43526302045211196; 0,17668032506480813; 0,004063388332724571; 0,5671312822960317
0,9641797712916728; 0,5836660414934158; 0,4373216135427356; 0,23754155775532126; 0,817094455473125; 0,11548533523455262; 0,8156883628107607; 0,5681076310575008; 0,15689206356182694; 0,7176389857195318; 0,8815676737576723
0,9791661522296567; 0,05150002520531416; 0,45651178946718574; 0,48008437315002084; 0,9121112236753106; 0,6094159041531384; 0,030809633433818817; 0,2898027431219816; 0,6352813998237252; 0,16540860664099455; 0,20597728434950113
0,4841267394991068; 0,9818955380469561; 0,3407378369010985; 0,7351990989409387; 0,36725099198520184; 0,2822677306830883; 0,7938487068749964; 0,7776340823620558; 0,7192627661861479; 0,8932385621592402; 0,8859452959150076
0,9979275217094524; 0,7371627087704837; 0,03499957360327244; 0,7173211020417511; 0,24846577271819115; 0,2135475119575858; 0,5747203812934458; 0,2187421484850347; 0,8247021273709834; 0,7373002488166094; 0,1599952527321875
0,34170025022977846; 0,8911747331731021; 0,7948030075058341; 0,5436216997914016; 0,034358680713921785; 0,7973098200745881; 0,7803234439343214; 0,10305184591561556; 0,3052845560014248; 0,3786012399941683; 0,7412946620024741
0,8520034828105325; 0,6656938334926963; 0,8642175272107124; 0,8624247936531901; 0,29079866828396916; 0,7175280693918467; 0,5010451003909111; 0,3851612419821322; 0,6539998208172619; 0,43092175852507353; 0,8021273748017848
0,8332042109014347; 0,37510585552081466; 0,6403096420690417; 0,290184601675719; 0,27680880669504404; 0,07011218881234527; 0,9112803004682064; 0,9347521434538066; 0,30760690616443753; 0,781984175555408; 0,4279511086642742
0,7903054353489137; 0,8598802099004388; 0,40903325378894806; 0,12948300084099174; 0,2347176014445722; 0,910210213623941; 0,2005061716772616; 0,23481574887409806; 0,6996183199808002; 0,2798782573081553; 0,8382730991579592
0,6161392932656493; 0,05191899463534355; 0,43480834225192666; 0,09498719125986099; 0,028578322380781174; 0,37405702332034707; 0,30209098383784294; 0,860126297455281; 0,3618847690522671; 0,07696413900703192; 0,9400675552897155
0,9376606094414816; 0,6451684590429068; 0,8521327502094209; 0,34090635273605585; 0,8925203210674226; 0,05728275375440717; 0,998138855677098; 0,518154313787818; 0,5016742935404181; 0,8679304025135934; 0,06739022023975849
0,7271515663602477; 0,7318391636945307; 0,3401815565302968; 0,05083229346200824; 0,12383696669712663; 0,41752623580396175; 0,550925996620208; 0,6049673641100526; 0,10475250380113721; 0,40112589998170733; 0,6312869540415704
0,9999944773879124; 0,7617480466142297; 0,3172821160405874; 0,7111872280947864; 0,9682835559360683; 0,22828334104269743; 0,6285311346873641; 0,5827359301038086; 0,411149141844362; 0,8309763418510556; 0,3069304274395108
0,4022024952961856; 0,6647369810380042; 0,7910677175968885; 0,7884423285722733; 0,06805981323122978; 0,8518760548904538; 0,043120534624904394; 0,47448193933814764; 0,04531533923000097; 0,4593442059122026; 0,19260817766189575
0,9737557266481719; 0,9602488614618778; 0,1905399109236896; 0,9736049147322774; 0,7426695278845727; 0,864669329021126; 0,8295462294481695; 0,864087384659797; 0,6242894614115357; 0,583037312142551; 0,6563066891394556
0,9840792924343708; 0,8277792856097221; 0,7747427797876298; 0,36708321375772357; 0,9139364920556545; 0,4383641164749861; 0,10279224487021565; 0,5563949039205909; 0,8560152938589454; 0,43612241744995117; 0,9446773082017899
0,9990427827942839; 0,005416870582848787; 0,7658496727235615; 0,5279748649336398; 0,7666969075798988; 0,8642017976380885; 0,4268819889985025; 0,6301007959991693; 0,32813797099515796; 0,4165465012192726; 0,28070295974612236
0,20346481421799248; 0,5782490321435034; 0,7757391845807433; 0,7270194524899125; 0,1106976680457592; 0,7873050346970558; 0,7259037778712809; 0,9221134162507951; 0,2715692464262247; 0,9148452379740775; 0,9584218305535614
0,9418493323565175; 0,3954450711607933; 0,049451522529125214; 0,490395859349519; 0,32002659561112523; 0,9158884836360812; 0,6299144383519888; 0,536308494862169; 0,6973833362571895; 0,8942915592342615; 0,3304359009489417
0,8835123141251058; 0,5041825571097434; 0,05731940641999245; 0,407956266310066; 0,5293622920289636; 0,5873239981010556; 0,9784469422884285; 0,9279994051903486; 0,2851086943410337; 0,03140454366803169; 0,16280034463852644
0,9876158853814719; 0,30726154847070575; 0,8785786326043308; 0,7255720538087189; 0,9808026254177094; 0,9423311939463019; 0,27088962914422154; 0,016108389012515545; 0,31375819770619273; 0,27180394623428583; 0,7868382595479488
0,9267138987659999; 0,1949405362829566; 0,9526103907264769; 0,0630579823628068; 0,6607931652106345; 0,6414916245266795; 0,6477835974656045; 0,5675992500036955; 0,45480467891320586; 0,09144532587379217; 0,1078432691283524
-0,9094016431608576; 0,9816326177679002; 0,9981108857318759; 0,679992494173348; 0,41262351907789707; 0,938584647141397; 0,18192207254469395; 0,11853006901219487; 0,4770069271326065; 0,7000765600241721; 0,060915772803127766
0,8808715553260201; 0,6818077024072409; 0,2383857760578394; 0,3122747400775552; 0,5070691485889256; 0,4693065695464611; 0,4526999304071069; 0,7039356902241707; 0,30964311119168997; 0,0857999911531806; 0,27496688114479184
0,9770746158585191; 0,35652250377461314; 0,20023245317861438; 0,5661833635531366; 0,9654053673148155; 0,5211593480780721; 0,6462407018989325; 0,7450877549126744; 0,4344575582072139; 0,7425154624506831; 0,6034965850412846
0,5160386006904295; 0,8325089421123266; 0,4977771216072142; 0,4203589530661702; 0,02555390214547515; 0,15930654481053352; 0,14150303602218628; 0,6681547439657152; 0,969956771004945; 0,5759231918491423; 0,4800765020772815
0,7131267543255061; 0,6938998415134847; 0,19089549547061324; 0,8740493515506387; 0,5906713739968836; 0,23589390516281128; 0,9738533077761531; 0,17107636900618672; 0,04764739330857992; 0,17250153794884682; 0,6502674394287169
0,9321669412532694; 0,8145047756843269; 0,284635572694242; 0,17547723464667797; 0,2105802339501679; 0,9988435027189553; 0,3507988881319761; 0,0857922532595694; 0,3940281569957733; 0,2328579155728221; 0,049847152549773455
0,9819125403226546; 0,6652210899628699; 0,2156407916918397; 0,9098478397354484; 0,9509285413660109; 0,029810589272528887; 0,5659544165246189; 0,15604966646060348; 0,3305299202911556; 0,3726100781932473; 0,8597583035007119
0,9859967840727905; 0,42451947135850787; 0,8294436926953495; 0,5685818078927696; 0,5174150476232171; 0,5142825790680945; 0,8936543450690806; 0,004690665286034346; 0,1871479218825698; 0,9284092406742275; 0,2403207584284246
0,9974494884529911; 0,6501297727227211; 0,8106459667906165; 0,26350325904786587; 0,32293019630014896; 0,5084411934949458; 0,4985489910468459; 0,6080356095917523; 0,579591799993068; 0,37157088657841086; 0,15050547942519188
0,9695289861557698; 0,9890711777843535; 0,4091823729686439; 0,7981301778927445; 0,8397358115762472; 0,7092050667852163; 0,8644956038333476; 0,5129479067400098; 0,5774078690446913; 0,3327273647300899; 0,9586213389411569
-0,1986556754921778; 0,9504561461508274; 0,9086839929223061; 0,8144099120981991; 0,39080466981977224; 0,12454052735120058; 0,044796081725507975; 0,19696038123220205; 0,03675507986918092; 0,09966270998120308; 0,6730589852668345
-0,9942699762790718; 0,7567902617156506; 0,5611244426108897; 0,5539915040135384; 0,3042129962705076; 0,39639280224218965; 0,768349704798311; 0,8570423205383122; 0,5701306904666126; 0,22988966200500727; 0,4208849687129259
0,9489662293846813; 0,5360625637695193; 0,7200303114950657; 0,3204239425249398; 0,7572549963369966; 0,5765588260255754; 0,7096721520647407; 0,8620559661649168; 0,7806959301233292; 0,6240848093293607; 0,26226796582341194
-0,13719382048893117; 0,8855631090700626; 0,9725297815166414; 0,27590118208900094; 0,10615457594394684; 0,35456242924556136; 0,12023837072774768; 0,3262689020484686; 0,18072683224454522; 0,3170932265929878; 0,43852625507861376
0,9731874141270731; 0,06827622605487704; 0,12049764534458518; 0,15186644485220313; 0,29986689565703273; 0,5316846193745732; 0,3140443223528564; 0,4468931434676051; 0,11844648700207472; 0,4569203797727823; 0,04808416124433279
-0,9346773610579348; 0,2609897213988006; 0,7855635941959918; 0,4747995832003653; 0,05182239972054958; 0,8107970706187189; 0,8243210380896926; 0,7818849347531796; 0,893034344073385; 0,6618282659910619; 0,3053791900165379
0,723631273506003; 0,7944876574911177; 0,7530103414319456; 0,023241123650223017; 0,12646180437877774; 0,9675775673240423; 0,11263671144843102; 0,5026994496583939; 0,3685486037284136; 0,19448926718905568; 0,5107201617211103
0,5328531460464561; 0,5205639316700399; 0,0744807617738843; 0,44862534664571285; 0,0171290161088109; 0,6165334959514439; 0,02735640248283744; 0,7402507741935551; 0,6737517467699945; 0,5997019130736589; 0,5982268513180315
0,8260656826551308; 0,17786294920369983; 0,3417592323385179; 0,9993715435266495; 0,29848236311227083; 0,14024562248960137; 0,5991516802459955; 0,8183530913665891; 0,8385092224925756; 0,7980592483654618; 0,26830574963241816
0,9995887629998749; 0,41127745481207967; 0,9770798403769732; 0,3522936152294278; 0,389736017677933; 0,25188872078433633; 0,7053731293417513; 0,5655740848742425; 0,8697513770312071; 0,2518068552017212; 0,43118279054760933
0,923313631878366; 0,7061677156016231; 0,1670554676093161; 0,8479221221059561; 0,7222842024639249; 0,21846033912152052; 0,2346133249811828; 0,43030171701684594; 0,9208281161263585; 0,7077018269337714; 0,9593500080518425
0,8154071120836508; 0,8460287279449403; 0,9072143631055951; 0,01338318595662713; 0,2851976896636188; 0,22779037384316325; 0,17145405756309628; 0,2549782916903496; 0,11574874445796013; 0,6466396008618176; 0,6764037180691957
0,9595557743002671; 0,8674768386408687; 0,8088219189085066; 0,22684059012681246; 0,8185409950092435; 0,5991656775586307; 0,13069072272628546; 0,5429945806972682; 0,01654746662825346; 0,5451556476764381; 0,05051553621888161
0,9999332551232883; 0,5464380723424256; 0,42816016590222716; 0,6150793451815844; 0,8919017687439919; 0,46016612369567156; 0,7806479958817363; 0,9537171367555857; 0,5523878857493401; 0,5748572298325598; 0,5647364514879882
0,21202309155176965; 0,32430032500997186; 0,5858768410980701; 0,28794893668964505; 0,3033878938294947; 0,20731667336076498; 0,2564999405294657; 0,6904809647239745; 0,6711943997070193; 0,04598539276048541; 0,02229833323508501
0,2830859456661639; 0,6806389102712274; 0,6248580613173544; 0,7207575310021639; 0,09043090650811791; 0,2913348823785782; 0,37837626645341516; 0,7675283756107092; 0,8814830570481718; 0,053525521885603666; 0,526467518415302
0,766538108724758; 0,6540742353536189; 0,00591695960611105; 0,5719407335855067; 0,12702134670689702; 0,05317404866218567; 0,07495522685348988; 0,8289299122989178; 0,8377582309767604; 0,24030305864289403; 0,6719601112417877
-0,12097462257032383; 0,8682090709917247; 0,702380845323205; 0,6652924460358918; 0,16520448494702578; 0,8880793452262878; 0,15828670375049114; 0,027892839163541794; 0,4792382693849504; 0,31842795200645924; 0,32354320446029305
0,9291512715267388; 0,2892025811597705; 0,29482438787817955; 0,22063992358744144; 0,9637234783731401; 0,9562642727978528; 0,44848660891875625; 0,5803255955688655; 0,8428202043287456; 0,3103891331702471; 0,7400341862812638
0,880410184062216; 0,6573657882399857; 0,4013927960768342; 0,5199328130111098; 0,6808162392117083; 0,3051598402671516; 0,14395120088011026; 0,4496590686030686; 0,5761182908900082; 0,16991337528452277; 0,7526637725532055
-0,4253456737523289; 0,33589218463748693; 0,1449272884055972; 0,9540599528700113; 0,2566272495314479; 0,9914473071694374; 0,09227638691663742; 0,037404655944556; 0,8570011970587075; 0,36230722116306424; 0,6946500292979181
0,6893399399475276; 0,1371378288604319; 0,8553272085264325; 0,5243995604105294; 0,5754757984541357; 0,4141594134271145; 0,01692879106849432; 0,4782957639545202; 0,48116621375083923; 0,13959758263081312; 0,5538619658909738
0,50104768593351; 0,4841962084174156; 0,4233905770815909; 0,6691817417740822; 0,4078822904266417; 0,6914679664187133; 0,7755263089202344; 0,09329369105398655; 0,16206475859507918; 0,7214824138209224; 0,2210900131613016
-0,21063314663908408; 0,24510412150993943; 0,998417304828763; 0,8734308490529656; 0,17634993884712458; 0,9159477422945201; 0,8394790063612163; 0,7547570047900081; 0,7743769311346114; 0,9378781127743423; 0,4048193604685366
0,8801929680319869; 0,09717832552269101; 0,1972633646801114; 0,02118386374786496; 0,44663714431226254; 0,43270796071738005; 0,6392523259855807; 0,7690333244390786; 0,0007840092293918133; 0,2504978789947927; 0,8214058582670987
0,997687911672267; 0,9232080704532564; 0,46467455150559545; 0,20156086096540093; 0,8595822071656585; 0,5425717844627798; 0,35757508501410484; 0,6332382382825017; 0,07428228063508868; 0,7134515317156911; 0,7361855120398104
0,9729824509072703; 0,7544837086461484; 0,9467365154996514; 0,3846850600093603; 0,4150342480279505; 0,5164288696832955; 0,616838947404176; 0,16758703393861651; 0,7352261408232152; 0,6146173356100917; 0,28186315950006247
0,5731710433856462; 0,3283246634528041; 0,33604058530181646; 0,4611538420431316; 0,4935262529179454; 0,264774679671973; 0,13533603260293603; 0,14747588615864515; 0,9050398552790284; 0,8997649904340506; 0,9373317491263151
0,9017340915826584; 0,7998109199106693; 0,6859737476333976; 0,9936596099287271; 0,7151700342074037; 0,4740939582698047; 0,03699446842074394; 0,9576864126138389; 0,9070219425484538; 0,3755165031179786; 0,669228833168745
0,7420601285740216; 0,037665041629225016; 0,45437945518642664; 0,10874817008152604; 0,1449915962293744; 0,06159813841804862; 0,9170085741207004; 0,28087225649505854; 0,5760475187562406; 0,7331819743849337; 0,34774420829489827
0,8128285869371216; 0,1539443153887987; 0,04296223307028413; 0,24990085838362575; 0,2874591760337353; 0,1629333603195846; 0,8717449568212032; 0,17245070869103074; 0,8209247929044068; 0,2891691643744707; 0,7570453034713864
0,9113259108874374; 0,7548786131665111; 0,326173635199666; 0,18394856434315443; 0,5144417663104832; 0,7480076849460602; 0,9228883222676814; 0,47177725238725543; 0,4091963768005371; 0,23676222329959273; 0,7593504427932203
0,9734517883472381; 0,5383228287100792; 0,9128216654062271; 0,21280445158481598; 0,8229017895646393; 0,15089330822229385; 0,7299885512329638; 0,3698179041966796; 0,7541871801950037; 0,8793743420392275; 0,369081178214401
0,8867847145206417; 0,38664491241797805; 0,19120645010843873; 0,14676429703831673; 0,6036052363924682; 0,131054375320673; 0,5269561996683478; 0,19142351485788822; 0,5187353063374758; 0,7587309493683279; 0,44005356822162867
0,995802271327323; 0,2874008473008871; 0,5749662490561604; 0,6900536762550473; 0,9785822173580527; 0,1683175372891128; 0,24544271174818277; 0,7075950391590595; 0,42799693066626787; 0,940541819203645; 0,39522244269028306
0,9611382374900721; 0,9611454186961055; 0,07371693383902311; 0,8441216191276908; 0,8411876503378153; 0,2999996873550117; 0,6489035203121603; 0,7374559198506176; 0,668234072625637; 0,5070067183114588; 0,8274508262984455
0,9102101322078914; 0,12749779177829623; 0,0021036211401224136; 0,8440474946983159; 0,5820941473357379; 0,6604824140667915; 0,9031624472700059; 0,6430072104558349; 0,06964448792859912; 0,07327931467443705; 0,3458017027005553
0,9892810064478152; 0,11585872946307063; 0,6719980863854289; 0,6786651103757322; 0,777333727106452; 0,6107508209533989; 0,43833592627197504; 0,23134305560961366; 0,02448637830093503; 0,29296959983184934; 0,5496309581212699
0,79523221701797; 0,48876826046034694; 0,369427137542516; 0,08464821707457304; 0,24165442446246743; 0,7425217600539327; 0,46668261336162686; 0,24441411346197128; 0,9144642967730761; 0,9809745531529188; 0,2849546102806926
0,9991223326187553; 0,9714640746824443; 0,750904475338757; 0,20226416317746043; 0,9243698311038315; 0,6037725484929979; 0,5020301542244852; 0,5620375974103808; 0,49878231110051274; 0,3849997790530324; 0,7958993795327842
-0,5351439315669803; 0,2859280277043581; 0,7183873276226223; 0,686473439913243; 0,39760288037359715; 0,7207644758746028; 0,30567811615765095; 0,017568522598594427; 0,1716757444664836; 0,7022132487036288; 0,9788148552179337
0,8867547564824522; 0,023031568620353937; 0,7192944721318781; 0,16625070804730058; 0,2992019965313375; 0,3847649828530848; 0,7755862288177013; 0,590120215434581; 0,12118533393368125; 0,512906102463603; 0,13642221316695213
0,910422203462035; 0,14080586656928062; 0,03965641697868705; 0,9024212011136115; 0,6295216330327094; 0,8575879568234086; 0,9021492931060493; 0,1587314885109663; 0,7960535292513669; 0,27684646006673574; 0,22797481529414654
0,9223795343561411; 0,026373440865427256; 0,6123166107572615; 0,12849109014496207; 0,99639184307307; 0,9787774747237563; 0,37712376471608877; 0,39940517768263817; 0,019635554868727922; 0,463573785033077; 0,3101954609155655
0,9881491411122895; 0,8266212767921388; 0,8751166728325188; 0,9437243938446045; 0,9695682846941054; 0,7541101556271315; 0,11713204486295581; 0,3252776740118861; 0,023949555587023497; 0,6772589976899326; 0,3224993273615837
0,9547904957185083; 0,17035034112632275; 0,13185457373037934; 0,5421404698863626; 0,6402891976758838; 0,4066945305094123; 0,25075341667979956; 0,5293221715837717; 0,4197558262385428; 0,9214916508644819; 0,12544713728129864
0,8924525440136405; 0,6692716614343226; 0,40653396863490343; 0,7076943176798522; 0,4983158106915653; 0,49556633923202753; 0,5149316391907632; 0,4246227308176458; 0,6217231303453445; 0,04342475114390254; 0,11185386124998331
0,9993629493087776; 0,8134838687255979; 0,02449875371530652; 0,8854837915860116; 0,9243370112963021; 0,2496057990938425; 0,08567356551066041; 0,5561080053448677; 0,40954092517495155; 0,40009299106895924; 0,025358217768371105
0,2178800598516866; 0,37706594029441476; 0,7104792050085962; 0,6933025782927871; 0,3512353296391666; 0,008111226372420788; 0,7263268153183162; 0,9175926060415804; 0,9002613737247884; 0,4702895558439195; 0,2725683357566595
0,995102559684603; 0,5829261359758675; 0,8053481066599488; 0,563406512606889; 0,9289433257654309; 0,6741946884430945; 0,22067506378516555; 0,4464118187315762; 0,9014514992013574; 0,5434337188489735; 0,2612442481331527
0,4739649064364694; 0,4405327388085425; 0,7304340489208698; 0,7631263146176934; 0,5263734958134592; 0,7549920352175832; 0,5864731492474675; 0,7056514867581427; 0,19407575950026512; 0,7825064789503813; 0,2740791579708457
0,9589312804374263; 0,8693385310471058; 0,597467899788171; 0,7587080439552665; 0,8337253429926932; 0,42419497249647975; 0,40695455810055137; 0,49424448190256953; 0,82601796137169; 0,4924986641854048; 0,3995245173573494
0,9909192188285094; 0,18741382472217083; 0,32711207773536444; 0,556015273090452; 0,8150409758090973; 0,17358477180823684; 0,5727104675024748; 0,6440251190215349; 0,25257802475243807; 0,9262309395708144; 0,5928062773309648
-0,922786979606227; 0,7692104619927704; 0,7652243855409324; 0,7704214490950108; 0,25892906403169036; 0,8159230290912092; 0,2465450749732554; 0,16224490804597735; 0,13934848550707102; 0,9383745384402573; 0,13440799247473478
0,9964103484298156; 0,2988317268900573; 0,05396194290369749; 0,21217590663582087; 0,313001143746078; 0,10960310185328126; 0,5772940712049603; 0,17357689887285233; 0,4830268523655832; 0,06771385157480836; 0,8050696696154773
0,5239617927702467; 0,6227987902238965; 0,8500987873412669; 0,3975536087527871; 0,38874061219394207; 0,5074339807033539; 0,34390190336853266; 0,047069397289305925; 0,29209044808521867; 0,9456331362016499; 0,8932993672788143
-0,9548922261652291; 0,5512935356236994; 0,9574414314702153; 0,6808892725966871; 0,19281954178586602; 0,6930131781846285; 0,5717172063887119; 0,2923824074678123; 0,6197557896375656; 0,39166807057335973; 0,09013156685978174
0,8807437338054988; 0,5658485316671431; 0,30141064524650574; 0,042807056568562984; 0,5449265451170504; 0,7559832935221493; 0,7669971911236644; 0,3953341683372855; 0,9269999782554805; 0,4247854040004313; 0,4003912163898349
0,9991015128347579; 0,6543061132542789; 0,20572245074436069; 0,6735562374815345; 0,7960146339610219; 0,41094360314309597; 0,04765656776726246; 0,816221877001226; 0,14905940974131227; 0,820837255101651; 0,27442683884873986
0,9998909552662057; 0,037741788662970066; 0,409893358591944; 0,6604427420534194; 0,9125981302931905; 0,6673937267623842; 0,7031415146775544; 0,5394394132308662; 0,3884083400480449; 0,10658512357622385; 0,6537498445250094
0,9936235405010965; 0,9124654522165656; 0,9970049918629229; 0,6735483594238758; 0,919022049754858; 0,7194609232246876; 0,6092388122342527; 0,3517029960639775; 0,6004166351631284; 0,3317313129082322; 0,4673013975843787
0,8538652974531996; 0,3948151799850166; 0,35797840310260653; 0,4248270448297262; 0,07270288746803999; 0,8853101269342005; 0,6043753679841757; 0,9908221885561943; 0,04512873664498329; 0,9595953607931733; 0,6739647723734379
0,9551634824965166; 0,3936890000477433; 0,00912799732759595; 0,7114068060182035; 0,36269471049308777; 0,4935442549176514; 0,7970889871940017; 0,5483091943897307; 0,11487998394295573; 0,6479122065939009; 0,09911151463165879
0,8753667930032549; 0,47874844213947654; 0,13108263490721583; 0,4082357487641275; 0,5459673409350216; 0,5443644556216896; 0,8732335031963885; 0,6501032817177474; 0,03574081975966692; 0,3512857756577432; 0,902456855867058
0,9173485769139593; 0,16400301782414317; 0,07657704735174775; 0,14713894622400403; 0,9735901029780507; 0,19080032175406814; 0,9683879823423922; 0,520004790276289; 0,5846108170226216; 0,40164640825241804; 0,8271034122444689
0,9672978532075853; 0,6859553353860974; 0,447290092241019; 0,5264157387427986; 0,7348801530897617; 0,7691166484728456; 0,7335331840440631; 0,14795172307640314; 0,5651462194509804; 0,44547748332843184; 0,5609450745396316
-0,3693443482119418; 0,6681930613704026; 0,317285000346601; 0,4586290311999619; 0,16565985791385174; 0,9536474356427789; 0,41091889375820756; 0,3510004486888647; 0,21346278209239244; 0,8263329844921827; 0,209075341001153
0,8087378295947271; 0,7052719094790518; 0,6632865853607655; 0,18639378948137164; 0,20546196168288589; 0,8959631873294711; 0,1460353545844555; 0,71191928954795; 0,2933570356108248; 0,25366487400606275; 0,4383356492035091
0,6435068833165472; 0,7675757212564349; 0,26740687200799584; 0,5164539236575365; 0,2611136664636433; 0,4692404945380986; 0,6035231896676123; 0,6761598959565163; 0,17779100872576237; 0,3357495996169746; 0,797332582063973
0,982685080391771; 0,6520333304069936; 0,5934042939916253; 0,3698441181331873; 0,49010609555989504; 0,524040930904448; 0,35479607339948416; 0,4551811786368489; 0,7092008902691305; 0,05976804904639721; 0,7891921862028539
0,8961282981414681; 0,5343555849976838; 0,2969606248661876; 0,14273495972156525; 0,679534574970603; 0,475861303973943; 0,09892425872385502; 0,43588146660476923; 0,42457563150674105; 0,5227703140117228; 0,01873309537768364
0,8842197971108259; 0,7693275138735771; 0,18459464376792312; 0,03713680477812886; 0,3187674288637936; 0,00034978706389665604; 0,13558032549917698; 0,14579560235142708; 0,6278703412972391; 0,08786114864051342; 0,6186772570945323
-0,8869438711336093; 0,17728413501754403; 0,42768343817442656; 0,5407657870091498; 0,09989444445818663; 0,1533136391080916; 0,6855532098561525; 0,3480817754752934; 0,8337536682374775; 0,058908702339977026; 0,6383417560718954
-0,303945453454374; 0,144267572555691; 0,46397532243281603; 0,8607421214692295; 0,17258120281621814; 0,4895025957375765; 0,19691120833158493; 0,1401682929135859; 0,487590990960598; 0,5045414250344038; 0,9574290793389082
0,9982364976489704; 0,7784196510910988; 0,17342477524653077; 0,8770141298882663; 0,7663512686267495; 0,21703060762956738; 0,21651397459208965; 0,7887270534411073; 0,4403598541393876; 0,24197622016072273; 0,3766835858114064
0,9788786910015975; 0,9735807734541595; 0,325427882373333; 0,9928489024750888; 0,925672716461122; 0,9430954181589186; 0,8589487359859049; 0,49866365268826485; 0,3296455875970423; 0,8128297845833004; 0,17005928745493293
0,8861508991905873; 0,09086949657648802; 0,3684114534407854; 0,14012926444411278; 0,2548555051907897; 0,30753794638440013; 0,5644734888337553; 0,3108928957954049; 0,998882397543639; 0,40186396054923534; 0,9896056293509901
0,9874325781854892; 0,0246661314740777; 0,3110665827989578; 0,17315456317737699; 0,39875844586640596; 0,8942848420701921; 0,7281504953280091; 0,03645903617143631; 0,7804351574741304; 0,36109592393040657; 0,6501946914941072
0,9082629355566081; 0,017778472509235144; 0,5902888644486666; 0,30452556582167745; 0,44920487236231565; 0,11751837376505136; 0,3795244852080941; 0,5278734937310219; 0,05442369682714343; 0,7429420966655016; 0,6059406506828964
0,9644427465009643; 0,035460850689560175; 0,4422273114323616; 0,26784159103408456; 0,16226995596662164; 0,745071669574827; 0,37961867032572627; 0,6809192234650254; 0,826526724267751; 0,5209723082371056; 0,5699318624101579
0,4385093768111635; 0,727952045854181; 0,8268858673982322; 0,6445604357868433; 0,05128146754577756; 0,43598317727446556; 0,7959285057149827; 0,3795015844516456; 0,4152633361518383; 0,8785178135149181; 0,1411283751949668
0,9004809889642479; 0,4863077853806317; 0,3895614626817405; 0,7180255567654967; 0,5790142430923879; 0,11175203137099743; 0,6756289359182119; 0,6220022882334888; 0,8457019422203302; 0,10585718415677547; 0,026723974850028753
0,3192644130220699; 0,26944482140243053; 0,3897085119970143; 0,7018571472726762; 0,06166787166148424; 0,5939115658402443; 0,8937191208824515; 0,19515094393864274; 0,45608379459008574; 0,7214784603565931; 0,04295357782393694
-0,6839112138415381; 0,5658645983785391; 0,9185224501416087; 0,7686704467050731; 0,2178036761470139; 0,2633880046196282; 0,5460842088796198; 0,4463355974294245; 0,2905341857112944; 0,3869442939758301; 0,5324354856275022
0,11220308476745162; 0,8828331399708986; 0,6669704243540764; 0,7456837589852512; 0,35846632812172174; 0,7031203019432724; 0,9278581221587956; 0,4841498276218772; 0,014970664866268635; 0,3004995286464691; 0,8795455214567482
-0,8068391169698381; 0,07756280619651079; 0,723964580334723; 0,5969944610260427; 0,21671720454469323; 0,9895707829855382; 0,9097371003590524; 0,8321203803643584; 0,2056366614997387; 0,42479588463902473; 0,6314952461980283
-0,8612769752189381; 0,35518172197043896; 0,29510978190228343; 0,8624005471356213; 0,19485708326101303; 0,014644612558186054; 0,17039054911583662; 0,7693547243252397; 0,8947396716102958; 0,10819881176576018; 0,7706618593074381
-0,2818445797402986; 0,6354185324162245; 0,165693124756217; 0,6523803826421499; 0,19577144319191575; 0,777585593983531; 0,7302759205922484; 0,06033299770206213; 0,79765664646402; 0,458234622143209; 0,33391350228339434
0,45912462837995643; 0,82946443464607; 0,5078092375770211; 0,513111321721226; 0,048708267044276; 0,4003035598434508; 0,0964390728622675; 0,25259279226884246; 0,5515788812190294; 0,22510224534198642; 0,6301342006772757
0,7350960172097694; 0,6822624946944416; 0,5059179598465562; 0,7285116664133966; 0,596703527495265; 0,4434822159819305; 0,9302349565550685; 0,6600229484029114; 0,23775715986266732; 0,04692382784560323; 0,9915728564374149
-0,7650229287652549; 0,930399895645678; 0,24650946538895369; 0,1702271099202335; 0,4169317604973912; 0,939593908842653; 0,08790148515254259; 0,6117091127671301; 0,09374451031908393; 0,6835984229110181; 0,7388074779883027
-0,9972831215828614; 0,8998839436098933; 0,048164662439376116; 0,6310219988226891; 0,06205795146524906; 0,1209646281786263; 0,7155292951501906; 0,25808302452787757; 0,3353297137655318; 0,9638749421574175; 0,14966213423758745
-0,3605230077622459; 0,9115473669953644; 0,4895008374005556; 0,5563545618206263; 0,1702718399465084; 0,10408703470602632; 0,09965474018827081; 0,9845992629416287; 0,38084692414849997; 0,3183299140073359; 0,3680797009728849
-0,5446839506828565; 0,8404757529497147; 0,3113799965940416; 0,9370805607177317; 0,38510375656187534; 0,9940374232828617; 0,02342933416366577; 0,8116430095396936; 0,11238613305613399; 0,16576128313317895; 0,8353024646639824
0,7353441642009785; 0,1457563736476004; 0,07055847533047199; 0,2638159887865186; 0,14146048668771982; 0,5139311891980469; 0,06598606472834945; 0,09734549699351192; 0,5401382273994386; 0,5591795449145138; 0,7393000326119363
0,06710355060242357; 0,976562098134309; 0,2538710841909051; 0,9854722274467349; 0,34199164947494864; 0,319323874078691; 0,9863262316212058; 0,2450000843964517; 0,05510268826037645; 0,6508914376609027; 0,6479125521145761
0,9463141136126685; 0,34380232356488705; 0,5561870317906141; 0,1834015343338251; 0,40090090222656727; 0,14672456122934818; 0,724097334779799; 0,04738683998584747; 0,3765498986467719; 0,22020159009844065; 0,4482499719597399
0,5280126374004954; 0,452077629044652; 0,2461826168000698; 0,9983905972912908; 0,5320472451858222; 0,12802753504365683; 0,1924675195477903; 0,4831112986430526; 0,32538832165300846; 0,25716491509228945; 0,3667616220191121
0,996570184210824; 0,3054071725346148; 0,47419309988617897; 0,5787062211893499; 0,9102897942066193; 0,8720774799585342; 0,5145415961742401; 0,15430191671475768; 0,5356996147893369; 0,3339437977410853; 0,06441920483484864
0,9586842058518172; 0,20892361318692565; 0,6256626066751778; 0,12231797212734818; 0,8784926300868392; 0,2047303100116551; 0,808052085340023; 0,3155876905657351; 0,59298255154863; 0,9198674047365785; 0,752093116287142
0,9156541253682235; 0,7640306302346289; 0,21878919890150428; 0,19152771215885878; 0,7241575256921351; 0,7758334982208908; 0,9189158068038523; 0,8968688109889627; 0,30970609141513705; 0,3780855122022331; 0,4781553400680423
0,9542218476813291; 0,33721035439521074; 0,3681041495874524; 0,4314751089550555; 0,3369061187840998; 0,6092337523587048; 0,14408429572358727; 0,8883082368411124; 0,3093161187134683; 0,3750908593647182; 0,31831296533346176
-0,9714010259468842; 0,9528744886629283; 0,7785621774382889; 0,5377103313803673; 0,2491217702627182; 0,6877205525524914; 0,03598850034177303; 0,7312086811289191; 0,7127143838442862; 0,4535473440773785; 0,7881876123137772
0,9985404720454042; 0,9419223391450942; 0,8978444724343717; 0,3008722295053303; 0,6892308089882135; 0,30949873803183436; 0,3900695135816932; 0,00024059461429715157; 0,2273680279031396; 0,6831617844291031; 0,06745749944821
0,8792035456913199; 0,4299502642825246; 0,9528465177863836; 0,25091197108849883; 0,4663270669989288; 0,5637885290198028; 0,05799956666305661; 0,5639402703382075; 0,9372402490116656; 0,8594682831317186; 0,10308234859257936
0,482159904974433; 0,4736829735338688; 0,8824073392897844; 0,05041491240262985; 0,04035112680867314; 0,40711525082588196; 0,6348244091495872; 0,565309252589941; 0,22596943890675902; 0,5816658195108175; 0,16025492595508695
0,9855451510962978; 0,46956886537373066; 0,531448292080313; 0,3646336863748729; 0,2772267051041126; 0,5714541180059314; 0,4897417426109314; 0,8928148089908063; 0,38014322193339467; 0,6419419208541512; 0,1452795546501875
0,9835045920749739; 0,7390292012132704; 0,3322509150020778; 0,26263653207570314; 0,9334033131599426; 0,8587012887001038; 0,991477232426405; 0,36868258425965905; 0,1788414758630097; 0,408543196041137; 0,11982698040083051
0,8876319228495018; 0,3096680953167379; 0,15075346129015088; 0,986584133002907; 0,5180095583200455; 0,9722011117264628; 0,3782716179266572; 0,1016385373659432; 0,49139696080237627; 0,5806875852867961; 0,2769656451418996
0,9153403360912764; 0,4766179583966732; 0,39972629118710756; 0,8000605111010373; 0,7013436229899526; 0,8319743475876749; 0,06981368595734239; 0,35310802748426795; 0,6954977209679782; 0,5192293291911483; 0,43217064905911684
0,8732328568443511; 0,12492182059213519; 0,8017277149483562; 0,15825753659009933; 0,3231321405619383; 0,6036383882164955; 0,6511741639114916; 0,5723243495449424; 0,02688931580632925; 0,8669115104712546; 0,8776571759954095
-0,6014090067689183; 0,423466389067471; 0,47710881056264043; 0,7820126870647073; 0,3444562410004437; 0,4655852448195219; 0,07464051619172096; 0,33086695801466703; 0,49978115409612656; 0,5505837793461978; 0,26181032229214907
0,9216693479321516; 0,5427223765291274; 0,4753409097902477; 0,4228441813029349; 0,11828692816197872; 0,9161338545382023; 0,9283221284858882; 0,48889849055558443; 0,13801119569689035; 0,9569217786192894; 0,17823942471295595
0,6370012825120386; 0,07488034060224891; 0,5796530218794942; 0,6492539518512785; 0,5135998651385307; 0,7920652781613171; 0,49234267603605986; 0,4579457468353212; 0,17637465661391616; 0,7553183161653578; 0,9341225936077535
0,7805334738924916; 0,26865610713139176; 0,3707259870134294; 0,47964647272601724; 0,5052326461300254; 0,9445458892732859; 0,5640298095531762; 0,728145020082593; 0,5524684907868505; 0,07104482920840383; 0,632665996439755
0,8581816108997964; 0,15485105384141207; 0,8697920679114759; 0,6996341156773269; 0,6281594107858837; 0,6479913820512593; 0,18079323880374432; 0,27339005982503295; 0,6156547833234072; 0,1867916756309569; 0,2590002561919391
-0,4154619518984584; 0,8757833959534764; 0,6270060366950929; 0,012999782338738441; 0,18571515986695886; 0,3300075177103281; 0,9335735193453729; 0,45142887998372316; 0,020854900125414133; 0,5404053307138383; 0,5697264201007783
0,992817716041247; 0,3906686711125076; 0,8324823924340308; 0,6212199362926185; 0,75862419558689; 0,6899453834630549; 0,5312985489144921; 0,33200328005477786; 0,24681825144216418; 0,5513989818282425; 0,11252140905708075
-0,08466980684846306; 0,7255917191505432; 0,9900385541841388; 0,20036364952102304; 0,3729198267683387; 0,8907021847553551; 0,5010890113189816; 0,9146535689942539; 0,03834492200985551; 0,7673065876588225; 0,49767123023048043
0,9755297820480114; 0,6308254832401872; 0,18327921070158482; 0,6037959894165397; 0,8700652057304978; 0,5652645640075207; 0,8954583061859012; 0,9271725285798311; 0,8374426476657391; 0,9356048032641411; 0,9246712243184447
0,9770161616539141; 0,8504337030462921; 0,10629807692021132; 0,9144791066646576; 0,7421303833834827; 0,8283173204399645; 0,4857999044470489; 0,29727677442133427; 0,07696706894785166; 0,636177868116647; 0,2074276297353208
0,9999557232744803; 0,6688303481787443; 0,10092367371544242; 0,3676765193231404; 0,6448081308044493; 0,8046116470359266; 0,3968472806736827; 0,23258371651172638; 0,06065088836476207; 0,10673759458586574; 0,7513961717486382
0,6632580341074833; 0,6851279847323895; 0,5872053173370659; 0,08494742214679718; 0,05860545672476292; 0,5178058566525578; 0,5444447286427021; 0,4056532308459282; 0,43729263311252; 0,6168634258210659; 0,07352433493360877
0,5298417040760985; 0,7019860739819705; 0,30853275349363685; 0,5226244204677641; 0,017407691106200218; 0,11338932858780026; 0,6965465219691396; 0,38666457356885076; 0,7560822814702988; 0,8907191581092775; 0,8187543889507651
0,8983990288370372; 0,3143977518193424; 0,896877268794924; 0,18785495776683092; 0,185697915032506; 0,6159786377102137; 0,7069758386351168; 0,2479327362962067; 0,373559792060405; 0,27050146646797657; 0,07579409936442971
0,5664460652685982; 0,9132744409143925; 0,7337037301622331; 0,011694956570863724; 0,15765700303018093; 0,6398898866027594; 0,7228935300372541; 0,2832958637736738; 0,5029163123108447; 0,3602812453173101; 0,5999562502838671
-0,3366143145384047; 0,8826838983222842; 0,6007691635750234; 0,12235046457499266; 0,20001782244071364; 0,43380634812638164; 0,5865486324764788; 0,10190682439133525; 0,5439849095419049; 0,5438430560752749; 0,3620586870238185
0,36559466102432364; 0,9514405406080186; 0,4279497507959604; 0,17415467463433743; 0,055164949502795935; 0,4381415154784918; 0,42703610099852085; 0,9158357670530677; 0,12422347394749522; 0,24440824333578348; 0,7611126680858433
0,9434707629134824; 0,5325364065356553; 0,9924048320390284; 0,29837552970275283; 0,29894911078736186; 0,4044664395041764; 0,9100819802843034; 0,7165859770029783; 0,7691697487607598; 0,9794115289114416; 0,7949207401834428
0,9307495350024421; 0,9229454873129725; 0,41920120595023036; 0,26738560292869806; 0,43895042687654495; 0,679597832262516; 0,2555984565988183; 0,6204042392782867; 0,09162879595533013; 0,41428794199600816; 0,3647837210446596
0,9090601660466195; 0,33507434744387865; 0,8980081216432154; 0,9717318029142916; 0,7161518475040793; 0,8497591419145465; 0,13843951607123017; 0,7539488160982728; 0,8578498591668904; 0,2969920067116618; 0,9140536007471383
0,9905854574742162; 0,2440766249783337; 0,02244823845103383; 0,4553488795645535; 0,40298273228108883; 0,5263688042759895; 0,4837089590728283; 0,5089224516414106; 0,6652149460278451; 0,1751204514876008; 0,9534352025948465
0,8493020069326864; 0,19708828581497073; 0,7734230197966099; 0,301511621568352; 0,10863724630326033; 0,5397856743074954; 0,712971628177911; 0,5213255444541574; 0,8863636627793312; 0,07446644129231572; 0,5603291792795062
0,9896945942955612; 0,6546622924506664; 0,00020416639745235443; 0,5754856094717979; 0,5702707460150123; 0,5386811196804047; 0,8849424282088876; 0,9096801546402276; 0,5761349610984325; 0,13341405196115375; 0,6157364789396524
0,8835883237038844; 0,4484412339515984; 0,04850444523617625; 0,07895193994045258; 0,5554663557559252; 0,5810408084653318; 0,8076721741817892; 0,41745058773085475; 0,4907688922248781; 0,06556946085765958; 0,7580064660869539
0,9090564011542568; 0,34810636239126325; 0,2417963445186615; 0,3954888596199453; 0,7622750736773014; 0,44321836344897747; 0,4939534538425505; 0,9250226579606533; 0,04941034596413374; 0,7930648704059422; 0,1573498179204762
0,9389030967855689; 0,7123923194594681; 0,5410909270867705; 0,4496899810619652; 0,10792705044150352; 0,34002864733338356; 0,9819301147945225; 0,49528087908402085; 0,4282753746956587; 0,35705919610336423; 0,3676695432513952
0,9566494282388764; 0,4538029567338526; 0,009200361091643572; 0,1013534851372242; 0,7342183813452721; 0,6747937561012805; 0,4710044921375811; 0,9472767459228635; 0,8964852150529623; 0,6960040130652487; 0,33338575903326273
0,3140485007008573; 0,6366520375013351; 0,27707924135029316; 0,6233827616088092; 0,0526530621573329; 0,4491114025004208; 0,2518262858502567; 0,43298311438411474; 0,7155014201998711; 0,015114359557628632; 0,9928569332696497
0,9578099769380116; 0,1873296406120062; 0,7538937251083553; 0,21705845929682255; 0,589416469912976; 0,1179276998154819; 0,15076909819617867; 0,5959812188521028; 0,06646140431985259; 0,5419148490764201; 0,42064044112339616
0,7247147738962854; 0,39052559481933713; 0,4340470000170171; 0,20131581276655197; 0,12709405180066824; 0,5360459913499653; 0,03917345544323325; 0,4472935367375612; 0,10747418366372585; 0,2523413198068738; 0,43948591966181993
0,9772045256887842; 0,05025672726333141; 0,04765107249841094; 0,5298778312280774; 0,9002108317799866; 0,026219783816486597; 0,6171404174529016; 0,16985105304047465; 0,42950734961777925; 0,844751080032438; 0,6351236146874726
0,931966183427433; 0,32330206874758005; 0,6190061550587416; 0,289927261415869; 0,32431441359221935; 0,12471037730574608; 0,22172356257215142; 0,7151986183598638; 0,8411856987513602; 0,6324848355725408; 0,5548000712879002
0,8583579406213635; 0,5119711286388338; 0,9169768607243896; 0,11944926343858242; 0,6685072835534811; 0,6734183691442013; 0,692144765984267; 0,057797370944172144; 0,7422065548598766; 0,22965834382921457; 0,03896256256848574
-0,9207085336965041; 0,34799102274701; 0,9350371737964451; 0,511300157289952; 0,25105583388358355; 0,7153649893589318; 0,6743477126583457; 0,04458167543634772; 0,38590898690745234; 0,7657661130651832; 0,4706726772710681
0,31018193000890076; 0,2497902363538742; 0,04098897008225322; 0,5273635466583073; 0,05856958357617259; 0,6392803080379963; 0,356071671936661; 0,8429367691278458; 0,1703680856153369; 0,7162054665386677; 0,816458058077842
0,02348293103851773; 0,32387756695970893; 0,5635945666581392; 0,9357683463022113; 0,14621362695470452; 0,2286243592388928; 0,5886729434132576; 0,05363510362803936; 0,35764819476753473; 0,34387844940647483; 0,3305472959764302
0,25451660477739324; 0,5070488783530891; 0,6748995347879827; 0,716997713316232; 0,08706603897735476; 0,971894889138639; 0,39525593165308237; 0,7312094108201563; 0,8849714337848127; 0,4144367687404156; 0,4603277463465929
0,9980293102851745; 0,2950153243727982; 0,7593565005809069; 0,42544641764834523; 0,8470421833917499; 0,6399544426240027; 0,2884929720312357; 0,455072536598891; 0,07720897998660803; 0,06828424008563161; 0,5521602835506201
0,9997120285807466; 0,018515444826334715; 0,034410752821713686; 0,7574218683876097; 0,6206153961829841; 0,44480856135487556; 0,004961608909070492; 0,9507434163242579; 0,4108404880389571; 0,9365038610994816; 0,7758241486735642
0,724505306779753; 0,16526439832523465; 0,14381828159093857; 0,24916788097471; 0,10636133281514049; 0,27363218320533633; 0,9072312619537115; 0,6143736303783953; 0,3293043193407357; 0,4587447769008577; 0,6198269608430564
0,4184577155008805; 0,24979312857612967; 0,003121365327388048; 0,961584210395813; 0,061182767152786255; 0,6386368540115654; 0,7799557335674763; 0,38361056288704276; 0,12785340379923582; 0,43035688530653715; 0,9392182724550366
0,6450580120800143; 0,19113963097333908; 0,7838818244636059; 0,9697898305021226; 0,5492944456636906; 0,7813092106953263; 0,38991327164694667; 0,732048851903528; 0,7616800824180245; 0,0786518300883472; 0,9873604322783649
0,903196539975174; 0,477763126604259; 0,3247175491414964; 0,3211648375727236; 0,6959894271567464; 0,7385970545001328; 0,9174961163662374; 0,026929440442472696; 0,8437470714561641; 0,8100805468857288; 0,17710173409432173
0,07220887209714998; 0,05215705279260874; 0,14835527120158076; 0,8783824108541012; 0,47366878669708967; 0,6468099080957472; 0,3300431207753718; 0,35141107020899653; 0,1953695951960981; 0,23909802176058292; 0,520816583186388
0,9991928450276713; 0,4289552546106279; 0,25810898235067725; 0,82248959178105; 0,9652803665958345; 0,10240117087960243; 0,7638822603039443; 0,39759532548487186; 0,4616428636945784; 0,8515911195427179; 0,4664994771592319
0,793788705669448; 0,33573530334979296; 0,3204804309643805; 0,530739523936063; 0,5847581820562482; 0,3339493442326784; 0,3690175926312804; 0,17394805932417512; 0,17785358242690563; 0,5815545292571187; 0,4571660594083369
0,9663056936271323; 0,404238804243505; 0,4593474054709077; 0,9020144050009549; 0,8339361473917961; 0,3204944212920964; 0,5937947137281299; 0,17201577592641115; 0,12086495058611035; 0,07261016266420484; 0,6149031859822571
0,5141363236935118; 0,9757102993316948; 0,4322024714201689; 0,7860001348890364; 0,026591920293867588; 0,7443537395447493; 0,964611500967294; 0,5186233688145876; 0,9674410331062973; 0,14961293805390596; 0,3435243982821703
0,9841078867557772; 0,9632451231591403; 0,31302367243915796; 0,12264794018119574; 0,7537064212374389; 0,5583701590076089; 0,7973568844608963; 0,9867557235993445; 0,6680052578449249; 0,680436990223825; 0,6200460083782673
-0,6189862724152658; 0,5120335053652525; 0,22868074430152774; 0,1149888513609767; 0,3446967238560319; 0,49623785773292184; 0,07614751299843192; 0,4422285808250308; 0,8475420484319329; 0,9268909692764282; 0,05439118854701519
0,41196730745678395; 0,8247704459354281; 0,808111259713769; 0,40552296070382; 0,05835600756108761; 0,9847577912732959; 0,1884442358277738; 0,8314637998118997; 0,3515313072130084; 0,423355208709836; 0,697493385989219
0,911130162736275; 0,692025201395154; 0,030369420535862446; 0,3859465206041932; 0,6520968792028725; 0,3230092800222337; 0,4026170144788921; 0,43732333835214376; 0,7121942979283631; 0,3821747382171452; 0,5328877936117351
0,3609697317842958; 0,2703149323351681; 0,37757921079173684; 0,6916251722723246; 0,38322525890544057; 0,7386417384259403; 0,5807157419621944; 0,33842719066888094; 0,9234276222996414; 0,9279228863306344; 0,21760441223159432
0,9849044320550017; 0,47278710128739476; 0,7291629565879703; 0,20893718302249908; 0,6414952222257853; 0,5960484887473285; 0,44028403144329786; 0,6381004420109093; 0,809339118655771; 0,8851636489853263; 0,13008175557479262
0,8886007660226396; 0,3360469602048397; 0,11999076185747981; 0,17459627613425255; 0,39837335981428623; 0,04272744292393327; 0,6614347090944648; 0,09332486614584923; 0,6757077532820404; 0,15620282385498285; 0,06982330558821559
0,8000563998823362; 0,15268983086571097; 0,3239665077999234; 0,5726166972890496; 0,48492112569510937; 0,9329413855448365; 0,7766698119230568; 0,9238019469194114; 0,5602426049299538; 0,7813595468178391; 0,566971514839679
-0,607503371543278; 0,5586429387331009; 0,382713439874351; 0,5639789015986025; 0,16259931726381183; 0,746092711109668; 0,0731784482486546; 0,515912358649075; 0,6729345698840916; 0,9279718860052526; 0,12666899478062987
0,9472809504480885; 0,20223298529163003; 0,7051113098859787; 0,14493675297126174; 0,4304830622859299; 0,4443036736920476; 0,8319723862223327; 0,14670746866613626; 0,9196629347279668; 0,4544954407028854; 0,2527364264242351
0,9719114386465894; 0,06878249766305089; 0,5091923442669213; 0,21960671013221145; 0,8866839432157576; 0,18549941014498472; 0,4964627204462886; 0,5271075395867229; 0,5381221882998943; 0,25164336850866675; 0,9990176651626825
0,9481196159942396; 0,989831758197397; 0,39936073357239366; 0,47979713417589664; 0,47494950983673334; 0,6593592567369342; 0,16990793822333217; 0,8111666338518262; 0,021988678257912397; 0,9481395748443902; 0,1275148643180728
0,9901343628140158; 0,6695813871920109; 0,6548310103826225; 0,6213594148866832; 0,5944946482777596; 0,4990828391164541; 0,7532512764446437; 0,8343646381981671; 0,7924712663516402; 0,6693210289813578; 0,7597526712343097
0,9885799567596101; 0,815111389849335; 0,8766088387928903; 0,561120982747525; 0,7063676677644253; 0,2418338214047253; 0,5911272740922868; 0,20968020614236593; 0,14645942160859704; 0,3730450542643666; 0,41387729346752167
0,9796685973520456; 0,19469968043267727; 0,9046159656718373; 0,27833179803565145; 0,6938782497309148; 0,24728792812675238; 0,49929542280733585; 0,24544961377978325; 0,6244559055194259; 0,8233756553381681; 0,13845055410638452
0,9948672109326095; 0,7011365769430995; 0,8061589319258928; 0,3506808881647885; 0,9410569253377616; 0,6863542385399342; 0,388393759727478; 0,04314883193001151; 0,7011826043017209; 0,7283643060363829; 0,7154327486641705
0,9417550184618251; 0,8869945770129561; 0,33014937303960323; 0,37234835466369987; 0,8641578196547925; 0,6865857052616775; 0,8688290352001786; 0,0671569942496717; 0,025601946748793125; 0,532775669824332; 0,039696790743619204
-0,17748508114830938; 0,5746341650374234; 0,9773819735273719; 0,4223961401730776; 0,17090129433199763; 0,3764317175373435; 0,21332133514806628; 0,2967722346074879; 0,38056434225291014; 0,9301518220454454; 0,22469837171956897
0,9909156767063192; 0,7261090050451458; 0,7377266446128488; 0,6275759320706129; 0,7131774923764169; 0,1129085524007678; 0,4859613445587456; 0,6081374934874475; 0,7284315694123507; 0,6060299482196569; 0,8464874122291803
0,8137594891663035; 0,20998701406642795; 0,36029399605467916; 0,8774266787804663; 0,6342573738656938; 0,6056620790623128; 0,14985653711482882; 0,24457520386204123; 0,4065345008857548; 0,5888101598247886; 0,3431831360794604
0,8777237646366899; 0,5400998694822192; 0,4629709688015282; 0,009098752401769161; 0,510792993940413; 0,0896660415455699; 0,28982647927477956; 0,9164387066848576; 0,4507400617003441; 0,7772145108319819; 0,11554953968152404
0,9040610477021461; 0,16762379836291075; 0,26756347017362714; 0,2492637187242508; 0,526840640231967; 0,9040984683670104; 0,35890147741883993; 0,0999654601328075; 0,3986714375205338; 0,08971404796466231; 0,29283467726781964
0,8808351142978437; 0,9080161014571786; 0,9561604475602508; 0,34526204969733953; 0,6672740252688527; 0,8716785283759236; 0,11452980386093259; 0,3625180651433766; 0,3941208026371896; 0,5379842696711421; 0,10500049451366067
-0,7188828389772591; 0,15919051645323634; 0,3970805872231722; 0,1559926881454885; 0,21241799695417285; 0,10207606665790081; 0,27462630858644843; 0,09722925582900643; 0,15453555015847087; 0,19129234133288264; 0,10100536374375224
0,6211812610002616; 0,12558448920026422; 0,483660907484591; 0,5609490815550089; 0,2984216120094061; 0,3716065175831318; 0,6743001719005406; 0,939554498065263; 0,5912434197962284; 0,7695201449096203; 0,6221810248680413
0,8966196046304298; 0,3559917761012912; 0,06994391279295087; 0,1798694976605475; 0,5464242119342089; 0,7607168997637928; 0,9285832052119076; 0,6119137634523213; 0,021302091423422098; 0,20421656873077154; 0,3971024318598211
-0,14385213833193997; 0,7955695316195488; 0,43001073645427823; 0,398701180703938; 0,2795768305659294; 0,8679049317725003; 0,09969219425693154; 0,9581073801964521; 0,12803205288946629; 0,5250787078402936; 0,7098377896472812
0,9759611949236395; 0,45708897057920694; 0,38079061172902584; 0,7333650696091354; 0,6892024409025908; 0,8526008557528257; 0,3807239583693445; 0,2074976391158998; 0,9733311231248081; 0,015499602537602186; 0,8568143746815622
0,9328337583791724; 0,10160155082121491; 0,5132709662429988; 0,24778027180582285; 0,14578589797019958; 0,16857301397249103; 0,520057569257915; 0,809549214784056; 0,48077394533902407; 0,4293622672557831; 0,9792394074611366
0,9967470812590187; 0,7552843461744487; 0,10778607428073883; 0,1336958473548293; 0,6384129696525633; 0,6938821133226156; 0,07963464828208089; 0,9749593823216856; 0,13428652426227927; 0,5017346628010273; 0,509490851778537
0,473367604859511; 0,7976718973368406; 0,920444164890796; 0,9010037239640951; 0,042371850460767746; 0,3996105589903891; 0,6123056621290743; 0,23338444251567125; 0,9634937387891114; 0,9645882463082671; 0,4187296093441546
0,4722974906757352; 0,6597340097650886; 0,3857099646702409; 0,9368369462899864; 0,04260648088529706; 0,5003897659480572; 0,05155936349183321; 0,27715385099872947; 0,059603551402688026; 0,2629131958819926; 0,8440394308418036
0,8488278701923351; 0,012875639367848635; 0,11124728946015239; 0,1728259725496173; 0,39010505471378565; 0,24708182271569967; 0,9665204267948866; 0,1605266653932631; 0,641343392431736; 0,6147218402475119; 0,022037113551050425
0,9800315498753569; 0,9351045642979443; 0,1961307586170733; 0,3605514718219638; 0,47274901857599616; 0,556767528411001; 0,0630210442468524; 0,1428964277729392; 0,4237114144489169; 0,6316617475822568; 0,631756501737982
0,9948198010370791; 0,13790455367416143; 0,5520647019147873; 0,5362701886333525; 0,9955812809057534; 0,6930979345925152; 0,6169627425260842; 0,36131722247228026; 0,32027002051472664; 0,5887823328375816; 0,5017919130623341
0,9872286891571201; 0,15583143755793571; 0,6176055469550192; 0,8531360309571028; 0,9424422108568251; 0,9498521094210446; 0,7162284832447767; 0,3286883058026433; 0,7292034062556922; 0,0201959484256804; 0,40595185197889805
0,845382289990518; 0,0817624875344336; 0,7735761464573443; 0,6211798670701683; 0,6064892974682152; 0,9877334390766919; 0,4528098711743951; 0,7518711318261921; 0,30364447413012385; 0,3152114194817841; 0,47161498479545116
0,9559786573094717; 0,4290621718391776; 0,9877205630764365; 0,12950882827863097; 0,5240776408463717; 0,32444699574261904; 0,4569480810314417; 0,4303534282371402; 0,649742950219661; 0,5110688265413046; 0,1363856284879148
-0,466845817774263; 0,06960891606286168; 0,10889858892187476; 0,1967312046326697; 0,25238559301942587; 0,8703271853737533; 0,7579625933431089; 0,09106374625116587; 0,7062588869594038; 0,022112898994237185; 0,5375584713183343
0,6872094305934262; 0,8793223695829511; 0,2461973875761032; 0,4468519617803395; 0,06615989794954658; 0,17146374518051744; 0,1395961781963706; 0,4670753092505038; 0,09675429109483957; 0,10254071140661836; 0,8657578630372882
0,9750899944625586; 0,23115269374102354; 0,0226259040646255; 0,12227213149890304; 0,8177168136462569; 0,5534965191036463; 0,8724028500728309; 0,6587197543121874; 0,8382360972464085; 0,8308110740035772; 0,6476519689895213
0,9911482831210215; 0,012081552762538195; 0,3818733999505639; 0,20850030612200499; 0,9581756400875747; 0,2884325091727078; 0,23343738354742527; 0,053237533662468195; 0,6824626955203712; 0,3209716072306037; 0,4909266894683242
-0,3285396385130488; 0,4679425419308245; 0,4667853405699134; 0,4914611424319446; 0,4202042012475431; 0,26901310915127397; 0,7924261805601418; 0,2065296326763928; 0,7918568733148277; 0,4981368649750948; 0,3436507531441748
0,03730771499884072; 0,6090331911109388; 0,9106942722573876; 0,7220507739111781; 0,14566457690671086; 0,948238936252892; 0,001884625293314457; 0,481808019336313; 0,048254406079649925; 0,006393078248947859; 0,863572440110147
0,8209281779763781; 0,0963157257065177; 0,7777375332079828; 0,8183144889771938; 0,5840068138204515; 0,7982966150157154; 0,7664967095479369; 0,9884431445971131; 0,3899865881539881; 0,2772802794352174; 0,29603582015261054
0,95477672532427; 0,8888472332619131; 0,19052152056246996; 0,6566862757317722; 0,6672571101225913; 0,07059459201991558; 0,07789957011118531; 0,3675973145291209; 0,4924150053411722; 0,9979350669309497; 0,39790178835392
0,8934322694616521; 0,9280179617926478; 0,8938356186263263; 0,8747806707397103; 0,36544043524190784; 0,1436826935969293; 0,32477221824228764; 0,00593733973801136; 0,19216587161645293; 0,3418393852189183; 0,15226646699011326
0,5567371924430359; 0,05747907655313611; 0,689376360271126; 0,9411685634404421; 0,005864892154932022; 0,7230319753289223; 0,8701969794929028; 0,6724357036873698; 0,6846172073855996; 0,827567879576236; 0,14546092646196485
0,9122596100332448; 0,6773973754607141; 0,10173370223492384; 0,07496297033503652; 0,8150241994298995; 0,1972382259555161; 0,4412309546023607; 0,8925595097243786; 0,12219304032623768; 0,8607072881422937; 0,03685404872521758
0,9906788811113316; 0,10641870182007551; 0,27125702239573; 0,13574260100722313; 0,31638688081875443; 0,7193223666399717; 0,45831968169659376; 0,3418130613863468; 0,9453549683094025; 0,4048864976502955; 0,6939438921399415
0,9952008123943085; 0,9297491740435362; 0,04160649701952934; 0,3455111482180655; 0,8559921029955149; 0,08102300716564059; 0,17159610241651535; 0,9063213197514415; 0,13105755485594273; 0,8580509857274592; 0,612389778252691
-0,7895381185845942; 0,3179958048276603; 0,09091098373755813; 0,5221465560607612; 0,20803925720974803; 0,14197344798594713; 0,11201422102749348; 0,765461431350559; 0,9020708967000246; 0,006490490864962339; 0,47962666023522615
0,9817961067657163; 0,07193398382514715; 0,5229494362138212; 0,8081181589514017; 0,9514897651970387; 0,6977709224447608; 0,21816860046237707; 0,9974069730378687; 0,6649973886087537; 0,06563985766842961; 0,9131024894304574
0,9934757769063198; 0,6537036560475826; 0,9023869433440268; 0,5957223805598915; 0,4728503916412592; 0,09279703488573432; 0,9046560637652874; 0,45941525651142; 0,41120997723191977; 0,4521507564932108; 0,1576807894743979
0,5995963980377376; 0,7370962244458497; 0,9912528074346483; 0,5557718425989151; 0,2889698571525514; 0,4055331265553832; 0,5548109631054103; 0,2206394555978477; 0,743791411165148; 0,3142257849685848; 0,6173919681459665
0,9504121598149903; 0,4728710511699319; 0,5565310423262417; 0,33642139891162515; 0,6360552883706987; 0,669146737549454; 0,8903972767293453; 0,28892165841534734; 0,30864214478060603; 0,55112020438537; 0,9027098990045488
0,9927492490436415; 0,0945802521891892; 0,3095158264040947; 0,44780547684058547; 0,16448604175820947; 0,5031166789121926; 0,1726579456590116; 0,2692881687544286; 0,687761161942035; 0,3250445988960564; 0,8976748464629054
-0,6710700465537298; 0,12677619280293584; 0,09645196842029691; 0,982899809256196; 0,4370537814684212; 0,9264118173159659; 0,48663902608677745; 0,49062072625383735; 0,01586536830291152; 0,6331836651079357; 0,4856531177647412
-0,9755575983509005; 0,7927643838338554; 0,693404724355787; 0,8179157585836947; 0,19838415971025825; 0,4287037909962237; 0,7904916522093117; 0,04912597639486194; 0,4543055943213403; 0,8950800215825438; 0,7580685284920037
0,9956220890257835; 0,3212138027884066; 0,29907619301229715; 0,7187468847259879; 0,9514237283729017; 0,4713716241531074; 0,7147558997385204; 0,9963627657853067; 0,5390255679376423; 0,6798828495666385; 0,782731800340116
0,9226979754912086; 0,7266873843036592; 0,8718835450708866; 0,09222720330581069; 0,8432378629222512; 0,17707416927441955; 0,422651048284024; 0,6084797596558928; 0,743187468033284; 0,21193104842677712; 0,8020990169607103
0,728758558234732; 0,4902452351525426; 0,8094218862242997; 0,9440644984133542; 0,5601264042779803; 0,9655365576036274; 0,5440762341022491; 0,042339193634688854; 0,6506865122355521; 0,2269469453021884; 0,95792285958305
0,9907780462376405; 0,29586345236748457; 0,46561016980558634; 0,520871355663985; 0,6376678086817265; 0,017790209036320448; 0,8849218934774399; 0,8496082155033946; 0,5411348044872284; 0,8762352708727121; 0,32238111598417163
0,9465835537985838; 0,4559638979844749; 0,7537416270934045; 0,6499239103868604; 0,7813143669627607; 0,427683730609715; 0,020757699850946665; 0,6594642912968993; 0,2519559352658689; 0,7852501524612308; 0,3079145601950586
0,1298021823920794; 0,4454778633080423; 0,20193661330267787; 0,790882256347686; 0,12343870988115668; 0,22664547804743052; 0,6011577928438783; 0,9099426101893187; 0,22982083912938833; 0,16504448326304555; 0,5967722991481423
0,9828835921023962; 0,9948283047415316; 0,40870644012466073; 0,254389529582113; 0,9101561158895493; 0,4972843090072274; 0,06787519017234445; 0,6743644243106246; 0,7290952326729894; 0,7064009313471615; 0,6503957933746278
-0,049558035669654034; 0,07705737603828311; 0,528977520763874; 0,5281504052691162; 0,1392382886260748; 0,8813033946789801; 0,24500736081972718; 0,11826470447704196; 0,07858411595225334; 0,11036938801407814; 0,8922485369257629
0,9718182174626838; 0,8077025385573506; 0,17008513445034623; 0,2442343682050705; 0,5328414682298899; 0,41772560169920325; 0,08442569151520729; 0,10625137528404593; 0,8161972919479012; 0,2321339761838317; 0,7827715156599879
0,9255508800283118; 0,28325778152793646; 0,04006122192367911; 0,34937766613438725; 0,5485988049767911; 0,8437591567635536; 0,8510474050417542; 0,02718650083988905; 0,051939754746854305; 0,8138824654743075; 0,9740859782323241
0,6721667527911146; 0,32246636832132936; 0,007677661720663309; 0,02109181135892868; 0,06533603416755795; 0,1647984553128481; 0,5749816140159965; 0,6457481677643955; 0,4836163427680731; 0,8186012250371277; 0,8021121621131897
0,9691309778544831; 0,0888746315613389; 0,12196596758440137; 0,694656393956393; 0,7665815567597747; 0,8126976122148335; 0,026010645553469658; 0,12265808926895261; 0,18327967124059796; 0,6007554526440799; 0,8562290435656905
0,4003993136266126; 0,9427214367315173; 0,5219409386627376; 0,26672580651938915; 0,06910052103921771; 0,31712711323052645; 0,22861939389258623; 0,24573160521686077; 0,6694204714149237; 0,5142874252051115; 0,5596606032922864
0,9375402960799595; 0,9528898298740387; 0,6284643867984414; 0,3796935356222093; 0,7519653919152915; 0,7175774443894625; 0,057595182210206985; 0,9480490293353796; 0,20939984824508429; 0,10633601993322372; 0,8751537706702948
0,4863371021155273; 0,5328932455740869; 0,39378468599170446; 0,7210905295796692; 0,03804323310032487; 0,861510316375643; 0,7570402296259999; 0,6962135536596179; 0,3241325323469937; 0,8143309256993234; 0,47674288926646113
0,9789750492916541; 0,06719603715464473; 0,5645408337004483; 0,9978538174182177; 0,8547265627421439; 0,32960258005186915; 0,9087548884563148; 0,5526517652906477; 0,17951425956562161; 0,49773837393149734; 0,7160407630726695
0,9133781895163908; 0,9369702730327845; 0,4005923504009843; 0,2754864082671702; 0,5140461148694158; 0,5235160826705396; 0,5322914631105959; 0,9863504613749683; 0,7282087048515677; 0,08183225989341736; 0,7425864534452558
0,5891321850870845; 0,28847507713362575; 0,672896692994982; 0,1821181676350534; 0,25684904027730227; 0,767972928006202; 0,49917088029906154; 0,6674306676723063; 0,9239166113547981; 0,905942611861974; 0,8295533303171396
0,9627790391894108; 0,6061698766425252; 0,34397295909002423; 0,8771267854608595; 0,8484649751335382; 0,17767260409891605; 0,006783554330468178; 0,7324242377653718; 0,795980735681951; 0,2219415227882564; 0,8594042798504233
0,9278540450557807; 0,4024397204630077; 0,527435468044132; 0,21533948928117752; 0,8932366934604943; 0,6900763963349164; 0,023678549099713564; 0,20291857374832034; 0,5610815607942641; 0,4735678108409047; 0,0045929355546832085
0,9651106588798862; 0,6317558134905994; 0,2181705441325903; 0,5729817026294768; 0,9802202773280442; 0,5619583721272647; 0,4133872748352587; 0,5545492074452341; 0,03962016757577658; 0,3811668655835092; 0,579336766153574
0,9053181532737388; 0,6874627508223057; 0,5023147235624492; 0,2537492988631129; 0,6797701809555292; 0,924865064676851; 0,8163686213083565; 0,23954818909987807; 0,7208628128282726; 0,28950886335223913; 0,4671903448179364
-0,7542491821694775; 0,8215655474923551; 0,2247877987101674; 0,594529053196311; 0,13027235167101026; 0,38958995044231415; 0,030641068238765; 0,029689356219023466; 0,918310983106494; 0,41208935901522636; 0,6870019608177245
0,9986627459216826; 0,3917463584803045; 0,2360024363733828; 0,6290502152405679; 0,9585176818072796; 0,8551880470477045; 0,6984960078261793; 0,3487735213711858; 0,6505113407038152; 0,06654060864821076; 0,15619838191196322
-0,8782661603845291; 0,21631891559809446; 0,6843967060558498; 0,9691532282158732; 0,23355177696794271; 0,03884595725685358; 0,012518825475126505; 0,15791609417647123; 0,26428741589188576; 0,7720657321624458; 0,3956671985797584
0,9971284222321708; 0,1441307426430285; 0,1482546180486679; 0,8180392142385244; 0,9044174384325743; 0,9235255573876202; 0,4063091007992625; 0,8819194920361042; 0,2214327729307115; 0,703382468316704; 0,7640634276904166
0,9906460313921229; 0,03259679302573204; 0,30948110949248075; 0,48786622984334826; 0,4462096281349659; 0,7253936314955354; 0,14911202900111675; 0,48819931549951434; 0,8447059304453433; 0,9824565192684531; 0,7355369925498962
0,41081961801428984; 0,08236035844311118; 0,21937504643574357; 0,8180388859473169; 0,04986131843179464; 0,7105035562999547; 0,7929784771986306; 0,2971844100393355; 0,36508820997551084; 0,9580288715660572; 0,22885834984481335
0,4624714239129179; 0,8294111317954957; 0,23269656393676996; 0,7662285133264959; 0,3030868503265083; 0,23426726134493947; 0,569416144862771; 0,4079668172635138; 0,6166799371130764; 0,3763687708415091; 0,8522082287818193
0,2793856022241858; 0,2174979718402028; 0,37498871563002467; 0,9518197546713054; 0,47858979972079396; 0,13627046439796686; 0,5299894670024514; 0,14861775422468781; 0,4812164204195142; 0,30121547169983387; 0,6299388511106372
0,8076533300287954; 0,8503657984547317; 0,1465334934182465; 0,5414064894430339; 0,2149564130231738; 0,3846208155155182; 0,37123521883040667; 0,09854640951380134; 0,0786171811632812; 0,7600786630064249; 0,8423383333720267
0,9835187525759801; 0,11672460241243243; 0,04633618798106909; 0,4226375473663211; 0,6279255701228976; 0,6914134314283729; 0,37383098527789116; 0,7369696614332497; 0,8813428021967411; 0,3278642459772527; 0,5879008118063211
0,9999838860736825; 0,4829092361032963; 0,4039341425523162; 0,26135702012106776; 0,815130140632391; 0,3289060303941369; 0,45189318154007196; 0,4496899778023362; 0,7537125442177057; 0,048600598238408566; 0,023373712319880724
0,544102972508484; 0,5016804505139589; 0,8582571377046406; 0,3748581628315151; 0,5169779774732888; 0,4562625028192997; 0,10544400056824088; 0,9384834473021328; 0,6875052158720791; 0,6567577151581645; 0,2507455120794475
0,9221891253946142; 0,6996982377022505; 0,00026714010164141655; 0,6352934218011796; 0,3966124705038965; 0,17866095574572682; 0,6257297047413886; 0,08808647049590945; 0,1876603765413165; 0,9754330492578447; 0,15563745237886906
0,9231363283574874; 0,33799524791538715; 0,20307998871430755; 0,39369404781609774; 0,9897248293273151; 0,6108762784861028; 0,27396152168512344; 0,4173300829716027; 0,38416707422584295; 0,9245568891055882; 0,7202772945165634
0,9965932072538402; 0,3879130803979933; 0,7758347527123988; 0,3347975965589285; 0,8006523232907057; 0,865307031199336; 0,9489511679857969; 0,05065983301028609; 0,4847559845075011; 0,5251508736982942; 0,026042246259748936
-0,4675925653218058; 0,7921372642740607; 0,4407354253344238; 0,4606525730341673; 0,15124326664954424; 0,6326811159960926; 0,444222544785589; 0,4329755627550185; 0,9687272245064378; 0,9221023446880281; 0,34594428539276123
-0,5056522654342377; 0,5523964590393007; 0,5609681229107082; 0,08300422411412; 0,20274261478334665; 0,9437427530065179; 0,6388428215868771; 0,28615773376077414; 0,2974581867456436; 0,45910124480724335; 0,5599141917191446
0,9395524412912536; 0,7900950838811696; 0,7142705214209855; 0,9973631724715233; 0,7713019782677293; 0,07323575438931584; 0,46275165118277073; 0,06555199390277267; 0,4590759947896004; 0,6072857691906393; 0,3589471662417054
0,5076619502858412; 0,04450566228479147; 0,30734385922551155; 0,42332125594839454; 0,1573525290004909; 0,02653032960370183; 0,22229355853050947; 0,6344888093881309; 0,7823064578697085; 0,6067546806298196; 0,8871649750508368
0,9861600560553937; 0,18118443619459867; 0,8091720081865788; 0,9628055589273572; 0,99070656998083; 0,7580723003484309; 0,14050972741097212; 0,03029670799151063; 0,0498892399482429; 0,27605208614841104; 0,6489722542464733
-0,6173633205967092; 0,6791093219071627; 0,5485118045471609; 0,5628622453659773; 0,18297351896762848; 0,32296753115952015; 0,5204331981949508; 0,6598289934918284; 0,23626372450962663; 0,12095918040722609; 0,25953077152371407
-0,9504148705045722; 0,74625927163288; 0,3620471362955868; 0,9787292229011655; 0,23787433234974742; 0,8349871197715402; 0,9441369734704494; 0,3919490007683635; 0,44942675065249205; 0,6706296871416271; 0,8001288729719818
0,9803397610663894; 0,1190488850697875; 0,005481630098074675; 0,8477971474640071; 0,7355716447345912; 0,42188787972554564; 0,33075804403051734; 0,773126223590225; 0,04309188388288021; 0,3813891871832311; 0,31359663093462586
0,7738608860038828; 0,7889477862045169; 0,5086224884726107; 0,9654203248210251; 0,597655136603862; 0,5735916034318507; 0,7202691431157291; 0,378258703276515; 0,027945267967879772; 0,1402241075411439; 0,5286553408950567
0,9379958480273776; 0,29374894592911005; 0,46274531725794077; 0,4699226813390851; 0,31871144101023674; 0,5135806812904775; 0,27772206580266356; 0,34997796127572656; 0,6931722634471953; 0,8844446437433362; 0,3893424244597554
0,9507982026167776; 0,9827506942674518; 0,8405272345989943; 0,3838726649992168; 0,368608680088073; 0,035065947100520134; 0,7233946369960904; 0,9449524967931211; 0,2777349860407412; 0,6195699023082852; 0,6473200968466699
0,983724558372229; 0,0924854795448482; 0,6137746875174344; 0,8899428658187389; 0,9428499136120081; 0,5568233458325267; 0,064454710111022; 0,4080713954754174; 0,42884966917335987; 0,7397444332018495; 0,6762007353827357
0,8835611284098335; 0,4973333664238453; 0,35548498574644327; 0,09859477821737528; 0,43649733485653996; 0,6013699192553759; 0,7935009230859578; 0,24568809615448117; 0,6390128931961954; 0,6306089786812663; 0,48660771222785115
-0,216010481952683; 0,4069929178804159; 0,4745641127228737; 0,6463493974879384; 0,29148618364706635; 0,6514148451387882; 0,21255659312009811; 0,16496031684800982; 0,5885848226025701; 0,16083982167765498; 0,30858276411890984
0,9101137063307332; 0,7014143816195428; 0,30923965852707624; 0,0006512836553156376; 0,7084452975541353; 0,4696561470627785; 0,393201298546046; 0,18998493580147624; 0,38257154636085033; 0,7636311957612634; 0,8801190149970353
0,9152461097228994; 0,7738301823846996; 0,15091194584965706; 0,05607095081359148; 0,5794959380291402; 0,6198043446056545; 0,6618055365979671; 0,4482135851867497; 0,1581036509014666; 0,9294052580371499; 0,1444695363752544
0,33492839469346963; 0,6553859156556427; 0,26766022155061364; 0,773178260307759; 0,24333772249519825; 0,636378682218492; 0,7970216372050345; 0,44259914522990584; 0,08368527656421065; 0,9838626720011234; 0,479346695356071
0,9521938971497079; 0,48272327706217766; 0,049415223300457; 0,019839169457554817; 0,8040022663772106; 0,1626105890609324; 0,09361155843362212; 0,6961501720361412; 0,9025446581654251; 0,7823101123794913; 0,4120102967135608
0,8978700456310439; 0,4234009855426848; 0,8894356903620064; 0,007219545543193817; 0,6446555899456143; 0,9069543587975204; 0,6078251018188894; 0,32648633187636733; 0,7120389542542398; 0,18246697820723057; 0,3986290330067277
0,9851662284222173; 0,5691358577460051; 0,4041650756262243; 0,9741458087228239; 0,9805342708714306; 0,9869668614119291; 0,13240230223163962; 0,8340454217977822; 0,04692265996709466; 0,7459913636557758; 0,7183441389352083
0,9997550615010427; 0,26009211456403136; 0,3378656841814518; 0,13919483730569482; 0,7458126693964005; 0,3427419583313167; 0,9474436277523637; 0,7625511572696269; 0,06511585600674152; 0,6633405750617385; 0,02990482933819294
0,7786386817055571; 0,43966431031003594; 0,22697704564779997; 0,09141623275354505; 0,18468483164906502; 0,19306317809969187; 0,8272050726227462; 0,9917713198810816; 0,9364439407363534; 0,7273974791169167; 0,45523232547566295
0,9295742571824404; 0,6737636211328208; 0,580731566529721; 0,6028849710710347; 0,7426834879443049; 0,8008951512165368; 0,06239033443853259; 0,1283306609839201; 0,6066079470328987; 0,42207228811457753; 0,6474242387339473
0,9688127254079643; 0,33857394848018885; 0,595399187412113; 0,5703750411048532; 0,8562419824302197; 0,917672245297581; 0,07761208806186914; 0,6274828766472638; 0,9325537853874266; 0,38017103960737586; 0,5018656873144209
0,7989883967745821; 0,20635881274938583; 0,021884514018893242; 0,9458564515225589; 0,6294534588232636; 0,043587091844528913; 0,873764852527529; 0,18866634089499712; 0,5555031085386872; 0,7554099918343127; 0,3985449820756912
0,7822512707386; 0,20471165934577584; 0,06607286632061005; 0,7665022672154009; 0,6024485132656991; 0,5685378313064575; 0,8167492649517953; 0,8703617602586746; 0,5787048889324069; 0,3513448149897158; 0,23174446634948254
0,9022256658956035; 0,398060848005116; 0,751499050296843; 0,08046539686620235; 0,6981619242578745; 0,9277969659306109; 0,24158807517960668; 0,8850785531103611; 0,5220062038861215; 0,28606776567175984; 0,69387536495924
0,34537354514858365; 0,9663601382635534; 0,3858018214814365; 0,963029308244586; 0,2854155506938696; 0,6468774629756808; 0,8452805411070585; 0,40195842692628503; 0,6593389436602592; 0,7624410814605653; 0,22169240657240152
0,9997801866118701; 0,41625221259891987; 0,5693563572131097; 0,1636081333272159; 0,08873768569901586; 0,0005610613152384758; 0,6085561793297529; 0,6400094158016145; 0,034423950128257275; 0,1874167169444263; 0,8995724129490554
0,9685956249624731; 0,971724646165967; 0,44351668609306216; 0,5463669770397246; 0,24275172082707286; 0,8187732212245464; 0,9503675405867398; 0,5519702294841409; 0,5844824854284525; 0,6124770608730614; 0,20466653630137444
0,9859572351951024; 0,8421168443746865; 0,27544413786381483; 0,5032028080895543; 0,611770635470748; 0,9246835000813007; 0,7165431627072394; 0,7246236773207784; 0,7984851067885756; 0,8771341326646507; 0,17508481303229928
0,29584154813832625; 0,5764741064049304; 0,07157853618264198; 0,6738450359553099; 0,07496131025254726; 0,12051880219951272; 0,604640768840909; 0,24684196384623647; 0,659286820795387; 0,39207291696220636; 0,6978471116162837
0,988228374544448; 0,017210216261446476; 0,5824448079802096; 0,031108034774661064; 0,515855950769037; 0,7473074458539486; 0,9484194535762072; 0,25046665081754327; 0,7420819541439414; 0,49276858381927013; 0,8152465173043311
0,6749384073204848; 0,3933272142894566; 0,06476968433707952; 0,3724943255074322; 0,06762936245650053; 0,9870606590993702; 0,2828085324726999; 0,7888607233762741; 0,345484069082886; 0,14724738290533423; 0,3621186511591077
0,9563432259831556; 0,012342886067926884; 0,8424513670615852; 0,38532188069075346; 0,6274997894652188; 0,8943644808605313; 0,3983624316751957; 0,1474177441559732; 0,6024906411767006; 0,8401674777269363; 0,4178451686166227
-0,03713499989277928; 0,6557096960023046; 0,8554965099319816; 0,6477119126357138; 0,4444476589560509; 0,20265283295884728; 0,905160287860781; 0,7533559100702405; 0,5459719290956855; 0,6891582012176514; 0,5716902245767415
0,9825769687092347; 0,5504262265749276; 0,12510644691064954; 0,9604395213536918; 0,7093210695311427; 0,48599391570314765; 0,42071863263845444; 0,392793801613152; 0,3812760319560766; 0,29728362802416086; 0,5307592414319515
0,9615317258181706; 0,5716529777273536; 0,16024284809827805; 0,6981264059431851; 0,7956145969219506; 0,9028011416085064; 0,8885962618514895; 0,5741993766278028; 0,1986846700310707; 0,2305891402065754; 0,00043771928176283836
-0,8116946377480192; 0,40361000364646316; 0,7017544810660183; 0,7177030006423593; 0,3212763131596148; 0,6347197978757322; 0,1256737606599927; 0,30044417595490813; 0,903035441879183; 0,6364308982156217; 0,8896257672458887
0,8827052876995536; 0,8752789683640003; 0,426147042773664; 0,6489906259812415; 0,6936099091544747; 0,7605403619818389; 0,0690930699929595; 0,5895464378409088; 0,6448393007740378; 0,940872953273356; 0,3802317059598863
0,2896891871893458; 0,5755606442689896; 0,5928730233572423; 0,5562307736836374; 0,34399235248565674; 0,46092067286372185; 0,8424938614480197; 0,44313811091706157; 0,34096598671749234; 0,8284921790473163; 0,43122205836698413
0,9523460415313922; 0,5822923523373902; 0,5591370868496597; 0,6081382976844907; 0,8126893709413707; 0,8003565073013306; 0,369280269369483; 0,7005527499131858; 0,0063576181419193745; 0,9295821925625205; 0,9817102989181876
0,8150526289190246; 0,9508103737607598; 0,9685878744348884; 0,8276467784307897; 0,637416108045727; 0,07246355433017015; 0,3119420795701444; 0,5963664059527218; 0,33919863728806376; 0,13637757115066051; 0,7181929564103484
0,6589072770792518; 0,45879243593662977; 0,5570620531216264; 0,8789402348920703; 0,5518752220086753; 0,3887428417801857; 0,19040465587750077; 0,7563144811429083; 0,44099255418404937; 0,21514858584851027; 0,9553155098110437
0,9930911045215938; 0,8540967591106892; 0,5471117198467255; 0,1460996768437326; 0,6760993665084243; 0,28110420564189553; 0,7151761665008962; 0,6413372927345335; 0,6834945627488196; 0,3533431547693908; 0,2585467020981014
0,9561928228146105; 0,5771116716787219; 0,9682395826093853; 0,03818844445049763; 0,7963050459511578; 0,7055883039720356; 0,7152194427326322; 0,5404686201363802; 0,5848154397681355; 0,16729553742334247; 0,34472818253561854
0,9902186026540328; 0,20021227188408375; 0,08359991060569882; 0,629059262573719; 0,9757653037086129; 0,7591099534183741; 0,8769366135820746; 0,06538026500493288; 0,7142753838561475; 0,8665920090861619; 0,7964916895143688
0,9590780166204443; 0,24112229514867067; 0,3633288713172078; 0,2736119288019836; 0,7308612838387489; 0,3390046670101583; 0,07605565059930086; 0,0590385221876204; 0,47557514533400536; 0,4003397491760552; 0,7139308699406683
0,962301407341888; 0,3127328041009605; 0,8218427868559957; 0,31946223601698875; 0,781136981677264; 0,9251041333191097; 0,11340715549886227; 0,05817191628739238; 0,053243319038301706; 0,4921299028210342; 0,1393068302422762
0,995661509022124; 0,06139375828206539; 0,034255925100296736; 0,5797352157533169; 0,9776768330484629; 0,2824676763266325; 0,40375469252467155; 0,7455160422250628; 0,05117996595799923; 0,23062204150483012; 0,747789079323411
0,9594503862691857; 0,8194509693421423; 0,0509530552662909; 0,39923551632091403; 0,6261521601118147; 0,2975887767970562; 0,1030562398955226; 0,8708808575756848; 0,13411893043667078; 0,09559312276542187; 0,04751647962257266
0,8276595112793461; 0,26545190159231424; 0,8041643127799034; 0,07093135453760624; 0,30491907335817814; 0,6606793724931777; 0,5368121545761824; 0,8726658341474831; 0,910981631372124; 0,32780958293005824; 0,7470910805277526
0,9163970592134865; 0,3514500935561955; 0,0006697326898574829; 0,03284515766426921; 0,7363150715827942; 0,12906510336324573; 0,4975071311928332; 0,19986628089100122; 0,4656998822465539; 0,015761309303343296; 0,6202816101722419
0,9754600185259944; 0,9999818122014403; 0,2838925486430526; 0,04519216017797589; 0,7642803136259317; 0,7896462338976562; 0,9213628452271223; 0,42377948900684714; 0,5697190160863101; 0,41034058341756463; 0,44020196329802275
0,6141958588602962; 0,9835072522982955; 0,6350228153169155; 0,6687261452898383; 0,327696711756289; 0,5699910307303071; 0,7091351267881691; 0,5724117299541831; 0,8723597615025938; 0,09392849495634437; 0,8845425182953477
0,8508407542668844; 0,2411994868889451; 0,45856307353824377; 0,1943274261429906; 0,34619722655043006; 0,6138318348675966; 0,7892454159446061; 0,0037709749303758144; 0,35549918515607715; 0,9031075765378773; 0,4503567055799067
0,9636035393170637; 0,7894255644641817; 0,6238714391365647; 0,9121743398718536; 0,8103776066564023; 0,7277643987908959; 0,5804464221000671; 0,3704917011782527; 0,21687778271734715; 0,9771083574742079; 0,6873527537100017
0,9951552033940484; 0,20675693592056632; 0,1606121207587421; 0,8045337721705437; 0,815710449591279; 0,5833517014980316; 0,32636588905006647; 0,18940564803779125; 0,4526082407683134; 0,32772441441193223; 0,39415303710848093
0,7180284308795432; 0,6966475476510823; 0,18790280492976308; 0,30657501984387636; 0,07209576107561588; 0,10487499320879579; 0,9689934975467622; 0,4198775552213192; 0,868348041549325; 0,0545059023424983; 0,5423276126384735
-0,8240085948132873; 0,03480221005156636; 0,7165467012673616; 0,1093260683119297; 0,24536288250237703; 0,4378648176789284; 0,7281135134398937; 0,27826485922560096; 0,9707479435019195; 0,21141688292846084; 0,627929799258709
0,8760211714323946; 0,01837975950911641; 0,9166095154359937; 0,15285151731222868; 0,5246379915624857; 0,15263891452923417; 0,9773988402448595; 0,8400536165572703; 0,14390940172597766; 0,5965843512676656; 0,8309460636228323
0,9400568376743066; 0,4220563108101487; 0,9403255404904485; 0,6536025898531079; 0,7107829167507589; 0,5303047364577651; 0,7466953909024596; 0,5419774767942727; 0,5650305179879069; 0,02576463855803013; 0,5130218514241278
0,9996918321325308; 0,9445968666113913; 0,3064373233355582; 0,55175458220765; 0,6462636115029454; 0,8596921842545271; 0,03058172296732664; 0,4603116884827614; 0,366451860871166; 0,15592335490509868; 0,5047866278328001
0,8756561109479077; 0,2608707658946514; 0,3806782113388181; 0,07549664797261357; 0,3699486441910267; 0,3675014586187899; 0,6196961728855968; 0,06454443279653788; 0,9117829687893391; 0,07468103710561991; 0,6846256856806576
0,9815286839554379; 0,5630811350420117; 0,1726002753712237; 0,8029732145369053; 0,4939920944161713; 0,8686269959434867; 0,5600792290642858; 0,247663255315274; 0,953069613315165; 0,8680895380675793; 0,3517826031893492
0,9155891415973944; 0,3232186874374747; 0,26033278182148933; 0,2674164865165949; 0,42663047881796956; 0,7989070555195212; 0,6487027010880411; 0,28433666098862886; 0,5979078430682421; 0,4846405298449099; 0,31310295267030597
0,9534572350779877; 0,2919296412728727; 0,3177668312564492; 0,6544428770430386; 0,7924318234436214; 0,37023442704230547; 0,7785740424878895; 0,17477584118023515; 0,004648475907742977; 0,38627783209085464; 0,13267431734129786
0,9783062537173646; 0,990063180681318; 0,4722241908311844; 0,014397436287254095; 0,5830434998497367; 0,8059593262150884; 0,6667379476130009; 0,8324007759802043; 0,3258121139369905; 0,02591139590367675; 0,8414600202813745
-0,9736381650975355; 0,7650407068431377; 0,8271537199616432; 0,771443925332278; 0,3668289612978697; 0,32261359691619873; 0,5088306465186179; 0,6752123283222318; 0,7038297331891954; 0,3170786639675498; 0,774236521217972
0,9927503126846754; 0,7429056535474956; 0,479489189106971; 0,29363573528826237; 0,1858184696175158; 0,9101048759184778; 0,42447190871462226; 0,4771472020074725; 0,8533129352144897; 0,8381873453035951; 0,9160655178129673
0,9237056115932417; 0,6381971156224608; 0,9253993090242147; 0,6314958301372826; 0,3162049693055451; 0,9575282228179276; 0,18697460507974029; 0,7586607621051371; 0,017507221549749374; 0,9536889297887683; 0,21363436384126544
0,9758007733856926; 0,2861700179055333; 0,5867335624061525; 0,2711506951600313; 0,9669072008691728; 0,6723341871984303; 0,602553385309875; 0,5593380136415362; 0,25265581673011184; 0,11064933380112052; 0,5001975633203983
0,9699298593291624; 0,5312539101578295; 0,7225195206701756; 0,22355291107669473; 0,8682431424967945; 0,3350167563185096; 0,3335675816051662; 0,733073687646538; 0,2985428902320564; 0,022057486232370138; 0,4601430003531277
0,9912321457795745; 0,6023512943647802; 0,738472294062376; 0,5819293018430471; 0,7477437541820109; 0,7259222157299519; 0,37954895896837115; 0,246123727876693; 0,8774488330818713; 0,907002558466047; 0,8471144959330559
0,25208711222968694; 0,9076321977190673; 0,046833057422190905; 0,4067420423962176; 0,32105109095573425; 0,4374595461413264; 0,5581585876643658; 0,8996942695230246; 0,21702636498957872; 0,7001516036689281; 0,154586142860353
0,9819226819415325; 0,321730996016413; 0,11251120222732425; 0,28026015777140856; 0,9617466204799712; 0,2634192556142807; 0,19762667501345277; 0,5532164899632335; 0,8271940131671727; 0,9183858879841864; 0,3917283178307116
0,9458986335273258; 0,0796318887732923; 0,8183751488104463; 0,8792818170040846; 0,7734700958244503; 0,7711412031203508; 0,11505834199488163; 0,22141972975805402; 0,931352122221142; 0,40078289713710546; 0,8472661040723324
-0,2827401101752911; 0,592569837346673; 0,0659874458797276; 0,7285143635235727; 0,3164314045570791; 0,3278899132274091; 0,3996225385926664; 0,1372350980527699; 0,4933541468344629; 0,6634017596952617; 0,6362170339561999
0,9424679181657596; 0,5562207037582994; 0,5727125988341868; 0,6242901356890798; 0,7680748016573489; 0,4091547690331936; 0,06658938666805625; 0,019942881539463997; 0,769962321035564; 0,37048272090032697; 0,1823544385842979
0,9988980124649212; 0,9910670910030603; 0,857615475077182; 0,22703725937753916; 0,3860948751680553; 0,16695786966010928; 0,5822740406729281; 0,33683877484872937; 0,5541806719265878; 0,2837899555452168; 0,6368560837581754
0,9274486647009365; 0,1727834097109735; 0,3392399395816028; 0,17453285353258252; 0,7746049915440381; 0,21783424261957407; 0,6401950712315738; 0,9977272073738277; 0,3618139554746449; 0,45539877004921436; 0,7865674360655248
0,9329302853104707; 0,4373581293039024; 0,7987718628719449; 0,06704159453511238; 0,22853714041411877; 0,8796980762854218; 0,8120415448211133; 0,5724943820387125; 0,6346684638410807; 0,8635468347929418; 0,11163108190521598
0,46410420053553525; 0,9691012501716614; 0,5861614369787276; 0,7557339281775057; 0,2644090857356787; 0,01097501302137971; 0,8800483653321862; 0,6190280839800835; 0,3732175170443952; 0,15304429410025477; 0,5629359907470644
0,9886025234413043; 0,7959228032268584; 0,8016855292953551; 0,5159840197302401; 0,9410741506144404; 0,21159251453354955; 0,12934838561341166; 0,09780358523130417; 0,7251101024448872; 0,8457333319820464; 0,12337843235582113
0,9184702793271982; 0,29283190704882145; 0,9548106170259416; 0,1403610766865313; 0,5629508271813393; 0,38808296667411923; 0,8908594604581594; 0,6956679462455213; 0,8053544792346656; 0,4058322603814304; 0,9710987522266805
0,6920742889462539; 0,9447921235114336; 0,38607254484668374; 0,12710345908999443; 0,08709469297900796; 0,03376010758802295; 0,7794962837360799; 0,659104055725038; 0,8751793182455003; 0,8028438445180655; 0,3834393951110542
0,9856176413831117; 0,0731516620144248; 0,6759707583114505; 0,34807310812175274; 0,4480682872235775; 0,6924642869271338; 0,4955480480566621; 0,9874451360665262; 0,16980687621980906; 0,6916737048886716; 0,18248872365802526
0,9692341905953558; 0,6031703185290098; 0,4503911747597158; 0,30995798064395785; 0,8665929352864623; 0,049149587750434875; 0,09564460488036275; 0,6117987828329206; 0,5354726877994835; 0,17455503344535828; 0,8300028806552291
0,9596391503105739; 0,7433652426116168; 0,5725540611892939; 0,7634414043277502; 0,806823453400284; 0,09924563253298402; 0,11239664442837238; 0,3509575231000781; 0,785525047685951; 0,5679211816750467; 0,7373016448691487
0,9798573514764394; 0,15304425079375505; 0,18125468026846647; 0,6476483675651252; 0,8997617173008621; 0,6853171791881323; 0,7057315441779792; 0,44881180953234434; 0,1353598772548139; 0,04071270488202572; 0,9089465569704771
0,8824195139198442; 0,6939821965061128; 0,6467904532328248; 0,8114889063872397; 0,6392445927485824; 0,3298929180018604; 0,31877256790176034; 0,4526621284894645; 0,9904659851454198; 0,21416717115789652; 0,7475634068250656
0,8650821105965042; 0,7526425551623106; 0,2725969827733934; 0,9334715981967747; 0,3229421330615878; 0,9838453489355743; 0,9737047981470823; 0,6605132138356566; 0,5982098071835935; 0,5377197163179517; 0,33011246798560023
-0,7813811205827537; 0,27590941777452826; 0,9844911922700703; 0,2926123384386301; 0,04756535077467561; 0,26651850482448936; 0,5198807674460113; 0,5422816723585129; 0,9352338234893978; 0,49496019119396806; 0,303436734713614
0,4004318496316102; 0,31896604038774967; 0,8970788884907961; 0,21655327454209328; 0,042459218762815; 0,3907403079792857; 0,7177906599827111; 0,0012001735158264637; 0,998870468698442; 0,6547619719058275; 0,09726105444133282
0,8155984783868844; 0,425315797328949; 0,2413340862840414; 0,4134869915433228; 0,2572264540940523; 0,15490493457764387; 0,35745761962607503; 0,881457956507802; 0,4269651551730931; 0,4579988266341388; 0,2394046736881137
0,9225610691283719; 0,8940840787254274; 0,8910495671443641; 0,42143250489607453; 0,1060221353545785; 0,9208074561320245; 0,8125488935038447; 0,6350515014491975; 0,6081205764785409; 0,6303800414316356; 0,4102835156954825
0,0008338366479951103; 0,3683493845164776; 0,6651341519318521; 0,059382939245551825; 0,14320657681673765; 0,10918877553194761; 0,5076445969752967; 0,07651662034913898; 0,49290551571175456; 0,9805300561711192; 0,8600859893485904
0,41447303164280547; 0,482939500361681; 0,48820305336266756; 0,6523692240007222; 0,05964148556813598; 0,48417691932991147; 0,8188887778669596; 0,48172628972679377; 0,31805869238451123; 0,7006016131490469; 0,4675814458169043
-0,008632453615441167; 0,6185481739230454; 0,6772072091698647; 0,7945170965977013; 0,150110203307122; 0,4375169528648257; 0,21691141976043582; 0,8428619699552655; 0,6097516445443034; 0,8965150485746562; 0,9297469779849052
0,8603639536999121; 0,09114420972764492; 0,310250710695982; 0,7268044166266918; 0,29617529828101397; 0,9605933679267764; 0,8675469732843339; 0,10560928983613849; 0,7505841138772666; 0,4956373991444707; 0,11670533567667007
0,948810848903538; 0,3089146031998098; 0,7421742146834731; 0,8273753300309181; 0,7969583938829601; 0,17113236663863063; 0,4315838241018355; 0,7964277104474604; 0,17859723372384906; 0,4902939428575337; 0,9386556032113731
0,459068678388822; 0,1837523584254086; 0,7743190973997116; 0,6440974217839539; 0,03460473055019975; 0,4551647542975843; 0,49026935920119286; 0,766924608964473; 0,07618116401135921; 0,2938219499774277; 0,1427896055392921
0,9753357061056069; 0,28484016424044967; 0,37356975115835667; 0,6687517585232854; 0,8753130696713924; 0,9518268397077918; 0,7476572627201676; 0,5620273826643825; 0,7912924448028207; 0,43749763956293464; 0,8893794813193381
0,7032198667960322; 0,3984214337542653; 0,24642053479328752; 0,6864124475978315; 0,24796776194125414; 0,6778245260939002; 0,22388496901839972; 0,325401259586215; 0,7318722354248166; 0,22312948340550065; 0,5185719546861947
0,9171844360434902; 0,7355515165254474; 0,8502040454186499; 0,09919279953464866; 0,58260996080935; 0,2516039223410189; 0,6871182965114713; 0,5748075498268008; 0,15942988079041243; 0,12638938426971436; 0,7256689225323498
0,9880151607240526; 0,12486296147108078; 0,7094859234057367; 0,2986438972875476; 0,8697340190410614; 0,4758460931479931; 0,7937942412681878; 0,09765003342181444; 0,9440430272370577; 0,007475599646568298; 0,48217386147007346
-0,9733385682173771; 0,6202663127332926; 0,03364142496138811; 0,2749922452494502; 0,25764393992722034; 0,565471610520035; 0,4901258456520736; 0,08334632404148579; 0,9527119020931423; 0,462303405161947; 0,802770160138607
0,9547666129328053; 0,4064027643762529; 0,7356069507077336; 0,02959860023111105; 0,8439617059193552; 0,8795230132527649; 0,8501738379709423; 0,25241661444306374; 0,9642937616445124; 0,32832938618957996; 0,6705201622098684
0,762650242234374; 0,09586322959512472; 0,1947788936085999; 0,05772599671036005; 0,6108244769275188; 0,8376336824148893; 0,05601918324828148; 0,2213696683757007; 0,3220134312286973; 0,987893907353282; 0,28580092266201973
0,9928519613303324; 0,17800271976739168; 0,0158750475384295; 0,804034455679357; 0,8324185255914927; 0,45546417869627476; 0,9495674264617264; 0,58682995242998; 0,5359857864677906; 0,21274748863652349; 0,4488988979719579
0,9766711732451194; 0,212684141471982; 0,05306151742115617; 0,5569761777296662; 0,6410265285521746; 0,0017642946913838387; 0,6514386124908924; 0,525835033506155; 0,9432011679746211; 0,4234168748371303; 0,9348255200311542
0,9998103028996528; 0,5014110300689936; 0,8651180807501078; 0,5985661083832383; 0,9484381503425539; 0,5672973389737308; 0,5599846877157688; 0,7935107718221843; 0,37412322545424104; 0,11158762685954571; 0,2924281102605164
0,964215903364927; 0,6094476063735783; 0,9686372471041977; 0,38648795057088137; 0,8010045345872641; 0,467307822778821; 0,271612458396703; 0,6304053049534559; 0,10065398691222072; 0,39445745246484876; 0,38798516476526856
0,9782504263960563; 0,8259221622720361; 0,9071800862438977; 0,32893971307203174; 0,6304362630471587; 0,06130459671840072; 0,004407116677612066; 0,9953378457576036; 0,48443044163286686; 0,997852788772434; 0,9718801332637668
0,9732443099193464; 0,4540761583484709; 0,08321640035137534; 0,4390499363653362; 0,8757022162899375; 0,4032085514627397; 0,12233221810311079; 0,26154631981626153; 0,8218303686007857; 0,44381715217605233; 0,9024852099828422
0,9996273480956829; 0,0019888184033334255; 0,7886410211212933; 0,28506792057305574; 0,8963037393987179; 0,9661087947897613; 0,11075471108779311; 0,5177243198268116; 0,7576000071130693; 0,6328096799552441; 0,4344363738782704
0,5635617322223379; 0,6555708567611873; 0,9644726775586605; 0,6631256518885493; 0,49567173374816775; 0,2613186948001385; 0,534093510825187; 0,2073918324895203; 0,41043622232973576; 0,02286865981295705; 0,3707748167216778
0,9992583723873703; 0,8377700033597648; 0,17713741585612297; 0,9905083328485489; 0,9832372874952853; 0,9261720799840987; 0,026101915165781975; 0,46068347059190273; 0,14661999745294452; 0,02088899351656437; 0,46264479449018836
0,9692292418674318; 0,47411208786070347; 0,10424462286755443; 0,8473662901669741; 0,8187144473195076; 0,32051752926781774; 0,21854261541739106; 0,5365566988475621; 0,884980077855289; 0,8545645214617252; 0,4993768543936312
0,9980529969840894; 0,16367672849446535; 0,7288397792726755; 0,27054003393277526; 0,5081987744197249; 0,6225137179717422; 0,5513937994837761; 0,8510017092339694; 0,5666223410516977; 0,9037600592710078; 0,1665023909881711
-0,049534828579426156; 0,17088582878932357; 0,7894595265388489; 0,7960651498287916; 0,1238436889834702; 0,7997204842977226; 0,8420785581693053; 0,29156392673030496; 0,958665450103581; 0,9143741568550467; 0,6813483661971986
0,9090671396332065; 0,984087451826781; 0,3432788955979049; 0,12051343219354749; 0,8426526724360883; 0,26944020204246044; 0,10260871611535549; 0,7927734153345227; 0,8630843926221132; 0,284642422106117; 0,4653460206463933
0,8925651063701103; 0,1448680809698999; 0,3805441642180085; 0,8538263766095042; 0,6701884940266609; 0,24820529809221625; 0,01720856223255396; 0,4859544616192579; 0,3637645347043872; 0,1951648723334074; 0,041348167695105076
0,994462651622097; 0,2955012796446681; 0,9159452524036169; 0,4124681195244193; 0,804682269692421; 0,6639448800124228; 0,6002291101031005; 0,30077067110687494; 0,49002760322764516; 0,09260242711752653; 0,7897075768560171
0,9828589261195368; 0,48473514383658767; 0,5746566439047456; 0,13401660323143005; 0,7296212813816965; 0,4836205583997071; 0,051540068350732327; 0,34531307639554143; 0,6327204732224345; 0,6847596610896289; 0,18426137045025826
0,9902336368728025; 0,26816962799057364; 0,16774623235687613; 0,8992461408488452; 0,5875329915434122; 0,89701784029603; 0,2720350753515959; 0,020094885490834713; 0,8432794059626758; 0,14064539317041636; 0,2557635479606688
0,2005944061128597; 0,38669045455753803; 0,740300502628088; 0,5707190376706421; 0,11788782151415944; 0,5484976531006396; 0,07364825578406453; 0,33452727226540446; 0,14778029825538397; 0,9838347644545138; 0,23885468346998096
0,9846666722821544; 0,45869961753487587; 0,9622334716841578; 0,9075549887493253; 0,975669794715941; 0,9023961187340319; 0,716567886993289; 0,9504649573937058; 0,13162000197917223; 0,860261210706085; 0,927910843398422
0,6151330599757233; 0,5780492108315229; 0,23895426327362657; 0,19426750671118498; 0,5000617420300841; 0,7928359163925052; 0,5912618157453835; 0,47689407085999846; 0,8591158767230809; 0,664851700887084; 0,8531336528249085
0,1897242763348272; 0,05252295779064298; 0,6801143945194781; 0,597097409889102; 0,4567403099499643; 0,9108056714758277; 0,5959522370249033; 0,8517014314420521; 0,7832148768939078; 0,45869077183306217; 0,4316094513051212
0,9891647500740103; 0,9851254131644964; 0,20053189247846603; 0,1258673146367073; 0,626513353548944; 0,829247229732573; 0,3395327632315457; 0,6896478328853846; 0,03210572339594364; 0,5691915079951286; 0,6040503890253603
0,08707937133243596; 0,3004781985655427; 0,5184595445170999; 0,6266714469529688; 0,13309813803061843; 0,06174175860360265; 0,27006596606224775; 0,5344756711274385; 0,24889468681067228; 0,2595642856322229; 0,11848391545936465
0,9943735852171369; 0,04971582256257534; 0,562273713760078; 0,3560699285008013; 0,8846997185610235; 0,24787413980811834; 0,2260654466226697; 0,3502336894161999; 0,4008535551838577; 0,9848506925627589; 0,24762572860345244
0,984388907017552; 0,1308651571162045; 0,7040925459004939; 0,6885287603363395; 0,6759336711838841; 0,5610839067958295; 0,7523003853857517; 0,41850943583995104; 0,5317687522619963; 0,11956428596749902; 0,41178919980302453
-0,3149052335256047; 0,09865930955857038; 0,6215587039478123; 0,3724974114447832; 0,43022799026221037; 0,4826984088867903; 0,09041617810726166; 0,5901286043226719; 0,8871449278667569; 0,03749494627118111; 0,19766030460596085
-0,9932976383015742; 0,19460456259548664; 0,05283699370920658; 0,8124200729653239; 0,19705698220059276; 0,5616536629386246; 0,7176997349597514; 0,680671461392194; 0,05881716450676322; 0,7667705668136477; 0,6709776157513261
-0,8814260205800754; 0,02651836397126317; 0,4907121863216162; 0,8782327743247151; 0,38317242870107293; 0,17122518690302968; 0,6770001202821732; 0,8243043646216393; 0,052616349421441555; 0,552276698872447; 0,3709347518160939
0,5600036240548494; 0,6286147437058389; 0,4346478106454015; 0,9480219716206193; 0,004238930065184832; 0,7737482977099717; 0,5027936734259129; 0,9959057462401688; 0,31693560676649213; 0,20948336133733392; 0,053207674995064735
0,9221099678219966; 0,4311755867674947; 0,16623894730582833; 0,10355902137234807; 0,9328158902935684; 0,5503151207230985; 0,820885416585952; 0,8727376414462924; 0,3478578240610659; 0,8748474786989391; 0,1306511778384447
-0,999809224784616; 0,6338510550558567; 0,5735970973037183; 0,9893550765700638; 0,3061514738947153; 0,7972667296417058; 0,8943636240437627; 0,1699586040340364; 0,6050877938978374; 0,6078929519280791; 0,8368305694311857
0,9478554173131414; 0,9326423443853855; 0,30372242210432887; 0,12807574588805437; 0,13587677897885442; 0,7533265044912696; 0,5442550461739302; 0,9038403825834394; 0,5131561700254679; 0,5727416942827404; 0,7285401057451963
0,9595771740364242; 0,30369281955063343; 0,24239034298807383; 0,333519471809268; 0,884819773491472; 0,34774963511154056; 0,050873447209596634; 0,33397310972213745; 0,6655515367165208; 0,7616537790745497; 0,9944839468225837
0,8197406106484546; 0,31394031178206205; 0,96176273887977; 0,9071866543963552; 0,6410165466368198; 0,03039198974147439; 0,25047293677926064; 0,26250041369348764; 0,16423669317737222; 0,07743429113179445; 0,6467140465974808
0,9382498029216583; 0,49889956740662456; 0,06100541166961193; 0,5315586784854531; 0,33271429175511; 0,579435434192419; 0,41534273652359843; 0,2645294279791415; 0,44426871556788683; 0,2963643711991608; 0,7433845512568951
0,9116849331394192; 0,24192269146442413; 0,5633812509477139; 0,18384539987891912; 0,8829725300893188; 0,6661091726273298; 0,956640874966979; 0,35042133275419474; 0,9137008828110993; 0,45309619372710586; 0,7052466259337962
0,9997171564224069; 0,27143931947648525; 0,9310069959610701; 0,42503283359110355; 0,5038905180990696; 0,1769748837687075; 0,4435744700022042; 0,41709653101861477; 0,11156831122934818; 0,25127929681912065; 0,25038315216079354
-0,8873956680911375; 0,11412529414519668; 0,48518063221126795; 0,6328382077626884; 0,169701574370265; 0,5523219555616379; 0,3394825318828225; 0,9735849816352129; 0,36947078071534634; 0,9594394532032311; 0,8828092790208757
-0,9208893569169775; 0,9929290330037475; 0,04807146638631821; 0,09129335545003414; 0,038832380436360836; 0,4472105889581144; 0,04696886986494064; 0,8855702262371778; 0,42802647314965725; 0,9857657458633184; 0,7552364217117429
0,8522833425097074; 0,525194956921041; 0,4460515114478767; 0,3414455624297261; 0,18413233757019043; 0,19199550617486238; 0,7561627998948097; 0,813049569260329; 0,891879168804735; 0,880886425729841; 0,7474630856886506
0,8414120908515876; 0,3112237164750695; 0,226563127245754; 0,8330206507816911; 0,6544020744040608; 0,546325443778187; 0,6941778799518943; 0,38521758280694485; 0,947942225728184; 0,6561931963078678; 0,732246546074748
0,9918977972739853; 0,205377746373415; 0,6409314121119678; 0,8773554237559438; 0,9956419682130218; 0,3390958574600518; 0,32610535249114037; 0,37976104533299804; 0,5472019854933023; 0,6761644752696157; 0,14043325278908014
0,769691443385178; 0,5088338162750006; 0,6411062078550458; 0,7520877192728221; 0,47160615120083094; 0,9222733760252595; 0,703483244869858; 0,20131438318639994; 0,5737566868774593; 0,6800914471969008; 0,6320821749977767
0,7060120626339341; 0,8499660207889974; 0,27477050852030516; 0,23034855024889112; 0,10573782026767731; 0,46914135152474046; 0,5168934371322393; 0,49478508485481143; 0,9072200078517199; 0,3661697618663311; 0,2537529314868152
-0,2628998852378777; 0,43190743448212743; 0,48111226269975305; 0,8018986438401043; 0,13986830925568938; 0,7787010110914707; 0,9227676009759307; 0,4106726166792214; 0,22646582685410976; 0,21962346229702234; 0,026464849710464478
0,6051529348140166; 0,37978513073176146; 0,5835641901940107; 0,39597425190731883; 0,31874142633751035; 0,9873682344332337; 0,2915871408767998; 0,8589848447591066; 0,2642915206961334; 0,6245124759152532; 0,9942606608383358
0,7844135859493866; 0,08977272547781467; 0,06463472219184041; 0,5608185366727412; 0,3055510954000056; 0,5109339384362102; 0,8017183281481266; 0,7998152710497379; 0,2762335524894297; 0,6292362697422504; 0,5283534848131239
-0,8720034228339436; 0,31163416849449277; 0,6889780266210437; 0,7363257892429829; 0,16723189689218998; 0,3689427603967488; 0,9074129601940513; 0,6668670019134879; 0,9863630360923707; 0,2322443937882781; 0,6954419519752264
0,11716653447967836; 0,6561076673679054; 0,2845410550944507; 0,8155612512491643; 0,1325650354847312; 0,20086138369515538; 0,7743604402057827; 0,32658156380057335; 0,04851276194676757; 0,38415905786678195; 0,27983676781877875
0,9967514363297769; 0,759634091053158; 0,5854854299686849; 0,2143860780633986; 0,4182564541697502; 0,07454061694443226; 0,5802657310850918; 0,6963619459420443; 0,31050012866035104; 0,9573103794828057; 0,008619218599051237
0,917171757594016; 0,5930487192235887; 0,24797284789383411; 0,34506228752434254; 0,9851972353644669; 0,9832119103521109; 0,10984733700752258; 0,9556392305530608; 0,6516825552098453; 0,7586402730084956; 0,15782603807747364
0,9997625991118397; 0,9775288016535342; 0,9755795728415251; 0,5391797036863863; 0,5986116887070239; 0,5961845451965928; 0,6115243793465197; 0,1691725361160934; 0,2771205045282841; 0,13447773596271873; 0,8515531336888671
-0,858068009465952; 0,5187455620616674; 0,2813325854949653; 0,012499785516411066; 0,1287901778705418; 0,7569425492547452; 0,6403286475688219; 0,22352886572480202; 0,8555850312113762; 0,175083810929209; 0,9154333872720599
-0,9801458323627725; 0,10572643717750907; 0,9883965463377535; 0,2626370214857161; 0,40228780871257186; 0,9781875750049949; 0,22996070701628923; 0,5944920391775668; 0,1167469504289329; 0,6958947288803756; 0,4866403960622847
-0,8283100362928743; 0,3816406545229256; 0,39188445219770074; 0,9051300226710737; 0,21981324162334204; 0,7561495387926698; 0,18898417567834258; 0,3878737734630704; 0,4664747747592628; 0,18166332738474011; 0,08192149177193642
0,9612290155537014; 0,16841155476868153; 0,040893491357564926; 0,18440182134509087; 0,9859954137355089; 0,24457536824047565; 0,5416491376236081; 0,014592976309359074; 0,6832860428839922; 0,45026490837335587; 0,7072625439614058
-0,8209682919685442; 0,33493155986070633; 0,6407763683237135; 0,9507947647944093; 0,24963306449353695; 0,6031150869093835; 0,444751585368067; 0,723578698001802; 0,7198034413158894; 0,053040250670164824; 0,6447214507497847
0,5359339016557494; 0,999180503655225; 0,4348444049246609; 0,7625413639470935; 0,01671423902735114; 0,658104573842138; 0,28705769684165716; 0,14227679139003158; 0,10167329339310527; 0,4972909768112004; 0,8221529894508421
0,8753789804131904; 0,5832688515074551; 0,7045904891565442; 0,7210009759292006; 0,6838354193605483; 0,7016509701497853; 0,023894305806607008; 0,13479717541486025; 0,9488530177623034; 0,7268192623741925; 0,3226810656487942
-0,43591140857394356; 0,38137306412681937; 0,823170077521354; 0,9298277730122209; 0,39390384685248137; 0,03627804899588227; 0,007018649484962225; 0,6559797623194754; 0,45660440484061837; 0,1906385626643896; 0,43584250984713435
0,14085419416945588; 0,7342829210683703; 0,9315914656035602; 0,6970046665519476; 0,2811212735250592; 0,20220083370804787; 0,22873278707265854; 0,9962669489905238; 0,01765461452305317; 0,17612213781103492; 0,3985612909309566
0,6818680493818449; 0,7633178778924048; 0,9369378415867686; 0,4450052506290376; 0,3364840280264616; 0,826803716365248; 0,8906329409219325; 0,7897638604044914; 0,5109780160710216; 0,10440930118784308; 0,9783295611850917
0,30730658901118335; 0,3722627772949636; 0,6557432091794908; 0,41066439682617784; 0,051826420705765486; 0,2181925205513835; 0,3989218454807997; 0,016476119868457317; 0,16658716881647706; 0,7779849553480744; 0,3642836073413491
-0,11244022392969014; 0,9022074132226408; 0,9021612829528749; 0,44293528236448765; 0,1326206661760807; 0,499499985948205; 0,21960734529420733; 0,41277690324932337; 0,8224906949326396; 0,3283466729335487; 0,6784851881675422
0,858156852166143; 0,596997254062444; 0,2421714263036847; 0,1129162353463471; 0,22206534538418055; 0,024600349832326174; 0,8004462523385882; 0,570295253302902; 0,39024935523048043; 0,01720520853996277; 0,5988228195346892
0,640603178645294; 0,9926837482489645; 0,650676810182631; 0,6198922228068113; 0,39296934148296714; 0,6227793344296515; 0,6866338257677853; 0,7282593701966107; 0,07524428376927972; 0,997967108618468; 0,40936002088710666
0,9999460779060911; 0,6670084893703461; 0,6255501895211637; 0,5326304528862238; 0,7467675497755408; 0,11626261658966541; 0,6096505615860224; 0,776651366148144; 0,09916882682591677; 0,12400792958214879; 0,07363869296386838
0,43519900077452156; 0,2525119138881564; 0,2529518408700824; 0,6573705701157451; 0,45971218729391694; 0,0648203520104289; 0,35765818506479263; 0,7212762115523219; 0,6937161423265934; 0,37632887763902545; 0,25435137934982777
0,9091658725822779; 0,8334060329943895; 0,8741985452361405; 0,0271361512131989; 0,6802876386791468; 0,6706644436344504; 0,18434831127524376; 0,7284923456609249; 0,18128731893375516; 0,002553356811404228; 0,6432065772823989
0,644396855256755; 0,9270834741182625; 0,5217446279712021; 0,74898900417611; 0,3223267961293459; 0,07878157030791044; 0,09676314238458872; 0,29237143602222204; 0,22357415687292814; 0,45459507405757904; 0,2747672311961651
0,9980661300685171; 0,796235709451139; 0,07051704358309507; 0,393156795296818; 0,6060216114856303; 0,8802923914045095; 0,5940530356019735; 0,8227246617898345; 0,41349957091733813; 0,37125820899382234; 0,34764312533661723
-0,6611372168939861; 0,4801298063248396; 0,7905126996338367; 0,7632708339951932; 0,38337882375344634; 0,3386799325235188; 0,39276453433558345; 0,5458128969185054; 0,7509646010585129; 0,041334486566483974; 0,06113749137148261
0,9852612205803978; 0,3413484897464514; 0,4369900971651077; 0,7648184974677861; 0,9763274323195219; 0,7274695639498532; 0,13215092197060585; 0,7291922410950065; 0,7807641942054033; 0,6490931557491422; 0,1381564373150468
0,09039145654829178; 0,9788776645436883; 0,24214748805388808; 0,8043053904548287; 0,11977252457290888; 0,3502440336160362; 0,5606625443324447; 0,4538763156160712; 0,13088409369811416; 0,2051302599720657; 0,523730983491987
-0,5191057681830419; 0,47741706389933825; 0,34132891381159425; 0,4710780796594918; 0,399579762481153; 0,8662323728203773; 0,5052909231744707; 0,24187477957457304; 0,048065667506307364; 0,8530971016734838; 0,560991938225925
0,456709448515342; 0,9301163298077881; 0,5719996686093509; 0,42733810655772686; 0,042153042275458574; 0,01972829969599843; 0,8868929026648402; 0,7463060510344803; 0,8781182528473437; 0,5114362854510546; 0,22680864110589027
-0,9788746985226892; 0,9199693482369184; 0,41042674146592617; 0,5077771577052772; 0,22793591022491455; 0,7843280988745391; 0,179385875351727; 0,25008231215178967; 0,6665804968215525; 0,1802825052291155; 0,3880968247540295
0,5641682707927177; 0,03546109516173601; 0,5432690065354109; 0,5775270564481616; 0,13942684698849916; 0,710569622926414; 0,6388230109587312; 0,966874735429883; 0,3683870560489595; 0,8320897496305406; 0,22405414003878832
0,9282590749166544; 0,9055742351338267; 0,8022175086662173; 0,02828912902623415; 0,8882803157903254; 0,5995480744168162; 0,6449426147155464; 0,3023862047120929; 0,6149207493290305; 0,8536756946705282; 0,6574453031644225
-0,7444890684657566; 0,6770945913158357; 0,41959090204909444; 0,8848463045433164; 0,22166637610644102; 0,1421719896607101; 0,11449684528633952; 0,8293233872391284; 0,08284437609836459; 0,10665973369032145; 0,4812589641660452
0,9958963739522948; 0,8537843963131309; 0,39581901766359806; 0,05508814984932542; 0,9160169716924429; 0,7409371454268694; 0,4768887273967266; 0,6557223591953516; 0,30083829816430807; 0,5003052041865885; 0,3197296652942896
0,9971027387005714; 0,10969996824860573; 0,30345116974785924; 0,42421101313084364; 0,9480306790210307; 0,26735907420516014; 0,4928516009822488; 0,8541409210301936; 0,7241608737967908; 0,44137374265119433; 0,3236437365412712
0,20049985934946268; 0,8094814517535269; 0,38351476192474365; 0,9871987076476216; 0,489810932893306; 0,3873461578041315; 0,4419714384712279; 0,27257533138617873; 0,09376924904063344; 0,19901892635971308; 0,4174316399730742
-0,2741549158248049; 0,08050634898245335; 0,029677799437195063; 0,6404418596066535; 0,18270762311294675; 0,8561806459911168; 0,10840727249160409; 0,15606787940487266; 0,14981691678985953; 0,5347884949296713; 0,5882865474559367
0,4614802762085163; 0,06809521047398448; 0,8983083185739815; 0,3226207015104592; 0,0459637176245451; 0,4308820101432502; 0,21737575065344572; 0,8709031934849918; 0,9615442524664104; 0,9148244811221957; 0,9529366362839937
0,9615712148023934; 0,6927041546441615; 0,47128592338413; 0,11154173547402024; 0,4460290940478444; 0,4144770996645093; 0,134671984706074; 0,3143485076725483; 0,33547818567603827; 0,8987904260866344; 0,04061407828703523
0,9287315064538254; 0,572804753202945; 0,7860057796351612; 0,5877606472931802; 0,6886679111048579; 0,22191539825871587; 0,304341996088624; 0,38051153905689716; 0,7056262944824994; 0,9637948959134519; 0,9396717851050198
0,9654516543159768; 0,8454278516583145; 0,4453711276873946; 0,36934140510857105; 0,8599461088888347; 0,41531486436724663; 0,02932112291455269; 0,19334553182125092; 0,7763942433521152; 0,23804507171735168; 0,21406005648896098
0,9463963813737224; 0,9951832145452499; 0,21438642218708992; 0,5606522667221725; 0,8634009812958539; 0,005886729806661606; 0,1503842524252832; 0,6211079615168273; 0,48490837309509516; 0,4530548886395991; 0,6639192081056535
0,9797091115595573; 0,1918546687811613; 0,3591341548599303; 0,9477298986166716; 0,9322882718406618; 0,20490908436477184; 0,9331798763014376; 0,9338764590211213; 0,3223932101391256; 0,7546457061544061; 0,0317320991307497
0,9144329772056123; 0,44651057152077556; 0,3874899698421359; 0,13257508538663387; 0,8314410126768053; 0,8230564198456705; 0,14503896376118064; 0,5310900681652129; 0,600481488276273; 0,8314894810318947; 0,9800130897201598
-0,1301938100400655; 0,8129002470523119; 0,5070602069608867; 0,7180322092026472; 0,36626104870811105; 0,36329617723822594; 0,6628232626244426; 0,5972548993304372; 0,8716544681228697; 0,5182655835524201; 0,35773388016968966
0,556241886066181; 0,9349249303340912; 0,07988082198426127; 0,9702128637582064; 0,006457538343966007; 0,34098369162529707; 0,8563711219467223; 0,8616342232562602; 0,8968370254151523; 0,904162828810513; 0,8919139956124127
0,9978889069749627; 0,6006997777149081; 0,769271747674793; 0,6074179615825415; 0,8657607203349471; 0,4976821430027485; 0,8038295330479741; 0,6686410405673087; 0,39338602405041456; 0,35213903011754155; 0,6571719660423696
0,8829930193926289; 0,38919755537062883; 0,6300017754547298; 0,8332942863926291; 0,6221616743132472; 0,9298709337599576; 0,439607301261276; 0,19791136216372252; 0,5106397066265345; 0,051136815920472145; 0,17737157782539725
0,9826061440415722; 0,301500943955034; 0,021909203846007586; 0,6965431356802583; 0,8735062852501869; 0,9173397268168628; 0,19210414960980415; 0,02538072085008025; 0,15654001431539655; 0,4557638857513666; 0,16105892136693
0,9853708986286294; 0,8299325276166201; 0,3978309901431203; 0,46458198642358184; 0,5289158490486443; 0,8783702184446156; 0,2797981156036258; 0,2755845575593412; 0,974357042927295; 0,9932029587216675; 0,7476864787749946
0,4892890878157336; 0,6110068708658218; 0,12188701145350933; 0,9570277817547321; 0,032830167561769485; 0,7630103486590087; 0,25785014033317566; 0,2845751838758588; 0,48823532834649086; 0,10896829981356859; 0,2892257119528949
0,937068579390334; 0,8009998425841331; 0,34187359642237425; 0,40070853009819984; 0,4689941550604999; 0,7743364009074867; 0,7264582221396267; 0,47267630510032177; 0,5035513988696039; 0,5646269982680678; 0,8802318992093205
0,9809807732025804; 0,5728730238042772; 0,34178058663383126; 0,6097242115065455; 0,7932702735997736; 0,403983224183321; 0,7802777718752623; 0,9293795856647193; 0,7215725840069354; 0,5210242373868823; 0,25051532313227654
0,818103116367948; 0,9527752455323935; 0,5506325559690595; 0,02681400580331683; 0,2875843904912472; 0,9508927795104682; 0,7995542488060892; 0,13227320555597544; 0,570201504509896; 0,0611505345441401; 0,7423489834181964
0,9999983422848165; 0,48174424888566136; 0,18434567702934146; 0,11268468108028173; 0,9631502022966743; 0,06493869284167886; 0,7078008577227592; 0,4337253263220191; 0,06617489503696561; 0,9924752051010728; 0,8495163712650537
-0,8567943731134966; 0,9516802141442895; 0,39239196199923754; 0,050275751389563084; 0,10370049998164177; 0,8840395854786038; 0,09661945840343833; 0,8882116251625121; 0,5956128858961165; 0,9729580194689333; 0,0009033833630383015
0,26244332973027124; 0,9258614499121904; 0,642699264921248; 0,7647375594824553; 0,10359872272238135; 0,8605266804806888; 0,2805875991471112; 0,6651280573569238; 0,6069444552995265; 0,11479998379945755; 0,9995488990098238
0,4933855857476422; 0,47869636258110404; 0,8936214619316161; 0,894162564072758; 0,03355938196182251; 0,17570267524570227; 0,9217993225902319; 0,19319756934419274; 0,5101359589025378; 0,470052479300648; 0,2961306204088032
0,933606896875854; 0,8165715308859944; 0,5702416216954589; 0,2642103177495301; 0,44490162329748273; 0,9641078184358776; 0,7369583025574684; 0,8911026413552463; 0,7352010821923614; 0,2044948898255825; 0,7593288770876825
0,9156954152442853; 0,8595209773629904; 0,8170207156799734; 0,16693637240678072; 0,9492629477754235; 0,38310502003878355; 0,9433662062510848; 0,2198598268441856; 0,8613638593815267; 0,14928114041686058; 0,8352343570441008
0,8291888049825333; 0,6571452929638326; 0,4015331491827965; 0,9772699773311615; 0,6288586757145822; 0,8627810371108353; 0,9263785947114229; 0,39229629561305046; 0,13611082592979074; 0,02582994569092989; 0,8213142701424658
0,5124623279365857; 0,8558642314746976; 0,22423870582133532; 0,848862701561302; 0,026955355424433947; 0,07695778086781502; 0,08779096743091941; 0,7150965961627662; 0,5179771864786744; 0,045603746082633734; 0,8429031288251281
0,8669779179442711; 0,8925022948533297; 0,689662897028029; 0,8679316667839885; 0,291295500472188; 0,4684369759634137; 0,668954570312053; 0,9492199164815247; 0,16781737934798002; 0,030575080309063196; 0,6636727508157492
0,9323634753742505; 0,35756678599864244; 0,7510751103982329; 0,3443841920234263; 0,7655849051661789; 0,8227220042608678; 0,1309001063928008; 0,20996897108852863; 0,11691909562796354; 0,12903453735634685; 0,08161732368171215
0,708050659972513; 0,14117323840036988; 0,29645398491993546; 0,15936587005853653; 0,10890334052965045; 0,12730246502906084; 0,2865977482870221; 0,004977460019290447; 0,074257074855268; 0,5161793930456042; 0,24612624291330576
0,8267376623814893; 0,06218984583392739; 0,03896868787705898; 0,6868021036498249; 0,5076826140284538; 0,8210101630538702; 0,08501539332792163; 0,16097901249304414; 0,07470143213868141; 0,6769268405623734; 0,6408257791772485
0,9156956766458472; 0,1362904952839017; 0,800823597703129; 0,21927890414372087; 0,9595765476115048; 0,7851585103198886; 0,07779095321893692; 0,2447766470722854; 0,9910359769128263; 0,2083109449595213; 0,46154544688761234
0,9451996905155505; 0,021621412597596645; 0,3598720249719918; 0,9617477995343506; 0,7457128413952887; 0,9920247606933117; 0,6449106778018177; 0,9791184673085809; 0,4904389609582722; 0,16605822509154677; 0,2815584810450673
-0,21067456769650367; 0,5601374991238117; 0,5966441719792783; 0,6458446374163032; 0,2971209706738591; 0,9162239609286189; 0,6177498488686979; 0,5427395356819034; 0,2806635033339262; 0,7574753928929567; 0,47120351903140545
0,4188534316586213; 0,45920549938455224; 0,9936138992197812; 0,4393372032791376; 0,06249398458749056; 0,03749797400087118; 0,10952334245666862; 0,683532552793622; 0,3640129994601011; 0,6202438524924219; 0,8060031831264496
-0,901916572255692; 0,7430198634974658; 0,6156924935057759; 0,25345299672335386; 0,24621200747787952; 0,2084775068797171; 0,3457485921680927; 0,04076035460457206; 0,04067823337391019; 0,7840178897604346; 0,526099368929863
-0,23352370438990508; 0,9633075087331235; 0,6979338238015771; 0,8177322838455439; 0,14690540358424187; 0,03805513819679618; 0,8972005317918956; 0,5103642428293824; 0,4823033115826547; 0,6131854774430394; 0,061483601573854685
0,9363442389813615; 0,7049584020860493; 0,05633864924311638; 0,3673895187675953; 0,7276862282305956; 0,8105434225872159; 0,6281993384473026; 0,5898726601153612; 0,37731093261390924; 0,31606044713407755; 0,48942052479833364
0,4415337885443383; 0,8983618523925543; 0,2429109923541546; 0,14232456078752875; 0,05180412484332919; 0,19072617683559656; 0,46058634016662836; 0,1673547956161201; 0,24911849619820714; 0,5812503173947334; 0,6560373827815056
0,9996974334965213; 0,20186401205137372; 0,24102402804419398; 0,8090272196568549; 0,9701874535530806; 0,630051321350038; 0,00918946648016572; 0,18422667356207967; 0,1557230264879763; 0,8719431660138071; 0,052054164465516806
-0,5286702969528636; 0,4093530187383294; 0,6461885198950768; 0,7751438021659851; 0,3201463744044304; 0,39032564451918006; 0,6352900355122983; 0,10908976942300797; 0,8829080536961555; 0,8863515607081354; 0,3203858439810574
0,834049894732849; 0,13642991613596678; 0,9458376211114228; 0,18122199876233935; 0,35303086368367076; 0,0638159578666091; 0,9444230194203556; 0,9772821795195341; 0,6281265150755644; 0,00701206224039197; 0,8650768026709557
0,9563490123376268; 0,36926478799432516; 0,6003868472762406; 0,7673935061320662; 0,7073557893745601; 0,6664143581874669; 0,6473443061113358; 0,9985970510169864; 0,8809923497028649; 0,6069953627884388; 0,9897617190144956
0,9377052351828475; 0,1344242412596941; 0,5271413959562778; 0,23948902310803533; 0,7887310185469687; 0,6558982725255191; 0,7104759919457138; 0,9446138865314424; 0,41636280342936516; 0,5431146691553295; 0,18888621777296066
0,9960176469358714; 0,3176452131010592; 0,5473448932170868; 0,29419252183288336; 0,6764449584297836; 0,45386190386489034; 0,05482369614765048; 0,7657750584185123; 0,19990826770663261; 0,7722552260383964; 0,5530538503080606
0,5802980813217824; 0,026293672155588865; 0,36445920355618; 0,052916212007403374; 0,1495770993642509; 0,9701325162313879; 0,8035457408986986; 0,6219769311137497; 0,9276464665308595; 0,7572330771945417; 0,6461231834255159
-0,9938209122356443; 0,9571992587298155; 0,7837611511349678; 0,8490057522431016; 0,2479003733024001; 0,5733297783881426; 0,4926152457483113; 0,3978505181148648; 0,9065458895638585; 0,3418834959156811; 0,7862072456628084
0,9888191697978668; 0,38068061228841543; 0,071129918564111; 0,40870492020621896; 0,5236233337782323; 0,27339979680255055; 0,9839863954111934; 0,5790434312075377; 0,4481428796425462; 0,8587438366375864; 0,08102351613342762
0,09522679228529897; 0,38064186787232757; 0,8500781804323196; 0,7155809826217592; 0,30418055783957243; 0,6277660462073982; 0,5539188012480736; 0,7199380132369697; 0,012199628166854382; 0,03741765534505248; 0,9072816879488528
0,988330225323775; 0,24225973850116134; 0,7577265556901693; 0,4117273511365056; 0,6141215595416725; 0,5272188978269696; 0,5817616609856486; 0,7944928673096001; 0,937030699569732; 0,838440875057131; 0,18756713112816215
0,9950063443650872; 0,896978513803333; 0,013013969641178846; 0,9550059251487255; 0,9037815439514816; 0,004070688039064407; 0,6442118464037776; 0,5453452849760652; 0,6133181867189705; 0,790664822794497; 0,21466135699301958
0,9720801998105728; 0,3780052699148655; 0,930013433098793; 0,42935360316187143; 0,9798462255857885; 0,7420080285519361; 0,9737472743727267; 0,7671162132173777; 0,528990276157856; 0,6030897963792086; 0,3745757075957954
0,6008922440180151; 0,5922748371958733; 0,3063585073687136; 0,9533256608992815; 0,5394774540327489; 0,9042717344127595; 0,7701310701668262; 0,34965754160657525; 0,0440325690433383; 0,12109108828008175; 0,8803311642259359
0,9963739768881299; 0,6322997696697712; 0,523475456982851; 0,4004990071989596; 0,42872579023241997; 0,24369440879672766; 0,6682719206437469; 0,9574025082401931; 0,6190678039565682; 0,7157635143958032; 0,5113610369153321
-0,06611569691168834; 0,7085270443931222; 0,9474584287963808; 0,6518144025467336; 0,38098104670643806; 0,7714010481722653; 0,32208591885864735; 0,12350137485191226; 0,2560881907120347; 0,3152660308405757; 0,6405416228808463
0,9946582586121365; 0,3237219047732651; 0,39283544989302754; 0,6247168057598174; 0,9107843497768044; 0,2533803773112595; 0,6338914162479341; 0,3392626391723752; 0,9653100077994168; 0,3560370304621756; 0,79830929543823
0,432089404520286; 0,333145210519433; 0,3403453594073653; 0,1465825578197837; 0,02740209875628352; 0,10691758384928107; 0,29618952749297023; 0,36417069425806403; 0,27232882659882307; 0,6625724802725017; 0,4805203303694725
0,4438897802598004; 0,9566248124465346; 0,039327575359493494; 0,31678231386467814; 0,18922081124037504; 0,9321794961579144; 0,4327856679446995; 0,9782372042536736; 0,2991959094069898; 0,7198690450750291; 0,5620406731031835
0,999650341501826; 0,10594738135114312; 0,58923698682338; 0,39770618034526706; 0,8930514357052743; 0,02174912765622139; 0,3281229012645781; 0,7123026344925165; 0,6718204319477081; 0,14521598583087325; 0,5374802397564054
0,9214001145322205; 0,9532113205641508; 0,7376309828832746; 0,9932542643509805; 0,7066488498821855; 0,4237658176571131; 0,4791852645576; 0,6697633215226233; 0,15849466249346733; 0,6017872169613838; 0,7483743247576058
0,9880798664438727; 0,7196046933531761; 0,03812824469059706; 0,9021378415636718; 0,9487057267688215; 0,5450057308189571; 0,5838340981863439; 0,9062059498392045; 0,9029184426181018; 0,28110170597210526; 0,38894785288721323
0,9961121277976698; 0,4239451913163066; 0,6529169366694987; 0,32577577512711287; 0,627778407651931; 0,9414087617769837; 0,47726167691871524; 0,09565005358308554; 0,036945038475096226; 0,9758968884125352; 0,9237805460579693
0,9713903951827578; 0,06568775791674852; 0,6946174688637257; 0,9193720105104148; 0,8755250326357782; 0,46155741391703486; 0,32913524098694324; 0,3773720730096102; 0,5705398665741086; 0,6292428621090949; 0,8973620058968663
0,7717895441412519; 0,37206563306972384; 0,7299922876991332; 0,6703626592643559; 0,5085035711526871; 0,12981696287170053; 0,6106843799352646; 0,8148905397392809; 0,2228320543654263; 0,7723026215098798; 0,9674722771160305
-0,15995360857959282; 0,7590608173049986; 0,6487315348349512; 0,80933693703264; 0,3518624654971063; 0,09161514043807983; 0,16973847430199385; 0,3776415982283652; 0,6532800905406475; 0,06357686221599579; 0,6419925908558071
0,8668892144186403; 0,675928246229887; 0,8811129620298743; 0,7710685795173049; 0,6731998766772449; 0,30345130851492286; 0,15882543101906776; 0,789789779111743; 0,816380999982357; 0,9161950098350644; 0,5157694881781936
